# Blockpost room-protocol capture, started 2026-08-23 02:50:26
# tx: <ms> tx hdr=0xNN op=0xNN <name> : <fields>    rx: <ms> rx len=N <hex>

13225,4 ==== CAPTURE ON ====
13230,2 # net: TcpClient.Connected = True
13276,3 tx hdr=0xF5 op=0x2D MOVE(x,y,z,rx,ry,state,tick) : 36,5 1 75,5 358,65 -0 b0 i297649757
13331,1 tx hdr=0xF5 op=0x2D MOVE(x,y,z,rx,ry,state,tick) : 36,5 1 75,5 359,85 358,2 b0 i297649812
13373,8 tx hdr=0xF5 op=0x2D MOVE(x,y,z,rx,ry,state,tick) : 36,5 1 75,5 0,9 357,3 b0 i297649854
13425,3 tx hdr=0xF5 op=0x2D MOVE(x,y,z,rx,ry,state,tick) : 36,5 1 75,5 2,55 356,25 b0 i297649906
13474,1 tx hdr=0xF5 op=0x2D MOVE(x,y,z,rx,ry,state,tick) : 36,5 1 75,5 3,15 355,8 b0 i297649955
13526,4 tx hdr=0xF5 op=0x2D MOVE(x,y,z,rx,ry,state,tick) : 36,5 1 75,5 4,35 354,9 b0 i297650007
13573,2 tx hdr=0xF5 op=0x2D MOVE(x,y,z,rx,ry,state,tick) : 36,5 1 75,5 4,65 354,75 b0 i297650054
13626,8 tx hdr=0xF5 op=0x2D MOVE(x,y,z,rx,ry,state,tick) : 36,5 1 75,5 5,1 354,45 b0 i297650107
13678,7 tx hdr=0xF5 op=0x2D MOVE(x,y,z,rx,ry,state,tick) : 36,5 1 75,5 6,15 353,7 b0 i297650159
13723,0 tx hdr=0xF5 op=0x2D MOVE(x,y,z,rx,ry,state,tick) : 36,5 1 75,5 8,4 352,35 b0 i297650204
13776,5 tx hdr=0xF5 op=0x2D MOVE(x,y,z,rx,ry,state,tick) : 36,5 1 75,5 10,05 351,3 b0 i297650257
13828,2 tx hdr=0xF5 op=0x2D MOVE(x,y,z,rx,ry,state,tick) : 36,5 1 75,5 10,5 351 b0 i297650309
13875,7 tx hdr=0xF5 op=0x2D MOVE(x,y,z,rx,ry,state,tick) : 36,5 1 75,5 10,65 350,7 b0 i297650356
13926,3 tx hdr=0xF5 op=0x2D MOVE(x,y,z,rx,ry,state,tick) : 36,5 1 75,5 10,65 350,7 b0 i297650407
13974,4 tx hdr=0xF5 op=0x2D MOVE(x,y,z,rx,ry,state,tick) : 36,5 1 75,5 10,65 350,7 b0 i297650455
14023,6 tx hdr=0xF5 op=0x2D MOVE(x,y,z,rx,ry,state,tick) : 36,465 1 75,713 10,65 350,7 b1 i297650504
14074,4 tx hdr=0xF5 op=0x2D MOVE(x,y,z,rx,ry,state,tick) : 36,409 1 76,054 10,65 350,7 b1 i297650555
14124,3 tx hdr=0xF5 op=0x2D MOVE(x,y,z,rx,ry,state,tick) : 36,341 1 76,472 10,8 350,85 b1 i297650605
14175,2 tx hdr=0xF5 op=0x2D MOVE(x,y,z,rx,ry,state,tick) : 36,266 1 76,936 10,8 350,85 b1 i297650656
14225,9 tx hdr=0xF5 op=0x2D MOVE(x,y,z,rx,ry,state,tick) : 36,189 1 77,428 10,65 351,45 b1 i297650707
14274,3 tx hdr=0xF5 op=0x2D MOVE(x,y,z,rx,ry,state,tick) : 36,111 1 77,937 10,5 351,6 b1 i297650755
14324,0 tx hdr=0xF5 op=0x2D MOVE(x,y,z,rx,ry,state,tick) : 36,035 0 78,456 10,5 352,05 b17 i297650805
14375,4 tx hdr=0xF5 op=0x2D MOVE(x,y,z,rx,ry,state,tick) : 35,996 0 78,716 10,5 352,2 b1 i297650856
14426,6 tx hdr=0xF5 op=0x2D MOVE(x,y,z,rx,ry,state,tick) : 35,959 0 78,979 10,5 352,2 b1 i297650907
14474,4 tx hdr=0xF5 op=0x2D MOVE(x,y,z,rx,ry,state,tick) : 35,921 0 79,243 10,8 351,9 b1 i297650955
14523,9 tx hdr=0xF5 op=0x2D MOVE(x,y,z,rx,ry,state,tick) : 35,88 0 79,508 11,4 349,95 b1 i297651004
14576,9 tx hdr=0xF5 op=0x2D MOVE(x,y,z,rx,ry,state,tick) : 35,821 0 79,77 11,7 341,7 b1 i297651057
14626,7 tx hdr=0xF5 op=0x2D MOVE(x,y,z,rx,ry,state,tick) : 35,827 0 80,026 11,7 337,95 b5 i297651107
14677,6 tx hdr=0xF5 op=0x2D MOVE(x,y,z,rx,ry,state,tick) : 35,864 0 80,283 10,5 332,25 b5 i297651158
14726,0 tx hdr=0xF5 op=0x2D MOVE(x,y,z,rx,ry,state,tick) : 35,907 0 80,543 9,45 326,85 b5 i297651207
14775,6 tx hdr=0xF5 op=0x2D MOVE(x,y,z,rx,ry,state,tick) : 35,951 1 80,806 9 324,3 b5 i297651256
14824,0 tx hdr=0xF5 op=0x2D MOVE(x,y,z,rx,ry,state,tick) : 36,033 1 81,335 8,25 322,8 b5 i297651305
14851,7 tx hdr=0xF5 op=0x0F slot/15 : b1
14875,7 tx hdr=0xF5 op=0x2D MOVE(x,y,z,rx,ry,state,tick) : 36,104 1 81,887 7,8 320,1 b5 i297651356
14923,2 tx hdr=0xF5 op=0x2D MOVE(x,y,z,rx,ry,state,tick) : 36,149 1 82,442 7,05 315,75 b5 i297651404
14974,5 tx hdr=0xF5 op=0x2D MOVE(x,y,z,rx,ry,state,tick) : 36,158 1 82,999 5,85 310,35 b5 i297651455
15029,6 tx hdr=0xF5 op=0x2D MOVE(x,y,z,rx,ry,state,tick) : 36,133 1 83,555 5,25 307,2 b5 i297651510
15082,2 tx hdr=0xF5 op=0x2D MOVE(x,y,z,rx,ry,state,tick) : 36,077 1 84,108 4,65 304,2 b5 i297651563
15126,1 tx hdr=0xF5 op=0x2D MOVE(x,y,z,rx,ry,state,tick) : 35,992 1 84,659 4,5 302,1 b5 i297651607
15181,6 tx hdr=0xF5 op=0x2D MOVE(x,y,z,rx,ry,state,tick) : 35,74 1 85,085 4,5 295,5 b1 i297651662
15228,5 tx hdr=0xF5 op=0x2D MOVE(x,y,z,rx,ry,state,tick) : 35,375 1 85,41 4,5 287,85 b1 i297651709
15282,9 tx hdr=0xF5 op=0x2D MOVE(x,y,z,rx,ry,state,tick) : 34,932 2 85,616 4,5 272,85 b1 i297651763
15323,9 tx hdr=0xF5 op=0x2D MOVE(x,y,z,rx,ry,state,tick) : 34,446 1 85,702 4,5 260,4 b17 i297651804
15351,1 tx hdr=0xF5 op=0x0F slot/15 : b2
15377,2 tx hdr=0xF5 op=0x2D MOVE(x,y,z,rx,ry,state,tick) : 33,968 1 85,787 4,05 251,25 b1 i297651801
15424,8 tx hdr=0xF5 op=0x2D MOVE(x,y,z,rx,ry,state,tick) : 33,473 1 85,767 4,05 251,25 b1 i297651848
15479,7 tx hdr=0xF5 op=0x2D MOVE(x,y,z,rx,ry,state,tick) : 32,968 1 85,684 4,05 251,25 b1 i297651903
15525,4 tx hdr=0xF5 op=0x2D MOVE(x,y,z,rx,ry,state,tick) : 32,456 1 85,564 4,05 251,25 b1 i297651949
15575,8 tx hdr=0xF5 op=0x2D MOVE(x,y,z,rx,ry,state,tick) : 31,941 1 85,421 4,05 251,25 b1 i297651999
15631,4 tx hdr=0xF5 op=0x2D MOVE(x,y,z,rx,ry,state,tick) : 31,424 1 85,265 4,05 251,25 b1 i297652055
15675,6 tx hdr=0xF5 op=0x2D MOVE(x,y,z,rx,ry,state,tick) : 30,906 1 85,095 4,05 249,9 b1 i297652099
15728,7 tx hdr=0xF5 op=0x2D MOVE(x,y,z,rx,ry,state,tick) : 30,4 1 84,894 4,95 243 b1 i297652152
15746,2 tx hdr=0xF5 op=0x0F slot/15 : b0
15776,7 tx hdr=0xF5 op=0x2D MOVE(x,y,z,rx,ry,state,tick) : 29,928 1 84,647 3,75 233,7 b1 i297652200
15825,5 tx hdr=0xF5 op=0x2D MOVE(x,y,z,rx,ry,state,tick) : 29,49 1 84,348 3,75 225,75 b1 i297652249
15882,9 tx hdr=0xF5 op=0x2D MOVE(x,y,z,rx,ry,state,tick) : 29,088 1 84,004 3,75 220,05 b1 i297652306
15923,8 tx hdr=0xF5 op=0x2D MOVE(x,y,z,rx,ry,state,tick) : 28,71 1 83,63 3,9 219,45 b1 i297652347
15985,1 tx hdr=0xF5 op=0x2D MOVE(x,y,z,rx,ry,state,tick) : 28,347 1 83,238 4,05 219 b1 i297652408
16031,8 tx hdr=0xF5 op=0x2D MOVE(x,y,z,rx,ry,state,tick) : 27,999 1 82,831 4,2 217,05 b1 i297652455
16078,4 tx hdr=0xF5 op=0x2D MOVE(x,y,z,rx,ry,state,tick) : 27,67 1 82,406 4,2 213,6 b1 i297652502
16134,2 tx hdr=0xF5 op=0x2D MOVE(x,y,z,rx,ry,state,tick) : 27,379 1 81,957 4,05 205,8 b1 i297652557
16175,7 tx hdr=0xF5 op=0x2D MOVE(x,y,z,rx,ry,state,tick) : 27,133 1 81,484 4,05 199,5 b1 i297652599
16226,6 tx hdr=0xF5 op=0x2D MOVE(x,y,z,rx,ry,state,tick) : 26,93 1 80,991 4,05 194,55 b1 i297652650
16283,0 tx hdr=0xF5 op=0x2D MOVE(x,y,z,rx,ry,state,tick) : 26,628 1 80,578 4,05 192 b5 i297652757
16334,1 tx hdr=0xF5 op=0x2D MOVE(x,y,z,rx,ry,state,tick) : 26,268 1 80,208 4,05 190,65 b5 i297652808
16377,3 tx hdr=0xF5 op=0x2D MOVE(x,y,z,rx,ry,state,tick) : 25,875 1 79,863 4,05 190,35 b5 i297652852
16433,9 tx hdr=0xF5 op=0x2D MOVE(x,y,z,rx,ry,state,tick) : 25,601 1 79,443 4,05 189,9 b1 i297652908
16483,9 tx hdr=0xF5 op=0x2D MOVE(x,y,z,rx,ry,state,tick) : 25,406 1 78,978 4,05 188,25 b1 i297652958
16525,7 tx hdr=0xF5 op=0x2D MOVE(x,y,z,rx,ry,state,tick) : 25,264 1 78,484 3,6 186,6 b1 i297653000
16570,6 tx hdr=0xF5 op=0x0F slot/15 : b2
16579,1 tx hdr=0xF5 op=0x2D MOVE(x,y,z,rx,ry,state,tick) : 25,165 1 77,962 3 183,45 b1 i297653053
16631,6 tx hdr=0xF5 op=0x2D MOVE(x,y,z,rx,ry,state,tick) : 25,11 1 77,43 1,95 178,5 b1 i297653106
16674,0 tx hdr=0xF5 op=0x2D MOVE(x,y,z,rx,ry,state,tick) : 25,086 1 76,89 1,8 177,75 b1 i297653148
16724,2 tx hdr=0xF5 op=0x2D MOVE(x,y,z,rx,ry,state,tick) : 25,082 1 76,347 1,8 177,45 b1 i297653198
17233,9 tx hdr=0xF5 op=0x42 req/66 :
18059,5 tx hdr=0xF5 op=0x42 req/66 :
18224,0 # net: TcpClient.Connected = True
18734,0 tx hdr=0xF5 op=0x0F slot/15 : b0
18748,7 tx hdr=0xF5 op=0x2D MOVE(x,y,z,rx,ry,state,tick) : 39,997 1 72,896 1,8 0 b1 i297655223
18806,2 tx hdr=0xF5 op=0x2D MOVE(x,y,z,rx,ry,state,tick) : 39,996 1 73,049 1,8 0 b1 i297655281
18849,1 tx hdr=0xF5 op=0x2D MOVE(x,y,z,rx,ry,state,tick) : 40,495 0 73,716 1,95 358,8 b17 i297655323
18912,2 tx hdr=0xF5 op=0x2D MOVE(x,y,z,rx,ry,state,tick) : 40,5 0 73,5 1,95 354,6 b17 i297655387
18955,5 tx hdr=0xF5 op=0x2D MOVE(x,y,z,rx,ry,state,tick) : 40,5 0 73,5 1,95 354,3 b1 i297655430
19001,1 tx hdr=0xF5 op=0x2D MOVE(x,y,z,rx,ry,state,tick) : 40,479 0 73,715 1,95 354,3 b17 i297655475
19049,7 tx hdr=0xF5 op=0x2D MOVE(x,y,z,rx,ry,state,tick) : 40,468 0 73,822 1,8 354,15 b1 i297655524
19102,0 tx hdr=0xF5 op=0x2D MOVE(x,y,z,rx,ry,state,tick) : 40,45 0 73,994 1,8 354,15 b1 i297655576
19154,1 tx hdr=0xF5 op=0x2D MOVE(x,y,z,rx,ry,state,tick) : 40,489 0 73,607 1,8 354 b1 i297655628
19201,0 tx hdr=0xF5 op=0x2D MOVE(x,y,z,rx,ry,state,tick) : 40,469 0 73,779 1,8 353,25 b1 i297655675
19260,0 tx hdr=0xF5 op=0x2D MOVE(x,y,z,rx,ry,state,tick) : 40,442 0 73,989 1,8 351,75 b1 i297655734
19306,5 tx hdr=0xF5 op=0x2D MOVE(x,y,z,rx,ry,state,tick) : 40,406 0 74,221 1,8 349,35 b1 i297655781
19352,0 tx hdr=0xF5 op=0x2D MOVE(x,y,z,rx,ry,state,tick) : 40,358 1 74,465 1,95 346,05 b1 i297655826
19404,0 tx hdr=0xF5 op=0x2D MOVE(x,y,z,rx,ry,state,tick) : 40,239 1 74,965 2,4 343,5 b1 i297655878
19458,5 tx hdr=0xF5 op=0x2D MOVE(x,y,z,rx,ry,state,tick) : 40,089 1 75,466 3,45 338,55 b1 i297655933
19472,3 tx hdr=0xF5 op=0x0F slot/15 : b2
19504,6 tx hdr=0xF5 op=0x2D MOVE(x,y,z,rx,ry,state,tick) : 39,884 1 75,961 4,05 329,1 b1 i297655978
19553,0 tx hdr=0xF5 op=0x2D MOVE(x,y,z,rx,ry,state,tick) : 39,605 1 76,413 4,05 314,7 b1 i297656027
19600,7 tx hdr=0xF5 op=0x2D MOVE(x,y,z,rx,ry,state,tick) : 39,254 1 76,806 4,05 303,6 b1 i297656074
19652,2 tx hdr=0xF5 op=0x2D MOVE(x,y,z,rx,ry,state,tick) : 38,852 1 77,149 4,2 299,4 b1 i297656126
19707,7 tx hdr=0xF5 op=0x2D MOVE(x,y,z,rx,ry,state,tick) : 38,419 1 77,463 4,2 299,4 b1 i297656181
19725,4 tx hdr=0xF5 op=0x04 HIT_REPORT(pos,seq,hits[]) :
19749,8 tx hdr=0xF5 op=0x2D MOVE(x,y,z,rx,ry,state,tick) : 37,968 1 77,76 4,2 299,4 b1 i297656223
19806,4 tx hdr=0xF5 op=0x2D MOVE(x,y,z,rx,ry,state,tick) : 37,505 1 78,046 4,2 299,4 b1 i297656280
19853,9 tx hdr=0xF5 op=0x2D MOVE(x,y,z,rx,ry,state,tick) : 37,036 1 78,325 4,35 299,25 b1 i297656328
19906,8 tx hdr=0xF5 op=0x2D MOVE(x,y,z,rx,ry,state,tick) : 36,559 0 78,595 5,7 297,75 b17 i297656381
19929,8 tx hdr=0xF5 op=0x04 HIT_REPORT(pos,seq,hits[]) :
19957,8 tx hdr=0xF5 op=0x2D MOVE(x,y,z,rx,ry,state,tick) : 36,321 0 78,73 6,9 293,25 b1 i297656431
20007,6 tx hdr=0xF5 op=0x2D MOVE(x,y,z,rx,ry,state,tick) : 36,13 0 78,909 7,8 288,75 b5 i297656481
20056,8 tx hdr=0xF5 op=0x2D MOVE(x,y,z,rx,ry,state,tick) : 35,957 0 79,111 8,85 283,2 b5 i297656531
20107,5 tx hdr=0xF5 op=0x2D MOVE(x,y,z,rx,ry,state,tick) : 35,788 0 79,32 9,15 278,85 b5 i297656581
20132,3 tx hdr=0xF5 op=0x04 HIT_REPORT(pos,seq,hits[]) :
20158,6 tx hdr=0xF5 op=0x2D MOVE(x,y,z,rx,ry,state,tick) : 35,614 0 79,528 9,15 273,6 b5 i297656632
20202,9 tx hdr=0xF5 op=0x2D MOVE(x,y,z,rx,ry,state,tick) : 35,43 0 79,73 9 268,8 b5 i297656677
20252,3 tx hdr=0xF5 op=0x2D MOVE(x,y,z,rx,ry,state,tick) : 35,43 0 79,92 8,25 264,3 b5 i297656726
20302,1 tx hdr=0xF5 op=0x2D MOVE(x,y,z,rx,ry,state,tick) : 35,43 0 80,095 7,05 258,9 b5 i297656776
20331,6 tx hdr=0xF5 op=0x04 HIT_REPORT(pos,seq,hits[]) :
20350,3 tx hdr=0xF5 op=0x2D MOVE(x,y,z,rx,ry,state,tick) : 35,43 0 80,253 6 253,35 b5 i297656824
20405,3 tx hdr=0xF5 op=0x2D MOVE(x,y,z,rx,ry,state,tick) : 35,43 0 80,389 4,65 247,05 b5 i297656879
20426,5 tx hdr=0xF5 op=0x0F slot/15 : b1
20457,0 tx hdr=0xF5 op=0x2D MOVE(x,y,z,rx,ry,state,tick) : 35,187 1 80,42 3,75 242,55 b1 i297656935
20501,6 tx hdr=0xF5 op=0x2D MOVE(x,y,z,rx,ry,state,tick) : 34,702 1 80,42 3,3 240 b1 i297656980
20558,0 tx hdr=0xF5 op=0x2D MOVE(x,y,z,rx,ry,state,tick) : 34,219 1 80,42 3,15 238,8 b1 i297657036
20600,7 tx hdr=0xF5 op=0x2D MOVE(x,y,z,rx,ry,state,tick) : 33,738 1 80,42 3,15 238,65 b1 i297657079
20651,2 tx hdr=0xF5 op=0x2D MOVE(x,y,z,rx,ry,state,tick) : 33,258 1 80,176 3,15 238,65 b1 i297657129
20700,8 tx hdr=0xF5 op=0x2D MOVE(x,y,z,rx,ry,state,tick) : 32,781 1 79,909 2,85 237,6 b1 i297657179
20752,7 tx hdr=0xF5 op=0x2D MOVE(x,y,z,rx,ry,state,tick) : 32,31 1 79,622 2,85 235,35 b1 i297657231
20802,7 tx hdr=0xF5 op=0x2D MOVE(x,y,z,rx,ry,state,tick) : 31,858 1 79,304 2,85 229,5 b1 i297657281
20854,4 tx hdr=0xF5 op=0x2D MOVE(x,y,z,rx,ry,state,tick) : 31,445 1 78,939 2,85 219 b1 i297657332
20899,3 tx hdr=0xF5 op=0x2D MOVE(x,y,z,rx,ry,state,tick) : 31,089 1 78,525 2,85 209,1 b1 i297657377
20954,8 tx hdr=0xF5 op=0x2D MOVE(x,y,z,rx,ry,state,tick) : 30,782 1 78,072 2,85 204,45 b1 i297657433
21009,0 tx hdr=0xF5 op=0x2D MOVE(x,y,z,rx,ry,state,tick) : 30,511 1 77,594 2,85 202,8 b1 i297657487
21055,4 tx hdr=0xF5 op=0x2D MOVE(x,y,z,rx,ry,state,tick) : 30,267 2 77,098 2,85 201,3 b1 i297657533
21101,8 tx hdr=0xF5 op=0x2D MOVE(x,y,z,rx,ry,state,tick) : 30,049 1 76,589 2,85 198,75 b17 i297657580
21154,4 tx hdr=0xF5 op=0x2D MOVE(x,y,z,rx,ry,state,tick) : 29,831 1 76,589 2,85 197,25 b1 i297657632
21201,1 tx hdr=0xF5 op=0x2D MOVE(x,y,z,rx,ry,state,tick) : 29,649 1 76,589 2,85 193,2 b1 i297657679
21254,1 tx hdr=0xF5 op=0x2D MOVE(x,y,z,rx,ry,state,tick) : 29,504 1 76,589 2,85 189 b1 i297657732
21301,8 tx hdr=0xF5 op=0x2D MOVE(x,y,z,rx,ry,state,tick) : 29,504 1 76,589 2,85 185,55 b1 i297657780
21353,4 tx hdr=0xF5 op=0x2D MOVE(x,y,z,rx,ry,state,tick) : 29,425 1 76,589 2,85 183,75 b1 i297657831
21404,4 tx hdr=0xF5 op=0x2D MOVE(x,y,z,rx,ry,state,tick) : 29,425 1 76,589 2,85 182,55 b1 i297657882
21463,6 tx hdr=0xF5 op=0x2D MOVE(x,y,z,rx,ry,state,tick) : 29,425 1 76,589 2,85 179,1 b1 i297657942
21503,2 tx hdr=0xF5 op=0x2D MOVE(x,y,z,rx,ry,state,tick) : 29,456 1 76,589 2,85 167,1 b1 i297657982
21557,9 tx hdr=0xF5 op=0x2D MOVE(x,y,z,rx,ry,state,tick) : 29,583 1 76,589 2,85 151,05 b1 i297658037
21610,6 tx hdr=0xF5 op=0x2D MOVE(x,y,z,rx,ry,state,tick) : 29,824 1 76,589 2,85 132,75 b1 i297658089
21649,3 tx hdr=0xF5 op=0x2D MOVE(x,y,z,rx,ry,state,tick) : 30,147 1 76,589 3,45 127,2 b1 i297658128
21702,7 tx hdr=0xF5 op=0x2D MOVE(x,y,z,rx,ry,state,tick) : 30,506 2 76,188 3,6 132,45 b1 i297658182
21757,1 tx hdr=0xF5 op=0x2D MOVE(x,y,z,rx,ry,state,tick) : 30,506 2 75,786 2,85 135,9 b1 i297658236
21804,5 tx hdr=0xF5 op=0x2D MOVE(x,y,z,rx,ry,state,tick) : 30,506 2 75,385 2,85 135,9 b1 i297658283
21857,0 tx hdr=0xF5 op=0x2D MOVE(x,y,z,rx,ry,state,tick) : 30,506 2 74,983 2,85 135,9 b1 i297658336
21907,9 tx hdr=0xF5 op=0x2D MOVE(x,y,z,rx,ry,state,tick) : 30,506 1 74,517 2,85 135,9 b21 i297658387
21959,7 tx hdr=0xF5 op=0x2D MOVE(x,y,z,rx,ry,state,tick) : 30,506 1 74,052 3,6 139,95 b5 i297658438
22008,5 tx hdr=0xF5 op=0x2D MOVE(x,y,z,rx,ry,state,tick) : 30,587 1 73,556 5,25 149,25 b5 i297658487
22062,2 tx hdr=0xF5 op=0x2D MOVE(x,y,z,rx,ry,state,tick) : 30,576 1 73,042 5,4 150,3 b5 i297658541
22102,0 tx hdr=0xF5 op=0x2D MOVE(x,y,z,rx,ry,state,tick) : 30,486 1 72,526 7,35 156,9 b5 i297658581
22150,2 tx hdr=0xF5 op=0x2D MOVE(x,y,z,rx,ry,state,tick) : 30,281 1 72,051 10,65 177,3 b5 i297658629
22201,3 tx hdr=0xF5 op=0x2D MOVE(x,y,z,rx,ry,state,tick) : 29,953 1 71,677 9,45 201,6 b5 i297658680
22251,4 tx hdr=0xF5 op=0x2D MOVE(x,y,z,rx,ry,state,tick) : 29,536 1 71,407 7,8 213,3 b5 i297658730
22305,0 tx hdr=0xF5 op=0x2D MOVE(x,y,z,rx,ry,state,tick) : 29,145 1 71,071 6,45 219,15 b1 i297658784
22351,0 tx hdr=0xF5 op=0x2D MOVE(x,y,z,rx,ry,state,tick) : 28,768 1 70,697 6,15 219,6 b1 i297658830
22402,9 tx hdr=0xF5 op=0x2D MOVE(x,y,z,rx,ry,state,tick) : 28,397 1 70,301 5,4 220,05 b1 i297658882
22452,6 tx hdr=0xF5 op=0x2D MOVE(x,y,z,rx,ry,state,tick) : 28,031 1 69,892 4,65 219,75 b1 i297658932
22500,9 tx hdr=0xF5 op=0x2D MOVE(x,y,z,rx,ry,state,tick) : 27,591 1 69,607 3,3 214,95 b5 i297658980
22552,6 tx hdr=0xF5 op=0x2D MOVE(x,y,z,rx,ry,state,tick) : 27,137 1 69,318 3,3 193,2 b5 i297659032
22602,4 tx hdr=0xF5 op=0x2D MOVE(x,y,z,rx,ry,state,tick) : 26,742 1 68,957 3,3 168,3 b5 i297659082
22650,1 tx hdr=0xF5 op=0x2D MOVE(x,y,z,rx,ry,state,tick) : 26,426 1 68,531 3,3 155,55 b5 i297659130
22701,0 tx hdr=0xF5 op=0x2D MOVE(x,y,z,rx,ry,state,tick) : 26,167 1 68,062 2,85 153 b5 i297659181
22750,2 tx hdr=0xF5 op=0x2D MOVE(x,y,z,rx,ry,state,tick) : 25,943 1 67,568 2,7 152,7 b5 i297659230
22801,9 tx hdr=0xF5 op=0x2D MOVE(x,y,z,rx,ry,state,tick) : 25,749 1 67,055 2,1 150,75 b5 i297659281
22825,8 tx hdr=0xF5 op=0x0F slot/15 : b0
22853,3 tx hdr=0xF5 op=0x2D MOVE(x,y,z,rx,ry,state,tick) : 25,457 1 66,637 1,2 145,8 b4 i297659333
22899,7 tx hdr=0xF5 op=0x2D MOVE(x,y,z,rx,ry,state,tick) : 25,112 1 66,254 0,45 142,2 b4 i297659379
22949,8 tx hdr=0xF5 op=0x2D MOVE(x,y,z,rx,ry,state,tick) : 24,747 1 65,877 0,45 136,8 b4 i297659429
23000,5 tx hdr=0xF5 op=0x2D MOVE(x,y,z,rx,ry,state,tick) : 24,39 1 65,484 0,45 129,6 b4 i297659480
23052,9 tx hdr=0xF5 op=0x2D MOVE(x,y,z,rx,ry,state,tick) : 24,055 1 65,069 0,45 124,05 b4 i297659533
23103,1 tx hdr=0xF5 op=0x2D MOVE(x,y,z,rx,ry,state,tick) : 23,747 1 64,633 0,45 120 b4 i297659583
23153,5 tx hdr=0xF5 op=0x2D MOVE(x,y,z,rx,ry,state,tick) : 23,464 1 64,179 0,45 116,85 b4 i297659633
23200,7 tx hdr=0xF5 op=0x2D MOVE(x,y,z,rx,ry,state,tick) : 23,214 1 63,705 0,45 111,75 b4 i297659680
23232,6 # net: TcpClient.Connected = True
23253,8 tx hdr=0xF5 op=0x2D MOVE(x,y,z,rx,ry,state,tick) : 23,011 1 63,212 0,45 104,1 b4 i297659733
23303,4 tx hdr=0xF5 op=0x2D MOVE(x,y,z,rx,ry,state,tick) : 22,888 1 62,7 0,45 90,45 b4 i297659783
23355,2 tx hdr=0xF5 op=0x2D MOVE(x,y,z,rx,ry,state,tick) : 22,841 1 62,178 0,45 82,8 b4 i297659835
23366,0 tx hdr=0xF5 op=0x65 ? :
23403,1 tx hdr=0xF5 op=0x2D MOVE(x,y,z,rx,ry,state,tick) : 22,873 1 61,658 0,45 73,95 b4 i297659883
23452,8 tx hdr=0xF5 op=0x2D MOVE(x,y,z,rx,ry,state,tick) : 22,983 1 61,15 0,45 65,1 b4 i297659934
23500,1 tx hdr=0xF5 op=0x2D MOVE(x,y,z,rx,ry,state,tick) : 23,183 1 60,675 0,45 51,6 b4 i297659982
23552,0 tx hdr=0xF5 op=0x2D MOVE(x,y,z,rx,ry,state,tick) : 23,477 1 60,263 0,45 36,3 b4 i297660033
23604,5 tx hdr=0xF5 op=0x2D MOVE(x,y,z,rx,ry,state,tick) : 23,854 1 59,935 0,45 22,05 b4 i297660086
23659,9 tx hdr=0xF5 op=0x2D MOVE(x,y,z,rx,ry,state,tick) : 24,286 1 59,802 4,041 342,717 b4 i297660141
23666,6 tx hdr=0xF5 op=0x06 int3/6 : s16 s1 s81
23666,7 tx hdr=0xF5 op=0x04 HIT_REPORT(pos,seq,hits[]) :
23700,0 tx hdr=0xF5 op=0x2D MOVE(x,y,z,rx,ry,state,tick) : 24,752 1 59,786 3,875 342,598 b4 i297660181
23752,0 tx hdr=0xF5 op=0x2D MOVE(x,y,z,rx,ry,state,tick) : 25,235 1 59,847 3,949 341,048 b4 i297660233
23783,5 tx hdr=0xF5 op=0x04 HIT_REPORT(pos,seq,hits[]) : 24,959 3,38 59,813 i297660265 b0 b1 19,05 2,263 77,494
23800,1 tx hdr=0xF5 op=0x2D MOVE(x,y,z,rx,ry,state,tick) : 25,728 1 59,958 3,807 339,848 b4 i297660282
23858,5 tx hdr=0xF5 op=0x2D MOVE(x,y,z,rx,ry,state,tick) : 26,224 1 60,106 4,009 338,14 b4 i297660340
23901,0 tx hdr=0xF5 op=0x04 HIT_REPORT(pos,seq,hits[]) : 26,192 3,408 60,095 i297660382 b0 b1 18,985 2,117 76,668
23901,2 tx hdr=0xF5 op=0x2D MOVE(x,y,z,rx,ry,state,tick) : 26,72 1 60,28 4,136 336,563 b4 i297660383
23950,2 tx hdr=0xF5 op=0x2D MOVE(x,y,z,rx,ry,state,tick) : 26,926 1 60,58 3,408 334,806 b1 i297660432
24002,9 tx hdr=0xF5 op=0x2D MOVE(x,y,z,rx,ry,state,tick) : 26,953 1 60,953 2,564 333,432 b1 i297660484
24030,2 tx hdr=0xF5 op=0x06 int3/6 : s17 s2 s81
24030,3 tx hdr=0xF5 op=0x04 HIT_REPORT(pos,seq,hits[]) :
24059,7 tx hdr=0xF5 op=0x2D MOVE(x,y,z,rx,ry,state,tick) : 26,869 1 61,368 1,831 332,413 b1 i297660541
24109,2 tx hdr=0xF5 op=0x2D MOVE(x,y,z,rx,ry,state,tick) : 26,716 1 61,807 1,687 331,692 b1 i297660591
24149,7 tx hdr=0xF5 op=0x04 HIT_REPORT(pos,seq,hits[]) : 26,738 3,397 61,758 i297660631 b0 b0 19,248 2,597 74,454
24149,9 tx hdr=0xF5 op=0x2D MOVE(x,y,z,rx,ry,state,tick) : 26,52 1 62,26 1,669 331,157 b1 i297660631
24200,9 tx hdr=0xF5 op=0x2D MOVE(x,y,z,rx,ry,state,tick) : 26,296 1 62,72 1,568 330,543 b1 i297660682
24250,7 tx hdr=0xF5 op=0x2D MOVE(x,y,z,rx,ry,state,tick) : 26,053 1 63,182 1,764 329,612 b1 i297660732
24275,6 tx hdr=0xF5 op=0x04 HIT_REPORT(pos,seq,hits[]) : 26,221 3,417 62,871 i297660757 b0 b1 20,016 3,278 73,406
24300,5 tx hdr=0xF5 op=0x2D MOVE(x,y,z,rx,ry,state,tick) : 25,794 1 63,644 1,69 328,621 b1 i297660782
24350,0 tx hdr=0xF5 op=0x2D MOVE(x,y,z,rx,ry,state,tick) : 25,523 1 64,103 1,831 327,545 b1 i297660831
24397,9 tx hdr=0xF5 op=0x04 HIT_REPORT(pos,seq,hits[]) : 25,566 3,386 64,034 i297660879 b0 b0 20,176 2,881 72,256
24403,4 tx hdr=0xF5 op=0x2D MOVE(x,y,z,rx,ry,state,tick) : 25,239 1 64,558 1,848 325,861 b1 i297660885
24451,9 tx hdr=0xF5 op=0x2D MOVE(x,y,z,rx,ry,state,tick) : 24,945 1 65,007 2,214 324,961 b1 i297660933
24502,1 tx hdr=0xF5 op=0x2D MOVE(x,y,z,rx,ry,state,tick) : 24,643 1 65,453 2,659 324,674 b1 i297660983
24518,1 tx hdr=0xF5 op=0x04 HIT_REPORT(pos,seq,hits[]) : 24,856 3,413 65,118 i297660999 b0 b1 20,39 3,04 71,455
24553,9 tx hdr=0xF5 op=0x2D MOVE(x,y,z,rx,ry,state,tick) : 24,249 1 65,756 2,855 324,44 b9 i297661035
24600,7 tx hdr=0xF5 op=0x2D MOVE(x,y,z,rx,ry,state,tick) : 23,802 1 65,985 3,197 327,713 b9 i297661081
24661,3 tx hdr=0xF5 op=0x2D MOVE(x,y,z,rx,ry,state,tick) : 23,802 1 65,985 3,197 327,713 b9 i297661142
24667,5 tx hdr=0xF5 op=0x2D MOVE(x,y,z,rx,ry,state,tick) : 23,802 1 65,985 3,197 327,713 b9 i297661148
24678,8 tx hdr=0xF5 op=0x2D MOVE(x,y,z,rx,ry,state,tick) : 23,802 1 65,985 3,197 327,713 b9 i297661159
24681,4 tx hdr=0xF5 op=0x2D MOVE(x,y,z,rx,ry,state,tick) : 23,802 1 65,985 3,197 327,713 b9 i297661162
24690,9 tx hdr=0xF5 op=0x2D MOVE(x,y,z,rx,ry,state,tick) : 23,802 1 65,985 3,197 327,713 b9 i297661172
24697,3 tx hdr=0xF5 op=0x2D MOVE(x,y,z,rx,ry,state,tick) : 23,802 1 65,985 3,197 327,713 b9 i297661178
24702,5 tx hdr=0xF5 op=0x2D MOVE(x,y,z,rx,ry,state,tick) : 23,802 1 65,985 3,197 327,713 b9 i297661183
24711,2 tx hdr=0xF5 op=0x2D MOVE(x,y,z,rx,ry,state,tick) : 23,802 1 65,985 3,197 327,713 b9 i297661192
24714,1 tx hdr=0xF5 op=0x2D MOVE(x,y,z,rx,ry,state,tick) : 23,802 1 65,985 3,197 327,713 b9 i297661195
24724,6 tx hdr=0xF5 op=0x2D MOVE(x,y,z,rx,ry,state,tick) : 23,802 1 65,985 3,197 327,713 b9 i297661205
24729,1 tx hdr=0xF5 op=0x2D MOVE(x,y,z,rx,ry,state,tick) : 23,802 1 65,985 3,197 327,713 b9 i297661210
24737,5 tx hdr=0xF5 op=0x2D MOVE(x,y,z,rx,ry,state,tick) : 23,802 1 65,985 3,197 327,713 b9 i297661218
24743,8 tx hdr=0xF5 op=0x2D MOVE(x,y,z,rx,ry,state,tick) : 23,802 1 65,985 3,197 327,713 b9 i297661225
24748,3 tx hdr=0xF5 op=0x2D MOVE(x,y,z,rx,ry,state,tick) : 23,802 1 65,985 3,197 327,713 b9 i297661229
24772,9 tx hdr=0xF5 op=0x2D MOVE(x,y,z,rx,ry,state,tick) : 23,802 1 65,985 3,197 327,713 b9 i297661254
24779,7 tx hdr=0xF5 op=0x2D MOVE(x,y,z,rx,ry,state,tick) : 23,802 1 65,985 3,197 327,713 b9 i297661260
24787,8 tx hdr=0xF5 op=0x2D MOVE(x,y,z,rx,ry,state,tick) : 23,802 1 65,985 3,197 327,713 b9 i297661269
24793,9 tx hdr=0xF5 op=0x2D MOVE(x,y,z,rx,ry,state,tick) : 23,802 1 65,985 3,197 327,713 b9 i297661275
24800,2 tx hdr=0xF5 op=0x2D MOVE(x,y,z,rx,ry,state,tick) : 23,802 1 65,985 3,197 327,713 b9 i297661281
24804,6 tx hdr=0xF5 op=0x2D MOVE(x,y,z,rx,ry,state,tick) : 23,802 1 65,985 3,197 327,713 b9 i297661285
24812,3 tx hdr=0xF5 op=0x2D MOVE(x,y,z,rx,ry,state,tick) : 23,802 1 65,985 3,197 327,713 b9 i297661293
24818,8 tx hdr=0xF5 op=0x2D MOVE(x,y,z,rx,ry,state,tick) : 23,802 1 65,985 3,197 327,713 b9 i297661299
24823,3 tx hdr=0xF5 op=0x2D MOVE(x,y,z,rx,ry,state,tick) : 23,802 1 65,985 3,197 327,713 b9 i297661304
24832,4 tx hdr=0xF5 op=0x2D MOVE(x,y,z,rx,ry,state,tick) : 23,802 1 65,985 3,197 327,713 b9 i297661313
24835,3 tx hdr=0xF5 op=0x2D MOVE(x,y,z,rx,ry,state,tick) : 23,802 1 65,985 3,197 327,713 b9 i297661316
24845,8 tx hdr=0xF5 op=0x2D MOVE(x,y,z,rx,ry,state,tick) : 23,802 1 65,985 3,197 327,713 b9 i297661326
24848,4 tx hdr=0xF5 op=0x2D MOVE(x,y,z,rx,ry,state,tick) : 23,802 1 65,985 3,197 327,713 b9 i297661329
24860,6 tx hdr=0xF5 op=0x2D MOVE(x,y,z,rx,ry,state,tick) : 23,802 1 65,985 3,197 327,713 b9 i297661341
24862,9 tx hdr=0xF5 op=0x2D MOVE(x,y,z,rx,ry,state,tick) : 23,802 1 65,985 3,197 327,713 b9 i297661344
24873,6 tx hdr=0xF5 op=0x2D MOVE(x,y,z,rx,ry,state,tick) : 23,802 1 65,985 3,197 327,713 b9 i297661354
24878,7 tx hdr=0xF5 op=0x2D MOVE(x,y,z,rx,ry,state,tick) : 23,802 1 65,985 3,197 327,713 b9 i297661359
24888,7 tx hdr=0xF5 op=0x2D MOVE(x,y,z,rx,ry,state,tick) : 23,802 1 65,985 3,197 327,713 b9 i297661369
24891,3 tx hdr=0xF5 op=0x2D MOVE(x,y,z,rx,ry,state,tick) : 23,802 1 65,985 3,197 327,713 b9 i297661372
24902,2 tx hdr=0xF5 op=0x2D MOVE(x,y,z,rx,ry,state,tick) : 23,802 1 65,985 3,197 327,713 b9 i297661383
24904,9 tx hdr=0xF5 op=0x2D MOVE(x,y,z,rx,ry,state,tick) : 23,802 1 65,985 3,197 327,713 b9 i297661386
24915,3 tx hdr=0xF5 op=0x2D MOVE(x,y,z,rx,ry,state,tick) : 23,802 1 65,985 3,197 327,713 b9 i297661396
24919,1 tx hdr=0xF5 op=0x2D MOVE(x,y,z,rx,ry,state,tick) : 23,802 1 65,985 3,197 327,713 b9 i297661400
24927,4 tx hdr=0xF5 op=0x2D MOVE(x,y,z,rx,ry,state,tick) : 23,802 1 65,985 3,197 327,713 b9 i297661408
24931,0 tx hdr=0xF5 op=0x2D MOVE(x,y,z,rx,ry,state,tick) : 23,802 1 65,985 3,197 327,713 b9 i297661412
24939,8 tx hdr=0xF5 op=0x2D MOVE(x,y,z,rx,ry,state,tick) : 23,802 1 65,985 3,197 327,713 b9 i297661420
24944,4 tx hdr=0xF5 op=0x2D MOVE(x,y,z,rx,ry,state,tick) : 23,802 1 65,985 3,197 327,713 b9 i297661425
24951,7 tx hdr=0xF5 op=0x2D MOVE(x,y,z,rx,ry,state,tick) : 23,802 1 65,985 3,197 327,713 b9 i297661432
24956,4 tx hdr=0xF5 op=0x2D MOVE(x,y,z,rx,ry,state,tick) : 23,802 1 65,985 3,197 327,713 b9 i297661437
24964,2 tx hdr=0xF5 op=0x2D MOVE(x,y,z,rx,ry,state,tick) : 23,802 1 65,985 3,197 327,713 b9 i297661445
24967,5 tx hdr=0xF5 op=0x2D MOVE(x,y,z,rx,ry,state,tick) : 23,802 1 65,985 3,197 327,713 b9 i297661448
24977,7 tx hdr=0xF5 op=0x2D MOVE(x,y,z,rx,ry,state,tick) : 23,802 1 65,985 3,197 327,713 b9 i297661458
24980,3 tx hdr=0xF5 op=0x2D MOVE(x,y,z,rx,ry,state,tick) : 23,802 1 65,985 3,197 327,713 b9 i297661461
24991,7 tx hdr=0xF5 op=0x2D MOVE(x,y,z,rx,ry,state,tick) : 23,802 1 65,985 3,197 327,713 b9 i297661472
24996,0 tx hdr=0xF5 op=0x2D MOVE(x,y,z,rx,ry,state,tick) : 23,802 1 65,985 3,197 327,713 b9 i297661477
25005,2 tx hdr=0xF5 op=0x2D MOVE(x,y,z,rx,ry,state,tick) : 23,802 1 65,985 3,197 327,713 b9 i297661486
25011,4 tx hdr=0xF5 op=0x2D MOVE(x,y,z,rx,ry,state,tick) : 23,802 1 65,985 3,197 327,713 b9 i297661492
25019,1 tx hdr=0xF5 op=0x2D MOVE(x,y,z,rx,ry,state,tick) : 23,802 1 65,985 3,197 327,713 b9 i297661500
25021,8 tx hdr=0xF5 op=0x2D MOVE(x,y,z,rx,ry,state,tick) : 23,802 1 65,985 3,197 327,713 b9 i297661502
25032,9 tx hdr=0xF5 op=0x2D MOVE(x,y,z,rx,ry,state,tick) : 23,802 1 65,985 3,197 327,713 b9 i297661514
25035,9 tx hdr=0xF5 op=0x2D MOVE(x,y,z,rx,ry,state,tick) : 23,802 1 65,985 3,197 327,713 b9 i297661517
25048,4 tx hdr=0xF5 op=0x2D MOVE(x,y,z,rx,ry,state,tick) : 23,802 1 65,985 3,197 327,713 b9 i297661529
25050,6 tx hdr=0xF5 op=0x2D MOVE(x,y,z,rx,ry,state,tick) : 23,802 1 65,985 3,197 327,713 b9 i297661531
25062,8 tx hdr=0xF5 op=0x2D MOVE(x,y,z,rx,ry,state,tick) : 23,802 1 65,985 3,197 327,713 b9 i297661543
25066,0 tx hdr=0xF5 op=0x2D MOVE(x,y,z,rx,ry,state,tick) : 23,802 1 65,985 3,197 327,713 b9 i297661547
25077,6 tx hdr=0xF5 op=0x2D MOVE(x,y,z,rx,ry,state,tick) : 23,802 1 65,985 3,197 327,713 b9 i297661558
25081,5 tx hdr=0xF5 op=0x2D MOVE(x,y,z,rx,ry,state,tick) : 23,802 1 65,985 3,197 327,713 b9 i297661562
25091,4 tx hdr=0xF5 op=0x2D MOVE(x,y,z,rx,ry,state,tick) : 23,802 1 65,985 3,197 327,713 b9 i297661572
25097,0 tx hdr=0xF5 op=0x2D MOVE(x,y,z,rx,ry,state,tick) : 23,802 1 65,985 3,197 327,713 b9 i297661578
25107,1 tx hdr=0xF5 op=0x2D MOVE(x,y,z,rx,ry,state,tick) : 23,802 1 65,985 3,197 327,713 b9 i297661588
25111,7 tx hdr=0xF5 op=0x2D MOVE(x,y,z,rx,ry,state,tick) : 23,802 1 65,985 3,197 327,713 b9 i297661592
25122,5 tx hdr=0xF5 op=0x2D MOVE(x,y,z,rx,ry,state,tick) : 23,802 1 65,985 3,197 327,713 b9 i297661603
25126,3 tx hdr=0xF5 op=0x2D MOVE(x,y,z,rx,ry,state,tick) : 23,802 1 65,985 3,197 327,713 b9 i297661607
25138,8 tx hdr=0xF5 op=0x2D MOVE(x,y,z,rx,ry,state,tick) : 23,802 1 65,985 3,197 327,713 b9 i297661620
25141,2 tx hdr=0xF5 op=0x2D MOVE(x,y,z,rx,ry,state,tick) : 23,802 1 65,985 3,197 327,713 b9 i297661622
25150,9 tx hdr=0xF5 op=0x2D MOVE(x,y,z,rx,ry,state,tick) : 23,802 1 65,985 3,197 327,713 b9 i297661632
25154,6 tx hdr=0xF5 op=0x2D MOVE(x,y,z,rx,ry,state,tick) : 23,802 1 65,985 3,197 327,713 b9 i297661635
25164,4 tx hdr=0xF5 op=0x2D MOVE(x,y,z,rx,ry,state,tick) : 23,802 1 65,985 3,197 327,713 b9 i297661645
25169,3 tx hdr=0xF5 op=0x2D MOVE(x,y,z,rx,ry,state,tick) : 23,802 1 65,985 3,197 327,713 b9 i297661650
25177,5 tx hdr=0xF5 op=0x2D MOVE(x,y,z,rx,ry,state,tick) : 23,802 1 65,985 3,197 327,713 b9 i297661658
25180,4 tx hdr=0xF5 op=0x2D MOVE(x,y,z,rx,ry,state,tick) : 23,802 1 65,985 3,197 327,713 b9 i297661661
25189,1 tx hdr=0xF5 op=0x2D MOVE(x,y,z,rx,ry,state,tick) : 23,802 1 65,985 3,197 327,713 b9 i297661670
25194,2 tx hdr=0xF5 op=0x2D MOVE(x,y,z,rx,ry,state,tick) : 23,802 1 65,985 3,197 327,713 b9 i297661675
25201,8 tx hdr=0xF5 op=0x2D MOVE(x,y,z,rx,ry,state,tick) : 23,802 1 65,985 3,197 327,713 b9 i297661683
25204,8 tx hdr=0xF5 op=0x2D MOVE(x,y,z,rx,ry,state,tick) : 23,802 1 65,985 3,197 327,713 b9 i297661686
25214,9 tx hdr=0xF5 op=0x2D MOVE(x,y,z,rx,ry,state,tick) : 23,802 1 65,985 3,197 327,713 b9 i297661696
25218,8 tx hdr=0xF5 op=0x2D MOVE(x,y,z,rx,ry,state,tick) : 23,802 1 65,985 3,197 327,713 b9 i297661700
25227,5 tx hdr=0xF5 op=0x2D MOVE(x,y,z,rx,ry,state,tick) : 23,802 1 65,985 3,197 327,713 b9 i297661708
25231,4 tx hdr=0xF5 op=0x2D MOVE(x,y,z,rx,ry,state,tick) : 23,802 1 65,985 3,197 327,713 b9 i297661712
25239,8 tx hdr=0xF5 op=0x2D MOVE(x,y,z,rx,ry,state,tick) : 23,802 1 65,985 3,197 327,713 b9 i297661721
25244,5 tx hdr=0xF5 op=0x2D MOVE(x,y,z,rx,ry,state,tick) : 23,802 1 65,985 3,197 327,713 b9 i297661725
25252,7 tx hdr=0xF5 op=0x2D MOVE(x,y,z,rx,ry,state,tick) : 23,802 1 65,985 3,197 327,713 b9 i297661733
25264,8 tx hdr=0xF5 op=0x2D MOVE(x,y,z,rx,ry,state,tick) : 23,802 1 65,985 3,197 327,713 b9 i297661746
25266,7 tx hdr=0xF5 op=0x2D MOVE(x,y,z,rx,ry,state,tick) : 23,802 1 65,985 3,197 327,713 b9 i297661747
25277,4 tx hdr=0xF5 op=0x2D MOVE(x,y,z,rx,ry,state,tick) : 23,802 1 65,985 3,197 327,713 b9 i297661758
25280,2 tx hdr=0xF5 op=0x2D MOVE(x,y,z,rx,ry,state,tick) : 23,802 1 65,985 3,197 327,713 b9 i297661761
25289,1 tx hdr=0xF5 op=0x2D MOVE(x,y,z,rx,ry,state,tick) : 23,802 1 65,985 3,197 327,713 b9 i297661770
25295,0 tx hdr=0xF5 op=0x2D MOVE(x,y,z,rx,ry,state,tick) : 23,802 1 65,985 3,197 327,713 b9 i297661776
25300,2 tx hdr=0xF5 op=0x2D MOVE(x,y,z,rx,ry,state,tick) : 23,802 1 65,985 3,197 327,713 b9 i297661781
25305,8 tx hdr=0xF5 op=0x2D MOVE(x,y,z,rx,ry,state,tick) : 23,802 1 65,985 3,197 327,713 b9 i297661787
25311,1 tx hdr=0xF5 op=0x2D MOVE(x,y,z,rx,ry,state,tick) : 23,802 1 65,985 3,197 327,713 b9 i297661792
25318,3 tx hdr=0xF5 op=0x2D MOVE(x,y,z,rx,ry,state,tick) : 23,802 1 65,985 3,197 327,713 b9 i297661799
25322,1 tx hdr=0xF5 op=0x2D MOVE(x,y,z,rx,ry,state,tick) : 23,802 1 65,985 3,197 327,713 b9 i297661803
25331,8 tx hdr=0xF5 op=0x2D MOVE(x,y,z,rx,ry,state,tick) : 23,802 1 65,985 3,197 327,713 b9 i297661812
25335,4 tx hdr=0xF5 op=0x2D MOVE(x,y,z,rx,ry,state,tick) : 23,802 1 65,985 3,197 327,713 b9 i297661816
25344,1 tx hdr=0xF5 op=0x2D MOVE(x,y,z,rx,ry,state,tick) : 23,802 1 65,985 3,197 327,713 b9 i297661825
25347,4 tx hdr=0xF5 op=0x2D MOVE(x,y,z,rx,ry,state,tick) : 23,802 1 65,985 3,197 327,713 b9 i297661828
25360,6 tx hdr=0xF5 op=0x2D MOVE(x,y,z,rx,ry,state,tick) : 23,802 1 65,985 3,197 327,713 b9 i297661841
25362,6 tx hdr=0xF5 op=0x2D MOVE(x,y,z,rx,ry,state,tick) : 23,802 1 65,985 3,197 327,713 b9 i297661843
25372,7 tx hdr=0xF5 op=0x2D MOVE(x,y,z,rx,ry,state,tick) : 23,802 1 65,985 3,197 327,713 b9 i297661853
25379,5 tx hdr=0xF5 op=0x2D MOVE(x,y,z,rx,ry,state,tick) : 23,802 1 65,985 3,197 327,713 b9 i297661860
25385,6 tx hdr=0xF5 op=0x2D MOVE(x,y,z,rx,ry,state,tick) : 23,802 1 65,985 3,197 327,713 b9 i297661866
25392,2 tx hdr=0xF5 op=0x2D MOVE(x,y,z,rx,ry,state,tick) : 23,802 1 65,985 3,197 327,713 b9 i297661873
25397,1 tx hdr=0xF5 op=0x2D MOVE(x,y,z,rx,ry,state,tick) : 23,802 1 65,985 3,197 327,713 b9 i297661878
25403,6 tx hdr=0xF5 op=0x2D MOVE(x,y,z,rx,ry,state,tick) : 23,802 1 65,985 3,197 327,713 b9 i297661884
25410,4 tx hdr=0xF5 op=0x2D MOVE(x,y,z,rx,ry,state,tick) : 23,802 1 65,985 3,197 327,713 b9 i297661891
25416,7 tx hdr=0xF5 op=0x2D MOVE(x,y,z,rx,ry,state,tick) : 23,802 1 65,985 3,197 327,713 b9 i297661897
25421,3 tx hdr=0xF5 op=0x2D MOVE(x,y,z,rx,ry,state,tick) : 23,802 1 65,985 3,197 327,713 b9 i297661902
25429,8 tx hdr=0xF5 op=0x2D MOVE(x,y,z,rx,ry,state,tick) : 23,802 1 65,985 3,197 327,713 b9 i297661910
25435,6 tx hdr=0xF5 op=0x2D MOVE(x,y,z,rx,ry,state,tick) : 23,802 1 65,985 3,197 327,713 b9 i297661916
25443,1 tx hdr=0xF5 op=0x2D MOVE(x,y,z,rx,ry,state,tick) : 23,802 1 65,985 3,197 327,713 b9 i297661924
25446,9 tx hdr=0xF5 op=0x2D MOVE(x,y,z,rx,ry,state,tick) : 23,802 1 65,985 3,197 327,713 b9 i297661928
25455,3 tx hdr=0xF5 op=0x2D MOVE(x,y,z,rx,ry,state,tick) : 23,802 1 65,985 3,197 327,713 b9 i297661936
25459,8 tx hdr=0xF5 op=0x2D MOVE(x,y,z,rx,ry,state,tick) : 23,802 1 65,985 3,197 327,713 b9 i297661941
25467,0 tx hdr=0xF5 op=0x2D MOVE(x,y,z,rx,ry,state,tick) : 23,802 1 65,985 3,197 327,713 b9 i297661948
25471,7 tx hdr=0xF5 op=0x2D MOVE(x,y,z,rx,ry,state,tick) : 23,802 1 65,985 3,197 327,713 b9 i297661952
25480,9 tx hdr=0xF5 op=0x2D MOVE(x,y,z,rx,ry,state,tick) : 23,802 1 65,985 3,197 327,713 b9 i297661962
25483,2 tx hdr=0xF5 op=0x2D MOVE(x,y,z,rx,ry,state,tick) : 23,802 1 65,985 3,197 327,713 b9 i297661964
25493,4 tx hdr=0xF5 op=0x2D MOVE(x,y,z,rx,ry,state,tick) : 23,802 1 65,985 3,197 327,713 b9 i297661974
25497,5 tx hdr=0xF5 op=0x2D MOVE(x,y,z,rx,ry,state,tick) : 23,802 1 65,985 3,197 327,713 b9 i297661978
25504,6 tx hdr=0xF5 op=0x2D MOVE(x,y,z,rx,ry,state,tick) : 23,802 1 65,985 3,197 327,713 b9 i297661985
25509,8 tx hdr=0xF5 op=0x2D MOVE(x,y,z,rx,ry,state,tick) : 23,802 1 65,985 3,197 327,713 b9 i297661990
25516,5 tx hdr=0xF5 op=0x2D MOVE(x,y,z,rx,ry,state,tick) : 23,802 1 65,985 3,197 327,713 b9 i297661997
25521,2 tx hdr=0xF5 op=0x2D MOVE(x,y,z,rx,ry,state,tick) : 23,802 1 65,985 3,197 327,713 b9 i297662002
25529,2 tx hdr=0xF5 op=0x2D MOVE(x,y,z,rx,ry,state,tick) : 23,802 1 65,985 3,197 327,713 b9 i297662010
25532,1 tx hdr=0xF5 op=0x2D MOVE(x,y,z,rx,ry,state,tick) : 23,802 1 65,985 3,197 327,713 b9 i297662013
25543,7 tx hdr=0xF5 op=0x2D MOVE(x,y,z,rx,ry,state,tick) : 23,802 1 65,985 3,197 327,713 b9 i297662024
25545,8 tx hdr=0xF5 op=0x2D MOVE(x,y,z,rx,ry,state,tick) : 23,802 1 65,985 3,197 327,713 b9 i297662027
25555,5 tx hdr=0xF5 op=0x2D MOVE(x,y,z,rx,ry,state,tick) : 23,802 1 65,985 3,197 327,713 b9 i297662036
25561,2 tx hdr=0xF5 op=0x2D MOVE(x,y,z,rx,ry,state,tick) : 23,802 1 65,985 3,197 327,713 b9 i297662042
25566,6 tx hdr=0xF5 op=0x2D MOVE(x,y,z,rx,ry,state,tick) : 23,802 1 65,985 3,197 327,713 b9 i297662047
25572,5 tx hdr=0xF5 op=0x2D MOVE(x,y,z,rx,ry,state,tick) : 23,802 1 65,985 3,197 327,713 b9 i297662053
25578,4 tx hdr=0xF5 op=0x2D MOVE(x,y,z,rx,ry,state,tick) : 23,802 1 65,985 3,197 327,713 b9 i297662059
25583,0 tx hdr=0xF5 op=0x2D MOVE(x,y,z,rx,ry,state,tick) : 23,802 1 65,985 3,197 327,713 b9 i297662064
25591,5 tx hdr=0xF5 op=0x2D MOVE(x,y,z,rx,ry,state,tick) : 23,802 1 65,985 3,197 327,713 b9 i297662072
25594,0 tx hdr=0xF5 op=0x2D MOVE(x,y,z,rx,ry,state,tick) : 23,802 1 65,985 3,197 327,713 b9 i297662075
25603,8 tx hdr=0xF5 op=0x2D MOVE(x,y,z,rx,ry,state,tick) : 23,802 1 65,985 3,197 327,713 b9 i297662084
25608,7 tx hdr=0xF5 op=0x2D MOVE(x,y,z,rx,ry,state,tick) : 23,802 1 65,985 3,197 327,713 b9 i297662089
25617,7 tx hdr=0xF5 op=0x2D MOVE(x,y,z,rx,ry,state,tick) : 23,802 1 65,985 3,197 327,713 b9 i297662098
25620,6 tx hdr=0xF5 op=0x2D MOVE(x,y,z,rx,ry,state,tick) : 23,802 1 65,985 3,197 327,713 b9 i297662101
25630,5 tx hdr=0xF5 op=0x2D MOVE(x,y,z,rx,ry,state,tick) : 23,802 1 65,985 3,197 327,713 b9 i297662111
25633,9 tx hdr=0xF5 op=0x2D MOVE(x,y,z,rx,ry,state,tick) : 23,802 1 65,985 3,197 327,713 b9 i297662115
25643,9 tx hdr=0xF5 op=0x2D MOVE(x,y,z,rx,ry,state,tick) : 23,802 1 65,985 3,197 327,713 b9 i297662125
25646,3 tx hdr=0xF5 op=0x2D MOVE(x,y,z,rx,ry,state,tick) : 23,802 1 65,985 3,197 327,713 b9 i297662127
25659,6 tx hdr=0xF5 op=0x2D MOVE(x,y,z,rx,ry,state,tick) : 23,802 1 65,985 3,197 327,713 b9 i297662140
25661,8 tx hdr=0xF5 op=0x2D MOVE(x,y,z,rx,ry,state,tick) : 23,802 1 65,985 3,197 327,713 b9 i297662143
25670,9 tx hdr=0xF5 op=0x2D MOVE(x,y,z,rx,ry,state,tick) : 23,802 1 65,985 3,197 327,713 b9 i297662152
25676,7 tx hdr=0xF5 op=0x2D MOVE(x,y,z,rx,ry,state,tick) : 23,802 1 65,985 3,197 327,713 b9 i297662157
25682,2 tx hdr=0xF5 op=0x2D MOVE(x,y,z,rx,ry,state,tick) : 23,802 1 65,985 3,197 327,713 b9 i297662163
25686,7 tx hdr=0xF5 op=0x2D MOVE(x,y,z,rx,ry,state,tick) : 23,802 1 65,985 3,197 327,713 b9 i297662167
25694,3 tx hdr=0xF5 op=0x2D MOVE(x,y,z,rx,ry,state,tick) : 23,802 1 65,985 3,197 327,713 b9 i297662175
25698,1 tx hdr=0xF5 op=0x2D MOVE(x,y,z,rx,ry,state,tick) : 23,802 1 65,985 3,197 327,713 b9 i297662179
25707,5 tx hdr=0xF5 op=0x2D MOVE(x,y,z,rx,ry,state,tick) : 23,802 1 65,985 3,197 327,713 b9 i297662188
25709,8 tx hdr=0xF5 op=0x2D MOVE(x,y,z,rx,ry,state,tick) : 23,802 1 65,985 3,197 327,713 b9 i297662190
25719,9 tx hdr=0xF5 op=0x2D MOVE(x,y,z,rx,ry,state,tick) : 23,802 1 65,985 3,197 327,713 b9 i297662201
25724,7 tx hdr=0xF5 op=0x2D MOVE(x,y,z,rx,ry,state,tick) : 23,802 1 65,985 3,197 327,713 b9 i297662205
25731,6 tx hdr=0xF5 op=0x2D MOVE(x,y,z,rx,ry,state,tick) : 23,802 1 65,985 3,197 327,713 b9 i297662212
25736,4 tx hdr=0xF5 op=0x2D MOVE(x,y,z,rx,ry,state,tick) : 23,802 1 65,985 3,197 327,713 b9 i297662217
25744,5 tx hdr=0xF5 op=0x2D MOVE(x,y,z,rx,ry,state,tick) : 23,802 1 65,985 3,197 327,713 b9 i297662225
25746,9 tx hdr=0xF5 op=0x2D MOVE(x,y,z,rx,ry,state,tick) : 23,802 1 65,985 3,197 327,713 b9 i297662228
25758,2 tx hdr=0xF5 op=0x2D MOVE(x,y,z,rx,ry,state,tick) : 23,802 1 65,985 3,197 327,713 b9 i297662239
25761,6 tx hdr=0xF5 op=0x2D MOVE(x,y,z,rx,ry,state,tick) : 23,802 1 65,985 3,197 327,713 b9 i297662242
25769,8 tx hdr=0xF5 op=0x2D MOVE(x,y,z,rx,ry,state,tick) : 23,802 1 65,985 3,197 327,713 b9 i297662251
25776,3 tx hdr=0xF5 op=0x2D MOVE(x,y,z,rx,ry,state,tick) : 23,802 1 65,985 3,197 327,713 b9 i297662257
25782,0 tx hdr=0xF5 op=0x2D MOVE(x,y,z,rx,ry,state,tick) : 23,802 1 65,985 3,197 327,713 b9 i297662263
25786,8 tx hdr=0xF5 op=0x2D MOVE(x,y,z,rx,ry,state,tick) : 23,802 1 65,985 3,197 327,713 b9 i297662267
25793,2 tx hdr=0xF5 op=0x2D MOVE(x,y,z,rx,ry,state,tick) : 23,802 1 65,985 3,197 327,713 b9 i297662274
25798,1 tx hdr=0xF5 op=0x2D MOVE(x,y,z,rx,ry,state,tick) : 23,802 1 65,985 3,197 327,713 b9 i297662279
25804,8 tx hdr=0xF5 op=0x2D MOVE(x,y,z,rx,ry,state,tick) : 23,802 1 65,985 3,197 327,713 b9 i297662285
25811,2 tx hdr=0xF5 op=0x2D MOVE(x,y,z,rx,ry,state,tick) : 23,802 1 65,985 3,197 327,713 b9 i297662292
25817,6 tx hdr=0xF5 op=0x2D MOVE(x,y,z,rx,ry,state,tick) : 23,802 1 65,985 3,197 327,713 b9 i297662298
25824,2 tx hdr=0xF5 op=0x2D MOVE(x,y,z,rx,ry,state,tick) : 23,802 1 65,985 3,197 327,713 b9 i297662305
25828,0 tx hdr=0xF5 op=0x2D MOVE(x,y,z,rx,ry,state,tick) : 23,802 1 65,985 3,197 327,713 b9 i297662309
25836,0 tx hdr=0xF5 op=0x2D MOVE(x,y,z,rx,ry,state,tick) : 23,802 1 65,985 3,197 327,713 b9 i297662317
25842,8 tx hdr=0xF5 op=0x2D MOVE(x,y,z,rx,ry,state,tick) : 23,802 1 65,985 3,197 327,713 b9 i297662323
25847,4 tx hdr=0xF5 op=0x2D MOVE(x,y,z,rx,ry,state,tick) : 23,802 1 65,985 3,197 327,713 b9 i297662328
25854,6 tx hdr=0xF5 op=0x2D MOVE(x,y,z,rx,ry,state,tick) : 23,802 1 65,985 3,197 327,713 b9 i297662335
25860,0 tx hdr=0xF5 op=0x2D MOVE(x,y,z,rx,ry,state,tick) : 23,802 1 65,985 3,197 327,713 b9 i297662341
25867,1 tx hdr=0xF5 op=0x2D MOVE(x,y,z,rx,ry,state,tick) : 23,802 1 65,985 3,197 327,713 b9 i297662348
25870,4 tx hdr=0xF5 op=0x2D MOVE(x,y,z,rx,ry,state,tick) : 23,802 1 65,985 3,197 327,713 b9 i297662351
25880,1 tx hdr=0xF5 op=0x2D MOVE(x,y,z,rx,ry,state,tick) : 23,802 1 65,985 3,197 327,713 b9 i297662361
25882,8 tx hdr=0xF5 op=0x2D MOVE(x,y,z,rx,ry,state,tick) : 23,802 1 65,985 3,197 327,713 b9 i297662363
25892,2 tx hdr=0xF5 op=0x2D MOVE(x,y,z,rx,ry,state,tick) : 23,802 1 65,985 3,197 327,713 b9 i297662373
25897,7 tx hdr=0xF5 op=0x2D MOVE(x,y,z,rx,ry,state,tick) : 23,802 1 65,985 3,197 327,713 b9 i297662378
25908,1 tx hdr=0xF5 op=0x2D MOVE(x,y,z,rx,ry,state,tick) : 23,802 1 65,985 3,197 327,713 b9 i297662389
25911,3 tx hdr=0xF5 op=0x2D MOVE(x,y,z,rx,ry,state,tick) : 23,802 1 65,985 3,197 327,713 b9 i297662392
25921,9 tx hdr=0xF5 op=0x2D MOVE(x,y,z,rx,ry,state,tick) : 23,802 1 65,985 3,197 327,713 b9 i297662403
25924,7 tx hdr=0xF5 op=0x2D MOVE(x,y,z,rx,ry,state,tick) : 23,802 1 65,985 3,197 327,713 b9 i297662405
25934,6 tx hdr=0xF5 op=0x2D MOVE(x,y,z,rx,ry,state,tick) : 23,802 1 65,985 3,197 327,713 b9 i297662415
25938,2 tx hdr=0xF5 op=0x2D MOVE(x,y,z,rx,ry,state,tick) : 23,802 1 65,985 3,197 327,713 b9 i297662419
25948,4 tx hdr=0xF5 op=0x2D MOVE(x,y,z,rx,ry,state,tick) : 23,802 1 65,985 3,197 327,713 b9 i297662429
25950,7 tx hdr=0xF5 op=0x2D MOVE(x,y,z,rx,ry,state,tick) : 23,802 1 65,985 3,197 327,713 b9 i297662431
25961,0 tx hdr=0xF5 op=0x2D MOVE(x,y,z,rx,ry,state,tick) : 23,802 1 65,985 3,197 327,713 b9 i297662442
25963,7 tx hdr=0xF5 op=0x2D MOVE(x,y,z,rx,ry,state,tick) : 23,802 1 65,985 3,197 327,713 b9 i297662444
25973,5 tx hdr=0xF5 op=0x2D MOVE(x,y,z,rx,ry,state,tick) : 23,802 1 65,985 3,197 327,713 b9 i297662454
25977,1 tx hdr=0xF5 op=0x2D MOVE(x,y,z,rx,ry,state,tick) : 23,802 1 65,985 3,197 327,713 b9 i297662458
25985,1 tx hdr=0xF5 op=0x2D MOVE(x,y,z,rx,ry,state,tick) : 23,802 1 65,985 3,197 327,713 b9 i297662466
25992,4 tx hdr=0xF5 op=0x2D MOVE(x,y,z,rx,ry,state,tick) : 23,802 1 65,985 3,197 327,713 b9 i297662473
25996,9 tx hdr=0xF5 op=0x2D MOVE(x,y,z,rx,ry,state,tick) : 23,802 1 65,985 3,197 327,713 b9 i297662478
26004,9 tx hdr=0xF5 op=0x2D MOVE(x,y,z,rx,ry,state,tick) : 23,802 1 65,985 3,197 327,713 b9 i297662486
26008,8 tx hdr=0xF5 op=0x2D MOVE(x,y,z,rx,ry,state,tick) : 23,802 1 65,985 3,197 327,713 b9 i297662489
26020,9 tx hdr=0xF5 op=0x2D MOVE(x,y,z,rx,ry,state,tick) : 23,802 1 65,985 3,197 327,713 b9 i297662502
26023,9 tx hdr=0xF5 op=0x2D MOVE(x,y,z,rx,ry,state,tick) : 23,802 1 65,985 3,197 327,713 b9 i297662505
26033,7 tx hdr=0xF5 op=0x2D MOVE(x,y,z,rx,ry,state,tick) : 23,802 1 65,985 3,197 327,713 b9 i297662514
26037,3 tx hdr=0xF5 op=0x2D MOVE(x,y,z,rx,ry,state,tick) : 23,802 1 65,985 3,197 327,713 b9 i297662518
26046,6 tx hdr=0xF5 op=0x2D MOVE(x,y,z,rx,ry,state,tick) : 23,802 1 65,985 3,197 327,713 b9 i297662527
26049,8 tx hdr=0xF5 op=0x2D MOVE(x,y,z,rx,ry,state,tick) : 23,802 1 65,985 3,197 327,713 b9 i297662531
26061,0 tx hdr=0xF5 op=0x2D MOVE(x,y,z,rx,ry,state,tick) : 23,802 1 65,985 3,197 327,713 b9 i297662542
26064,0 tx hdr=0xF5 op=0x2D MOVE(x,y,z,rx,ry,state,tick) : 23,802 1 65,985 3,197 327,713 b9 i297662545
26073,2 tx hdr=0xF5 op=0x2D MOVE(x,y,z,rx,ry,state,tick) : 23,802 1 65,985 3,197 327,713 b9 i297662554
26077,1 tx hdr=0xF5 op=0x2D MOVE(x,y,z,rx,ry,state,tick) : 23,802 1 65,985 3,197 327,713 b9 i297662558
26086,8 tx hdr=0xF5 op=0x2D MOVE(x,y,z,rx,ry,state,tick) : 23,802 1 65,985 3,197 327,713 b9 i297662567
26090,4 tx hdr=0xF5 op=0x2D MOVE(x,y,z,rx,ry,state,tick) : 23,802 1 65,985 3,197 327,713 b9 i297662571
26099,3 tx hdr=0xF5 op=0x2D MOVE(x,y,z,rx,ry,state,tick) : 23,802 1 65,985 3,197 327,713 b9 i297662580
26103,1 tx hdr=0xF5 op=0x2D MOVE(x,y,z,rx,ry,state,tick) : 23,802 1 65,985 3,197 327,713 b9 i297662584
26113,3 tx hdr=0xF5 op=0x2D MOVE(x,y,z,rx,ry,state,tick) : 23,802 1 65,985 3,197 327,713 b9 i297662594
26116,5 tx hdr=0xF5 op=0x2D MOVE(x,y,z,rx,ry,state,tick) : 23,802 1 65,985 3,197 327,713 b9 i297662597
26128,9 tx hdr=0xF5 op=0x2D MOVE(x,y,z,rx,ry,state,tick) : 23,802 1 65,985 3,197 327,713 b9 i297662610
26130,9 tx hdr=0xF5 op=0x2D MOVE(x,y,z,rx,ry,state,tick) : 23,802 1 65,985 3,197 327,713 b9 i297662612
26141,3 tx hdr=0xF5 op=0x2D MOVE(x,y,z,rx,ry,state,tick) : 23,802 1 65,985 3,197 327,713 b9 i297662622
26146,6 tx hdr=0xF5 op=0x2D MOVE(x,y,z,rx,ry,state,tick) : 23,802 1 65,985 3,197 327,713 b9 i297662627
26158,6 tx hdr=0xF5 op=0x2D MOVE(x,y,z,rx,ry,state,tick) : 23,802 1 65,985 3,197 327,713 b9 i297662639
26160,9 tx hdr=0xF5 op=0x2D MOVE(x,y,z,rx,ry,state,tick) : 23,802 1 65,985 3,197 327,713 b9 i297662642
26170,1 tx hdr=0xF5 op=0x2D MOVE(x,y,z,rx,ry,state,tick) : 23,802 1 65,985 3,197 327,713 b9 i297662651
26177,1 tx hdr=0xF5 op=0x2D MOVE(x,y,z,rx,ry,state,tick) : 23,802 1 65,985 3,197 327,713 b9 i297662658
26180,6 tx hdr=0xF5 op=0x2D MOVE(x,y,z,rx,ry,state,tick) : 23,802 1 65,985 3,197 327,713 b9 i297662661
26189,6 tx hdr=0xF5 op=0x2D MOVE(x,y,z,rx,ry,state,tick) : 23,802 1 65,985 3,197 327,713 b9 i297662670
26193,9 tx hdr=0xF5 op=0x2D MOVE(x,y,z,rx,ry,state,tick) : 23,802 1 65,985 3,197 327,713 b9 i297662675
26201,7 tx hdr=0xF5 op=0x2D MOVE(x,y,z,rx,ry,state,tick) : 23,802 1 65,985 3,197 327,713 b9 i297662682
26207,3 tx hdr=0xF5 op=0x2D MOVE(x,y,z,rx,ry,state,tick) : 23,802 1 65,985 3,197 327,713 b9 i297662688
26212,9 tx hdr=0xF5 op=0x2D MOVE(x,y,z,rx,ry,state,tick) : 23,802 1 65,985 3,197 327,713 b9 i297662694
26218,0 tx hdr=0xF5 op=0x2D MOVE(x,y,z,rx,ry,state,tick) : 23,802 1 65,985 3,197 327,713 b9 i297662699
26224,3 tx hdr=0xF5 op=0x2D MOVE(x,y,z,rx,ry,state,tick) : 23,802 1 65,985 3,197 327,713 b9 i297662705
26228,7 tx hdr=0xF5 op=0x2D MOVE(x,y,z,rx,ry,state,tick) : 23,802 1 65,985 3,197 327,713 b9 i297662709
26236,4 tx hdr=0xF5 op=0x2D MOVE(x,y,z,rx,ry,state,tick) : 23,802 1 65,985 3,197 327,713 b9 i297662717
26240,9 tx hdr=0xF5 op=0x2D MOVE(x,y,z,rx,ry,state,tick) : 23,802 1 65,985 3,197 327,713 b9 i297662722
26248,6 tx hdr=0xF5 op=0x2D MOVE(x,y,z,rx,ry,state,tick) : 23,802 1 65,985 3,197 327,713 b9 i297662729
26253,0 tx hdr=0xF5 op=0x2D MOVE(x,y,z,rx,ry,state,tick) : 23,802 1 65,985 3,197 327,713 b9 i297662734
26261,1 tx hdr=0xF5 op=0x2D MOVE(x,y,z,rx,ry,state,tick) : 23,802 1 65,985 3,197 327,713 b9 i297662742
26263,8 tx hdr=0xF5 op=0x2D MOVE(x,y,z,rx,ry,state,tick) : 23,802 1 65,985 3,197 327,713 b9 i297662745
26273,1 tx hdr=0xF5 op=0x2D MOVE(x,y,z,rx,ry,state,tick) : 23,802 1 65,985 3,197 327,713 b9 i297662754
26277,0 tx hdr=0xF5 op=0x2D MOVE(x,y,z,rx,ry,state,tick) : 23,802 1 65,985 3,197 327,713 b9 i297662758
26284,2 tx hdr=0xF5 op=0x2D MOVE(x,y,z,rx,ry,state,tick) : 23,802 1 65,985 3,197 327,713 b9 i297662765
26290,1 tx hdr=0xF5 op=0x2D MOVE(x,y,z,rx,ry,state,tick) : 23,802 1 65,985 3,197 327,713 b9 i297662771
26295,2 tx hdr=0xF5 op=0x2D MOVE(x,y,z,rx,ry,state,tick) : 23,802 1 65,985 3,197 327,713 b9 i297662776
26300,9 tx hdr=0xF5 op=0x2D MOVE(x,y,z,rx,ry,state,tick) : 23,802 1 65,985 3,197 327,713 b9 i297662782
26307,2 tx hdr=0xF5 op=0x2D MOVE(x,y,z,rx,ry,state,tick) : 23,802 1 65,985 3,197 327,713 b9 i297662788
26312,5 tx hdr=0xF5 op=0x2D MOVE(x,y,z,rx,ry,state,tick) : 23,802 1 65,985 3,197 327,713 b9 i297662793
26318,5 tx hdr=0xF5 op=0x2D MOVE(x,y,z,rx,ry,state,tick) : 23,802 1 65,985 3,197 327,713 b9 i297662799
26323,5 tx hdr=0xF5 op=0x2D MOVE(x,y,z,rx,ry,state,tick) : 23,802 1 65,985 3,197 327,713 b9 i297662804
26329,5 tx hdr=0xF5 op=0x2D MOVE(x,y,z,rx,ry,state,tick) : 23,802 1 65,985 3,197 327,713 b9 i297662810
26333,5 tx hdr=0xF5 op=0x2D MOVE(x,y,z,rx,ry,state,tick) : 23,802 1 65,985 3,197 327,713 b9 i297662814
26341,8 tx hdr=0xF5 op=0x2D MOVE(x,y,z,rx,ry,state,tick) : 23,802 1 65,985 3,197 327,713 b9 i297662823
26344,9 tx hdr=0xF5 op=0x2D MOVE(x,y,z,rx,ry,state,tick) : 23,802 1 65,985 3,197 327,713 b9 i297662826
26356,4 tx hdr=0xF5 op=0x2D MOVE(x,y,z,rx,ry,state,tick) : 23,802 1 65,985 3,197 327,713 b9 i297662837
26358,5 tx hdr=0xF5 op=0x2D MOVE(x,y,z,rx,ry,state,tick) : 23,802 1 65,985 3,197 327,713 b9 i297662839
26367,7 tx hdr=0xF5 op=0x2D MOVE(x,y,z,rx,ry,state,tick) : 23,802 1 65,985 3,197 327,713 b9 i297662848
26373,6 tx hdr=0xF5 op=0x2D MOVE(x,y,z,rx,ry,state,tick) : 23,802 1 65,985 3,197 327,713 b9 i297662854
26379,8 tx hdr=0xF5 op=0x2D MOVE(x,y,z,rx,ry,state,tick) : 23,802 1 65,985 3,197 327,713 b9 i297662861
26383,9 tx hdr=0xF5 op=0x2D MOVE(x,y,z,rx,ry,state,tick) : 23,802 1 65,985 3,197 327,713 b9 i297662865
26391,1 tx hdr=0xF5 op=0x2D MOVE(x,y,z,rx,ry,state,tick) : 23,802 1 65,985 3,197 327,713 b9 i297662872
26395,6 tx hdr=0xF5 op=0x2D MOVE(x,y,z,rx,ry,state,tick) : 23,802 1 65,985 3,197 327,713 b9 i297662876
26402,7 tx hdr=0xF5 op=0x2D MOVE(x,y,z,rx,ry,state,tick) : 23,802 1 65,985 3,197 327,713 b9 i297662883
26407,9 tx hdr=0xF5 op=0x2D MOVE(x,y,z,rx,ry,state,tick) : 23,802 1 65,985 3,197 327,713 b9 i297662889
26414,2 tx hdr=0xF5 op=0x2D MOVE(x,y,z,rx,ry,state,tick) : 23,802 1 65,985 3,197 327,713 b9 i297662895
26418,9 tx hdr=0xF5 op=0x2D MOVE(x,y,z,rx,ry,state,tick) : 23,802 1 65,985 3,197 327,713 b9 i297662900
26426,2 tx hdr=0xF5 op=0x2D MOVE(x,y,z,rx,ry,state,tick) : 23,802 1 65,985 3,197 327,713 b9 i297662907
26429,6 tx hdr=0xF5 op=0x2D MOVE(x,y,z,rx,ry,state,tick) : 23,802 1 65,985 3,197 327,713 b9 i297662910
26439,7 tx hdr=0xF5 op=0x2D MOVE(x,y,z,rx,ry,state,tick) : 23,802 1 65,985 3,197 327,713 b9 i297662920
26442,2 tx hdr=0xF5 op=0x2D MOVE(x,y,z,rx,ry,state,tick) : 23,802 1 65,985 3,197 327,713 b9 i297662923
26451,1 tx hdr=0xF5 op=0x2D MOVE(x,y,z,rx,ry,state,tick) : 23,802 1 65,985 3,197 327,713 b9 i297662932
26457,2 tx hdr=0xF5 op=0x2D MOVE(x,y,z,rx,ry,state,tick) : 23,802 1 65,985 3,197 327,713 b9 i297662938
26462,2 tx hdr=0xF5 op=0x2D MOVE(x,y,z,rx,ry,state,tick) : 23,802 1 65,985 3,197 327,713 b9 i297662943
26468,0 tx hdr=0xF5 op=0x2D MOVE(x,y,z,rx,ry,state,tick) : 23,802 1 65,985 3,197 327,713 b9 i297662949
26473,4 tx hdr=0xF5 op=0x2D MOVE(x,y,z,rx,ry,state,tick) : 23,802 1 65,985 3,197 327,713 b9 i297662954
26479,2 tx hdr=0xF5 op=0x2D MOVE(x,y,z,rx,ry,state,tick) : 23,802 1 65,985 3,197 327,713 b9 i297662960
26483,5 tx hdr=0xF5 op=0x2D MOVE(x,y,z,rx,ry,state,tick) : 23,802 1 65,985 3,197 327,713 b9 i297662964
26490,4 tx hdr=0xF5 op=0x2D MOVE(x,y,z,rx,ry,state,tick) : 23,802 1 65,985 3,197 327,713 b9 i297662971
26494,5 tx hdr=0xF5 op=0x2D MOVE(x,y,z,rx,ry,state,tick) : 23,802 1 65,985 3,197 327,713 b9 i297662975
26502,4 tx hdr=0xF5 op=0x2D MOVE(x,y,z,rx,ry,state,tick) : 23,802 1 65,985 3,197 327,713 b9 i297662983
26506,7 tx hdr=0xF5 op=0x2D MOVE(x,y,z,rx,ry,state,tick) : 23,802 1 65,985 3,197 327,713 b9 i297662987
26513,8 tx hdr=0xF5 op=0x2D MOVE(x,y,z,rx,ry,state,tick) : 23,802 1 65,985 3,197 327,713 b9 i297662995
26518,5 tx hdr=0xF5 op=0x2D MOVE(x,y,z,rx,ry,state,tick) : 23,802 1 65,985 3,197 327,713 b9 i297662999
26525,0 tx hdr=0xF5 op=0x2D MOVE(x,y,z,rx,ry,state,tick) : 23,802 1 65,985 3,197 327,713 b9 i297663006
26528,6 tx hdr=0xF5 op=0x2D MOVE(x,y,z,rx,ry,state,tick) : 23,802 1 65,985 3,197 327,713 b9 i297663009
26536,2 tx hdr=0xF5 op=0x2D MOVE(x,y,z,rx,ry,state,tick) : 23,802 1 65,985 3,197 327,713 b9 i297663017
26540,7 tx hdr=0xF5 op=0x2D MOVE(x,y,z,rx,ry,state,tick) : 23,802 1 65,985 3,197 327,713 b9 i297663021
26547,6 tx hdr=0xF5 op=0x2D MOVE(x,y,z,rx,ry,state,tick) : 23,802 1 65,985 3,197 327,713 b9 i297663028
26551,7 tx hdr=0xF5 op=0x2D MOVE(x,y,z,rx,ry,state,tick) : 23,802 1 65,985 3,197 327,713 b9 i297663032
26560,2 tx hdr=0xF5 op=0x2D MOVE(x,y,z,rx,ry,state,tick) : 23,802 1 65,985 3,197 327,713 b9 i297663041
26563,3 tx hdr=0xF5 op=0x2D MOVE(x,y,z,rx,ry,state,tick) : 23,802 1 65,985 3,197 327,713 b9 i297663044
26572,1 tx hdr=0xF5 op=0x2D MOVE(x,y,z,rx,ry,state,tick) : 23,802 1 65,985 3,197 327,713 b9 i297663053
26575,3 tx hdr=0xF5 op=0x2D MOVE(x,y,z,rx,ry,state,tick) : 23,802 1 65,985 3,197 327,713 b9 i297663056
26582,8 tx hdr=0xF5 op=0x2D MOVE(x,y,z,rx,ry,state,tick) : 23,802 1 65,985 3,197 327,713 b9 i297663064
26589,1 tx hdr=0xF5 op=0x2D MOVE(x,y,z,rx,ry,state,tick) : 23,802 1 65,985 3,197 327,713 b9 i297663070
26593,6 tx hdr=0xF5 op=0x2D MOVE(x,y,z,rx,ry,state,tick) : 23,802 1 65,985 3,197 327,713 b9 i297663074
26601,8 tx hdr=0xF5 op=0x2D MOVE(x,y,z,rx,ry,state,tick) : 23,802 1 65,985 3,197 327,713 b9 i297663082
26606,4 tx hdr=0xF5 op=0x2D MOVE(x,y,z,rx,ry,state,tick) : 23,802 1 65,985 3,197 327,713 b9 i297663087
26613,3 tx hdr=0xF5 op=0x2D MOVE(x,y,z,rx,ry,state,tick) : 23,802 1 65,985 3,197 327,713 b9 i297663094
26617,5 tx hdr=0xF5 op=0x2D MOVE(x,y,z,rx,ry,state,tick) : 23,802 1 65,985 3,197 327,713 b9 i297663098
26625,7 tx hdr=0xF5 op=0x2D MOVE(x,y,z,rx,ry,state,tick) : 23,802 1 65,985 3,197 327,713 b9 i297663106
26629,2 tx hdr=0xF5 op=0x2D MOVE(x,y,z,rx,ry,state,tick) : 23,802 1 65,985 3,197 327,713 b9 i297663110
26639,3 tx hdr=0xF5 op=0x2D MOVE(x,y,z,rx,ry,state,tick) : 23,802 1 65,985 3,197 327,713 b9 i297663120
26642,3 tx hdr=0xF5 op=0x2D MOVE(x,y,z,rx,ry,state,tick) : 23,802 1 65,985 3,197 327,713 b9 i297663123
26651,4 tx hdr=0xF5 op=0x2D MOVE(x,y,z,rx,ry,state,tick) : 23,802 1 65,985 3,197 327,713 b9 i297663132
26657,4 tx hdr=0xF5 op=0x2D MOVE(x,y,z,rx,ry,state,tick) : 23,802 1 65,985 3,197 327,713 b9 i297663138
26662,4 tx hdr=0xF5 op=0x2D MOVE(x,y,z,rx,ry,state,tick) : 23,802 1 65,985 3,197 327,713 b9 i297663143
26669,4 tx hdr=0xF5 op=0x2D MOVE(x,y,z,rx,ry,state,tick) : 23,802 1 65,985 3,197 327,713 b9 i297663150
26687,8 tx hdr=0xF5 op=0x2D MOVE(x,y,z,rx,ry,state,tick) : 23,802 1 65,985 3,197 327,713 b9 i297663169
26698,8 tx hdr=0xF5 op=0x2D MOVE(x,y,z,rx,ry,state,tick) : 23,802 1 65,985 3,197 327,713 b9 i297663180
26705,0 tx hdr=0xF5 op=0x2D MOVE(x,y,z,rx,ry,state,tick) : 23,802 1 65,985 3,197 327,713 b9 i297663186
26709,3 tx hdr=0xF5 op=0x2D MOVE(x,y,z,rx,ry,state,tick) : 23,802 1 65,985 3,197 327,713 b9 i297663190
26716,9 tx hdr=0xF5 op=0x2D MOVE(x,y,z,rx,ry,state,tick) : 23,802 1 65,985 3,197 327,713 b9 i297663198
26722,3 tx hdr=0xF5 op=0x2D MOVE(x,y,z,rx,ry,state,tick) : 23,802 1 65,985 3,197 327,713 b9 i297663203
26727,5 tx hdr=0xF5 op=0x2D MOVE(x,y,z,rx,ry,state,tick) : 23,802 1 65,985 3,197 327,713 b9 i297663208
26732,0 tx hdr=0xF5 op=0x2D MOVE(x,y,z,rx,ry,state,tick) : 23,802 1 65,985 3,197 327,713 b9 i297663213
26739,1 tx hdr=0xF5 op=0x2D MOVE(x,y,z,rx,ry,state,tick) : 23,802 1 65,985 3,197 327,713 b9 i297663220
26742,3 tx hdr=0xF5 op=0x2D MOVE(x,y,z,rx,ry,state,tick) : 23,802 1 65,985 3,197 327,713 b9 i297663223
26749,7 tx hdr=0xF5 op=0x2D MOVE(x,y,z,rx,ry,state,tick) : 23,802 1 65,985 3,197 327,713 b9 i297663230
26755,9 tx hdr=0xF5 op=0x2D MOVE(x,y,z,rx,ry,state,tick) : 23,802 1 65,985 3,197 327,713 b9 i297663237
26759,9 tx hdr=0xF5 op=0x2D MOVE(x,y,z,rx,ry,state,tick) : 23,802 1 65,985 3,197 327,713 b9 i297663241
26766,6 tx hdr=0xF5 op=0x2D MOVE(x,y,z,rx,ry,state,tick) : 23,802 1 65,985 3,197 327,713 b9 i297663247
26772,3 tx hdr=0xF5 op=0x2D MOVE(x,y,z,rx,ry,state,tick) : 23,802 1 65,985 3,197 327,713 b9 i297663253
26779,4 tx hdr=0xF5 op=0x2D MOVE(x,y,z,rx,ry,state,tick) : 23,802 1 65,985 3,197 327,713 b9 i297663260
26782,6 tx hdr=0xF5 op=0x2D MOVE(x,y,z,rx,ry,state,tick) : 23,802 1 65,985 3,197 327,713 b9 i297663263
26791,1 tx hdr=0xF5 op=0x2D MOVE(x,y,z,rx,ry,state,tick) : 23,802 1 65,985 3,197 327,713 b9 i297663272
26794,5 tx hdr=0xF5 op=0x2D MOVE(x,y,z,rx,ry,state,tick) : 23,802 1 65,985 3,197 327,713 b9 i297663275
26802,4 tx hdr=0xF5 op=0x2D MOVE(x,y,z,rx,ry,state,tick) : 23,802 1 65,985 3,197 327,713 b9 i297663283
26806,8 tx hdr=0xF5 op=0x2D MOVE(x,y,z,rx,ry,state,tick) : 23,802 1 65,985 3,197 327,713 b9 i297663288
26813,8 tx hdr=0xF5 op=0x2D MOVE(x,y,z,rx,ry,state,tick) : 23,802 1 65,985 3,197 327,713 b9 i297663295
26818,4 tx hdr=0xF5 op=0x2D MOVE(x,y,z,rx,ry,state,tick) : 23,802 1 65,985 3,197 327,713 b9 i297663299
26825,7 tx hdr=0xF5 op=0x2D MOVE(x,y,z,rx,ry,state,tick) : 23,802 1 65,985 3,197 327,713 b9 i297663306
26829,0 tx hdr=0xF5 op=0x2D MOVE(x,y,z,rx,ry,state,tick) : 23,802 1 65,985 3,197 327,713 b9 i297663310
26838,4 tx hdr=0xF5 op=0x2D MOVE(x,y,z,rx,ry,state,tick) : 23,802 1 65,985 3,197 327,713 b9 i297663319
26840,7 tx hdr=0xF5 op=0x2D MOVE(x,y,z,rx,ry,state,tick) : 23,802 1 65,985 3,197 327,713 b9 i297663321
26849,7 tx hdr=0xF5 op=0x2D MOVE(x,y,z,rx,ry,state,tick) : 23,802 1 65,985 3,197 327,713 b9 i297663330
26855,7 tx hdr=0xF5 op=0x2D MOVE(x,y,z,rx,ry,state,tick) : 23,802 1 65,985 3,197 327,713 b9 i297663336
26859,9 tx hdr=0xF5 op=0x2D MOVE(x,y,z,rx,ry,state,tick) : 23,802 1 65,985 3,197 327,713 b9 i297663341
26866,0 tx hdr=0xF5 op=0x2D MOVE(x,y,z,rx,ry,state,tick) : 23,802 1 65,985 3,197 327,713 b9 i297663347
26871,8 tx hdr=0xF5 op=0x2D MOVE(x,y,z,rx,ry,state,tick) : 23,802 1 65,985 3,197 327,713 b9 i297663352
26877,4 tx hdr=0xF5 op=0x2D MOVE(x,y,z,rx,ry,state,tick) : 23,802 1 65,985 3,197 327,713 b9 i297663358
26882,1 tx hdr=0xF5 op=0x2D MOVE(x,y,z,rx,ry,state,tick) : 23,802 1 65,985 3,197 327,713 b9 i297663363
26889,4 tx hdr=0xF5 op=0x2D MOVE(x,y,z,rx,ry,state,tick) : 23,802 1 65,985 3,197 327,713 b9 i297663370
26892,4 tx hdr=0xF5 op=0x2D MOVE(x,y,z,rx,ry,state,tick) : 23,802 1 65,985 3,197 327,713 b9 i297663373
26901,0 tx hdr=0xF5 op=0x2D MOVE(x,y,z,rx,ry,state,tick) : 23,802 1 65,985 3,197 327,713 b9 i297663382
26905,5 tx hdr=0xF5 op=0x2D MOVE(x,y,z,rx,ry,state,tick) : 23,802 1 65,985 3,197 327,713 b9 i297663386
26912,2 tx hdr=0xF5 op=0x2D MOVE(x,y,z,rx,ry,state,tick) : 23,802 1 65,985 3,197 327,713 b9 i297663393
26916,6 tx hdr=0xF5 op=0x2D MOVE(x,y,z,rx,ry,state,tick) : 23,802 1 65,985 3,197 327,713 b9 i297663397
26923,7 tx hdr=0xF5 op=0x2D MOVE(x,y,z,rx,ry,state,tick) : 23,802 1 65,985 3,197 327,713 b9 i297663404
26926,8 tx hdr=0xF5 op=0x2D MOVE(x,y,z,rx,ry,state,tick) : 23,802 1 65,985 3,197 327,713 b9 i297663407
26935,4 tx hdr=0xF5 op=0x2D MOVE(x,y,z,rx,ry,state,tick) : 23,802 1 65,985 3,197 327,713 b9 i297663416
26939,8 tx hdr=0xF5 op=0x2D MOVE(x,y,z,rx,ry,state,tick) : 23,802 1 65,985 3,197 327,713 b9 i297663420
26946,8 tx hdr=0xF5 op=0x2D MOVE(x,y,z,rx,ry,state,tick) : 23,802 1 65,985 3,197 327,713 b9 i297663428
26950,7 tx hdr=0xF5 op=0x2D MOVE(x,y,z,rx,ry,state,tick) : 23,802 1 65,985 3,197 327,713 b9 i297663431
26959,3 tx hdr=0xF5 op=0x2D MOVE(x,y,z,rx,ry,state,tick) : 23,802 1 65,985 3,197 327,713 b9 i297663440
26962,0 tx hdr=0xF5 op=0x2D MOVE(x,y,z,rx,ry,state,tick) : 23,802 1 65,985 3,197 327,713 b9 i297663443
26970,7 tx hdr=0xF5 op=0x2D MOVE(x,y,z,rx,ry,state,tick) : 23,802 1 65,985 3,197 327,713 b9 i297663451
26974,0 tx hdr=0xF5 op=0x2D MOVE(x,y,z,rx,ry,state,tick) : 23,802 1 65,985 3,197 327,713 b9 i297663455
26982,5 tx hdr=0xF5 op=0x2D MOVE(x,y,z,rx,ry,state,tick) : 23,802 1 65,985 3,197 327,713 b9 i297663463
26987,7 tx hdr=0xF5 op=0x2D MOVE(x,y,z,rx,ry,state,tick) : 23,802 1 65,985 3,197 327,713 b9 i297663468
26993,8 tx hdr=0xF5 op=0x2D MOVE(x,y,z,rx,ry,state,tick) : 23,802 1 65,985 3,197 327,713 b9 i297663475
26998,4 tx hdr=0xF5 op=0x2D MOVE(x,y,z,rx,ry,state,tick) : 23,802 1 65,985 3,197 327,713 b9 i297663479
27005,2 tx hdr=0xF5 op=0x2D MOVE(x,y,z,rx,ry,state,tick) : 23,802 1 65,985 3,197 327,713 b9 i297663486
27008,9 tx hdr=0xF5 op=0x2D MOVE(x,y,z,rx,ry,state,tick) : 23,802 1 65,985 3,197 327,713 b9 i297663490
27017,7 tx hdr=0xF5 op=0x2D MOVE(x,y,z,rx,ry,state,tick) : 23,802 1 65,985 3,197 327,713 b9 i297663498
27022,0 tx hdr=0xF5 op=0x2D MOVE(x,y,z,rx,ry,state,tick) : 23,802 1 65,985 3,197 327,713 b9 i297663503
27028,9 tx hdr=0xF5 op=0x2D MOVE(x,y,z,rx,ry,state,tick) : 23,802 1 65,985 3,197 327,713 b9 i297663510
27032,5 tx hdr=0xF5 op=0x2D MOVE(x,y,z,rx,ry,state,tick) : 23,802 1 65,985 3,197 327,713 b9 i297663513
27042,0 tx hdr=0xF5 op=0x2D MOVE(x,y,z,rx,ry,state,tick) : 23,802 1 65,985 3,197 327,713 b9 i297663523
27044,0 tx hdr=0xF5 op=0x2D MOVE(x,y,z,rx,ry,state,tick) : 23,802 1 65,985 3,197 327,713 b9 i297663525
27056,3 tx hdr=0xF5 op=0x2D MOVE(x,y,z,rx,ry,state,tick) : 23,802 1 65,985 3,197 327,713 b9 i297663537
27058,7 tx hdr=0xF5 op=0x2D MOVE(x,y,z,rx,ry,state,tick) : 23,802 1 65,985 3,197 327,713 b9 i297663539
27068,6 tx hdr=0xF5 op=0x2D MOVE(x,y,z,rx,ry,state,tick) : 23,802 1 65,985 3,197 327,713 b9 i297663549
27072,4 tx hdr=0xF5 op=0x2D MOVE(x,y,z,rx,ry,state,tick) : 23,802 1 65,985 3,197 327,713 b9 i297663553
27081,8 tx hdr=0xF5 op=0x2D MOVE(x,y,z,rx,ry,state,tick) : 23,802 1 65,985 3,197 327,713 b9 i297663562
27084,1 tx hdr=0xF5 op=0x2D MOVE(x,y,z,rx,ry,state,tick) : 23,802 1 65,985 3,197 327,713 b9 i297663565
27093,8 tx hdr=0xF5 op=0x2D MOVE(x,y,z,rx,ry,state,tick) : 23,802 1 65,985 3,197 327,713 b9 i297663574
27099,2 tx hdr=0xF5 op=0x2D MOVE(x,y,z,rx,ry,state,tick) : 23,802 1 65,985 3,197 327,713 b9 i297663580
27106,4 tx hdr=0xF5 op=0x2D MOVE(x,y,z,rx,ry,state,tick) : 23,802 1 65,985 3,197 327,713 b9 i297663587
27109,7 tx hdr=0xF5 op=0x2D MOVE(x,y,z,rx,ry,state,tick) : 23,802 1 65,985 3,197 327,713 b9 i297663590
27120,7 tx hdr=0xF5 op=0x2D MOVE(x,y,z,rx,ry,state,tick) : 23,802 1 65,985 3,197 327,713 b9 i297663601
27122,8 tx hdr=0xF5 op=0x2D MOVE(x,y,z,rx,ry,state,tick) : 23,802 1 65,985 3,197 327,713 b9 i297663603
27132,0 tx hdr=0xF5 op=0x2D MOVE(x,y,z,rx,ry,state,tick) : 23,802 1 65,985 3,197 327,713 b9 i297663613
27138,7 tx hdr=0xF5 op=0x2D MOVE(x,y,z,rx,ry,state,tick) : 23,802 1 65,985 3,197 327,713 b9 i297663619
27144,7 tx hdr=0xF5 op=0x2D MOVE(x,y,z,rx,ry,state,tick) : 23,802 1 65,985 3,197 327,713 b9 i297663625
27148,5 tx hdr=0xF5 op=0x2D MOVE(x,y,z,rx,ry,state,tick) : 23,802 1 65,985 3,197 327,713 b9 i297663629
27158,3 tx hdr=0xF5 op=0x2D MOVE(x,y,z,rx,ry,state,tick) : 23,802 1 65,985 3,197 327,713 b9 i297663639
27161,0 tx hdr=0xF5 op=0x2D MOVE(x,y,z,rx,ry,state,tick) : 23,802 1 65,985 3,197 327,713 b9 i297663642
27170,3 tx hdr=0xF5 op=0x2D MOVE(x,y,z,rx,ry,state,tick) : 23,802 1 65,985 3,197 327,713 b9 i297663651
27173,0 tx hdr=0xF5 op=0x2D MOVE(x,y,z,rx,ry,state,tick) : 23,802 1 65,985 3,197 327,713 b9 i297663654
27182,2 tx hdr=0xF5 op=0x2D MOVE(x,y,z,rx,ry,state,tick) : 23,802 1 65,985 3,197 327,713 b9 i297663663
27187,7 tx hdr=0xF5 op=0x2D MOVE(x,y,z,rx,ry,state,tick) : 23,802 1 65,985 3,197 327,713 b9 i297663668
27194,0 tx hdr=0xF5 op=0x2D MOVE(x,y,z,rx,ry,state,tick) : 23,802 1 65,985 3,197 327,713 b9 i297663675
27198,4 tx hdr=0xF5 op=0x2D MOVE(x,y,z,rx,ry,state,tick) : 23,802 1 65,985 3,197 327,713 b9 i297663679
27205,2 tx hdr=0xF5 op=0x2D MOVE(x,y,z,rx,ry,state,tick) : 23,802 1 65,985 3,197 327,713 b9 i297663686
27209,0 tx hdr=0xF5 op=0x2D MOVE(x,y,z,rx,ry,state,tick) : 23,802 1 65,985 3,197 327,713 b9 i297663690
27217,0 tx hdr=0xF5 op=0x2D MOVE(x,y,z,rx,ry,state,tick) : 23,802 1 65,985 3,197 327,713 b9 i297663698
27221,4 tx hdr=0xF5 op=0x2D MOVE(x,y,z,rx,ry,state,tick) : 23,802 1 65,985 3,197 327,713 b9 i297663702
27227,9 tx hdr=0xF5 op=0x2D MOVE(x,y,z,rx,ry,state,tick) : 23,802 1 65,985 3,197 327,713 b9 i297663709
27232,3 tx hdr=0xF5 op=0x2D MOVE(x,y,z,rx,ry,state,tick) : 23,802 1 65,985 3,197 327,713 b9 i297663713
27240,6 tx hdr=0xF5 op=0x2D MOVE(x,y,z,rx,ry,state,tick) : 23,802 1 65,985 3,197 327,713 b9 i297663721
27242,9 tx hdr=0xF5 op=0x2D MOVE(x,y,z,rx,ry,state,tick) : 23,802 1 65,985 3,197 327,713 b9 i297663724
27253,4 tx hdr=0xF5 op=0x2D MOVE(x,y,z,rx,ry,state,tick) : 23,802 1 65,985 3,197 327,713 b9 i297663734
27255,9 tx hdr=0xF5 op=0x2D MOVE(x,y,z,rx,ry,state,tick) : 23,802 1 65,985 3,197 327,713 b9 i297663737
27264,5 tx hdr=0xF5 op=0x2D MOVE(x,y,z,rx,ry,state,tick) : 23,802 1 65,985 3,197 327,713 b9 i297663745
27270,6 tx hdr=0xF5 op=0x2D MOVE(x,y,z,rx,ry,state,tick) : 23,802 1 65,985 3,197 327,713 b9 i297663751
27276,1 tx hdr=0xF5 op=0x2D MOVE(x,y,z,rx,ry,state,tick) : 23,802 1 65,985 3,197 327,713 b9 i297663757
27280,2 tx hdr=0xF5 op=0x2D MOVE(x,y,z,rx,ry,state,tick) : 23,802 1 65,985 3,197 327,713 b9 i297663761
27287,5 tx hdr=0xF5 op=0x2D MOVE(x,y,z,rx,ry,state,tick) : 23,802 1 65,985 3,197 327,713 b9 i297663768
27291,0 tx hdr=0xF5 op=0x2D MOVE(x,y,z,rx,ry,state,tick) : 23,802 1 65,985 3,197 327,713 b9 i297663772
27299,0 tx hdr=0xF5 op=0x2D MOVE(x,y,z,rx,ry,state,tick) : 23,802 1 65,985 3,197 327,713 b9 i297663780
27304,1 tx hdr=0xF5 op=0x2D MOVE(x,y,z,rx,ry,state,tick) : 23,802 1 65,985 3,197 327,713 b9 i297663785
27310,2 tx hdr=0xF5 op=0x2D MOVE(x,y,z,rx,ry,state,tick) : 23,802 1 65,985 3,197 327,713 b9 i297663791
27314,2 tx hdr=0xF5 op=0x2D MOVE(x,y,z,rx,ry,state,tick) : 23,802 1 65,985 3,197 327,713 b9 i297663795
27322,4 tx hdr=0xF5 op=0x2D MOVE(x,y,z,rx,ry,state,tick) : 23,802 1 65,985 3,197 327,713 b9 i297663803
27325,1 tx hdr=0xF5 op=0x2D MOVE(x,y,z,rx,ry,state,tick) : 23,802 1 65,985 3,197 327,713 b9 i297663806
27333,1 tx hdr=0xF5 op=0x2D MOVE(x,y,z,rx,ry,state,tick) : 23,802 1 65,985 3,197 327,713 b9 i297663814
27338,7 tx hdr=0xF5 op=0x2D MOVE(x,y,z,rx,ry,state,tick) : 23,802 1 65,985 3,197 327,713 b9 i297663819
27343,2 tx hdr=0xF5 op=0x2D MOVE(x,y,z,rx,ry,state,tick) : 23,802 1 65,985 3,197 327,713 b9 i297663824
27349,8 tx hdr=0xF5 op=0x2D MOVE(x,y,z,rx,ry,state,tick) : 23,802 1 65,985 3,197 327,713 b9 i297663830
27355,6 tx hdr=0xF5 op=0x2D MOVE(x,y,z,rx,ry,state,tick) : 23,802 1 65,985 3,197 327,713 b9 i297663836
27361,2 tx hdr=0xF5 op=0x2D MOVE(x,y,z,rx,ry,state,tick) : 23,802 1 65,985 3,197 327,713 b9 i297663842
27365,6 tx hdr=0xF5 op=0x2D MOVE(x,y,z,rx,ry,state,tick) : 23,802 1 65,985 3,197 327,713 b9 i297663846
27372,8 tx hdr=0xF5 op=0x2D MOVE(x,y,z,rx,ry,state,tick) : 23,802 1 65,985 3,197 327,713 b9 i297663853
27376,8 tx hdr=0xF5 op=0x2D MOVE(x,y,z,rx,ry,state,tick) : 23,802 1 65,985 3,197 327,713 b9 i297663857
27386,0 tx hdr=0xF5 op=0x2D MOVE(x,y,z,rx,ry,state,tick) : 23,802 1 65,985 3,197 327,713 b9 i297663867
27388,5 tx hdr=0xF5 op=0x2D MOVE(x,y,z,rx,ry,state,tick) : 23,802 1 65,985 3,197 327,713 b9 i297663869
27397,7 tx hdr=0xF5 op=0x2D MOVE(x,y,z,rx,ry,state,tick) : 23,802 1 65,985 3,197 327,713 b9 i297663878
27403,5 tx hdr=0xF5 op=0x2D MOVE(x,y,z,rx,ry,state,tick) : 23,802 1 65,985 3,197 327,713 b9 i297663884
27408,8 tx hdr=0xF5 op=0x2D MOVE(x,y,z,rx,ry,state,tick) : 23,802 1 65,985 3,197 327,713 b9 i297663889
27413,2 tx hdr=0xF5 op=0x2D MOVE(x,y,z,rx,ry,state,tick) : 23,802 1 65,985 3,197 327,713 b9 i297663894
27420,5 tx hdr=0xF5 op=0x2D MOVE(x,y,z,rx,ry,state,tick) : 23,802 1 65,985 3,197 327,713 b9 i297663901
27423,6 tx hdr=0xF5 op=0x2D MOVE(x,y,z,rx,ry,state,tick) : 23,802 1 65,985 3,197 327,713 b9 i297663904
27431,2 tx hdr=0xF5 op=0x2D MOVE(x,y,z,rx,ry,state,tick) : 23,802 1 65,985 3,197 327,713 b9 i297663912
27437,9 tx hdr=0xF5 op=0x2D MOVE(x,y,z,rx,ry,state,tick) : 23,802 1 65,985 3,197 327,713 b9 i297663919
27442,1 tx hdr=0xF5 op=0x2D MOVE(x,y,z,rx,ry,state,tick) : 23,802 1 65,985 3,197 327,713 b9 i297663923
27449,5 tx hdr=0xF5 op=0x2D MOVE(x,y,z,rx,ry,state,tick) : 23,802 1 65,985 3,197 327,713 b9 i297663930
27455,7 tx hdr=0xF5 op=0x2D MOVE(x,y,z,rx,ry,state,tick) : 23,802 1 65,985 3,197 327,713 b9 i297663936
27461,7 tx hdr=0xF5 op=0x2D MOVE(x,y,z,rx,ry,state,tick) : 23,802 1 65,985 3,197 327,713 b9 i297663942
27465,7 tx hdr=0xF5 op=0x2D MOVE(x,y,z,rx,ry,state,tick) : 23,802 1 65,985 3,197 327,713 b9 i297663946
27474,0 tx hdr=0xF5 op=0x2D MOVE(x,y,z,rx,ry,state,tick) : 23,802 1 65,985 3,197 327,713 b9 i297663955
27477,7 tx hdr=0xF5 op=0x2D MOVE(x,y,z,rx,ry,state,tick) : 23,802 1 65,985 3,197 327,713 b9 i297663958
27486,0 tx hdr=0xF5 op=0x2D MOVE(x,y,z,rx,ry,state,tick) : 23,802 1 65,985 3,197 327,713 b9 i297663967
27488,5 tx hdr=0xF5 op=0x2D MOVE(x,y,z,rx,ry,state,tick) : 23,802 1 65,985 3,197 327,713 b9 i297663969
27497,2 tx hdr=0xF5 op=0x2D MOVE(x,y,z,rx,ry,state,tick) : 23,802 1 65,985 3,197 327,713 b9 i297663978
27502,7 tx hdr=0xF5 op=0x2D MOVE(x,y,z,rx,ry,state,tick) : 23,802 1 65,985 3,197 327,713 b9 i297663983
27507,6 tx hdr=0xF5 op=0x2D MOVE(x,y,z,rx,ry,state,tick) : 23,802 1 65,985 3,197 327,713 b9 i297663988
27512,6 tx hdr=0xF5 op=0x2D MOVE(x,y,z,rx,ry,state,tick) : 23,802 1 65,985 3,197 327,713 b9 i297663993
27520,1 tx hdr=0xF5 op=0x2D MOVE(x,y,z,rx,ry,state,tick) : 23,802 1 65,985 3,197 327,713 b9 i297664001
27523,2 tx hdr=0xF5 op=0x2D MOVE(x,y,z,rx,ry,state,tick) : 23,802 1 65,985 3,197 327,713 b9 i297664004
27531,7 tx hdr=0xF5 op=0x2D MOVE(x,y,z,rx,ry,state,tick) : 23,802 1 65,985 3,197 327,713 b9 i297664012
27537,3 tx hdr=0xF5 op=0x2D MOVE(x,y,z,rx,ry,state,tick) : 23,802 1 65,985 3,197 327,713 b9 i297664018
27542,4 tx hdr=0xF5 op=0x2D MOVE(x,y,z,rx,ry,state,tick) : 23,802 1 65,985 3,197 327,713 b9 i297664023
27547,5 tx hdr=0xF5 op=0x2D MOVE(x,y,z,rx,ry,state,tick) : 23,802 1 65,985 3,197 327,713 b9 i297664028
27553,8 tx hdr=0xF5 op=0x2D MOVE(x,y,z,rx,ry,state,tick) : 23,802 1 65,985 3,197 327,713 b9 i297664034
27558,1 tx hdr=0xF5 op=0x2D MOVE(x,y,z,rx,ry,state,tick) : 23,802 1 65,985 3,197 327,713 b9 i297664039
27564,5 tx hdr=0xF5 op=0x2D MOVE(x,y,z,rx,ry,state,tick) : 23,802 1 65,985 3,197 327,713 b9 i297664045
27569,8 tx hdr=0xF5 op=0x2D MOVE(x,y,z,rx,ry,state,tick) : 23,802 1 65,985 3,197 327,713 b9 i297664051
27576,4 tx hdr=0xF5 op=0x2D MOVE(x,y,z,rx,ry,state,tick) : 23,802 1 65,985 3,197 327,713 b9 i297664057
27580,0 tx hdr=0xF5 op=0x2D MOVE(x,y,z,rx,ry,state,tick) : 23,802 1 65,985 3,197 327,713 b9 i297664061
27587,7 tx hdr=0xF5 op=0x2D MOVE(x,y,z,rx,ry,state,tick) : 23,802 1 65,985 3,197 327,713 b9 i297664068
27590,9 tx hdr=0xF5 op=0x2D MOVE(x,y,z,rx,ry,state,tick) : 23,802 1 65,985 3,197 327,713 b9 i297664072
27599,3 tx hdr=0xF5 op=0x2D MOVE(x,y,z,rx,ry,state,tick) : 23,802 1 65,985 3,197 327,713 b9 i297664080
27604,1 tx hdr=0xF5 op=0x2D MOVE(x,y,z,rx,ry,state,tick) : 23,802 1 65,985 3,197 327,713 b9 i297664085
27611,8 tx hdr=0xF5 op=0x2D MOVE(x,y,z,rx,ry,state,tick) : 23,802 1 65,985 3,197 327,713 b9 i297664092
27617,5 tx hdr=0xF5 op=0x2D MOVE(x,y,z,rx,ry,state,tick) : 23,802 1 65,985 3,197 327,713 b9 i297664098
27622,3 tx hdr=0xF5 op=0x2D MOVE(x,y,z,rx,ry,state,tick) : 23,802 1 65,985 3,197 327,713 b9 i297664103
27627,6 tx hdr=0xF5 op=0x2D MOVE(x,y,z,rx,ry,state,tick) : 23,802 1 65,985 3,197 327,713 b9 i297664108
27632,5 tx hdr=0xF5 op=0x2D MOVE(x,y,z,rx,ry,state,tick) : 23,802 1 65,985 3,197 327,713 b9 i297664113
27638,9 tx hdr=0xF5 op=0x2D MOVE(x,y,z,rx,ry,state,tick) : 23,802 1 65,985 3,197 327,713 b9 i297664120
27642,9 tx hdr=0xF5 op=0x2D MOVE(x,y,z,rx,ry,state,tick) : 23,802 1 65,985 3,197 327,713 b9 i297664124
27649,4 tx hdr=0xF5 op=0x2D MOVE(x,y,z,rx,ry,state,tick) : 23,802 1 65,985 3,197 327,713 b9 i297664130
27654,5 tx hdr=0xF5 op=0x2D MOVE(x,y,z,rx,ry,state,tick) : 23,802 1 65,985 3,197 327,713 b9 i297664135
27660,9 tx hdr=0xF5 op=0x2D MOVE(x,y,z,rx,ry,state,tick) : 23,802 1 65,985 3,197 327,713 b9 i297664142
27664,7 tx hdr=0xF5 op=0x2D MOVE(x,y,z,rx,ry,state,tick) : 23,802 1 65,985 3,197 327,713 b9 i297664145
27673,6 tx hdr=0xF5 op=0x2D MOVE(x,y,z,rx,ry,state,tick) : 23,802 1 65,985 3,197 327,713 b9 i297664154
27677,4 tx hdr=0xF5 op=0x2D MOVE(x,y,z,rx,ry,state,tick) : 23,802 1 65,985 3,197 327,713 b9 i297664158
27687,8 tx hdr=0xF5 op=0x2D MOVE(x,y,z,rx,ry,state,tick) : 23,802 1 65,985 3,197 327,713 b9 i297664169
27689,4 tx hdr=0xF5 op=0x2D MOVE(x,y,z,rx,ry,state,tick) : 23,802 1 65,985 3,197 327,713 b9 i297664170
27699,1 tx hdr=0xF5 op=0x2D MOVE(x,y,z,rx,ry,state,tick) : 23,802 1 65,985 3,197 327,713 b9 i297664180
27703,5 tx hdr=0xF5 op=0x2D MOVE(x,y,z,rx,ry,state,tick) : 23,802 1 65,985 3,197 327,713 b9 i297664184
27711,5 tx hdr=0xF5 op=0x2D MOVE(x,y,z,rx,ry,state,tick) : 23,802 1 65,985 3,197 327,713 b9 i297664192
27714,0 tx hdr=0xF5 op=0x2D MOVE(x,y,z,rx,ry,state,tick) : 23,802 1 65,985 3,197 327,713 b9 i297664195
27725,1 tx hdr=0xF5 op=0x2D MOVE(x,y,z,rx,ry,state,tick) : 23,802 1 65,985 3,197 327,713 b9 i297664206
27726,9 tx hdr=0xF5 op=0x2D MOVE(x,y,z,rx,ry,state,tick) : 23,802 1 65,985 3,197 327,713 b9 i297664208
27737,2 tx hdr=0xF5 op=0x2D MOVE(x,y,z,rx,ry,state,tick) : 23,802 1 65,985 3,197 327,713 b9 i297664218
27739,9 tx hdr=0xF5 op=0x2D MOVE(x,y,z,rx,ry,state,tick) : 23,802 1 65,985 3,197 327,713 b9 i297664221
27748,4 tx hdr=0xF5 op=0x2D MOVE(x,y,z,rx,ry,state,tick) : 23,802 1 65,985 3,197 327,713 b9 i297664229
27753,4 tx hdr=0xF5 op=0x2D MOVE(x,y,z,rx,ry,state,tick) : 23,802 1 65,985 3,197 327,713 b9 i297664234
27760,0 tx hdr=0xF5 op=0x2D MOVE(x,y,z,rx,ry,state,tick) : 23,802 1 65,985 3,197 327,713 b9 i297664241
27763,5 tx hdr=0xF5 op=0x2D MOVE(x,y,z,rx,ry,state,tick) : 23,802 1 65,985 3,197 327,713 b9 i297664244
27771,2 tx hdr=0xF5 op=0x2D MOVE(x,y,z,rx,ry,state,tick) : 23,802 1 65,985 3,197 327,713 b9 i297664252
27775,2 tx hdr=0xF5 op=0x2D MOVE(x,y,z,rx,ry,state,tick) : 23,802 1 65,985 3,197 327,713 b9 i297664256
27785,3 tx hdr=0xF5 op=0x2D MOVE(x,y,z,rx,ry,state,tick) : 23,802 1 65,985 3,197 327,713 b9 i297664266
27787,7 tx hdr=0xF5 op=0x2D MOVE(x,y,z,rx,ry,state,tick) : 23,802 1 65,985 3,197 327,713 b9 i297664268
27797,0 tx hdr=0xF5 op=0x2D MOVE(x,y,z,rx,ry,state,tick) : 23,802 1 65,985 3,197 327,713 b9 i297664278
27802,6 tx hdr=0xF5 op=0x2D MOVE(x,y,z,rx,ry,state,tick) : 23,802 1 65,985 3,197 327,713 b9 i297664283
27808,2 tx hdr=0xF5 op=0x2D MOVE(x,y,z,rx,ry,state,tick) : 23,802 1 65,985 3,197 327,713 b9 i297664289
27812,3 tx hdr=0xF5 op=0x2D MOVE(x,y,z,rx,ry,state,tick) : 23,802 1 65,985 3,197 327,713 b9 i297664293
27820,3 tx hdr=0xF5 op=0x2D MOVE(x,y,z,rx,ry,state,tick) : 23,802 1 65,985 3,197 327,713 b9 i297664301
27822,8 tx hdr=0xF5 op=0x2D MOVE(x,y,z,rx,ry,state,tick) : 23,802 1 65,985 3,197 327,713 b9 i297664304
27831,4 tx hdr=0xF5 op=0x2D MOVE(x,y,z,rx,ry,state,tick) : 23,802 1 65,985 3,197 327,713 b9 i297664312
27836,9 tx hdr=0xF5 op=0x2D MOVE(x,y,z,rx,ry,state,tick) : 23,802 1 65,985 3,197 327,713 b9 i297664318
27841,9 tx hdr=0xF5 op=0x2D MOVE(x,y,z,rx,ry,state,tick) : 23,802 1 65,985 3,197 327,713 b9 i297664323
27847,3 tx hdr=0xF5 op=0x2D MOVE(x,y,z,rx,ry,state,tick) : 23,802 1 65,985 3,197 327,713 b9 i297664328
27852,8 tx hdr=0xF5 op=0x2D MOVE(x,y,z,rx,ry,state,tick) : 23,802 1 65,985 3,197 327,713 b9 i297664333
27859,4 tx hdr=0xF5 op=0x2D MOVE(x,y,z,rx,ry,state,tick) : 23,802 1 65,985 3,197 327,713 b9 i297664340
27862,7 tx hdr=0xF5 op=0x2D MOVE(x,y,z,rx,ry,state,tick) : 23,802 1 65,985 3,197 327,713 b9 i297664343
27871,0 tx hdr=0xF5 op=0x2D MOVE(x,y,z,rx,ry,state,tick) : 23,802 1 65,985 3,197 327,713 b9 i297664352
27874,2 tx hdr=0xF5 op=0x2D MOVE(x,y,z,rx,ry,state,tick) : 23,802 1 65,985 3,197 327,713 b9 i297664355
27882,2 tx hdr=0xF5 op=0x2D MOVE(x,y,z,rx,ry,state,tick) : 23,802 1 65,985 3,197 327,713 b9 i297664363
27886,6 tx hdr=0xF5 op=0x2D MOVE(x,y,z,rx,ry,state,tick) : 23,802 1 65,985 3,197 327,713 b9 i297664367
27893,3 tx hdr=0xF5 op=0x2D MOVE(x,y,z,rx,ry,state,tick) : 23,802 1 65,985 3,197 327,713 b9 i297664374
27897,9 tx hdr=0xF5 op=0x2D MOVE(x,y,z,rx,ry,state,tick) : 23,802 1 65,985 3,197 327,713 b9 i297664379
27904,6 tx hdr=0xF5 op=0x2D MOVE(x,y,z,rx,ry,state,tick) : 23,802 1 65,985 3,197 327,713 b9 i297664385
27908,2 tx hdr=0xF5 op=0x2D MOVE(x,y,z,rx,ry,state,tick) : 23,802 1 65,985 3,197 327,713 b9 i297664389
27919,3 tx hdr=0xF5 op=0x2D MOVE(x,y,z,rx,ry,state,tick) : 23,802 1 65,985 3,197 327,713 b9 i297664400
27921,2 tx hdr=0xF5 op=0x2D MOVE(x,y,z,rx,ry,state,tick) : 23,802 1 65,985 3,197 327,713 b9 i297664402
27930,2 tx hdr=0xF5 op=0x2D MOVE(x,y,z,rx,ry,state,tick) : 23,802 1 65,985 3,197 327,713 b9 i297664411
27935,9 tx hdr=0xF5 op=0x2D MOVE(x,y,z,rx,ry,state,tick) : 23,802 1 65,985 3,197 327,713 b9 i297664417
27940,9 tx hdr=0xF5 op=0x2D MOVE(x,y,z,rx,ry,state,tick) : 23,802 1 65,985 3,197 327,713 b9 i297664422
27946,3 tx hdr=0xF5 op=0x2D MOVE(x,y,z,rx,ry,state,tick) : 23,802 1 65,985 3,197 327,713 b9 i297664427
27952,3 tx hdr=0xF5 op=0x2D MOVE(x,y,z,rx,ry,state,tick) : 23,802 1 65,985 3,197 327,713 b9 i297664433
27957,4 tx hdr=0xF5 op=0x2D MOVE(x,y,z,rx,ry,state,tick) : 23,802 1 65,985 3,197 327,713 b9 i297664438
27961,9 tx hdr=0xF5 op=0x2D MOVE(x,y,z,rx,ry,state,tick) : 23,802 1 65,985 3,197 327,713 b9 i297664443
27968,4 tx hdr=0xF5 op=0x2D MOVE(x,y,z,rx,ry,state,tick) : 23,802 1 65,985 3,197 327,713 b9 i297664449
27972,1 tx hdr=0xF5 op=0x2D MOVE(x,y,z,rx,ry,state,tick) : 23,802 1 65,985 3,197 327,713 b9 i297664453
27980,0 tx hdr=0xF5 op=0x2D MOVE(x,y,z,rx,ry,state,tick) : 23,802 1 65,985 3,197 327,713 b9 i297664461
27985,2 tx hdr=0xF5 op=0x2D MOVE(x,y,z,rx,ry,state,tick) : 23,802 1 65,985 3,197 327,713 b9 i297664466
27990,7 tx hdr=0xF5 op=0x2D MOVE(x,y,z,rx,ry,state,tick) : 23,802 1 65,985 3,197 327,713 b9 i297664471
27995,4 tx hdr=0xF5 op=0x2D MOVE(x,y,z,rx,ry,state,tick) : 23,802 1 65,985 3,197 327,713 b9 i297664476
28001,8 tx hdr=0xF5 op=0x2D MOVE(x,y,z,rx,ry,state,tick) : 23,802 1 65,985 3,197 327,713 b9 i297664482
28005,4 tx hdr=0xF5 op=0x2D MOVE(x,y,z,rx,ry,state,tick) : 23,802 1 65,985 3,197 327,713 b9 i297664486
28012,8 tx hdr=0xF5 op=0x2D MOVE(x,y,z,rx,ry,state,tick) : 23,802 1 65,985 3,197 327,713 b9 i297664493
28019,3 tx hdr=0xF5 op=0x2D MOVE(x,y,z,rx,ry,state,tick) : 23,802 1 65,985 3,197 327,713 b9 i297664500
28023,0 tx hdr=0xF5 op=0x2D MOVE(x,y,z,rx,ry,state,tick) : 23,802 1 65,985 3,197 327,713 b9 i297664504
28030,1 tx hdr=0xF5 op=0x2D MOVE(x,y,z,rx,ry,state,tick) : 23,802 1 65,985 3,197 327,713 b9 i297664511
28036,2 tx hdr=0xF5 op=0x2D MOVE(x,y,z,rx,ry,state,tick) : 23,802 1 65,985 3,197 327,713 b9 i297664517
28040,6 tx hdr=0xF5 op=0x2D MOVE(x,y,z,rx,ry,state,tick) : 23,802 1 65,985 3,197 327,713 b9 i297664521
28047,0 tx hdr=0xF5 op=0x2D MOVE(x,y,z,rx,ry,state,tick) : 23,802 1 65,985 3,197 327,713 b9 i297664528
28052,2 tx hdr=0xF5 op=0x2D MOVE(x,y,z,rx,ry,state,tick) : 23,802 1 65,985 3,197 327,713 b9 i297664533
28058,5 tx hdr=0xF5 op=0x2D MOVE(x,y,z,rx,ry,state,tick) : 23,802 1 65,985 3,197 327,713 b9 i297664539
28062,2 tx hdr=0xF5 op=0x2D MOVE(x,y,z,rx,ry,state,tick) : 23,802 1 65,985 3,197 327,713 b9 i297664543
28070,2 tx hdr=0xF5 op=0x2D MOVE(x,y,z,rx,ry,state,tick) : 23,802 1 65,985 3,197 327,713 b9 i297664551
28073,6 tx hdr=0xF5 op=0x2D MOVE(x,y,z,rx,ry,state,tick) : 23,802 1 65,985 3,197 327,713 b9 i297664554
28081,9 tx hdr=0xF5 op=0x2D MOVE(x,y,z,rx,ry,state,tick) : 23,802 1 65,985 3,197 327,713 b9 i297664563
28086,6 tx hdr=0xF5 op=0x2D MOVE(x,y,z,rx,ry,state,tick) : 23,802 1 65,985 3,197 327,713 b9 i297664567
28093,8 tx hdr=0xF5 op=0x2D MOVE(x,y,z,rx,ry,state,tick) : 23,802 1 65,985 3,197 327,713 b9 i297664575
28098,5 tx hdr=0xF5 op=0x2D MOVE(x,y,z,rx,ry,state,tick) : 23,802 1 65,985 3,197 327,713 b9 i297664579
28105,0 tx hdr=0xF5 op=0x2D MOVE(x,y,z,rx,ry,state,tick) : 23,802 1 65,985 3,197 327,713 b9 i297664586
28109,0 tx hdr=0xF5 op=0x2D MOVE(x,y,z,rx,ry,state,tick) : 23,802 1 65,985 3,197 327,713 b9 i297664590
28119,0 tx hdr=0xF5 op=0x2D MOVE(x,y,z,rx,ry,state,tick) : 23,802 1 65,985 3,197 327,713 b9 i297664600
28121,1 tx hdr=0xF5 op=0x2D MOVE(x,y,z,rx,ry,state,tick) : 23,802 1 65,985 3,197 327,713 b9 i297664602
28129,9 tx hdr=0xF5 op=0x2D MOVE(x,y,z,rx,ry,state,tick) : 23,802 1 65,985 3,197 327,713 b9 i297664611
28136,5 tx hdr=0xF5 op=0x2D MOVE(x,y,z,rx,ry,state,tick) : 23,802 1 65,985 3,197 327,713 b9 i297664617
28140,3 tx hdr=0xF5 op=0x2D MOVE(x,y,z,rx,ry,state,tick) : 23,802 1 65,985 3,197 327,713 b9 i297664621
28147,0 tx hdr=0xF5 op=0x2D MOVE(x,y,z,rx,ry,state,tick) : 23,802 1 65,985 3,197 327,713 b9 i297664628
28152,3 tx hdr=0xF5 op=0x2D MOVE(x,y,z,rx,ry,state,tick) : 23,802 1 65,985 3,197 327,713 b9 i297664633
28159,3 tx hdr=0xF5 op=0x2D MOVE(x,y,z,rx,ry,state,tick) : 23,802 1 65,985 3,197 327,713 b9 i297664640
28162,8 tx hdr=0xF5 op=0x2D MOVE(x,y,z,rx,ry,state,tick) : 23,802 1 65,985 3,197 327,713 b9 i297664644
28171,1 tx hdr=0xF5 op=0x2D MOVE(x,y,z,rx,ry,state,tick) : 23,802 1 65,985 3,197 327,713 b9 i297664652
28174,4 tx hdr=0xF5 op=0x2D MOVE(x,y,z,rx,ry,state,tick) : 23,802 1 65,985 3,197 327,713 b9 i297664655
28185,1 tx hdr=0xF5 op=0x2D MOVE(x,y,z,rx,ry,state,tick) : 23,802 1 65,985 3,197 327,713 b9 i297664666
28187,0 tx hdr=0xF5 op=0x2D MOVE(x,y,z,rx,ry,state,tick) : 23,802 1 65,985 3,197 327,713 b9 i297664668
28196,5 tx hdr=0xF5 op=0x2D MOVE(x,y,z,rx,ry,state,tick) : 23,802 1 65,985 3,197 327,713 b9 i297664677
28201,2 tx hdr=0xF5 op=0x2D MOVE(x,y,z,rx,ry,state,tick) : 23,802 1 65,985 3,197 327,713 b9 i297664682
28207,2 tx hdr=0xF5 op=0x2D MOVE(x,y,z,rx,ry,state,tick) : 23,802 1 65,985 3,197 327,713 b9 i297664688
28211,1 tx hdr=0xF5 op=0x2D MOVE(x,y,z,rx,ry,state,tick) : 23,802 1 65,985 3,197 327,713 b9 i297664692
28218,6 tx hdr=0xF5 op=0x2D MOVE(x,y,z,rx,ry,state,tick) : 23,802 1 65,985 3,197 327,713 b9 i297664699
28221,8 tx hdr=0xF5 op=0x2D MOVE(x,y,z,rx,ry,state,tick) : 23,802 1 65,985 3,197 327,713 b9 i297664702
28229,9 tx hdr=0xF5 op=0x2D MOVE(x,y,z,rx,ry,state,tick) : 23,802 1 65,985 3,197 327,713 b9 i297664711
28235,6 tx hdr=0xF5 op=0x2D MOVE(x,y,z,rx,ry,state,tick) : 23,802 1 65,985 3,197 327,713 b9 i297664716
28235,7 # net: TcpClient.Connected = False
28240,2 tx hdr=0xF5 op=0x2D MOVE(x,y,z,rx,ry,state,tick) : 23,802 1 65,985 3,197 327,713 b9 i297664721
28246,3 tx hdr=0xF5 op=0x2D MOVE(x,y,z,rx,ry,state,tick) : 23,802 1 65,985 3,197 327,713 b9 i297664727
28251,1 tx hdr=0xF5 op=0x2D MOVE(x,y,z,rx,ry,state,tick) : 23,802 1 65,985 3,197 327,713 b9 i297664732
28257,8 tx hdr=0xF5 op=0x2D MOVE(x,y,z,rx,ry,state,tick) : 23,802 1 65,985 3,197 327,713 b9 i297664739
28261,0 tx hdr=0xF5 op=0x2D MOVE(x,y,z,rx,ry,state,tick) : 23,802 1 65,985 3,197 327,713 b9 i297664742
28268,8 tx hdr=0xF5 op=0x2D MOVE(x,y,z,rx,ry,state,tick) : 23,802 1 65,985 3,197 327,713 b9 i297664749
28272,1 tx hdr=0xF5 op=0x2D MOVE(x,y,z,rx,ry,state,tick) : 23,802 1 65,985 3,197 327,713 b9 i297664753
28280,3 tx hdr=0xF5 op=0x2D MOVE(x,y,z,rx,ry,state,tick) : 23,802 1 65,985 3,197 327,713 b9 i297664761
28285,2 tx hdr=0xF5 op=0x2D MOVE(x,y,z,rx,ry,state,tick) : 23,802 1 65,985 3,197 327,713 b9 i297664766
28292,0 tx hdr=0xF5 op=0x2D MOVE(x,y,z,rx,ry,state,tick) : 23,802 1 65,985 3,197 327,713 b9 i297664773
28296,4 tx hdr=0xF5 op=0x2D MOVE(x,y,z,rx,ry,state,tick) : 23,802 1 65,985 3,197 327,713 b9 i297664777
28303,5 tx hdr=0xF5 op=0x2D MOVE(x,y,z,rx,ry,state,tick) : 23,802 1 65,985 3,197 327,713 b9 i297664784
28306,7 tx hdr=0xF5 op=0x2D MOVE(x,y,z,rx,ry,state,tick) : 23,802 1 65,985 3,197 327,713 b9 i297664787
28314,2 tx hdr=0xF5 op=0x2D MOVE(x,y,z,rx,ry,state,tick) : 23,802 1 65,985 3,197 327,713 b9 i297664795
28321,1 tx hdr=0xF5 op=0x2D MOVE(x,y,z,rx,ry,state,tick) : 23,802 1 65,985 3,197 327,713 b9 i297664802
28324,3 tx hdr=0xF5 op=0x2D MOVE(x,y,z,rx,ry,state,tick) : 23,802 1 65,985 3,197 327,713 b9 i297664805
28336,3 tx hdr=0xF5 op=0x2D MOVE(x,y,z,rx,ry,state,tick) : 23,802 1 65,985 3,197 327,713 b9 i297664817
28338,5 tx hdr=0xF5 op=0x2D MOVE(x,y,z,rx,ry,state,tick) : 23,802 1 65,985 3,197 327,713 b9 i297664819
28348,4 tx hdr=0xF5 op=0x2D MOVE(x,y,z,rx,ry,state,tick) : 23,802 1 65,985 3,197 327,713 b9 i297664829
28351,9 tx hdr=0xF5 op=0x2D MOVE(x,y,z,rx,ry,state,tick) : 23,802 1 65,985 3,197 327,713 b9 i297664833
28360,0 tx hdr=0xF5 op=0x2D MOVE(x,y,z,rx,ry,state,tick) : 23,802 1 65,985 3,197 327,713 b9 i297664841
28363,7 tx hdr=0xF5 op=0x2D MOVE(x,y,z,rx,ry,state,tick) : 23,802 1 65,985 3,197 327,713 b9 i297664844
28373,7 tx hdr=0xF5 op=0x2D MOVE(x,y,z,rx,ry,state,tick) : 23,802 1 65,985 3,197 327,713 b9 i297664854
28377,9 tx hdr=0xF5 op=0x2D MOVE(x,y,z,rx,ry,state,tick) : 23,802 1 65,985 3,197 327,713 b9 i297664859
28387,6 tx hdr=0xF5 op=0x2D MOVE(x,y,z,rx,ry,state,tick) : 23,802 1 65,985 3,197 327,713 b9 i297664868
28389,8 tx hdr=0xF5 op=0x2D MOVE(x,y,z,rx,ry,state,tick) : 23,802 1 65,985 3,197 327,713 b9 i297664870
28401,1 tx hdr=0xF5 op=0x2D MOVE(x,y,z,rx,ry,state,tick) : 23,802 1 65,985 3,197 327,713 b9 i297664882
28403,2 tx hdr=0xF5 op=0x2D MOVE(x,y,z,rx,ry,state,tick) : 23,802 1 65,985 3,197 327,713 b9 i297664884
28412,2 tx hdr=0xF5 op=0x2D MOVE(x,y,z,rx,ry,state,tick) : 23,802 1 65,985 3,197 327,713 b9 i297664893
28418,4 tx hdr=0xF5 op=0x2D MOVE(x,y,z,rx,ry,state,tick) : 23,802 1 65,985 3,197 327,713 b9 i297664899
28423,2 tx hdr=0xF5 op=0x2D MOVE(x,y,z,rx,ry,state,tick) : 23,802 1 65,985 3,197 327,713 b9 i297664904
28428,4 tx hdr=0xF5 op=0x2D MOVE(x,y,z,rx,ry,state,tick) : 23,802 1 65,985 3,197 327,713 b9 i297664909
28434,2 tx hdr=0xF5 op=0x2D MOVE(x,y,z,rx,ry,state,tick) : 23,802 1 65,985 3,197 327,713 b9 i297664915
28439,1 tx hdr=0xF5 op=0x2D MOVE(x,y,z,rx,ry,state,tick) : 23,802 1 65,985 3,197 327,713 b9 i297664920
28444,7 tx hdr=0xF5 op=0x2D MOVE(x,y,z,rx,ry,state,tick) : 23,802 1 65,985 3,197 327,713 b9 i297664925
28451,0 tx hdr=0xF5 op=0x2D MOVE(x,y,z,rx,ry,state,tick) : 23,802 1 65,985 3,197 327,713 b9 i297664932
28455,7 tx hdr=0xF5 op=0x2D MOVE(x,y,z,rx,ry,state,tick) : 23,802 1 65,985 3,197 327,713 b9 i297664936
28462,5 tx hdr=0xF5 op=0x2D MOVE(x,y,z,rx,ry,state,tick) : 23,802 1 65,985 3,197 327,713 b9 i297664943
28467,7 tx hdr=0xF5 op=0x2D MOVE(x,y,z,rx,ry,state,tick) : 23,802 1 65,985 3,197 327,713 b9 i297664948
28473,8 tx hdr=0xF5 op=0x2D MOVE(x,y,z,rx,ry,state,tick) : 23,802 1 65,985 3,197 327,713 b9 i297664955
28478,4 tx hdr=0xF5 op=0x2D MOVE(x,y,z,rx,ry,state,tick) : 23,802 1 65,985 3,197 327,713 b9 i297664959
28485,5 tx hdr=0xF5 op=0x2D MOVE(x,y,z,rx,ry,state,tick) : 23,802 1 65,985 3,197 327,713 b9 i297664966
28488,9 tx hdr=0xF5 op=0x2D MOVE(x,y,z,rx,ry,state,tick) : 23,802 1 65,985 3,197 327,713 b9 i297664970
28497,9 tx hdr=0xF5 op=0x2D MOVE(x,y,z,rx,ry,state,tick) : 23,802 1 65,985 3,197 327,713 b9 i297664979
28502,3 tx hdr=0xF5 op=0x2D MOVE(x,y,z,rx,ry,state,tick) : 23,802 1 65,985 3,197 327,713 b9 i297664983
28509,4 tx hdr=0xF5 op=0x2D MOVE(x,y,z,rx,ry,state,tick) : 23,802 1 65,985 3,197 327,713 b9 i297664990
28513,3 tx hdr=0xF5 op=0x2D MOVE(x,y,z,rx,ry,state,tick) : 23,802 1 65,985 3,197 327,713 b9 i297664994
28521,6 tx hdr=0xF5 op=0x2D MOVE(x,y,z,rx,ry,state,tick) : 23,802 1 65,985 3,197 327,713 b9 i297665002
28524,3 tx hdr=0xF5 op=0x2D MOVE(x,y,z,rx,ry,state,tick) : 23,802 1 65,985 3,197 327,713 b9 i297665005
28533,3 tx hdr=0xF5 op=0x2D MOVE(x,y,z,rx,ry,state,tick) : 23,802 1 65,985 3,197 327,713 b9 i297665014
28537,4 tx hdr=0xF5 op=0x2D MOVE(x,y,z,rx,ry,state,tick) : 23,802 1 65,985 3,197 327,713 b9 i297665018
28544,0 tx hdr=0xF5 op=0x2D MOVE(x,y,z,rx,ry,state,tick) : 23,802 1 65,985 3,197 327,713 b9 i297665025
28550,4 tx hdr=0xF5 op=0x2D MOVE(x,y,z,rx,ry,state,tick) : 23,802 1 65,985 3,197 327,713 b9 i297665031
28555,3 tx hdr=0xF5 op=0x2D MOVE(x,y,z,rx,ry,state,tick) : 23,802 1 65,985 3,197 327,713 b9 i297665036
28560,9 tx hdr=0xF5 op=0x2D MOVE(x,y,z,rx,ry,state,tick) : 23,802 1 65,985 3,197 327,713 b9 i297665042
28566,7 tx hdr=0xF5 op=0x2D MOVE(x,y,z,rx,ry,state,tick) : 23,802 1 65,985 3,197 327,713 b9 i297665047
28570,9 tx hdr=0xF5 op=0x2D MOVE(x,y,z,rx,ry,state,tick) : 23,802 1 65,985 3,197 327,713 b9 i297665052
28577,8 tx hdr=0xF5 op=0x2D MOVE(x,y,z,rx,ry,state,tick) : 23,802 1 65,985 3,197 327,713 b9 i297665059
28583,4 tx hdr=0xF5 op=0x2D MOVE(x,y,z,rx,ry,state,tick) : 23,802 1 65,985 3,197 327,713 b9 i297665064
28588,0 tx hdr=0xF5 op=0x2D MOVE(x,y,z,rx,ry,state,tick) : 23,802 1 65,985 3,197 327,713 b9 i297665069
28594,3 tx hdr=0xF5 op=0x2D MOVE(x,y,z,rx,ry,state,tick) : 23,802 1 65,985 3,197 327,713 b9 i297665075
28600,9 tx hdr=0xF5 op=0x2D MOVE(x,y,z,rx,ry,state,tick) : 23,802 1 65,985 3,197 327,713 b9 i297665082
28604,2 tx hdr=0xF5 op=0x2D MOVE(x,y,z,rx,ry,state,tick) : 23,802 1 65,985 3,197 327,713 b9 i297665085
28611,6 tx hdr=0xF5 op=0x2D MOVE(x,y,z,rx,ry,state,tick) : 23,802 1 65,985 3,197 327,713 b9 i297665092
28617,6 tx hdr=0xF5 op=0x2D MOVE(x,y,z,rx,ry,state,tick) : 23,802 1 65,985 3,197 327,713 b9 i297665098
28621,6 tx hdr=0xF5 op=0x2D MOVE(x,y,z,rx,ry,state,tick) : 23,802 1 65,985 3,197 327,713 b9 i297665102
28628,3 tx hdr=0xF5 op=0x2D MOVE(x,y,z,rx,ry,state,tick) : 23,802 1 65,985 3,197 327,713 b9 i297665109
28633,6 tx hdr=0xF5 op=0x2D MOVE(x,y,z,rx,ry,state,tick) : 23,802 1 65,985 3,197 327,713 b9 i297665114
28640,5 tx hdr=0xF5 op=0x2D MOVE(x,y,z,rx,ry,state,tick) : 23,802 1 65,985 3,197 327,713 b9 i297665121
28643,9 tx hdr=0xF5 op=0x2D MOVE(x,y,z,rx,ry,state,tick) : 23,802 1 65,985 3,197 327,713 b9 i297665125
28652,1 tx hdr=0xF5 op=0x2D MOVE(x,y,z,rx,ry,state,tick) : 23,802 1 65,985 3,197 327,713 b9 i297665133
28656,0 tx hdr=0xF5 op=0x2D MOVE(x,y,z,rx,ry,state,tick) : 23,802 1 65,985 3,197 327,713 b9 i297665137
28663,1 tx hdr=0xF5 op=0x2D MOVE(x,y,z,rx,ry,state,tick) : 23,802 1 65,985 3,197 327,713 b9 i297665144
28668,3 tx hdr=0xF5 op=0x2D MOVE(x,y,z,rx,ry,state,tick) : 23,802 1 65,985 3,197 327,713 b9 i297665149
28673,7 tx hdr=0xF5 op=0x2D MOVE(x,y,z,rx,ry,state,tick) : 23,802 1 65,985 3,197 327,713 b9 i297665154
28679,5 tx hdr=0xF5 op=0x2D MOVE(x,y,z,rx,ry,state,tick) : 23,802 1 65,985 3,197 327,713 b9 i297665160
28684,1 tx hdr=0xF5 op=0x2D MOVE(x,y,z,rx,ry,state,tick) : 23,802 1 65,985 3,197 327,713 b9 i297665165
28690,3 tx hdr=0xF5 op=0x2D MOVE(x,y,z,rx,ry,state,tick) : 23,802 1 65,985 3,197 327,713 b9 i297665171
28694,5 tx hdr=0xF5 op=0x2D MOVE(x,y,z,rx,ry,state,tick) : 23,802 1 65,985 3,197 327,713 b9 i297665175
28702,1 tx hdr=0xF5 op=0x2D MOVE(x,y,z,rx,ry,state,tick) : 23,802 1 65,985 3,197 327,713 b9 i297665183
28705,1 tx hdr=0xF5 op=0x2D MOVE(x,y,z,rx,ry,state,tick) : 23,802 1 65,985 3,197 327,713 b9 i297665186
28712,8 tx hdr=0xF5 op=0x2D MOVE(x,y,z,rx,ry,state,tick) : 23,802 1 65,985 3,197 327,713 b9 i297665193
28718,3 tx hdr=0xF5 op=0x2D MOVE(x,y,z,rx,ry,state,tick) : 23,802 1 65,985 3,197 327,713 b9 i297665199
28722,8 tx hdr=0xF5 op=0x2D MOVE(x,y,z,rx,ry,state,tick) : 23,802 1 65,985 3,197 327,713 b9 i297665204
28729,2 tx hdr=0xF5 op=0x2D MOVE(x,y,z,rx,ry,state,tick) : 23,802 1 65,985 3,197 327,713 b9 i297665210
28734,2 tx hdr=0xF5 op=0x2D MOVE(x,y,z,rx,ry,state,tick) : 23,802 1 65,985 3,197 327,713 b9 i297665215
28741,1 tx hdr=0xF5 op=0x2D MOVE(x,y,z,rx,ry,state,tick) : 23,802 1 65,985 3,197 327,713 b9 i297665222
28744,6 tx hdr=0xF5 op=0x2D MOVE(x,y,z,rx,ry,state,tick) : 23,802 1 65,985 3,197 327,713 b9 i297665225
28752,7 tx hdr=0xF5 op=0x2D MOVE(x,y,z,rx,ry,state,tick) : 23,802 1 65,985 3,197 327,713 b9 i297665233
28756,6 tx hdr=0xF5 op=0x2D MOVE(x,y,z,rx,ry,state,tick) : 23,802 1 65,985 3,197 327,713 b9 i297665237
28766,0 tx hdr=0xF5 op=0x2D MOVE(x,y,z,rx,ry,state,tick) : 23,802 1 65,985 3,197 327,713 b9 i297665247
28768,5 tx hdr=0xF5 op=0x2D MOVE(x,y,z,rx,ry,state,tick) : 23,802 1 65,985 3,197 327,713 b9 i297665249
28777,9 tx hdr=0xF5 op=0x2D MOVE(x,y,z,rx,ry,state,tick) : 23,802 1 65,985 3,197 327,713 b9 i297665259
28783,8 tx hdr=0xF5 op=0x2D MOVE(x,y,z,rx,ry,state,tick) : 23,802 1 65,985 3,197 327,713 b9 i297665265
28790,0 tx hdr=0xF5 op=0x2D MOVE(x,y,z,rx,ry,state,tick) : 23,802 1 65,985 3,197 327,713 b9 i297665271
28793,9 tx hdr=0xF5 op=0x2D MOVE(x,y,z,rx,ry,state,tick) : 23,802 1 65,985 3,197 327,713 b9 i297665275
28802,2 tx hdr=0xF5 op=0x2D MOVE(x,y,z,rx,ry,state,tick) : 23,802 1 65,985 3,197 327,713 b9 i297665283
28804,9 tx hdr=0xF5 op=0x2D MOVE(x,y,z,rx,ry,state,tick) : 23,802 1 65,985 3,197 327,713 b9 i297665286
28813,3 tx hdr=0xF5 op=0x2D MOVE(x,y,z,rx,ry,state,tick) : 23,802 1 65,985 3,197 327,713 b9 i297665294
28819,1 tx hdr=0xF5 op=0x2D MOVE(x,y,z,rx,ry,state,tick) : 23,802 1 65,985 3,197 327,713 b9 i297665300
28824,5 tx hdr=0xF5 op=0x2D MOVE(x,y,z,rx,ry,state,tick) : 23,802 1 65,985 3,197 327,713 b9 i297665305
28829,7 tx hdr=0xF5 op=0x2D MOVE(x,y,z,rx,ry,state,tick) : 23,802 1 65,985 3,197 327,713 b9 i297665310
28836,7 tx hdr=0xF5 op=0x2D MOVE(x,y,z,rx,ry,state,tick) : 23,802 1 65,985 3,197 327,713 b9 i297665317
28840,2 tx hdr=0xF5 op=0x2D MOVE(x,y,z,rx,ry,state,tick) : 23,802 1 65,985 3,197 327,713 b9 i297665321
28848,9 tx hdr=0xF5 op=0x2D MOVE(x,y,z,rx,ry,state,tick) : 23,802 1 65,985 3,197 327,713 b9 i297665330
28852,1 tx hdr=0xF5 op=0x2D MOVE(x,y,z,rx,ry,state,tick) : 23,802 1 65,985 3,197 327,713 b9 i297665333
28861,3 tx hdr=0xF5 op=0x2D MOVE(x,y,z,rx,ry,state,tick) : 23,802 1 65,985 3,197 327,713 b9 i297665342
28866,7 tx hdr=0xF5 op=0x2D MOVE(x,y,z,rx,ry,state,tick) : 23,802 1 65,985 3,197 327,713 b9 i297665347
28872,5 tx hdr=0xF5 op=0x2D MOVE(x,y,z,rx,ry,state,tick) : 23,802 1 65,985 3,197 327,713 b9 i297665353
28877,6 tx hdr=0xF5 op=0x2D MOVE(x,y,z,rx,ry,state,tick) : 23,802 1 65,985 3,197 327,713 b9 i297665358
28883,9 tx hdr=0xF5 op=0x2D MOVE(x,y,z,rx,ry,state,tick) : 23,802 1 65,985 3,197 327,713 b9 i297665365
28888,4 tx hdr=0xF5 op=0x2D MOVE(x,y,z,rx,ry,state,tick) : 23,802 1 65,985 3,197 327,713 b9 i297665369
28896,3 tx hdr=0xF5 op=0x2D MOVE(x,y,z,rx,ry,state,tick) : 23,802 1 65,985 3,197 327,713 b9 i297665377
28900,9 tx hdr=0xF5 op=0x2D MOVE(x,y,z,rx,ry,state,tick) : 23,802 1 65,985 3,197 327,713 b9 i297665382
28907,6 tx hdr=0xF5 op=0x2D MOVE(x,y,z,rx,ry,state,tick) : 23,802 1 65,985 3,197 327,713 b9 i297665388
28911,7 tx hdr=0xF5 op=0x2D MOVE(x,y,z,rx,ry,state,tick) : 23,802 1 65,985 3,197 327,713 b9 i297665392
28920,3 tx hdr=0xF5 op=0x2D MOVE(x,y,z,rx,ry,state,tick) : 23,802 1 65,985 3,197 327,713 b9 i297665401
28923,2 tx hdr=0xF5 op=0x2D MOVE(x,y,z,rx,ry,state,tick) : 23,802 1 65,985 3,197 327,713 b9 i297665404
28933,4 tx hdr=0xF5 op=0x2D MOVE(x,y,z,rx,ry,state,tick) : 23,802 1 65,985 3,197 327,713 b9 i297665414
28937,3 tx hdr=0xF5 op=0x2D MOVE(x,y,z,rx,ry,state,tick) : 23,802 1 65,985 3,197 327,713 b9 i297665418
28945,4 tx hdr=0xF5 op=0x2D MOVE(x,y,z,rx,ry,state,tick) : 23,802 1 65,985 3,197 327,713 b9 i297665426
28950,9 tx hdr=0xF5 op=0x2D MOVE(x,y,z,rx,ry,state,tick) : 23,802 1 65,985 3,197 327,713 b9 i297665432
28957,4 tx hdr=0xF5 op=0x2D MOVE(x,y,z,rx,ry,state,tick) : 23,802 1 65,985 3,197 327,713 b9 i297665438
28962,2 tx hdr=0xF5 op=0x2D MOVE(x,y,z,rx,ry,state,tick) : 23,802 1 65,985 3,197 327,713 b9 i297665443
28969,6 tx hdr=0xF5 op=0x2D MOVE(x,y,z,rx,ry,state,tick) : 23,802 1 65,985 3,197 327,713 b9 i297665450
28972,8 tx hdr=0xF5 op=0x2D MOVE(x,y,z,rx,ry,state,tick) : 23,802 1 65,985 3,197 327,713 b9 i297665454
28983,5 tx hdr=0xF5 op=0x2D MOVE(x,y,z,rx,ry,state,tick) : 23,802 1 65,985 3,197 327,713 b9 i297665464
28986,0 tx hdr=0xF5 op=0x2D MOVE(x,y,z,rx,ry,state,tick) : 23,802 1 65,985 3,197 327,713 b9 i297665467
28996,2 tx hdr=0xF5 op=0x2D MOVE(x,y,z,rx,ry,state,tick) : 23,802 1 65,985 3,197 327,713 b9 i297665477
29000,6 tx hdr=0xF5 op=0x2D MOVE(x,y,z,rx,ry,state,tick) : 23,802 1 65,985 3,197 327,713 b9 i297665481
29008,1 tx hdr=0xF5 op=0x2D MOVE(x,y,z,rx,ry,state,tick) : 23,802 1 65,985 3,197 327,713 b9 i297665489
29012,3 tx hdr=0xF5 op=0x2D MOVE(x,y,z,rx,ry,state,tick) : 23,802 1 65,985 3,197 327,713 b9 i297665493
29020,9 tx hdr=0xF5 op=0x2D MOVE(x,y,z,rx,ry,state,tick) : 23,802 1 65,985 3,197 327,713 b9 i297665502
29023,6 tx hdr=0xF5 op=0x2D MOVE(x,y,z,rx,ry,state,tick) : 23,802 1 65,985 3,197 327,713 b9 i297665504
29033,1 tx hdr=0xF5 op=0x2D MOVE(x,y,z,rx,ry,state,tick) : 23,802 1 65,985 3,197 327,713 b9 i297665514
29036,6 tx hdr=0xF5 op=0x2D MOVE(x,y,z,rx,ry,state,tick) : 23,802 1 65,985 3,197 327,713 b9 i297665517
29044,8 tx hdr=0xF5 op=0x2D MOVE(x,y,z,rx,ry,state,tick) : 23,802 1 65,985 3,197 327,713 b9 i297665525
29050,4 tx hdr=0xF5 op=0x2D MOVE(x,y,z,rx,ry,state,tick) : 23,802 1 65,985 3,197 327,713 b9 i297665531
29057,0 tx hdr=0xF5 op=0x2D MOVE(x,y,z,rx,ry,state,tick) : 23,802 1 65,985 3,197 327,713 b9 i297665538
29060,6 tx hdr=0xF5 op=0x2D MOVE(x,y,z,rx,ry,state,tick) : 23,802 1 65,985 3,197 327,713 b9 i297665541
29069,4 tx hdr=0xF5 op=0x2D MOVE(x,y,z,rx,ry,state,tick) : 23,802 1 65,985 3,197 327,713 b9 i297665550
29072,2 tx hdr=0xF5 op=0x2D MOVE(x,y,z,rx,ry,state,tick) : 23,802 1 65,985 3,197 327,713 b9 i297665553
29083,0 tx hdr=0xF5 op=0x2D MOVE(x,y,z,rx,ry,state,tick) : 23,802 1 65,985 3,197 327,713 b9 i297665564
29085,4 tx hdr=0xF5 op=0x2D MOVE(x,y,z,rx,ry,state,tick) : 23,802 1 65,985 3,197 327,713 b9 i297665566
29094,5 tx hdr=0xF5 op=0x2D MOVE(x,y,z,rx,ry,state,tick) : 23,802 1 65,985 3,197 327,713 b9 i297665575
29100,7 tx hdr=0xF5 op=0x2D MOVE(x,y,z,rx,ry,state,tick) : 23,802 1 65,985 3,197 327,713 b9 i297665581
29106,0 tx hdr=0xF5 op=0x2D MOVE(x,y,z,rx,ry,state,tick) : 23,802 1 65,985 3,197 327,713 b9 i297665587
29110,8 tx hdr=0xF5 op=0x2D MOVE(x,y,z,rx,ry,state,tick) : 23,802 1 65,985 3,197 327,713 b9 i297665591
29118,1 tx hdr=0xF5 op=0x2D MOVE(x,y,z,rx,ry,state,tick) : 23,802 1 65,985 3,197 327,713 b9 i297665599
29121,8 tx hdr=0xF5 op=0x2D MOVE(x,y,z,rx,ry,state,tick) : 23,802 1 65,985 3,197 327,713 b9 i297665603
29132,4 tx hdr=0xF5 op=0x2D MOVE(x,y,z,rx,ry,state,tick) : 23,802 1 65,985 3,197 327,713 b9 i297665613
29135,3 tx hdr=0xF5 op=0x2D MOVE(x,y,z,rx,ry,state,tick) : 23,802 1 65,985 3,197 327,713 b9 i297665616
29143,8 tx hdr=0xF5 op=0x2D MOVE(x,y,z,rx,ry,state,tick) : 23,802 1 65,985 3,197 327,713 b9 i297665625
29149,9 tx hdr=0xF5 op=0x2D MOVE(x,y,z,rx,ry,state,tick) : 23,802 1 65,985 3,197 327,713 b9 i297665631
29154,6 tx hdr=0xF5 op=0x2D MOVE(x,y,z,rx,ry,state,tick) : 23,802 1 65,985 3,197 327,713 b9 i297665635
29161,5 tx hdr=0xF5 op=0x2D MOVE(x,y,z,rx,ry,state,tick) : 23,802 1 65,985 3,197 327,713 b9 i297665642
29166,1 tx hdr=0xF5 op=0x2D MOVE(x,y,z,rx,ry,state,tick) : 23,802 1 65,985 3,197 327,713 b9 i297665647
29172,9 tx hdr=0xF5 op=0x2D MOVE(x,y,z,rx,ry,state,tick) : 23,802 1 65,985 3,197 327,713 b9 i297665654
29177,3 tx hdr=0xF5 op=0x2D MOVE(x,y,z,rx,ry,state,tick) : 23,802 1 65,985 3,197 327,713 b9 i297665658
29186,0 tx hdr=0xF5 op=0x2D MOVE(x,y,z,rx,ry,state,tick) : 23,802 1 65,985 3,197 327,713 b9 i297665667
29188,8 tx hdr=0xF5 op=0x2D MOVE(x,y,z,rx,ry,state,tick) : 23,802 1 65,985 3,197 327,713 b9 i297665669
29201,3 tx hdr=0xF5 op=0x2D MOVE(x,y,z,rx,ry,state,tick) : 23,802 1 65,985 3,197 327,713 b9 i297665682
29203,5 tx hdr=0xF5 op=0x2D MOVE(x,y,z,rx,ry,state,tick) : 23,802 1 65,985 3,197 327,713 b9 i297665684
29216,3 tx hdr=0xF5 op=0x2D MOVE(x,y,z,rx,ry,state,tick) : 23,802 1 65,985 3,197 327,713 b9 i297665697
29219,7 tx hdr=0xF5 op=0x2D MOVE(x,y,z,rx,ry,state,tick) : 23,802 1 65,985 3,197 327,713 b9 i297665700
29230,0 tx hdr=0xF5 op=0x2D MOVE(x,y,z,rx,ry,state,tick) : 23,802 1 65,985 3,197 327,713 b9 i297665711
29234,4 tx hdr=0xF5 op=0x2D MOVE(x,y,z,rx,ry,state,tick) : 23,802 1 65,985 3,197 327,713 b9 i297665715
29243,6 tx hdr=0xF5 op=0x2D MOVE(x,y,z,rx,ry,state,tick) : 23,802 1 65,985 3,197 327,713 b9 i297665724
29248,6 tx hdr=0xF5 op=0x2D MOVE(x,y,z,rx,ry,state,tick) : 23,802 1 65,985 3,197 327,713 b9 i297665729
29256,6 tx hdr=0xF5 op=0x2D MOVE(x,y,z,rx,ry,state,tick) : 23,802 1 65,985 3,197 327,713 b9 i297665737
29259,3 tx hdr=0xF5 op=0x2D MOVE(x,y,z,rx,ry,state,tick) : 23,802 1 65,985 3,197 327,713 b9 i297665740
29268,7 tx hdr=0xF5 op=0x2D MOVE(x,y,z,rx,ry,state,tick) : 23,802 1 65,985 3,197 327,713 b9 i297665749
29272,1 tx hdr=0xF5 op=0x2D MOVE(x,y,z,rx,ry,state,tick) : 23,802 1 65,985 3,197 327,713 b9 i297665753
29283,2 tx hdr=0xF5 op=0x2D MOVE(x,y,z,rx,ry,state,tick) : 23,802 1 65,985 3,197 327,713 b9 i297665764
29285,3 tx hdr=0xF5 op=0x2D MOVE(x,y,z,rx,ry,state,tick) : 23,802 1 65,985 3,197 327,713 b9 i297665766
29294,2 tx hdr=0xF5 op=0x2D MOVE(x,y,z,rx,ry,state,tick) : 23,802 1 65,985 3,197 327,713 b9 i297665775
29299,9 tx hdr=0xF5 op=0x2D MOVE(x,y,z,rx,ry,state,tick) : 23,802 1 65,985 3,197 327,713 b9 i297665781
29304,4 tx hdr=0xF5 op=0x2D MOVE(x,y,z,rx,ry,state,tick) : 23,802 1 65,985 3,197 327,713 b9 i297665785
29310,5 tx hdr=0xF5 op=0x2D MOVE(x,y,z,rx,ry,state,tick) : 23,802 1 65,985 3,197 327,713 b9 i297665791
29316,6 tx hdr=0xF5 op=0x2D MOVE(x,y,z,rx,ry,state,tick) : 23,802 1 65,985 3,197 327,713 b9 i297665797
29321,8 tx hdr=0xF5 op=0x2D MOVE(x,y,z,rx,ry,state,tick) : 23,802 1 65,985 3,197 327,713 b9 i297665802
29326,9 tx hdr=0xF5 op=0x2D MOVE(x,y,z,rx,ry,state,tick) : 23,802 1 65,985 3,197 327,713 b9 i297665808
29333,2 tx hdr=0xF5 op=0x2D MOVE(x,y,z,rx,ry,state,tick) : 23,802 1 65,985 3,197 327,713 b9 i297665814
29338,3 tx hdr=0xF5 op=0x2D MOVE(x,y,z,rx,ry,state,tick) : 23,802 1 65,985 3,197 327,713 b9 i297665819
29347,5 tx hdr=0xF5 op=0x2D MOVE(x,y,z,rx,ry,state,tick) : 23,802 1 65,985 3,197 327,713 b9 i297665828
29351,3 tx hdr=0xF5 op=0x2D MOVE(x,y,z,rx,ry,state,tick) : 23,802 1 65,985 3,197 327,713 b9 i297665832
29359,0 tx hdr=0xF5 op=0x2D MOVE(x,y,z,rx,ry,state,tick) : 23,802 1 65,985 3,197 327,713 b9 i297665840
29364,6 tx hdr=0xF5 op=0x2D MOVE(x,y,z,rx,ry,state,tick) : 23,802 1 65,985 3,197 327,713 b9 i297665845
29369,7 tx hdr=0xF5 op=0x2D MOVE(x,y,z,rx,ry,state,tick) : 23,802 1 65,985 3,197 327,713 b9 i297665850
29375,5 tx hdr=0xF5 op=0x2D MOVE(x,y,z,rx,ry,state,tick) : 23,802 1 65,985 3,197 327,713 b9 i297665856
29381,4 tx hdr=0xF5 op=0x2D MOVE(x,y,z,rx,ry,state,tick) : 23,802 1 65,985 3,197 327,713 b9 i297665862
29386,0 tx hdr=0xF5 op=0x2D MOVE(x,y,z,rx,ry,state,tick) : 23,802 1 65,985 3,197 327,713 b9 i297665867
29392,3 tx hdr=0xF5 op=0x2D MOVE(x,y,z,rx,ry,state,tick) : 23,802 1 65,985 3,197 327,713 b9 i297665873
29398,5 tx hdr=0xF5 op=0x2D MOVE(x,y,z,rx,ry,state,tick) : 23,802 1 65,985 3,197 327,713 b9 i297665879
29402,6 tx hdr=0xF5 op=0x2D MOVE(x,y,z,rx,ry,state,tick) : 23,802 1 65,985 3,197 327,713 b9 i297665883
29409,5 tx hdr=0xF5 op=0x2D MOVE(x,y,z,rx,ry,state,tick) : 23,802 1 65,985 3,197 327,713 b9 i297665890
29415,7 tx hdr=0xF5 op=0x2D MOVE(x,y,z,rx,ry,state,tick) : 23,802 1 65,985 3,197 327,713 b9 i297665896
29419,6 tx hdr=0xF5 op=0x2D MOVE(x,y,z,rx,ry,state,tick) : 23,802 1 65,985 3,197 327,713 b9 i297665900
29426,1 tx hdr=0xF5 op=0x2D MOVE(x,y,z,rx,ry,state,tick) : 23,802 1 65,985 3,197 327,713 b9 i297665907
29431,5 tx hdr=0xF5 op=0x2D MOVE(x,y,z,rx,ry,state,tick) : 23,802 1 65,985 3,197 327,713 b9 i297665912
29438,0 tx hdr=0xF5 op=0x2D MOVE(x,y,z,rx,ry,state,tick) : 23,802 1 65,985 3,197 327,713 b9 i297665919
29441,5 tx hdr=0xF5 op=0x2D MOVE(x,y,z,rx,ry,state,tick) : 23,802 1 65,985 3,197 327,713 b9 i297665922
29450,1 tx hdr=0xF5 op=0x2D MOVE(x,y,z,rx,ry,state,tick) : 23,802 1 65,985 3,197 327,713 b9 i297665931
29453,5 tx hdr=0xF5 op=0x2D MOVE(x,y,z,rx,ry,state,tick) : 23,802 1 65,985 3,197 327,713 b9 i297665934
29462,1 tx hdr=0xF5 op=0x2D MOVE(x,y,z,rx,ry,state,tick) : 23,802 1 65,985 3,197 327,713 b9 i297665943
29467,0 tx hdr=0xF5 op=0x2D MOVE(x,y,z,rx,ry,state,tick) : 23,802 1 65,985 3,197 327,713 b9 i297665948
29473,9 tx hdr=0xF5 op=0x2D MOVE(x,y,z,rx,ry,state,tick) : 23,802 1 65,985 3,197 327,713 b9 i297665955
29478,7 tx hdr=0xF5 op=0x2D MOVE(x,y,z,rx,ry,state,tick) : 23,802 1 65,985 3,197 327,713 b9 i297665959
29486,1 tx hdr=0xF5 op=0x2D MOVE(x,y,z,rx,ry,state,tick) : 23,802 1 65,985 3,197 327,713 b9 i297665967
29489,3 tx hdr=0xF5 op=0x2D MOVE(x,y,z,rx,ry,state,tick) : 23,802 1 65,985 3,197 327,713 b9 i297665970
29498,4 tx hdr=0xF5 op=0x2D MOVE(x,y,z,rx,ry,state,tick) : 23,802 1 65,985 3,197 327,713 b9 i297665979
29501,3 tx hdr=0xF5 op=0x2D MOVE(x,y,z,rx,ry,state,tick) : 23,802 1 65,985 3,197 327,713 b9 i297665982
29509,8 tx hdr=0xF5 op=0x2D MOVE(x,y,z,rx,ry,state,tick) : 23,802 1 65,985 3,197 327,713 b9 i297665990
29516,1 tx hdr=0xF5 op=0x2D MOVE(x,y,z,rx,ry,state,tick) : 23,802 1 65,985 3,197 327,713 b9 i297665997
29520,6 tx hdr=0xF5 op=0x2D MOVE(x,y,z,rx,ry,state,tick) : 23,802 1 65,985 3,197 327,713 b9 i297666001
29526,7 tx hdr=0xF5 op=0x2D MOVE(x,y,z,rx,ry,state,tick) : 23,802 1 65,985 3,197 327,713 b9 i297666007
29532,1 tx hdr=0xF5 op=0x2D MOVE(x,y,z,rx,ry,state,tick) : 23,802 1 65,985 3,197 327,713 b9 i297666013
29537,6 tx hdr=0xF5 op=0x2D MOVE(x,y,z,rx,ry,state,tick) : 23,802 1 65,985 3,197 327,713 b9 i297666018
29544,0 tx hdr=0xF5 op=0x2D MOVE(x,y,z,rx,ry,state,tick) : 23,802 1 65,985 3,197 327,713 b9 i297666025
29549,3 tx hdr=0xF5 op=0x2D MOVE(x,y,z,rx,ry,state,tick) : 23,802 1 65,985 3,197 327,713 b9 i297666030
29556,4 tx hdr=0xF5 op=0x2D MOVE(x,y,z,rx,ry,state,tick) : 23,802 1 65,985 3,197 327,713 b9 i297666037
29560,0 tx hdr=0xF5 op=0x2D MOVE(x,y,z,rx,ry,state,tick) : 23,802 1 65,985 3,197 327,713 b9 i297666041
29568,3 tx hdr=0xF5 op=0x2D MOVE(x,y,z,rx,ry,state,tick) : 23,802 1 65,985 3,197 327,713 b9 i297666049
29571,7 tx hdr=0xF5 op=0x2D MOVE(x,y,z,rx,ry,state,tick) : 23,802 1 65,985 3,197 327,713 b9 i297666052
29581,0 tx hdr=0xF5 op=0x2D MOVE(x,y,z,rx,ry,state,tick) : 23,802 1 65,985 3,197 327,713 b9 i297666062
29583,9 tx hdr=0xF5 op=0x2D MOVE(x,y,z,rx,ry,state,tick) : 23,802 1 65,985 3,197 327,713 b9 i297666065
29593,4 tx hdr=0xF5 op=0x2D MOVE(x,y,z,rx,ry,state,tick) : 23,802 1 65,985 3,197 327,713 b9 i297666074
29599,1 tx hdr=0xF5 op=0x2D MOVE(x,y,z,rx,ry,state,tick) : 23,802 1 65,985 3,197 327,713 b9 i297666080
29604,3 tx hdr=0xF5 op=0x2D MOVE(x,y,z,rx,ry,state,tick) : 23,802 1 65,985 3,197 327,713 b9 i297666085
29609,2 tx hdr=0xF5 op=0x2D MOVE(x,y,z,rx,ry,state,tick) : 23,802 1 65,985 3,197 327,713 b9 i297666090
29616,1 tx hdr=0xF5 op=0x2D MOVE(x,y,z,rx,ry,state,tick) : 23,802 1 65,985 3,197 327,713 b9 i297666097
29619,5 tx hdr=0xF5 op=0x2D MOVE(x,y,z,rx,ry,state,tick) : 23,802 1 65,985 3,197 327,713 b9 i297666100
29627,4 tx hdr=0xF5 op=0x2D MOVE(x,y,z,rx,ry,state,tick) : 23,802 1 65,985 3,197 327,713 b9 i297666108
29632,8 tx hdr=0xF5 op=0x2D MOVE(x,y,z,rx,ry,state,tick) : 23,802 1 65,985 3,197 327,713 b9 i297666113
29639,4 tx hdr=0xF5 op=0x2D MOVE(x,y,z,rx,ry,state,tick) : 23,802 1 65,985 3,197 327,713 b9 i297666120
29643,7 tx hdr=0xF5 op=0x2D MOVE(x,y,z,rx,ry,state,tick) : 23,802 1 65,985 3,197 327,713 b9 i297666124
29651,7 tx hdr=0xF5 op=0x2D MOVE(x,y,z,rx,ry,state,tick) : 23,802 1 65,985 3,197 327,713 b9 i297666132
29656,0 tx hdr=0xF5 op=0x2D MOVE(x,y,z,rx,ry,state,tick) : 23,802 1 65,985 3,197 327,713 b9 i297666137
29664,7 tx hdr=0xF5 op=0x2D MOVE(x,y,z,rx,ry,state,tick) : 23,802 1 65,985 3,197 327,713 b9 i297666145
29667,7 tx hdr=0xF5 op=0x2D MOVE(x,y,z,rx,ry,state,tick) : 23,802 1 65,985 3,197 327,713 b9 i297666148
29676,0 tx hdr=0xF5 op=0x2D MOVE(x,y,z,rx,ry,state,tick) : 23,802 1 65,985 3,197 327,713 b9 i297666157
29681,3 tx hdr=0xF5 op=0x2D MOVE(x,y,z,rx,ry,state,tick) : 23,802 1 65,985 3,197 327,713 b9 i297666162
29686,6 tx hdr=0xF5 op=0x2D MOVE(x,y,z,rx,ry,state,tick) : 23,802 1 65,985 3,197 327,713 b9 i297666167
29691,2 tx hdr=0xF5 op=0x2D MOVE(x,y,z,rx,ry,state,tick) : 23,802 1 65,985 3,197 327,713 b9 i297666172
29698,2 tx hdr=0xF5 op=0x2D MOVE(x,y,z,rx,ry,state,tick) : 23,802 1 65,985 3,197 327,713 b9 i297666179
29701,4 tx hdr=0xF5 op=0x2D MOVE(x,y,z,rx,ry,state,tick) : 23,802 1 65,985 3,197 327,713 b9 i297666182
29708,8 tx hdr=0xF5 op=0x2D MOVE(x,y,z,rx,ry,state,tick) : 23,802 1 65,985 3,197 327,713 b9 i297666190
29714,2 tx hdr=0xF5 op=0x2D MOVE(x,y,z,rx,ry,state,tick) : 23,802 1 65,985 3,197 327,713 b9 i297666195
29720,6 tx hdr=0xF5 op=0x2D MOVE(x,y,z,rx,ry,state,tick) : 23,802 1 65,985 3,197 327,713 b9 i297666201
29724,2 tx hdr=0xF5 op=0x2D MOVE(x,y,z,rx,ry,state,tick) : 23,802 1 65,985 3,197 327,713 b9 i297666205
29731,9 tx hdr=0xF5 op=0x2D MOVE(x,y,z,rx,ry,state,tick) : 23,802 1 65,985 3,197 327,713 b9 i297666213
29736,0 tx hdr=0xF5 op=0x2D MOVE(x,y,z,rx,ry,state,tick) : 23,802 1 65,985 3,197 327,713 b9 i297666217
29742,3 tx hdr=0xF5 op=0x2D MOVE(x,y,z,rx,ry,state,tick) : 23,802 1 65,985 3,197 327,713 b9 i297666223
29747,4 tx hdr=0xF5 op=0x2D MOVE(x,y,z,rx,ry,state,tick) : 23,802 1 65,985 3,197 327,713 b9 i297666228
29753,3 tx hdr=0xF5 op=0x2D MOVE(x,y,z,rx,ry,state,tick) : 23,802 1 65,985 3,197 327,713 b9 i297666234
29757,9 tx hdr=0xF5 op=0x2D MOVE(x,y,z,rx,ry,state,tick) : 23,802 1 65,985 3,197 327,713 b9 i297666239
29764,9 tx hdr=0xF5 op=0x2D MOVE(x,y,z,rx,ry,state,tick) : 23,802 1 65,985 3,197 327,713 b9 i297666246
29768,2 tx hdr=0xF5 op=0x2D MOVE(x,y,z,rx,ry,state,tick) : 23,802 1 65,985 3,197 327,713 b9 i297666249
29776,6 tx hdr=0xF5 op=0x2D MOVE(x,y,z,rx,ry,state,tick) : 23,802 1 65,985 3,197 327,713 b9 i297666257
29781,2 tx hdr=0xF5 op=0x2D MOVE(x,y,z,rx,ry,state,tick) : 23,802 1 65,985 3,197 327,713 b9 i297666262
29787,7 tx hdr=0xF5 op=0x2D MOVE(x,y,z,rx,ry,state,tick) : 23,802 1 65,985 3,197 327,713 b9 i297666268
29791,4 tx hdr=0xF5 op=0x2D MOVE(x,y,z,rx,ry,state,tick) : 23,802 1 65,985 3,197 327,713 b9 i297666272
29799,6 tx hdr=0xF5 op=0x2D MOVE(x,y,z,rx,ry,state,tick) : 23,802 1 65,985 3,197 327,713 b9 i297666280
29802,0 tx hdr=0xF5 op=0x2D MOVE(x,y,z,rx,ry,state,tick) : 23,802 1 65,985 3,197 327,713 b9 i297666283
29953,8 tx hdr=0xF5 op=0x00 keepalive : i2063882 "3913789974ad1e5b9fa201dfb881ba52" "PLAYER2063882" b0 b0 b0 b1 b0 b1 b0 i1350 b0 b0 b0 "cc8170d255f446fcd0947021167a812a" "8824415abec7adacf22108e6310cce02" i0 "" "" b2 "76561198308294518" "f7a18175979fbde26644b4b240f70e89"
30072,4 tx hdr=0xF5 op=0x08 weapondata/8 : i28 "kriss_vector" "KRISS Vector" b30 s120 b14 s80 b48 b52 s1900 b5 b16 b108 b0 "2cad6d7fcd7120d304318540cc5b33db"
30072,6 tx hdr=0xF5 op=0x08 weapondata/8 : i23 "beretta92" "Beretta 92" b15 s45 b15 s105 b50 b75 s2050 b5 b15 b112 b1 "6cd57d74645797bc75dccac39a47a622"
30072,7 tx hdr=0xF5 op=0x08 weapondata/8 : i68 "shovel" "Shovel" b1 s1 b50 s200 b4 b100 s1 b1 b50 b110 b2 "918bfb780c2ce76a38821c5fe85f3281"
30072,7 tx hdr=0xF5 op=0x08 weapondata/8 : i69 "block" "Block" b1 s1 b1 s1 b1 b1 s1 b1 b1 b100 b3 "7d3f5c93c932ed93dbd4f7d9f80479aa"
30072,8 tx hdr=0xF5 op=0x08 weapondata/8 : i108 "grenade" "BP Grenade" b1 s1 b1 s25 b1 b1 s1 b1 b1 b1 b4 "ae99336b67cf47fb38edaf91faf48573"
30072,9 tx hdr=0xF5 op=0x08 weapondata/8 : i71 "sl8" "SL8" b10 s50 b32 s200 b102 b84 s1900 b4 b32 b97 b0 "30258195d1823f75cb88c5fb8ab0b19a"
30073,0 tx hdr=0xF5 op=0x08 weapondata/8 : i23 "beretta92" "Beretta 92" b15 s45 b15 s105 b50 b75 s2050 b5 b15 b112 b1 "6cd57d74645797bc75dccac39a47a622"
30073,0 tx hdr=0xF5 op=0x08 weapondata/8 : i68 "shovel" "Shovel" b1 s1 b50 s200 b4 b100 s1 b1 b50 b110 b2 "918bfb780c2ce76a38821c5fe85f3281"
30073,1 tx hdr=0xF5 op=0x08 weapondata/8 : i69 "block" "Block" b1 s1 b1 s1 b1 b1 s1 b1 b1 b100 b3 "7d3f5c93c932ed93dbd4f7d9f80479aa"
30073,2 tx hdr=0xF5 op=0x08 weapondata/8 : i108 "grenade" "BP Grenade" b1 s1 b1 s25 b1 b1 s1 b1 b1 b1 b4 "ae99336b67cf47fb38edaf91faf48573"
30073,3 tx hdr=0xF5 op=0x09 loadout/9 : b10 L506244901116593536 s28 b0 b1 b0 b0 b0 L506244901116593536 s23 b0 b1 b0 b0 b0 L1 s68 b0 b1 b0 b0 b0 L2 s69 b0 b1 b0 b0 b0 L4 s108 b0 b1 b0 b0 b0 L506244901116621440 s71 b0 b1 b0 b0 b0 L506244901116593536 s23 b0 b1 b0 b0 b0 L1 s68 b0 b1 b0 b0 b0 L2 s69 b0 b1 b0 b0 b0 L4 s108 b0 b1 b0 b0 b0 L506244901116593536 L506244901116593536 L1 L2 L4 L506244901116621440 L506244901116593536 L1 L2 L4 L0 L0 L0 L0 L0
30715,5 tx hdr=0xF5 op=0x0F slot/15 : b0
30752,1 tx hdr=0xF5 op=0x2D MOVE(x,y,z,rx,ry,state,tick) : 12,732 7 87,138 3,558 180,45 b0 i297667230
30807,7 tx hdr=0xF5 op=0x2D MOVE(x,y,z,rx,ry,state,tick) : 12,571 7 87,22 3,708 180,6 b0 i297667285
30853,1 tx hdr=0xF5 op=0x2D MOVE(x,y,z,rx,ry,state,tick) : 13,5 7 87,5 3,108 181,05 b0 i297667331
30907,4 tx hdr=0xF5 op=0x2D MOVE(x,y,z,rx,ry,state,tick) : 13,5 7 87,5 3,108 181,05 b0 i297667385
30953,3 tx hdr=0xF5 op=0x2D MOVE(x,y,z,rx,ry,state,tick) : 13,5 7 87,5 3,108 181,05 b0 i297667431
31007,5 tx hdr=0xF5 op=0x2D MOVE(x,y,z,rx,ry,state,tick) : 13,5 7 87,5 3,108 181,05 b0 i297667485
31053,1 tx hdr=0xF5 op=0x2D MOVE(x,y,z,rx,ry,state,tick) : 13,5 7 87,5 3,108 181,05 b0 i297667531
31112,1 tx hdr=0xF5 op=0x2D MOVE(x,y,z,rx,ry,state,tick) : 13,5 7 87,5 2,808 178,95 b0 i297667590
31162,2 tx hdr=0xF5 op=0x2D MOVE(x,y,z,rx,ry,state,tick) : 13,5 7 87,5 2,808 177,75 b0 i297667640
31209,6 tx hdr=0xF5 op=0x2D MOVE(x,y,z,rx,ry,state,tick) : 13,5 7 87,5 2,808 176,7 b0 i297667687
31262,0 tx hdr=0xF5 op=0x2D MOVE(x,y,z,rx,ry,state,tick) : 13,5 7 87,5 2,508 176,55 b0 i297667739
31311,8 tx hdr=0xF5 op=0x2D MOVE(x,y,z,rx,ry,state,tick) : 13,5 7 87,5 1,758 176,55 b0 i297667789
31360,9 tx hdr=0xF5 op=0x2D MOVE(x,y,z,rx,ry,state,tick) : 13,5 7 87,5 1,008 177 b0 i297667838
31409,3 tx hdr=0xF5 op=0x2D MOVE(x,y,z,rx,ry,state,tick) : 13,5 7 87,5 0,858 177 b0 i297667887
31456,5 tx hdr=0xF5 op=0x2D MOVE(x,y,z,rx,ry,state,tick) : 13,5 7 87,5 0,858 177 b0 i297667934
31508,7 tx hdr=0xF5 op=0x2D MOVE(x,y,z,rx,ry,state,tick) : 13,5 7 87,5 0,858 177 b0 i297667986
31559,3 tx hdr=0xF5 op=0x2D MOVE(x,y,z,rx,ry,state,tick) : 13,5 7 87,5 0,858 177 b0 i297668037
31604,5 tx hdr=0xF5 op=0x2D MOVE(x,y,z,rx,ry,state,tick) : 13,5 7 87,5 0,858 177 b0 i297668082
31658,7 tx hdr=0xF5 op=0x2D MOVE(x,y,z,rx,ry,state,tick) : 13,5 7 87,5 0,858 177 b0 i297668136
31705,2 tx hdr=0xF5 op=0x2D MOVE(x,y,z,rx,ry,state,tick) : 13,5 7 87,5 0,858 177 b0 i297668183
31758,2 tx hdr=0xF5 op=0x2D MOVE(x,y,z,rx,ry,state,tick) : 13,5 7 87,5 0,858 177 b0 i297668236
31810,4 tx hdr=0xF5 op=0x2D MOVE(x,y,z,rx,ry,state,tick) : 13,5 7 87,5 0,858 177 b0 i297668288
31853,1 tx hdr=0xF5 op=0x2D MOVE(x,y,z,rx,ry,state,tick) : 13,5 7 87,5 0,858 177 b0 i297668307
31908,0 tx hdr=0xF5 op=0x2D MOVE(x,y,z,rx,ry,state,tick) : 13,5 7 87,5 0,708 176,85 b0 i297668362
31957,9 tx hdr=0xF5 op=0x2D MOVE(x,y,z,rx,ry,state,tick) : 13,5 7 87,5 0,708 176,7 b0 i297668411
32008,9 tx hdr=0xF5 op=0x2D MOVE(x,y,z,rx,ry,state,tick) : 13,5 7 87,5 0,708 176,1 b0 i297668462
32057,8 tx hdr=0xF5 op=0x2D MOVE(x,y,z,rx,ry,state,tick) : 13,5 7 87,5 0,558 175,95 b0 i297668511
32120,9 tx hdr=0xF5 op=0x2D MOVE(x,y,z,rx,ry,state,tick) : 13,5 7 87,5 0,558 175,95 b0 i297668574
32157,9 tx hdr=0xF5 op=0x2D MOVE(x,y,z,rx,ry,state,tick) : 13,5 7 87,5 0,558 175,95 b0 i297668611
32210,2 tx hdr=0xF5 op=0x2D MOVE(x,y,z,rx,ry,state,tick) : 13,5 7 87,5 0,558 175,95 b0 i297668664
32257,3 tx hdr=0xF5 op=0x2D MOVE(x,y,z,rx,ry,state,tick) : 13,5 7 87,5 0,558 175,95 b0 i297668711
32302,5 tx hdr=0xF5 op=0x2D MOVE(x,y,z,rx,ry,state,tick) : 13,5 7 87,5 0,558 175,95 b0 i297668756

32343,6 ==== CAPTURE OFF ====
