# Blockpost room-protocol capture, started 2026-08-23 14:49:43
# tx: <ms> tx hdr=0xNN op=0xNN <name> : <fields>    rx: <ms> rx len=N <hex>
25302,8 SCORE a=5 b=6 clock=350
26633,3 ==== FIELDWATCH ON ====
26635,2 # net: TcpClient.Connected = True
26653,2 #   player nonzero: _LCEIAGLFFJN_k__BackingField=1 GLFBKBKFPCL=2063882 CCINALOJCNH=2 LDKMPMIANCE=7 PFGNALDDNDB=2 HOJIIOCKKLO=1 BCACFHNPIBP=45 CIPOBFGAMOP=20.575 HJLHOFPDEAA=1804 OLOOMMIKDPJ=20.575 LBKINNIDKEC=1 BDHNEDFEHBA=64 LNIDBHIAJJI=249 ACAIGMNLLEC=60 LCPGFBMKNHJ=999 APFNBGHAJMD=1 CGHKKDBILGF=1 HIECLOJIFIL=1
26659,1 #   player.GPBAJMJILMA len=2 [351,5625, 84,375]
26659,3 #   player.JNBMIDFBOHD len=2 [-9,337456, 0]
26659,5 #   player.JPDHFNADBKI len=2 [350,15625, 84,375]
26659,6 #   player.GDEMINMDJAC len=4 [0, 0, 0, 0]
26659,7 #   player.DDKPBGMMNIA len=10 [0, 0, 0, 1, 0, 1, 0, 0, 0, 0]
26659,9 #   player.PPOOANLEBNI len=40 [0, 0, 0, 0, 0, 0, 0, 0, 0, 0, 0, 0]
26660,5 # fieldwatch player: 51 numeric fields, 6 arrays (GPBAJMJILMA,JNBMIDFBOHD,JPDHFNADBKI,GDEMINMDJAC,DDKPBGMMNIA,PPOOANLEBNI) on KBBBHJDINCB
26667,7 #   Controll.static nonzero: BIAHHOIOFKG=0.5 BNHEPNNOAIK=2.4 BNALIDHMCIG=2.75 JOJODHNJNGO=3 AJKDGEACHKD=3 NAKNALFCOIF=84.6 IGLCENGMMMJ=-8.55 HKPMJHCGMDE=0.4 DGNDKAKOEPD=3238878 BEJBLGGGOCC=340820044 JELGPAKAJPE=116 EENJPDHGGGC=25.912 ONGHDHKFEBG=-1 PBICPLCFAGG=1 ILFOFIOFBAM=-1 CFACCGMPPOE=1 CMGGPFHFKCM=2.4 MKFDGFOCKNO=26.145 LEKCBKLAILO=26.195 CIDLIJFIKPG=0.05 OFJKHAFJIMA=0.007 GKNJELHPMDE=-1 GAMBHJPMDON=1 MNHBPCOOMLE=3238025 KMJLDLGDMGK=1 GIPNIMALPEG=0.972
26670,1 #   Controll.static.DDOHELGGICN len=6 [(normal:(0.81, 0.11, -0.57), distance:15.11), (normal:(0.69, 0.11, 0.72), distance:-23.95), (normal:(0.40, 0.91, 0.04), distance:-5.28), (normal:(0.65, -0.75, 0.06), distance:-0.96), (normal:(0.98, 0.15, 0.09), distance:-5.82), (normal:(-0.98, -0.15, -0.09), distance:261.50)]
26670,1 # fieldwatch Controll.static: 74 numeric fields, 1 arrays (DDOHELGGICN) on Controll
26673,4 #   Controll nonzero: IFFKNMHKCKD=0.05 NIJLEBGNMAK=0.001 DKMDNEBPDLN=100000000 CJIOKPOOHIC=-1 CLEHDNFKJPB=19.736 CAFJCKPAKIB=1 CGNEAAGAMKC=50 MCOGBCDKDJD=10 DJJBAKDOCPN=-1 useGUILayout=1 enabled=1 isActiveAndEnabled=1
26673,4 # fieldwatch Controll: 28 numeric fields, 0 arrays () on Controll
26674,2 #   weapon nonzero: OCDNCKANJPB=1
26674,2 # fieldwatch weapon: 3 numeric fields, 0 arrays () on CGJPBNDDPIN
26675,2 #   activeEntry nonzero: PICIILNDDJO=1 NIKINLIKGCP=15 MOGDFDEMPLE=45
26679,2 #   activeEntry.COAAKMDBKJM len=3 [0, 0, 0]
26679,2 # fieldwatch activeEntry: 8 numeric fields, 1 arrays (COAAKMDBKJM) on FPNENMKEFBB
26681,1 #   PLH.static nonzero: LCKKCAHAPEF=2.08 IFFKNMHKCKD=0.05 EHHGKJHIGIL=1 ADJMBEDDHLB=26.185 CFIMEAFDJFM=22.028 KMLIIIGJAEK=4 EDLPNENMJFF=50 EKHCENHLMAM=1
26681,1 # fieldwatch PLH.static: 11 numeric fields, 0 arrays () on PLH
26681,2 # fieldwatch: PLH.LPCJFAOOIKA is null
26685,2 #   HUD.static nonzero: CBFLNECJIFF=1 MMEPGJJAHCI=49.903 EHBHDOAHOAO=5 CGDKPLKDION=6 GONEFAMEMOJ=350 DJBNLINNLOJ=-1 DIIAFKMNANI=20.713 NIHKFABDHPH=100 LCJPDJJKNDM=1 FJMNBAGNAIH=21.075 OOIBIGCALAA=0.5 IICPDHNGAKC=1
26687,5 #   HUD.static.DPOPNDPLFMN len=8 [(x:773.49, y:43.38, width:40.48, height:40.48), (x:727.22, y:43.38, width:40.48, height:40.48), (x:680.95, y:43.38, width:40.48, height:40.48), (x:634.69, y:43.38, width:40.48, height:40.48), (x:588.42, y:43.38, width:40.48, height:40.48), (x:542.15, y:43.38, width:40.48, height:40.48), (x:495.89, y:43.38, width:40.48, height:40.48), (x:449.62, y:43.38, width:40.48, height:40.48)]
26687,8 #   HUD.static.MGJBGOOFALD len=8 [(x:1106.03, y:43.38, width:40.48, height:40.48), (x:1152.30, y:43.38, width:40.48, height:40.48), (x:1198.56, y:43.38, width:40.48, height:40.48), (x:1244.83, y:43.38, width:40.48, height:40.48), (x:1291.10, y:43.38, width:40.48, height:40.48), (x:1337.36, y:43.38, width:40.48, height:40.48), (x:1383.63, y:43.38, width:40.48, height:40.48), (x:1429.90, y:43.38, width:40.48, height:40.48)]
26688,1 #   HUD.static.FBJDJBJOIJD len=16 [(x:773.49, y:20.24, width:40.48, height:40.48), (x:727.22, y:20.24, width:40.48, height:40.48), (x:680.95, y:20.24, width:40.48, height:40.48), (x:634.69, y:20.24, width:40.48, height:40.48), (x:588.42, y:20.24, width:40.48, height:40.48), (x:542.15, y:20.24, width:40.48, height:40.48), (x:495.89, y:20.24, width:40.48, height:40.48), (x:449.62, y:20.24, width:40.48, height:40.48), (x:773.49, y:66.51, width:40.48, height:40.48), (x:727.22, y:66.51, width:40.48, height:40.48), (x:680.95, y:66.51, width:40.48, height:40.48), (x:634.69, y:66.51, width:40.48, height:40.48)]
26688,3 #   HUD.static.HPCDGLNGIJJ len=16 [(x:1106.03, y:20.24, width:40.48, height:40.48), (x:1152.30, y:20.24, width:40.48, height:40.48), (x:1198.56, y:20.24, width:40.48, height:40.48), (x:1244.83, y:20.24, width:40.48, height:40.48), (x:1291.10, y:20.24, width:40.48, height:40.48), (x:1337.36, y:20.24, width:40.48, height:40.48), (x:1383.63, y:20.24, width:40.48, height:40.48), (x:1429.90, y:20.24, width:40.48, height:40.48), (x:1106.03, y:66.51, width:40.48, height:40.48), (x:1152.30, y:66.51, width:40.48, height:40.48), (x:1198.56, y:66.51, width:40.48, height:40.48), (x:1244.83, y:66.51, width:40.48, height:40.48)]
26688,4 #   HUD.static.JNAIOMMAIJG len=128 [0, 0, 0, 0, 0, 0, 0, 0, 0, 0, 0, 0]
26688,4 # fieldwatch HUD.static: 32 numeric fields, 5 arrays (DPOPNDPLFMN,MGJBGOOFALD,FBJDJBJOIJD,HPCDGLNGIJJ,JNAIOMMAIJG) on HUD
26689,6 #   HUD nonzero: LCANLDDJLFB=1 IMPGDAPCBJF=108 useGUILayout=1 enabled=1 isActiveAndEnabled=1
26689,6 # fieldwatch HUD: 11 numeric fields, 0 arrays () on HUD
26692,2 #   GUIInv.static nonzero: PNMFBNFKNAP=1 EFBFIHJMABF=1 LALEHGDILEB=9 INCDIECCFMC=7 LOILCIEIHHF=8
26692,3 #   GUIInv.static.MHCPNENABCD len=9 [0, 0, 0, 1, 1, 0, 0, 0, 0]
26692,5 #   GUIInv.static.CLKDEHIHPAJ len=31 [0, 0, 1, 1, 1, 1, 1, 1, 1, 1, 1, 1]
26692,6 #   GUIInv.static.EKNEPPFAEME len=30 [0, 0, 0, 1, 1, 1, 1, 1, 1, 1, 1, 1]
26692,7 #   GUIInv.static.ODBDHJLHOGP len=29 [0, 0, 1, 1, 1, 1, 1, 1, 1, 1, 1, 1]
26692,8 #   GUIInv.static.JGFMOAHNPDN len=3 [0, 1, 1]
26692,8 # fieldwatch GUIInv.static: 25 numeric fields, 5 arrays (MHCPNENABCD,CLKDEHIHPAJ,EKNEPPFAEME,ODBDHJLHOGP,JGFMOAHNPDN) on GUIInv
26693,2 #   GUIInv nonzero: 
26693,2 # fieldwatch GUIInv: 2 numeric fields, 0 arrays () on BIMFEOACIDM
26699,6 fw PLH.static      ADJMBEDDHLB         26.1846 -> 26.2555
26699,6 fw PLH.static      CFIMEAFDJFM          22.028 -> 22.0445
26711,5 fw PLH.static      ADJMBEDDHLB         26.2555 -> 26.2605
26716,8 fw PLH.static      ADJMBEDDHLB         26.2605 -> 26.2724
26716,8 fw PLH.static      CFIMEAFDJFM         22.0445 -> 22.1232
26726,8 fw PLH.static      ADJMBEDDHLB         26.2724 -> 26.2777
26735,3 fw PLH.static      ADJMBEDDHLB         26.2777 -> 26.2877
26735,3 fw PLH.static      CFIMEAFDJFM         22.1232 -> 22.1392
26742,5 fw PLH.static      ADJMBEDDHLB         26.2877 -> 26.2962
26751,9 fw PLH.static      ADJMBEDDHLB         26.2962 -> 26.3034
26757,4 fw PLH.static      ADJMBEDDHLB         26.3034 -> 26.3128
26768,6 fw Controll.static MKFDGFOCKNO           26.26 -> 26.31
26768,6 fw Controll.static LEKCBKLAILO           26.31 -> 26.36
26768,6 fw Controll.static OFJKHAFJIMA               0 -> 0.0023
26768,6 fw PLH.static      ADJMBEDDHLB         26.3128 -> 26.3183
26768,6 fw PLH.static      CFIMEAFDJFM         22.1392 -> 22.1697
26774,8 fw PLH.static      ADJMBEDDHLB         26.3183 -> 26.3296
26774,8 fw PLH.static      CFIMEAFDJFM         22.1697 -> 22.1804
26797,5 fw PLH.static      ADJMBEDDHLB         26.3296 -> 26.3357
26801,9 fw Controll.static GIPNIMALPEG          0.7185 -> 0.052
26802,0 fw PLH.static      ADJMBEDDHLB         26.3357 -> 26.3585
26802,0 fw PLH.static      CFIMEAFDJFM         22.1804 -> 22.2091
26814,6 fw PLH.static      ADJMBEDDHLB         26.3585 -> 26.3629
26820,2 fw PLH.static      ADJMBEDDHLB         26.3629 -> 26.3766
26832,2 fw Controll.static MKFDGFOCKNO           26.31 -> 26.36
26832,2 fw Controll.static LEKCBKLAILO           26.36 -> 26.41
26832,3 fw PLH.static      ADJMBEDDHLB         26.3766 -> 26.3811
26837,9 fw PLH.static      ADJMBEDDHLB         26.3811 -> 26.3932
26837,9 fw PLH.static      CFIMEAFDJFM         22.2091 -> 22.244
26849,0 fw PLH.static      ADJMBEDDHLB         26.3932 -> 26.3988
26855,0 fw Controll.static GIPNIMALPEG           0.052 -> 0.115
26855,1 fw PLH.static      ADJMBEDDHLB         26.3988 -> 26.4099
26855,1 fw PLH.static      CFIMEAFDJFM          22.244 -> 22.2607
26865,1 fw PLH.static      ADJMBEDDHLB         26.4099 -> 26.416
26872,6 fw PLH.static      ADJMBEDDHLB          26.416 -> 26.426
26872,6 fw PLH.static      CFIMEAFDJFM         22.2607 -> 22.2774
26881,8 fw PLH.static      ADJMBEDDHLB          26.426 -> 26.4335
26881,8 fw PLH.static      CFIMEAFDJFM         22.2774 -> 22.2844
26889,9 fw Controll.static MKFDGFOCKNO           26.36 -> 26.41
26889,9 fw Controll.static LEKCBKLAILO           26.41 -> 26.46
26889,9 fw Controll.static OFJKHAFJIMA          0.0023 -> 0.0055
26890,0 fw PLH.static      ADJMBEDDHLB         26.4335 -> 26.4427
26890,0 fw PLH.static      CFIMEAFDJFM         22.2844 -> 22.294
26898,3 fw PLH.static      ADJMBEDDHLB         26.4427 -> 26.4509
26898,3 fw PLH.static      CFIMEAFDJFM          22.294 -> 22.3017
26905,5 fw Controll.static GIPNIMALPEG           0.115 -> 0.1232
26905,5 fw PLH.static      ADJMBEDDHLB         26.4509 -> 26.4593
26905,5 fw PLH.static      CFIMEAFDJFM         22.3017 -> 22.3106
26915,3 fw PLH.static      ADJMBEDDHLB         26.4593 -> 26.4664
26921,3 fw PLH.static      ADJMBEDDHLB         26.4664 -> 26.4763
26932,0 fw PLH.static      ADJMBEDDHLB         26.4763 -> 26.4822
26932,0 fw PLH.static      CFIMEAFDJFM         22.3106 -> 22.3336
26938,0 fw Controll.static MKFDGFOCKNO           26.41 -> 26.46
26938,0 fw Controll.static LEKCBKLAILO           26.46 -> 26.51
26938,0 fw Controll.static OFJKHAFJIMA          0.0055 -> 0.0059
26938,1 fw PLH.static      ADJMBEDDHLB         26.4822 -> 26.4929
26938,1 fw PLH.static      CFIMEAFDJFM         22.3336 -> 22.3438
26950,6 fw PLH.static      ADJMBEDDHLB         26.4929 -> 26.499
26956,5 fw Controll.static GIPNIMALPEG          0.1232 -> 0.1441
26956,6 fw PLH.static      ADJMBEDDHLB          26.499 -> 26.5115
26966,7 fw PLH.static      ADJMBEDDHLB         26.5115 -> 26.5175
26973,6 fw PLH.static      ADJMBEDDHLB         26.5175 -> 26.5276
26982,7 fw PLH.static      ADJMBEDDHLB         26.5276 -> 26.5345
26991,0 fw Controll.static MKFDGFOCKNO           26.46 -> 26.51
26991,0 fw Controll.static LEKCBKLAILO           26.51 -> 26.56
26991,0 fw Controll.static OFJKHAFJIMA          0.0059 -> 0.001
26991,1 fw PLH.static      ADJMBEDDHLB         26.5345 -> 26.5437
26998,7 fw PLH.static      ADJMBEDDHLB         26.5437 -> 26.552
27007,6 fw Controll.static GIPNIMALPEG          0.1441 -> 0.1653
27007,7 fw PLH.static      ADJMBEDDHLB          26.552 -> 26.5596
27016,6 fw PLH.static      ADJMBEDDHLB         26.5596 -> 26.5686
27022,9 fw PLH.static      ADJMBEDDHLB         26.5686 -> 26.5775
27033,4 fw PLH.static      ADJMBEDDHLB         26.5775 -> 26.5838
27039,1 fw Controll.static MKFDGFOCKNO           26.51 -> 26.56
27039,1 fw Controll.static LEKCBKLAILO           26.56 -> 26.61
27039,1 fw Controll.static OFJKHAFJIMA           0.001 -> 0.008
27039,2 fw PLH.static      ADJMBEDDHLB         26.5838 -> 26.5943
27050,4 #### SNAPSHOT #1 ####
27050,9 #S  player: MOPBMENEGLN=0 _LCEIAGLFFJN_k__BackingField=1 GLFBKBKFPCL=2063882 CCINALOJCNH=2 LGOAHLMABFF=0 ADNMLOLHFCD=0 LDKMPMIANCE=7 MMMGPDBMOLM=0 FACPLDFKHIO=0 FDOJDJLIGLF=0 EFHBKMHCMOH=0 INGHEHAALBJ=0 PIBCGHCJKAA=0 BANHJLHDFLI=0 FGFKPMPLNKO=0 ECBCOHFLJCC=0 ELBOPMABJOA=0 GDFNLALKMAN=0 PELNEJDOBKH=0 DECAKELAHPI=0 OLDBINBEFFG=0 EGCCBDKJGAB=0 EEHMHJBNAFP=0 NGCMFJECPIO=0 BCLPAILBBFP=0 AADFNNLGALL=0 PFGNALDDNDB=2 HIDMDLLHEKO=0 HOJIIOCKKLO=1 BCACFHNPIBP=45 ONOGCCOHPJC=0 LCMOBPPHLLM=0 CIPOBFGAMOP=20.575 GEDMGLAMGMD=0 MHCOJFIAGLP=0 JHGGICCFNFJ=0 CNHNFDDJMJO=0 HJLHOFPDEAA=1804 OLOOMMIKDPJ=20.575 LBKINNIDKEC=1 BDHNEDFEHBA=64 LNIDBHIAJJI=249 ACAIGMNLLEC=60 LCPGFBMKNHJ=999 CLOEJLAOIGI=0 APFNBGHAJMD=1 HEADELMLILF=0 CGHKKDBILGF=1 COCGLNFEFAF=0 HIECLOJIFIL=1 WasCollected=0
27050,9 #   player.GPBAJMJILMA len=2 [350,15625, 84,375]
27050,9 #   player.JNBMIDFBOHD len=2 [-9,84375, 0]
27050,9 #   player.JPDHFNADBKI len=2 [350,15625, 84,375]
27050,9 #   player.GDEMINMDJAC len=4 [0, 0, 0, 0]
27050,9 #   player.DDKPBGMMNIA len=10 [0, 0, 0, 1, 0, 1, 0, 0, 0, 0]
27050,9 #   player.PPOOANLEBNI len=40 [0, 0, 0, 0, 0, 0, 0, 0, 0, 0, 0, 0]
27051,0 #S  Controll.static: BIAHHOIOFKG=0.5 LCMOBPPHLLM=0 BNHEPNNOAIK=2.4 BNALIDHMCIG=2.75 JLPIAOFJHBB=0 DNNCGMPDMCF=0 IECMAFHGHND=0 JOJODHNJNGO=3 AJKDGEACHKD=3 NAKNALFCOIF=84.6 IGLCENGMMMJ=-8.55 EPEEFBDJAHO=0 JEOINCHFPCC=0 HKPMJHCGMDE=0.4 DGNDKAKOEPD=3238878 BEJBLGGGOCC=340820044 JELGPAKAJPE=116 EENJPDHGGGC=25.912 ONGHDHKFEBG=-1 NIGBIPNBOPC=0 KEPGFOEOHPD=0 HLBAGIACGBI=0 PBICPLCFAGG=1 NJPDKJKJMCG=0 GCHFDAPNBNB=0 BFEOOOMMGLK=0 EKEAAHAKHIN=0 DJACNOGOCKD=0 MJHNOEIFBEO=0 JGNLBAMNEBA=0 HCOLPFEEENG=0 EGDKJEFGFIC=0 GLGCAOADGMN=0 FGGKANNFBDH=0 LKPFNJHLOHL=0 ILFOFIOFBAM=-1 KJOMABGHAIJ=0 IPCNAHJLMAP=0 CGJDLMEINBJ=0 CFACCGMPPOE=1 NKFBOBMMGCL=0 CMGGPFHFKCM=2.4 MKFDGFOCKNO=26.61 LEKCBKLAILO=26.66 CIDLIJFIKPG=0.05 OFJKHAFJIMA=0.001 LADGFAFJJNM=0 CFHLIKBFICO=0 PEPKIHHGDHG=0 MBFKABGNPCM=0 AJKBMMMOPMF=0 DEBGAILDKPC=0 GKNJELHPMDE=-1 FBINCNDDPAO=0 ILGHFLMKMCO=0 CKLMDECPAGK=0 DBMGNKNGFLL=0 JADIDAJFOGK=0 OINJNFHMDFE=0 _JFKCDODJALP_k__BackingField=0 GHLDENBLDPH=0 IEKGMGGHAPE=0 BEINLJCOGBO=0 GAMBHJPMDON=1 POFKNJGAKPK=0 OGDPMIBJLDH=0 MNHBPCOOMLE=3238025 MBLGPNKENLH=0 AFDPPPDHDGP=0 IPKHNCADMPM=0 KMJLDLGDMGK=1 GIPNIMALPEG=0.022 ANDBANJHOLD=0 JBKBOPCCIBM=0
27051,1 #   Controll.static.DDOHELGGICN len=6 [(normal:(0.81, 0.11, -0.57), distance:15.11), (normal:(0.69, 0.11, 0.72), distance:-23.95), (normal:(0.40, 0.91, 0.04), distance:-5.28), (normal:(0.65, -0.75, 0.06), distance:-0.96), (normal:(0.98, 0.15, 0.09), distance:-5.82), (normal:(-0.98, -0.15, -0.09), distance:261.50)]
27051,1 #S  Controll: IFFKNMHKCKD=0.05 NIJLEBGNMAK=0.001 KNHCENJLPCN=0 MHMBOOBHFAO=0 BMPGKHBBDKJ=0 DKMDNEBPDLN=100000000 EDFJFJADEOI=0 PKPGKHAGALH=0 ANHKKECOIIK=0 CJIOKPOOHIC=-1 KOPOBDGHLFL=0 CLEHDNFKJPB=19.736 CAFJCKPAKIB=1 NLJFFCIKAFH=0 CGNEAAGAMKC=50 NFIICDMHEEI=0 IKILBFGJOKH=0 ANJGKCCKEED=0 APLGDDHLOHA=0 MCOGBCDKDJD=10 MFMJHNGIFGM=0 DJJBAKDOCPN=-1 ABEDBPBPOFI=0 MJPKOOHJOPA=0 useGUILayout=1 enabled=1 isActiveAndEnabled=1 WasCollected=0
27051,1 #S  weapon: OCDNCKANJPB=1 NLNJMBCBEAF=0 WasCollected=0
27051,1 #S  activeEntry: AIEPBAHGMJD=0 NIBLMFFHJHK=0 PICIILNDDJO=1 LJAIJIMKOGP=0 GLGJDNLBAOB=0 NIKINLIKGCP=15 MOGDFDEMPLE=45 WasCollected=0
27051,1 #   activeEntry.COAAKMDBKJM len=3 [0, 0, 0]
27051,2 #S  PLH.static: LCKKCAHAPEF=2.08 IFFKNMHKCKD=0.05 EHHGKJHIGIL=1 BMPGKHBBDKJ=0 ADJMBEDDHLB=26.6 CFIMEAFDJFM=22.344 KMLIIIGJAEK=4 OJDIKHJOGJC=0 EDLPNENMJFF=50 FEFGNPKFKPE=0 EKHCENHLMAM=1
27051,2 #S  HUD.static: CBFLNECJIFF=1 ACOMFBALLPB=0 MMEPGJJAHCI=49.903 JNBEDAECKGM=0 EHBHDOAHOAO=5 CGDKPLKDION=6 NEICGEOMFGN=0 GONEFAMEMOJ=350 DJBNLINNLOJ=-1 DIIAFKMNANI=20.713 ANDPEBCAPAC=0 GAELHMDBFBO=0 FKLAELDOEAG=0 PIPJJIMDAHF=0 KDGCJFDGFAJ=0 FCHLFNBPLLH=0 GPFCJFOLNII=0 DFEHJHOHPHK=0 NIHKFABDHPH=100 IPLCMBBHJKO=0 IBFMBINJKJN=0 LCJPDJJKNDM=1 PHNGEPIGKIO=0 FJMNBAGNAIH=21.075 OOIBIGCALAA=0.5 IICPDHNGAKC=1 MJKGICKCFNC=0 DIIIBNOFMCH=0 LGJHAJDMKAB=0 IHMHNDHECDO=0 EGBJBLEELNC=0 AMEOBGEEGCI=0
27051,3 #   HUD.static.DPOPNDPLFMN len=8 [(x:773.49, y:43.38, width:40.48, height:40.48), (x:727.22, y:43.38, width:40.48, height:40.48), (x:680.95, y:43.38, width:40.48, height:40.48), (x:634.69, y:43.38, width:40.48, height:40.48), (x:588.42, y:43.38, width:40.48, height:40.48), (x:542.15, y:43.38, width:40.48, height:40.48), (x:495.89, y:43.38, width:40.48, height:40.48), (x:449.62, y:43.38, width:40.48, height:40.48)]
27051,3 #   HUD.static.MGJBGOOFALD len=8 [(x:1106.03, y:43.38, width:40.48, height:40.48), (x:1152.30, y:43.38, width:40.48, height:40.48), (x:1198.56, y:43.38, width:40.48, height:40.48), (x:1244.83, y:43.38, width:40.48, height:40.48), (x:1291.10, y:43.38, width:40.48, height:40.48), (x:1337.36, y:43.38, width:40.48, height:40.48), (x:1383.63, y:43.38, width:40.48, height:40.48), (x:1429.90, y:43.38, width:40.48, height:40.48)]
27051,4 #   HUD.static.FBJDJBJOIJD len=16 [(x:773.49, y:20.24, width:40.48, height:40.48), (x:727.22, y:20.24, width:40.48, height:40.48), (x:680.95, y:20.24, width:40.48, height:40.48), (x:634.69, y:20.24, width:40.48, height:40.48), (x:588.42, y:20.24, width:40.48, height:40.48), (x:542.15, y:20.24, width:40.48, height:40.48), (x:495.89, y:20.24, width:40.48, height:40.48), (x:449.62, y:20.24, width:40.48, height:40.48), (x:773.49, y:66.51, width:40.48, height:40.48), (x:727.22, y:66.51, width:40.48, height:40.48), (x:680.95, y:66.51, width:40.48, height:40.48), (x:634.69, y:66.51, width:40.48, height:40.48)]
27051,5 #   HUD.static.HPCDGLNGIJJ len=16 [(x:1106.03, y:20.24, width:40.48, height:40.48), (x:1152.30, y:20.24, width:40.48, height:40.48), (x:1198.56, y:20.24, width:40.48, height:40.48), (x:1244.83, y:20.24, width:40.48, height:40.48), (x:1291.10, y:20.24, width:40.48, height:40.48), (x:1337.36, y:20.24, width:40.48, height:40.48), (x:1383.63, y:20.24, width:40.48, height:40.48), (x:1429.90, y:20.24, width:40.48, height:40.48), (x:1106.03, y:66.51, width:40.48, height:40.48), (x:1152.30, y:66.51, width:40.48, height:40.48), (x:1198.56, y:66.51, width:40.48, height:40.48), (x:1244.83, y:66.51, width:40.48, height:40.48)]
27051,5 #   HUD.static.JNAIOMMAIJG len=128 [0, 0, 0, 0, 0, 0, 0, 0, 0, 0, 0, 0]
27051,5 #S  HUD: DHKHMLPECLF=0 IDFHNKPJNCJ=0 CBDLILOKFDN=0 LCANLDDJLFB=1 IMPGDAPCBJF=108 ECHGPEPBOIM=0 NCPLNFKICBA=0 useGUILayout=1 enabled=1 isActiveAndEnabled=1 WasCollected=0
27051,6 #S  GUIInv.static: CBFLNECJIFF=0 HIMLDGKPFPO=0 DGIJIEDOAEG=0 HKFEGAMNGEB=0 MPBHJGCJBDE=0 JMACIGCBFBD=0 BFJLPHFIAAH=0 HJDOBCDPGPN=0 AHGBOGEBGKK=0 BACEMKABHAP=0 FBCMGKKKPPN=0 PNMFBNFKNAP=1 CAMEKFBNJEC=0 EFBFIHJMABF=1 NOMKICNEPMC=0 CPDKLHLLOKJ=0 IJNHDOGBGNE=0 FEBBCHLIJAM=0 LALEHGDILEB=9 INCDIECCFMC=7 LOILCIEIHHF=8 LPIHIDHBCAG=0 NDGEDGDLEMI=0 GLPOMODNMHL=0 NJLOOIBPPHE=0
27051,6 #   GUIInv.static.MHCPNENABCD len=9 [0, 0, 0, 1, 1, 0, 0, 0, 0]
27051,6 #   GUIInv.static.CLKDEHIHPAJ len=31 [0, 0, 1, 1, 1, 1, 1, 1, 1, 1, 1, 1]
27051,6 #   GUIInv.static.EKNEPPFAEME len=30 [0, 0, 0, 1, 1, 1, 1, 1, 1, 1, 1, 1]
27051,6 #   GUIInv.static.ODBDHJLHOGP len=29 [0, 0, 1, 1, 1, 1, 1, 1, 1, 1, 1, 1]
27051,6 #   GUIInv.static.JGFMOAHNPDN len=3 [0, 1, 1]
27051,6 #S  GUIInv: LDKMPMIANCE=0 WasCollected=0
27051,6 fw PLH.static      ADJMBEDDHLB         26.5943 -> 26.6001
27056,0 fw Controll.static GIPNIMALPEG          0.1653 -> 0.1325
27056,0 fw PLH.static      ADJMBEDDHLB         26.6001 -> 26.6125
27069,3 fw PLH.static      ADJMBEDDHLB         26.6125 -> 26.6169
27075,5 fw PLH.static      ADJMBEDDHLB         26.6169 -> 26.6302
27085,4 fw PLH.static      ADJMBEDDHLB         26.6302 -> 26.6364
27092,1 fw Controll.static MKFDGFOCKNO           26.56 -> 26.6101
27092,1 fw Controll.static LEKCBKLAILO           26.61 -> 26.6601
27092,1 fw Controll.static OFJKHAFJIMA           0.008 -> 0.0009
27092,1 fw PLH.static      ADJMBEDDHLB         26.6364 -> 26.6463
27101,9 fw PLH.static      ADJMBEDDHLB         26.6463 -> 26.653
27108,6 fw PLH.static      ADJMBEDDHLB          26.653 -> 26.6639
27108,6 fw PLH.static      CFIMEAFDJFM         22.3438 -> 22.514
27119,7 fw Controll.static GIPNIMALPEG          0.1325 -> 0.4072
27119,7 fw PLH.static      ADJMBEDDHLB         26.6639 -> 26.6695
27129,7 fw player          APFNBGHAJMD               1 -> 0
27129,7 fw PLH.static      ADJMBEDDHLB         26.6695 -> 26.6807
27129,7 fw PLH.static      CFIMEAFDJFM          22.514 -> 22.532
27134,3 fw PLH.static      ADJMBEDDHLB         26.6807 -> 26.6907
27134,3 fw PLH.static      CFIMEAFDJFM          22.532 -> 22.5415
27146,0 fw Controll.static MKFDGFOCKNO         26.6101 -> 26.6601
27146,0 fw Controll.static LEKCBKLAILO         26.6601 -> 26.7101
27146,1 fw PLH.static      ADJMBEDDHLB         26.6907 -> 26.6952
27146,1 fw PLH.static      CFIMEAFDJFM         22.5415 -> 22.5467
27152,7 fw Controll.static OFJKHAFJIMA          0.0009 -> 0.0031
27152,7 fw PLH.static      ADJMBEDDHLB         26.6952 -> 26.707
27152,7 fw PLH.static      CFIMEAFDJFM         22.5467 -> 22.5583
27163,5 fw player          APFNBGHAJMD               0 -> 1
27163,5 fw PLH.static      ADJMBEDDHLB          26.707 -> 26.7136
27169,4 fw Controll.static GIPNIMALPEG          0.4072 -> 0.4017
27169,5 fw PLH.static      ADJMBEDDHLB         26.7136 -> 26.7244
27180,8 fw PLH.static      ADJMBEDDHLB         26.7244 -> 26.7304
27189,0 fw PLH.static      ADJMBEDDHLB         26.7304 -> 26.7417
27189,0 fw PLH.static      CFIMEAFDJFM         22.5583 -> 22.5931
27197,0 fw PLH.static      ADJMBEDDHLB         26.7417 -> 26.7499
27205,2 fw Controll.static MKFDGFOCKNO         26.6601 -> 26.7601
27205,2 fw Controll.static LEKCBKLAILO         26.7101 -> 26.8101
27205,2 fw Controll.static OFJKHAFJIMA          0.0031 -> 0.0056
27205,3 fw PLH.static      ADJMBEDDHLB         26.7499 -> 26.7579
27205,3 fw PLH.static      CFIMEAFDJFM         22.5931 -> 22.6094
27214,5 fw PLH.static      ADJMBEDDHLB         26.7579 -> 26.7662
27221,1 fw Controll.static GIPNIMALPEG          0.4017 -> 0.4347
27221,1 fw PLH.static      ADJMBEDDHLB         26.7662 -> 26.7754
27221,1 fw PLH.static      CFIMEAFDJFM         22.6094 -> 22.6261
27232,1 fw PLH.static      ADJMBEDDHLB         26.7754 -> 26.782
27238,9 fw PLH.static      ADJMBEDDHLB          26.782 -> 26.793
27238,9 fw PLH.static      CFIMEAFDJFM         22.6261 -> 22.6439
27248,6 fw PLH.static      ADJMBEDDHLB          26.793 -> 26.7998
27256,0 fw Controll.static MKFDGFOCKNO         26.7601 -> 26.8101
27256,0 fw Controll.static LEKCBKLAILO         26.8101 -> 26.8601
27256,0 fw Controll.static OFJKHAFJIMA          0.0056 -> 0.0064
27256,1 fw PLH.static      ADJMBEDDHLB         26.7998 -> 26.8098
27256,1 fw PLH.static      CFIMEAFDJFM         22.6439 -> 22.6602
27265,0 fw PLH.static      ADJMBEDDHLB         26.8098 -> 26.817
27265,0 fw PLH.static      CFIMEAFDJFM         22.6602 -> 22.6682
27273,3 fw Controll.static GIPNIMALPEG          0.4347 -> 0.4787
27273,3 fw PLH.static      ADJMBEDDHLB          26.817 -> 26.8259
27273,3 fw PLH.static      CFIMEAFDJFM         22.6682 -> 22.6773
27281,4 fw PLH.static      ADJMBEDDHLB         26.8259 -> 26.8342
27281,4 fw PLH.static      CFIMEAFDJFM         22.6773 -> 22.685
27290,4 fw PLH.static      ADJMBEDDHLB         26.8342 -> 26.8423
27290,5 fw PLH.static      CFIMEAFDJFM          22.685 -> 22.6937
27297,8 fw PLH.static      ADJMBEDDHLB         26.8423 -> 26.8514
27297,8 fw PLH.static      CFIMEAFDJFM         22.6937 -> 22.7022
27312,9 fw Controll.static MKFDGFOCKNO         26.8101 -> 26.8601
27312,9 fw Controll.static LEKCBKLAILO         26.8601 -> 26.9101
27312,9 fw Controll.static OFJKHAFJIMA          0.0064 -> 0.0134
27313,0 fw PLH.static      ADJMBEDDHLB         26.8514 -> 26.8587
27317,0 fw PLH.static      ADJMBEDDHLB         26.8587 -> 26.8739
27330,2 fw Controll.static GIPNIMALPEG          0.4787 -> 0.6162
27330,2 fw PLH.static      ADJMBEDDHLB         26.8739 -> 26.8779
27336,1 fw PLH.static      ADJMBEDDHLB         26.8779 -> 26.8911
27347,4 fw PLH.static      ADJMBEDDHLB         26.8911 -> 26.8971
27354,9 fw PLH.static      ADJMBEDDHLB         26.8971 -> 26.9083
27363,9 fw Controll.static MKFDGFOCKNO         26.8601 -> 26.9101
27363,9 fw Controll.static LEKCBKLAILO         26.9101 -> 26.9601
27363,9 fw Controll.static OFJKHAFJIMA          0.0134 -> 0.0053
27363,9 fw PLH.static      ADJMBEDDHLB         26.9083 -> 26.9158
27372,0 fw PLH.static      ADJMBEDDHLB         26.9158 -> 26.9248
27380,6 fw Controll.static GIPNIMALPEG          0.6162 -> 0.6255
27380,7 fw PLH.static      ADJMBEDDHLB         26.9248 -> 26.9329
27388,5 fw PLH.static      ADJMBEDDHLB         26.9329 -> 26.9416
27397,7 fw PLH.static      ADJMBEDDHLB         26.9416 -> 26.9494
27404,8 fw PLH.static      ADJMBEDDHLB         26.9494 -> 26.9586
27414,6 fw Controll.static MKFDGFOCKNO         26.9101 -> 26.9601
27414,6 fw Controll.static LEKCBKLAILO         26.9601 -> 27.0101
27414,6 fw Controll.static OFJKHAFJIMA          0.0053 -> 0.0052
27414,7 fw PLH.static      ADJMBEDDHLB         26.9586 -> 26.9657
27421,2 fw PLH.static      ADJMBEDDHLB         26.9657 -> 26.9756
27432,0 fw PLH.static      ADJMBEDDHLB         26.9756 -> 26.9821
27432,0 fw PLH.static      CFIMEAFDJFM         22.7022 -> 22.8335
27438,4 fw Controll.static GIPNIMALPEG          0.6255 -> 0.7805
27438,4 fw PLH.static      ADJMBEDDHLB         26.9821 -> 26.993
27438,4 fw PLH.static      CFIMEAFDJFM         22.8335 -> 22.8438
27448,9 fw Controll.static DGNDKAKOEPD         3238878 -> 3239959
27448,9 fw Controll.static BEJBLGGGOCC       340820044 -> 340821128
27448,9 fw Controll.static JELGPAKAJPE             116 -> 120
27448,9 fw Controll.static EENJPDHGGGC          25.912 -> 26.993
27449,0 fw PLH.static      ADJMBEDDHLB          26.993 -> 26.9993
27449,0 fw PLH.static      CFIMEAFDJFM         22.8438 -> 22.8508
27455,0 fw PLH.static      ADJMBEDDHLB         26.9993 -> 27.0099
27465,5 fw Controll.static MKFDGFOCKNO         26.9601 -> 27.0101
27465,5 fw Controll.static LEKCBKLAILO         27.0101 -> 27.0601
27465,6 fw PLH.static      ADJMBEDDHLB         27.0099 -> 27.0159
27472,5 fw Controll.static OFJKHAFJIMA          0.0052 -> 0.0054
27472,6 fw PLH.static      ADJMBEDDHLB         27.0159 -> 27.0265
27472,6 fw PLH.static      CFIMEAFDJFM         22.8508 -> 22.8779
27482,6 fw PLH.static      ADJMBEDDHLB         27.0265 -> 27.0336
27482,6 fw PLH.static      CFIMEAFDJFM         22.8779 -> 22.8843
27490,7 fw Controll.static GIPNIMALPEG          0.7805 -> 0.8278
27490,8 fw PLH.static      ADJMBEDDHLB         27.0336 -> 27.0436
27499,1 fw PLH.static      ADJMBEDDHLB         27.0436 -> 27.0517
27499,1 fw PLH.static      CFIMEAFDJFM         22.8843 -> 22.9026
27506,7 fw PLH.static      ADJMBEDDHLB         27.0517 -> 27.06
27506,7 fw PLH.static      CFIMEAFDJFM         22.9026 -> 22.9114
27516,0 fw PLH.static      ADJMBEDDHLB           27.06 -> 27.0676
27522,5 fw Controll.static MKFDGFOCKNO         27.0101 -> 27.0601
27522,5 fw Controll.static LEKCBKLAILO         27.0601 -> 27.1101
27522,5 fw Controll.static OFJKHAFJIMA          0.0054 -> 0.0071
27522,6 fw PLH.static      ADJMBEDDHLB         27.0676 -> 27.0781
27522,6 fw PLH.static      CFIMEAFDJFM         22.9114 -> 22.9278
27534,8 fw PLH.static      ADJMBEDDHLB         27.0781 -> 27.0835
27534,8 fw PLH.static      CFIMEAFDJFM         22.9278 -> 22.9348
27540,6 fw Controll.static GIPNIMALPEG          0.8278 -> 0.8244
27540,7 fw PLH.static      ADJMBEDDHLB         27.0835 -> 27.0957
27540,7 fw PLH.static      CFIMEAFDJFM         22.9348 -> 22.9464
27551,9 fw PLH.static      ADJMBEDDHLB         27.0957 -> 27.1016
27557,7 fw PLH.static      ADJMBEDDHLB         27.1016 -> 27.1128
27568,7 fw PLH.static      ADJMBEDDHLB         27.1128 -> 27.1186
27568,7 fw PLH.static      CFIMEAFDJFM         22.9464 -> 22.97
27574,6 fw Controll.static MKFDGFOCKNO         27.0601 -> 27.1101
27574,6 fw Controll.static LEKCBKLAILO         27.1101 -> 27.1601
27574,6 fw Controll.static OFJKHAFJIMA          0.0071 -> 0.0023
27574,7 fw PLH.static      ADJMBEDDHLB         27.1186 -> 27.1296
27574,7 fw PLH.static      CFIMEAFDJFM           22.97 -> 22.9806
27585,2 fw PLH.static      ADJMBEDDHLB         27.1296 -> 27.1356
27595,1 fw Controll.static GIPNIMALPEG          0.8244 -> 0.915
27595,2 fw PLH.static      ADJMBEDDHLB         27.1356 -> 27.1461
27595,2 fw PLH.static      CFIMEAFDJFM         22.9806 -> 22.9975
27600,1 fw PLH.static      ADJMBEDDHLB         27.1461 -> 27.1561
27600,1 fw PLH.static      CFIMEAFDJFM         22.9975 -> 23.0069
27612,4 fw PLH.static      ADJMBEDDHLB         27.1561 -> 27.161
27618,2 fw PLH.static      ADJMBEDDHLB          27.161 -> 27.1732
27618,2 fw PLH.static      CFIMEAFDJFM         23.0069 -> 23.0242
27628,9 fw Controll.static MKFDGFOCKNO         27.1101 -> 27.1601
27628,9 fw Controll.static LEKCBKLAILO         27.1601 -> 27.2101
27628,9 fw Controll.static OFJKHAFJIMA          0.0023 -> 0.0004
27628,9 fw PLH.static      ADJMBEDDHLB         27.1732 -> 27.1791
27628,9 fw PLH.static      CFIMEAFDJFM         23.0242 -> 23.0305
27634,8 fw PLH.static      ADJMBEDDHLB         27.1791 -> 27.1898
27634,8 fw PLH.static      CFIMEAFDJFM         23.0305 -> 23.0408
27645,3 fw Controll.static GIPNIMALPEG           0.915 -> 0.9195
27645,4 fw PLH.static      ADJMBEDDHLB         27.1898 -> 27.1957
27653,4 fw PLH.static      ADJMBEDDHLB         27.1957 -> 27.2063
27661,6 fw PLH.static      ADJMBEDDHLB         27.2063 -> 27.2143
27696,1 fw PLH.static      ADJMBEDDHLB         27.2143 -> 27.2529
27696,1 fw PLH.static      CFIMEAFDJFM         23.0408 -> 23.0739
27708,6 fw Controll.static MKFDGFOCKNO         27.1601 -> 27.2601
27708,6 fw Controll.static LEKCBKLAILO         27.2101 -> 27.3101
27708,6 fw Controll.static OFJKHAFJIMA          0.0004 -> 0.009
27708,7 fw PLH.static      ADJMBEDDHLB         27.2529 -> 27.257
27715,6 fw PLH.static      ADJMBEDDHLB          27.257 -> 27.2696
27715,6 fw PLH.static      CFIMEAFDJFM         23.0739 -> 23.1203
27724,2 fw Controll.static GIPNIMALPEG          0.9195 -> 0.4973
27724,3 fw PLH.static      ADJMBEDDHLB         27.2696 -> 27.2765
27732,6 fw PLH.static      ADJMBEDDHLB         27.2765 -> 27.2852
27732,6 fw PLH.static      CFIMEAFDJFM         23.1203 -> 23.1366
27747,9 fw PLH.static      ADJMBEDDHLB         27.2852 -> 27.2935
27747,9 fw PLH.static      CFIMEAFDJFM         23.1366 -> 23.1444
27764,9 fw PLH.static      ADJMBEDDHLB         27.2935 -> 27.31
27779,1 fw Controll.static MKFDGFOCKNO         27.2601 -> 27.3101
27779,1 fw Controll.static LEKCBKLAILO         27.3101 -> 27.3601
27779,1 fw Controll.static OFJKHAFJIMA           0.009 -> 0.0151
27779,2 fw PLH.static      ADJMBEDDHLB           27.31 -> 27.3259
27779,2 fw PLH.static      CFIMEAFDJFM         23.1444 -> 23.1712
27784,0 fw PLH.static      ADJMBEDDHLB         27.3259 -> 27.3401
27784,0 fw PLH.static      CFIMEAFDJFM         23.1712 -> 23.1878
27796,5 fw PLH.static      ADJMBEDDHLB         27.3401 -> 27.3449
27804,4 fw Controll.static GIPNIMALPEG          0.4973 -> 0.0997
27804,4 fw PLH.static      ADJMBEDDHLB         27.3449 -> 27.3575
27804,4 fw PLH.static      CFIMEAFDJFM         23.1878 -> 23.2081
27816,0 fw PLH.static      ADJMBEDDHLB         27.3575 -> 27.3654
27822,4 fw PLH.static      ADJMBEDDHLB         27.3654 -> 27.3769
27822,4 fw PLH.static      CFIMEAFDJFM         23.2081 -> 23.2264
27836,0 fw Controll.static MKFDGFOCKNO         27.3101 -> 27.3601
27836,0 fw Controll.static LEKCBKLAILO         27.3601 -> 27.4101
27836,1 fw PLH.static      ADJMBEDDHLB         27.3769 -> 27.3841
27836,1 fw PLH.static      CFIMEAFDJFM         23.2264 -> 23.2344
27842,2 fw Controll.static OFJKHAFJIMA          0.0151 -> 0.0048
27842,2 fw PLH.static      ADJMBEDDHLB         27.3841 -> 27.3971
27842,3 fw PLH.static      CFIMEAFDJFM         23.2344 -> 23.2478
27869,2 fw PLH.static      ADJMBEDDHLB         27.3971 -> 27.4032
27869,2 fw PLH.static      CFIMEAFDJFM         23.2478 -> 23.2543
27877,6 fw Controll.static GIPNIMALPEG          0.0997 -> 0.5647
27877,7 fw PLH.static      ADJMBEDDHLB         27.4032 -> 27.4303
27877,7 fw PLH.static      CFIMEAFDJFM         23.2543 -> 23.2668
27892,5 fw PLH.static      ADJMBEDDHLB         27.4303 -> 27.4386
27897,0 fw PLH.static      ADJMBEDDHLB         27.4386 -> 27.4534
27897,0 fw PLH.static      CFIMEAFDJFM         23.2668 -> 23.3038
27913,7 fw PLH.static      ADJMBEDDHLB         27.4534 -> 27.4579
27913,8 fw PLH.static      CFIMEAFDJFM         23.3038 -> 23.3094
27921,4 fw Controll.static MKFDGFOCKNO         27.3601 -> 27.4601
27921,4 fw Controll.static LEKCBKLAILO         27.4101 -> 27.5101
27921,4 fw Controll.static OFJKHAFJIMA          0.0048 -> 0.0138
27921,5 fw PLH.static      ADJMBEDDHLB         27.4579 -> 27.477
27921,5 fw PLH.static      CFIMEAFDJFM         23.3094 -> 23.3249
27935,6 fw PLH.static      ADJMBEDDHLB          27.477 -> 27.4824
27949,8 fw Controll.static GIPNIMALPEG          0.5647 -> 0.006
27949,8 fw PLH.static      ADJMBEDDHLB         27.4824 -> 27.4966
27949,8 fw PLH.static      CFIMEAFDJFM         23.3249 -> 23.3476
27956,4 fw PLH.static      ADJMBEDDHLB         27.4966 -> 27.5107
27969,0 fw PLH.static      ADJMBEDDHLB         27.5107 -> 27.5176
27969,0 fw PLH.static      CFIMEAFDJFM         23.3476 -> 23.3684
27975,7 fw PLH.static      ADJMBEDDHLB         27.5176 -> 27.53
27995,4 fw Controll.static MKFDGFOCKNO         27.4601 -> 27.5101
27995,4 fw Controll.static LEKCBKLAILO         27.5101 -> 27.5601
27995,4 fw Controll.static OFJKHAFJIMA          0.0138 -> 0.0001
27995,6 fw PLH.static      ADJMBEDDHLB           27.53 -> 27.5366
28000,4 fw PLH.static      ADJMBEDDHLB         27.5366 -> 27.5567
28034,3 fw Controll.static GIPNIMALPEG           0.006 -> 0.6985
28034,4 fw PLH.static      ADJMBEDDHLB         27.5567 -> 27.5613
28034,4 fw PLH.static      CFIMEAFDJFM         23.3684 -> 23.4125
28047,2 fw PLH.static      ADJMBEDDHLB         27.5613 -> 27.5953
28047,2 fw PLH.static      CFIMEAFDJFM         23.4125 -> 23.4455
28062,3 fw PLH.static      ADJMBEDDHLB         27.5953 -> 27.6081
28062,3 fw PLH.static      CFIMEAFDJFM         23.4455 -> 23.4596
28071,5 fw PLH.static      ADJMBEDDHLB         27.6081 -> 27.6234
28071,5 fw PLH.static      CFIMEAFDJFM         23.4596 -> 23.4728
28084,0 fw Controll.static MKFDGFOCKNO         27.5101 -> 27.6101
28084,0 fw Controll.static LEKCBKLAILO         27.5601 -> 27.6601
28084,0 fw Controll.static OFJKHAFJIMA          0.0001 -> 0.0123
28084,0 fw PLH.static      ADJMBEDDHLB         27.6234 -> 27.6325
28084,0 fw PLH.static      CFIMEAFDJFM         23.4728 -> 23.4831
28090,9 fw PLH.static      ADJMBEDDHLB         27.6325 -> 27.645
28090,9 fw PLH.static      CFIMEAFDJFM         23.4831 -> 23.4963
28101,0 fw Controll.static GIPNIMALPEG          0.6985 -> 0.0313
28101,0 fw PLH.static      ADJMBEDDHLB          27.645 -> 27.6518
28101,0 fw PLH.static      CFIMEAFDJFM         23.4963 -> 23.5028
28108,4 fw PLH.static      ADJMBEDDHLB         27.6518 -> 27.662
28108,4 fw PLH.static      CFIMEAFDJFM         23.5028 -> 23.5131
28117,4 fw PLH.static      ADJMBEDDHLB          27.662 -> 27.6693
28117,4 fw PLH.static      CFIMEAFDJFM         23.5131 -> 23.5204
28126,5 fw PLH.static      ADJMBEDDHLB         27.6693 -> 27.6783
28139,7 fw Controll.static MKFDGFOCKNO         27.6101 -> 27.6601
28139,7 fw Controll.static LEKCBKLAILO         27.6601 -> 27.7101
28139,7 fw Controll.static OFJKHAFJIMA          0.0123 -> 0.0013
28139,8 fw PLH.static      ADJMBEDDHLB         27.6783 -> 27.6874
28139,8 fw PLH.static      CFIMEAFDJFM         23.5204 -> 23.5389
28147,0 fw PLH.static      ADJMBEDDHLB         27.6874 -> 27.7007
28147,0 fw PLH.static      CFIMEAFDJFM         23.5389 -> 23.5516
28155,7 fw Controll.static GIPNIMALPEG          0.0313 -> 0.1262
28155,8 fw PLH.static      ADJMBEDDHLB         27.7007 -> 27.708
28155,8 fw PLH.static      CFIMEAFDJFM         23.5516 -> 23.5594
28188,7 fw PLH.static      ADJMBEDDHLB          27.708 -> 27.7167
28188,7 fw PLH.static      CFIMEAFDJFM         23.5594 -> 23.5675
28195,8 fw PLH.static      ADJMBEDDHLB         27.7167 -> 27.7496
28195,8 fw PLH.static      CFIMEAFDJFM         23.5675 -> 23.6003
28204,8 fw PLH.static      ADJMBEDDHLB         27.7496 -> 27.7567
28212,9 fw Controll.static MKFDGFOCKNO         27.6601 -> 27.7602
28212,9 fw Controll.static LEKCBKLAILO         27.7101 -> 27.8102
28212,9 fw Controll.static OFJKHAFJIMA          0.0013 -> 0.005
28213,0 fw PLH.static      ADJMBEDDHLB         27.7567 -> 27.7657
28213,0 fw PLH.static      CFIMEAFDJFM         23.6003 -> 23.6169
28220,4 fw PLH.static      ADJMBEDDHLB         27.7657 -> 27.7739
28220,5 fw PLH.static      CFIMEAFDJFM         23.6169 -> 23.6249
28232,2 fw PLH.static      ADJMBEDDHLB         27.7739 -> 27.7816
28244,7 fw Controll.static GIPNIMALPEG          0.1262 -> 0.9048
28244,8 fw PLH.static      ADJMBEDDHLB         27.7816 -> 27.7931
28244,8 fw PLH.static      CFIMEAFDJFM         23.6249 -> 23.6442
28252,0 fw PLH.static      ADJMBEDDHLB         27.7931 -> 27.8057
28252,0 fw PLH.static      CFIMEAFDJFM         23.6442 -> 23.6566
28261,1 fw PLH.static      ADJMBEDDHLB         27.8057 -> 27.8129
28269,4 fw Controll.static MKFDGFOCKNO         27.7602 -> 27.8102
28269,4 fw Controll.static LEKCBKLAILO         27.8102 -> 27.8602
28269,5 fw PLH.static      ADJMBEDDHLB         27.8129 -> 27.822
28269,5 fw PLH.static      CFIMEAFDJFM         23.6566 -> 23.6734
28276,0 fw Controll.static OFJKHAFJIMA           0.005 -> 0.0023
28276,1 fw PLH.static      ADJMBEDDHLB          27.822 -> 27.8304
28276,1 fw PLH.static      CFIMEAFDJFM         23.6734 -> 23.6815
28289,5 fw PLH.static      ADJMBEDDHLB         27.8304 -> 27.8371
28301,4 fw Controll.static GIPNIMALPEG          0.9048 -> 0.039
28301,4 fw PLH.static      ADJMBEDDHLB         27.8371 -> 27.8516
28309,6 fw PLH.static      ADJMBEDDHLB         27.8516 -> 27.8624
28309,6 fw PLH.static      CFIMEAFDJFM         23.6815 -> 23.7135
28319,9 fw PLH.static      ADJMBEDDHLB         27.8624 -> 27.8705
28319,9 fw PLH.static      CFIMEAFDJFM         23.7135 -> 23.7202
28328,4 fw PLH.static      ADJMBEDDHLB         27.8705 -> 27.8808
28328,4 fw PLH.static      CFIMEAFDJFM         23.7202 -> 23.7322
28336,2 fw Controll.static MKFDGFOCKNO         27.8102 -> 27.8602
28336,3 fw Controll.static LEKCBKLAILO         27.8602 -> 27.9102
28336,3 fw Controll.static OFJKHAFJIMA          0.0023 -> 0.0017
28336,3 fw PLH.static      ADJMBEDDHLB         27.8808 -> 27.8893
28336,3 fw PLH.static      CFIMEAFDJFM         23.7322 -> 23.7404
28343,4 fw PLH.static      ADJMBEDDHLB         27.8893 -> 27.8974
28343,4 fw PLH.static      CFIMEAFDJFM         23.7404 -> 23.7487
28355,2 fw Controll.static GIPNIMALPEG           0.039 -> 0.1155
28355,3 fw PLH.static      ADJMBEDDHLB         27.8974 -> 27.9043
28355,3 fw PLH.static      CFIMEAFDJFM         23.7487 -> 23.7557
28360,5 fw PLH.static      ADJMBEDDHLB         27.9043 -> 27.9162
28360,5 fw PLH.static      CFIMEAFDJFM         23.7557 -> 23.7657
28373,3 fw PLH.static      ADJMBEDDHLB         27.9162 -> 27.9214
28381,0 fw PLH.static      ADJMBEDDHLB         27.9214 -> 27.9342
28381,0 fw PLH.static      CFIMEAFDJFM         23.7657 -> 23.7852
28388,4 fw Controll.static MKFDGFOCKNO         27.8602 -> 27.9102
28388,4 fw Controll.static LEKCBKLAILO         27.9102 -> 27.9602
28388,4 fw Controll.static OFJKHAFJIMA          0.0017 -> 0.0055
28388,4 fw PLH.static      ADJMBEDDHLB         27.9342 -> 27.9419
28397,2 fw PLH.static      ADJMBEDDHLB         27.9419 -> 27.9494
28397,3 fw PLH.static      CFIMEAFDJFM         23.7852 -> 23.8003
28405,3 fw Controll.static GIPNIMALPEG          0.1155 -> 0.1164
28405,3 fw PLH.static      ADJMBEDDHLB         27.9494 -> 27.9582
28405,3 fw PLH.static      CFIMEAFDJFM         23.8003 -> 23.8096
28413,8 fw PLH.static      ADJMBEDDHLB         27.9582 -> 27.9662
28421,6 fw PLH.static      ADJMBEDDHLB         27.9662 -> 27.9747
28430,2 fw PLH.static      ADJMBEDDHLB         27.9747 -> 27.9825
28430,2 fw PLH.static      CFIMEAFDJFM         23.8096 -> 23.8339
28437,4 fw Controll.static MKFDGFOCKNO         27.9102 -> 27.9602
28437,4 fw Controll.static LEKCBKLAILO         27.9602 -> 28.0102
28437,5 fw PLH.static      ADJMBEDDHLB         27.9825 -> 27.9911
28445,6 fw PLH.static      ADJMBEDDHLB         27.9911 -> 27.9984
28445,6 fw PLH.static      CFIMEAFDJFM         23.8339 -> 23.8498
28454,5 fw Controll.static GIPNIMALPEG          0.1164 -> 0.1016
28454,6 fw PLH.static      ADJMBEDDHLB         27.9984 -> 28.0065
28454,6 fw PLH.static      CFIMEAFDJFM         23.8498 -> 23.8579
28462,2 fw PLH.static      ADJMBEDDHLB         28.0065 -> 28.0155
28462,2 fw PLH.static      CFIMEAFDJFM         23.8579 -> 23.8663
28470,4 fw Controll.static DGNDKAKOEPD         3239959 -> 3240982
28470,4 fw Controll.static BEJBLGGGOCC       340821128 -> 340822144
28470,4 fw Controll.static JELGPAKAJPE             120 -> 154
28470,4 fw Controll.static EENJPDHGGGC          26.993 -> 28.0155
28470,5 fw PLH.static      ADJMBEDDHLB         28.0155 -> 28.0231
28470,5 fw PLH.static      CFIMEAFDJFM         23.8663 -> 23.8745
28477,7 fw PLH.static      ADJMBEDDHLB         28.0231 -> 28.0314
28477,7 fw PLH.static      CFIMEAFDJFM         23.8745 -> 23.8823
28486,2 fw Controll.static MKFDGFOCKNO         27.9602 -> 28.0102
28486,2 fw Controll.static LEKCBKLAILO         28.0102 -> 28.0602
28486,2 fw Controll.static OFJKHAFJIMA          0.0055 -> 0.005
28486,3 fw PLH.static      ADJMBEDDHLB         28.0314 -> 28.0386
28486,3 fw PLH.static      CFIMEAFDJFM         23.8823 -> 23.89
28494,6 fw PLH.static      ADJMBEDDHLB         28.0386 -> 28.0472
28494,6 fw PLH.static      CFIMEAFDJFM           23.89 -> 23.8986
28502,5 fw Controll.static GIPNIMALPEG          0.1016 -> 0.0606
28502,5 fw PLH.static      ADJMBEDDHLB         28.0472 -> 28.0555
28512,9 fw PLH.static      ADJMBEDDHLB         28.0555 -> 28.0635
28512,9 fw PLH.static      CFIMEAFDJFM         23.8986 -> 23.9146
28520,9 fw PLH.static      ADJMBEDDHLB         28.0635 -> 28.0738
28520,9 fw PLH.static      CFIMEAFDJFM         23.9146 -> 23.9249
28530,7 fw PLH.static      ADJMBEDDHLB         28.0738 -> 28.0818
28537,7 fw Controll.static MKFDGFOCKNO         28.0102 -> 28.0602
28537,7 fw Controll.static LEKCBKLAILO         28.0602 -> 28.1102
28537,7 fw Controll.static OFJKHAFJIMA           0.005 -> 0.0028
28537,8 fw PLH.static      ADJMBEDDHLB         28.0818 -> 28.0916
28537,8 fw PLH.static      CFIMEAFDJFM         23.9249 -> 23.9414
28545,9 fw PLH.static      ADJMBEDDHLB         28.0916 -> 28.0987
28555,2 fw PLH.static      ADJMBEDDHLB         28.0987 -> 28.1068
28555,2 fw PLH.static      CFIMEAFDJFM         23.9414 -> 23.9583
28562,5 fw Controll.static GIPNIMALPEG          0.0606 -> 0.261
28562,6 fw PLH.static      ADJMBEDDHLB         28.1068 -> 28.1161
28571,9 fw PLH.static      ADJMBEDDHLB         28.1161 -> 28.1235
28571,9 fw PLH.static      CFIMEAFDJFM         23.9583 -> 23.9749
28579,5 fw PLH.static      ADJMBEDDHLB         28.1235 -> 28.1328
28579,5 fw PLH.static      CFIMEAFDJFM         23.9749 -> 23.9836
28588,0 fw Controll.static MKFDGFOCKNO         28.0602 -> 28.1102
28588,0 fw Controll.static LEKCBKLAILO         28.1102 -> 28.1602
28588,1 fw PLH.static      ADJMBEDDHLB         28.1328 -> 28.1404
28588,1 fw PLH.static      CFIMEAFDJFM         23.9836 -> 23.9919
28595,8 fw Controll.static OFJKHAFJIMA          0.0028 -> 0.0055
28595,9 fw PLH.static      ADJMBEDDHLB         28.1404 -> 28.1491
28595,9 fw PLH.static      CFIMEAFDJFM         23.9919 -> 24
28605,0 fw PLH.static      ADJMBEDDHLB         28.1491 -> 28.1568
28612,4 fw Controll.static GIPNIMALPEG           0.261 -> 0.2588
28612,4 fw PLH.static      ADJMBEDDHLB         28.1568 -> 28.1659
28622,4 fw PLH.static      ADJMBEDDHLB         28.1659 -> 28.1745
28622,4 fw PLH.static      CFIMEAFDJFM              24 -> 24.0242
28628,9 fw PLH.static      ADJMBEDDHLB         28.1745 -> 28.1833
28639,2 fw PLH.static      ADJMBEDDHLB         28.1833 -> 28.1898
28639,2 fw PLH.static      CFIMEAFDJFM         24.0242 -> 24.0408
28647,1 fw Controll.static MKFDGFOCKNO         28.1102 -> 28.1602
28647,1 fw Controll.static LEKCBKLAILO         28.1602 -> 28.2102
28647,1 fw Controll.static OFJKHAFJIMA          0.0055 -> 0.0052
28647,1 fw PLH.static      ADJMBEDDHLB         28.1898 -> 28.2002
28647,1 fw PLH.static      CFIMEAFDJFM         24.0408 -> 24.0516
28655,8 fw PLH.static      ADJMBEDDHLB         28.2002 -> 28.208
28655,8 fw PLH.static      CFIMEAFDJFM         24.0516 -> 24.0595
28663,4 fw Controll.static GIPNIMALPEG          0.2588 -> 0.2795
28663,5 fw PLH.static      ADJMBEDDHLB          28.208 -> 28.2167
28663,5 fw PLH.static      CFIMEAFDJFM         24.0595 -> 24.0675
28671,6 fw PLH.static      ADJMBEDDHLB         28.2167 -> 28.2244
28679,9 fw PLH.static      ADJMBEDDHLB         28.2244 -> 28.2326
28679,9 fw PLH.static      CFIMEAFDJFM         24.0675 -> 24.0836
28688,2 fw PLH.static      ADJMBEDDHLB         28.2326 -> 28.2408
28696,0 fw Controll.static MKFDGFOCKNO         28.1602 -> 28.2102
28696,0 fw Controll.static LEKCBKLAILO         28.2102 -> 28.2602
28696,0 fw Controll.static OFJKHAFJIMA          0.0052 -> 0.0061
28696,0 fw PLH.static      ADJMBEDDHLB         28.2408 -> 28.2491
28696,0 fw PLH.static      CFIMEAFDJFM         24.0836 -> 24.1001
28704,7 fw PLH.static      ADJMBEDDHLB         28.2491 -> 28.2569
28704,7 fw PLH.static      CFIMEAFDJFM         24.1001 -> 24.1084
28713,7 fw Controll.static GIPNIMALPEG          0.2795 -> 0.2838
28713,7 fw PLH.static      ADJMBEDDHLB         28.2569 -> 28.2657
28719,5 fw PLH.static      ADJMBEDDHLB         28.2657 -> 28.2746
28719,5 fw PLH.static      CFIMEAFDJFM         24.1084 -> 24.1247
28729,8 fw PLH.static      ADJMBEDDHLB         28.2746 -> 28.2804
28737,6 fw PLH.static      ADJMBEDDHLB         28.2804 -> 28.2907
28737,6 fw PLH.static      CFIMEAFDJFM         24.1247 -> 24.1417
28745,5 fw Controll.static MKFDGFOCKNO         28.2102 -> 28.2602
28745,5 fw Controll.static LEKCBKLAILO         28.2602 -> 28.3102
28745,5 fw Controll.static OFJKHAFJIMA          0.0061 -> 0.005
28745,5 fw PLH.static      ADJMBEDDHLB         28.2907 -> 28.2985
28745,5 fw PLH.static      CFIMEAFDJFM         24.1417 -> 24.15
28754,7 fw PLH.static      ADJMBEDDHLB         28.2985 -> 28.3064
28761,5 fw Controll.static GIPNIMALPEG          0.2838 -> 0.2406
28761,6 fw PLH.static      ADJMBEDDHLB         28.3064 -> 28.3156
28761,6 fw PLH.static      CFIMEAFDJFM           24.15 -> 24.1663
28771,1 fw PLH.static      ADJMBEDDHLB         28.3156 -> 28.3225
28771,1 fw PLH.static      CFIMEAFDJFM         24.1663 -> 24.1739
28777,7 fw PLH.static      ADJMBEDDHLB         28.3225 -> 28.332
28777,7 fw PLH.static      CFIMEAFDJFM         24.1739 -> 24.1828
28787,4 fw PLH.static      ADJMBEDDHLB          28.332 -> 28.3386
28787,4 fw PLH.static      CFIMEAFDJFM         24.1828 -> 24.19
28796,9 fw Controll.static MKFDGFOCKNO         28.2602 -> 28.3102
28796,9 fw Controll.static LEKCBKLAILO         28.3102 -> 28.3602
28796,9 fw PLH.static      ADJMBEDDHLB         28.3386 -> 28.3483
28796,9 fw PLH.static      CFIMEAFDJFM           24.19 -> 24.1997
28805,2 fw PLH.static      ADJMBEDDHLB         28.3483 -> 28.3578
28818,4 fw Controll.static GIPNIMALPEG          0.2406 -> 0.3789
28818,5 fw PLH.static      ADJMBEDDHLB         28.3578 -> 28.3662
28825,4 fw PLH.static      ADJMBEDDHLB         28.3662 -> 28.3795
28825,4 fw PLH.static      CFIMEAFDJFM         24.1997 -> 24.2301
28838,2 fw PLH.static      ADJMBEDDHLB         28.3795 -> 28.3863
28844,3 fw PLH.static      ADJMBEDDHLB         28.3863 -> 28.3991
28844,3 fw PLH.static      CFIMEAFDJFM         24.2301 -> 24.25
28858,2 fw Controll.static MKFDGFOCKNO         28.3102 -> 28.4102
28858,2 fw Controll.static LEKCBKLAILO         28.3602 -> 28.4602
28858,2 fw Controll.static OFJKHAFJIMA           0.005 -> 0.0085
28858,3 fw PLH.static      ADJMBEDDHLB         28.3991 -> 28.4052
28862,6 fw PLH.static      ADJMBEDDHLB         28.4052 -> 28.4192
28862,6 fw PLH.static      CFIMEAFDJFM           24.25 -> 24.27
28874,6 fw PLH.static      ADJMBEDDHLB         28.4192 -> 28.4235
28887,2 fw Controll.static GIPNIMALPEG          0.3789 -> 0.7546
28887,3 fw PLH.static      ADJMBEDDHLB         28.4235 -> 28.4355
28887,3 fw PLH.static      CFIMEAFDJFM           24.27 -> 24.2865
28895,5 fw PLH.static      ADJMBEDDHLB         28.4355 -> 28.4482
28895,5 fw PLH.static      CFIMEAFDJFM         24.2865 -> 24.2996
28903,7 fw PLH.static      ADJMBEDDHLB         28.4482 -> 28.4564
28911,9 fw Controll.static MKFDGFOCKNO         28.4102 -> 28.4602
28911,9 fw Controll.static LEKCBKLAILO         28.4602 -> 28.5102
28912,0 fw PLH.static      ADJMBEDDHLB         28.4564 -> 28.4646
28912,0 fw PLH.static      CFIMEAFDJFM         24.2996 -> 24.3157
28919,4 fw Controll.static OFJKHAFJIMA          0.0085 -> 0.0039
28919,5 fw PLH.static      ADJMBEDDHLB         28.4646 -> 28.4729
28928,6 fw PLH.static      ADJMBEDDHLB         28.4729 -> 28.4804
28935,7 fw Controll.static GIPNIMALPEG          0.7546 -> 0.7245
28935,8 fw PLH.static      ADJMBEDDHLB         28.4804 -> 28.4895
28935,8 fw PLH.static      CFIMEAFDJFM         24.3157 -> 24.3404
28944,4 fw PLH.static      ADJMBEDDHLB         28.4895 -> 28.4967
28944,4 fw PLH.static      CFIMEAFDJFM         24.3404 -> 24.3481
28953,2 fw PLH.static      ADJMBEDDHLB         28.4967 -> 28.5053
28960,8 fw PLH.static      ADJMBEDDHLB         28.5053 -> 28.5141
28960,8 fw PLH.static      CFIMEAFDJFM         24.3481 -> 24.3649
28969,7 fw Controll.static MKFDGFOCKNO         28.4602 -> 28.5102
28969,7 fw Controll.static LEKCBKLAILO         28.5102 -> 28.5602
28969,7 fw Controll.static OFJKHAFJIMA          0.0039 -> 0.0034
28969,7 fw PLH.static      ADJMBEDDHLB         28.5141 -> 28.5217
28969,7 fw PLH.static      CFIMEAFDJFM         24.3649 -> 24.3732
28976,6 fw PLH.static      ADJMBEDDHLB         28.5217 -> 28.5306
28985,6 fw Controll.static GIPNIMALPEG          0.7245 -> 0.7214
28985,6 fw PLH.static      ADJMBEDDHLB         28.5306 -> 28.5375
28985,6 fw PLH.static      CFIMEAFDJFM         24.3732 -> 24.3889
28993,7 fw PLH.static      ADJMBEDDHLB         28.5375 -> 28.5465
29001,9 fw PLH.static      ADJMBEDDHLB         28.5465 -> 28.5546
29001,9 fw PLH.static      CFIMEAFDJFM         24.3889 -> 24.4057
29010,2 fw PLH.static      ADJMBEDDHLB         28.5546 -> 28.5628
29010,2 fw PLH.static      CFIMEAFDJFM         24.4057 -> 24.4139
29018,1 fw Controll.static MKFDGFOCKNO         28.5102 -> 28.5602
29018,1 fw Controll.static LEKCBKLAILO         28.5602 -> 28.6102
29018,1 fw Controll.static OFJKHAFJIMA          0.0034 -> 0.002
29018,2 fw PLH.static      ADJMBEDDHLB         28.5628 -> 28.5712
29018,2 fw PLH.static      CFIMEAFDJFM         24.4139 -> 24.4221
29024,8 fw PLH.static      ADJMBEDDHLB         28.5712 -> 28.5792
29024,8 fw PLH.static      CFIMEAFDJFM         24.4221 -> 24.4302
29036,3 fw Controll.static GIPNIMALPEG          0.7214 -> 0.7369
29036,4 fw PLH.static      ADJMBEDDHLB         28.5792 -> 28.5857
29036,4 fw PLH.static      CFIMEAFDJFM         24.4302 -> 24.4372
29042,7 fw PLH.static      ADJMBEDDHLB         28.5857 -> 28.5973
29042,7 fw PLH.static      CFIMEAFDJFM         24.4372 -> 24.4484
29052,9 fw PLH.static      ADJMBEDDHLB         28.5973 -> 28.6036
29060,3 fw PLH.static      ADJMBEDDHLB         28.6036 -> 28.6138
29060,3 fw PLH.static      CFIMEAFDJFM         24.4484 -> 24.4646
29070,3 fw Controll.static MKFDGFOCKNO         28.5602 -> 28.6102
29070,3 fw Controll.static LEKCBKLAILO         28.6102 -> 28.6602
29070,3 fw Controll.static OFJKHAFJIMA           0.002 -> 0.003
29070,4 fw PLH.static      ADJMBEDDHLB         28.6138 -> 28.6212
29070,4 fw PLH.static      CFIMEAFDJFM         24.4646 -> 24.4727
29076,5 fw PLH.static      ADJMBEDDHLB         28.6212 -> 28.6313
29076,5 fw PLH.static      CFIMEAFDJFM         24.4727 -> 24.4821
29085,9 fw Controll.static GIPNIMALPEG          0.7369 -> 0.729
29086,0 fw PLH.static      ADJMBEDDHLB         28.6313 -> 28.6374
29093,0 fw PLH.static      ADJMBEDDHLB         28.6374 -> 28.6479
29093,0 fw PLH.static      CFIMEAFDJFM         24.4821 -> 24.4983
29102,8 fw PLH.static      ADJMBEDDHLB         28.6479 -> 28.6539
29111,4 fw PLH.static      ADJMBEDDHLB         28.6539 -> 28.6637
29111,4 fw PLH.static      CFIMEAFDJFM         24.4983 -> 24.515
29117,8 fw Controll.static MKFDGFOCKNO         28.6102 -> 28.6602
29117,8 fw Controll.static LEKCBKLAILO         28.6602 -> 28.7102
29117,8 fw PLH.static      ADJMBEDDHLB         28.6637 -> 28.6723
29128,4 fw PLH.static      ADJMBEDDHLB         28.6723 -> 28.6787
29128,4 fw PLH.static      CFIMEAFDJFM          24.515 -> 24.5302
29136,3 fw Controll.static GIPNIMALPEG           0.729 -> 0.7352
29136,3 fw PLH.static      ADJMBEDDHLB         28.6787 -> 28.6894
29136,3 fw PLH.static      CFIMEAFDJFM         24.5302 -> 24.5404
29144,5 fw PLH.static      ADJMBEDDHLB         28.6894 -> 28.6972
29153,7 fw PLH.static      ADJMBEDDHLB         28.6972 -> 28.7054
29153,7 fw PLH.static      CFIMEAFDJFM         24.5404 -> 24.5568
29160,6 fw PLH.static      ADJMBEDDHLB         28.7054 -> 28.7146
29169,4 fw Controll.static MKFDGFOCKNO         28.6602 -> 28.7102
29169,4 fw Controll.static LEKCBKLAILO         28.7102 -> 28.7602
29169,4 fw Controll.static OFJKHAFJIMA           0.003 -> 0.004
29169,5 fw PLH.static      ADJMBEDDHLB         28.7146 -> 28.7216
29169,5 fw PLH.static      CFIMEAFDJFM         24.5568 -> 24.573
29177,2 fw PLH.static      ADJMBEDDHLB         28.7216 -> 28.7304
29177,2 fw PLH.static      CFIMEAFDJFM          24.573 -> 24.5814
29185,4 fw PLH.static      ADJMBEDDHLB         28.7304 -> 28.7381
29185,4 fw PLH.static      CFIMEAFDJFM         24.5814 -> 24.5896
29193,7 fw player          LBKINNIDKEC               1 -> 0
29193,7 fw Controll.static GIPNIMALPEG          0.7352 -> 0.8843
29193,8 fw PLH.static      ADJMBEDDHLB         28.7381 -> 28.7463
29202,1 fw PLH.static      ADJMBEDDHLB         28.7463 -> 28.7547
29202,1 fw PLH.static      CFIMEAFDJFM         24.5896 -> 24.6057
29210,3 fw PLH.static      ADJMBEDDHLB         28.7547 -> 28.763
29217,9 fw Controll.static MKFDGFOCKNO         28.7102 -> 28.7602
29217,9 fw Controll.static LEKCBKLAILO         28.7602 -> 28.8102
29217,9 fw PLH.static      ADJMBEDDHLB          28.763 -> 28.7713
29218,0 fw PLH.static      CFIMEAFDJFM         24.6057 -> 24.6223
29226,2 fw Controll.static OFJKHAFJIMA           0.004 -> 0.0023
29226,3 fw PLH.static      ADJMBEDDHLB         28.7713 -> 28.7788
29234,9 fw PLH.static      ADJMBEDDHLB         28.7788 -> 28.7872
29234,9 fw PLH.static      CFIMEAFDJFM         24.6223 -> 24.6386
29242,5 fw Controll.static GIPNIMALPEG          0.8843 -> 0.8597
29242,5 fw PLH.static      ADJMBEDDHLB         28.7872 -> 28.7958
29251,4 fw PLH.static      ADJMBEDDHLB         28.7958 -> 28.8035
29251,4 fw PLH.static      CFIMEAFDJFM         24.6386 -> 24.6549
29258,9 fw PLH.static      ADJMBEDDHLB         28.8035 -> 28.8123
29258,9 fw PLH.static      CFIMEAFDJFM         24.6549 -> 24.6631
29266,4 fw PLH.static      ADJMBEDDHLB         28.8123 -> 28.8198
29276,2 fw Controll.static MKFDGFOCKNO         28.7602 -> 28.8102
29276,2 fw Controll.static LEKCBKLAILO         28.8102 -> 28.8602
29276,2 fw Controll.static OFJKHAFJIMA          0.0023 -> 0.0016
29276,2 fw PLH.static      ADJMBEDDHLB         28.8198 -> 28.8273
29283,9 fw PLH.static      ADJMBEDDHLB         28.8273 -> 28.8371
29292,4 fw Controll.static GIPNIMALPEG          0.8597 -> 0.8576
29292,4 fw PLH.static      ADJMBEDDHLB         28.8371 -> 28.8448
29300,8 fw PLH.static      ADJMBEDDHLB         28.8448 -> 28.8533
29300,8 fw PLH.static      CFIMEAFDJFM         24.6631 -> 24.7044
29309,0 fw PLH.static      ADJMBEDDHLB         28.8533 -> 28.8618
29316,8 fw PLH.static      ADJMBEDDHLB         28.8618 -> 28.8699
29316,8 fw PLH.static      CFIMEAFDJFM         24.7044 -> 24.721
29324,7 fw Controll.static MKFDGFOCKNO         28.8102 -> 28.8602
29324,7 fw Controll.static LEKCBKLAILO         28.8602 -> 28.9102
29324,7 fw Controll.static OFJKHAFJIMA          0.0016 -> 0.001
29324,8 fw PLH.static      ADJMBEDDHLB         28.8699 -> 28.8777
29333,5 fw PLH.static      ADJMBEDDHLB         28.8777 -> 28.8857
29333,5 fw PLH.static      CFIMEAFDJFM          24.721 -> 24.7371
29341,2 fw Controll.static GIPNIMALPEG          0.8576 -> 0.8343
29341,3 fw PLH.static      ADJMBEDDHLB         28.8857 -> 28.8944
29349,8 fw PLH.static      ADJMBEDDHLB         28.8944 -> 28.9022
29357,9 fw PLH.static      ADJMBEDDHLB         28.9022 -> 28.9107
29357,9 fw PLH.static      CFIMEAFDJFM         24.7371 -> 24.7616
29365,8 fw PLH.static      ADJMBEDDHLB         28.9107 -> 28.9188
29374,4 fw Controll.static MKFDGFOCKNO         28.8602 -> 28.9102
29374,4 fw Controll.static LEKCBKLAILO         28.9102 -> 28.9602
29374,4 fw Controll.static OFJKHAFJIMA           0.001 -> 0.0001
29374,4 fw PLH.static      ADJMBEDDHLB         28.9188 -> 28.9267
29374,4 fw PLH.static      CFIMEAFDJFM         24.7616 -> 24.7781
29381,8 fw PLH.static      ADJMBEDDHLB         28.9267 -> 28.9364
29381,8 fw PLH.static      CFIMEAFDJFM         24.7781 -> 24.7863
29391,9 fw Controll.static GIPNIMALPEG          0.8343 -> 0.847
29391,9 fw PLH.static      ADJMBEDDHLB         28.9364 -> 28.9427
29391,9 fw PLH.static      CFIMEAFDJFM         24.7863 -> 24.7942
29398,6 fw PLH.static      ADJMBEDDHLB         28.9427 -> 28.9528
29398,6 fw PLH.static      CFIMEAFDJFM         24.7942 -> 24.8038
29408,7 fw PLH.static      ADJMBEDDHLB         28.9528 -> 28.9595
29408,7 fw PLH.static      CFIMEAFDJFM         24.8038 -> 24.8109
29415,7 fw PLH.static      ADJMBEDDHLB         28.9595 -> 28.9696
29415,7 fw PLH.static      CFIMEAFDJFM         24.8109 -> 24.8204
29426,5 fw Controll.static MKFDGFOCKNO         28.9102 -> 28.9603
29426,5 fw Controll.static LEKCBKLAILO         28.9602 -> 29.0103
29426,5 fw Controll.static OFJKHAFJIMA          0.0001 -> 0.0089
29426,5 fw PLH.static      ADJMBEDDHLB         28.9696 -> 28.9767
29426,5 fw PLH.static      CFIMEAFDJFM         24.8204 -> 24.8278
29434,6 fw PLH.static      ADJMBEDDHLB         28.9767 -> 28.9875
29434,6 fw PLH.static      CFIMEAFDJFM         24.8278 -> 24.8388
29442,3 fw Controll.static GIPNIMALPEG           0.847 -> 0.8558
29442,4 fw PLH.static      ADJMBEDDHLB         28.9875 -> 28.9955
29451,1 fw PLH.static      ADJMBEDDHLB         28.9955 -> 29.0033
29451,1 fw PLH.static      CFIMEAFDJFM         24.8388 -> 24.8547
29458,7 fw Controll.static DGNDKAKOEPD         3240982 -> 3241969
29458,7 fw Controll.static BEJBLGGGOCC       340822144 -> 340823119
29458,7 fw Controll.static JELGPAKAJPE             154 -> 142
29458,7 fw Controll.static EENJPDHGGGC         28.0155 -> 29.0033
29458,7 fw PLH.static      ADJMBEDDHLB         29.0033 -> 29.012
29458,7 fw PLH.static      CFIMEAFDJFM         24.8547 -> 24.8628
29466,6 fw PLH.static      ADJMBEDDHLB          29.012 -> 29.0196
29466,6 fw PLH.static      CFIMEAFDJFM         24.8628 -> 24.8711
29475,5 fw Controll.static MKFDGFOCKNO         28.9603 -> 29.0103
29475,5 fw Controll.static LEKCBKLAILO         29.0103 -> 29.0603
29475,5 fw Controll.static OFJKHAFJIMA          0.0089 -> 0.0013
29475,6 fw PLH.static      ADJMBEDDHLB         29.0196 -> 29.0275
29483,4 fw PLH.static      ADJMBEDDHLB         29.0275 -> 29.0365
29483,4 fw PLH.static      CFIMEAFDJFM         24.8711 -> 24.8875
29491,8 fw PLH.static      ADJMBEDDHLB         29.0365 -> 29.0443
29491,8 fw PLH.static      CFIMEAFDJFM         24.8875 -> 24.8957
29499,9 fw Controll.static GIPNIMALPEG          0.8558 -> 0.0077
29499,9 fw PLH.static      ADJMBEDDHLB         29.0443 -> 29.0527
29499,9 fw PLH.static      CFIMEAFDJFM         24.8957 -> 24.9037
29508,5 fw PLH.static      ADJMBEDDHLB         29.0527 -> 29.0608
29516,1 fw PLH.static      ADJMBEDDHLB         29.0608 -> 29.0694
29516,1 fw PLH.static      CFIMEAFDJFM         24.9037 -> 24.9204
29524,3 fw Controll.static MKFDGFOCKNO         29.0103 -> 29.0603
29524,3 fw Controll.static LEKCBKLAILO         29.0603 -> 29.1103
29524,4 fw PLH.static      ADJMBEDDHLB         29.0694 -> 29.077
29524,4 fw PLH.static      CFIMEAFDJFM         24.9204 -> 24.9284
29532,8 fw Controll.static OFJKHAFJIMA          0.0013 -> 0.0002
29532,9 fw PLH.static      ADJMBEDDHLB          29.077 -> 29.0853
29532,9 fw PLH.static      CFIMEAFDJFM         24.9284 -> 24.9367
29539,8 fw PLH.static      ADJMBEDDHLB         29.0853 -> 29.0938
29539,8 fw PLH.static      CFIMEAFDJFM         24.9367 -> 24.9449
29549,9 fw Controll.static GIPNIMALPEG          0.0077 -> 0.0075
29550,0 fw PLH.static      ADJMBEDDHLB         29.0938 -> 29.1007
29550,0 fw PLH.static      CFIMEAFDJFM         24.9449 -> 24.9521
29556,9 fw PLH.static      ADJMBEDDHLB         29.1007 -> 29.1109
29566,7 fw PLH.static      ADJMBEDDHLB         29.1109 -> 29.1178
29574,2 fw PLH.static      ADJMBEDDHLB         29.1178 -> 29.1276
29574,2 fw PLH.static      CFIMEAFDJFM         24.9521 -> 24.979
29583,0 fw Controll.static MKFDGFOCKNO         29.0603 -> 29.1103
29583,0 fw Controll.static LEKCBKLAILO         29.1103 -> 29.1603
29583,0 fw PLH.static      ADJMBEDDHLB         29.1276 -> 29.1351
29583,0 fw PLH.static      CFIMEAFDJFM          24.979 -> 24.9862
29591,4 fw PLH.static      ADJMBEDDHLB         29.1351 -> 29.1439
29591,4 fw PLH.static      CFIMEAFDJFM         24.9862 -> 24.9954
29598,7 fw Controll.static GIPNIMALPEG          0.0075 -> 0.9826
29598,7 fw PLH.static      ADJMBEDDHLB         29.1439 -> 29.1523
29607,2 fw PLH.static      ADJMBEDDHLB         29.1523 -> 29.1596
29607,2 fw PLH.static      CFIMEAFDJFM         24.9954 -> 25.0111
29615,5 fw PLH.static      ADJMBEDDHLB         29.1596 -> 29.1681
29623,2 fw PLH.static      ADJMBEDDHLB         29.1681 -> 29.1764
29623,2 fw PLH.static      CFIMEAFDJFM         25.0111 -> 25.0274
29631,5 fw Controll.static MKFDGFOCKNO         29.1103 -> 29.1603
29631,5 fw Controll.static LEKCBKLAILO         29.1603 -> 29.2103
29631,5 fw Controll.static OFJKHAFJIMA          0.0002 -> 0.0074
29631,6 fw PLH.static      ADJMBEDDHLB         29.1764 -> 29.1841
29639,9 fw PLH.static      ADJMBEDDHLB         29.1841 -> 29.1925
29639,9 fw PLH.static      CFIMEAFDJFM         25.0274 -> 25.0435
29647,4 fw Controll.static GIPNIMALPEG          0.9826 -> 0.9582
29647,5 fw PLH.static      ADJMBEDDHLB         29.1925 -> 29.2008
29655,9 fw PLH.static      ADJMBEDDHLB         29.2008 -> 29.2084
29655,9 fw PLH.static      CFIMEAFDJFM         25.0435 -> 25.0599
29663,9 fw PLH.static      ADJMBEDDHLB         29.2084 -> 29.2168
29663,9 fw PLH.static      CFIMEAFDJFM         25.0599 -> 25.0675
29673,2 fw PLH.static      ADJMBEDDHLB         29.2168 -> 29.2248
29680,6 fw Controll.static MKFDGFOCKNO         29.1603 -> 29.2103
29680,6 fw Controll.static LEKCBKLAILO         29.2103 -> 29.2603
29680,6 fw Controll.static OFJKHAFJIMA          0.0074 -> 0.0061
29680,6 fw PLH.static      ADJMBEDDHLB         29.2248 -> 29.2341
29680,6 fw PLH.static      CFIMEAFDJFM         25.0675 -> 25.0851
29689,7 fw PLH.static      ADJMBEDDHLB         29.2341 -> 29.2415
29697,5 fw Controll.static GIPNIMALPEG          0.9582 -> 0.9585
29697,5 fw PLH.static      ADJMBEDDHLB         29.2415 -> 29.2506
29697,5 fw PLH.static      CFIMEAFDJFM         25.0851 -> 25.1016
29705,7 fw PLH.static      ADJMBEDDHLB         29.2506 -> 29.2584
29705,7 fw PLH.static      CFIMEAFDJFM         25.1016 -> 25.1098
29714,0 fw PLH.static      ADJMBEDDHLB         29.2584 -> 29.2666
29722,1 fw PLH.static      ADJMBEDDHLB         29.2666 -> 29.2749
29732,1 fw Controll.static MKFDGFOCKNO         29.2103 -> 29.2603
29732,1 fw Controll.static LEKCBKLAILO         29.2603 -> 29.3103
29732,1 fw Controll.static OFJKHAFJIMA          0.0061 -> 0.0059
29732,2 fw PLH.static      ADJMBEDDHLB         29.2749 -> 29.283
29756,0 fw PLH.static      ADJMBEDDHLB          29.283 -> 29.2931
29770,5 fw Controll.static GIPNIMALPEG          0.9585 -> 0.4183
29770,6 fw PLH.static      ADJMBEDDHLB         29.2931 -> 29.3172
29770,6 fw PLH.static      CFIMEAFDJFM         25.1098 -> 25.1668
29779,5 fw PLH.static      ADJMBEDDHLB         29.3172 -> 29.3316
29779,6 fw PLH.static      CFIMEAFDJFM         25.1668 -> 25.1805
29790,7 fw PLH.static      ADJMBEDDHLB         29.3316 -> 29.3406
29790,7 fw PLH.static      CFIMEAFDJFM         25.1805 -> 25.1898
29802,5 fw PLH.static      ADJMBEDDHLB         29.3406 -> 29.3516
29810,8 fw Controll.static MKFDGFOCKNO         29.2603 -> 29.3603
29810,8 fw Controll.static LEKCBKLAILO         29.3103 -> 29.4103
29810,8 fw Controll.static OFJKHAFJIMA          0.0059 -> 0.0027
29810,9 fw PLH.static      ADJMBEDDHLB         29.3516 -> 29.3634
29810,9 fw PLH.static      CFIMEAFDJFM         25.1898 -> 25.2146
29817,6 fw PLH.static      ADJMBEDDHLB         29.3634 -> 29.3718
29817,6 fw PLH.static      CFIMEAFDJFM         25.2146 -> 25.2227
29826,2 fw PLH.static      ADJMBEDDHLB         29.3718 -> 29.3785
29826,2 fw PLH.static      CFIMEAFDJFM         25.2227 -> 25.2299
29835,2 fw Controll.static GIPNIMALPEG          0.4183 -> 0.7137
29835,3 fw PLH.static      ADJMBEDDHLB         29.3785 -> 29.3871
29842,6 fw PLH.static      ADJMBEDDHLB         29.3871 -> 29.3965
29842,6 fw PLH.static      CFIMEAFDJFM         25.2299 -> 25.2472
29853,7 fw PLH.static      ADJMBEDDHLB         29.3965 -> 29.4035
29853,7 fw PLH.static      CFIMEAFDJFM         25.2472 -> 25.2549
29861,2 fw Controll.static MKFDGFOCKNO         29.3603 -> 29.4103
29861,2 fw Controll.static LEKCBKLAILO         29.4103 -> 29.4603
29861,2 fw PLH.static      ADJMBEDDHLB         29.4035 -> 29.4146
29861,3 fw PLH.static      CFIMEAFDJFM         25.2549 -> 25.2655
29872,4 fw Controll.static OFJKHAFJIMA          0.0027 -> 0.0039
29872,5 fw PLH.static      ADJMBEDDHLB         29.4146 -> 29.4223
29872,5 fw PLH.static      CFIMEAFDJFM         25.2655 -> 25.2724
29908,4 fw PLH.static      ADJMBEDDHLB         29.4223 -> 29.4334
29908,4 fw PLH.static      CFIMEAFDJFM         25.2724 -> 25.284
29914,5 fw Controll.static GIPNIMALPEG          0.7137 -> 0.2993
29914,6 fw PLH.static      ADJMBEDDHLB         29.4334 -> 29.4694
29914,6 fw PLH.static      CFIMEAFDJFM          25.284 -> 25.3039
29929,0 fw PLH.static      ADJMBEDDHLB         29.4694 -> 29.4755
29933,7 fw PLH.static      ADJMBEDDHLB         29.4755 -> 29.4899
29946,9 fw PLH.static      ADJMBEDDHLB         29.4899 -> 29.4946
29953,1 fw Controll.static MKFDGFOCKNO         29.4103 -> 29.5103
29953,1 fw Controll.static LEKCBKLAILO         29.4603 -> 29.5603
29953,1 fw Controll.static OFJKHAFJIMA          0.0039 -> 0.0032
29953,2 fw PLH.static      ADJMBEDDHLB         29.4946 -> 29.5078
29964,2 fw PLH.static      ADJMBEDDHLB         29.5078 -> 29.5141
29971,1 fw Controll.static GIPNIMALPEG          0.2993 -> 0.4295
29971,2 fw PLH.static      ADJMBEDDHLB         29.5141 -> 29.5251
29979,9 fw PLH.static      ADJMBEDDHLB         29.5251 -> 29.5322
29991,6 fw PLH.static      ADJMBEDDHLB         29.5322 -> 29.5408
29996,8 fw PLH.static      ADJMBEDDHLB         29.5408 -> 29.5525
30009,1 fw Controll.static MKFDGFOCKNO         29.5103 -> 29.5603
30009,1 fw Controll.static LEKCBKLAILO         29.5603 -> 29.6103
30009,1 fw Controll.static OFJKHAFJIMA          0.0032 -> 0.0093
30009,2 fw PLH.static      ADJMBEDDHLB         29.5525 -> 29.5577
30014,7 fw PLH.static      ADJMBEDDHLB         29.5577 -> 29.5701
30025,2 fw Controll.static GIPNIMALPEG          0.4295 -> 0.5123
30025,3 fw PLH.static      ADJMBEDDHLB         29.5701 -> 29.5756
30033,2 fw PLH.static      ADJMBEDDHLB         29.5756 -> 29.5862
30041,6 fw PLH.static      ADJMBEDDHLB         29.5862 -> 29.5941
30050,1 fw PLH.static      ADJMBEDDHLB         29.5941 -> 29.6025
30050,1 fw PLH.static      CFIMEAFDJFM         25.3039 -> 25.4539
30057,7 fw Controll.static MKFDGFOCKNO         29.5603 -> 29.6103
30057,7 fw Controll.static LEKCBKLAILO         29.6103 -> 29.6603
30057,7 fw Controll.static OFJKHAFJIMA          0.0093 -> 0.0002
30057,7 fw PLH.static      ADJMBEDDHLB         29.6025 -> 29.611
30066,3 fw PLH.static      ADJMBEDDHLB          29.611 -> 29.6187
30066,3 fw PLH.static      CFIMEAFDJFM         25.4539 -> 25.47
30074,7 fw player          APFNBGHAJMD               1 -> 0
30074,7 fw Controll.static GIPNIMALPEG          0.5123 -> 0.5027
30074,8 fw PLH.static      ADJMBEDDHLB         29.6187 -> 29.6272
30087,7 fw PLH.static      ADJMBEDDHLB         29.6272 -> 29.6369
30087,7 fw PLH.static      CFIMEAFDJFM           25.47 -> 25.4867
30092,6 fw PLH.static      ADJMBEDDHLB         29.6369 -> 29.6486
30092,6 fw PLH.static      CFIMEAFDJFM         25.4867 -> 25.4943
30106,3 fw PLH.static      ADJMBEDDHLB         29.6486 -> 29.6535
30106,3 fw PLH.static      CFIMEAFDJFM         25.4943 -> 25.5041
30111,2 fw player          APFNBGHAJMD               0 -> 1
30111,2 fw Controll.static MKFDGFOCKNO         29.6103 -> 29.6603
30111,2 fw Controll.static LEKCBKLAILO         29.6603 -> 29.7103
30111,2 fw Controll.static OFJKHAFJIMA          0.0002 -> 0.0064
30111,3 fw PLH.static      ADJMBEDDHLB         29.6535 -> 29.6674
30128,1 fw PLH.static      ADJMBEDDHLB         29.6674 -> 29.6722
30132,7 fw Controll.static GIPNIMALPEG          0.5027 -> 0.6632
30132,8 fw PLH.static      ADJMBEDDHLB         29.6722 -> 29.689
30132,8 fw PLH.static      CFIMEAFDJFM         25.5041 -> 25.5357
30145,5 fw PLH.static      ADJMBEDDHLB          29.689 -> 29.6937
30145,5 fw PLH.static      CFIMEAFDJFM         25.5357 -> 25.5443
30152,9 fw PLH.static      ADJMBEDDHLB         29.6937 -> 29.7064
30166,8 fw PLH.static      ADJMBEDDHLB         29.7064 -> 29.7139
30166,8 fw PLH.static      CFIMEAFDJFM         25.5443 -> 25.5641
30171,8 fw Controll.static MKFDGFOCKNO         29.6603 -> 29.7103
30171,8 fw Controll.static LEKCBKLAILO         29.7103 -> 29.7603
30171,8 fw Controll.static OFJKHAFJIMA          0.0064 -> 0.0028
30171,9 fw PLH.static      ADJMBEDDHLB         29.7139 -> 29.7277
30184,0 fw PLH.static      ADJMBEDDHLB         29.7277 -> 29.734
30184,0 fw PLH.static      CFIMEAFDJFM         25.5641 -> 25.5836
30191,3 fw PLH.static      ADJMBEDDHLB          29.734 -> 29.7449
30191,3 fw PLH.static      CFIMEAFDJFM         25.5836 -> 25.5961
30204,4 fw Controll.static GIPNIMALPEG          0.6632 -> 0.0959
30204,4 fw PLH.static      ADJMBEDDHLB         29.7449 -> 29.7522
30208,5 fw PLH.static      ADJMBEDDHLB         29.7522 -> 29.7654
30208,5 fw PLH.static      CFIMEAFDJFM         25.5961 -> 25.6119
30221,9 fw PLH.static      ADJMBEDDHLB         29.7654 -> 29.7694
30231,6 fw Controll.static MKFDGFOCKNO         29.7103 -> 29.7603
30231,6 fw Controll.static LEKCBKLAILO         29.7603 -> 29.8103
30231,6 fw PLH.static      ADJMBEDDHLB         29.7694 -> 29.7828
30231,6 fw PLH.static      CFIMEAFDJFM         25.6119 -> 25.6341
30231,7 SCORE a=5 b=6 clock=345
30244,0 fw Controll.static OFJKHAFJIMA          0.0028 -> 0.0046
30244,1 fw PLH.static      ADJMBEDDHLB         29.7828 -> 29.7925
30244,1 fw PLH.static      CFIMEAFDJFM         25.6341 -> 25.6397
30248,8 fw PLH.static      ADJMBEDDHLB         29.7925 -> 29.805
30248,8 fw PLH.static      CFIMEAFDJFM         25.6397 -> 25.6517
30248,8 fw HUD.static      GONEFAMEMOJ             350 -> 345
30248,8 fw HUD.static      DIIAFKMNANI         20.7127 -> 25.6397
30260,6 fw Controll.static GIPNIMALPEG          0.0959 -> 0.221
30260,7 fw PLH.static      ADJMBEDDHLB          29.805 -> 29.8097
30266,8 fw PLH.static      ADJMBEDDHLB         29.8097 -> 29.8216
30266,9 fw PLH.static      CFIMEAFDJFM         25.6517 -> 25.6726
30278,9 fw PLH.static      ADJMBEDDHLB         29.8216 -> 29.8278
30278,9 fw PLH.static      CFIMEAFDJFM         25.6726 -> 25.679
30285,0 fw PLH.static      ADJMBEDDHLB         29.8278 -> 29.8398
30285,0 fw PLH.static      CFIMEAFDJFM          25.679 -> 25.6906
30295,8 fw Controll.static MKFDGFOCKNO         29.7603 -> 29.8103
30295,8 fw Controll.static LEKCBKLAILO         29.8103 -> 29.8603
30295,8 fw Controll.static OFJKHAFJIMA          0.0046 -> 0.0108
30295,9 fw PLH.static      ADJMBEDDHLB         29.8398 -> 29.8459
30304,9 fw PLH.static      ADJMBEDDHLB         29.8459 -> 29.8568
30304,9 fw PLH.static      CFIMEAFDJFM         25.6906 -> 25.7078
30310,8 fw Controll.static GIPNIMALPEG           0.221 -> 0.2241
30310,8 fw PLH.static      ADJMBEDDHLB         29.8568 -> 29.8658
30310,9 fw PLH.static      CFIMEAFDJFM         25.7078 -> 25.7168
30325,5 fw Controll.static NAKNALFCOIF            84.6 -> 84.45
30325,5 fw Controll.static IGLCENGMMMJ           -8.55 -> -8.7
30325,6 fw PLH.static      ADJMBEDDHLB         29.8658 -> 29.8717
30333,6 fw PLH.static      ADJMBEDDHLB         29.8717 -> 29.8865
30333,6 fw PLH.static      CFIMEAFDJFM         25.7168 -> 25.7332
30343,5 fw PLH.static      ADJMBEDDHLB         29.8865 -> 29.8946
30343,5 fw PLH.static      CFIMEAFDJFM         25.7332 -> 25.7415
30354,2 fw Controll.static MKFDGFOCKNO         29.8103 -> 29.9103
30354,2 fw Controll.static LEKCBKLAILO         29.8603 -> 29.9603
30354,2 fw Controll.static OFJKHAFJIMA          0.0108 -> 0.0044
30354,3 fw PLH.static      ADJMBEDDHLB         29.8946 -> 29.9044
30358,3 fw PLH.static      ADJMBEDDHLB         29.9044 -> 29.9152
30358,3 fw PLH.static      CFIMEAFDJFM         25.7415 -> 25.7611
30371,1 fw Controll.static GIPNIMALPEG          0.2241 -> 0.43
30371,2 fw PLH.static      ADJMBEDDHLB         29.9152 -> 29.9192
30371,2 fw PLH.static      CFIMEAFDJFM         25.7611 -> 25.7707
30376,5 fw Controll.static NAKNALFCOIF           84.45 -> 82.0499
30376,5 fw Controll.static IGLCENGMMMJ            -8.7 -> -7.95
30376,6 fw PLH.static      ADJMBEDDHLB         29.9192 -> 29.9321
30376,6 fw PLH.static      CFIMEAFDJFM         25.7707 -> 25.783
30387,4 fw PLH.static      ADJMBEDDHLB         29.9321 -> 29.9375
30395,7 fw PLH.static      ADJMBEDDHLB         29.9375 -> 29.9484
30395,7 fw PLH.static      CFIMEAFDJFM          25.783 -> 25.7997
30404,5 fw Controll.static MKFDGFOCKNO         29.9103 -> 29.9603
30404,5 fw Controll.static LEKCBKLAILO         29.9603 -> 30.0103
30404,5 fw Controll.static OFJKHAFJIMA          0.0044 -> 0.0047
30404,6 fw PLH.static      ADJMBEDDHLB         29.9484 -> 29.9566
30404,6 fw PLH.static      CFIMEAFDJFM         25.7997 -> 25.8074
30411,6 fw PLH.static      ADJMBEDDHLB         29.9566 -> 29.9655
30421,0 fw Controll.static GIPNIMALPEG            0.43 -> 0.4268
30421,0 fw PLH.static      ADJMBEDDHLB         29.9655 -> 29.9725
30421,0 fw PLH.static      CFIMEAFDJFM         25.8074 -> 25.8234
30428,8 fw Controll.static NAKNALFCOIF         82.0499 -> 77.7
30428,8 fw Controll.static IGLCENGMMMJ           -7.95 -> -5.4
30428,9 fw PLH.static      ADJMBEDDHLB         29.9725 -> 29.9819
30437,7 fw Controll.static DGNDKAKOEPD         3241969 -> 3242956
30437,7 fw Controll.static BEJBLGGGOCC       340823119 -> 340824119
30437,7 fw Controll.static JELGPAKAJPE             142 -> 124
30437,7 fw Controll.static EENJPDHGGGC         29.0033 -> 29.9898
30437,8 fw PLH.static      ADJMBEDDHLB         29.9819 -> 29.9899
30437,8 fw PLH.static      CFIMEAFDJFM         25.8234 -> 25.8406
30445,4 fw PLH.static      ADJMBEDDHLB         29.9899 -> 29.9987
30445,4 fw PLH.static      CFIMEAFDJFM         25.8406 -> 25.8498
30455,7 fw Controll.static MKFDGFOCKNO         29.9603 -> 30.0103
30455,7 fw Controll.static LEKCBKLAILO         30.0103 -> 30.0603
30455,7 fw Controll.static OFJKHAFJIMA          0.0047 -> 0.0059
30455,8 fw PLH.static      ADJMBEDDHLB         29.9987 -> 30.0063
30455,8 fw PLH.static      CFIMEAFDJFM         25.8498 -> 25.8576
30461,4 fw PLH.static      ADJMBEDDHLB         30.0063 -> 30.0167
30461,4 fw PLH.static      CFIMEAFDJFM         25.8576 -> 25.8674
30472,3 fw Controll.static GIPNIMALPEG          0.4268 -> 0.4535
30472,4 fw PLH.static      ADJMBEDDHLB         30.0167 -> 30.0223
30478,6 fw Controll.static NAKNALFCOIF            77.7 -> 75.7499
30478,6 fw PLH.static      ADJMBEDDHLB         30.0223 -> 30.0333
30478,6 fw PLH.static      CFIMEAFDJFM         25.8674 -> 25.884
30489,1 fw Controll.static IGLCENGMMMJ            -5.4 -> -3.6
30489,1 fw PLH.static      ADJMBEDDHLB         30.0333 -> 30.0395
30489,1 fw PLH.static      CFIMEAFDJFM          25.884 -> 25.8909
30496,2 fw player          ACAIGMNLLEC              60 -> 59
30496,3 fw PLH.static      ADJMBEDDHLB         30.0395 -> 30.0501
30496,3 fw PLH.static      CFIMEAFDJFM         25.8909 -> 25.9009
30505,6 fw player          HEADELMLILF               0 -> 1
30505,6 fw Controll.static MKFDGFOCKNO         30.0103 -> 30.0604
30505,6 fw Controll.static LEKCBKLAILO         30.0603 -> 30.1103
30505,6 fw Controll.static OFJKHAFJIMA          0.0059 -> 0.0058
30505,7 fw PLH.static      ADJMBEDDHLB         30.0501 -> 30.0572
30513,0 fw PLH.static      ADJMBEDDHLB         30.0572 -> 30.0666
30513,0 fw PLH.static      CFIMEAFDJFM         25.9009 -> 25.9175
30522,0 fw PLH.static      ADJMBEDDHLB         30.0666 -> 30.0739
30530,2 fw Controll.static GIPNIMALPEG          0.4535 -> 0.6121
30530,3 fw PLH.static      ADJMBEDDHLB         30.0739 -> 30.0829
30530,3 fw PLH.static      CFIMEAFDJFM         25.9175 -> 25.9344
30538,2 fw Controll.static NAKNALFCOIF         75.7499 -> 75.2999
30538,2 fw Controll.static IGLCENGMMMJ            -3.6 -> -3.45
30538,3 fw PLH.static      ADJMBEDDHLB         30.0829 -> 30.0912
30546,7 fw PLH.static      ADJMBEDDHLB         30.0912 -> 30.0992
30546,7 fw PLH.static      CFIMEAFDJFM         25.9344 -> 25.9506
30556,1 fw Controll.static MKFDGFOCKNO         30.0604 -> 30.1104
30556,1 fw Controll.static LEKCBKLAILO         30.1103 -> 30.1604
30556,1 fw PLH.static      ADJMBEDDHLB         30.0992 -> 30.1076
30556,1 fw PLH.static      CFIMEAFDJFM         25.9506 -> 25.959
30563,7 fw Controll.static OFJKHAFJIMA          0.0058 -> 0.0063
30563,8 fw PLH.static      ADJMBEDDHLB         30.1076 -> 30.117
30572,8 fw player          LNIDBHIAJJI             249 -> 251
30572,8 fw player          ACAIGMNLLEC              59 -> 56
30572,9 fw PLH.static      ADJMBEDDHLB          30.117 -> 30.1247
30572,9 fw PLH.static      CFIMEAFDJFM          25.959 -> 25.9753
30579,2 fw Controll.static GIPNIMALPEG          0.6121 -> 0.5926
30579,3 fw PLH.static      ADJMBEDDHLB         30.1247 -> 30.1338
30590,1 fw Controll.static NAKNALFCOIF         75.2999 -> 74.8499
30590,1 fw PLH.static      ADJMBEDDHLB         30.1338 -> 30.1402
30595,7 fw PLH.static      ADJMBEDDHLB         30.1402 -> 30.1511
30595,7 fw PLH.static      CFIMEAFDJFM         25.9753 -> 26.0014
30606,7 fw player          LNIDBHIAJJI             251 -> 252
30606,7 fw player          ACAIGMNLLEC              56 -> 54
30606,8 fw PLH.static      ADJMBEDDHLB         30.1511 -> 30.1566
30606,8 fw PLH.static      CFIMEAFDJFM         26.0014 -> 26.0081
30613,8 fw Controll.static MKFDGFOCKNO         30.1104 -> 30.1604
30613,8 fw Controll.static LEKCBKLAILO         30.1604 -> 30.2104
30613,8 fw Controll.static OFJKHAFJIMA          0.0063 -> 0.0069
30613,9 fw PLH.static      ADJMBEDDHLB         30.1566 -> 30.1677
30613,9 fw PLH.static      CFIMEAFDJFM         26.0081 -> 26.0182
30624,2 fw PLH.static      ADJMBEDDHLB         30.1677 -> 30.1748
30624,2 fw PLH.static      CFIMEAFDJFM         26.0182 -> 26.0249
30631,2 fw Controll.static GIPNIMALPEG          0.5926 -> 0.6312
30631,2 fw PLH.static      ADJMBEDDHLB         30.1748 -> 30.1851
30631,2 fw PLH.static      CFIMEAFDJFM         26.0249 -> 26.0357
30640,2 fw player          LNIDBHIAJJI             252 -> 253
30640,2 fw player          ACAIGMNLLEC              54 -> 53
30640,2 fw Controll.static NAKNALFCOIF         74.8499 -> 74.0999
30640,2 fw Controll.static IGLCENGMMMJ           -3.45 -> -3.3
30640,2 fw PLH.static      ADJMBEDDHLB         30.1851 -> 30.1922
30640,2 fw PLH.static      CFIMEAFDJFM         26.0357 -> 26.0423
30647,1 fw PLH.static      ADJMBEDDHLB         30.1922 -> 30.2011
30657,6 fw PLH.static      ADJMBEDDHLB         30.2011 -> 30.208
30663,4 fw Controll.static MKFDGFOCKNO         30.1604 -> 30.2104
30663,4 fw Controll.static LEKCBKLAILO         30.2104 -> 30.2604
30663,4 fw Controll.static OFJKHAFJIMA          0.0069 -> 0.0078
30663,5 fw PLH.static      ADJMBEDDHLB          30.208 -> 30.2185
30673,9 fw PLH.static      ADJMBEDDHLB         30.2185 -> 30.2244
30680,1 fw Controll.static GIPNIMALPEG          0.6312 -> 0.609
30680,1 fw PLH.static      ADJMBEDDHLB         30.2244 -> 30.2348
30691,4 fw Controll.static NAKNALFCOIF         74.0999 -> 72.5999
30691,4 fw Controll.static IGLCENGMMMJ            -3.3 -> -1.8
30691,5 fw PLH.static      ADJMBEDDHLB         30.2348 -> 30.241
30696,9 fw PLH.static      ADJMBEDDHLB          30.241 -> 30.2524
30707,6 fw PLH.static      ADJMBEDDHLB         30.2524 -> 30.2578
30715,0 fw Controll.static MKFDGFOCKNO         30.2104 -> 30.2604
30715,0 fw Controll.static LEKCBKLAILO         30.2604 -> 30.3104
30715,1 fw PLH.static      ADJMBEDDHLB         30.2578 -> 30.2684
30724,2 fw PLH.static      ADJMBEDDHLB         30.2684 -> 30.276
30731,8 fw Controll.static GIPNIMALPEG           0.609 -> 0.6425
30731,8 fw PLH.static      ADJMBEDDHLB          30.276 -> 30.2851
30739,1 fw Controll.static NAKNALFCOIF         72.5999 -> 71.5499
30739,1 fw Controll.static IGLCENGMMMJ            -1.8 -> -0.45
30739,2 fw PLH.static      ADJMBEDDHLB         30.2851 -> 30.2927
30748,4 fw PLH.static      ADJMBEDDHLB         30.2927 -> 30.3001
30756,1 fw PLH.static      ADJMBEDDHLB         30.3001 -> 30.3093
30764,5 fw Controll.static MKFDGFOCKNO         30.2604 -> 30.3104
30764,5 fw Controll.static LEKCBKLAILO         30.3104 -> 30.3604
30764,5 fw Controll.static OFJKHAFJIMA          0.0078 -> 0.0061
30764,6 fw PLH.static      ADJMBEDDHLB         30.3093 -> 30.317
30773,5 fw PLH.static      ADJMBEDDHLB          30.317 -> 30.3255
30780,8 fw player          LNIDBHIAJJI             253 -> 254
30780,8 fw player          ACAIGMNLLEC              53 -> 52
30780,8 fw Controll.static GIPNIMALPEG          0.6425 -> 0.6228
30780,8 fw PLH.static      ADJMBEDDHLB         30.3255 -> 30.3345
30780,8 fw PLH.static      CFIMEAFDJFM         26.0423 -> 26.1846
30790,2 fw Controll.static NAKNALFCOIF         71.5499 -> 71.2499
30790,3 fw PLH.static      ADJMBEDDHLB         30.3345 -> 30.3417
30797,5 fw Controll.static IGLCENGMMMJ           -0.45 -> 0.3
30797,6 fw PLH.static      ADJMBEDDHLB         30.3417 -> 30.3512
30797,6 fw PLH.static      CFIMEAFDJFM         26.1846 -> 26.2021
30806,4 fw PLH.static      ADJMBEDDHLB         30.3512 -> 30.3598
30806,4 fw PLH.static      CFIMEAFDJFM         26.2021 -> 26.2089
30814,9 fw Controll.static MKFDGFOCKNO         30.3104 -> 30.3604
30814,9 fw Controll.static LEKCBKLAILO         30.3604 -> 30.4104
30814,9 fw Controll.static OFJKHAFJIMA          0.0061 -> 0.0064
30815,0 fw PLH.static      ADJMBEDDHLB         30.3598 -> 30.3673
30815,0 fw PLH.static      CFIMEAFDJFM         26.2089 -> 26.2184
30822,8 fw player          ACAIGMNLLEC              52 -> 51
30822,8 fw PLH.static      ADJMBEDDHLB         30.3673 -> 30.3759
30822,8 fw PLH.static      CFIMEAFDJFM         26.2184 -> 26.2267
30831,7 fw PLH.static      ADJMBEDDHLB         30.3759 -> 30.3837
30831,8 fw PLH.static      CFIMEAFDJFM         26.2267 -> 26.2351
30839,3 fw Controll.static GIPNIMALPEG          0.6228 -> 0.793
30839,3 fw PLH.static      ADJMBEDDHLB         30.3837 -> 30.3927
30847,6 fw Controll.static NAKNALFCOIF         71.2499 -> 71.0999
30847,6 fw Controll.static IGLCENGMMMJ             0.3 -> 0.45
30847,6 fw PLH.static      ADJMBEDDHLB         30.3927 -> 30.4002
30857,6 fw player          LNIDBHIAJJI             254 -> 255
30857,7 fw PLH.static      ADJMBEDDHLB         30.4002 -> 30.4085
30857,7 fw PLH.static      CFIMEAFDJFM         26.2351 -> 26.2599
30863,5 fw Controll.static MKFDGFOCKNO         30.3604 -> 30.4104
30863,6 fw Controll.static LEKCBKLAILO         30.4104 -> 30.4604
30863,6 fw PLH.static      ADJMBEDDHLB         30.4085 -> 30.4187
30863,6 fw PLH.static      CFIMEAFDJFM         26.2599 -> 26.2691
30875,5 fw Controll.static OFJKHAFJIMA          0.0064 -> 0.0076
30875,6 fw PLH.static      ADJMBEDDHLB         30.4187 -> 30.4245
30875,6 fw PLH.static      CFIMEAFDJFM         26.2691 -> 26.2759
30881,7 fw PLH.static      ADJMBEDDHLB         30.4245 -> 30.4365
30881,7 fw PLH.static      CFIMEAFDJFM         26.2759 -> 26.2875
30892,4 fw player          LNIDBHIAJJI             255 -> 0
30892,4 fw player          ACAIGMNLLEC              51 -> 50
30892,4 fw Controll.static GIPNIMALPEG           0.793 -> 0.855
30892,5 fw PLH.static      ADJMBEDDHLB         30.4365 -> 30.4426
30899,2 fw PLH.static      ADJMBEDDHLB         30.4426 -> 30.4534
30899,2 fw PLH.static      CFIMEAFDJFM         26.2875 -> 26.3042
30909,1 fw PLH.static      ADJMBEDDHLB         30.4534 -> 30.4601
30915,0 fw PLH.static      ADJMBEDDHLB         30.4601 -> 30.47
30915,0 fw PLH.static      CFIMEAFDJFM         26.3042 -> 26.3207
30925,4 fw Controll.static MKFDGFOCKNO         30.4104 -> 30.4604
30925,4 fw Controll.static LEKCBKLAILO         30.4604 -> 30.5104
30925,4 fw Controll.static OFJKHAFJIMA          0.0076 -> 0.0092
30925,4 fw PLH.static      ADJMBEDDHLB           30.47 -> 30.4759
30925,4 fw PLH.static      CFIMEAFDJFM         26.3207 -> 26.3272
30932,8 fw PLH.static      ADJMBEDDHLB         30.4759 -> 30.4864
30932,8 fw PLH.static      CFIMEAFDJFM         26.3272 -> 26.3377
30941,5 fw Controll.static GIPNIMALPEG           0.855 -> 0.8367
30941,5 fw PLH.static      ADJMBEDDHLB         30.4864 -> 30.4938
30941,5 fw PLH.static      CFIMEAFDJFM         26.3377 -> 26.3447
30949,6 fw PLH.static      ADJMBEDDHLB         30.4938 -> 30.5025
30949,6 fw PLH.static      CFIMEAFDJFM         26.3447 -> 26.3539
30957,3 fw PLH.static      ADJMBEDDHLB         30.5025 -> 30.5106
30957,3 fw PLH.static      CFIMEAFDJFM         26.3539 -> 26.3613
30969,8 fw player          HEADELMLILF               1 -> 0
30969,9 fw PLH.static      ADJMBEDDHLB         30.5106 -> 30.5182
30973,1 fw Controll.static MKFDGFOCKNO         30.4604 -> 30.5104
30973,1 fw Controll.static LEKCBKLAILO         30.5104 -> 30.5604
30973,1 fw Controll.static OFJKHAFJIMA          0.0092 -> 0.0074
30973,2 fw PLH.static      ADJMBEDDHLB         30.5182 -> 30.5309
30973,2 fw PLH.static      CFIMEAFDJFM         26.3613 -> 26.3818
30986,2 fw PLH.static      ADJMBEDDHLB         30.5309 -> 30.5341
30992,2 fw Controll.static GIPNIMALPEG          0.8367 -> 0.8503
30992,2 fw PLH.static      ADJMBEDDHLB         30.5341 -> 30.5471
30992,2 fw PLH.static      CFIMEAFDJFM         26.3818 -> 26.3986
31002,6 fw PLH.static      ADJMBEDDHLB         30.5471 -> 30.5531
31009,4 fw PLH.static      ADJMBEDDHLB         30.5531 -> 30.5635
31009,4 fw PLH.static      CFIMEAFDJFM         26.3986 -> 26.4147
31019,0 fw PLH.static      ADJMBEDDHLB         30.5635 -> 30.5703
31024,7 fw Controll.static MKFDGFOCKNO         30.5104 -> 30.5604
31024,7 fw Controll.static LEKCBKLAILO         30.5604 -> 30.6104
31024,7 fw Controll.static OFJKHAFJIMA          0.0074 -> 0.0026
31024,8 fw PLH.static      ADJMBEDDHLB         30.5703 -> 30.5799
31024,8 fw PLH.static      CFIMEAFDJFM         26.4147 -> 26.4313
31036,5 fw PLH.static      ADJMBEDDHLB         30.5799 -> 30.5857
31036,5 fw PLH.static      CFIMEAFDJFM         26.4313 -> 26.4371
31041,3 fw Controll.static GIPNIMALPEG          0.8503 -> 0.8326
31041,3 fw PLH.static      ADJMBEDDHLB         30.5857 -> 30.5974
31041,4 fw PLH.static      CFIMEAFDJFM         26.4371 -> 26.4479
31054,3 fw Controll.static IGLCENGMMMJ            0.45 -> 0.75
31054,3 fw PLH.static      ADJMBEDDHLB         30.5974 -> 30.6023
31054,3 fw PLH.static      CFIMEAFDJFM         26.4479 -> 26.4537
31059,9 fw PLH.static      ADJMBEDDHLB         30.6023 -> 30.6152
31059,9 fw PLH.static      CFIMEAFDJFM         26.4537 -> 26.4654
31071,0 fw PLH.static      ADJMBEDDHLB         30.6152 -> 30.6208
31077,2 fw Controll.static MKFDGFOCKNO         30.5604 -> 30.6104
31077,3 fw Controll.static LEKCBKLAILO         30.6104 -> 30.6604
31077,3 fw Controll.static OFJKHAFJIMA          0.0026 -> 0.0044
31077,3 fw PLH.static      ADJMBEDDHLB         30.6208 -> 30.6319
31087,8 fw PLH.static      ADJMBEDDHLB         30.6319 -> 30.6382
31087,8 fw PLH.static      CFIMEAFDJFM         26.4654 -> 26.4889
31095,1 fw Controll.static GIPNIMALPEG          0.8326 -> 0.9079
31095,1 fw PLH.static      ADJMBEDDHLB         30.6382 -> 30.6487
31095,1 fw PLH.static      CFIMEAFDJFM         26.4889 -> 26.4994
31105,4 fw Controll.static NAKNALFCOIF         71.0999 -> 71.2499
31105,4 fw PLH.static      ADJMBEDDHLB         30.6487 -> 30.656
31105,4 fw PLH.static      CFIMEAFDJFM         26.4994 -> 26.5062
31110,6 fw Controll.static IGLCENGMMMJ            0.75 -> 2.4
31110,6 fw PLH.static      ADJMBEDDHLB          30.656 -> 30.6663
31110,6 fw PLH.static      CFIMEAFDJFM         26.5062 -> 26.5161
31122,5 fw PLH.static      ADJMBEDDHLB         30.6663 -> 30.6715
31128,5 fw Controll.static MKFDGFOCKNO         30.6104 -> 30.6604
31128,5 fw Controll.static LEKCBKLAILO         30.6604 -> 30.7104
31128,5 fw Controll.static OFJKHAFJIMA          0.0044 -> 0.0055
31128,5 fw PLH.static      ADJMBEDDHLB         30.6715 -> 30.6833
31128,5 fw PLH.static      CFIMEAFDJFM         26.5161 -> 26.5341
31138,5 fw PLH.static      ADJMBEDDHLB         30.6833 -> 30.6894
31145,1 fw PLH.static      ADJMBEDDHLB         30.6894 -> 30.6995
31145,1 fw PLH.static      CFIMEAFDJFM         26.5341 -> 26.55
31156,5 fw Controll.static GIPNIMALPEG          0.9079 -> 0.1376
31156,6 fw PLH.static      ADJMBEDDHLB         30.6995 -> 30.706
31156,6 fw PLH.static      CFIMEAFDJFM           26.55 -> 26.5567
31161,5 fw Controll.static IGLCENGMMMJ             2.4 -> 3.15
31161,6 fw PLH.static      ADJMBEDDHLB          30.706 -> 30.7175
31161,6 fw PLH.static      CFIMEAFDJFM         26.5567 -> 26.5674
31173,3 fw PLH.static      ADJMBEDDHLB         30.7175 -> 30.7225
31179,1 fw Controll.static MKFDGFOCKNO         30.6604 -> 30.7104
31179,1 fw Controll.static LEKCBKLAILO         30.7104 -> 30.7604
31179,2 fw PLH.static      ADJMBEDDHLB         30.7225 -> 30.7342
31179,3 fw PLH.static      CFIMEAFDJFM         26.5674 -> 26.5851
31189,7 fw Controll.static OFJKHAFJIMA          0.0055 -> 0.0067
31189,8 fw PLH.static      ADJMBEDDHLB         30.7342 -> 30.7402
31196,4 fw PLH.static      ADJMBEDDHLB         30.7402 -> 30.7507
31196,4 fw PLH.static      CFIMEAFDJFM         26.5851 -> 26.6016
31206,0 fw Controll.static GIPNIMALPEG          0.1376 -> 0.1268
31206,1 fw PLH.static      ADJMBEDDHLB         30.7507 -> 30.7573
31206,1 fw PLH.static      CFIMEAFDJFM         26.6016 -> 26.6087
31212,5 fw PLH.static      ADJMBEDDHLB         30.7573 -> 30.767
31222,2 fw PLH.static      ADJMBEDDHLB          30.767 -> 30.7734
31222,2 fw PLH.static      CFIMEAFDJFM         26.6087 -> 26.6244
31230,1 fw PLH.static      ADJMBEDDHLB         30.7734 -> 30.7832
31230,1 fw PLH.static      CFIMEAFDJFM         26.6244 -> 26.6345
31238,1 fw Controll.static MKFDGFOCKNO         30.7104 -> 30.7604
31238,1 fw Controll.static LEKCBKLAILO         30.7604 -> 30.8104
31238,1 fw Controll.static OFJKHAFJIMA          0.0067 -> 0.0061
31238,2 fw PLH.static      ADJMBEDDHLB         30.7832 -> 30.791
31245,7 fw PLH.static      ADJMBEDDHLB          30.791 -> 30.7991
31255,8 fw Controll.static GIPNIMALPEG          0.1268 -> 0.1225
31255,8 fw PLH.static      ADJMBEDDHLB         30.7991 -> 30.8067
31255,8 fw PLH.static      CFIMEAFDJFM         26.6345 -> 26.6581
31260,7 fw Controll.static IGLCENGMMMJ            3.15 -> 3.3
31260,8 fw PLH.static      ADJMBEDDHLB         30.8067 -> 30.8167
31272,3 fw PLH.static      ADJMBEDDHLB         30.8167 -> 30.8217
31272,3 fw PLH.static      CFIMEAFDJFM         26.6581 -> 26.6731
31278,7 fw PLH.static      ADJMBEDDHLB         30.8217 -> 30.8333
31278,7 fw PLH.static      CFIMEAFDJFM         26.6731 -> 26.6842
31290,1 fw player          LNIDBHIAJJI               0 -> 1
31290,1 fw Controll.static MKFDGFOCKNO         30.7604 -> 30.8104
31290,1 fw Controll.static LEKCBKLAILO         30.8104 -> 30.8604
31290,1 fw Controll.static OFJKHAFJIMA          0.0061 -> 0.0059
31290,1 fw PLH.static      ADJMBEDDHLB         30.8333 -> 30.8396
31290,1 fw PLH.static      CFIMEAFDJFM         26.6842 -> 26.6903
31294,7 fw PLH.static      ADJMBEDDHLB         30.8396 -> 30.851
31294,7 fw PLH.static      CFIMEAFDJFM         26.6903 -> 26.7006
31307,9 fw Controll.static GIPNIMALPEG          0.1225 -> 0.1639
31307,9 fw PLH.static      ADJMBEDDHLB          30.851 -> 30.8556
31313,6 fw Controll.static IGLCENGMMMJ             3.3 -> 4.65
31313,7 fw PLH.static      ADJMBEDDHLB         30.8556 -> 30.8689
31313,7 fw PLH.static      CFIMEAFDJFM         26.7006 -> 26.7193
31324,7 fw PLH.static      ADJMBEDDHLB         30.8689 -> 30.8746
31331,0 fw PLH.static      ADJMBEDDHLB         30.8746 -> 30.8857
31331,0 fw PLH.static      CFIMEAFDJFM         26.7193 -> 26.7363
31341,0 fw Controll.static MKFDGFOCKNO         30.8104 -> 30.8604
31341,0 fw Controll.static LEKCBKLAILO         30.8604 -> 30.9104
31341,0 fw Controll.static OFJKHAFJIMA          0.0059 -> 0.008
31341,1 fw PLH.static      ADJMBEDDHLB         30.8857 -> 30.8919
31349,1 fw PLH.static      ADJMBEDDHLB         30.8919 -> 30.902
31349,1 fw PLH.static      CFIMEAFDJFM         26.7363 -> 26.7533
31357,5 fw player          LNIDBHIAJJI               1 -> 2
31357,5 fw Controll.static GIPNIMALPEG          0.1639 -> 0.1565
31357,6 fw PLH.static      ADJMBEDDHLB          30.902 -> 30.91
31357,6 fw PLH.static      CFIMEAFDJFM         26.7533 -> 26.7607
31364,7 fw Controll.static NAKNALFCOIF         71.2499 -> 72.1499
31364,7 fw Controll.static IGLCENGMMMJ            4.65 -> 7.35
31364,8 fw PLH.static      ADJMBEDDHLB           30.91 -> 30.9185
31364,8 fw PLH.static      CFIMEAFDJFM         26.7607 -> 26.7696
31374,0 fw PLH.static      ADJMBEDDHLB         30.9185 -> 30.9257
31381,0 fw PLH.static      ADJMBEDDHLB         30.9257 -> 30.9349
31381,0 fw PLH.static      CFIMEAFDJFM         26.7696 -> 26.7858
31390,3 fw Controll.static MKFDGFOCKNO         30.8604 -> 30.9104
31390,3 fw Controll.static LEKCBKLAILO         30.9104 -> 30.9604
31390,3 fw Controll.static OFJKHAFJIMA           0.008 -> 0.0076
31390,3 fw PLH.static      ADJMBEDDHLB         30.9349 -> 30.9419
31396,6 fw PLH.static      ADJMBEDDHLB         30.9419 -> 30.9513
31396,6 fw PLH.static      CFIMEAFDJFM         26.7858 -> 26.8021
31406,9 fw Controll.static GIPNIMALPEG          0.1565 -> 0.1446
31406,9 fw PLH.static      ADJMBEDDHLB         30.9513 -> 30.9575
31414,3 fw Controll.static NAKNALFCOIF         72.1499 -> 74.2499
31414,4 fw PLH.static      ADJMBEDDHLB         30.9575 -> 30.9678
31414,4 fw PLH.static      CFIMEAFDJFM         26.8021 -> 26.8191
31422,5 fw Controll.static IGLCENGMMMJ            7.35 -> 10.05
31422,6 fw PLH.static      ADJMBEDDHLB         30.9678 -> 30.9754
31431,3 fw PLH.static      ADJMBEDDHLB         30.9754 -> 30.9835
31431,3 fw PLH.static      CFIMEAFDJFM         26.8191 -> 26.8349
31438,7 fw Controll.static MKFDGFOCKNO         30.9104 -> 30.9604
31438,7 fw Controll.static LEKCBKLAILO         30.9604 -> 31.0104
31438,7 fw Controll.static OFJKHAFJIMA          0.0076 -> 0.007
31438,8 fw PLH.static      ADJMBEDDHLB         30.9835 -> 30.9922
31447,1 fw PLH.static      ADJMBEDDHLB         30.9922 -> 30.9997
31447,1 fw PLH.static      CFIMEAFDJFM         26.8349 -> 26.8503
31455,1 fw PLH.static      ADJMBEDDHLB         30.9997 -> 31.008
31462,8 fw Controll.static GIPNIMALPEG          0.1446 -> 0.263
31462,9 fw PLH.static      ADJMBEDDHLB          31.008 -> 31.016
31462,9 fw PLH.static      CFIMEAFDJFM         26.8503 -> 26.8667
31471,6 fw Controll.static NAKNALFCOIF         74.2499 -> 75.1499
31471,6 fw Controll.static IGLCENGMMMJ           10.05 -> 10.95
31471,6 fw PLH.static      ADJMBEDDHLB          31.016 -> 31.0238
31479,6 fw PLH.static      ADJMBEDDHLB         31.0238 -> 31.0325
31490,2 fw Controll.static MKFDGFOCKNO         30.9604 -> 31.0104
31490,2 fw Controll.static LEKCBKLAILO         31.0104 -> 31.0604
31490,2 fw PLH.static      ADJMBEDDHLB         31.0325 -> 31.0406
31490,2 fw PLH.static      CFIMEAFDJFM         26.8667 -> 26.8911
31494,6 fw Controll.static OFJKHAFJIMA           0.007 -> 0.0051
31494,7 fw PLH.static      ADJMBEDDHLB         31.0406 -> 31.0511
31494,7 fw PLH.static      CFIMEAFDJFM         26.8911 -> 26.8998
31507,9 fw PLH.static      ADJMBEDDHLB         31.0511 -> 31.0555
31512,8 fw Controll.static GIPNIMALPEG           0.263 -> 0.2633
31512,9 fw PLH.static      ADJMBEDDHLB         31.0555 -> 31.0688
31512,9 fw PLH.static      CFIMEAFDJFM         26.8998 -> 26.9193
31524,8 fw Controll.static IGLCENGMMMJ           10.95 -> 12.15
31524,8 fw Controll.static DGNDKAKOEPD         3242956 -> 3244040
31524,8 fw Controll.static BEJBLGGGOCC       340824119 -> 340825124
31524,8 fw Controll.static JELGPAKAJPE             124 -> 206
31524,8 fw Controll.static EENJPDHGGGC         29.9898 -> 31.0738
31524,9 fw PLH.static      ADJMBEDDHLB         31.0688 -> 31.0738
31532,1 fw player          LNIDBHIAJJI               2 -> 3
31532,2 fw PLH.static      ADJMBEDDHLB         31.0738 -> 31.0858
31532,2 fw PLH.static      CFIMEAFDJFM         26.9193 -> 26.9363
31541,2 fw PLH.static      ADJMBEDDHLB         31.0858 -> 31.0931
31548,1 fw Controll.static MKFDGFOCKNO         31.0104 -> 31.0604
31548,1 fw Controll.static LEKCBKLAILO         31.0604 -> 31.1104
31548,1 fw Controll.static OFJKHAFJIMA          0.0051 -> 0.0079
31548,2 fw PLH.static      ADJMBEDDHLB         31.0931 -> 31.1021
31548,2 fw PLH.static      CFIMEAFDJFM         26.9363 -> 26.9528
31559,3 fw PLH.static      ADJMBEDDHLB         31.1021 -> 31.1092
31559,3 fw PLH.static      CFIMEAFDJFM         26.9528 -> 26.9592
31564,2 fw Controll.static GIPNIMALPEG          0.2633 -> 0.2891
31564,2 fw PLH.static      ADJMBEDDHLB         31.1092 -> 31.1202
31564,2 fw PLH.static      CFIMEAFDJFM         26.9592 -> 26.97
31576,7 fw player          LNIDBHIAJJI               3 -> 4
31576,7 fw player          ACAIGMNLLEC              50 -> 51
31576,7 fw player          HEADELMLILF               0 -> 1
31576,7 fw Controll.static IGLCENGMMMJ           12.15 -> 12.75
31576,8 fw PLH.static      ADJMBEDDHLB         31.1202 -> 31.1251
31585,6 fw PLH.static      ADJMBEDDHLB         31.1251 -> 31.1377
31585,6 fw PLH.static      CFIMEAFDJFM           26.97 -> 26.9885
31594,4 fw PLH.static      ADJMBEDDHLB         31.1377 -> 31.1465
31594,4 fw PLH.static      CFIMEAFDJFM         26.9885 -> 26.9972
31602,7 fw Controll.static MKFDGFOCKNO         31.0604 -> 31.1604
31602,7 fw Controll.static LEKCBKLAILO         31.1104 -> 31.2104
31602,7 fw Controll.static OFJKHAFJIMA          0.0079 -> 0.0028
31602,8 fw PLH.static      ADJMBEDDHLB         31.1465 -> 31.1553
31611,3 fw player          LNIDBHIAJJI               4 -> 6
31611,3 fw player          ACAIGMNLLEC              51 -> 52
31611,4 fw PLH.static      ADJMBEDDHLB         31.1553 -> 31.1637
31611,4 fw PLH.static      CFIMEAFDJFM         26.9972 -> 27.0141
31620,6 fw Controll.static GIPNIMALPEG          0.2891 -> 0.4172
31620,6 fw PLH.static      ADJMBEDDHLB         31.1637 -> 31.1723
31626,3 fw Controll.static NAKNALFCOIF         75.1499 -> 74.0999
31626,3 fw Controll.static IGLCENGMMMJ           12.75 -> 13.95
31626,3 fw PLH.static      ADJMBEDDHLB         31.1723 -> 31.1815
31626,3 fw PLH.static      CFIMEAFDJFM         27.0141 -> 27.0321
31637,3 # net: TcpClient.Connected = True
31637,4 fw PLH.static      ADJMBEDDHLB         31.1815 -> 31.1873
31637,4 fw PLH.static      CFIMEAFDJFM         27.0321 -> 27.0379
31642,1 fw player          LNIDBHIAJJI               6 -> 7
31642,1 fw player          ACAIGMNLLEC              52 -> 53
31642,2 fw PLH.static      ADJMBEDDHLB         31.1873 -> 31.1983
31642,2 fw PLH.static      CFIMEAFDJFM         27.0379 -> 27.0484
31654,2 fw Controll.static MKFDGFOCKNO         31.1604 -> 31.2104
31654,2 fw Controll.static LEKCBKLAILO         31.2104 -> 31.2604
31654,2 fw Controll.static OFJKHAFJIMA          0.0028 -> 0.0043
31654,3 fw PLH.static      ADJMBEDDHLB         31.1983 -> 31.2031
31660,1 fw PLH.static      ADJMBEDDHLB         31.2031 -> 31.2152
31660,1 fw PLH.static      CFIMEAFDJFM         27.0484 -> 27.0659
31670,3 fw Controll.static GIPNIMALPEG          0.4172 -> 0.412
31670,4 fw PLH.static      ADJMBEDDHLB         31.2152 -> 31.2209
31675,7 fw player          LNIDBHIAJJI               7 -> 8
31675,8 fw Controll.static NAKNALFCOIF         74.0999 -> 73.7999
31675,8 fw Controll.static IGLCENGMMMJ           13.95 -> 14.25
31675,8 fw PLH.static      ADJMBEDDHLB         31.2209 -> 31.2313
31686,0 fw player          HEADELMLILF               1 -> 0
31686,1 fw PLH.static      ADJMBEDDHLB         31.2313 -> 31.2367
31693,9 fw PLH.static      ADJMBEDDHLB         31.2367 -> 31.247
31693,9 fw PLH.static      CFIMEAFDJFM         27.0659 -> 27.0984
31702,8 fw Controll.static MKFDGFOCKNO         31.2104 -> 31.2604
31702,8 fw Controll.static LEKCBKLAILO         31.2604 -> 31.3104
31702,8 fw Controll.static OFJKHAFJIMA          0.0043 -> 0.0029
31702,8 fw PLH.static      ADJMBEDDHLB          31.247 -> 31.2548
31702,8 fw PLH.static      CFIMEAFDJFM         27.0984 -> 27.1051
31709,6 fw PLH.static      ADJMBEDDHLB         31.2548 -> 31.2637
31709,6 fw PLH.static      CFIMEAFDJFM         27.1051 -> 27.1142
31718,5 fw Controll.static GIPNIMALPEG           0.412 -> 0.3756
31718,5 fw PLH.static      ADJMBEDDHLB         31.2637 -> 31.2705
31725,1 fw Controll.static NAKNALFCOIF         73.7999 -> 72.5999
31725,2 fw PLH.static      ADJMBEDDHLB         31.2705 -> 31.2795
31725,2 fw PLH.static      CFIMEAFDJFM         27.1142 -> 27.1308
31735,6 fw Controll.static IGLCENGMMMJ           14.25 -> 15.15
31735,7 fw PLH.static      ADJMBEDDHLB         31.2795 -> 31.286
31740,9 fw PLH.static      ADJMBEDDHLB          31.286 -> 31.2966
31740,9 fw PLH.static      CFIMEAFDJFM         27.1308 -> 27.1467
31752,7 fw player          LNIDBHIAJJI               8 -> 9
31752,7 fw Controll.static MKFDGFOCKNO         31.2604 -> 31.3104
31752,7 fw Controll.static LEKCBKLAILO         31.3104 -> 31.3604
31752,7 fw Controll.static OFJKHAFJIMA          0.0029 -> 0.0028
31752,8 fw PLH.static      ADJMBEDDHLB         31.2966 -> 31.3018
31757,3 fw PLH.static      ADJMBEDDHLB         31.3018 -> 31.3137
31770,1 fw PLH.static      ADJMBEDDHLB         31.3137 -> 31.3182
31775,1 fw Controll.static GIPNIMALPEG          0.3756 -> 0.5073
31775,1 fw PLH.static      ADJMBEDDHLB         31.3182 -> 31.331
31775,1 fw PLH.static      CFIMEAFDJFM         27.1467 -> 27.1812
31786,3 fw Controll.static NAKNALFCOIF         72.5999 -> 69.5999
31786,3 fw Controll.static IGLCENGMMMJ           15.15 -> 16.2
31786,3 fw PLH.static      ADJMBEDDHLB          31.331 -> 31.336
31793,3 fw PLH.static      ADJMBEDDHLB          31.336 -> 31.3472
31793,3 fw PLH.static      CFIMEAFDJFM         27.1812 -> 27.1986
31802,0 fw Controll.static MKFDGFOCKNO         31.3104 -> 31.3605
31802,0 fw Controll.static LEKCBKLAILO         31.3604 -> 31.4105
31802,1 fw PLH.static      ADJMBEDDHLB         31.3472 -> 31.3542
31807,5 fw Controll.static OFJKHAFJIMA          0.0028 -> 0.0022
31807,6 fw PLH.static      ADJMBEDDHLB         31.3542 -> 31.364
31820,5 fw PLH.static      ADJMBEDDHLB          31.364 -> 31.3685
31825,6 fw Controll.static GIPNIMALPEG          0.5073 -> 0.5173
31825,6 fw PLH.static      ADJMBEDDHLB         31.3685 -> 31.3814
31825,6 fw PLH.static      CFIMEAFDJFM         27.1986 -> 27.232
31837,1 fw Controll.static NAKNALFCOIF         69.5999 -> 65.8499
31837,1 fw Controll.static IGLCENGMMMJ            16.2 -> 16.5
31837,2 fw PLH.static      ADJMBEDDHLB         31.3814 -> 31.3866
31837,2 fw PLH.static      CFIMEAFDJFM          27.232 -> 27.2377
31842,4 fw PLH.static      ADJMBEDDHLB         31.3866 -> 31.3981
31842,4 fw PLH.static      CFIMEAFDJFM         27.2377 -> 27.2483
31854,5 fw PLH.static      ADJMBEDDHLB         31.3981 -> 31.4033
31859,4 fw Controll.static MKFDGFOCKNO         31.3605 -> 31.4105
31859,4 fw Controll.static LEKCBKLAILO         31.4105 -> 31.4605
31859,4 fw Controll.static OFJKHAFJIMA          0.0022 -> 0.0045
31859,5 fw PLH.static      ADJMBEDDHLB         31.4033 -> 31.4154
31859,5 fw PLH.static      CFIMEAFDJFM         27.2483 -> 27.2654
31871,7 fw PLH.static      ADJMBEDDHLB         31.4154 -> 31.4204
31871,7 fw PLH.static      CFIMEAFDJFM         27.2654 -> 27.2716
31877,0 fw Controll.static GIPNIMALPEG          0.5173 -> 0.5462
31877,1 fw PLH.static      ADJMBEDDHLB         31.4204 -> 31.4326
31877,1 fw PLH.static      CFIMEAFDJFM         27.2716 -> 27.2827
31887,9 fw Controll.static NAKNALFCOIF         65.8499 -> 58.0499
31887,9 fw PLH.static      ADJMBEDDHLB         31.4326 -> 31.4379
31893,8 fw player          LNIDBHIAJJI               9 -> 10
31893,8 fw player          ACAIGMNLLEC              53 -> 52
31893,8 fw player          HEADELMLILF               0 -> 1
31893,9 fw PLH.static      ADJMBEDDHLB         31.4379 -> 31.4488
31903,7 fw PLH.static      ADJMBEDDHLB         31.4488 -> 31.4548
31903,7 fw PLH.static      CFIMEAFDJFM         27.2827 -> 27.305
31909,6 fw Controll.static MKFDGFOCKNO         31.4105 -> 31.4605
31909,6 fw Controll.static LEKCBKLAILO         31.4605 -> 31.5105
31909,6 fw Controll.static OFJKHAFJIMA          0.0045 -> 0.0036
31909,6 fw PLH.static      ADJMBEDDHLB         31.4548 -> 31.4646
31919,5 fw PLH.static      ADJMBEDDHLB         31.4646 -> 31.4705
31919,5 fw PLH.static      CFIMEAFDJFM          27.305 -> 27.3207
31925,1 fw Controll.static GIPNIMALPEG          0.5462 -> 0.5073
31925,2 fw PLH.static      ADJMBEDDHLB         31.4705 -> 31.4804
31925,2 fw PLH.static      CFIMEAFDJFM         27.3207 -> 27.3317
31934,8 fw player          HEADELMLILF               1 -> 0
31934,8 fw Controll.static NAKNALFCOIF         58.0499 -> 47.6999
31934,8 fw Controll.static IGLCENGMMMJ            16.5 -> 15.45
31934,9 fw PLH.static      ADJMBEDDHLB         31.4804 -> 31.4861
31934,9 fw PLH.static      CFIMEAFDJFM         27.3317 -> 27.3374
31939,8 fw PLH.static      ADJMBEDDHLB         31.4861 -> 31.4958
31939,8 fw PLH.static      CFIMEAFDJFM         27.3374 -> 27.3468
31950,7 fw PLH.static      ADJMBEDDHLB         31.4958 -> 31.5007
31955,1 fw Controll.static MKFDGFOCKNO         31.4605 -> 31.5105
31955,1 fw Controll.static LEKCBKLAILO         31.5105 -> 31.5605
31955,1 fw Controll.static OFJKHAFJIMA          0.0036 -> 0.0007
31955,1 fw PLH.static      ADJMBEDDHLB         31.5007 -> 31.5116
31955,1 fw PLH.static      CFIMEAFDJFM         27.3468 -> 27.3623
31966,6 fw player          ACAIGMNLLEC              52 -> 50
31966,6 fw player          HEADELMLILF               0 -> 1
31966,7 fw PLH.static      ADJMBEDDHLB         31.5116 -> 31.5161
31971,9 fw Controll.static GIPNIMALPEG          0.5073 -> 0.4426
31971,9 fw PLH.static      ADJMBEDDHLB         31.5161 -> 31.5276
31971,9 fw PLH.static      CFIMEAFDJFM         27.3623 -> 27.3789
31980,3 fw Controll.static NAKNALFCOIF         47.6999 -> 37.9499
31980,3 fw Controll.static IGLCENGMMMJ           15.45 -> 13.35
31980,4 fw PLH.static      ADJMBEDDHLB         31.5276 -> 31.5328
31980,4 fw PLH.static      CFIMEAFDJFM         27.3789 -> 27.3837
31986,6 fw PLH.static      ADJMBEDDHLB         31.5328 -> 31.5413
31986,6 fw PLH.static      CFIMEAFDJFM         27.3837 -> 27.3926
31994,8 fw PLH.static      ADJMBEDDHLB         31.5413 -> 31.5475
32000,9 fw Controll.static MKFDGFOCKNO         31.5105 -> 31.5605
32000,9 fw Controll.static LEKCBKLAILO         31.5605 -> 31.6105
32000,9 fw Controll.static OFJKHAFJIMA          0.0007 -> 0.001
32000,9 fw PLH.static      ADJMBEDDHLB         31.5475 -> 31.5557
32000,9 fw PLH.static      CFIMEAFDJFM         27.3926 -> 27.4066
32009,3 fw PLH.static      ADJMBEDDHLB         31.5557 -> 31.5619
32009,3 fw PLH.static      CFIMEAFDJFM         27.4066 -> 27.413
32016,6 fw Controll.static GIPNIMALPEG          0.4426 -> 0.3373
32016,7 fw PLH.static      ADJMBEDDHLB         31.5619 -> 31.5703
32016,7 fw PLH.static      CFIMEAFDJFM          27.413 -> 27.4209
32021,4 fw player          LNIDBHIAJJI              10 -> 11
32021,4 fw player          ACAIGMNLLEC              50 -> 48
32021,5 fw Controll.static NAKNALFCOIF         37.9499 -> 33.1499
32021,5 fw PLH.static      ADJMBEDDHLB         31.5703 -> 31.5776
32021,5 fw PLH.static      CFIMEAFDJFM         27.4209 -> 27.4289
32031,4 fw Controll.static IGLCENGMMMJ           13.35 -> 12.45
32031,4 fw PLH.static      ADJMBEDDHLB         31.5776 -> 31.5824
32036,8 fw PLH.static      ADJMBEDDHLB         31.5824 -> 31.5924
32036,8 fw PLH.static      CFIMEAFDJFM         27.4289 -> 27.442
32046,6 fw PLH.static      ADJMBEDDHLB         31.5924 -> 31.5977
32046,6 fw PLH.static      CFIMEAFDJFM          27.442 -> 27.4482
32052,7 fw player          ACAIGMNLLEC              48 -> 45
32052,8 fw PLH.static      ADJMBEDDHLB         31.5977 -> 31.6076
32052,8 fw PLH.static      CFIMEAFDJFM         27.4482 -> 27.458
32060,1 fw PLH.static      ADJMBEDDHLB         31.6076 -> 31.6137
32060,1 fw PLH.static      CFIMEAFDJFM          27.458 -> 27.4638
32067,1 fw Controll.static GIPNIMALPEG          0.3373 -> 0.3468
32067,1 fw PLH.static      ADJMBEDDHLB         31.6137 -> 31.621
32067,1 fw PLH.static      CFIMEAFDJFM         27.4638 -> 27.4724
32075,0 fw Controll.static NAKNALFCOIF         33.1499 -> 32.0999
32075,0 fw Controll.static IGLCENGMMMJ           12.45 -> 12.3
32075,1 fw PLH.static      ADJMBEDDHLB          31.621 -> 31.6281
32075,1 fw PLH.static      CFIMEAFDJFM         27.4724 -> 27.4794
32080,0 fw PLH.static      ADJMBEDDHLB         31.6281 -> 31.636
32080,0 fw PLH.static      CFIMEAFDJFM         27.4794 -> 27.4868
32089,4 fw player          ACAIGMNLLEC              45 -> 39
32089,4 fw Controll.static MKFDGFOCKNO         31.5605 -> 31.6105
32089,4 fw Controll.static LEKCBKLAILO         31.6105 -> 31.6605
32089,4 fw PLH.static      ADJMBEDDHLB          31.636 -> 31.6409
32089,4 fw PLH.static      CFIMEAFDJFM         27.4868 -> 27.4923
32093,9 fw Controll.static OFJKHAFJIMA           0.001 -> 0.0028
32094,0 fw PLH.static      ADJMBEDDHLB         31.6409 -> 31.6503
32094,0 fw PLH.static      CFIMEAFDJFM         27.4923 -> 27.5013
32103,4 fw PLH.static      ADJMBEDDHLB         31.6503 -> 31.6549
32108,6 fw Controll.static GIPNIMALPEG          0.3468 -> 0.1763
32108,6 fw PLH.static      ADJMBEDDHLB         31.6549 -> 31.6643
32108,6 fw PLH.static      CFIMEAFDJFM         27.5013 -> 27.5155
32117,2 fw player          LNIDBHIAJJI              11 -> 10
32117,2 fw player          ACAIGMNLLEC              39 -> 31
32117,3 fw PLH.static      ADJMBEDDHLB         31.6643 -> 31.6695
32121,9 fw PLH.static      ADJMBEDDHLB         31.6695 -> 31.6782
32121,9 fw PLH.static      CFIMEAFDJFM         27.5155 -> 27.5295
32133,3 fw PLH.static      ADJMBEDDHLB         31.6782 -> 31.6828
32133,3 fw PLH.static      CFIMEAFDJFM         27.5295 -> 27.5342
32136,3 fw Controll.static MKFDGFOCKNO         31.6105 -> 31.6605
32136,3 fw Controll.static LEKCBKLAILO         31.6605 -> 31.7105
32136,3 fw Controll.static OFJKHAFJIMA          0.0028 -> 0.0034
32136,4 fw PLH.static      ADJMBEDDHLB         31.6828 -> 31.6942
32149,8 fw PLH.static      ADJMBEDDHLB         31.6942 -> 31.6972
32153,0 fw Controll.static GIPNIMALPEG          0.1763 -> 0.0656
32153,1 fw PLH.static      ADJMBEDDHLB         31.6972 -> 31.7107
32153,1 fw PLH.static      CFIMEAFDJFM         27.5342 -> 27.5617
32163,0 fw PLH.static      ADJMBEDDHLB         31.7107 -> 31.714
32169,4 fw PLH.static      ADJMBEDDHLB          31.714 -> 31.7239
32169,4 fw PLH.static      CFIMEAFDJFM         27.5617 -> 27.5753
32176,3 fw player          LNIDBHIAJJI              10 -> 9
32176,3 fw player          ACAIGMNLLEC              31 -> 24
32176,4 fw PLH.static      ADJMBEDDHLB         31.7239 -> 31.7303
32176,4 fw PLH.static      CFIMEAFDJFM         27.5753 -> 27.5813
32183,3 fw Controll.static MKFDGFOCKNO         31.6605 -> 31.7105
32183,3 fw Controll.static LEKCBKLAILO         31.7105 -> 31.7605
32183,3 fw Controll.static OFJKHAFJIMA          0.0034 -> 0.003
32183,4 fw PLH.static      ADJMBEDDHLB         31.7303 -> 31.7373
32190,0 fw PLH.static      ADJMBEDDHLB         31.7373 -> 31.7443
32197,2 fw Controll.static GIPNIMALPEG          0.0656 -> 0.9486
32197,3 fw PLH.static      ADJMBEDDHLB         31.7443 -> 31.7509
32197,3 fw PLH.static      CFIMEAFDJFM         27.5813 -> 27.6019
32203,0 fw Controll.static NAKNALFCOIF         32.0999 -> 31.9499
32203,0 fw Controll.static IGLCENGMMMJ            12.3 -> 12.15
32203,1 fw PLH.static      ADJMBEDDHLB         31.7509 -> 31.7583
32212,2 fw PLH.static      ADJMBEDDHLB         31.7583 -> 31.764
32217,7 fw PLH.static      ADJMBEDDHLB          31.764 -> 31.7732
32217,7 fw PLH.static      CFIMEAFDJFM         27.6019 -> 27.6233
32226,3 fw Controll.static MKFDGFOCKNO         31.7105 -> 31.7605
32226,3 fw Controll.static LEKCBKLAILO         31.7605 -> 31.8105
32226,3 fw PLH.static      ADJMBEDDHLB         31.7732 -> 31.7786
32233,8 fw PLH.static      ADJMBEDDHLB         31.7786 -> 31.7873
32233,8 fw PLH.static      CFIMEAFDJFM         27.6233 -> 27.638
32238,9 fw player          LNIDBHIAJJI               9 -> 8
32238,9 fw player          ACAIGMNLLEC              24 -> 22
32239,0 fw Controll.static GIPNIMALPEG          0.9486 -> 0.7839
32239,0 fw PLH.static      ADJMBEDDHLB         31.7873 -> 31.7947
32239,0 fw PLH.static      CFIMEAFDJFM          27.638 -> 27.645
32250,0 fw Controll.static NAKNALFCOIF         31.9499 -> 32.0999
32250,0 fw Controll.static IGLCENGMMMJ           12.15 -> 10.95
32250,1 fw PLH.static      ADJMBEDDHLB         31.7947 -> 31.7999
32252,8 fw PLH.static      ADJMBEDDHLB         31.7999 -> 31.811
32265,6 fw PLH.static      ADJMBEDDHLB          31.811 -> 31.8137
32269,4 fw Controll.static MKFDGFOCKNO         31.7605 -> 31.8105
32269,4 fw Controll.static LEKCBKLAILO         31.8105 -> 31.8605
32269,4 fw Controll.static OFJKHAFJIMA           0.003 -> 0
32269,4 fw PLH.static      ADJMBEDDHLB         31.8137 -> 31.8265
32269,4 fw PLH.static      CFIMEAFDJFM          27.645 -> 27.6778
32279,8 fw PLH.static      ADJMBEDDHLB         31.8265 -> 31.8304
32279,8 fw PLH.static      CFIMEAFDJFM         27.6778 -> 27.6814
32284,8 fw Controll.static GIPNIMALPEG          0.7839 -> 0.7002
32284,8 fw PLH.static      ADJMBEDDHLB         31.8304 -> 31.8408
32292,9 fw Controll.static NAKNALFCOIF         32.0999 -> 32.5499
32293,0 fw PLH.static      ADJMBEDDHLB         31.8408 -> 31.8457
32300,7 fw Controll.static IGLCENGMMMJ           10.95 -> 9.9
32300,8 fw PLH.static      ADJMBEDDHLB         31.8457 -> 31.8539
32300,8 fw PLH.static      CFIMEAFDJFM         27.6814 -> 27.7049
32306,2 fw player          HEADELMLILF               1 -> 0
32306,2 fw PLH.static      ADJMBEDDHLB         31.8539 -> 31.8617
32316,0 fw Controll.static MKFDGFOCKNO         31.8105 -> 31.8605
32316,0 fw Controll.static LEKCBKLAILO         31.8605 -> 31.9105
32316,0 fw Controll.static OFJKHAFJIMA               0 -> 0.0007
32316,0 fw PLH.static      ADJMBEDDHLB         31.8617 -> 31.8672
32316,0 fw PLH.static      CFIMEAFDJFM         27.7049 -> 27.7179
32319,6 fw PLH.static      ADJMBEDDHLB         31.8672 -> 31.877
32319,6 fw PLH.static      CFIMEAFDJFM         27.7179 -> 27.7278
32332,7 fw PLH.static      ADJMBEDDHLB          31.877 -> 31.8805
32335,9 fw Controll.static GIPNIMALPEG          0.7002 -> 0.7238
32336,0 fw PLH.static      ADJMBEDDHLB         31.8805 -> 31.8937
32336,0 fw PLH.static      CFIMEAFDJFM         27.7278 -> 27.7445
32349,2 fw Controll.static NAKNALFCOIF         32.5499 -> 32.8499
32349,2 fw Controll.static IGLCENGMMMJ             9.9 -> 9.75
32349,2 fw PLH.static      ADJMBEDDHLB         31.8937 -> 31.8969
32349,2 fw PLH.static      CFIMEAFDJFM         27.7445 -> 27.7484
32352,9 fw PLH.static      ADJMBEDDHLB         31.8969 -> 31.9102
32352,9 fw PLH.static      CFIMEAFDJFM         27.7484 -> 27.761
32365,4 fw Controll.static MKFDGFOCKNO         31.8605 -> 31.9105
32365,4 fw Controll.static LEKCBKLAILO         31.9105 -> 31.9605
32365,4 fw PLH.static      ADJMBEDDHLB         31.9102 -> 31.9138
32368,8 fw Controll.static OFJKHAFJIMA          0.0007 -> 0.0028
32368,9 fw PLH.static      ADJMBEDDHLB         31.9138 -> 31.9264
32368,9 fw PLH.static      CFIMEAFDJFM          27.761 -> 27.7777
32379,0 fw PLH.static      ADJMBEDDHLB         31.9264 -> 31.9298
32385,7 fw Controll.static GIPNIMALPEG          0.7238 -> 0.7189
32385,8 fw PLH.static      ADJMBEDDHLB         31.9298 -> 31.94
32385,8 fw PLH.static      CFIMEAFDJFM         27.7777 -> 27.7914
32394,5 fw Controll.static NAKNALFCOIF         32.8499 -> 33.1499
32394,5 fw Controll.static IGLCENGMMMJ            9.75 -> 9.6
32394,6 fw PLH.static      ADJMBEDDHLB           31.94 -> 31.9467
32400,3 fw player          LNIDBHIAJJI               8 -> 7
32400,4 fw PLH.static      ADJMBEDDHLB         31.9467 -> 31.9555
32400,4 fw PLH.static      CFIMEAFDJFM         27.7914 -> 27.8064
32409,2 fw PLH.static      ADJMBEDDHLB         31.9555 -> 31.9614
32416,0 fw Controll.static MKFDGFOCKNO         31.9105 -> 31.9605
32416,0 fw Controll.static LEKCBKLAILO         31.9605 -> 32.0105
32416,0 fw Controll.static OFJKHAFJIMA          0.0028 -> 0.0004
32416,0 fw PLH.static      ADJMBEDDHLB         31.9614 -> 31.9702
32416,0 fw PLH.static      CFIMEAFDJFM         27.8064 -> 27.8204
32425,1 fw PLH.static      ADJMBEDDHLB         31.9702 -> 31.977
32432,5 fw Controll.static GIPNIMALPEG          0.7189 -> 0.6546
32432,5 fw PLH.static      ADJMBEDDHLB          31.977 -> 31.986
32432,5 fw PLH.static      CFIMEAFDJFM         27.8204 -> 27.8367
32437,2 fw player          HEADELMLILF               0 -> 1
32437,2 fw Controll.static NAKNALFCOIF         33.1499 -> 33.5999
32437,2 fw Controll.static IGLCENGMMMJ             9.6 -> 9.3
32437,2 fw Controll.static DGNDKAKOEPD         3244040 -> 3244952
32437,2 fw Controll.static BEJBLGGGOCC       340825124 -> 340826119
32437,2 fw PLH.static      ADJMBEDDHLB          31.986 -> 31.9934
32437,2 fw PLH.static      CFIMEAFDJFM         27.8367 -> 27.8443
32445,5 fw Controll.static JELGPAKAJPE             206 -> 125
32445,5 fw Controll.static EENJPDHGGGC         31.0738 -> 31.986
32445,6 fw PLH.static      ADJMBEDDHLB         31.9934 -> 31.9981
32452,1 fw PLH.static      ADJMBEDDHLB         31.9981 -> 32.0065
32452,2 fw PLH.static      CFIMEAFDJFM         27.8443 -> 27.8579
32459,8 fw Controll.static MKFDGFOCKNO         31.9605 -> 32.0105
32459,8 fw Controll.static LEKCBKLAILO         32.0105 -> 32.0605
32459,8 fw Controll.static OFJKHAFJIMA          0.0004 -> 0.0021
32459,9 fw PLH.static      ADJMBEDDHLB         32.0065 -> 32.0131
32459,9 fw PLH.static      CFIMEAFDJFM         27.8579 -> 27.8637
32466,2 fw player          ACAIGMNLLEC              22 -> 23
32466,3 fw PLH.static      ADJMBEDDHLB         32.0131 -> 32.0208
32466,3 fw PLH.static      CFIMEAFDJFM         27.8637 -> 27.8715
32474,3 fw Controll.static GIPNIMALPEG          0.6546 -> 0.4904
32474,3 fw PLH.static      ADJMBEDDHLB         32.0208 -> 32.0272
32481,8 fw Controll.static NAKNALFCOIF         33.5999 -> 33.7499
32481,8 fw PLH.static      ADJMBEDDHLB         32.0272 -> 32.0352
32486,4 fw PLH.static      ADJMBEDDHLB         32.0352 -> 32.0427
32498,9 fw player          LNIDBHIAJJI               7 -> 6
32498,9 fw player          HEADELMLILF               1 -> 0
32499,0 fw PLH.static      ADJMBEDDHLB         32.0427 -> 32.0473
32499,0 fw PLH.static      CFIMEAFDJFM         27.8715 -> 27.8987
32502,4 fw Controll.static MKFDGFOCKNO         32.0105 -> 32.0605
32502,4 fw Controll.static LEKCBKLAILO         32.0605 -> 32.1105
32502,4 fw Controll.static OFJKHAFJIMA          0.0021 -> 0.0023
32502,4 fw PLH.static      ADJMBEDDHLB         32.0473 -> 32.06
32515,5 fw PLH.static      ADJMBEDDHLB           32.06 -> 32.0633
32515,5 fw PLH.static      CFIMEAFDJFM         27.8987 -> 27.9145
32518,8 fw Controll.static GIPNIMALPEG          0.4904 -> 0.3805
32518,9 fw PLH.static      ADJMBEDDHLB         32.0633 -> 32.0764
32518,9 fw PLH.static      CFIMEAFDJFM         27.9145 -> 27.9274
32532,2 fw PLH.static      ADJMBEDDHLB         32.0764 -> 32.0798
32535,7 fw PLH.static      ADJMBEDDHLB         32.0798 -> 32.0932
32535,7 fw PLH.static      CFIMEAFDJFM         27.9274 -> 27.9441
32548,8 fw PLH.static      ADJMBEDDHLB         32.0932 -> 32.0966
32548,8 fw PLH.static      CFIMEAFDJFM         27.9441 -> 27.9481
32552,0 fw Controll.static MKFDGFOCKNO         32.0605 -> 32.1105
32552,0 fw Controll.static LEKCBKLAILO         32.1105 -> 32.1605
32552,0 fw Controll.static OFJKHAFJIMA          0.0023 -> 0.002
32552,1 fw PLH.static      ADJMBEDDHLB         32.0966 -> 32.1097
32552,1 fw PLH.static      CFIMEAFDJFM         27.9481 -> 27.9606
32565,2 fw PLH.static      ADJMBEDDHLB         32.1097 -> 32.113
32568,7 fw Controll.static GIPNIMALPEG          0.3805 -> 0.3777
32568,7 fw PLH.static      ADJMBEDDHLB          32.113 -> 32.1262
32568,7 fw PLH.static      CFIMEAFDJFM         27.9606 -> 27.9775
32578,7 fw PLH.static      ADJMBEDDHLB         32.1262 -> 32.1296
32578,7 fw PLH.static      CFIMEAFDJFM         27.9775 -> 27.9807
32584,7 fw PLH.static      ADJMBEDDHLB         32.1296 -> 32.1408
32584,7 fw PLH.static      CFIMEAFDJFM         27.9807 -> 27.991
32593,4 fw PLH.static      ADJMBEDDHLB         32.1408 -> 32.1456
32593,4 fw PLH.static      CFIMEAFDJFM          27.991 -> 27.997
32599,2 fw PLH.static      ADJMBEDDHLB         32.1456 -> 32.1544
32607,3 fw PLH.static      ADJMBEDDHLB         32.1544 -> 32.1601
32615,3 fw PLH.static      ADJMBEDDHLB         32.1601 -> 32.1682
32615,3 fw PLH.static      CFIMEAFDJFM          27.997 -> 28.0194
32619,4 fw Controll.static GIPNIMALPEG          0.3777 -> 0.3925
32619,5 fw PLH.static      ADJMBEDDHLB         32.1682 -> 32.1762
32619,5 fw PLH.static      CFIMEAFDJFM         28.0194 -> 28.0272
32629,1 fw PLH.static      ADJMBEDDHLB         32.1762 -> 32.1804
32634,2 fw PLH.static      ADJMBEDDHLB         32.1804 -> 32.1901
32634,2 fw PLH.static      CFIMEAFDJFM         28.0272 -> 28.041
32642,5 fw Controll.static MKFDGFOCKNO         32.1105 -> 32.1605
32642,5 fw Controll.static LEKCBKLAILO         32.1605 -> 32.2105
32642,6 fw PLH.static      ADJMBEDDHLB         32.1901 -> 32.1951
32649,7 fw Controll.static OFJKHAFJIMA           0.002 -> 0.0073
32649,7 fw PLH.static      ADJMBEDDHLB         32.1951 -> 32.2035
32649,7 fw PLH.static      CFIMEAFDJFM          28.041 -> 28.0549
32657,0 fw PLH.static      ADJMBEDDHLB         32.2035 -> 32.2106
32657,0 fw PLH.static      CFIMEAFDJFM         28.0549 -> 28.0616
32664,4 fw Controll.static GIPNIMALPEG          0.3925 -> 0.2924
32664,5 fw PLH.static      ADJMBEDDHLB         32.2106 -> 32.2179
32671,8 fw PLH.static      ADJMBEDDHLB         32.2179 -> 32.2298
32671,8 fw PLH.static      CFIMEAFDJFM         28.0616 -> 28.0768
32682,3 fw PLH.static      ADJMBEDDHLB         32.2298 -> 32.2327
32687,3 fw PLH.static      ADJMBEDDHLB         32.2327 -> 32.2432
32697,8 fw Controll.static MKFDGFOCKNO         32.1605 -> 32.2105
32697,8 fw Controll.static LEKCBKLAILO         32.2105 -> 32.2605
32697,8 fw Controll.static OFJKHAFJIMA          0.0073 -> 0.0069
32697,9 fw PLH.static      ADJMBEDDHLB         32.2432 -> 32.2483
32697,9 fw PLH.static      CFIMEAFDJFM         28.0768 -> 28.0997
32700,9 fw PLH.static      ADJMBEDDHLB         32.2483 -> 32.2588
32711,3 fw Controll.static GIPNIMALPEG          0.2924 -> 0.231
32711,4 fw PLH.static      ADJMBEDDHLB         32.2588 -> 32.2618
32711,4 fw PLH.static      CFIMEAFDJFM         28.0997 -> 28.1131
32717,2 fw PLH.static      ADJMBEDDHLB         32.2618 -> 32.2724
32717,2 fw PLH.static      CFIMEAFDJFM         28.1131 -> 28.1234
32724,4 fw PLH.static      ADJMBEDDHLB         32.2724 -> 32.2781
32724,4 fw PLH.static      CFIMEAFDJFM         28.1234 -> 28.1296
32731,5 fw PLH.static      ADJMBEDDHLB         32.2781 -> 32.2853
32737,0 fw Controll.static MKFDGFOCKNO         32.2105 -> 32.2605
32737,0 fw Controll.static LEKCBKLAILO         32.2605 -> 32.3105
32737,0 fw Controll.static OFJKHAFJIMA          0.0069 -> 0.0009
32737,0 fw PLH.static      ADJMBEDDHLB         32.2853 -> 32.2924
32744,5 fw PLH.static      ADJMBEDDHLB         32.2924 -> 32.2979
32744,5 fw PLH.static      CFIMEAFDJFM         28.1296 -> 28.1493
32751,8 fw Controll.static GIPNIMALPEG           0.231 -> 0.0408
32751,9 fw PLH.static      ADJMBEDDHLB         32.2979 -> 32.3054
32757,1 fw PLH.static      ADJMBEDDHLB         32.3054 -> 32.3128
32757,2 fw PLH.static      CFIMEAFDJFM         28.1493 -> 28.1636
32765,7 fw PLH.static      ADJMBEDDHLB         32.3128 -> 32.3181
32765,7 fw PLH.static      CFIMEAFDJFM         28.1636 -> 28.1694
32771,1 fw PLH.static      ADJMBEDDHLB         32.3181 -> 32.3266
32771,1 fw PLH.static      CFIMEAFDJFM         28.1694 -> 28.1779
32781,3 fw Controll.static MKFDGFOCKNO         32.2605 -> 32.3105
32781,3 fw Controll.static LEKCBKLAILO         32.3105 -> 32.3605
32781,3 fw Controll.static OFJKHAFJIMA          0.0009 -> 0.0018
32781,4 fw PLH.static      ADJMBEDDHLB         32.3266 -> 32.332
32784,6 fw PLH.static      ADJMBEDDHLB          32.332 -> 32.3423
32794,4 fw Controll.static GIPNIMALPEG          0.0408 -> 0.8922
32794,5 fw PLH.static      ADJMBEDDHLB         32.3423 -> 32.3455
32800,7 fw PLH.static      ADJMBEDDHLB         32.3455 -> 32.3554
32808,5 fw PLH.static      ADJMBEDDHLB         32.3554 -> 32.3616
32815,6 fw PLH.static      ADJMBEDDHLB         32.3616 -> 32.3694
32823,6 fw Controll.static MKFDGFOCKNO         32.3105 -> 32.3605
32823,6 fw Controll.static LEKCBKLAILO         32.3605 -> 32.4105
32823,6 fw Controll.static OFJKHAFJIMA          0.0018 -> 0.0006
32823,6 fw PLH.static      ADJMBEDDHLB         32.3694 -> 32.3765
32829,2 fw PLH.static      ADJMBEDDHLB         32.3765 -> 32.3845
32837,8 fw Controll.static GIPNIMALPEG          0.8922 -> 0.7604
32837,9 fw PLH.static      ADJMBEDDHLB         32.3845 -> 32.3901
32842,9 fw PLH.static      ADJMBEDDHLB         32.3901 -> 32.3988
32852,5 fw PLH.static      ADJMBEDDHLB         32.3988 -> 32.4038
32857,1 fw PLH.static      ADJMBEDDHLB         32.4038 -> 32.4134
32866,2 fw Controll.static MKFDGFOCKNO         32.3605 -> 32.4105
32866,2 fw Controll.static LEKCBKLAILO         32.4105 -> 32.4605
32866,2 fw Controll.static OFJKHAFJIMA          0.0006 -> 0.0024
32866,3 fw PLH.static      ADJMBEDDHLB         32.4134 -> 32.418
32871,6 fw PLH.static      ADJMBEDDHLB          32.418 -> 32.4272
32880,6 fw PLH.static      ADJMBEDDHLB         32.4272 -> 32.4326
32884,4 fw Controll.static GIPNIMALPEG          0.7604 -> 0.6925
32884,5 fw PLH.static      ADJMBEDDHLB         32.4326 -> 32.4415
32894,4 fw PLH.static      ADJMBEDDHLB         32.4415 -> 32.4454
32900,9 fw PLH.static      ADJMBEDDHLB         32.4454 -> 32.4553
32907,3 fw Controll.static MKFDGFOCKNO         32.4105 -> 32.4605
32907,3 fw Controll.static LEKCBKLAILO         32.4605 -> 32.5105
32907,4 fw PLH.static      ADJMBEDDHLB         32.4553 -> 32.4618
32914,7 fw Controll.static OFJKHAFJIMA          0.0024 -> 0.0009
32914,7 fw PLH.static      ADJMBEDDHLB         32.4618 -> 32.4683
32921,1 fw PLH.static      ADJMBEDDHLB         32.4683 -> 32.4756
32931,3 fw Controll.static GIPNIMALPEG          0.6925 -> 0.6297
32931,3 fw PLH.static      ADJMBEDDHLB         32.4756 -> 32.482
32934,3 fw PLH.static      ADJMBEDDHLB          32.482 -> 32.4922
32946,8 fw PLH.static      ADJMBEDDHLB         32.4922 -> 32.4952
32950,6 fw PLH.static      ADJMBEDDHLB         32.4952 -> 32.5077
32959,5 fw Controll.static MKFDGFOCKNO         32.4605 -> 32.5105
32959,5 fw Controll.static LEKCBKLAILO         32.5105 -> 32.5605
32959,5 fw Controll.static OFJKHAFJIMA          0.0009 -> 0.0005
32959,6 fw PLH.static      ADJMBEDDHLB         32.5077 -> 32.5115
32965,7 fw PLH.static      ADJMBEDDHLB         32.5115 -> 32.5205
32973,4 fw Controll.static GIPNIMALPEG          0.6297 -> 0.472
32973,5 fw PLH.static      ADJMBEDDHLB         32.5205 -> 32.5267
32973,5 fw PLH.static      CFIMEAFDJFM         28.1779 -> 28.3781
32980,3 fw PLH.static      ADJMBEDDHLB         32.5267 -> 32.5344
32980,3 fw PLH.static      CFIMEAFDJFM         28.3781 -> 28.3853
32986,1 fw PLH.static      ADJMBEDDHLB         32.5344 -> 32.5412
32993,7 fw PLH.static      ADJMBEDDHLB         32.5412 -> 32.547
32999,3 fw PLH.static      ADJMBEDDHLB          32.547 -> 32.5547
32999,3 fw PLH.static      CFIMEAFDJFM         28.3853 -> 28.4056
33007,1 fw PLH.static      ADJMBEDDHLB         32.5547 -> 32.5602
33014,7 fw Controll.static GIPNIMALPEG           0.472 -> 0.2981
33014,8 fw PLH.static      ADJMBEDDHLB         32.5602 -> 32.5681
33014,8 fw PLH.static      CFIMEAFDJFM         28.4056 -> 28.4193
33020,1 fw PLH.static      ADJMBEDDHLB         32.5681 -> 32.5757
33020,1 fw PLH.static      CFIMEAFDJFM         28.4193 -> 28.4266
33030,7 fw PLH.static      ADJMBEDDHLB         32.5757 -> 32.581
33033,6 fw PLH.static      ADJMBEDDHLB          32.581 -> 32.5917
33033,6 fw PLH.static      CFIMEAFDJFM         28.4266 -> 28.4425
33044,1 fw Controll.static MKFDGFOCKNO         32.5105 -> 32.5605
33044,1 fw Controll.static LEKCBKLAILO         32.5605 -> 32.6105
33044,1 fw Controll.static OFJKHAFJIMA          0.0005 -> 0.0071
33044,1 fw PLH.static      ADJMBEDDHLB         32.5917 -> 32.5945
33050,8 fw PLH.static      ADJMBEDDHLB         32.5945 -> 32.605
33050,8 fw PLH.static      CFIMEAFDJFM         28.4425 -> 28.4564
33057,4 fw Controll.static GIPNIMALPEG          0.2981 -> 0.1508
33057,4 fw PLH.static      ADJMBEDDHLB          32.605 -> 32.6117
33057,4 fw PLH.static      CFIMEAFDJFM         28.4564 -> 28.4625
33064,7 fw PLH.static      ADJMBEDDHLB         32.6117 -> 32.6183
33064,7 fw PLH.static      CFIMEAFDJFM         28.4625 -> 28.4697
33070,4 fw PLH.static      ADJMBEDDHLB         32.6183 -> 32.6256
33070,4 fw PLH.static      CFIMEAFDJFM         28.4697 -> 28.4769
33080,0 fw PLH.static      ADJMBEDDHLB         32.6256 -> 32.6313
33084,4 fw Controll.static MKFDGFOCKNO         32.5605 -> 32.6105
33084,4 fw Controll.static LEKCBKLAILO         32.6105 -> 32.6605
33084,4 fw Controll.static OFJKHAFJIMA          0.0071 -> 0.0007
33084,4 fw PLH.static      ADJMBEDDHLB         32.6313 -> 32.6423
33084,4 fw PLH.static      CFIMEAFDJFM         28.4769 -> 28.4923
33097,4 fw PLH.static      ADJMBEDDHLB         32.6423 -> 32.6454
33097,5 fw PLH.static      CFIMEAFDJFM         28.4923 -> 28.4968
33100,6 fw Controll.static GIPNIMALPEG          0.1508 -> 0.0161
33100,7 fw PLH.static      ADJMBEDDHLB         32.6454 -> 32.6584
33100,7 fw PLH.static      CFIMEAFDJFM         28.4968 -> 28.5091
33115,0 fw PLH.static      ADJMBEDDHLB         32.6584 -> 32.6616
33115,0 fw PLH.static      CFIMEAFDJFM         28.5091 -> 28.5128
33117,7 fw PLH.static      ADJMBEDDHLB         32.6616 -> 32.676
33117,7 fw PLH.static      CFIMEAFDJFM         28.5128 -> 28.5268
33130,2 fw PLH.static      ADJMBEDDHLB          32.676 -> 32.6786
33133,5 fw Controll.static MKFDGFOCKNO         32.6105 -> 32.6606
33133,6 fw Controll.static LEKCBKLAILO         32.6605 -> 32.7106
33133,6 fw Controll.static OFJKHAFJIMA          0.0007 -> 0.0006
33133,6 fw PLH.static      ADJMBEDDHLB         32.6786 -> 32.6912
33133,6 fw PLH.static      CFIMEAFDJFM         28.5268 -> 28.5421
33143,9 fw PLH.static      ADJMBEDDHLB         32.6912 -> 32.6945
33150,6 fw PLH.static      ADJMBEDDHLB         32.6945 -> 32.7048
33150,6 fw PLH.static      CFIMEAFDJFM         28.5421 -> 28.5561
33156,7 fw Controll.static GIPNIMALPEG          0.0161 -> 0.1376
33156,7 fw PLH.static      ADJMBEDDHLB         32.7048 -> 32.7115
33164,7 fw PLH.static      ADJMBEDDHLB         32.7115 -> 32.7176
33164,7 fw PLH.static      CFIMEAFDJFM         28.5561 -> 28.5691
33170,2 fw PLH.static      ADJMBEDDHLB         32.7176 -> 32.7256
33170,2 fw PLH.static      CFIMEAFDJFM         28.5691 -> 28.577
33179,9 fw Controll.static MKFDGFOCKNO         32.6606 -> 32.7106
33179,9 fw Controll.static LEKCBKLAILO         32.7106 -> 32.7606
33180,0 fw PLH.static      ADJMBEDDHLB         32.7256 -> 32.7311
33180,0 fw PLH.static      CFIMEAFDJFM          28.577 -> 28.5822
33183,1 fw PLH.static      ADJMBEDDHLB         32.7311 -> 32.7409
33183,1 fw PLH.static      CFIMEAFDJFM         28.5822 -> 28.5923
33193,7 fw PLH.static      ADJMBEDDHLB         32.7409 -> 32.744
33199,1 fw Controll.static GIPNIMALPEG          0.1376 -> 0.9847
33199,1 fw PLH.static      ADJMBEDDHLB          32.744 -> 32.7547
33199,1 fw PLH.static      CFIMEAFDJFM         28.5923 -> 28.6055
33208,5 fw PLH.static      ADJMBEDDHLB         32.7547 -> 32.76
33214,2 fw PLH.static      ADJMBEDDHLB           32.76 -> 32.7694
33214,2 fw PLH.static      CFIMEAFDJFM         28.6055 -> 28.6201
33221,5 fw PLH.static      ADJMBEDDHLB         32.7694 -> 32.7751
33230,2 fw Controll.static MKFDGFOCKNO         32.7106 -> 32.7606
33230,2 fw Controll.static LEKCBKLAILO         32.7606 -> 32.8106
33230,2 fw Controll.static OFJKHAFJIMA          0.0006 -> 0.0084
33230,2 fw PLH.static      ADJMBEDDHLB         32.7751 -> 32.7824
33230,2 fw PLH.static      CFIMEAFDJFM         28.6201 -> 28.6338
33234,0 fw PLH.static      ADJMBEDDHLB         32.7824 -> 32.7912
33234,0 fw PLH.static      CFIMEAFDJFM         28.6338 -> 28.6421
33246,7 fw Controll.static GIPNIMALPEG          0.9847 -> 0.9368
33246,7 fw PLH.static      ADJMBEDDHLB         32.7912 -> 32.7949
33250,2 fw PLH.static      ADJMBEDDHLB         32.7949 -> 32.8076
33250,2 fw PLH.static      CFIMEAFDJFM         28.6421 -> 28.659
33260,0 fw PLH.static      ADJMBEDDHLB         32.8076 -> 32.8111
33260,0 fw PLH.static      CFIMEAFDJFM          28.659 -> 28.6621
33266,0 fw PLH.static      ADJMBEDDHLB         32.8111 -> 32.8209
33266,0 fw PLH.static      CFIMEAFDJFM         28.6621 -> 28.6723
33273,6 fw Controll.static MKFDGFOCKNO         32.7606 -> 32.8106
33273,6 fw Controll.static LEKCBKLAILO         32.8106 -> 32.8606
33273,6 fw Controll.static OFJKHAFJIMA          0.0084 -> 0.0002
33273,7 fw PLH.static      ADJMBEDDHLB         32.8209 -> 32.8269
33280,2 fw PLH.static      ADJMBEDDHLB         32.8269 -> 32.8346
33280,2 fw PLH.static      CFIMEAFDJFM         28.6723 -> 28.6856
33287,2 fw Controll.static GIPNIMALPEG          0.9368 -> 0.7461
33287,2 fw PLH.static      ADJMBEDDHLB         32.8346 -> 32.8411
33293,6 fw PLH.static      ADJMBEDDHLB         32.8411 -> 32.8481
33300,8 fw PLH.static      ADJMBEDDHLB         32.8481 -> 32.8546
33300,8 fw PLH.static      CFIMEAFDJFM         28.6856 -> 28.7055
33306,6 fw PLH.static      ADJMBEDDHLB         32.8546 -> 32.8617
33315,3 fw Controll.static MKFDGFOCKNO         32.8106 -> 32.8606
33315,3 fw Controll.static LEKCBKLAILO         32.8606 -> 32.9106
33315,3 fw Controll.static OFJKHAFJIMA          0.0002 -> 0.0007
33315,3 fw PLH.static      ADJMBEDDHLB         32.8617 -> 32.8675
33315,3 fw PLH.static      CFIMEAFDJFM         28.7055 -> 28.719
33319,9 fw PLH.static      ADJMBEDDHLB         32.8675 -> 32.8763
33329,8 fw Controll.static GIPNIMALPEG          0.7461 -> 0.6001
33329,9 fw PLH.static      ADJMBEDDHLB         32.8763 -> 32.8808
33333,8 fw PLH.static      ADJMBEDDHLB         32.8808 -> 32.8908
33345,9 fw PLH.static      ADJMBEDDHLB         32.8908 -> 32.8947
33350,1 fw PLH.static      ADJMBEDDHLB         32.8947 -> 32.9069
33359,0 fw Controll.static MKFDGFOCKNO         32.8606 -> 32.9106
33359,0 fw Controll.static LEKCBKLAILO         32.9106 -> 32.9606
33359,0 fw Controll.static OFJKHAFJIMA          0.0007 -> 0.0001
33359,1 fw PLH.static      ADJMBEDDHLB         32.9069 -> 32.9121
33359,1 fw PLH.static      CFIMEAFDJFM          28.719 -> 28.762
33365,4 fw PLH.static      ADJMBEDDHLB         32.9121 -> 32.9202
33365,4 fw PLH.static      CFIMEAFDJFM          28.762 -> 28.7714
33373,0 fw Controll.static GIPNIMALPEG          0.6001 -> 0.4638
33373,1 fw PLH.static      ADJMBEDDHLB         32.9202 -> 32.9263
33373,1 fw PLH.static      CFIMEAFDJFM         28.7714 -> 28.7777
33379,7 fw PLH.static      ADJMBEDDHLB         32.9263 -> 32.934
33379,7 fw PLH.static      CFIMEAFDJFM         28.7777 -> 28.7848
33386,7 fw PLH.static      ADJMBEDDHLB          32.934 -> 32.9406
33386,7 fw PLH.static      CFIMEAFDJFM         28.7848 -> 28.792
33393,4 fw PLH.static      ADJMBEDDHLB         32.9406 -> 32.9476
33400,3 fw Controll.static MKFDGFOCKNO         32.9106 -> 32.9606
33400,3 fw Controll.static LEKCBKLAILO         32.9606 -> 33.0106
33400,3 fw Controll.static OFJKHAFJIMA          0.0001 -> 0.0002
33400,4 fw PLH.static      ADJMBEDDHLB         32.9476 -> 32.9543
33406,1 fw PLH.static      ADJMBEDDHLB         32.9543 -> 32.9613
33414,8 fw PLH.static      ADJMBEDDHLB         32.9613 -> 32.967
33419,5 fw Controll.static GIPNIMALPEG          0.4638 -> 0.3933
33419,6 fw PLH.static      ADJMBEDDHLB          32.967 -> 32.9757
33419,6 fw PLH.static      CFIMEAFDJFM          28.792 -> 28.8268
33429,6 fw Controll.static DGNDKAKOEPD         3244952 -> 3245942
33429,6 fw Controll.static BEJBLGGGOCC       340826119 -> 340827119
33429,6 fw Controll.static JELGPAKAJPE             125 -> 114
33429,6 fw Controll.static EENJPDHGGGC          31.986 -> 32.9757
33429,7 fw PLH.static      ADJMBEDDHLB         32.9757 -> 32.9805
33433,2 fw PLH.static      ADJMBEDDHLB         32.9805 -> 32.9906
33433,2 fw PLH.static      CFIMEAFDJFM         28.8268 -> 28.8414
33445,6 fw PLH.static      ADJMBEDDHLB         32.9906 -> 32.9941
33445,6 fw PLH.static      CFIMEAFDJFM         28.8414 -> 28.8456
33449,0 fw PLH.static      ADJMBEDDHLB         32.9941 -> 33.0065
33449,0 fw PLH.static      CFIMEAFDJFM         28.8456 -> 28.858
33459,8 fw PLH.static      ADJMBEDDHLB         33.0065 -> 33.01
33459,8 fw PLH.static      CFIMEAFDJFM          28.858 -> 28.861
33465,5 fw Controll.static GIPNIMALPEG          0.3933 -> 0.3139
33465,6 fw PLH.static      ADJMBEDDHLB           33.01 -> 33.0207
33465,6 fw PLH.static      CFIMEAFDJFM          28.861 -> 28.8719
33474,0 fw PLH.static      ADJMBEDDHLB         33.0207 -> 33.0265
33474,0 fw PLH.static      CFIMEAFDJFM         28.8719 -> 28.8779
33479,9 fw PLH.static      ADJMBEDDHLB         33.0265 -> 33.035
33488,2 fw PLH.static      ADJMBEDDHLB          33.035 -> 33.0409
33496,1 fw Controll.static MKFDGFOCKNO         32.9606 -> 33.0106
33496,1 fw Controll.static LEKCBKLAILO         33.0106 -> 33.0606
33496,1 fw Controll.static OFJKHAFJIMA          0.0002 -> 0.0097
33496,2 fw PLH.static      ADJMBEDDHLB         33.0409 -> 33.0491
33496,2 fw PLH.static      CFIMEAFDJFM         28.8779 -> 28.9
33500,9 fw PLH.static      ADJMBEDDHLB         33.0491 -> 33.0571
33510,0 fw Controll.static GIPNIMALPEG          0.3139 -> 0.202
33510,0 fw PLH.static      ADJMBEDDHLB         33.0571 -> 33.0618
33515,3 fw PLH.static      ADJMBEDDHLB         33.0618 -> 33.071
33515,3 fw PLH.static      CFIMEAFDJFM            28.9 -> 28.9218
33523,0 fw PLH.static      ADJMBEDDHLB          33.071 -> 33.0762
33531,0 fw PLH.static      ADJMBEDDHLB         33.0762 -> 33.084
33531,0 fw PLH.static      CFIMEAFDJFM         28.9218 -> 28.9353
33535,9 fw Controll.static MKFDGFOCKNO         33.0106 -> 33.0606
33535,9 fw Controll.static LEKCBKLAILO         33.0606 -> 33.1106
33535,9 fw Controll.static OFJKHAFJIMA          0.0097 -> 0.0008
33536,0 fw PLH.static      ADJMBEDDHLB          33.084 -> 33.0919
33536,0 fw PLH.static      CFIMEAFDJFM         28.9353 -> 28.9428
33545,5 fw PLH.static      ADJMBEDDHLB         33.0919 -> 33.0968
33549,7 fw Controll.static GIPNIMALPEG           0.202 -> 0.9973
33549,8 fw PLH.static      ADJMBEDDHLB         33.0968 -> 33.1064
33549,8 fw PLH.static      CFIMEAFDJFM         28.9428 -> 28.9578
33559,0 fw PLH.static      ADJMBEDDHLB         33.1064 -> 33.1107
33564,8 fw PLH.static      ADJMBEDDHLB         33.1107 -> 33.1199
33564,8 fw PLH.static      CFIMEAFDJFM         28.9578 -> 28.9711
33572,6 fw PLH.static      ADJMBEDDHLB         33.1199 -> 33.1258
33579,4 fw Controll.static MKFDGFOCKNO         33.0606 -> 33.1106
33579,4 fw Controll.static LEKCBKLAILO         33.1106 -> 33.1606
33579,4 fw Controll.static OFJKHAFJIMA          0.0008 -> 0.0088
33579,5 fw PLH.static      ADJMBEDDHLB         33.1258 -> 33.1335
33586,1 fw PLH.static      ADJMBEDDHLB         33.1335 -> 33.1404
33586,1 fw PLH.static      CFIMEAFDJFM         28.9711 -> 28.9918
33592,9 fw Controll.static GIPNIMALPEG          0.9973 -> 0.8602
33593,0 fw PLH.static      ADJMBEDDHLB         33.1404 -> 33.147
33593,0 fw PLH.static      CFIMEAFDJFM         28.9918 -> 28.9985
33599,2 fw PLH.static      ADJMBEDDHLB          33.147 -> 33.154
33606,4 fw PLH.static      ADJMBEDDHLB          33.154 -> 33.1601
33614,1 fw PLH.static      ADJMBEDDHLB         33.1601 -> 33.1673
33614,1 fw PLH.static      CFIMEAFDJFM         28.9985 -> 29.0186
33619,3 fw Controll.static MKFDGFOCKNO         33.1106 -> 33.1606
33619,3 fw Controll.static LEKCBKLAILO         33.1606 -> 33.2106
33619,4 fw Controll.static OFJKHAFJIMA          0.0088 -> 0.0063
33619,4 fw PLH.static      ADJMBEDDHLB         33.1673 -> 33.175
33619,4 fw PLH.static      CFIMEAFDJFM         29.0186 -> 29.0258
33630,0 fw PLH.static      ADJMBEDDHLB          33.175 -> 33.1803
33633,4 fw Controll.static GIPNIMALPEG          0.8602 -> 0.6704
33633,4 fw PLH.static      ADJMBEDDHLB         33.1803 -> 33.1909
33645,7 fw PLH.static      ADJMBEDDHLB         33.1909 -> 33.1943
33649,9 fw PLH.static      ADJMBEDDHLB         33.1943 -> 33.2066
33649,9 fw PLH.static      CFIMEAFDJFM         29.0258 -> 29.058
33662,0 fw PLH.static      ADJMBEDDHLB         33.2066 -> 33.2108
33665,4 fw Controll.static MKFDGFOCKNO         33.1606 -> 33.2106
33665,4 fw Controll.static LEKCBKLAILO         33.2106 -> 33.2606
33665,4 fw Controll.static OFJKHAFJIMA          0.0063 -> 0.0119
33665,5 fw PLH.static      ADJMBEDDHLB         33.2108 -> 33.223
33665,5 fw PLH.static      CFIMEAFDJFM          29.058 -> 29.0741
33675,8 fw PLH.static      ADJMBEDDHLB          33.223 -> 33.2264
33675,8 fw PLH.static      CFIMEAFDJFM         29.0741 -> 29.0778
33681,3 fw PLH.static      ADJMBEDDHLB         33.2264 -> 33.2368
33681,3 fw PLH.static      CFIMEAFDJFM         29.0778 -> 29.0876
33689,6 fw Controll.static GIPNIMALPEG          0.6704 -> 0.7948
33689,7 fw PLH.static      ADJMBEDDHLB         33.2368 -> 33.2422
33689,7 fw PLH.static      CFIMEAFDJFM         29.0876 -> 29.0936
33696,2 fw PLH.static      ADJMBEDDHLB         33.2422 -> 33.2506
33696,2 fw PLH.static      CFIMEAFDJFM         29.0936 -> 29.1015
33703,9 fw PLH.static      ADJMBEDDHLB         33.2506 -> 33.2571
33712,2 fw Controll.static MKFDGFOCKNO         33.2106 -> 33.2606
33712,2 fw Controll.static LEKCBKLAILO         33.2606 -> 33.3106
33712,2 fw PLH.static      ADJMBEDDHLB         33.2571 -> 33.2648
33715,9 fw Controll.static OFJKHAFJIMA          0.0119 -> 0.0038
33715,9 fw PLH.static      ADJMBEDDHLB         33.2648 -> 33.2731
33715,9 fw PLH.static      CFIMEAFDJFM         29.1015 -> 29.124
33725,2 fw PLH.static      ADJMBEDDHLB         33.2731 -> 33.2768
33731,9 fw Controll.static GIPNIMALPEG          0.7948 -> 0.6399
33731,9 fw PLH.static      ADJMBEDDHLB         33.2768 -> 33.2861
33731,9 fw PLH.static      CFIMEAFDJFM          29.124 -> 29.1376
33738,5 fw PLH.static      ADJMBEDDHLB         33.2861 -> 33.2928
33746,1 fw PLH.static      ADJMBEDDHLB         33.2928 -> 33.2996
33746,1 fw PLH.static      CFIMEAFDJFM         29.1376 -> 29.1509
33751,7 fw PLH.static      ADJMBEDDHLB         33.2996 -> 33.307
33758,9 fw Controll.static MKFDGFOCKNO         33.2606 -> 33.3106
33758,9 fw Controll.static LEKCBKLAILO         33.3106 -> 33.3606
33758,9 fw Controll.static OFJKHAFJIMA          0.0038 -> 0.0016
33758,9 fw PLH.static      ADJMBEDDHLB          33.307 -> 33.3126
33758,9 fw PLH.static      CFIMEAFDJFM         29.1509 -> 29.1634
33765,2 fw PLH.static      ADJMBEDDHLB         33.3126 -> 33.3198
33772,9 fw Controll.static GIPNIMALPEG          0.6399 -> 0.4614
33773,0 fw PLH.static      ADJMBEDDHLB         33.3198 -> 33.3261
33778,9 fw PLH.static      ADJMBEDDHLB         33.3261 -> 33.3339
33786,2 fw PLH.static      ADJMBEDDHLB         33.3339 -> 33.3398
33792,6 fw PLH.static      ADJMBEDDHLB         33.3398 -> 33.3471
33799,6 fw PLH.static      ADJMBEDDHLB         33.3471 -> 33.3543
33799,6 fw PLH.static      CFIMEAFDJFM         29.1634 -> 29.2045
33812,8 fw PLH.static      ADJMBEDDHLB         33.3543 -> 33.3605
33817,3 fw Controll.static GIPNIMALPEG          0.4614 -> 0.349
33817,3 fw PLH.static      ADJMBEDDHLB         33.3605 -> 33.3737
33828,7 fw PLH.static      ADJMBEDDHLB         33.3737 -> 33.3782
33832,1 fw PLH.static      ADJMBEDDHLB         33.3782 -> 33.3896
33832,1 fw PLH.static      CFIMEAFDJFM         29.2045 -> 29.2405
33844,6 fw PLH.static      ADJMBEDDHLB         33.3896 -> 33.393
33849,0 fw Controll.static MKFDGFOCKNO         33.3106 -> 33.3606
33849,0 fw Controll.static LEKCBKLAILO         33.3606 -> 33.4106
33849,0 fw Controll.static OFJKHAFJIMA          0.0016 -> 0.0127
33849,0 fw PLH.static      ADJMBEDDHLB          33.393 -> 33.4055
33849,0 fw PLH.static      CFIMEAFDJFM         29.2405 -> 29.257
33858,2 fw PLH.static      ADJMBEDDHLB         33.4055 -> 33.4099
33864,0 fw Controll.static GIPNIMALPEG           0.349 -> 0.2831
33864,1 fw PLH.static      ADJMBEDDHLB         33.4099 -> 33.4192
33872,2 fw PLH.static      ADJMBEDDHLB         33.4192 -> 33.425
33878,7 fw PLH.static      ADJMBEDDHLB          33.425 -> 33.4331
33878,7 fw PLH.static      CFIMEAFDJFM          29.257 -> 29.2841
33886,3 fw PLH.static      ADJMBEDDHLB         33.4331 -> 33.4396
33886,3 fw PLH.static      CFIMEAFDJFM         29.2841 -> 29.291
33892,6 fw Controll.static MKFDGFOCKNO         33.3606 -> 33.4106
33892,7 fw Controll.static LEKCBKLAILO         33.4106 -> 33.4606
33892,7 fw Controll.static OFJKHAFJIMA          0.0127 -> 0.0081
33892,7 fw PLH.static      ADJMBEDDHLB         33.4396 -> 33.4472
33899,0 fw PLH.static      ADJMBEDDHLB         33.4472 -> 33.4538
33899,1 fw PLH.static      CFIMEAFDJFM          29.291 -> 29.3043
33906,4 fw Controll.static GIPNIMALPEG          0.2831 -> 0.1296
33906,4 fw PLH.static      ADJMBEDDHLB         33.4538 -> 33.46
33913,1 fw PLH.static      ADJMBEDDHLB           33.46 -> 33.4675
33913,1 fw PLH.static      CFIMEAFDJFM         29.3043 -> 29.3185
33921,5 fw PLH.static      ADJMBEDDHLB         33.4675 -> 33.4741
33921,5 fw PLH.static      CFIMEAFDJFM         29.3185 -> 29.325
33929,3 fw PLH.static      ADJMBEDDHLB         33.4741 -> 33.4824
33929,3 fw PLH.static      CFIMEAFDJFM          29.325 -> 29.3338
33934,2 fw Controll.static MKFDGFOCKNO         33.4106 -> 33.4606
33934,2 fw Controll.static LEKCBKLAILO         33.4606 -> 33.5106
33934,2 fw Controll.static OFJKHAFJIMA          0.0081 -> 0.0063
33934,2 fw PLH.static      ADJMBEDDHLB         33.4824 -> 33.4902
33944,3 fw PLH.static      ADJMBEDDHLB         33.4902 -> 33.4951
33948,3 fw PLH.static      ADJMBEDDHLB         33.4951 -> 33.5052
33948,3 fw PLH.static      CFIMEAFDJFM         29.3338 -> 29.3566
33958,2 fw Controll.static GIPNIMALPEG          0.1296 -> 0.167
33958,3 fw PLH.static      ADJMBEDDHLB         33.5052 -> 33.5092
33964,0 fw PLH.static      ADJMBEDDHLB         33.5092 -> 33.5192
33972,2 fw PLH.static      ADJMBEDDHLB         33.5192 -> 33.5249
33978,3 fw Controll.static MKFDGFOCKNO         33.4606 -> 33.5106
33978,3 fw Controll.static LEKCBKLAILO         33.5106 -> 33.5606
33978,4 fw PLH.static      ADJMBEDDHLB         33.5249 -> 33.5331
33978,4 fw PLH.static      CFIMEAFDJFM         29.3566 -> 29.3841
33985,6 fw Controll.static OFJKHAFJIMA          0.0063 -> 0.0081
33985,6 fw PLH.static      ADJMBEDDHLB         33.5331 -> 33.5393
33992,0 fw PLH.static      ADJMBEDDHLB         33.5393 -> 33.5466
33992,0 fw PLH.static      CFIMEAFDJFM         29.3841 -> 29.398
34000,2 fw Controll.static GIPNIMALPEG           0.167 -> 0.0056
34000,2 fw PLH.static      ADJMBEDDHLB         33.5466 -> 33.553
34005,3 fw PLH.static      ADJMBEDDHLB          33.553 -> 33.5611
34005,3 fw PLH.static      CFIMEAFDJFM          29.398 -> 29.4123
34014,6 fw PLH.static      ADJMBEDDHLB         33.5611 -> 33.5662
34018,9 fw PLH.static      ADJMBEDDHLB         33.5662 -> 33.5754
34029,2 fw Controll.static MKFDGFOCKNO         33.5106 -> 33.5606
34029,2 fw Controll.static LEKCBKLAILO         33.5606 -> 33.6106
34029,2 fw Controll.static OFJKHAFJIMA          0.0081 -> 0
34029,3 fw PLH.static      ADJMBEDDHLB         33.5754 -> 33.5798
34039,4 fw PLH.static      ADJMBEDDHLB         33.5798 -> 33.5962
34039,4 fw PLH.static      CFIMEAFDJFM         29.4123 -> 29.4411
34051,9 fw Controll.static GIPNIMALPEG          0.0056 -> 0.0409
34052,0 fw PLH.static      ADJMBEDDHLB         33.5962 -> 33.6003
34052,0 fw PLH.static      CFIMEAFDJFM         29.4411 -> 29.4518
34056,0 fw PLH.static      ADJMBEDDHLB         33.6003 -> 33.6129
34056,0 fw PLH.static      CFIMEAFDJFM         29.4518 -> 29.4634
34065,9 fw PLH.static      ADJMBEDDHLB         33.6129 -> 33.6169
34071,4 fw PLH.static      ADJMBEDDHLB         33.6169 -> 33.6268
34079,9 fw Controll.static MKFDGFOCKNO         33.5606 -> 33.6106
34079,9 fw Controll.static LEKCBKLAILO         33.6106 -> 33.6606
34079,9 fw Controll.static OFJKHAFJIMA               0 -> 0.0019
34079,9 fw PLH.static      ADJMBEDDHLB         33.6268 -> 33.6323
34079,9 fw PLH.static      CFIMEAFDJFM         29.4634 -> 29.483
34084,7 fw PLH.static      ADJMBEDDHLB         33.6323 -> 33.6408
34084,7 fw PLH.static      CFIMEAFDJFM          29.483 -> 29.4922
34094,7 fw Controll.static GIPNIMALPEG          0.0409 -> 0.8968
34094,8 fw PLH.static      ADJMBEDDHLB         33.6408 -> 33.6456
34099,1 fw PLH.static      ADJMBEDDHLB         33.6456 -> 33.6557
34099,1 fw PLH.static      CFIMEAFDJFM         29.4922 -> 29.5064
34111,4 fw PLH.static      ADJMBEDDHLB         33.6557 -> 33.66
34114,5 fw PLH.static      ADJMBEDDHLB           33.66 -> 33.6723
34114,5 fw PLH.static      CFIMEAFDJFM         29.5064 -> 29.5228
34127,2 fw Controll.static MKFDGFOCKNO         33.6106 -> 33.6606
34127,2 fw Controll.static LEKCBKLAILO         33.6606 -> 33.7106
34127,2 fw Controll.static OFJKHAFJIMA          0.0019 -> 0.0112
34127,3 fw PLH.static      ADJMBEDDHLB         33.6723 -> 33.6754
34131,2 fw PLH.static      ADJMBEDDHLB         33.6754 -> 33.6884
34131,2 fw PLH.static      CFIMEAFDJFM         29.5228 -> 29.5396
34140,7 fw Controll.static GIPNIMALPEG          0.8968 -> 0.8169
34140,8 fw PLH.static      ADJMBEDDHLB         33.6884 -> 33.6921
34146,6 fw PLH.static      ADJMBEDDHLB         33.6921 -> 33.7017
34146,6 fw PLH.static      CFIMEAFDJFM         29.5396 -> 29.5531
34155,2 fw PLH.static      ADJMBEDDHLB         33.7017 -> 33.7075
34161,7 fw PLH.static      ADJMBEDDHLB         33.7075 -> 33.7162
34161,7 fw PLH.static      CFIMEAFDJFM         29.5531 -> 29.5667
34170,3 fw Controll.static MKFDGFOCKNO         33.6606 -> 33.7106
34170,3 fw Controll.static LEKCBKLAILO         33.7106 -> 33.7606
34170,3 fw Controll.static OFJKHAFJIMA          0.0112 -> 0.0051
34170,4 fw PLH.static      ADJMBEDDHLB         33.7162 -> 33.7226
34174,7 fw PLH.static      ADJMBEDDHLB         33.7226 -> 33.7313
34184,2 fw Controll.static GIPNIMALPEG          0.8169 -> 0.6873
34184,3 fw PLH.static      ADJMBEDDHLB         33.7313 -> 33.7356
34189,9 fw PLH.static      ADJMBEDDHLB         33.7356 -> 33.7452
34198,3 fw PLH.static      ADJMBEDDHLB         33.7452 -> 33.7509
34203,3 fw PLH.static      ADJMBEDDHLB         33.7509 -> 33.7592
34213,0 fw Controll.static MKFDGFOCKNO         33.7106 -> 33.7606
34213,0 fw Controll.static LEKCBKLAILO         33.7606 -> 33.8106
34213,0 fw Controll.static OFJKHAFJIMA          0.0051 -> 0.0031
34213,1 fw PLH.static      ADJMBEDDHLB         33.7592 -> 33.7642
34217,4 fw PLH.static      ADJMBEDDHLB         33.7642 -> 33.7739
34227,0 fw PLH.static      ADJMBEDDHLB         33.7739 -> 33.7783
34232,3 fw Controll.static GIPNIMALPEG          0.6873 -> 0.6487
34232,4 fw PLH.static      ADJMBEDDHLB         33.7783 -> 33.7879
34240,9 fw PLH.static      ADJMBEDDHLB         33.7879 -> 33.7933
34247,3 fw PLH.static      ADJMBEDDHLB         33.7933 -> 33.8018
34255,3 fw Controll.static MKFDGFOCKNO         33.7606 -> 33.8106
34255,3 fw Controll.static LEKCBKLAILO         33.8106 -> 33.8606
34255,3 fw PLH.static      ADJMBEDDHLB         33.8018 -> 33.8081
34261,0 fw Controll.static OFJKHAFJIMA          0.0031 -> 0.0052
34261,1 fw PLH.static      ADJMBEDDHLB         33.8081 -> 33.8162
34270,3 fw PLH.static      ADJMBEDDHLB         33.8162 -> 33.822
34276,8 fw Controll.static GIPNIMALPEG          0.6487 -> 0.539
34276,9 fw PLH.static      ADJMBEDDHLB          33.822 -> 33.8312
34283,0 fw PLH.static      ADJMBEDDHLB         33.8312 -> 33.8378
34291,0 fw PLH.static      ADJMBEDDHLB         33.8378 -> 33.8439
34296,3 fw PLH.static      ADJMBEDDHLB         33.8439 -> 33.852
34304,7 fw Controll.static MKFDGFOCKNO         33.8106 -> 33.8606
34304,7 fw Controll.static LEKCBKLAILO         33.8606 -> 33.9106
34304,7 fw Controll.static OFJKHAFJIMA          0.0052 -> 0.0046
34304,8 fw PLH.static      ADJMBEDDHLB          33.852 -> 33.8572
34311,7 fw PLH.static      ADJMBEDDHLB         33.8572 -> 33.8657
34326,1 fw Controll.static GIPNIMALPEG           0.539 -> 0.3726
34327,2 fw PLH.static      ADJMBEDDHLB         33.8657 -> 33.8726
34330,3 fw PLH.static      ADJMBEDDHLB         33.8726 -> 33.8881
34340,3 fw PLH.static      ADJMBEDDHLB         33.8881 -> 33.8912
34346,1 fw PLH.static      ADJMBEDDHLB         33.8912 -> 33.9018
34346,1 fw PLH.static      CFIMEAFDJFM         29.5667 -> 29.7526
34365,7 fw Controll.static MKFDGFOCKNO         33.8606 -> 33.9106
34365,7 fw Controll.static LEKCBKLAILO         33.9106 -> 33.9606
34365,7 fw Controll.static OFJKHAFJIMA          0.0046 -> 0.0156
34365,7 fw PLH.static      ADJMBEDDHLB         33.9018 -> 33.9229
34365,7 fw PLH.static      CFIMEAFDJFM         29.7526 -> 29.7585
34376,4 fw PLH.static      ADJMBEDDHLB         33.9229 -> 33.9266
34376,4 fw PLH.static      CFIMEAFDJFM         29.7585 -> 29.7772
34382,1 fw Controll.static GIPNIMALPEG          0.3726 -> 0.6438
34382,2 fw PLH.static      ADJMBEDDHLB         33.9266 -> 33.9373
34391,0 fw PLH.static      ADJMBEDDHLB         33.9373 -> 33.9431
34391,0 fw PLH.static      CFIMEAFDJFM         29.7772 -> 29.7944
34396,4 fw PLH.static      ADJMBEDDHLB         33.9431 -> 33.952
34404,6 fw PLH.static      ADJMBEDDHLB          33.952 -> 33.9574
34404,6 fw PLH.static      CFIMEAFDJFM         29.7944 -> 29.8086
34411,7 fw Controll.static MKFDGFOCKNO         33.9106 -> 33.9606
34411,7 fw Controll.static LEKCBKLAILO         33.9606 -> 34.0106
34411,7 fw Controll.static OFJKHAFJIMA          0.0156 -> 0.0044
34411,8 fw PLH.static      ADJMBEDDHLB         33.9574 -> 33.9655
34418,2 fw PLH.static      ADJMBEDDHLB         33.9655 -> 33.9727
34418,2 fw PLH.static      CFIMEAFDJFM         29.8086 -> 29.8234
34426,7 fw Controll.static GIPNIMALPEG          0.6438 -> 0.5353
34426,7 fw PLH.static      ADJMBEDDHLB         33.9727 -> 33.9791
34426,7 fw PLH.static      CFIMEAFDJFM         29.8234 -> 29.8305
34431,5 fw PLH.static      ADJMBEDDHLB         33.9791 -> 33.9876
34431,5 fw PLH.static      CFIMEAFDJFM         29.8305 -> 29.839
34443,3 fw Controll.static DGNDKAKOEPD         3245942 -> 3246954
34443,3 fw Controll.static BEJBLGGGOCC       340827119 -> 340828109
34443,3 fw Controll.static JELGPAKAJPE             114 -> 122
34443,3 fw Controll.static EENJPDHGGGC         32.9757 -> 33.9876
34443,4 fw PLH.static      ADJMBEDDHLB         33.9876 -> 33.9924
34443,4 fw PLH.static      CFIMEAFDJFM          29.839 -> 29.8432
34446,4 fw PLH.static      ADJMBEDDHLB         33.9924 -> 34.0043
34446,5 fw PLH.static      CFIMEAFDJFM         29.8432 -> 29.8557
34457,8 fw Controll.static MKFDGFOCKNO         33.9606 -> 34.0107
34457,8 fw Controll.static LEKCBKLAILO         34.0106 -> 34.0607
34457,8 fw Controll.static OFJKHAFJIMA          0.0044 -> 0.0077
34457,9 fw PLH.static      ADJMBEDDHLB         34.0043 -> 34.0074
34462,7 fw PLH.static      ADJMBEDDHLB         34.0074 -> 34.0188
34462,7 fw PLH.static      CFIMEAFDJFM         29.8557 -> 29.8692
34471,7 fw Controll.static GIPNIMALPEG          0.5353 -> 0.4359
34471,8 fw PLH.static      ADJMBEDDHLB         34.0188 -> 34.0236
34477,5 fw PLH.static      ADJMBEDDHLB         34.0236 -> 34.0327
34485,8 fw PLH.static      ADJMBEDDHLB         34.0327 -> 34.0384
34485,8 fw PLH.static      CFIMEAFDJFM         29.8692 -> 29.8898
34493,7 fw PLH.static      ADJMBEDDHLB         34.0384 -> 34.0467
34493,7 fw PLH.static      CFIMEAFDJFM         29.8898 -> 29.8981
34498,2 fw PLH.static      ADJMBEDDHLB         34.0467 -> 34.0546
34498,2 fw PLH.static      CFIMEAFDJFM         29.8981 -> 29.9054
34507,2 fw PLH.static      ADJMBEDDHLB         34.0546 -> 34.0591
34507,2 fw PLH.static      CFIMEAFDJFM         29.9054 -> 29.9105
34513,6 fw PLH.static      ADJMBEDDHLB         34.0591 -> 34.0681
34513,6 fw PLH.static      CFIMEAFDJFM         29.9105 -> 29.9193
34522,3 fw Controll.static GIPNIMALPEG          0.4359 -> 0.4468
34522,3 fw PLH.static      ADJMBEDDHLB         34.0681 -> 34.0745
34528,8 fw PLH.static      ADJMBEDDHLB         34.0745 -> 34.0832
34528,9 fw PLH.static      CFIMEAFDJFM         29.9193 -> 29.9346
34536,1 fw PLH.static      ADJMBEDDHLB         34.0832 -> 34.0897
34543,0 fw Controll.static MKFDGFOCKNO         34.0107 -> 34.0607
34543,0 fw Controll.static LEKCBKLAILO         34.0607 -> 34.1107
34543,1 fw PLH.static      ADJMBEDDHLB         34.0897 -> 34.097
34551,3 fw Controll.static OFJKHAFJIMA          0.0077 -> 0.0011
34551,3 fw PLH.static      ADJMBEDDHLB          34.097 -> 34.104
34555,8 fw PLH.static      ADJMBEDDHLB          34.104 -> 34.1122
34555,8 fw PLH.static      CFIMEAFDJFM         29.9346 -> 29.9628
34565,6 fw Controll.static GIPNIMALPEG          0.4468 -> 0.3139
34565,7 fw PLH.static      ADJMBEDDHLB         34.1122 -> 34.1167
34565,7 fw PLH.static      CFIMEAFDJFM         29.9628 -> 29.968
34571,1 fw PLH.static      ADJMBEDDHLB         34.1167 -> 34.1266
34571,1 fw PLH.static      CFIMEAFDJFM          29.968 -> 29.978
34579,8 fw PLH.static      ADJMBEDDHLB         34.1266 -> 34.132
34579,8 fw PLH.static      CFIMEAFDJFM          29.978 -> 29.9827
34584,6 fw PLH.static      ADJMBEDDHLB          34.132 -> 34.1407
34594,4 fw Controll.static MKFDGFOCKNO         34.0607 -> 34.1107
34594,4 fw Controll.static LEKCBKLAILO         34.1107 -> 34.1607
34594,5 fw PLH.static      ADJMBEDDHLB         34.1407 -> 34.1455
34594,5 fw PLH.static      CFIMEAFDJFM         29.9827 -> 29.9969
34598,7 fw PLH.static      ADJMBEDDHLB         34.1455 -> 34.1556
34598,7 fw PLH.static      CFIMEAFDJFM         29.9969 -> 30.0061
34610,2 fw Controll.static GIPNIMALPEG          0.3139 -> 0.2062
34610,3 fw PLH.static      ADJMBEDDHLB         34.1556 -> 34.1596
34610,3 fw PLH.static      CFIMEAFDJFM         30.0061 -> 30.0111
34613,4 fw PLH.static      ADJMBEDDHLB         34.1596 -> 34.1714
34613,4 fw PLH.static      CFIMEAFDJFM         30.0111 -> 30.0218
34625,8 fw PLH.static      ADJMBEDDHLB         34.1714 -> 34.1743
34629,9 fw PLH.static      ADJMBEDDHLB         34.1743 -> 34.1867
34629,9 fw PLH.static      CFIMEAFDJFM         30.0218 -> 30.0382
34639,8 fw Controll.static MKFDGFOCKNO         34.1107 -> 34.1607
34639,8 fw Controll.static LEKCBKLAILO         34.1607 -> 34.2107
34639,8 fw Controll.static OFJKHAFJIMA          0.0011 -> 0.0101
34639,8 fw PLH.static      ADJMBEDDHLB         34.1867 -> 34.1908
34639,8 fw PLH.static      CFIMEAFDJFM         30.0382 -> 30.0417
34645,9 fw PLH.static      ADJMBEDDHLB         34.1908 -> 34.2007
34653,9 fw Controll.static GIPNIMALPEG          0.2062 -> 0.0784
34653,9 fw PLH.static      ADJMBEDDHLB         34.2007 -> 34.2069
34653,9 fw PLH.static      CFIMEAFDJFM         30.0417 -> 30.0583
34660,3 fw PLH.static      ADJMBEDDHLB         34.2069 -> 34.2148
34660,3 fw PLH.static      CFIMEAFDJFM         30.0583 -> 30.0654
34668,3 fw PLH.static      ADJMBEDDHLB         34.2148 -> 34.2212
34668,3 fw PLH.static      CFIMEAFDJFM         30.0654 -> 30.0726
34676,1 fw PLH.static      ADJMBEDDHLB         34.2212 -> 34.2292
34681,0 fw Controll.static MKFDGFOCKNO         34.1607 -> 34.2107
34681,0 fw Controll.static LEKCBKLAILO         34.2107 -> 34.2607
34681,0 fw Controll.static OFJKHAFJIMA          0.0101 -> 0.0038
34681,0 fw PLH.static      ADJMBEDDHLB         34.2292 -> 34.237
34693,7 fw PLH.static      ADJMBEDDHLB          34.237 -> 34.2419
34696,6 fw Controll.static GIPNIMALPEG          0.0784 -> 0.933
34696,6 fw PLH.static      ADJMBEDDHLB         34.2419 -> 34.2546
34710,3 fw PLH.static      ADJMBEDDHLB         34.2546 -> 34.2576
34713,1 fw PLH.static      ADJMBEDDHLB         34.2576 -> 34.2712
34725,6 fw PLH.static      ADJMBEDDHLB         34.2712 -> 34.274
34729,8 fw Controll.static MKFDGFOCKNO         34.2107 -> 34.2607
34729,8 fw Controll.static LEKCBKLAILO         34.2607 -> 34.3107
34729,8 fw Controll.static OFJKHAFJIMA          0.0038 -> 0.0101
34729,8 fw PLH.static      ADJMBEDDHLB          34.274 -> 34.2865
34739,0 fw PLH.static      ADJMBEDDHLB         34.2865 -> 34.2907
34744,9 fw Controll.static GIPNIMALPEG           0.933 -> 0.8991
34744,9 fw PLH.static      ADJMBEDDHLB         34.2907 -> 34.2999
34754,6 fw PLH.static      ADJMBEDDHLB         34.2999 -> 34.3058
34760,1 fw PLH.static      ADJMBEDDHLB         34.3058 -> 34.3155
34769,4 fw PLH.static      ADJMBEDDHLB         34.3155 -> 34.321
34775,7 fw Controll.static MKFDGFOCKNO         34.2607 -> 34.3107
34775,7 fw Controll.static LEKCBKLAILO         34.3107 -> 34.3607
34775,7 fw Controll.static OFJKHAFJIMA          0.0101 -> 0.0044
34775,7 fw PLH.static      ADJMBEDDHLB          34.321 -> 34.3303
34783,0 fw PLH.static      ADJMBEDDHLB         34.3303 -> 34.3366
34789,1 fw PLH.static      ADJMBEDDHLB         34.3366 -> 34.3439
34796,5 fw Controll.static GIPNIMALPEG          0.8991 -> 0.931
34796,5 fw PLH.static      ADJMBEDDHLB         34.3439 -> 34.35
34802,4 fw PLH.static      ADJMBEDDHLB           34.35 -> 34.3574
34811,5 fw PLH.static      ADJMBEDDHLB         34.3574 -> 34.3633
34815,9 fw player          APFNBGHAJMD               1 -> 0
34816,0 fw Controll.static MKFDGFOCKNO         34.3107 -> 34.3607
34816,0 fw Controll.static LEKCBKLAILO         34.3607 -> 34.4107
34816,0 fw PLH.static      ADJMBEDDHLB         34.3633 -> 34.374
34816,0 fw PLH.static      CFIMEAFDJFM         30.0726 -> 30.2232
34829,8 fw Controll.static OFJKHAFJIMA          0.0044 -> 0.0022
34829,8 fw PLH.static      ADJMBEDDHLB          34.374 -> 34.3868
34860,6 fw PLH.static      ADJMBEDDHLB         34.3868 -> 34.4174
34860,6 fw PLH.static      CFIMEAFDJFM         30.2232 -> 30.2414
34871,2 fw Controll.static GIPNIMALPEG           0.931 -> 0.4257
34871,3 fw PLH.static      ADJMBEDDHLB         34.4174 -> 34.4216
34871,3 fw PLH.static      CFIMEAFDJFM         30.2414 -> 30.272
34876,8 fw player          APFNBGHAJMD               0 -> 1
34876,9 fw PLH.static      ADJMBEDDHLB         34.4216 -> 34.4322
34876,9 fw PLH.static      CFIMEAFDJFM          30.272 -> 30.283
34885,1 fw PLH.static      ADJMBEDDHLB         34.4322 -> 34.4378
34893,8 fw PLH.static      ADJMBEDDHLB         34.4378 -> 34.446
34897,3 fw Controll.static MKFDGFOCKNO         34.3607 -> 34.4107
34897,3 fw Controll.static LEKCBKLAILO         34.4107 -> 34.4607
34897,3 fw Controll.static OFJKHAFJIMA          0.0022 -> 0.0104
34897,3 fw PLH.static      ADJMBEDDHLB          34.446 -> 34.4548
34897,4 fw PLH.static      CFIMEAFDJFM          30.283 -> 30.3054
34909,7 fw PLH.static      ADJMBEDDHLB         34.4548 -> 34.4583
34909,7 fw PLH.static      CFIMEAFDJFM         30.3054 -> 30.3097
34913,2 fw Controll.static GIPNIMALPEG          0.4257 -> 0.2641
34913,2 fw PLH.static      ADJMBEDDHLB         34.4583 -> 34.4706
34926,3 fw PLH.static      ADJMBEDDHLB         34.4706 -> 34.4741
34926,3 fw PLH.static      CFIMEAFDJFM         30.3097 -> 30.3256
34930,7 fw PLH.static      ADJMBEDDHLB         34.4741 -> 34.4872
34930,7 fw PLH.static      CFIMEAFDJFM         30.3256 -> 30.3385
34942,3 fw PLH.static      ADJMBEDDHLB         34.4872 -> 34.4916
34942,3 fw PLH.static      CFIMEAFDJFM         30.3385 -> 30.3423
34946,2 fw Controll.static MKFDGFOCKNO         34.4107 -> 34.4607
34946,2 fw Controll.static LEKCBKLAILO         34.4607 -> 34.5107
34946,2 fw Controll.static OFJKHAFJIMA          0.0104 -> 0.0095
34946,3 fw PLH.static      ADJMBEDDHLB         34.4916 -> 34.5032
34960,4 fw PLH.static      ADJMBEDDHLB         34.5032 -> 34.5074
34960,4 fw PLH.static      CFIMEAFDJFM         30.3423 -> 30.3586
34963,6 fw Controll.static GIPNIMALPEG          0.2641 -> 0.2728
34963,7 fw PLH.static      ADJMBEDDHLB         34.5074 -> 34.5214
34963,7 fw PLH.static      CFIMEAFDJFM         30.3586 -> 30.3716
34975,8 fw PLH.static      ADJMBEDDHLB         34.5214 -> 34.5246
34975,8 fw PLH.static      CFIMEAFDJFM         30.3716 -> 30.3761
34979,3 fw PLH.static      ADJMBEDDHLB         34.5246 -> 34.5367
34992,5 fw PLH.static      ADJMBEDDHLB         34.5367 -> 34.5401
34995,6 fw Controll.static MKFDGFOCKNO         34.4607 -> 34.5107
34995,6 fw Controll.static LEKCBKLAILO         34.5107 -> 34.5607
34995,6 fw Controll.static OFJKHAFJIMA          0.0095 -> 0.0101
34995,6 fw PLH.static      ADJMBEDDHLB         34.5401 -> 34.5535
34995,6 fw PLH.static      CFIMEAFDJFM         30.3761 -> 30.4041
35009,0 fw PLH.static      ADJMBEDDHLB         34.5535 -> 34.5566
35011,6 fw Controll.static GIPNIMALPEG          0.2728 -> 0.2323
35011,6 fw PLH.static      ADJMBEDDHLB         34.5566 -> 34.5699
35011,6 fw PLH.static      CFIMEAFDJFM         30.4041 -> 30.4205
35022,1 fw PLH.static      ADJMBEDDHLB         34.5699 -> 34.5726
35028,6 fw PLH.static      ADJMBEDDHLB         34.5726 -> 34.583
35035,5 fw PLH.static      ADJMBEDDHLB          34.583 -> 34.5896
35042,7 fw Controll.static MKFDGFOCKNO         34.5107 -> 34.5607
35042,7 fw Controll.static LEKCBKLAILO         34.5607 -> 34.6107
35042,7 fw Controll.static OFJKHAFJIMA          0.0101 -> 0.0088
35042,7 fw PLH.static      ADJMBEDDHLB         34.5896 -> 34.5964
35049,8 fw PLH.static      ADJMBEDDHLB         34.5964 -> 34.6036
35049,8 fw PLH.static      CFIMEAFDJFM         30.4205 -> 30.455
35058,7 fw Controll.static GIPNIMALPEG          0.2323 -> 0.1753
35058,8 fw PLH.static      ADJMBEDDHLB         34.6036 -> 34.6107
35062,4 fw PLH.static      ADJMBEDDHLB         34.6107 -> 34.6197
35062,4 fw PLH.static      CFIMEAFDJFM          30.455 -> 30.4709
35072,5 fw PLH.static      ADJMBEDDHLB         34.6197 -> 34.6233
35078,2 fw PLH.static      ADJMBEDDHLB         34.6233 -> 34.6335
35078,2 fw PLH.static      CFIMEAFDJFM         30.4709 -> 30.484
35085,7 fw Controll.static MKFDGFOCKNO         34.5607 -> 34.6107
35085,7 fw Controll.static LEKCBKLAILO         34.6107 -> 34.6607
35085,7 fw Controll.static OFJKHAFJIMA          0.0088 -> 0.0086
35085,8 fw PLH.static      ADJMBEDDHLB         34.6335 -> 34.6391
35085,8 fw PLH.static      CFIMEAFDJFM          30.484 -> 30.4905
35093,4 fw PLH.static      ADJMBEDDHLB         34.6391 -> 34.6467
35093,4 fw PLH.static      CFIMEAFDJFM         30.4905 -> 30.4981
35098,6 fw PLH.static      ADJMBEDDHLB         34.6467 -> 34.6543
35098,6 fw PLH.static      CFIMEAFDJFM         30.4981 -> 30.5051
35109,4 fw Controll.static GIPNIMALPEG          0.1753 -> 0.1887
35109,5 fw PLH.static      ADJMBEDDHLB         34.6543 -> 34.6595
35113,2 fw PLH.static      ADJMBEDDHLB         34.6595 -> 34.6704
35113,2 fw PLH.static      CFIMEAFDJFM         30.5051 -> 30.5209
35124,4 fw PLH.static      ADJMBEDDHLB         34.6704 -> 34.6742
35124,4 fw PLH.static      CFIMEAFDJFM         30.5209 -> 30.5256
35128,8 fw Controll.static MKFDGFOCKNO         34.6107 -> 34.6607
35128,8 fw Controll.static LEKCBKLAILO         34.6607 -> 34.7107
35128,8 fw PLH.static      ADJMBEDDHLB         34.6742 -> 34.6853
35128,8 fw PLH.static      CFIMEAFDJFM         30.5256 -> 30.5367
35138,1 fw Controll.static OFJKHAFJIMA          0.0086 -> 0.0092
35138,1 fw PLH.static      ADJMBEDDHLB         34.6853 -> 34.6897
35144,5 fw PLH.static      ADJMBEDDHLB         34.6897 -> 34.6991
35144,5 fw PLH.static      CFIMEAFDJFM         30.5367 -> 30.5505
35152,9 fw Controll.static GIPNIMALPEG          0.1887 -> 0.0578
35152,9 fw PLH.static      ADJMBEDDHLB         34.6991 -> 34.7054
35152,9 fw PLH.static      CFIMEAFDJFM         30.5505 -> 30.5567
35158,8 fw PLH.static      ADJMBEDDHLB         34.7054 -> 34.7138
35166,9 fw PLH.static      ADJMBEDDHLB         34.7138 -> 34.7197
35175,3 fw PLH.static      ADJMBEDDHLB         34.7197 -> 34.7278
35175,3 fw PLH.static      CFIMEAFDJFM         30.5567 -> 30.5792
35179,3 fw Controll.static MKFDGFOCKNO         34.6607 -> 34.7107
35179,3 fw Controll.static LEKCBKLAILO         34.7107 -> 34.7607
35179,3 fw Controll.static OFJKHAFJIMA          0.0092 -> 0.0027
35179,4 fw PLH.static      ADJMBEDDHLB         34.7278 -> 34.7362
35179,4 fw PLH.static      CFIMEAFDJFM         30.5792 -> 30.587
35191,9 fw PLH.static      ADJMBEDDHLB         34.7362 -> 34.7403
35195,1 fw Controll.static GIPNIMALPEG          0.0578 -> 0.9033
35195,2 fw PLH.static      ADJMBEDDHLB         34.7403 -> 34.7528
35195,2 fw PLH.static      CFIMEAFDJFM          30.587 -> 30.6036
35208,9 fw PLH.static      ADJMBEDDHLB         34.7528 -> 34.7561
35212,2 fw PLH.static      ADJMBEDDHLB         34.7561 -> 34.7698
35212,2 fw PLH.static      CFIMEAFDJFM         30.6036 -> 30.6202
35224,7 fw PLH.static      ADJMBEDDHLB         34.7698 -> 34.7732
35224,7 fw PLH.static      CFIMEAFDJFM         30.6202 -> 30.6245
35228,7 fw Controll.static MKFDGFOCKNO         34.7107 -> 34.7607
35228,7 fw Controll.static LEKCBKLAILO         34.7607 -> 34.8107
35228,8 fw Controll.static OFJKHAFJIMA          0.0027 -> 0.0085
35228,8 fw PLH.static      ADJMBEDDHLB         34.7732 -> 34.7856
35228,8 fw PLH.static      CFIMEAFDJFM         30.6245 -> 30.637
35238,4 fw PLH.static      ADJMBEDDHLB         34.7856 -> 34.7897
35238,4 fw PLH.static      CFIMEAFDJFM          30.637 -> 30.6406
35244,4 fw Controll.static GIPNIMALPEG          0.9033 -> 0.8874
35244,4 fw PLH.static      ADJMBEDDHLB         34.7897 -> 34.7993
35244,4 fw PLH.static      CFIMEAFDJFM         30.6406 -> 30.6507
35253,8 fw PLH.static      ADJMBEDDHLB         34.7993 -> 34.8053
35253,8 fw PLH.static      CFIMEAFDJFM         30.6507 -> 30.6567
35254,0 SCORE a=5 b=7 clock=340
35259,2 fw PLH.static      ADJMBEDDHLB         34.8053 -> 34.8148
35259,2 fw PLH.static      CFIMEAFDJFM         30.6567 -> 30.6652
35268,9 fw PLH.static      ADJMBEDDHLB         34.8148 -> 34.8201
35268,9 fw HUD.static      CGDKPLKDION               6 -> 7
35268,9 fw HUD.static      GONEFAMEMOJ             345 -> 340
35268,9 fw HUD.static      DIIAFKMNANI         25.6397 -> 30.6652
35275,0 fw Controll.static MKFDGFOCKNO         34.7607 -> 34.8107
35275,0 fw Controll.static LEKCBKLAILO         34.8107 -> 34.8607
35275,0 fw Controll.static OFJKHAFJIMA          0.0085 -> 0.0036
35275,0 fw PLH.static      ADJMBEDDHLB         34.8201 -> 34.8298
35275,0 fw PLH.static      CFIMEAFDJFM         30.6652 -> 30.6805
35282,9 fw PLH.static      ADJMBEDDHLB         34.8298 -> 34.8359
35291,6 fw Controll.static GIPNIMALPEG          0.8874 -> 0.8328
35291,7 fw PLH.static      ADJMBEDDHLB         34.8359 -> 34.8439
35291,7 fw PLH.static      CFIMEAFDJFM         30.6805 -> 30.6953
35295,5 fw PLH.static      ADJMBEDDHLB         34.8439 -> 34.8526
35295,5 fw PLH.static      CFIMEAFDJFM         30.6953 -> 30.7033
35307,7 fw PLH.static      ADJMBEDDHLB         34.8526 -> 34.8564
35311,5 fw PLH.static      ADJMBEDDHLB         34.8564 -> 34.8686
35311,5 fw PLH.static      CFIMEAFDJFM         30.7033 -> 30.7197
35321,2 fw Controll.static MKFDGFOCKNO         34.8107 -> 34.8607
35321,2 fw Controll.static LEKCBKLAILO         34.8607 -> 34.9107
35321,2 fw Controll.static OFJKHAFJIMA          0.0036 -> 0.0074
35321,2 fw PLH.static      ADJMBEDDHLB         34.8686 -> 34.8723
35327,3 fw PLH.static      ADJMBEDDHLB         34.8723 -> 34.8822
35327,3 fw PLH.static      CFIMEAFDJFM         30.7197 -> 30.7336
35335,4 fw Controll.static GIPNIMALPEG          0.8328 -> 0.7082
35335,5 fw PLH.static      ADJMBEDDHLB         34.8822 -> 34.8881
35341,8 fw PLH.static      ADJMBEDDHLB         34.8881 -> 34.8964
35341,8 fw PLH.static      CFIMEAFDJFM         30.7336 -> 30.7472
35350,8 fw PLH.static      ADJMBEDDHLB         34.8964 -> 34.9027
35357,6 fw PLH.static      ADJMBEDDHLB         34.9027 -> 34.9117
35357,6 fw PLH.static      CFIMEAFDJFM         30.7472 -> 30.7623
35364,0 fw Controll.static MKFDGFOCKNO         34.8607 -> 34.9107
35364,0 fw Controll.static LEKCBKLAILO         34.9107 -> 34.9607
35364,1 fw Controll.static OFJKHAFJIMA          0.0074 -> 0.0006
35364,1 fw PLH.static      ADJMBEDDHLB         34.9117 -> 34.9185
35371,1 fw PLH.static      ADJMBEDDHLB         34.9185 -> 34.9272
35371,1 fw PLH.static      CFIMEAFDJFM         30.7623 -> 30.7764
35380,2 fw PLH.static      ADJMBEDDHLB         34.9272 -> 34.9321
35380,2 fw PLH.static      CFIMEAFDJFM         30.7764 -> 30.7826
35385,2 fw Controll.static GIPNIMALPEG          0.7082 -> 0.7047
35385,3 fw PLH.static      ADJMBEDDHLB         34.9321 -> 34.9411
35395,3 fw PLH.static      ADJMBEDDHLB         34.9411 -> 34.9462
35399,9 fw PLH.static      ADJMBEDDHLB         34.9462 -> 34.9562
35399,9 fw PLH.static      CFIMEAFDJFM         30.7826 -> 30.807
35410,6 fw Controll.static MKFDGFOCKNO         34.9107 -> 34.9607
35410,6 fw Controll.static LEKCBKLAILO         34.9607 -> 35.0107
35410,7 fw PLH.static      ADJMBEDDHLB         34.9562 -> 34.9608
35414,4 fw Controll.static OFJKHAFJIMA          0.0006 -> 0.0105
35414,5 fw PLH.static      ADJMBEDDHLB         34.9608 -> 34.9716
35414,5 fw PLH.static      CFIMEAFDJFM          30.807 -> 30.8222
35424,7 fw PLH.static      ADJMBEDDHLB         34.9716 -> 34.9754
35430,4 fw Controll.static GIPNIMALPEG          0.7047 -> 0.6081
35430,5 fw PLH.static      ADJMBEDDHLB         34.9754 -> 34.9856
35430,5 fw PLH.static      CFIMEAFDJFM         30.8222 -> 30.837
35440,3 fw Controll.static DGNDKAKOEPD         3246954 -> 3247941
35440,3 fw Controll.static BEJBLGGGOCC       340828109 -> 340829120
35440,3 fw Controll.static JELGPAKAJPE             122 -> 107
35440,3 fw Controll.static EENJPDHGGGC         33.9876 -> 34.9754
35440,4 fw PLH.static      ADJMBEDDHLB         34.9856 -> 34.9914
35444,0 fw PLH.static      ADJMBEDDHLB         34.9914 -> 35.0013
35444,0 fw PLH.static      CFIMEAFDJFM          30.837 -> 30.8527
35454,8 fw PLH.static      ADJMBEDDHLB         35.0013 -> 35.0049
35459,7 fw Controll.static MKFDGFOCKNO         34.9607 -> 35.0107
35459,7 fw Controll.static LEKCBKLAILO         35.0107 -> 35.0607
35459,7 fw Controll.static OFJKHAFJIMA          0.0105 -> 0.0045
35459,7 fw PLH.static      ADJMBEDDHLB         35.0049 -> 35.0158
35459,7 fw PLH.static      CFIMEAFDJFM         30.8527 -> 30.8662
35468,9 fw PLH.static      ADJMBEDDHLB         35.0158 -> 35.0206
35474,6 fw Controll.static GIPNIMALPEG          0.6081 -> 0.4924
35474,7 fw PLH.static      ADJMBEDDHLB         35.0206 -> 35.0299
35474,7 fw PLH.static      CFIMEAFDJFM         30.8662 -> 30.8805
35483,0 fw PLH.static      ADJMBEDDHLB         35.0299 -> 35.0356
35483,0 fw PLH.static      CFIMEAFDJFM         30.8805 -> 30.887
35491,2 fw PLH.static      ADJMBEDDHLB         35.0356 -> 35.0439
35495,5 fw PLH.static      ADJMBEDDHLB         35.0439 -> 35.0521
35495,5 fw PLH.static      CFIMEAFDJFM          30.887 -> 30.9031
35504,4 fw Controll.static MKFDGFOCKNO         35.0107 -> 35.0607
35504,4 fw Controll.static LEKCBKLAILO         35.0607 -> 35.1107
35504,4 fw Controll.static OFJKHAFJIMA          0.0045 -> 0.0041
35504,4 fw PLH.static      ADJMBEDDHLB         35.0521 -> 35.0564
35510,7 fw PLH.static      ADJMBEDDHLB         35.0564 -> 35.0654
35518,2 fw Controll.static GIPNIMALPEG          0.4924 -> 0.3636
35518,2 fw PLH.static      ADJMBEDDHLB         35.0654 -> 35.0716
35518,2 fw PLH.static      CFIMEAFDJFM         30.9031 -> 30.9226
35525,1 fw PLH.static      ADJMBEDDHLB         35.0716 -> 35.0792
35531,9 fw PLH.static      ADJMBEDDHLB         35.0792 -> 35.086
35540,1 fw PLH.static      ADJMBEDDHLB          35.086 -> 35.0929
35544,4 fw PLH.static      ADJMBEDDHLB         35.0929 -> 35.101
35544,4 fw PLH.static      CFIMEAFDJFM         30.9226 -> 30.9525
35554,1 fw PLH.static      ADJMBEDDHLB          35.101 -> 35.1053
35554,1 fw PLH.static      CFIMEAFDJFM         30.9525 -> 30.9567
35559,3 fw Controll.static GIPNIMALPEG          0.3636 -> 0.186
35559,4 fw PLH.static      ADJMBEDDHLB         35.1053 -> 35.115
35559,4 fw PLH.static      CFIMEAFDJFM         30.9567 -> 30.9657
35567,5 fw PLH.static      ADJMBEDDHLB          35.115 -> 35.1203
35575,1 fw PLH.static      ADJMBEDDHLB         35.1203 -> 35.1284
35575,1 fw PLH.static      CFIMEAFDJFM         30.9657 -> 30.9798
35580,7 fw PLH.static      ADJMBEDDHLB         35.1284 -> 35.136
35590,4 fw Controll.static MKFDGFOCKNO         35.0607 -> 35.1107
35590,4 fw Controll.static LEKCBKLAILO         35.1107 -> 35.1607
35590,4 fw Controll.static OFJKHAFJIMA          0.0041 -> 0.0037
35590,4 fw PLH.static      ADJMBEDDHLB          35.136 -> 35.1416
35594,0 fw PLH.static      ADJMBEDDHLB         35.1416 -> 35.1513
35594,0 fw PLH.static      CFIMEAFDJFM         30.9798 -> 31.0023
35604,1 fw Controll.static GIPNIMALPEG           0.186 -> 0.0825
35604,2 fw PLH.static      ADJMBEDDHLB         35.1513 -> 35.1549
35610,3 fw PLH.static      ADJMBEDDHLB         35.1549 -> 35.1651
35617,6 fw PLH.static      ADJMBEDDHLB         35.1651 -> 35.1713
35617,6 fw PLH.static      CFIMEAFDJFM         31.0023 -> 31.0222
35624,7 fw PLH.static      ADJMBEDDHLB         35.1713 -> 35.1786
35632,5 fw Controll.static MKFDGFOCKNO         35.1107 -> 35.1608
35632,5 fw Controll.static LEKCBKLAILO         35.1607 -> 35.2108
35632,5 fw Controll.static OFJKHAFJIMA          0.0037 -> 0.0039
35632,5 fw PLH.static      ADJMBEDDHLB         35.1786 -> 35.1857
35632,5 fw PLH.static      CFIMEAFDJFM         31.0222 -> 31.0371
35637,2 fw PLH.static      ADJMBEDDHLB         35.1857 -> 35.1934
35646,5 fw PLH.static      ADJMBEDDHLB         35.1934 -> 35.1982
35646,5 fw PLH.static      CFIMEAFDJFM         31.0371 -> 31.0496
35651,8 fw Controll.static GIPNIMALPEG          0.0825 -> 0.0362
35651,9 fw PLH.static      ADJMBEDDHLB         35.1982 -> 35.2074
35660,5 fw PLH.static      ADJMBEDDHLB         35.2074 -> 35.2129
35660,5 fw PLH.static      CFIMEAFDJFM         31.0496 -> 31.0637
35665,5 fw PLH.static      ADJMBEDDHLB         35.2129 -> 35.2214
35665,5 fw PLH.static      CFIMEAFDJFM         31.0637 -> 31.0729
35674,6 fw Controll.static MKFDGFOCKNO         35.1608 -> 35.2108
35674,6 fw Controll.static LEKCBKLAILO         35.2108 -> 35.2608
35674,6 fw PLH.static      ADJMBEDDHLB         35.2214 -> 35.2264
35674,6 fw PLH.static      CFIMEAFDJFM         31.0729 -> 31.0778
35678,9 fw Controll.static OFJKHAFJIMA          0.0039 -> 0.0016
35678,9 fw PLH.static      ADJMBEDDHLB         35.2264 -> 35.2355
35690,2 fw PLH.static      ADJMBEDDHLB         35.2355 -> 35.2398
35690,3 fw PLH.static      CFIMEAFDJFM         31.0778 -> 31.0913
35693,6 fw Controll.static GIPNIMALPEG          0.0362 -> 0.8721
35693,7 fw PLH.static      ADJMBEDDHLB         35.2398 -> 35.2512
35693,7 fw PLH.static      CFIMEAFDJFM         31.0913 -> 31.102
35706,5 fw PLH.static      ADJMBEDDHLB         35.2512 -> 35.2546
35709,8 fw PLH.static      ADJMBEDDHLB         35.2546 -> 35.2676
35719,8 fw PLH.static      ADJMBEDDHLB         35.2676 -> 35.2707
35719,9 fw PLH.static      CFIMEAFDJFM          31.102 -> 31.1219
35725,9 fw Controll.static MKFDGFOCKNO         35.2108 -> 35.2608
35725,9 fw Controll.static LEKCBKLAILO         35.2608 -> 35.3108
35726,0 fw Controll.static OFJKHAFJIMA          0.0016 -> 0.0062
35726,0 fw PLH.static      ADJMBEDDHLB         35.2707 -> 35.2808
35726,0 fw PLH.static      CFIMEAFDJFM         31.1219 -> 31.1322
35734,0 fw PLH.static      ADJMBEDDHLB         35.2808 -> 35.2869
35740,6 fw Controll.static GIPNIMALPEG          0.8721 -> 0.8107
35740,6 fw PLH.static      ADJMBEDDHLB         35.2869 -> 35.2949
35740,6 fw PLH.static      CFIMEAFDJFM         31.1322 -> 31.1458
35747,6 fw PLH.static      ADJMBEDDHLB         35.2949 -> 35.3015
35747,6 fw PLH.static      CFIMEAFDJFM         31.1458 -> 31.1529
35757,1 fw PLH.static      ADJMBEDDHLB         35.3015 -> 35.3085
35757,1 fw PLH.static      CFIMEAFDJFM         31.1529 -> 31.16
35760,1 fw PLH.static      ADJMBEDDHLB         35.3085 -> 35.318
35760,1 fw PLH.static      CFIMEAFDJFM           31.16 -> 31.1688
35773,2 fw Controll.static MKFDGFOCKNO         35.2608 -> 35.3108
35773,2 fw Controll.static LEKCBKLAILO         35.3108 -> 35.3608
35773,2 fw Controll.static OFJKHAFJIMA          0.0062 -> 0.0069
35773,3 fw PLH.static      ADJMBEDDHLB          35.318 -> 35.321
35776,8 fw PLH.static      ADJMBEDDHLB          35.321 -> 35.3343
35776,8 fw PLH.static      CFIMEAFDJFM         31.1688 -> 31.1851
35786,9 fw Controll.static GIPNIMALPEG          0.8107 -> 0.7382
35787,0 fw PLH.static      ADJMBEDDHLB         35.3343 -> 35.3377
35793,5 fw PLH.static      ADJMBEDDHLB         35.3377 -> 35.3479
35800,9 fw PLH.static      ADJMBEDDHLB         35.3479 -> 35.3544
35800,9 fw PLH.static      CFIMEAFDJFM         31.1851 -> 31.2055
35807,5 fw PLH.static      ADJMBEDDHLB         35.3544 -> 35.3618
35814,8 fw Controll.static MKFDGFOCKNO         35.3108 -> 35.3608
35814,8 fw Controll.static LEKCBKLAILO         35.3608 -> 35.4108
35814,8 fw Controll.static OFJKHAFJIMA          0.0069 -> 0.0006
35814,8 fw PLH.static      ADJMBEDDHLB         35.3618 -> 35.3684
35822,7 fw PLH.static      ADJMBEDDHLB         35.3684 -> 35.3757
35826,8 fw Controll.static GIPNIMALPEG          0.7382 -> 0.5361
35826,9 fw PLH.static      ADJMBEDDHLB         35.3757 -> 35.3836
35826,9 fw PLH.static      CFIMEAFDJFM         31.2055 -> 31.235
35836,5 fw PLH.static      ADJMBEDDHLB         35.3836 -> 35.3878
35836,5 fw PLH.static      CFIMEAFDJFM          31.235 -> 31.2393
35841,8 fw PLH.static      ADJMBEDDHLB         35.3878 -> 35.3974
35841,8 fw PLH.static      CFIMEAFDJFM         31.2393 -> 31.2484
35851,0 fw PLH.static      ADJMBEDDHLB         35.3974 -> 35.4027
35856,9 fw Controll.static MKFDGFOCKNO         35.3608 -> 35.4108
35856,9 fw Controll.static LEKCBKLAILO         35.4108 -> 35.4608
35857,0 fw PLH.static      ADJMBEDDHLB         35.4027 -> 35.4119
35863,9 fw PLH.static      ADJMBEDDHLB         35.4119 -> 35.4179
35870,3 fw Controll.static GIPNIMALPEG          0.5361 -> 0.4055
35870,4 fw PLH.static      ADJMBEDDHLB         35.4179 -> 35.425
35870,4 fw PLH.static      CFIMEAFDJFM         31.2484 -> 31.2762
35877,8 fw PLH.static      ADJMBEDDHLB          35.425 -> 35.4312
35877,8 fw PLH.static      CFIMEAFDJFM         31.2762 -> 31.2823
35883,5 fw PLH.static      ADJMBEDDHLB         35.4312 -> 35.4387
35891,4 fw PLH.static      ADJMBEDDHLB         35.4387 -> 35.4444
35891,4 fw PLH.static      CFIMEAFDJFM         31.2823 -> 31.2957
35896,1 fw PLH.static      ADJMBEDDHLB         35.4444 -> 35.4523
35896,1 fw PLH.static      CFIMEAFDJFM         31.2957 -> 31.3035
35906,0 fw PLH.static      ADJMBEDDHLB         35.4523 -> 35.457
35906,0 fw PLH.static      CFIMEAFDJFM         31.3035 -> 31.3084
35910,6 fw PLH.static      ADJMBEDDHLB          35.457 -> 35.467
35910,6 fw PLH.static      CFIMEAFDJFM         31.3084 -> 31.3181
35922,5 fw Controll.static GIPNIMALPEG          0.4055 -> 0.4492
35922,6 fw PLH.static      ADJMBEDDHLB          35.467 -> 35.4715
35926,3 fw PLH.static      ADJMBEDDHLB         35.4715 -> 35.4834
35936,0 fw PLH.static      ADJMBEDDHLB         35.4834 -> 35.4872
35941,4 fw Controll.static MKFDGFOCKNO         35.4108 -> 35.4608
35941,4 fw Controll.static LEKCBKLAILO         35.4608 -> 35.5108
35941,4 fw PLH.static      ADJMBEDDHLB         35.4872 -> 35.497
35941,4 fw PLH.static      CFIMEAFDJFM         31.3181 -> 31.348
35949,6 fw Controll.static OFJKHAFJIMA          0.0006 -> 0.0057
35949,7 fw PLH.static      ADJMBEDDHLB          35.497 -> 35.5023
35956,6 fw PLH.static      ADJMBEDDHLB         35.5023 -> 35.5106
35962,8 fw Controll.static GIPNIMALPEG          0.4492 -> 0.2545
35962,8 fw PLH.static      ADJMBEDDHLB         35.5106 -> 35.5175
35962,8 fw PLH.static      CFIMEAFDJFM          31.348 -> 31.3687
35972,7 fw PLH.static      ADJMBEDDHLB         35.5175 -> 35.5237
35975,3 fw PLH.static      ADJMBEDDHLB         35.5237 -> 35.5336
35975,3 fw PLH.static      CFIMEAFDJFM         31.3687 -> 31.3846
35985,7 fw PLH.static      ADJMBEDDHLB         35.5336 -> 35.5362
35991,9 fw Controll.static MKFDGFOCKNO         35.4608 -> 35.5108
35991,9 fw Controll.static LEKCBKLAILO         35.5108 -> 35.5608
35991,9 fw Controll.static OFJKHAFJIMA          0.0057 -> 0.0063
35992,0 fw PLH.static      ADJMBEDDHLB         35.5362 -> 35.5466
35992,0 fw PLH.static      CFIMEAFDJFM         31.3846 -> 31.3981
35999,1 fw PLH.static      ADJMBEDDHLB         35.5466 -> 35.5529
36006,6 fw Controll.static GIPNIMALPEG          0.2545 -> 0.13
36006,6 fw PLH.static      ADJMBEDDHLB         35.5529 -> 35.56
36011,7 fw PLH.static      ADJMBEDDHLB           35.56 -> 35.5675
36011,7 fw PLH.static      CFIMEAFDJFM         31.3981 -> 31.4187
36022,8 fw PLH.static      ADJMBEDDHLB         35.5675 -> 35.5726
36025,5 fw PLH.static      ADJMBEDDHLB         35.5726 -> 35.5837
36025,5 fw PLH.static      CFIMEAFDJFM         31.4187 -> 31.435
36036,4 fw Controll.static MKFDGFOCKNO         35.5108 -> 35.5608
36036,4 fw Controll.static LEKCBKLAILO         35.5608 -> 35.6108
36036,4 fw PLH.static      ADJMBEDDHLB         35.5837 -> 35.5864
36042,0 fw PLH.static      ADJMBEDDHLB         35.5864 -> 35.5974
36042,0 fw PLH.static      CFIMEAFDJFM          31.435 -> 31.4484
36050,8 fw Controll.static GIPNIMALPEG            0.13 -> 0.0141
36050,8 fw PLH.static      ADJMBEDDHLB         35.5974 -> 35.6029
36056,5 fw PLH.static      ADJMBEDDHLB         35.6029 -> 35.6117
36056,6 fw PLH.static      CFIMEAFDJFM         31.4484 -> 31.4625
36064,3 fw PLH.static      ADJMBEDDHLB         35.6117 -> 35.6175
36072,7 fw PLH.static      ADJMBEDDHLB         35.6175 -> 35.6252
36072,7 fw PLH.static      CFIMEAFDJFM         31.4625 -> 31.4767
36076,4 fw Controll.static MKFDGFOCKNO         35.5608 -> 35.6108
36076,4 fw Controll.static LEKCBKLAILO         35.6108 -> 35.6608
36076,4 fw Controll.static OFJKHAFJIMA          0.0063 -> 0.0005
36076,4 fw PLH.static      ADJMBEDDHLB         35.6252 -> 35.6336
36076,4 fw PLH.static      CFIMEAFDJFM         31.4767 -> 31.4846
36085,9 fw PLH.static      ADJMBEDDHLB         35.6336 -> 35.6373
36085,9 fw PLH.static      CFIMEAFDJFM         31.4846 -> 31.4888
36092,4 fw Controll.static GIPNIMALPEG          0.0141 -> 0.8469
36092,4 fw PLH.static      ADJMBEDDHLB         35.6373 -> 35.6468
36092,5 fw PLH.static      CFIMEAFDJFM         31.4888 -> 31.4983
36099,6 fw PLH.static      ADJMBEDDHLB         35.6468 -> 35.6534
36106,9 fw PLH.static      ADJMBEDDHLB         35.6534 -> 35.6605
36106,9 fw PLH.static      CFIMEAFDJFM         31.4983 -> 31.5119
36113,7 fw PLH.static      ADJMBEDDHLB         35.6605 -> 35.6678
36113,8 fw PLH.static      CFIMEAFDJFM         31.5119 -> 31.5192
36121,7 fw Controll.static MKFDGFOCKNO         35.6108 -> 35.6608
36121,7 fw Controll.static LEKCBKLAILO         35.6608 -> 35.7108
36121,7 fw Controll.static OFJKHAFJIMA          0.0005 -> 0.0067
36121,8 fw PLH.static      ADJMBEDDHLB         35.6678 -> 35.6747
36121,8 fw PLH.static      CFIMEAFDJFM         31.5192 -> 31.5257
36125,5 fw PLH.static      ADJMBEDDHLB         35.6747 -> 35.6827
36125,5 fw PLH.static      CFIMEAFDJFM         31.5257 -> 31.5341
36134,8 fw Controll.static GIPNIMALPEG          0.8469 -> 0.6951
36134,9 fw PLH.static      ADJMBEDDHLB         35.6827 -> 35.6864
36134,9 fw PLH.static      CFIMEAFDJFM         31.5341 -> 31.5378
36140,7 fw PLH.static      ADJMBEDDHLB         35.6864 -> 35.6958
36140,7 fw PLH.static      CFIMEAFDJFM         31.5378 -> 31.5468
36148,8 fw PLH.static      ADJMBEDDHLB         35.6958 -> 35.7016
36155,6 fw PLH.static      ADJMBEDDHLB         35.7016 -> 35.7098
36155,6 fw PLH.static      CFIMEAFDJFM         31.5468 -> 31.5608
36161,3 fw Controll.static MKFDGFOCKNO         35.6608 -> 35.7108
36161,3 fw Controll.static LEKCBKLAILO         35.7108 -> 35.7608
36161,3 fw Controll.static OFJKHAFJIMA          0.0067 -> 0.0052
36161,3 fw PLH.static      ADJMBEDDHLB         35.7098 -> 35.7165
36172,5 fw PLH.static      ADJMBEDDHLB         35.7165 -> 35.7222
36172,5 fw PLH.static      CFIMEAFDJFM         31.5608 -> 31.5737
36175,1 fw PLH.static      ADJMBEDDHLB         35.7222 -> 35.7335
36175,1 fw PLH.static      CFIMEAFDJFM         31.5737 -> 31.5844
36188,6 fw Controll.static GIPNIMALPEG          0.6951 -> 0.7711
36188,7 fw PLH.static      ADJMBEDDHLB         35.7335 -> 35.736
36192,0 fw PLH.static      ADJMBEDDHLB          35.736 -> 35.7496
36192,0 fw PLH.static      CFIMEAFDJFM         31.5844 -> 31.6006
36202,6 fw PLH.static      ADJMBEDDHLB         35.7496 -> 35.753
36208,8 fw Controll.static MKFDGFOCKNO         35.7108 -> 35.7608
36208,8 fw Controll.static LEKCBKLAILO         35.7608 -> 35.8108
36208,8 fw PLH.static      ADJMBEDDHLB          35.753 -> 35.7646
36208,8 fw PLH.static      CFIMEAFDJFM         31.6006 -> 31.6148
36216,7 fw Controll.static OFJKHAFJIMA          0.0052 -> 0.0023
36216,7 fw PLH.static      ADJMBEDDHLB         35.7646 -> 35.7697
36216,7 fw PLH.static      CFIMEAFDJFM         31.6148 -> 31.6207
36222,9 fw PLH.static      ADJMBEDDHLB         35.7697 -> 35.7776
36230,3 fw Controll.static GIPNIMALPEG          0.7711 -> 0.6048
36230,4 fw PLH.static      ADJMBEDDHLB         35.7776 -> 35.7838
36238,2 fw PLH.static      ADJMBEDDHLB         35.7838 -> 35.7913
36238,2 fw PLH.static      CFIMEAFDJFM         31.6207 -> 31.6423
36242,8 fw PLH.static      ADJMBEDDHLB         35.7913 -> 35.7991
36251,8 fw PLH.static      ADJMBEDDHLB         35.7991 -> 35.8037
36251,8 fw PLH.static      CFIMEAFDJFM         31.6423 -> 31.6552
36257,0 fw Controll.static MKFDGFOCKNO         35.7608 -> 35.8108
36257,0 fw Controll.static LEKCBKLAILO         35.8108 -> 35.8608
36257,0 fw Controll.static OFJKHAFJIMA          0.0023 -> 0.0014
36257,0 fw PLH.static      ADJMBEDDHLB         35.8037 -> 35.8128
36257,0 fw PLH.static      CFIMEAFDJFM         31.6552 -> 31.6634
36265,2 fw PLH.static      ADJMBEDDHLB         35.8128 -> 35.8179
36272,8 fw Controll.static GIPNIMALPEG          0.6048 -> 0.4536
36272,8 fw PLH.static      ADJMBEDDHLB         35.8179 -> 35.8261
36272,8 fw PLH.static      CFIMEAFDJFM         31.6634 -> 31.6775
36278,4 fw PLH.static      ADJMBEDDHLB         35.8261 -> 35.8337
36288,6 fw PLH.static      ADJMBEDDHLB         35.8337 -> 35.8393
36291,5 fw PLH.static      ADJMBEDDHLB         35.8393 -> 35.8495
36291,5 fw PLH.static      CFIMEAFDJFM         31.6775 -> 31.7005
36305,2 fw Controll.static MKFDGFOCKNO         35.8108 -> 35.8608
36305,2 fw Controll.static LEKCBKLAILO         35.8608 -> 35.9108
36305,2 fw Controll.static OFJKHAFJIMA          0.0014 -> 0.0049
36305,2 fw PLH.static      ADJMBEDDHLB         35.8495 -> 35.8524
36308,2 fw PLH.static      ADJMBEDDHLB         35.8524 -> 35.8661
36308,2 fw PLH.static      CFIMEAFDJFM         31.7005 -> 31.7173
36318,1 fw Controll.static GIPNIMALPEG          0.4536 -> 0.3613
36318,2 fw PLH.static      ADJMBEDDHLB         35.8661 -> 35.8691
36318,2 fw PLH.static      CFIMEAFDJFM         31.7173 -> 31.7202
36324,7 fw PLH.static      ADJMBEDDHLB         35.8691 -> 35.8791
36331,7 fw PLH.static      ADJMBEDDHLB         35.8791 -> 35.8856
36338,1 fw PLH.static      ADJMBEDDHLB         35.8856 -> 35.8926
36338,1 fw PLH.static      CFIMEAFDJFM         31.7202 -> 31.7436
36345,6 fw PLH.static      ADJMBEDDHLB         35.8926 -> 35.899
36355,7 fw PLH.static      ADJMBEDDHLB          35.899 -> 35.9065
36355,7 fw PLH.static      CFIMEAFDJFM         31.7436 -> 31.7579
36358,3 fw Controll.static GIPNIMALPEG          0.3613 -> 0.1637
36358,3 fw PLH.static      ADJMBEDDHLB         35.9065 -> 35.9166
36358,3 fw PLH.static      CFIMEAFDJFM         31.7579 -> 31.7673
36371,9 fw PLH.static      ADJMBEDDHLB         35.9166 -> 35.9192
36371,9 fw PLH.static      CFIMEAFDJFM         31.7673 -> 31.7707
36374,8 fw PLH.static      ADJMBEDDHLB         35.9192 -> 35.9329
36385,1 fw PLH.static      ADJMBEDDHLB         35.9329 -> 35.9357
36391,5 fw Controll.static MKFDGFOCKNO         35.8608 -> 35.9108
36391,5 fw Controll.static LEKCBKLAILO         35.9108 -> 35.9608
36391,5 fw Controll.static OFJKHAFJIMA          0.0049 -> 0.0053
36391,5 fw PLH.static      ADJMBEDDHLB         35.9357 -> 35.946
36398,4 fw PLH.static      ADJMBEDDHLB          35.946 -> 35.9525
36398,4 fw PLH.static      CFIMEAFDJFM         31.7707 -> 31.8034
36405,6 fw Controll.static GIPNIMALPEG          0.1637 -> 0.1105
36405,6 fw PLH.static      ADJMBEDDHLB         35.9525 -> 35.9593
36405,6 fw PLH.static      CFIMEAFDJFM         31.8034 -> 31.8108
36411,4 fw PLH.static      ADJMBEDDHLB         35.9593 -> 35.9665
36411,4 fw PLH.static      CFIMEAFDJFM         31.8108 -> 31.8178
36421,1 fw Controll.static DGNDKAKOEPD         3247941 -> 3248938
36421,1 fw Controll.static BEJBLGGGOCC       340829120 -> 340830122
36421,1 fw Controll.static JELGPAKAJPE             107 -> 106
36421,1 fw Controll.static EENJPDHGGGC         34.9754 -> 35.9723
36421,1 fw PLH.static      ADJMBEDDHLB         35.9665 -> 35.9723
36424,1 fw PLH.static      ADJMBEDDHLB         35.9723 -> 35.982
36424,1 fw PLH.static      CFIMEAFDJFM         31.8178 -> 31.8335
36434,9 fw Controll.static MKFDGFOCKNO         35.9108 -> 35.9608
36434,9 fw Controll.static LEKCBKLAILO         35.9608 -> 36.0108
36435,0 fw PLH.static      ADJMBEDDHLB          35.982 -> 35.985
36440,1 fw PLH.static      ADJMBEDDHLB          35.985 -> 35.9959
36440,1 fw PLH.static      CFIMEAFDJFM         31.8335 -> 31.8468
36448,4 fw PLH.static      ADJMBEDDHLB         35.9959 -> 36.001
36455,3 fw Controll.static GIPNIMALPEG          0.1105 -> 0.1046
36455,4 fw PLH.static      ADJMBEDDHLB          36.001 -> 36.0093
36462,4 fw PLH.static      ADJMBEDDHLB         36.0093 -> 36.0163
36462,5 fw PLH.static      CFIMEAFDJFM         31.8468 -> 31.8675
36469,0 fw PLH.static      ADJMBEDDHLB         36.0163 -> 36.0234
36469,0 fw PLH.static      CFIMEAFDJFM         31.8675 -> 31.8748
36475,0 fw Controll.static MKFDGFOCKNO         35.9608 -> 36.0108
36475,0 fw Controll.static LEKCBKLAILO         36.0108 -> 36.0608
36475,1 fw PLH.static      ADJMBEDDHLB         36.0234 -> 36.0299
36482,3 fw Controll.static OFJKHAFJIMA          0.0053 -> 0.005
36482,4 fw PLH.static      ADJMBEDDHLB         36.0299 -> 36.036
36490,0 fw PLH.static      ADJMBEDDHLB          36.036 -> 36.0433
36494,8 fw Controll.static GIPNIMALPEG          0.1046 -> 0.8937
36494,8 fw PLH.static      ADJMBEDDHLB         36.0433 -> 36.0509
36494,8 fw PLH.static      CFIMEAFDJFM         31.8748 -> 31.9019
36504,6 fw PLH.static      ADJMBEDDHLB         36.0509 -> 36.0558
36509,0 fw PLH.static      ADJMBEDDHLB         36.0558 -> 36.0655
36509,0 fw PLH.static      CFIMEAFDJFM         31.9019 -> 31.9167
36517,7 fw PLH.static      ADJMBEDDHLB         36.0655 -> 36.0699
36523,8 fw Controll.static MKFDGFOCKNO         36.0108 -> 36.0608
36523,9 fw Controll.static LEKCBKLAILO         36.0608 -> 36.1108
36523,9 fw Controll.static OFJKHAFJIMA           0.005 -> 0.0043
36523,9 fw PLH.static      ADJMBEDDHLB         36.0699 -> 36.0786
36523,9 fw PLH.static      CFIMEAFDJFM         31.9167 -> 31.93
36531,6 fw PLH.static      ADJMBEDDHLB         36.0786 -> 36.0848
36538,3 fw Controll.static GIPNIMALPEG          0.8937 -> 0.7646
36538,4 fw PLH.static      ADJMBEDDHLB         36.0848 -> 36.0926
36538,4 fw PLH.static      CFIMEAFDJFM           31.93 -> 31.9436
36544,4 fw PLH.static      ADJMBEDDHLB         36.0926 -> 36.0993
36544,4 fw PLH.static      CFIMEAFDJFM         31.9436 -> 31.9507
36554,3 fw PLH.static      ADJMBEDDHLB         36.0993 -> 36.1052
36557,3 fw PLH.static      ADJMBEDDHLB         36.1052 -> 36.1152
36557,3 fw PLH.static      CFIMEAFDJFM         31.9507 -> 31.9661
36568,6 fw Controll.static MKFDGFOCKNO         36.0608 -> 36.1108
36568,6 fw Controll.static LEKCBKLAILO         36.1108 -> 36.1608
36568,6 fw Controll.static OFJKHAFJIMA          0.0043 -> 0.004
36568,7 fw PLH.static      ADJMBEDDHLB         36.1152 -> 36.1182
36574,2 fw PLH.static      ADJMBEDDHLB         36.1182 -> 36.1297
36574,2 fw PLH.static      CFIMEAFDJFM         31.9661 -> 31.9804
36581,8 fw Controll.static GIPNIMALPEG          0.7646 -> 0.6335
36581,8 fw PLH.static      ADJMBEDDHLB         36.1297 -> 36.1351
36589,9 fw PLH.static      ADJMBEDDHLB         36.1351 -> 36.1427
36594,3 fw PLH.static      ADJMBEDDHLB         36.1427 -> 36.1516
36594,3 fw PLH.static      CFIMEAFDJFM         31.9804 -> 32.0011
36604,6 fw PLH.static      ADJMBEDDHLB         36.1516 -> 36.1552
36604,6 fw PLH.static      CFIMEAFDJFM         32.0011 -> 32.0066
36618,1 fw Controll.static MKFDGFOCKNO         36.1108 -> 36.1608
36618,1 fw Controll.static LEKCBKLAILO         36.1608 -> 36.2108
36618,1 fw Controll.static OFJKHAFJIMA           0.004 -> 0.0043
36618,1 fw PLH.static      ADJMBEDDHLB         36.1552 -> 36.1655
36624,6 fw PLH.static      ADJMBEDDHLB         36.1655 -> 36.1791
36624,6 fw PLH.static      CFIMEAFDJFM         32.0066 -> 32.0218
36634,9 fw Controll.static GIPNIMALPEG          0.6335 -> 0.6926
36635,0 fw PLH.static      ADJMBEDDHLB         36.1791 -> 36.1859
36635,0 fw PLH.static      CFIMEAFDJFM         32.0218 -> 32.0331
36641,2 # net: TcpClient.Connected = True
36641,3 fw PLH.static      ADJMBEDDHLB         36.1859 -> 36.196
36649,5 fw PLH.static      ADJMBEDDHLB          36.196 -> 36.2022
36649,5 fw PLH.static      CFIMEAFDJFM         32.0331 -> 32.0536
36657,3 fw PLH.static      ADJMBEDDHLB         36.2022 -> 36.2106
36657,3 fw PLH.static      CFIMEAFDJFM         32.0536 -> 32.0614
36664,9 fw Controll.static MKFDGFOCKNO         36.1608 -> 36.2109
36664,9 fw Controll.static LEKCBKLAILO         36.2108 -> 36.2609
36664,9 fw Controll.static OFJKHAFJIMA          0.0043 -> 0.007
36664,9 fw PLH.static      ADJMBEDDHLB         36.2106 -> 36.2183
36664,9 fw PLH.static      CFIMEAFDJFM         32.0614 -> 32.0682
36672,9 fw PLH.static      ADJMBEDDHLB         36.2183 -> 36.2258
36677,9 fw Controll.static GIPNIMALPEG          0.6926 -> 0.5564
36678,0 fw PLH.static      ADJMBEDDHLB         36.2258 -> 36.2338
36678,0 fw PLH.static      CFIMEAFDJFM         32.0682 -> 32.0841
36688,5 fw PLH.static      ADJMBEDDHLB         36.2338 -> 36.2389
36691,4 fw PLH.static      ADJMBEDDHLB         36.2389 -> 36.2494
36691,4 fw PLH.static      CFIMEAFDJFM         32.0841 -> 32.1003
36706,4 fw PLH.static      ADJMBEDDHLB         36.2494 -> 36.2523
36710,8 fw Controll.static MKFDGFOCKNO         36.2109 -> 36.2609
36710,8 fw Controll.static LEKCBKLAILO         36.2609 -> 36.3109
36710,8 fw Controll.static OFJKHAFJIMA           0.007 -> 0.0059
36710,8 fw PLH.static      ADJMBEDDHLB         36.2523 -> 36.2675
36710,8 fw PLH.static      CFIMEAFDJFM         32.1003 -> 32.1184
36722,0 fw PLH.static      ADJMBEDDHLB         36.2675 -> 36.2717
36726,9 fw PLH.static      ADJMBEDDHLB         36.2717 -> 36.2829
36726,9 fw PLH.static      CFIMEAFDJFM         32.1184 -> 32.1344
36739,8 fw Controll.static GIPNIMALPEG          0.5564 -> 0.7927
36739,8 fw PLH.static      ADJMBEDDHLB         36.2829 -> 36.2879
36742,4 fw PLH.static      ADJMBEDDHLB         36.2879 -> 36.3008
36758,1 fw PLH.static      ADJMBEDDHLB         36.3008 -> 36.3034
36763,4 fw Controll.static MKFDGFOCKNO         36.2609 -> 36.3109
36763,4 fw Controll.static LEKCBKLAILO         36.3109 -> 36.3609
36763,5 fw PLH.static      ADJMBEDDHLB         36.3034 -> 36.3205
36763,5 fw PLH.static      CFIMEAFDJFM         32.1344 -> 32.166
36813,3 fw Controll.static OFJKHAFJIMA          0.0059 -> 0.0128
36813,4 fw PLH.static      ADJMBEDDHLB         36.3205 -> 36.3244
36819,4 fw PLH.static      ADJMBEDDHLB         36.3244 -> 36.3743
36819,4 fw PLH.static      CFIMEAFDJFM          32.166 -> 32.2207
36828,4 fw Controll.static GIPNIMALPEG          0.7927 -> 0.5656
36828,5 fw PLH.static      ADJMBEDDHLB         36.3743 -> 36.3805
36828,5 fw PLH.static      CFIMEAFDJFM         32.2207 -> 32.2299
36834,4 fw PLH.static      ADJMBEDDHLB         36.3805 -> 36.3895
36845,5 fw PLH.static      ADJMBEDDHLB         36.3895 -> 36.3954
36852,7 fw PLH.static      ADJMBEDDHLB         36.3954 -> 36.4065
36852,7 fw PLH.static      CFIMEAFDJFM         32.2299 -> 32.2578
36859,6 fw Controll.static MKFDGFOCKNO         36.3109 -> 36.4109
36859,6 fw Controll.static LEKCBKLAILO         36.3609 -> 36.4609
36859,7 fw Controll.static OFJKHAFJIMA          0.0128 -> 0.002
36859,8 fw PLH.static      ADJMBEDDHLB         36.4065 -> 36.4136
36868,3 fw PLH.static      ADJMBEDDHLB         36.4136 -> 36.421
36868,3 fw PLH.static      CFIMEAFDJFM         32.2578 -> 32.2717
36883,3 fw Controll.static GIPNIMALPEG          0.5656 -> 0.6626
36883,5 fw PLH.static      ADJMBEDDHLB          36.421 -> 36.4292
36888,3 fw PLH.static      ADJMBEDDHLB         36.4292 -> 36.445
36888,3 fw PLH.static      CFIMEAFDJFM         32.2717 -> 32.2939
36898,6 fw PLH.static      ADJMBEDDHLB          36.445 -> 36.4494
36898,6 fw PLH.static      CFIMEAFDJFM         32.2939 -> 32.3002
36905,4 fw PLH.static      ADJMBEDDHLB         36.4494 -> 36.4597
36905,4 fw PLH.static      CFIMEAFDJFM         32.3002 -> 32.3107
36916,3 fw Controll.static MKFDGFOCKNO         36.4109 -> 36.4609
36916,3 fw Controll.static LEKCBKLAILO         36.4609 -> 36.5109
36916,3 fw Controll.static OFJKHAFJIMA           0.002 -> 0.0049
36916,3 fw PLH.static      ADJMBEDDHLB         36.4597 -> 36.4663
36916,3 fw PLH.static      CFIMEAFDJFM         32.3107 -> 32.3173
36921,2 fw PLH.static      ADJMBEDDHLB         36.4663 -> 36.4773
36921,2 fw PLH.static      CFIMEAFDJFM         32.3173 -> 32.328
36930,4 fw Controll.static GIPNIMALPEG          0.6626 -> 0.6047
36930,5 fw PLH.static      ADJMBEDDHLB         36.4773 -> 36.4822
36943,0 fw PLH.static      ADJMBEDDHLB         36.4822 -> 36.4919
36943,0 fw PLH.static      CFIMEAFDJFM          32.328 -> 32.3422
36946,6 fw PLH.static      ADJMBEDDHLB         36.4919 -> 36.504
36946,6 fw PLH.static      CFIMEAFDJFM         32.3422 -> 32.3552
36960,9 fw PLH.static      ADJMBEDDHLB          36.504 -> 36.5075
36967,4 fw Controll.static MKFDGFOCKNO         36.4609 -> 36.5109
36967,4 fw Controll.static LEKCBKLAILO         36.5109 -> 36.5609
36967,4 fw Controll.static OFJKHAFJIMA          0.0049 -> 0.0106
36967,4 fw PLH.static      ADJMBEDDHLB         36.5075 -> 36.5219
36967,4 fw PLH.static      CFIMEAFDJFM         32.3552 -> 32.3728
36980,9 fw PLH.static      ADJMBEDDHLB         36.5219 -> 36.5284
36980,9 fw PLH.static      CFIMEAFDJFM         32.3728 -> 32.3798
36993,4 fw Controll.static GIPNIMALPEG          0.6047 -> 0.8648
36993,5 fw PLH.static      ADJMBEDDHLB         36.5284 -> 36.542
36993,5 fw PLH.static      CFIMEAFDJFM         32.3798 -> 32.3926
36997,9 fw PLH.static      ADJMBEDDHLB          36.542 -> 36.5544
36997,9 fw PLH.static      CFIMEAFDJFM         32.3926 -> 32.4053
37009,6 fw PLH.static      ADJMBEDDHLB         36.5544 -> 36.5588
37016,6 fw PLH.static      ADJMBEDDHLB         36.5588 -> 36.5706
37016,6 fw PLH.static      CFIMEAFDJFM         32.4053 -> 32.4211
37024,5 fw Controll.static MKFDGFOCKNO         36.5109 -> 36.5609
37024,5 fw Controll.static LEKCBKLAILO         36.5609 -> 36.6109
37024,6 fw Controll.static OFJKHAFJIMA          0.0106 -> 0.009
37024,6 fw PLH.static      ADJMBEDDHLB         36.5706 -> 36.5775
37024,6 fw PLH.static      CFIMEAFDJFM         32.4211 -> 32.4289
37029,8 fw PLH.static      ADJMBEDDHLB         36.5775 -> 36.5855
37037,5 fw Controll.static GIPNIMALPEG          0.8648 -> 0.7457
37037,5 fw PLH.static      ADJMBEDDHLB         36.5855 -> 36.5908
37037,5 fw PLH.static      CFIMEAFDJFM         32.4289 -> 32.4418
37043,7 fw PLH.static      ADJMBEDDHLB         36.5908 -> 36.5984
37051,4 fw PLH.static      ADJMBEDDHLB         36.5984 -> 36.6047
37051,4 fw PLH.static      CFIMEAFDJFM         32.4418 -> 32.456
37056,5 fw PLH.static      ADJMBEDDHLB         36.6047 -> 36.6123
37060,5 fw PLH.static      CFIMEAFDJFM          32.456 -> 32.463
37064,0 fw Controll.static MKFDGFOCKNO         36.5609 -> 36.6109
37064,0 fw Controll.static LEKCBKLAILO         36.6109 -> 36.6609
37064,0 fw Controll.static OFJKHAFJIMA           0.009 -> 0.0009
37064,1 fw PLH.static      ADJMBEDDHLB         36.6123 -> 36.6214
37064,1 fw PLH.static      CFIMEAFDJFM          32.463 -> 32.4688
37074,0 fw PLH.static      ADJMBEDDHLB         36.6214 -> 36.625
37074,0 fw PLH.static      CFIMEAFDJFM         32.4688 -> 32.4761
37096,4 fw PLH.static      ADJMBEDDHLB          36.625 -> 36.6349
37096,4 fw PLH.static      CFIMEAFDJFM         32.4761 -> 32.4859
37101,6 fw Controll.static GIPNIMALPEG          0.7457 -> 0.0283
37101,6 fw PLH.static      ADJMBEDDHLB         36.6349 -> 36.6575
37101,7 fw PLH.static      CFIMEAFDJFM         32.4859 -> 32.5083
37110,1 fw PLH.static      ADJMBEDDHLB         36.6575 -> 36.6626
37110,1 fw PLH.static      CFIMEAFDJFM         32.5083 -> 32.5138
37115,4 fw PLH.static      ADJMBEDDHLB         36.6626 -> 36.671
37122,9 fw Controll.static MKFDGFOCKNO         36.6109 -> 36.6609
37122,9 fw Controll.static LEKCBKLAILO         36.6609 -> 36.7109
37122,9 fw PLH.static      ADJMBEDDHLB          36.671 -> 36.6764
37128,5 fw Controll.static OFJKHAFJIMA          0.0009 -> 0.0012
37128,5 fw PLH.static      ADJMBEDDHLB         36.6764 -> 36.6838
37128,5 fw PLH.static      CFIMEAFDJFM         32.5138 -> 32.5353
37137,5 fw PLH.static      ADJMBEDDHLB         36.6838 -> 36.6894
37142,6 fw Controll.static GIPNIMALPEG          0.0283 -> 0.8486
37142,7 fw PLH.static      ADJMBEDDHLB         36.6894 -> 36.6984
37142,7 fw PLH.static      CFIMEAFDJFM         32.5353 -> 32.5499
37160,7 fw PLH.static      ADJMBEDDHLB         36.6984 -> 36.7036
37165,9 fw PLH.static      ADJMBEDDHLB         36.7036 -> 36.7216
37165,9 fw PLH.static      CFIMEAFDJFM         32.5499 -> 32.5623
37176,2 fw PLH.static      ADJMBEDDHLB         36.7216 -> 36.7268
37180,3 fw Controll.static MKFDGFOCKNO         36.6609 -> 36.7109
37180,3 fw Controll.static LEKCBKLAILO         36.7109 -> 36.7609
37180,3 fw Controll.static OFJKHAFJIMA          0.0012 -> 0
37180,4 fw PLH.static      ADJMBEDDHLB         36.7268 -> 36.7371
37180,4 fw PLH.static      CFIMEAFDJFM         32.5623 -> 32.5879
37191,5 fw PLH.static      ADJMBEDDHLB         36.7371 -> 36.7413
37197,1 fw Controll.static GIPNIMALPEG          0.8486 -> 0.9393
37197,2 fw PLH.static      ADJMBEDDHLB         36.7413 -> 36.7524
37197,2 fw PLH.static      CFIMEAFDJFM         32.5879 -> 32.6034
37205,1 fw PLH.static      ADJMBEDDHLB         36.7524 -> 36.7582
37205,1 fw PLH.static      CFIMEAFDJFM         32.6034 -> 32.6091
37210,4 fw PLH.static      ADJMBEDDHLB         36.7582 -> 36.766
37218,0 fw PLH.static      ADJMBEDDHLB          36.766 -> 36.7713
37218,0 fw PLH.static      CFIMEAFDJFM         32.6091 -> 32.6223
37223,9 fw Controll.static MKFDGFOCKNO         36.7109 -> 36.7609
37223,9 fw Controll.static LEKCBKLAILO         36.7609 -> 36.8109
37224,0 fw Controll.static OFJKHAFJIMA               0 -> 0.0046
37224,0 fw PLH.static      ADJMBEDDHLB         36.7713 -> 36.7789
37231,9 fw PLH.static      ADJMBEDDHLB         36.7789 -> 36.7849
37237,3 fw Controll.static GIPNIMALPEG          0.9393 -> 0.7415
37237,3 fw PLH.static      ADJMBEDDHLB         36.7849 -> 36.7928
37237,3 fw PLH.static      CFIMEAFDJFM         32.6223 -> 32.6438
37244,6 fw PLH.static      ADJMBEDDHLB         36.7928 -> 36.7982
37250,8 fw PLH.static      ADJMBEDDHLB         36.7982 -> 36.8055
37260,7 fw PLH.static      ADJMBEDDHLB         36.8055 -> 36.8117
37266,1 fw Controll.static MKFDGFOCKNO         36.7609 -> 36.8109
37266,1 fw Controll.static LEKCBKLAILO         36.8109 -> 36.8609
37266,1 fw Controll.static OFJKHAFJIMA          0.0046 -> 0.0003
37266,1 fw PLH.static      ADJMBEDDHLB         36.8117 -> 36.8216
37274,2 fw PLH.static      ADJMBEDDHLB         36.8216 -> 36.827
37278,9 fw Controll.static GIPNIMALPEG          0.7415 -> 0.5748
37279,0 fw PLH.static      ADJMBEDDHLB          36.827 -> 36.8351
37279,0 fw PLH.static      CFIMEAFDJFM         32.6438 -> 32.6861
37287,2 fw PLH.static      ADJMBEDDHLB         36.8351 -> 36.8399
37293,6 fw PLH.static      ADJMBEDDHLB         36.8399 -> 36.8481
37301,1 fw PLH.static      ADJMBEDDHLB         36.8481 -> 36.8545
37301,1 fw PLH.static      CFIMEAFDJFM         32.6861 -> 32.7055
37306,2 fw Controll.static MKFDGFOCKNO         36.8109 -> 36.8609
37306,2 fw Controll.static LEKCBKLAILO         36.8609 -> 36.9109
37306,2 fw Controll.static OFJKHAFJIMA          0.0003 -> 0.0007
37306,3 fw PLH.static      ADJMBEDDHLB         36.8545 -> 36.8621
37306,3 fw PLH.static      CFIMEAFDJFM         32.7055 -> 32.7132
37314,6 fw PLH.static      ADJMBEDDHLB         36.8621 -> 36.8672
37319,5 fw Controll.static GIPNIMALPEG          0.5748 -> 0.3859
37319,5 fw PLH.static      ADJMBEDDHLB         36.8672 -> 36.8755
37328,4 fw PLH.static      ADJMBEDDHLB         36.8755 -> 36.8804
37328,4 fw PLH.static      CFIMEAFDJFM         32.7132 -> 32.7319
37333,8 fw PLH.static      ADJMBEDDHLB         36.8804 -> 36.8893
37341,3 fw PLH.static      ADJMBEDDHLB         36.8893 -> 36.8948
37341,3 fw PLH.static      CFIMEAFDJFM         32.7319 -> 32.7462
37347,3 fw PLH.static      ADJMBEDDHLB         36.8948 -> 36.9022
37355,3 fw PLH.static      ADJMBEDDHLB         36.9022 -> 36.9083
37360,4 fw PLH.static      ADJMBEDDHLB         36.9083 -> 36.9162
37360,4 fw PLH.static      CFIMEAFDJFM         32.7462 -> 32.767
37369,7 fw Controll.static GIPNIMALPEG          0.3859 -> 0.3913
37369,8 fw PLH.static      ADJMBEDDHLB         36.9162 -> 36.9213
37373,5 fw PLH.static      ADJMBEDDHLB         36.9213 -> 36.9307
37382,9 fw PLH.static      ADJMBEDDHLB         36.9307 -> 36.9344
37389,5 fw Controll.static MKFDGFOCKNO         36.8609 -> 36.9109
37389,5 fw Controll.static LEKCBKLAILO         36.9109 -> 36.9609
37389,5 fw PLH.static      ADJMBEDDHLB         36.9344 -> 36.9438
37389,5 fw PLH.static      CFIMEAFDJFM          32.767 -> 32.7953
37396,4 fw Controll.static OFJKHAFJIMA          0.0007 -> 0.0048
37396,5 fw PLH.static      ADJMBEDDHLB         36.9438 -> 36.9505
37402,4 fw PLH.static      ADJMBEDDHLB         36.9505 -> 36.9574
37409,5 fw Controll.static GIPNIMALPEG          0.3913 -> 0.1853
37409,5 fw PLH.static      ADJMBEDDHLB         36.9574 -> 36.9633
37409,5 fw PLH.static      CFIMEAFDJFM         32.7953 -> 32.8146
37416,6 fw PLH.static      ADJMBEDDHLB         36.9633 -> 36.9704
37422,9 fw PLH.static      ADJMBEDDHLB         36.9704 -> 36.9775
37422,9 fw PLH.static      CFIMEAFDJFM         32.8146 -> 32.829
37430,5 fw PLH.static      ADJMBEDDHLB         36.9775 -> 36.9838
37435,5 fw Controll.static MKFDGFOCKNO         36.9109 -> 36.9609
37435,5 fw Controll.static LEKCBKLAILO         36.9609 -> 37.0109
37435,5 fw Controll.static OFJKHAFJIMA          0.0048 -> 0.002
37435,5 fw PLH.static      ADJMBEDDHLB         36.9838 -> 36.9915
37443,5 fw PLH.static      ADJMBEDDHLB         36.9915 -> 36.9964
37449,7 fw Controll.static GIPNIMALPEG          0.1853 -> 0.9911
37449,8 fw PLH.static      ADJMBEDDHLB         36.9964 -> 37.0044
37449,8 fw PLH.static      CFIMEAFDJFM          32.829 -> 32.8558
37456,8 fw PLH.static      ADJMBEDDHLB         37.0044 -> 37.0107
37456,8 fw PLH.static      CFIMEAFDJFM         32.8558 -> 32.8618
37462,7 fw PLH.static      ADJMBEDDHLB         37.0107 -> 37.0177
37462,7 fw PLH.static      CFIMEAFDJFM         32.8618 -> 32.8689
37470,4 fw PLH.static      ADJMBEDDHLB         37.0177 -> 37.0237
37470,5 fw PLH.static      CFIMEAFDJFM         32.8689 -> 32.875
37475,8 fw Controll.static MKFDGFOCKNO         36.9609 -> 37.0109
37475,8 fw Controll.static LEKCBKLAILO         37.0109 -> 37.0609
37475,8 fw Controll.static OFJKHAFJIMA           0.002 -> 0.0063
37475,9 fw PLH.static      ADJMBEDDHLB         37.0237 -> 37.0313
37483,5 fw PLH.static      ADJMBEDDHLB         37.0313 -> 37.0368
37490,5 fw Controll.static GIPNIMALPEG          0.9911 -> 0.8064
37490,6 fw PLH.static      ADJMBEDDHLB         37.0368 -> 37.0445
37490,6 fw PLH.static      CFIMEAFDJFM          32.875 -> 32.8959
37495,4 fw PLH.static      ADJMBEDDHLB         37.0445 -> 37.0515
37495,4 fw PLH.static      CFIMEAFDJFM         32.8959 -> 32.9025
37503,7 fw Controll.static DGNDKAKOEPD         3248938 -> 3250011
37503,7 fw Controll.static BEJBLGGGOCC       340830122 -> 340831114
37503,7 fw Controll.static JELGPAKAJPE             106 -> 183
37503,7 fw Controll.static EENJPDHGGGC         35.9723 -> 37.0444
37503,8 fw PLH.static      ADJMBEDDHLB         37.0515 -> 37.0563
37509,5 fw PLH.static      ADJMBEDDHLB         37.0563 -> 37.0647
37509,5 fw PLH.static      CFIMEAFDJFM         32.9025 -> 32.9159
37517,2 fw Controll.static MKFDGFOCKNO         37.0109 -> 37.0609
37517,2 fw Controll.static LEKCBKLAILO         37.0609 -> 37.1109
37517,2 fw Controll.static OFJKHAFJIMA          0.0063 -> 0.0033
37517,2 fw PLH.static      ADJMBEDDHLB         37.0647 -> 37.0704
37523,2 fw PLH.static      ADJMBEDDHLB         37.0704 -> 37.0781
37523,2 fw PLH.static      CFIMEAFDJFM         32.9159 -> 32.9296
37530,7 fw Controll.static GIPNIMALPEG          0.8064 -> 0.6104
37530,8 fw PLH.static      ADJMBEDDHLB         37.0781 -> 37.0841
37535,7 fw PLH.static      ADJMBEDDHLB         37.0841 -> 37.0917
37535,7 fw PLH.static      CFIMEAFDJFM         32.9296 -> 32.9427
37544,0 fw PLH.static      ADJMBEDDHLB         37.0917 -> 37.0966
37551,1 fw PLH.static      ADJMBEDDHLB         37.0966 -> 37.1049
37555,8 fw Controll.static MKFDGFOCKNO         37.0609 -> 37.1109
37555,8 fw Controll.static LEKCBKLAILO         37.1109 -> 37.1609
37555,8 fw Controll.static OFJKHAFJIMA          0.0033 -> 0.0006
37555,8 fw PLH.static      ADJMBEDDHLB         37.1049 -> 37.112
37564,1 fw PLH.static      ADJMBEDDHLB          37.112 -> 37.1167
37571,1 fw Controll.static GIPNIMALPEG          0.6104 -> 0.417
37571,1 fw PLH.static      ADJMBEDDHLB         37.1167 -> 37.125
37576,8 fw PLH.static      ADJMBEDDHLB          37.125 -> 37.132
37576,8 fw PLH.static      CFIMEAFDJFM         32.9427 -> 32.9831
37584,1 fw PLH.static      ADJMBEDDHLB          37.132 -> 37.1377
37590,5 fw PLH.static      ADJMBEDDHLB         37.1377 -> 37.145
37597,2 fw PLH.static      ADJMBEDDHLB          37.145 -> 37.1514
37603,4 fw PLH.static      ADJMBEDDHLB         37.1514 -> 37.1581
37603,4 fw PLH.static      CFIMEAFDJFM         32.9831 -> 33.0094
37610,8 fw PLH.static      ADJMBEDDHLB         37.1581 -> 37.1643
37615,8 fw Controll.static GIPNIMALPEG           0.417 -> 0.3124
37615,9 fw PLH.static      ADJMBEDDHLB         37.1643 -> 37.1717
37623,8 fw PLH.static      ADJMBEDDHLB         37.1717 -> 37.1768
37630,0 fw PLH.static      ADJMBEDDHLB         37.1768 -> 37.1847
37630,0 fw PLH.static      CFIMEAFDJFM         33.0094 -> 33.0362
37636,6 fw Controll.static MKFDGFOCKNO         37.1109 -> 37.1609
37636,6 fw Controll.static LEKCBKLAILO         37.1609 -> 37.2109
37636,7 fw PLH.static      ADJMBEDDHLB         37.1847 -> 37.1909
37644,1 fw Controll.static OFJKHAFJIMA          0.0006 -> 0.0029
37644,2 fw PLH.static      ADJMBEDDHLB         37.1909 -> 37.1976
37650,1 fw PLH.static      ADJMBEDDHLB         37.1976 -> 37.2051
37650,1 fw PLH.static      CFIMEAFDJFM         33.0362 -> 33.0566
37656,6 fw Controll.static GIPNIMALPEG          0.3124 -> 0.1272
37656,6 fw PLH.static      ADJMBEDDHLB         37.2051 -> 37.2128
37656,6 fw PLH.static      CFIMEAFDJFM         33.0566 -> 33.062
37665,5 fw PLH.static      ADJMBEDDHLB         37.2128 -> 37.2175
37674,0 fw PLH.static      ADJMBEDDHLB         37.2175 -> 37.2302
37674,0 fw PLH.static      CFIMEAFDJFM          33.062 -> 33.0779
37684,2 fw PLH.static      ADJMBEDDHLB         37.2302 -> 37.2349
37684,2 fw PLH.static      CFIMEAFDJFM         33.0779 -> 33.0858
37689,4 fw Controll.static MKFDGFOCKNO         37.1609 -> 37.2109
37689,4 fw Controll.static LEKCBKLAILO         37.2109 -> 37.2609
37689,4 fw Controll.static OFJKHAFJIMA          0.0029 -> 0.0061
37689,5 fw PLH.static      ADJMBEDDHLB         37.2349 -> 37.2451
37689,5 fw PLH.static      CFIMEAFDJFM         33.0858 -> 33.0965
37697,0 fw PLH.static      ADJMBEDDHLB         37.2451 -> 37.2504
37702,9 fw Controll.static GIPNIMALPEG          0.1272 -> 0.054
37703,0 fw PLH.static      ADJMBEDDHLB         37.2504 -> 37.2579
37710,5 fw PLH.static      ADJMBEDDHLB         37.2579 -> 37.2639
37710,5 fw PLH.static      CFIMEAFDJFM         33.0965 -> 33.1151
37715,7 fw PLH.static      ADJMBEDDHLB         37.2639 -> 37.2714
37723,8 fw PLH.static      ADJMBEDDHLB         37.2714 -> 37.2766
37723,8 fw PLH.static      CFIMEAFDJFM         33.1151 -> 33.1281
37729,9 fw Controll.static MKFDGFOCKNO         37.2109 -> 37.261
37729,9 fw Controll.static LEKCBKLAILO         37.2609 -> 37.311
37729,9 fw Controll.static OFJKHAFJIMA          0.0061 -> 0.0025
37729,9 fw PLH.static      ADJMBEDDHLB         37.2766 -> 37.2848
37729,9 fw PLH.static      CFIMEAFDJFM         33.1281 -> 33.1361
37737,2 fw PLH.static      ADJMBEDDHLB         37.2848 -> 37.2908
37742,5 fw Controll.static GIPNIMALPEG           0.054 -> 0.846
37742,6 fw PLH.static      ADJMBEDDHLB         37.2908 -> 37.2981
37742,6 fw PLH.static      CFIMEAFDJFM         33.1361 -> 33.1494
37751,1 fw PLH.static      ADJMBEDDHLB         37.2981 -> 37.3035
37755,9 fw PLH.static      ADJMBEDDHLB         37.3035 -> 37.312
37765,0 fw PLH.static      ADJMBEDDHLB          37.312 -> 37.3168
37771,1 fw Controll.static MKFDGFOCKNO          37.261 -> 37.311
37771,1 fw Controll.static LEKCBKLAILO          37.311 -> 37.361
37771,1 fw Controll.static OFJKHAFJIMA          0.0025 -> 0.0006
37771,2 fw PLH.static      ADJMBEDDHLB         37.3168 -> 37.3259
37771,2 fw PLH.static      CFIMEAFDJFM         33.1494 -> 33.1774
37778,5 fw PLH.static      ADJMBEDDHLB         37.3259 -> 37.3321
37778,6 fw PLH.static      CFIMEAFDJFM         33.1774 -> 33.1832
37784,8 fw Controll.static GIPNIMALPEG           0.846 -> 0.6895
37784,8 fw PLH.static      ADJMBEDDHLB         37.3321 -> 37.3395
37784,8 fw PLH.static      CFIMEAFDJFM         33.1832 -> 33.1909
37791,6 fw PLH.static      ADJMBEDDHLB         37.3395 -> 37.3458
37791,6 fw PLH.static      CFIMEAFDJFM         33.1909 -> 33.1971
37799,3 fw PLH.static      ADJMBEDDHLB         37.3458 -> 37.3525
37804,2 fw PLH.static      ADJMBEDDHLB         37.3525 -> 37.3602
37812,7 fw Controll.static MKFDGFOCKNO          37.311 -> 37.361
37812,7 fw Controll.static LEKCBKLAILO          37.361 -> 37.411
37812,7 fw Controll.static OFJKHAFJIMA          0.0006 -> 0.0038
37812,8 fw PLH.static      ADJMBEDDHLB         37.3602 -> 37.3651
37818,0 fw PLH.static      ADJMBEDDHLB         37.3651 -> 37.3737
37825,7 fw Controll.static GIPNIMALPEG          0.6895 -> 0.51
37825,8 fw PLH.static      ADJMBEDDHLB         37.3737 -> 37.3789
37832,4 fw PLH.static      ADJMBEDDHLB         37.3789 -> 37.3867
37832,4 fw PLH.static      CFIMEAFDJFM         33.1971 -> 33.2381
37839,1 fw PLH.static      ADJMBEDDHLB         37.3867 -> 37.3933
37839,1 fw PLH.static      CFIMEAFDJFM         33.2381 -> 33.2445
37845,7 fw PLH.static      ADJMBEDDHLB         37.3933 -> 37.4
37845,7 fw PLH.static      CFIMEAFDJFM         33.2445 -> 33.2515
37851,9 fw Controll.static MKFDGFOCKNO          37.361 -> 37.411
37851,9 fw Controll.static LEKCBKLAILO          37.411 -> 37.461
37851,9 fw Controll.static OFJKHAFJIMA          0.0038 -> 0.0015
37851,9 fw PLH.static      ADJMBEDDHLB            37.4 -> 37.4066
37851,9 fw PLH.static      CFIMEAFDJFM         33.2515 -> 33.258
37860,0 fw PLH.static      ADJMBEDDHLB         37.4066 -> 37.4128
37860,0 fw PLH.static      CFIMEAFDJFM          33.258 -> 33.2637
37865,8 fw PLH.static      ADJMBEDDHLB         37.4128 -> 37.4209
37873,9 fw Controll.static GIPNIMALPEG            0.51 -> 0.4726
37873,9 fw PLH.static      ADJMBEDDHLB         37.4209 -> 37.4268
37873,9 fw PLH.static      CFIMEAFDJFM         33.2637 -> 33.2782
37879,0 fw PLH.static      ADJMBEDDHLB         37.4268 -> 37.4348
37888,6 fw PLH.static      ADJMBEDDHLB         37.4348 -> 37.4399
37888,6 fw PLH.static      CFIMEAFDJFM         33.2782 -> 33.2913
37894,9 fw PLH.static      ADJMBEDDHLB         37.4399 -> 37.4495
37894,9 fw PLH.static      CFIMEAFDJFM         33.2913 -> 33.3005
37901,8 fw Controll.static OFJKHAFJIMA          0.0015 -> 0.0013
37901,8 fw PLH.static      ADJMBEDDHLB         37.4495 -> 37.4558
37901,8 fw PLH.static      CFIMEAFDJFM         33.3005 -> 33.3071
37909,0 fw PLH.static      ADJMBEDDHLB         37.4558 -> 37.4627
37909,0 fw PLH.static      CFIMEAFDJFM         33.3071 -> 33.3139
37914,7 fw Controll.static GIPNIMALPEG          0.4726 -> 0.2897
37914,8 fw PLH.static      ADJMBEDDHLB         37.4627 -> 37.47
37914,8 fw PLH.static      CFIMEAFDJFM         33.3139 -> 33.3207
37922,3 fw PLH.static      ADJMBEDDHLB           37.47 -> 37.4757
37928,6 fw PLH.static      ADJMBEDDHLB         37.4757 -> 37.4832
37928,6 fw PLH.static      CFIMEAFDJFM         33.3207 -> 33.3346
37937,8 fw PLH.static      ADJMBEDDHLB         37.4832 -> 37.4895
37937,8 fw PLH.static      CFIMEAFDJFM         33.3346 -> 33.3402
37944,2 fw Controll.static MKFDGFOCKNO          37.411 -> 37.461
37944,2 fw Controll.static LEKCBKLAILO          37.461 -> 37.511
37944,3 fw PLH.static      ADJMBEDDHLB         37.4895 -> 37.4987
37944,3 fw PLH.static      CFIMEAFDJFM         33.3402 -> 33.3501
37951,6 fw PLH.static      ADJMBEDDHLB         37.4987 -> 37.5052
37951,6 fw PLH.static      CFIMEAFDJFM         33.3501 -> 33.3566
37956,2 fw Controll.static GIPNIMALPEG          0.2897 -> 0.1194
37956,3 fw PLH.static      ADJMBEDDHLB         37.5052 -> 37.5125
37956,3 fw PLH.static      CFIMEAFDJFM         33.3566 -> 33.3633
37964,5 fw PLH.static      ADJMBEDDHLB         37.5125 -> 37.5172
37971,5 fw PLH.static      ADJMBEDDHLB         37.5172 -> 37.5254
37971,5 fw PLH.static      CFIMEAFDJFM         33.3633 -> 33.3769
37977,2 fw PLH.static      ADJMBEDDHLB         37.5254 -> 37.5324
37977,2 fw PLH.static      CFIMEAFDJFM         33.3769 -> 33.3834
37984,6 fw Controll.static MKFDGFOCKNO          37.461 -> 37.511
37984,6 fw Controll.static LEKCBKLAILO          37.511 -> 37.561
37984,6 fw Controll.static OFJKHAFJIMA          0.0013 -> 0.0012
37984,6 fw PLH.static      ADJMBEDDHLB         37.5324 -> 37.5381
37990,6 fw PLH.static      ADJMBEDDHLB         37.5381 -> 37.5455
37990,6 fw PLH.static      CFIMEAFDJFM         33.3834 -> 33.397
37997,7 fw Controll.static GIPNIMALPEG          0.1194 -> 0.949
37997,7 fw PLH.static      ADJMBEDDHLB         37.5455 -> 37.5515
37997,7 fw PLH.static      CFIMEAFDJFM          33.397 -> 33.4027
38004,1 fw PLH.static      ADJMBEDDHLB         37.5515 -> 37.5586
38011,3 fw PLH.static      ADJMBEDDHLB         37.5586 -> 37.565
38016,6 fw PLH.static      ADJMBEDDHLB          37.565 -> 37.5722
38016,6 fw PLH.static      CFIMEAFDJFM         33.4027 -> 33.4232
38025,7 fw Controll.static MKFDGFOCKNO          37.511 -> 37.561
38025,7 fw Controll.static LEKCBKLAILO          37.561 -> 37.611
38025,7 fw Controll.static OFJKHAFJIMA          0.0012 -> 0.0036
38025,8 fw PLH.static      ADJMBEDDHLB         37.5722 -> 37.5775
38031,9 fw PLH.static      ADJMBEDDHLB         37.5775 -> 37.5867
38031,9 fw PLH.static      CFIMEAFDJFM         33.4232 -> 33.4373
38045,5 fw Controll.static GIPNIMALPEG           0.949 -> 0.9044
38045,9 fw PLH.static      ADJMBEDDHLB         37.5867 -> 37.5928
38054,0 fw PLH.static      ADJMBEDDHLB         37.5928 -> 37.607
38054,0 fw PLH.static      CFIMEAFDJFM         33.4373 -> 33.4577
38059,0 fw PLH.static      ADJMBEDDHLB          37.607 -> 37.6149
38067,2 fw PLH.static      ADJMBEDDHLB         37.6149 -> 37.6201
38073,6 fw Controll.static MKFDGFOCKNO          37.561 -> 37.611
38073,6 fw Controll.static LEKCBKLAILO          37.611 -> 37.661
38073,6 fw Controll.static OFJKHAFJIMA          0.0036 -> 0.0035
38073,6 fw PLH.static      ADJMBEDDHLB         37.6201 -> 37.6282
38073,6 fw PLH.static      CFIMEAFDJFM         33.4577 -> 33.4795
38081,5 fw PLH.static      ADJMBEDDHLB         37.6282 -> 37.6345
38086,6 fw Controll.static GIPNIMALPEG          0.9044 -> 0.7261
38086,6 fw PLH.static      ADJMBEDDHLB         37.6345 -> 37.6424
38086,6 fw PLH.static      CFIMEAFDJFM         33.4795 -> 33.4933
38095,0 fw PLH.static      ADJMBEDDHLB         37.6424 -> 37.6502
38104,9 fw PLH.static      ADJMBEDDHLB         37.6502 -> 37.656
38104,9 fw PLH.static      CFIMEAFDJFM         33.4933 -> 33.507
38109,8 fw PLH.static      ADJMBEDDHLB          37.656 -> 37.6658
38117,5 fw Controll.static MKFDGFOCKNO          37.611 -> 37.661
38117,5 fw Controll.static LEKCBKLAILO          37.661 -> 37.711
38117,6 fw Controll.static OFJKHAFJIMA          0.0035 -> 0.0044
38117,6 fw PLH.static      ADJMBEDDHLB         37.6658 -> 37.6707
38123,1 fw PLH.static      ADJMBEDDHLB         37.6707 -> 37.6785
38132,2 fw PLH.static      ADJMBEDDHLB         37.6785 -> 37.684
38132,2 fw PLH.static      CFIMEAFDJFM          33.507 -> 33.5355
38137,5 fw Controll.static GIPNIMALPEG          0.7261 -> 0.745
38137,6 fw PLH.static      ADJMBEDDHLB          37.684 -> 37.6932
38137,6 fw PLH.static      CFIMEAFDJFM         33.5355 -> 33.5442
38148,2 fw PLH.static      ADJMBEDDHLB         37.6932 -> 37.6985
38148,2 fw PLH.static      CFIMEAFDJFM         33.5442 -> 33.5499
38151,8 fw PLH.static      ADJMBEDDHLB         37.6985 -> 37.7092
38151,8 fw PLH.static      CFIMEAFDJFM         33.5499 -> 33.5601
38162,5 fw Controll.static MKFDGFOCKNO          37.661 -> 37.711
38162,5 fw Controll.static LEKCBKLAILO          37.711 -> 37.761
38162,6 fw PLH.static      ADJMBEDDHLB         37.7092 -> 37.7128
38168,3 fw Controll.static OFJKHAFJIMA          0.0044 -> 0.0012
38168,4 fw PLH.static      ADJMBEDDHLB         37.7128 -> 37.7236
38183,2 fw PLH.static      ADJMBEDDHLB         37.7236 -> 37.7293
38183,2 fw PLH.static      CFIMEAFDJFM         33.5601 -> 33.5801
38216,2 fw Controll.static GIPNIMALPEG           0.745 -> 0.3192
38216,3 fw PLH.static      ADJMBEDDHLB         37.7293 -> 37.7442
38216,3 fw PLH.static      CFIMEAFDJFM         33.5801 -> 33.5953
38220,8 fw PLH.static      ADJMBEDDHLB         37.7442 -> 37.7778
38220,8 fw PLH.static      CFIMEAFDJFM         33.5953 -> 33.6198
38234,2 fw PLH.static      ADJMBEDDHLB         37.7778 -> 37.7817
38241,0 fw PLH.static      ADJMBEDDHLB         37.7817 -> 37.7952
38241,0 fw PLH.static      CFIMEAFDJFM         33.6198 -> 33.6432
38249,8 fw Controll.static MKFDGFOCKNO          37.711 -> 37.761
38249,9 fw Controll.static LEKCBKLAILO          37.761 -> 37.811
38249,9 fw Controll.static OFJKHAFJIMA          0.0012 -> 0.0157
38249,9 fw PLH.static      ADJMBEDDHLB         37.7952 -> 37.802
38250,0 fw PLH.static      CFIMEAFDJFM         33.6432 -> 33.6534
38254,7 fw PLH.static      ADJMBEDDHLB          37.802 -> 37.8109
38264,5 fw Controll.static GIPNIMALPEG          0.3192 -> 0.2841
38264,6 fw PLH.static      ADJMBEDDHLB         37.8109 -> 37.8156
38264,6 fw PLH.static      CFIMEAFDJFM         33.6534 -> 33.6668
38271,1 fw PLH.static      ADJMBEDDHLB         37.8156 -> 37.8255
38271,1 fw PLH.static      CFIMEAFDJFM         33.6668 -> 33.6768
38278,5 fw PLH.static      ADJMBEDDHLB         37.8255 -> 37.832
38285,1 fw PLH.static      ADJMBEDDHLB          37.832 -> 37.8394
38292,4 fw Controll.static MKFDGFOCKNO          37.761 -> 37.811
38292,4 fw Controll.static LEKCBKLAILO          37.811 -> 37.861
38292,4 fw Controll.static OFJKHAFJIMA          0.0157 -> 0.0041
38292,5 fw PLH.static      ADJMBEDDHLB         37.8394 -> 37.846
38292,5 fw PLH.static      CFIMEAFDJFM         33.6768 -> 33.6975
38297,7 fw PLH.static      ADJMBEDDHLB          37.846 -> 37.8534
38306,6 fw Controll.static GIPNIMALPEG          0.2841 -> 0.1263
38306,6 fw PLH.static      ADJMBEDDHLB         37.8534 -> 37.8587
38312,3 fw PLH.static      ADJMBEDDHLB         37.8587 -> 37.8676
38312,3 fw PLH.static      CFIMEAFDJFM         33.6975 -> 33.7188
38321,3 fw PLH.static      ADJMBEDDHLB         37.8676 -> 37.8732
38326,3 fw PLH.static      ADJMBEDDHLB         37.8732 -> 37.8823
38326,4 fw PLH.static      CFIMEAFDJFM         33.7188 -> 33.7336
38335,9 fw Controll.static MKFDGFOCKNO          37.811 -> 37.861
38335,9 fw Controll.static LEKCBKLAILO          37.861 -> 37.911
38335,9 fw Controll.static OFJKHAFJIMA          0.0041 -> 0.0061
38335,9 fw PLH.static      ADJMBEDDHLB         37.8823 -> 37.8873
38341,0 fw PLH.static      ADJMBEDDHLB         37.8873 -> 37.8969
38341,0 fw PLH.static      CFIMEAFDJFM         33.7336 -> 33.7477
38351,1 fw Controll.static GIPNIMALPEG          0.1263 -> 0.0163
38351,3 fw PLH.static      ADJMBEDDHLB         37.8969 -> 37.9019
38354,8 fw PLH.static      ADJMBEDDHLB         37.9019 -> 37.9122
38354,8 fw PLH.static      CFIMEAFDJFM         33.7477 -> 33.7628
38367,1 fw PLH.static      ADJMBEDDHLB         37.9122 -> 37.9157
38371,3 fw PLH.static      ADJMBEDDHLB         37.9157 -> 37.928
38380,7 fw Controll.static MKFDGFOCKNO          37.861 -> 37.911
38380,7 fw Controll.static LEKCBKLAILO          37.911 -> 37.961
38380,7 fw Controll.static OFJKHAFJIMA          0.0061 -> 0.0006
38380,7 fw PLH.static      ADJMBEDDHLB          37.928 -> 37.9322
38393,3 fw PLH.static      ADJMBEDDHLB         37.9322 -> 37.9416
38401,4 fw Controll.static GIPNIMALPEG          0.0163 -> 0.0229
38401,5 fw PLH.static      ADJMBEDDHLB         37.9416 -> 37.9543
38411,5 fw PLH.static      ADJMBEDDHLB         37.9543 -> 37.9624
38418,0 fw PLH.static      ADJMBEDDHLB         37.9624 -> 37.9724
38433,0 fw PLH.static      ADJMBEDDHLB         37.9724 -> 37.9789
38439,4 fw Controll.static MKFDGFOCKNO          37.911 -> 37.961
38439,4 fw Controll.static LEKCBKLAILO          37.961 -> 38.011
38439,4 fw Controll.static OFJKHAFJIMA          0.0006 -> 0.0009
38439,5 fw PLH.static      ADJMBEDDHLB         37.9789 -> 37.994
38446,5 fw PLH.static      ADJMBEDDHLB          37.994 -> 38.0003
38457,0 fw PLH.static      ADJMBEDDHLB         38.0003 -> 38.0074
38459,8 fw Controll.static GIPNIMALPEG          0.0229 -> 0.1906
38459,9 fw PLH.static      ADJMBEDDHLB         38.0074 -> 38.0179
38459,9 fw PLH.static      CFIMEAFDJFM         33.7628 -> 33.8645
38471,1 fw Controll.static DGNDKAKOEPD         3250011 -> 3250984
38471,1 fw Controll.static BEJBLGGGOCC       340831114 -> 340832121
38471,1 fw Controll.static JELGPAKAJPE             183 -> 151
38471,1 fw Controll.static EENJPDHGGGC         37.0444 -> 38.0179
38471,1 fw PLH.static      ADJMBEDDHLB         38.0179 -> 38.0208
38475,6 fw PLH.static      ADJMBEDDHLB         38.0208 -> 38.0337
38475,6 fw PLH.static      CFIMEAFDJFM         33.8645 -> 33.8829
38491,2 fw Controll.static MKFDGFOCKNO          37.961 -> 38.011
38491,2 fw Controll.static LEKCBKLAILO          38.011 -> 38.061
38491,3 fw PLH.static      ADJMBEDDHLB         38.0337 -> 38.0365
38494,1 fw Controll.static OFJKHAFJIMA          0.0009 -> 0.0064
38494,2 fw PLH.static      ADJMBEDDHLB         38.0365 -> 38.0522
38494,2 fw PLH.static      CFIMEAFDJFM         33.8829 -> 33.8988
38505,1 fw PLH.static      ADJMBEDDHLB         38.0522 -> 38.0551
38514,2 fw Controll.static GIPNIMALPEG          0.1906 -> 0.2792
38514,3 fw PLH.static      ADJMBEDDHLB         38.0551 -> 38.066
38518,2 fw PLH.static      ADJMBEDDHLB          38.066 -> 38.0752
38518,2 fw PLH.static      CFIMEAFDJFM         33.8988 -> 33.9219
38528,3 fw PLH.static      ADJMBEDDHLB         38.0752 -> 38.0791
38528,3 fw PLH.static      CFIMEAFDJFM         33.9219 -> 33.9304
38534,1 fw PLH.static      ADJMBEDDHLB         38.0791 -> 38.0892
38542,5 fw Controll.static MKFDGFOCKNO          38.011 -> 38.061
38542,5 fw Controll.static LEKCBKLAILO          38.061 -> 38.111
38542,5 fw Controll.static OFJKHAFJIMA          0.0064 -> 0.0046
38542,6 fw PLH.static      ADJMBEDDHLB         38.0892 -> 38.095
38542,6 fw PLH.static      CFIMEAFDJFM         33.9304 -> 33.9463
38550,1 fw PLH.static      ADJMBEDDHLB          38.095 -> 38.1034
38555,2 fw Controll.static GIPNIMALPEG          0.2792 -> 0.099
38555,3 fw PLH.static      ADJMBEDDHLB         38.1034 -> 38.111
38566,1 fw PLH.static      ADJMBEDDHLB          38.111 -> 38.1162
38569,9 fw PLH.static      ADJMBEDDHLB         38.1162 -> 38.1271
38569,9 fw PLH.static      CFIMEAFDJFM         33.9463 -> 33.9783
38579,8 fw PLH.static      ADJMBEDDHLB         38.1271 -> 38.1308
38579,8 fw PLH.static      CFIMEAFDJFM         33.9783 -> 33.9817
38585,6 fw Controll.static MKFDGFOCKNO          38.061 -> 38.111
38585,6 fw Controll.static LEKCBKLAILO          38.111 -> 38.161
38585,6 fw Controll.static OFJKHAFJIMA          0.0046 -> 0.0047
38585,6 fw PLH.static      ADJMBEDDHLB         38.1308 -> 38.1408
38585,6 fw PLH.static      CFIMEAFDJFM         33.9817 -> 33.992
38593,6 fw PLH.static      ADJMBEDDHLB         38.1408 -> 38.1465
38593,6 fw PLH.static      CFIMEAFDJFM          33.992 -> 33.9978
38599,8 fw Controll.static GIPNIMALPEG           0.099 -> 0.9897
38599,8 fw PLH.static      ADJMBEDDHLB         38.1465 -> 38.1545
38599,8 fw PLH.static      CFIMEAFDJFM         33.9978 -> 34.0054
38607,6 fw PLH.static      ADJMBEDDHLB         38.1545 -> 38.1607
38616,2 fw PLH.static      ADJMBEDDHLB         38.1607 -> 38.1685
38616,2 fw PLH.static      CFIMEAFDJFM         34.0054 -> 34.0194
38619,6 fw PLH.static      ADJMBEDDHLB         38.1685 -> 38.1771
38619,6 fw PLH.static      CFIMEAFDJFM         34.0194 -> 34.0281
38632,2 fw Controll.static MKFDGFOCKNO          38.111 -> 38.161
38632,2 fw Controll.static LEKCBKLAILO          38.161 -> 38.211
38632,3 fw Controll.static OFJKHAFJIMA          0.0047 -> 0.007
38632,3 fw PLH.static      ADJMBEDDHLB         38.1771 -> 38.1805
38632,3 fw PLH.static      CFIMEAFDJFM         34.0281 -> 34.032
38635,4 fw PLH.static      ADJMBEDDHLB         38.1805 -> 38.1932
38645,3 fw Controll.static GIPNIMALPEG          0.9897 -> 0.901
38645,4 fw PLH.static      ADJMBEDDHLB         38.1932 -> 38.1963
38645,4 fw PLH.static      CFIMEAFDJFM          34.032 -> 34.0478
38652,5 fw PLH.static      ADJMBEDDHLB         38.1963 -> 38.2063
38658,2 fw PLH.static      ADJMBEDDHLB         38.2063 -> 38.2134
38658,2 fw PLH.static      CFIMEAFDJFM         34.0478 -> 34.0643
38666,3 fw PLH.static      ADJMBEDDHLB         38.2134 -> 38.2191
38666,3 fw PLH.static      CFIMEAFDJFM         34.0643 -> 34.0704
38672,1 fw Controll.static MKFDGFOCKNO          38.161 -> 38.211
38672,1 fw Controll.static LEKCBKLAILO          38.211 -> 38.261
38672,1 fw Controll.static OFJKHAFJIMA           0.007 -> 0.002
38672,1 fw PLH.static      ADJMBEDDHLB         38.2191 -> 38.2272
38672,1 fw PLH.static      CFIMEAFDJFM         34.0704 -> 34.0787
38682,1 fw PLH.static      ADJMBEDDHLB         38.2272 -> 38.233
38684,9 fw Controll.static GIPNIMALPEG           0.901 -> 0.6918
38684,9 fw PLH.static      ADJMBEDDHLB          38.233 -> 38.243
38684,9 fw PLH.static      CFIMEAFDJFM         34.0787 -> 34.0944
38696,0 fw PLH.static      ADJMBEDDHLB          38.243 -> 38.2459
38696,0 fw PLH.static      CFIMEAFDJFM         34.0944 -> 34.0974
38702,0 fw PLH.static      ADJMBEDDHLB         38.2459 -> 38.257
38702,0 fw PLH.static      CFIMEAFDJFM         34.0974 -> 34.1079
38709,8 fw PLH.static      ADJMBEDDHLB          38.257 -> 38.2629
38709,8 fw PLH.static      CFIMEAFDJFM         34.1079 -> 34.114
38715,9 fw Controll.static MKFDGFOCKNO          38.211 -> 38.261
38715,9 fw Controll.static LEKCBKLAILO          38.261 -> 38.311
38715,9 fw Controll.static OFJKHAFJIMA           0.002 -> 0.0014
38715,9 fw PLH.static      ADJMBEDDHLB         38.2629 -> 38.2707
38723,3 fw PLH.static      ADJMBEDDHLB         38.2707 -> 38.2768
38723,3 fw PLH.static      CFIMEAFDJFM          34.114 -> 34.1283
38730,5 #### SNAPSHOT #2 ####
38730,6 #S  player: MOPBMENEGLN=0 _LCEIAGLFFJN_k__BackingField=1 GLFBKBKFPCL=2063882 CCINALOJCNH=2 LGOAHLMABFF=0 ADNMLOLHFCD=0 LDKMPMIANCE=7 MMMGPDBMOLM=0 FACPLDFKHIO=0 FDOJDJLIGLF=0 EFHBKMHCMOH=0 INGHEHAALBJ=0 PIBCGHCJKAA=0 BANHJLHDFLI=0 FGFKPMPLNKO=0 ECBCOHFLJCC=0 ELBOPMABJOA=0 GDFNLALKMAN=0 PELNEJDOBKH=0 DECAKELAHPI=0 OLDBINBEFFG=0 EGCCBDKJGAB=0 EEHMHJBNAFP=0 NGCMFJECPIO=0 BCLPAILBBFP=0 AADFNNLGALL=0 PFGNALDDNDB=2 HIDMDLLHEKO=0 HOJIIOCKKLO=1 BCACFHNPIBP=45 ONOGCCOHPJC=0 LCMOBPPHLLM=0 CIPOBFGAMOP=20.575 GEDMGLAMGMD=0 MHCOJFIAGLP=0 JHGGICCFNFJ=0 CNHNFDDJMJO=0 HJLHOFPDEAA=1804 OLOOMMIKDPJ=20.575 LBKINNIDKEC=0 BDHNEDFEHBA=64 LNIDBHIAJJI=6 ACAIGMNLLEC=23 LCPGFBMKNHJ=999 CLOEJLAOIGI=0 APFNBGHAJMD=1 HEADELMLILF=0 CGHKKDBILGF=1 COCGLNFEFAF=0 HIECLOJIFIL=1 WasCollected=0
38730,6 #   player.GPBAJMJILMA len=2 [8,4375, 32,34375]
38730,6 #   player.JNBMIDFBOHD len=2 [8,4375, 0]
38730,6 #   player.JPDHFNADBKI len=2 [8,4375, 32,34375]
38730,7 #   player.GDEMINMDJAC len=4 [0, 0, 0, 0]
38730,7 #   player.DDKPBGMMNIA len=10 [0, 0, 0, 1, 0, 1, 0, 0, 0, 0]
38730,7 #   player.PPOOANLEBNI len=40 [0, 0, 0, 0, 0, 0, 0, 0, 0, 0, 0, 0]
38730,8 #S  Controll.static: BIAHHOIOFKG=0.5 LCMOBPPHLLM=0 BNHEPNNOAIK=2.4 BNALIDHMCIG=2.75 JLPIAOFJHBB=0 DNNCGMPDMCF=0 IECMAFHGHND=0 JOJODHNJNGO=3 AJKDGEACHKD=3 NAKNALFCOIF=33.75 IGLCENGMMMJ=9.3 EPEEFBDJAHO=0 JEOINCHFPCC=0 HKPMJHCGMDE=0.4 DGNDKAKOEPD=3250984 BEJBLGGGOCC=340832121 JELGPAKAJPE=151 EENJPDHGGGC=38.018 ONGHDHKFEBG=-1 NIGBIPNBOPC=0 KEPGFOEOHPD=0 HLBAGIACGBI=0 PBICPLCFAGG=1 NJPDKJKJMCG=0 GCHFDAPNBNB=0 BFEOOOMMGLK=0 EKEAAHAKHIN=0 DJACNOGOCKD=0 MJHNOEIFBEO=0 JGNLBAMNEBA=0 HCOLPFEEENG=0 EGDKJEFGFIC=0 GLGCAOADGMN=0 FGGKANNFBDH=0 LKPFNJHLOHL=0 ILFOFIOFBAM=-1 KJOMABGHAIJ=0 IPCNAHJLMAP=0 CGJDLMEINBJ=0 CFACCGMPPOE=1 NKFBOBMMGCL=0 CMGGPFHFKCM=2.4 MKFDGFOCKNO=38.261 LEKCBKLAILO=38.311 CIDLIJFIKPG=0.05 OFJKHAFJIMA=0.001 LADGFAFJJNM=0 CFHLIKBFICO=0 PEPKIHHGDHG=0 MBFKABGNPCM=0 AJKBMMMOPMF=0 DEBGAILDKPC=0 GKNJELHPMDE=-1 FBINCNDDPAO=0 ILGHFLMKMCO=0 CKLMDECPAGK=0 DBMGNKNGFLL=0 JADIDAJFOGK=0 OINJNFHMDFE=0 _JFKCDODJALP_k__BackingField=0 GHLDENBLDPH=0 IEKGMGGHAPE=0 BEINLJCOGBO=0 GAMBHJPMDON=1 POFKNJGAKPK=0 OGDPMIBJLDH=0 MNHBPCOOMLE=3238025 MBLGPNKENLH=0 AFDPPPDHDGP=0 IPKHNCADMPM=0 KMJLDLGDMGK=1 GIPNIMALPEG=0.604 ANDBANJHOLD=0 JBKBOPCCIBM=0
38731,0 #   Controll.static.DDOHELGGICN len=6 [(normal:(0.96, -0.12, 0.26), distance:-10.05), (normal:(-0.12, -0.12, 0.98), distance:-29.32), (normal:(0.37, 0.75, 0.55), distance:-20.36), (normal:(0.22, -0.92, 0.33), distance:-7.41), (normal:(0.55, -0.16, 0.82), distance:-25.86), (normal:(-0.55, 0.16, -0.82), distance:281.57)]
38731,0 #S  Controll: IFFKNMHKCKD=0.05 NIJLEBGNMAK=0.001 KNHCENJLPCN=0 MHMBOOBHFAO=0 BMPGKHBBDKJ=0 DKMDNEBPDLN=100000000 EDFJFJADEOI=0 PKPGKHAGALH=0 ANHKKECOIIK=0 CJIOKPOOHIC=-1 KOPOBDGHLFL=0 CLEHDNFKJPB=19.736 CAFJCKPAKIB=1 NLJFFCIKAFH=0 CGNEAAGAMKC=50 NFIICDMHEEI=0 IKILBFGJOKH=0 ANJGKCCKEED=0 APLGDDHLOHA=0 MCOGBCDKDJD=10 MFMJHNGIFGM=0 DJJBAKDOCPN=-1 ABEDBPBPOFI=0 MJPKOOHJOPA=0 useGUILayout=1 enabled=1 isActiveAndEnabled=1 WasCollected=0
38731,0 #S  weapon: OCDNCKANJPB=1 NLNJMBCBEAF=0 WasCollected=0
38731,0 #S  activeEntry: AIEPBAHGMJD=0 NIBLMFFHJHK=0 PICIILNDDJO=1 LJAIJIMKOGP=0 GLGJDNLBAOB=0 NIKINLIKGCP=15 MOGDFDEMPLE=45 WasCollected=0
38731,0 #   activeEntry.COAAKMDBKJM len=3 [0, 0, 0]
38731,1 #S  PLH.static: LCKKCAHAPEF=2.08 IFFKNMHKCKD=0.05 EHHGKJHIGIL=1 BMPGKHBBDKJ=0 ADJMBEDDHLB=38.284 CFIMEAFDJFM=34.136 KMLIIIGJAEK=4 OJDIKHJOGJC=0 EDLPNENMJFF=50 FEFGNPKFKPE=0 EKHCENHLMAM=1
38731,1 #S  HUD.static: CBFLNECJIFF=1 ACOMFBALLPB=0 MMEPGJJAHCI=49.903 JNBEDAECKGM=0 EHBHDOAHOAO=5 CGDKPLKDION=7 NEICGEOMFGN=0 GONEFAMEMOJ=340 DJBNLINNLOJ=-1 DIIAFKMNANI=30.665 ANDPEBCAPAC=0 GAELHMDBFBO=0 FKLAELDOEAG=0 PIPJJIMDAHF=0 KDGCJFDGFAJ=0 FCHLFNBPLLH=0 GPFCJFOLNII=0 DFEHJHOHPHK=0 NIHKFABDHPH=100 IPLCMBBHJKO=0 IBFMBINJKJN=0 LCJPDJJKNDM=1 PHNGEPIGKIO=0 FJMNBAGNAIH=21.075 OOIBIGCALAA=0.5 IICPDHNGAKC=1 MJKGICKCFNC=0 DIIIBNOFMCH=0 LGJHAJDMKAB=0 IHMHNDHECDO=0 EGBJBLEELNC=0 AMEOBGEEGCI=0
38731,2 #   HUD.static.DPOPNDPLFMN len=8 [(x:773.49, y:43.38, width:40.48, height:40.48), (x:727.22, y:43.38, width:40.48, height:40.48), (x:680.95, y:43.38, width:40.48, height:40.48), (x:634.69, y:43.38, width:40.48, height:40.48), (x:588.42, y:43.38, width:40.48, height:40.48), (x:542.15, y:43.38, width:40.48, height:40.48), (x:495.89, y:43.38, width:40.48, height:40.48), (x:449.62, y:43.38, width:40.48, height:40.48)]
38731,3 #   HUD.static.MGJBGOOFALD len=8 [(x:1106.03, y:43.38, width:40.48, height:40.48), (x:1152.30, y:43.38, width:40.48, height:40.48), (x:1198.56, y:43.38, width:40.48, height:40.48), (x:1244.83, y:43.38, width:40.48, height:40.48), (x:1291.10, y:43.38, width:40.48, height:40.48), (x:1337.36, y:43.38, width:40.48, height:40.48), (x:1383.63, y:43.38, width:40.48, height:40.48), (x:1429.90, y:43.38, width:40.48, height:40.48)]
38731,4 #   HUD.static.FBJDJBJOIJD len=16 [(x:773.49, y:20.24, width:40.48, height:40.48), (x:727.22, y:20.24, width:40.48, height:40.48), (x:680.95, y:20.24, width:40.48, height:40.48), (x:634.69, y:20.24, width:40.48, height:40.48), (x:588.42, y:20.24, width:40.48, height:40.48), (x:542.15, y:20.24, width:40.48, height:40.48), (x:495.89, y:20.24, width:40.48, height:40.48), (x:449.62, y:20.24, width:40.48, height:40.48), (x:773.49, y:66.51, width:40.48, height:40.48), (x:727.22, y:66.51, width:40.48, height:40.48), (x:680.95, y:66.51, width:40.48, height:40.48), (x:634.69, y:66.51, width:40.48, height:40.48)]
38731,6 #   HUD.static.HPCDGLNGIJJ len=16 [(x:1106.03, y:20.24, width:40.48, height:40.48), (x:1152.30, y:20.24, width:40.48, height:40.48), (x:1198.56, y:20.24, width:40.48, height:40.48), (x:1244.83, y:20.24, width:40.48, height:40.48), (x:1291.10, y:20.24, width:40.48, height:40.48), (x:1337.36, y:20.24, width:40.48, height:40.48), (x:1383.63, y:20.24, width:40.48, height:40.48), (x:1429.90, y:20.24, width:40.48, height:40.48), (x:1106.03, y:66.51, width:40.48, height:40.48), (x:1152.30, y:66.51, width:40.48, height:40.48), (x:1198.56, y:66.51, width:40.48, height:40.48), (x:1244.83, y:66.51, width:40.48, height:40.48)]
38731,6 #   HUD.static.JNAIOMMAIJG len=128 [0, 0, 0, 0, 0, 0, 0, 0, 0, 0, 0, 0]
38731,6 #S  HUD: DHKHMLPECLF=0 IDFHNKPJNCJ=0 CBDLILOKFDN=0 LCANLDDJLFB=1 IMPGDAPCBJF=108 ECHGPEPBOIM=0 NCPLNFKICBA=0 useGUILayout=1 enabled=1 isActiveAndEnabled=1 WasCollected=0
38731,6 #S  GUIInv.static: CBFLNECJIFF=0 HIMLDGKPFPO=0 DGIJIEDOAEG=0 HKFEGAMNGEB=0 MPBHJGCJBDE=0 JMACIGCBFBD=0 BFJLPHFIAAH=0 HJDOBCDPGPN=0 AHGBOGEBGKK=0 BACEMKABHAP=0 FBCMGKKKPPN=0 PNMFBNFKNAP=1 CAMEKFBNJEC=0 EFBFIHJMABF=1 NOMKICNEPMC=0 CPDKLHLLOKJ=0 IJNHDOGBGNE=0 FEBBCHLIJAM=0 LALEHGDILEB=9 INCDIECCFMC=7 LOILCIEIHHF=8 LPIHIDHBCAG=0 NDGEDGDLEMI=0 GLPOMODNMHL=0 NJLOOIBPPHE=0
38731,7 #   GUIInv.static.MHCPNENABCD len=9 [0, 0, 0, 1, 1, 0, 0, 0, 0]
38731,7 #   GUIInv.static.CLKDEHIHPAJ len=31 [0, 0, 1, 1, 1, 1, 1, 1, 1, 1, 1, 1]
38731,7 #   GUIInv.static.EKNEPPFAEME len=30 [0, 0, 0, 1, 1, 1, 1, 1, 1, 1, 1, 1]
38731,7 #   GUIInv.static.ODBDHJLHOGP len=29 [0, 0, 1, 1, 1, 1, 1, 1, 1, 1, 1, 1]
38731,7 #   GUIInv.static.JGFMOAHNPDN len=3 [0, 1, 1]
38731,7 #S  GUIInv: LDKMPMIANCE=0 WasCollected=0
38731,8 fw PLH.static      ADJMBEDDHLB         38.2768 -> 38.2842
38731,8 fw PLH.static      CFIMEAFDJFM         34.1283 -> 34.1356
38736,2 fw Controll.static GIPNIMALPEG          0.6918 -> 0.7188
38736,3 fw PLH.static      ADJMBEDDHLB         38.2842 -> 38.2927
38736,3 fw PLH.static      CFIMEAFDJFM         34.1356 -> 34.1416
38745,4 fw PLH.static      ADJMBEDDHLB         38.2927 -> 38.2972
38751,8 fw PLH.static      ADJMBEDDHLB         38.2972 -> 38.3063
38758,2 fw Controll.static MKFDGFOCKNO          38.261 -> 38.311
38758,2 fw Controll.static LEKCBKLAILO          38.311 -> 38.361
38758,3 fw PLH.static      ADJMBEDDHLB         38.3063 -> 38.3127
38758,3 fw PLH.static      CFIMEAFDJFM         34.1416 -> 34.1635
38765,1 fw Controll.static OFJKHAFJIMA          0.0014 -> 0.0012
38765,1 fw PLH.static      ADJMBEDDHLB         38.3127 -> 38.3192
38765,1 fw PLH.static      CFIMEAFDJFM         34.1635 -> 34.1706
38772,0 fw PLH.static      ADJMBEDDHLB         38.3192 -> 38.326
38777,8 fw Controll.static GIPNIMALPEG          0.7188 -> 0.5495
38777,8 fw PLH.static      ADJMBEDDHLB          38.326 -> 38.3329
38777,8 fw PLH.static      CFIMEAFDJFM         34.1706 -> 34.1839
38786,0 fw PLH.static      ADJMBEDDHLB         38.3329 -> 38.3387
38786,0 fw PLH.static      CFIMEAFDJFM         34.1839 -> 34.1902
38791,2 fw PLH.static      ADJMBEDDHLB         38.3387 -> 38.3469
38799,3 fw PLH.static      ADJMBEDDHLB         38.3469 -> 38.3522
38799,3 fw PLH.static      CFIMEAFDJFM         34.1902 -> 34.2031
38804,9 fw Controll.static MKFDGFOCKNO          38.311 -> 38.361
38804,9 fw Controll.static LEKCBKLAILO          38.361 -> 38.411
38804,9 fw Controll.static OFJKHAFJIMA          0.0012 -> 0.0044
38805,0 fw PLH.static      ADJMBEDDHLB         38.3522 -> 38.3602
38815,2 fw PLH.static      ADJMBEDDHLB         38.3602 -> 38.3659
38815,2 fw PLH.static      CFIMEAFDJFM         34.2031 -> 34.2171
38819,6 fw Controll.static GIPNIMALPEG          0.5495 -> 0.385
38819,6 fw PLH.static      ADJMBEDDHLB         38.3659 -> 38.3761
38831,8 fw PLH.static      ADJMBEDDHLB         38.3761 -> 38.3805
38834,9 fw PLH.static      ADJMBEDDHLB         38.3805 -> 38.3927
38845,0 fw PLH.static      ADJMBEDDHLB         38.3927 -> 38.3957
38851,4 fw Controll.static MKFDGFOCKNO          38.361 -> 38.411
38851,4 fw Controll.static LEKCBKLAILO          38.411 -> 38.461
38851,4 fw Controll.static OFJKHAFJIMA          0.0044 -> 0.0008
38851,5 fw PLH.static      ADJMBEDDHLB         38.3957 -> 38.4059
38858,2 fw PLH.static      ADJMBEDDHLB         38.4059 -> 38.4124
38865,6 fw Controll.static GIPNIMALPEG           0.385 -> 0.3055
38865,6 fw PLH.static      ADJMBEDDHLB         38.4124 -> 38.4191
38871,1 fw PLH.static      ADJMBEDDHLB         38.4191 -> 38.4265
38881,1 fw PLH.static      ADJMBEDDHLB         38.4265 -> 38.432
38884,3 fw PLH.static      ADJMBEDDHLB          38.432 -> 38.4421
38894,5 fw PLH.static      ADJMBEDDHLB         38.4421 -> 38.4452
38900,6 fw PLH.static      ADJMBEDDHLB         38.4452 -> 38.4554
38907,5 fw Controll.static GIPNIMALPEG          0.3055 -> 0.1441
38907,6 fw PLH.static      ADJMBEDDHLB         38.4554 -> 38.4615
38914,9 fw PLH.static      ADJMBEDDHLB         38.4615 -> 38.4685
38920,5 fw PLH.static      ADJMBEDDHLB         38.4685 -> 38.4758
38928,1 fw PLH.static      ADJMBEDDHLB         38.4758 -> 38.4814
38935,1 fw Controll.static MKFDGFOCKNO          38.411 -> 38.461
38935,1 fw Controll.static LEKCBKLAILO          38.461 -> 38.511
38935,1 fw Controll.static OFJKHAFJIMA          0.0008 -> 0.0001
38935,1 fw PLH.static      ADJMBEDDHLB         38.4814 -> 38.489
38941,2 fw PLH.static      ADJMBEDDHLB          38.489 -> 38.496
38949,4 fw Controll.static GIPNIMALPEG          0.1441 -> 0.9819
38949,5 fw PLH.static      ADJMBEDDHLB          38.496 -> 38.5021
38954,3 fw PLH.static      ADJMBEDDHLB         38.5021 -> 38.5104
38964,2 fw PLH.static      ADJMBEDDHLB         38.5104 -> 38.5152
38968,0 fw PLH.static      ADJMBEDDHLB         38.5152 -> 38.5252
38977,6 fw Controll.static MKFDGFOCKNO          38.461 -> 38.511
38977,6 fw Controll.static LEKCBKLAILO          38.511 -> 38.561
38977,6 fw Controll.static OFJKHAFJIMA          0.0001 -> 0.0036
38977,7 fw PLH.static      ADJMBEDDHLB         38.5252 -> 38.5289
38984,1 fw PLH.static      ADJMBEDDHLB         38.5289 -> 38.5385
38991,3 fw PLH.static      ADJMBEDDHLB         38.5385 -> 38.5451
38991,3 fw PLH.static      CFIMEAFDJFM         34.2171 -> 34.3964
38997,7 fw Controll.static GIPNIMALPEG          0.9819 -> 0.9487
38997,8 fw PLH.static      ADJMBEDDHLB         38.5451 -> 38.5522
38997,8 fw PLH.static      CFIMEAFDJFM         34.3964 -> 34.4032
39004,8 fw PLH.static      ADJMBEDDHLB         38.5522 -> 38.5587
39011,2 fw PLH.static      ADJMBEDDHLB         38.5587 -> 38.5657
39017,6 fw Controll.static MKFDGFOCKNO          38.511 -> 38.5611
39017,6 fw Controll.static LEKCBKLAILO          38.561 -> 38.611
39017,7 fw PLH.static      ADJMBEDDHLB         38.5657 -> 38.5721
39017,7 fw PLH.static      CFIMEAFDJFM         34.4032 -> 34.4232
39023,7 fw Controll.static OFJKHAFJIMA          0.0036 -> 0.0042
39023,7 fw PLH.static      ADJMBEDDHLB         38.5721 -> 38.5786
39032,5 fw PLH.static      ADJMBEDDHLB         38.5786 -> 38.5847
39037,3 fw Controll.static GIPNIMALPEG          0.9487 -> 0.7392
39037,3 fw PLH.static      ADJMBEDDHLB         38.5847 -> 38.5934
39047,6 fw PLH.static      ADJMBEDDHLB         38.5934 -> 38.5982
39052,7 fw PLH.static      ADJMBEDDHLB         38.5982 -> 38.6085
39052,7 fw PLH.static      CFIMEAFDJFM         34.4232 -> 34.4599
39060,2 fw PLH.static      ADJMBEDDHLB         38.6085 -> 38.6136
39060,2 fw PLH.static      CFIMEAFDJFM         34.4599 -> 34.4645
39066,6 fw Controll.static MKFDGFOCKNO         38.5611 -> 38.6111
39066,6 fw Controll.static LEKCBKLAILO          38.611 -> 38.6611
39066,6 fw Controll.static OFJKHAFJIMA          0.0042 -> 0.0021
39066,7 fw PLH.static      ADJMBEDDHLB         38.6136 -> 38.621
39066,7 fw PLH.static      CFIMEAFDJFM         34.4645 -> 34.4726
39073,5 fw PLH.static      ADJMBEDDHLB          38.621 -> 38.6276
39080,9 fw Controll.static GIPNIMALPEG          0.7392 -> 0.6103
39080,9 fw PLH.static      ADJMBEDDHLB         38.6276 -> 38.6344
39080,9 fw PLH.static      CFIMEAFDJFM         34.4726 -> 34.4854
39086,3 fw PLH.static      ADJMBEDDHLB         38.6344 -> 38.6418
39094,8 fw PLH.static      ADJMBEDDHLB         38.6418 -> 38.6472
39094,8 fw PLH.static      CFIMEAFDJFM         34.4854 -> 34.4986
39100,3 fw PLH.static      ADJMBEDDHLB         38.6472 -> 38.6558
39100,3 fw PLH.static      CFIMEAFDJFM         34.4986 -> 34.5066
39109,2 fw Controll.static MKFDGFOCKNO         38.6111 -> 38.6611
39109,2 fw Controll.static LEKCBKLAILO         38.6611 -> 38.7111
39109,2 fw Controll.static OFJKHAFJIMA          0.0021 -> 0.0087
39109,3 fw PLH.static      ADJMBEDDHLB         38.6558 -> 38.6612
39115,2 fw PLH.static      ADJMBEDDHLB         38.6612 -> 38.6702
39115,2 fw PLH.static      CFIMEAFDJFM         34.5066 -> 34.521
39122,4 fw Controll.static GIPNIMALPEG          0.6103 -> 0.4409
39122,4 fw PLH.static      ADJMBEDDHLB         38.6702 -> 38.6762
39122,4 fw PLH.static      CFIMEAFDJFM          34.521 -> 34.5276
39131,0 fw PLH.static      ADJMBEDDHLB         38.6762 -> 38.6833
39134,9 fw PLH.static      ADJMBEDDHLB         38.6833 -> 38.6918
39134,9 fw PLH.static      CFIMEAFDJFM         34.5276 -> 34.543
39144,4 fw PLH.static      ADJMBEDDHLB         38.6918 -> 38.6958
39144,4 fw PLH.static      CFIMEAFDJFM          34.543 -> 34.5473
39150,8 fw Controll.static MKFDGFOCKNO         38.6611 -> 38.7111
39150,8 fw Controll.static LEKCBKLAILO         38.7111 -> 38.7611
39150,8 fw Controll.static OFJKHAFJIMA          0.0087 -> 0.0003
39150,8 fw PLH.static      ADJMBEDDHLB         38.6958 -> 38.7053
39150,9 fw PLH.static      CFIMEAFDJFM         34.5473 -> 34.5568
39157,9 fw PLH.static      ADJMBEDDHLB         38.7053 -> 38.7118
39158,0 fw PLH.static      CFIMEAFDJFM         34.5568 -> 34.5628
39164,9 fw Controll.static GIPNIMALPEG          0.4409 -> 0.2923
39165,0 fw PLH.static      ADJMBEDDHLB         38.7118 -> 38.7189
39165,0 fw PLH.static      CFIMEAFDJFM         34.5628 -> 34.5703
39171,5 fw PLH.static      ADJMBEDDHLB         38.7189 -> 38.7259
39180,9 fw PLH.static      ADJMBEDDHLB         38.7259 -> 38.7324
39180,9 fw PLH.static      CFIMEAFDJFM         34.5703 -> 34.5835
39183,9 fw PLH.static      ADJMBEDDHLB         38.7324 -> 38.7418
39194,5 fw PLH.static      ADJMBEDDHLB         38.7418 -> 38.7448
39194,6 fw PLH.static      CFIMEAFDJFM         34.5835 -> 34.5964
39200,2 fw PLH.static      ADJMBEDDHLB         38.7448 -> 38.7555
39208,7 fw Controll.static GIPNIMALPEG          0.2923 -> 0.1675
39208,8 fw PLH.static      ADJMBEDDHLB         38.7555 -> 38.7611
39208,8 fw PLH.static      CFIMEAFDJFM         34.5964 -> 34.6125
39214,8 fw PLH.static      ADJMBEDDHLB         38.7611 -> 38.7697
39214,8 fw PLH.static      CFIMEAFDJFM         34.6125 -> 34.6205
39222,7 fw PLH.static      ADJMBEDDHLB         38.7697 -> 38.7757
39231,0 fw PLH.static      ADJMBEDDHLB         38.7757 -> 38.7836
39235,6 fw Controll.static MKFDGFOCKNO         38.7111 -> 38.7611
39235,6 fw Controll.static LEKCBKLAILO         38.7611 -> 38.8111
39235,6 fw Controll.static OFJKHAFJIMA          0.0003 -> 0.0082
39235,7 fw PLH.static      ADJMBEDDHLB         38.7836 -> 38.7919
39235,7 fw PLH.static      CFIMEAFDJFM         34.6205 -> 34.643
39244,2 fw PLH.static      ADJMBEDDHLB         38.7919 -> 38.7966
39249,9 fw PLH.static      ADJMBEDDHLB         38.7966 -> 38.8052
39249,9 fw PLH.static      CFIMEAFDJFM          34.643 -> 34.656
39258,0 fw Controll.static GIPNIMALPEG          0.1675 -> 0.1528
39258,1 fw PLH.static      ADJMBEDDHLB         38.8052 -> 38.8109
39258,1 fw PLH.static      CFIMEAFDJFM          34.656 -> 34.6619
39264,9 fw PLH.static      ADJMBEDDHLB         38.8109 -> 38.819
39272,4 fw PLH.static      ADJMBEDDHLB          38.819 -> 38.8258
39277,3 fw Controll.static MKFDGFOCKNO         38.7611 -> 38.8111
39277,4 fw Controll.static LEKCBKLAILO         38.8111 -> 38.8611
39277,4 fw PLH.static      ADJMBEDDHLB         38.8258 -> 38.8333
39277,4 fw PLH.static      CFIMEAFDJFM         34.6619 -> 34.6843
39286,0 fw Controll.static OFJKHAFJIMA          0.0082 -> 0.0073
39286,1 fw PLH.static      ADJMBEDDHLB         38.8333 -> 38.8383
39286,1 fw PLH.static      CFIMEAFDJFM         34.6843 -> 34.6897
39291,8 fw PLH.static      ADJMBEDDHLB         38.8383 -> 38.847
39299,3 fw Controll.static GIPNIMALPEG          0.1528 -> 0.9801
39299,4 fw PLH.static      ADJMBEDDHLB          38.847 -> 38.8527
39304,3 fw PLH.static      ADJMBEDDHLB         38.8527 -> 38.8603
39314,0 fw PLH.static      ADJMBEDDHLB         38.8603 -> 38.8652
39314,0 fw PLH.static      CFIMEAFDJFM         34.6897 -> 34.7165
39318,1 fw PLH.static      ADJMBEDDHLB         38.8652 -> 38.8749
39318,1 fw PLH.static      CFIMEAFDJFM         34.7165 -> 34.726
39333,4 fw Controll.static MKFDGFOCKNO         38.8111 -> 38.8611
39333,4 fw Controll.static LEKCBKLAILO         38.8611 -> 38.9111
39333,4 fw Controll.static OFJKHAFJIMA          0.0073 -> 0.0037
39333,4 fw PLH.static      ADJMBEDDHLB         38.8749 -> 38.879
39342,7 fw PLH.static      ADJMBEDDHLB          38.879 -> 38.8944
39342,7 fw PLH.static      CFIMEAFDJFM          34.726 -> 34.7397
39354,3 fw Controll.static GIPNIMALPEG          0.9801 -> 0.0792
39354,4 fw PLH.static      ADJMBEDDHLB         38.8944 -> 38.9036
39357,7 fw PLH.static      ADJMBEDDHLB         38.9036 -> 38.9153
39374,8 fw PLH.static      ADJMBEDDHLB         38.9153 -> 38.9186
39378,0 fw PLH.static      ADJMBEDDHLB         38.9186 -> 38.9359
39378,0 fw PLH.static      CFIMEAFDJFM         34.7397 -> 34.7827
39389,8 fw Controll.static MKFDGFOCKNO         38.8611 -> 38.9111
39389,8 fw Controll.static LEKCBKLAILO         38.9111 -> 38.9611
39389,9 fw PLH.static      ADJMBEDDHLB         38.9359 -> 38.939
39389,9 fw PLH.static      CFIMEAFDJFM         34.7827 -> 34.7903
39394,3 fw PLH.static      ADJMBEDDHLB          38.939 -> 38.9508
39394,3 fw PLH.static      CFIMEAFDJFM         34.7903 -> 34.8017
39404,7 fw Controll.static GIPNIMALPEG          0.0792 -> 0.087
39404,8 fw PLH.static      ADJMBEDDHLB         38.9508 -> 38.9552
39410,8 fw PLH.static      ADJMBEDDHLB         38.9552 -> 38.9657
39410,8 fw PLH.static      CFIMEAFDJFM         34.8017 -> 34.8169
39417,7 fw PLH.static      ADJMBEDDHLB         38.9657 -> 38.9717
39427,0 fw PLH.static      ADJMBEDDHLB         38.9717 -> 38.9788
39433,1 fw Controll.static MKFDGFOCKNO         38.9111 -> 38.9611
39433,1 fw Controll.static LEKCBKLAILO         38.9611 -> 39.0111
39433,1 fw Controll.static OFJKHAFJIMA          0.0037 -> 0.0041
39433,2 fw PLH.static      ADJMBEDDHLB         38.9788 -> 38.9879
39442,2 fw PLH.static      ADJMBEDDHLB         38.9879 -> 38.9941
39442,2 fw PLH.static      CFIMEAFDJFM         34.8169 -> 34.8452
39449,9 fw Controll.static GIPNIMALPEG           0.087 -> 0.9908
39450,0 fw PLH.static      ADJMBEDDHLB         38.9941 -> 39.0032
39450,0 fw PLH.static      CFIMEAFDJFM         34.8452 -> 34.8546
39456,5 fw PLH.static      ADJMBEDDHLB         39.0032 -> 39.0109
39456,5 fw PLH.static      CFIMEAFDJFM         34.8546 -> 34.8621
39466,1 fw PLH.static      ADJMBEDDHLB         39.0109 -> 39.0174
39478,9 fw PLH.static      ADJMBEDDHLB         39.0174 -> 39.027
39478,9 fw PLH.static      CFIMEAFDJFM         34.8621 -> 34.8784
39484,8 fw Controll.static MKFDGFOCKNO         38.9611 -> 39.0111
39484,8 fw Controll.static LEKCBKLAILO         39.0111 -> 39.0611
39484,8 fw Controll.static OFJKHAFJIMA          0.0041 -> 0.0058
39484,9 fw PLH.static      ADJMBEDDHLB          39.027 -> 39.0399
39484,9 fw PLH.static      CFIMEAFDJFM         34.8784 -> 34.8863
39496,1 fw PLH.static      ADJMBEDDHLB         39.0399 -> 39.0458
39496,1 fw PLH.static      CFIMEAFDJFM         34.8863 -> 34.8973
39524,3 fw Controll.static GIPNIMALPEG          0.9908 -> 0.4687
39524,3 fw PLH.static      ADJMBEDDHLB         39.0458 -> 39.0571
39524,3 fw PLH.static      CFIMEAFDJFM         34.8973 -> 34.9077
39529,4 fw PLH.static      ADJMBEDDHLB         39.0571 -> 39.0853
39529,4 fw PLH.static      CFIMEAFDJFM         34.9077 -> 34.9347
39541,7 fw Controll.static DGNDKAKOEPD         3250984 -> 3252023
39541,7 fw Controll.static BEJBLGGGOCC       340832121 -> 340833138
39541,7 fw Controll.static JELGPAKAJPE             151 -> 193
39541,8 fw Controll.static EENJPDHGGGC         38.0179 -> 39.0571
39541,8 fw PLH.static      ADJMBEDDHLB         39.0853 -> 39.0904
39553,2 fw PLH.static      ADJMBEDDHLB         39.0904 -> 39.1034
39553,2 fw PLH.static      CFIMEAFDJFM         34.9347 -> 34.9534
39562,4 fw Controll.static MKFDGFOCKNO         39.0111 -> 39.1111
39562,4 fw Controll.static LEKCBKLAILO         39.0611 -> 39.1611
39562,4 fw Controll.static OFJKHAFJIMA          0.0058 -> 0.0023
39562,7 fw PLH.static      ADJMBEDDHLB         39.1034 -> 39.1141
39562,7 fw PLH.static      CFIMEAFDJFM         34.9534 -> 34.9644
39567,1 fw PLH.static      ADJMBEDDHLB         39.1141 -> 39.1237
39567,1 fw PLH.static      CFIMEAFDJFM         34.9644 -> 34.9747
39578,2 fw PLH.static      ADJMBEDDHLB         39.1237 -> 39.128
39585,1 fw Controll.static GIPNIMALPEG          0.4687 -> 0.6933
39585,1 fw PLH.static      ADJMBEDDHLB          39.128 -> 39.1397
39585,1 fw PLH.static      CFIMEAFDJFM         34.9747 -> 34.9899
39596,9 fw PLH.static      ADJMBEDDHLB         39.1397 -> 39.146
39602,9 fw PLH.static      ADJMBEDDHLB          39.146 -> 39.1578
39602,9 fw PLH.static      CFIMEAFDJFM         34.9899 -> 35.0089
39611,4 fw Controll.static MKFDGFOCKNO         39.1111 -> 39.1611
39611,5 fw Controll.static LEKCBKLAILO         39.1611 -> 39.2111
39611,5 fw PLH.static      ADJMBEDDHLB         39.1578 -> 39.1638
39617,4 fw Controll.static OFJKHAFJIMA          0.0023 -> 0.0018
39617,5 fw PLH.static      ADJMBEDDHLB         39.1638 -> 39.1728
39617,5 fw PLH.static      CFIMEAFDJFM         35.0089 -> 35.0234
39633,3 fw PLH.static      ADJMBEDDHLB         39.1728 -> 39.1784
39636,4 fw Controll.static GIPNIMALPEG          0.6933 -> 0.7198
39636,5 fw PLH.static      ADJMBEDDHLB         39.1784 -> 39.1943
39636,5 fw PLH.static      CFIMEAFDJFM         35.0234 -> 35.0453
39650,0 fw PLH.static      ADJMBEDDHLB         39.1943 -> 39.1974
39656,5 fw PLH.static      ADJMBEDDHLB         39.1974 -> 39.2109
39656,5 fw PLH.static      CFIMEAFDJFM         35.0453 -> 35.0619
39663,5 fw PLH.static      ADJMBEDDHLB         39.2109 -> 39.2175
39663,5 fw PLH.static      CFIMEAFDJFM         35.0619 -> 35.0685
39676,4 fw Controll.static MKFDGFOCKNO         39.1611 -> 39.2111
39676,4 fw Controll.static LEKCBKLAILO         39.2111 -> 39.2611
39676,4 fw Controll.static OFJKHAFJIMA          0.0018 -> 0.0058
39676,5 fw PLH.static      ADJMBEDDHLB         39.2175 -> 39.227
39676,5 fw PLH.static      CFIMEAFDJFM         35.0685 -> 35.0759
39682,8 fw PLH.static      ADJMBEDDHLB          39.227 -> 39.2374
39695,7 fw Controll.static GIPNIMALPEG          0.7198 -> 0.9051
39695,8 fw PLH.static      ADJMBEDDHLB         39.2374 -> 39.2438
39695,8 fw PLH.static      CFIMEAFDJFM         35.0759 -> 35.0952
39703,7 fw PLH.static      ADJMBEDDHLB         39.2438 -> 39.2567
39703,7 fw PLH.static      CFIMEAFDJFM         35.0952 -> 35.1067
39710,0 fw PLH.static      ADJMBEDDHLB         39.2567 -> 39.2646
39717,0 fw PLH.static      ADJMBEDDHLB         39.2646 -> 39.2709
39717,0 fw PLH.static      CFIMEAFDJFM         35.1067 -> 35.122
39723,1 fw Controll.static MKFDGFOCKNO         39.2111 -> 39.2611
39723,1 fw Controll.static LEKCBKLAILO         39.2611 -> 39.3111
39723,1 fw Controll.static OFJKHAFJIMA          0.0058 -> 0.003
39723,2 fw PLH.static      ADJMBEDDHLB         39.2709 -> 39.2779
39730,3 fw PLH.static      ADJMBEDDHLB         39.2779 -> 39.2841
39736,0 fw Controll.static GIPNIMALPEG          0.9051 -> 0.7108
39736,0 fw PLH.static      ADJMBEDDHLB         39.2841 -> 39.2912
39744,9 fw PLH.static      ADJMBEDDHLB         39.2912 -> 39.2969
39744,9 fw PLH.static      CFIMEAFDJFM          35.122 -> 35.1482
39751,4 fw PLH.static      ADJMBEDDHLB         39.2969 -> 39.3058
39757,9 fw PLH.static      ADJMBEDDHLB         39.3058 -> 39.3123
39757,9 fw PLH.static      CFIMEAFDJFM         35.1482 -> 35.1632
39764,1 fw Controll.static MKFDGFOCKNO         39.2611 -> 39.3111
39764,1 fw Controll.static LEKCBKLAILO         39.3111 -> 39.3611
39764,1 fw Controll.static OFJKHAFJIMA           0.003 -> 0.0007
39764,2 fw PLH.static      ADJMBEDDHLB         39.3123 -> 39.3188
39771,4 fw PLH.static      ADJMBEDDHLB         39.3188 -> 39.3251
39776,9 fw Controll.static GIPNIMALPEG          0.7108 -> 0.5287
39776,9 fw PLH.static      ADJMBEDDHLB         39.3251 -> 39.3323
39784,8 fw PLH.static      ADJMBEDDHLB         39.3323 -> 39.3378
39790,8 fw PLH.static      ADJMBEDDHLB         39.3378 -> 39.3457
39790,8 fw PLH.static      CFIMEAFDJFM         35.1632 -> 35.1971
39798,5 fw PLH.static      ADJMBEDDHLB         39.3457 -> 39.3517
39798,6 fw PLH.static      CFIMEAFDJFM         35.1971 -> 35.2025
39804,7 fw Controll.static MKFDGFOCKNO         39.3111 -> 39.3612
39804,7 fw Controll.static LEKCBKLAILO         39.3611 -> 39.4112
39804,7 fw Controll.static OFJKHAFJIMA          0.0007 -> 0.0041
39804,8 fw PLH.static      ADJMBEDDHLB         39.3517 -> 39.3595
39804,8 fw PLH.static      CFIMEAFDJFM         35.2025 -> 35.2109
39811,1 fw PLH.static      ADJMBEDDHLB         39.3595 -> 39.3657
39811,1 fw PLH.static      CFIMEAFDJFM         35.2109 -> 35.217
39819,3 fw Controll.static GIPNIMALPEG          0.5287 -> 0.3769
39819,4 fw PLH.static      ADJMBEDDHLB         39.3657 -> 39.372
39824,7 fw PLH.static      ADJMBEDDHLB          39.372 -> 39.3803
39832,5 fw PLH.static      ADJMBEDDHLB         39.3803 -> 39.3856
39838,0 fw PLH.static      ADJMBEDDHLB         39.3856 -> 39.3934
39845,6 fw PLH.static      ADJMBEDDHLB         39.3934 -> 39.3989
39852,0 fw PLH.static      ADJMBEDDHLB         39.3989 -> 39.4065
39852,1 fw PLH.static      CFIMEAFDJFM          35.217 -> 35.258
39860,2 fw PLH.static      ADJMBEDDHLB         39.4065 -> 39.4129
39869,9 fw Controll.static GIPNIMALPEG          0.3769 -> 0.39
39870,0 fw PLH.static      ADJMBEDDHLB         39.4129 -> 39.4211
39873,3 fw PLH.static      ADJMBEDDHLB         39.4211 -> 39.4309
39873,3 fw PLH.static      CFIMEAFDJFM          35.258 -> 35.282
39883,9 fw PLH.static      ADJMBEDDHLB         39.4309 -> 39.4342
39926,1 fw Controll.static MKFDGFOCKNO         39.3612 -> 39.4612
39926,1 fw Controll.static LEKCBKLAILO         39.4112 -> 39.5112
39926,2 fw PLH.static      ADJMBEDDHLB         39.4342 -> 39.4448
39929,9 fw Controll.static OFJKHAFJIMA          0.0041 -> 0.0254
39929,9 fw PLH.static      ADJMBEDDHLB         39.4448 -> 39.4871
39929,9 fw PLH.static      CFIMEAFDJFM          35.282 -> 35.3224
39941,9 fw PLH.static      ADJMBEDDHLB         39.4871 -> 39.4908
39947,8 fw Controll.static GIPNIMALPEG            0.39 -> 0.9478
39947,9 fw PLH.static      ADJMBEDDHLB         39.4908 -> 39.5029
39947,9 fw PLH.static      CFIMEAFDJFM         35.3224 -> 35.3543
39955,1 fw PLH.static      ADJMBEDDHLB         39.5029 -> 39.5088
39960,2 fw PLH.static      ADJMBEDDHLB         39.5088 -> 39.516
39968,4 fw PLH.static      ADJMBEDDHLB          39.516 -> 39.5211
39973,6 fw Controll.static MKFDGFOCKNO         39.4612 -> 39.5112
39973,6 fw Controll.static LEKCBKLAILO         39.5112 -> 39.5612
39973,6 fw Controll.static OFJKHAFJIMA          0.0254 -> 0.0044
39973,6 fw PLH.static      ADJMBEDDHLB         39.5211 -> 39.5293
39981,3 fw PLH.static      ADJMBEDDHLB         39.5293 -> 39.5345
40040,5 fw Controll.static GIPNIMALPEG          0.9478 -> 0.8003
40040,5 fw PLH.static      ADJMBEDDHLB         39.5345 -> 39.5422
40064,0 fw PLH.static      ADJMBEDDHLB         39.5422 -> 39.6014
40095,0 fw PLH.static      ADJMBEDDHLB         39.6014 -> 39.625
40097,1 fw PLH.static      ADJMBEDDHLB          39.625 -> 39.6559
40108,5 fw Controll.static MKFDGFOCKNO         39.5112 -> 39.6612
40108,5 fw Controll.static LEKCBKLAILO         39.5612 -> 39.7112
40108,5 fw Controll.static OFJKHAFJIMA          0.0044 -> 0.0079
40108,6 fw PLH.static      ADJMBEDDHLB         39.6559 -> 39.658
40113,5 fw PLH.static      ADJMBEDDHLB          39.658 -> 39.6695
40121,1 fw Controll.static GIPNIMALPEG          0.8003 -> 0.4134
40121,2 fw PLH.static      ADJMBEDDHLB         39.6695 -> 39.6744
40126,6 fw PLH.static      ADJMBEDDHLB         39.6744 -> 39.6821
40134,8 fw PLH.static      ADJMBEDDHLB         39.6821 -> 39.6875
40139,6 fw PLH.static      ADJMBEDDHLB         39.6875 -> 39.6957
40147,6 fw PLH.static      ADJMBEDDHLB         39.6957 -> 39.7005
40153,4 fw PLH.static      ADJMBEDDHLB         39.7005 -> 39.7085
40160,8 fw Controll.static GIPNIMALPEG          0.4134 -> 0.2064
40160,8 fw PLH.static      ADJMBEDDHLB         39.7085 -> 39.7142
40170,4 fw PLH.static      ADJMBEDDHLB         39.7142 -> 39.7217
40174,9 fw PLH.static      ADJMBEDDHLB         39.7217 -> 39.7313
40185,4 fw PLH.static      ADJMBEDDHLB         39.7313 -> 39.7358
40192,1 fw Controll.static MKFDGFOCKNO         39.6612 -> 39.7112
40192,1 fw Controll.static LEKCBKLAILO         39.7112 -> 39.7612
40192,1 fw Controll.static OFJKHAFJIMA          0.0079 -> 0.0027
40192,2 fw PLH.static      ADJMBEDDHLB         39.7358 -> 39.7463
40197,6 fw PLH.static      ADJMBEDDHLB         39.7463 -> 39.7531
40205,1 fw Controll.static GIPNIMALPEG          0.2064 -> 0.0936
40205,2 fw PLH.static      ADJMBEDDHLB         39.7531 -> 39.7585
40210,6 fw PLH.static      ADJMBEDDHLB         39.7585 -> 39.7662
40218,2 fw PLH.static      ADJMBEDDHLB         39.7662 -> 39.7715
40224,5 fw PLH.static      ADJMBEDDHLB         39.7715 -> 39.7791
40231,7 fw Controll.static MKFDGFOCKNO         39.7112 -> 39.7612
40231,7 fw Controll.static LEKCBKLAILO         39.7612 -> 39.8112
40231,7 fw Controll.static OFJKHAFJIMA          0.0027 -> 0.0045
40231,7 fw PLH.static      ADJMBEDDHLB         39.7791 -> 39.7855
40237,3 fw PLH.static      ADJMBEDDHLB         39.7855 -> 39.7926
40244,7 fw PLH.static      ADJMBEDDHLB         39.7926 -> 39.7982
40250,8 fw Controll.static GIPNIMALPEG          0.0936 -> 0.0073
40250,9 fw PLH.static      ADJMBEDDHLB         39.7982 -> 39.8056
40256,8 fw player          APFNBGHAJMD               1 -> 0
40256,8 fw PLH.static      ADJMBEDDHLB         39.8056 -> 39.8129
40256,9 fw PLH.static      CFIMEAFDJFM         35.3543 -> 35.6629
40265,8 fw PLH.static      ADJMBEDDHLB         39.8129 -> 39.8178
40265,8 fw PLH.static      CFIMEAFDJFM         35.6629 -> 35.6692
40271,6 fw Controll.static MKFDGFOCKNO         39.7612 -> 39.8112
40271,6 fw Controll.static LEKCBKLAILO         39.8112 -> 39.8612
40271,6 fw PLH.static      ADJMBEDDHLB         39.8178 -> 39.8267
40271,6 fw PLH.static      CFIMEAFDJFM         35.6692 -> 35.6781
40278,7 fw Controll.static OFJKHAFJIMA          0.0045 -> 0.0002
40278,7 fw PLH.static      ADJMBEDDHLB         39.8267 -> 39.8325
40278,7 fw PLH.static      CFIMEAFDJFM         35.6781 -> 35.6836
40284,7 fw player          APFNBGHAJMD               0 -> 1
40284,8 fw PLH.static      ADJMBEDDHLB         39.8325 -> 39.8396
40284,8 fw PLH.static      CFIMEAFDJFM         35.6836 -> 35.6911
40291,8 fw Controll.static GIPNIMALPEG          0.0073 -> 0.8273
40291,9 fw PLH.static      ADJMBEDDHLB         39.8396 -> 39.8457
40291,9 fw PLH.static      CFIMEAFDJFM         35.6911 -> 35.6971
40299,0 fw PLH.static      ADJMBEDDHLB         39.8457 -> 39.8528
40299,0 fw PLH.static      CFIMEAFDJFM         35.6971 -> 35.7038
40305,3 fw PLH.static      ADJMBEDDHLB         39.8528 -> 39.8599
40305,3 fw PLH.static      CFIMEAFDJFM         35.7038 -> 35.7114
40312,6 fw PLH.static      ADJMBEDDHLB         39.8599 -> 39.8663
40312,6 fw PLH.static      CFIMEAFDJFM         35.7114 -> 35.7174
40317,7 fw Controll.static MKFDGFOCKNO         39.8112 -> 39.8612
40317,7 fw Controll.static LEKCBKLAILO         39.8612 -> 39.9112
40317,7 fw Controll.static OFJKHAFJIMA          0.0002 -> 0.0046
40317,8 fw PLH.static      ADJMBEDDHLB         39.8663 -> 39.8736
40317,8 fw PLH.static      CFIMEAFDJFM         35.7174 -> 35.7246
40326,1 fw PLH.static      ADJMBEDDHLB         39.8736 -> 39.8787
40326,2 fw PLH.static      CFIMEAFDJFM         35.7246 -> 35.7301
40332,5 fw Controll.static GIPNIMALPEG          0.8273 -> 0.6399
40332,5 fw PLH.static      ADJMBEDDHLB         39.8787 -> 39.8871
40338,9 fw PLH.static      ADJMBEDDHLB         39.8871 -> 39.8934
40345,4 fw PLH.static      ADJMBEDDHLB         39.8934 -> 39.8999
40353,0 fw PLH.static      ADJMBEDDHLB         39.8999 -> 39.9063
40358,0 fw Controll.static MKFDGFOCKNO         39.8612 -> 39.9112
40358,0 fw Controll.static LEKCBKLAILO         39.9112 -> 39.9612
40358,0 fw Controll.static OFJKHAFJIMA          0.0046 -> 0.0023
40358,0 fw PLH.static      ADJMBEDDHLB         39.9063 -> 39.9139
40366,2 fw PLH.static      ADJMBEDDHLB         39.9139 -> 39.9189
40371,8 fw Controll.static GIPNIMALPEG          0.6399 -> 0.4273
40371,9 fw PLH.static      ADJMBEDDHLB         39.9189 -> 39.9271
40379,4 fw PLH.static      ADJMBEDDHLB         39.9271 -> 39.9328
40385,9 fw PLH.static      ADJMBEDDHLB         39.9328 -> 39.9403
40392,8 fw PLH.static      ADJMBEDDHLB         39.9403 -> 39.9468
40398,3 fw PLH.static      ADJMBEDDHLB         39.9468 -> 39.9537
40406,5 fw PLH.static      ADJMBEDDHLB         39.9537 -> 39.9592
40411,9 fw Controll.static GIPNIMALPEG          0.4273 -> 0.2281
40411,9 fw PLH.static      ADJMBEDDHLB         39.9592 -> 39.9674
40419,7 fw PLH.static      ADJMBEDDHLB         39.9674 -> 39.9728
40425,8 fw PLH.static      ADJMBEDDHLB         39.9728 -> 39.9806
40433,9 fw PLH.static      ADJMBEDDHLB         39.9806 -> 39.9867
40439,6 fw Controll.static MKFDGFOCKNO         39.9112 -> 39.9612
40439,6 fw Controll.static LEKCBKLAILO         39.9612 -> 40.0112
40439,6 fw Controll.static OFJKHAFJIMA          0.0023 -> 0.0057
40439,7 fw PLH.static      ADJMBEDDHLB         39.9867 -> 39.9947
40446,6 fw PLH.static      ADJMBEDDHLB         39.9947 -> 40.0005
40453,0 fw Controll.static GIPNIMALPEG          0.2281 -> 0.0497
40453,0 fw PLH.static      ADJMBEDDHLB         40.0005 -> 40.0075
40459,7 fw PLH.static      ADJMBEDDHLB         40.0075 -> 40.0139
40466,4 fw PLH.static      ADJMBEDDHLB         40.0139 -> 40.0206
40472,9 fw PLH.static      ADJMBEDDHLB         40.0206 -> 40.0273
40478,9 fw Controll.static MKFDGFOCKNO         39.9612 -> 40.0112
40478,9 fw Controll.static LEKCBKLAILO         40.0112 -> 40.0612
40478,9 fw Controll.static OFJKHAFJIMA          0.0057 -> 0.0023
40479,0 fw PLH.static      ADJMBEDDHLB         40.0273 -> 40.0338
40485,8 fw PLH.static      ADJMBEDDHLB         40.0338 -> 40.0399
40492,9 fw PLH.static      ADJMBEDDHLB         40.0399 -> 40.0467
40499,4 fw Controll.static GIPNIMALPEG          0.0497 -> 0.979
40499,5 fw PLH.static      ADJMBEDDHLB         40.0467 -> 40.0538
40506,9 fw PLH.static      ADJMBEDDHLB         40.0538 -> 40.0604
40512,0 fw PLH.static      ADJMBEDDHLB         40.0604 -> 40.0678
40519,7 fw Controll.static MKFDGFOCKNO         40.0112 -> 40.0612
40519,7 fw Controll.static LEKCBKLAILO         40.0612 -> 40.1112
40519,7 fw PLH.static      ADJMBEDDHLB         40.0678 -> 40.0729
40525,6 fw Controll.static OFJKHAFJIMA          0.0023 -> 0.0061
40525,7 fw PLH.static      ADJMBEDDHLB         40.0729 -> 40.0806
40533,4 fw PLH.static      ADJMBEDDHLB         40.0806 -> 40.0866
40539,9 fw Controll.static GIPNIMALPEG           0.979 -> 0.7887
40540,0 fw PLH.static      ADJMBEDDHLB         40.0866 -> 40.0943
40546,2 fw PLH.static      ADJMBEDDHLB         40.0943 -> 40.1009
40553,9 fw PLH.static      ADJMBEDDHLB         40.1009 -> 40.1071
40558,5 fw PLH.static      ADJMBEDDHLB         40.1071 -> 40.1148
40567,9 fw Controll.static MKFDGFOCKNO         40.0612 -> 40.1112
40567,9 fw Controll.static LEKCBKLAILO         40.1112 -> 40.1612
40567,9 fw Controll.static OFJKHAFJIMA          0.0061 -> 0.0031
40567,9 fw PLH.static      ADJMBEDDHLB         40.1148 -> 40.1194
40573,4 fw PLH.static      ADJMBEDDHLB         40.1194 -> 40.1288
40580,8 fw Controll.static GIPNIMALPEG          0.7887 -> 0.606
40580,8 fw PLH.static      ADJMBEDDHLB         40.1288 -> 40.1343
40587,0 fw PLH.static      ADJMBEDDHLB         40.1343 -> 40.1417
40594,2 fw PLH.static      ADJMBEDDHLB         40.1417 -> 40.1478
40600,8 fw PLH.static      ADJMBEDDHLB         40.1478 -> 40.1551
40600,9 SCORE a=5 b=7 clock=335
40606,4 fw Controll.static MKFDGFOCKNO         40.1112 -> 40.1612
40606,4 fw Controll.static LEKCBKLAILO         40.1612 -> 40.2112
40606,4 fw Controll.static OFJKHAFJIMA          0.0031 -> 0.0001
40606,5 fw PLH.static      ADJMBEDDHLB         40.1551 -> 40.1625
40606,5 fw PLH.static      CFIMEAFDJFM         35.7301 -> 36.013
40615,4 fw PLH.static      ADJMBEDDHLB         40.1625 -> 40.1674
40615,4 fw HUD.static      GONEFAMEMOJ             340 -> 335
40615,4 fw HUD.static      DIIAFKMNANI         30.6652 -> 36.013
40621,7 fw Controll.static GIPNIMALPEG           0.606 -> 0.4221
40621,7 fw PLH.static      ADJMBEDDHLB         40.1674 -> 40.1763
40621,7 fw PLH.static      CFIMEAFDJFM          36.013 -> 36.0273
40629,4 fw PLH.static      ADJMBEDDHLB         40.1763 -> 40.1826
40634,8 fw Controll.static DGNDKAKOEPD         3252023 -> 3253129
40634,8 fw Controll.static BEJBLGGGOCC       340833138 -> 340834102
40634,8 fw Controll.static JELGPAKAJPE             193 -> 297
40634,8 fw Controll.static EENJPDHGGGC         39.0571 -> 40.1625
40634,9 fw PLH.static      ADJMBEDDHLB         40.1826 -> 40.1903
40642,1 fw PLH.static      ADJMBEDDHLB         40.1903 -> 40.1958
40642,1 fw PLH.static      CFIMEAFDJFM         36.0273 -> 36.0472
40648,6 fw PLH.static      ADJMBEDDHLB         40.1958 -> 40.203
40655,5 fw PLH.static      ADJMBEDDHLB          40.203 -> 40.2095
40655,5 fw PLH.static      CFIMEAFDJFM         36.0472 -> 36.0606
40661,8 fw Controll.static GIPNIMALPEG          0.4221 -> 0.2265
40661,9 fw PLH.static      ADJMBEDDHLB         40.2095 -> 40.2164
40667,6 fw PLH.static      ADJMBEDDHLB         40.2164 -> 40.2228
40667,6 fw PLH.static      CFIMEAFDJFM         36.0606 -> 36.0742
40675,2 fw PLH.static      ADJMBEDDHLB         40.2228 -> 40.2285
40675,2 fw PLH.static      CFIMEAFDJFM         36.0742 -> 36.08
40680,9 fw PLH.static      ADJMBEDDHLB         40.2285 -> 40.2361
40688,7 fw Controll.static MKFDGFOCKNO         40.1612 -> 40.2112
40688,7 fw Controll.static LEKCBKLAILO         40.2112 -> 40.2612
40688,7 fw Controll.static OFJKHAFJIMA          0.0001 -> 0.0048
40688,7 fw PLH.static      ADJMBEDDHLB         40.2361 -> 40.2418
40694,2 fw PLH.static      ADJMBEDDHLB         40.2418 -> 40.2496
40694,2 fw PLH.static      CFIMEAFDJFM           36.08 -> 36.1007
40702,2 fw Controll.static GIPNIMALPEG          0.2265 -> 0.035
40702,3 fw PLH.static      ADJMBEDDHLB         40.2496 -> 40.2551
40708,2 fw PLH.static      ADJMBEDDHLB         40.2551 -> 40.2632
40708,2 fw PLH.static      CFIMEAFDJFM         36.1007 -> 36.1145
40716,1 fw PLH.static      ADJMBEDDHLB         40.2632 -> 40.2691
40716,1 fw PLH.static      CFIMEAFDJFM         36.1145 -> 36.1202
40722,7 fw PLH.static      ADJMBEDDHLB         40.2691 -> 40.277
40728,8 fw Controll.static MKFDGFOCKNO         40.2112 -> 40.2612
40728,8 fw Controll.static LEKCBKLAILO         40.2612 -> 40.3112
40728,8 fw Controll.static OFJKHAFJIMA          0.0048 -> 0.0016
40728,9 fw PLH.static      ADJMBEDDHLB          40.277 -> 40.2836
40735,0 fw PLH.static      ADJMBEDDHLB         40.2836 -> 40.2898
40735,0 fw PLH.static      CFIMEAFDJFM         36.1202 -> 36.1409
40742,2 fw PLH.static      ADJMBEDDHLB         40.2898 -> 40.2959
40749,1 fw Controll.static GIPNIMALPEG           0.035 -> 0.9718
40749,1 fw PLH.static      ADJMBEDDHLB         40.2959 -> 40.3031
40754,7 fw PLH.static      ADJMBEDDHLB         40.3031 -> 40.31
40762,0 fw PLH.static      ADJMBEDDHLB           40.31 -> 40.3156
40768,4 fw Controll.static MKFDGFOCKNO         40.2612 -> 40.3112
40768,5 fw Controll.static LEKCBKLAILO         40.3112 -> 40.3612
40768,5 fw PLH.static      ADJMBEDDHLB         40.3156 -> 40.3229
40768,5 fw PLH.static      CFIMEAFDJFM         36.1409 -> 36.1743
40775,0 fw Controll.static OFJKHAFJIMA          0.0016 -> 0.004
40775,1 fw PLH.static      ADJMBEDDHLB         40.3229 -> 40.3298
40775,1 fw PLH.static      CFIMEAFDJFM         36.1743 -> 36.1804
40782,7 fw PLH.static      ADJMBEDDHLB         40.3298 -> 40.336
40782,7 fw PLH.static      CFIMEAFDJFM         36.1804 -> 36.1875
40789,1 fw Controll.static GIPNIMALPEG          0.9718 -> 0.7723
40789,2 fw PLH.static      ADJMBEDDHLB          40.336 -> 40.3437
40789,2 fw PLH.static      CFIMEAFDJFM         36.1875 -> 36.1951
40795,0 fw PLH.static      ADJMBEDDHLB         40.3437 -> 40.3501
40795,0 fw PLH.static      CFIMEAFDJFM         36.1951 -> 36.2011
40806,2 fw PLH.static      ADJMBEDDHLB         40.3501 -> 40.3559
40806,2 fw PLH.static      CFIMEAFDJFM         36.2011 -> 36.2074
40811,5 fw PLH.static      ADJMBEDDHLB         40.3559 -> 40.3671
40811,5 fw PLH.static      CFIMEAFDJFM         36.2074 -> 36.2182
40821,1 fw Controll.static MKFDGFOCKNO         40.3112 -> 40.3612
40821,1 fw Controll.static LEKCBKLAILO         40.3612 -> 40.4112
40821,1 fw Controll.static OFJKHAFJIMA           0.004 -> 0.0054
40821,4 fw PLH.static      ADJMBEDDHLB         40.3671 -> 40.3724
40827,2 fw PLH.static      ADJMBEDDHLB         40.3724 -> 40.3834
40827,2 fw PLH.static      CFIMEAFDJFM         36.2182 -> 36.2322
40839,1 fw Controll.static GIPNIMALPEG          0.7723 -> 0.7713
40839,4 fw PLH.static      ADJMBEDDHLB         40.3834 -> 40.3881
40839,4 fw PLH.static      CFIMEAFDJFM         36.2322 -> 36.2394
40844,5 fw PLH.static      ADJMBEDDHLB         40.3881 -> 40.4003
40844,5 fw PLH.static      CFIMEAFDJFM         36.2394 -> 36.2506
40857,3 fw PLH.static      ADJMBEDDHLB         40.4003 -> 40.4054
40864,5 fw PLH.static      ADJMBEDDHLB         40.4054 -> 40.4182
40875,3 fw Controll.static MKFDGFOCKNO         40.3612 -> 40.4112
40875,3 fw Controll.static LEKCBKLAILO         40.4112 -> 40.4612
40875,4 fw PLH.static      ADJMBEDDHLB         40.4182 -> 40.4256
40880,3 fw PLH.static      ADJMBEDDHLB         40.4256 -> 40.4363
40888,6 fw Controll.static GIPNIMALPEG          0.7713 -> 0.7628
40888,7 fw PLH.static      ADJMBEDDHLB         40.4363 -> 40.4412
40888,7 fw PLH.static      CFIMEAFDJFM         36.2506 -> 36.2927
40893,7 fw PLH.static      ADJMBEDDHLB         40.4412 -> 40.4495
40893,7 fw PLH.static      CFIMEAFDJFM         36.2927 -> 36.3007
40901,7 fw PLH.static      ADJMBEDDHLB         40.4495 -> 40.4546
40907,4 fw PLH.static      ADJMBEDDHLB         40.4546 -> 40.4626
40907,4 fw PLH.static      CFIMEAFDJFM         36.3007 -> 36.3138
40915,1 fw Controll.static MKFDGFOCKNO         40.4112 -> 40.4612
40915,1 fw Controll.static LEKCBKLAILO         40.4612 -> 40.5112
40915,2 fw Controll.static OFJKHAFJIMA          0.0054 -> 0.0009
40915,2 fw PLH.static      ADJMBEDDHLB         40.4626 -> 40.4683
40915,2 fw PLH.static      CFIMEAFDJFM         36.3138 -> 36.3197
40921,2 fw PLH.static      ADJMBEDDHLB         40.4683 -> 40.4761
40928,6 fw Controll.static GIPNIMALPEG          0.7628 -> 0.5609
40928,6 fw PLH.static      ADJMBEDDHLB         40.4761 -> 40.4821
40933,4 fw PLH.static      ADJMBEDDHLB         40.4821 -> 40.4896
40933,4 fw PLH.static      CFIMEAFDJFM         36.3197 -> 36.3405
40942,9 fw PLH.static      ADJMBEDDHLB         40.4896 -> 40.4943
40948,7 fw PLH.static      ADJMBEDDHLB         40.4943 -> 40.5039
40948,7 fw PLH.static      CFIMEAFDJFM         36.3405 -> 36.3553
40957,6 fw Controll.static MKFDGFOCKNO         40.4612 -> 40.5112
40957,6 fw Controll.static LEKCBKLAILO         40.5112 -> 40.5612
40957,6 fw Controll.static OFJKHAFJIMA          0.0009 -> 0.0069
40957,7 fw PLH.static      ADJMBEDDHLB         40.5039 -> 40.5096
40963,2 fw PLH.static      ADJMBEDDHLB         40.5096 -> 40.5186
40963,2 fw PLH.static      CFIMEAFDJFM         36.3553 -> 36.3698
40970,8 fw Controll.static GIPNIMALPEG          0.5609 -> 0.4052
40970,8 fw PLH.static      ADJMBEDDHLB         40.5186 -> 40.524
40977,0 fw PLH.static      ADJMBEDDHLB          40.524 -> 40.5317
40977,1 fw PLH.static      CFIMEAFDJFM         36.3698 -> 36.3828
40983,7 fw PLH.static      ADJMBEDDHLB         40.5317 -> 40.5379
40990,2 fw PLH.static      ADJMBEDDHLB         40.5379 -> 40.5446
40990,2 fw PLH.static      CFIMEAFDJFM         36.3828 -> 36.396
40996,5 fw PLH.static      ADJMBEDDHLB         40.5446 -> 40.5511
41003,9 fw PLH.static      ADJMBEDDHLB         40.5511 -> 40.5574
41010,4 fw PLH.static      ADJMBEDDHLB         40.5574 -> 40.5648
41010,4 fw PLH.static      CFIMEAFDJFM          36.396 -> 36.4161
41016,9 fw Controll.static GIPNIMALPEG          0.4052 -> 0.3285
41017,0 fw PLH.static      ADJMBEDDHLB         40.5648 -> 40.5713
41022,5 fw PLH.static      ADJMBEDDHLB         40.5713 -> 40.5779
41022,5 fw PLH.static      CFIMEAFDJFM         36.4161 -> 36.4294
41031,1 fw PLH.static      ADJMBEDDHLB         40.5779 -> 40.5834
41031,1 fw PLH.static      CFIMEAFDJFM         36.4294 -> 36.4348
41036,0 fw Controll.static MKFDGFOCKNO         40.5112 -> 40.5612
41036,0 fw Controll.static LEKCBKLAILO         40.5612 -> 40.6112
41036,1 fw PLH.static      ADJMBEDDHLB         40.5834 -> 40.592
41036,1 fw PLH.static      CFIMEAFDJFM         36.4348 -> 36.4431
41047,3 fw Controll.static OFJKHAFJIMA          0.0069 -> 0.0032
41047,4 fw PLH.static      ADJMBEDDHLB          40.592 -> 40.5971
41052,7 fw PLH.static      ADJMBEDDHLB         40.5971 -> 40.6083
41060,3 fw Controll.static GIPNIMALPEG          0.3285 -> 0.1952
41060,3 fw PLH.static      ADJMBEDDHLB         40.6083 -> 40.6136
41065,9 fw PLH.static      ADJMBEDDHLB         40.6136 -> 40.6213
41065,9 fw PLH.static      CFIMEAFDJFM         36.4431 -> 36.4727
41073,4 fw PLH.static      ADJMBEDDHLB         40.6213 -> 40.6268
41080,2 fw PLH.static      ADJMBEDDHLB         40.6268 -> 40.6343
41086,3 fw Controll.static MKFDGFOCKNO         40.5612 -> 40.6113
41086,3 fw Controll.static LEKCBKLAILO         40.6112 -> 40.6613
41086,3 fw Controll.static OFJKHAFJIMA          0.0032 -> 0.0019
41086,4 fw PLH.static      ADJMBEDDHLB         40.6343 -> 40.6411
41086,4 fw PLH.static      CFIMEAFDJFM         36.4727 -> 36.4924
41094,0 fw PLH.static      ADJMBEDDHLB         40.6411 -> 40.6473
41094,0 fw PLH.static      CFIMEAFDJFM         36.4924 -> 36.4987
41098,5 fw Controll.static GIPNIMALPEG          0.1952 -> 0.9604
41098,6 fw PLH.static      ADJMBEDDHLB         40.6473 -> 40.6549
41098,6 fw PLH.static      CFIMEAFDJFM         36.4987 -> 36.506
41107,2 fw PLH.static      ADJMBEDDHLB         40.6549 -> 40.6594
41114,1 fw PLH.static      ADJMBEDDHLB         40.6594 -> 40.6681
41114,1 fw PLH.static      CFIMEAFDJFM          36.506 -> 36.5194
41119,3 fw PLH.static      ADJMBEDDHLB         40.6681 -> 40.675
41119,3 fw PLH.static      CFIMEAFDJFM         36.5194 -> 36.5261
41127,0 fw Controll.static MKFDGFOCKNO         40.6113 -> 40.6613
41127,0 fw Controll.static LEKCBKLAILO         40.6613 -> 40.7113
41127,0 fw Controll.static OFJKHAFJIMA          0.0019 -> 0.0065
41127,0 fw PLH.static      ADJMBEDDHLB          40.675 -> 40.6802
41133,4 fw PLH.static      ADJMBEDDHLB         40.6802 -> 40.688
41133,4 fw PLH.static      CFIMEAFDJFM         36.5261 -> 36.5394
41140,3 fw Controll.static GIPNIMALPEG          0.9604 -> 0.7958
41140,3 fw PLH.static      ADJMBEDDHLB          40.688 -> 40.6943
41146,5 fw PLH.static      ADJMBEDDHLB         40.6943 -> 40.7013
41146,5 fw PLH.static      CFIMEAFDJFM         36.5394 -> 36.5527
41154,5 fw PLH.static      ADJMBEDDHLB         40.7013 -> 40.7074
41154,5 fw PLH.static      CFIMEAFDJFM         36.5527 -> 36.5589
41159,4 fw PLH.static      ADJMBEDDHLB         40.7074 -> 40.7154
41159,4 fw PLH.static      CFIMEAFDJFM         36.5589 -> 36.5662
41169,8 fw Controll.static MKFDGFOCKNO         40.6613 -> 40.7113
41169,8 fw Controll.static LEKCBKLAILO         40.7113 -> 40.7613
41169,8 fw Controll.static OFJKHAFJIMA          0.0065 -> 0.0037
41169,8 fw PLH.static      ADJMBEDDHLB         40.7154 -> 40.7203
41175,8 fw PLH.static      ADJMBEDDHLB         40.7203 -> 40.7308
41182,7 fw Controll.static GIPNIMALPEG          0.7958 -> 0.6442
41182,8 fw PLH.static      ADJMBEDDHLB         40.7308 -> 40.7367
41182,8 fw PLH.static      CFIMEAFDJFM         36.5662 -> 36.5881
41188,7 fw PLH.static      ADJMBEDDHLB         40.7367 -> 40.7437
41195,8 fw PLH.static      ADJMBEDDHLB         40.7437 -> 40.7496
41202,3 fw PLH.static      ADJMBEDDHLB         40.7496 -> 40.7566
41209,1 fw Controll.static MKFDGFOCKNO         40.7113 -> 40.7613
41209,1 fw Controll.static LEKCBKLAILO         40.7613 -> 40.8113
41209,1 fw Controll.static OFJKHAFJIMA          0.0037 -> 0.0015
41209,2 fw PLH.static      ADJMBEDDHLB         40.7566 -> 40.7632
41209,2 fw PLH.static      CFIMEAFDJFM         36.5881 -> 36.6144
41216,0 fw PLH.static      ADJMBEDDHLB         40.7632 -> 40.7701
41221,9 fw Controll.static GIPNIMALPEG          0.6442 -> 0.4263
41221,9 fw PLH.static      ADJMBEDDHLB         40.7701 -> 40.7769
41230,7 fw PLH.static      ADJMBEDDHLB         40.7769 -> 40.7828
41236,0 fw PLH.static      ADJMBEDDHLB         40.7828 -> 40.7916
41236,0 fw PLH.static      CFIMEAFDJFM         36.6144 -> 36.6427
41243,8 fw PLH.static      ADJMBEDDHLB         40.7916 -> 40.7969
41243,8 fw PLH.static      CFIMEAFDJFM         36.6427 -> 36.6484
41250,2 fw PLH.static      ADJMBEDDHLB         40.7969 -> 40.8047
41257,4 fw PLH.static      ADJMBEDDHLB         40.8047 -> 40.8111
41257,4 fw PLH.static      CFIMEAFDJFM         36.6484 -> 36.6621
41263,3 fw PLH.static      ADJMBEDDHLB         40.8111 -> 40.8183
41271,6 fw Controll.static GIPNIMALPEG          0.4263 -> 0.4214
41271,7 fw PLH.static      ADJMBEDDHLB         40.8183 -> 40.8242
41271,7 fw PLH.static      CFIMEAFDJFM         36.6621 -> 36.6756
41276,7 fw PLH.static      ADJMBEDDHLB         40.8242 -> 40.8326
41284,9 fw PLH.static      ADJMBEDDHLB         40.8326 -> 40.8376
41292,0 fw Controll.static MKFDGFOCKNO         40.7613 -> 40.8113
41292,0 fw Controll.static LEKCBKLAILO         40.8113 -> 40.8613
41292,0 fw PLH.static      ADJMBEDDHLB         40.8376 -> 40.8458
41297,3 fw Controll.static OFJKHAFJIMA          0.0015 -> 0.0065
41297,4 fw PLH.static      ADJMBEDDHLB         40.8458 -> 40.8529
41305,6 fw PLH.static      ADJMBEDDHLB         40.8529 -> 40.8583
41311,2 fw Controll.static GIPNIMALPEG          0.4214 -> 0.2123
41311,2 fw PLH.static      ADJMBEDDHLB         40.8583 -> 40.8665
41318,7 fw PLH.static      ADJMBEDDHLB         40.8665 -> 40.8721
41325,5 fw PLH.static      ADJMBEDDHLB         40.8721 -> 40.8796
41332,3 fw PLH.static      ADJMBEDDHLB         40.8796 -> 40.8864
41338,2 fw Controll.static MKFDGFOCKNO         40.8113 -> 40.8613
41338,2 fw Controll.static LEKCBKLAILO         40.8613 -> 40.9113
41338,2 fw Controll.static OFJKHAFJIMA          0.0065 -> 0.0048
41338,3 fw PLH.static      ADJMBEDDHLB         40.8864 -> 40.8932
41345,7 fw PLH.static      ADJMBEDDHLB         40.8932 -> 40.8992
41351,9 fw Controll.static GIPNIMALPEG          0.2123 -> 0.0269
41351,9 fw PLH.static      ADJMBEDDHLB         40.8992 -> 40.9066
41359,0 fw PLH.static      ADJMBEDDHLB         40.9066 -> 40.9128
41365,0 fw PLH.static      ADJMBEDDHLB         40.9128 -> 40.9199
41372,8 fw PLH.static      ADJMBEDDHLB         40.9199 -> 40.9259
41377,8 fw Controll.static MKFDGFOCKNO         40.8613 -> 40.9113
41377,9 fw Controll.static LEKCBKLAILO         40.9113 -> 40.9613
41377,9 fw Controll.static OFJKHAFJIMA          0.0048 -> 0.0011
41377,9 fw PLH.static      ADJMBEDDHLB         40.9259 -> 40.9337
41385,2 fw PLH.static      ADJMBEDDHLB         40.9337 -> 40.9388
41392,4 fw Controll.static GIPNIMALPEG          0.0269 -> 0.8362
41392,4 fw PLH.static      ADJMBEDDHLB         40.9388 -> 40.9461
41398,9 fw PLH.static      ADJMBEDDHLB         40.9461 -> 40.9533
41405,4 fw PLH.static      ADJMBEDDHLB         40.9533 -> 40.9598
41411,7 fw PLH.static      ADJMBEDDHLB         40.9598 -> 40.9663
41418,8 fw Controll.static MKFDGFOCKNO         40.9113 -> 40.9613
41418,8 fw Controll.static LEKCBKLAILO         40.9613 -> 41.0113
41418,8 fw Controll.static OFJKHAFJIMA          0.0011 -> 0.0046
41418,9 fw PLH.static      ADJMBEDDHLB         40.9663 -> 40.9726
41425,5 fw PLH.static      ADJMBEDDHLB         40.9726 -> 40.9798
41431,9 fw Controll.static GIPNIMALPEG          0.8362 -> 0.6269
41432,0 fw PLH.static      ADJMBEDDHLB         40.9798 -> 40.9864
41437,9 fw PLH.static      ADJMBEDDHLB         40.9864 -> 40.9929
41445,3 fw PLH.static      ADJMBEDDHLB         40.9929 -> 40.9988
41452,0 fw PLH.static      ADJMBEDDHLB         40.9988 -> 41.0062
41458,5 fw Controll.static MKFDGFOCKNO         40.9613 -> 41.0113
41458,5 fw Controll.static LEKCBKLAILO         41.0113 -> 41.0613
41458,5 fw Controll.static OFJKHAFJIMA          0.0046 -> 0.0012
41458,5 fw PLH.static      ADJMBEDDHLB         41.0062 -> 41.0129
41465,3 fw PLH.static      ADJMBEDDHLB         41.0129 -> 41.0194
41471,5 fw Controll.static GIPNIMALPEG          0.6269 -> 0.4186
41471,5 fw PLH.static      ADJMBEDDHLB         41.0194 -> 41.0262
41478,3 fw PLH.static      ADJMBEDDHLB         41.0262 -> 41.0324
41484,8 fw PLH.static      ADJMBEDDHLB         41.0324 -> 41.0393
41491,9 fw PLH.static      ADJMBEDDHLB         41.0393 -> 41.0457
41497,6 fw PLH.static      ADJMBEDDHLB         41.0457 -> 41.0528
41505,0 fw PLH.static      ADJMBEDDHLB         41.0528 -> 41.0585
41510,8 fw PLH.static      ADJMBEDDHLB         41.0585 -> 41.0659
41518,7 fw Controll.static GIPNIMALPEG          0.4186 -> 0.3623
41518,7 fw PLH.static      ADJMBEDDHLB         41.0659 -> 41.0717
41525,1 fw PLH.static      ADJMBEDDHLB         41.0717 -> 41.0796
41531,3 fw PLH.static      ADJMBEDDHLB         41.0796 -> 41.086
41538,0 fw Controll.static MKFDGFOCKNO         41.0113 -> 41.0613
41538,0 fw Controll.static LEKCBKLAILO         41.0613 -> 41.1113
41538,1 fw PLH.static      ADJMBEDDHLB          41.086 -> 41.0922
41544,9 fw Controll.static OFJKHAFJIMA          0.0012 -> 0.0041
41545,0 fw PLH.static      ADJMBEDDHLB         41.0922 -> 41.0989
41551,3 fw PLH.static      ADJMBEDDHLB         41.0989 -> 41.1059
41558,3 fw Controll.static GIPNIMALPEG          0.3623 -> 0.1542
41558,3 fw PLH.static      ADJMBEDDHLB         41.1059 -> 41.1122
41563,5 fw player          APFNBGHAJMD               1 -> 0
41563,5 fw Controll.static DGNDKAKOEPD         3253129 -> 3254086
41563,5 fw Controll.static BEJBLGGGOCC       340834102 -> 340835102
41563,5 fw Controll.static JELGPAKAJPE             297 -> 253
41563,5 fw Controll.static EENJPDHGGGC         40.1625 -> 41.1194
41563,7 fw PLH.static      ADJMBEDDHLB         41.1122 -> 41.1194
41563,7 fw PLH.static      CFIMEAFDJFM         36.6756 -> 36.9707
41571,8 fw PLH.static      ADJMBEDDHLB         41.1194 -> 41.1246
41571,8 fw PLH.static      CFIMEAFDJFM         36.9707 -> 36.9758
41577,4 fw PLH.static      ADJMBEDDHLB         41.1246 -> 41.1327
41577,4 fw PLH.static      CFIMEAFDJFM         36.9758 -> 36.9837
41585,8 fw Controll.static MKFDGFOCKNO         41.0613 -> 41.1113
41585,8 fw Controll.static LEKCBKLAILO         41.1113 -> 41.1613
41585,8 fw Controll.static OFJKHAFJIMA          0.0041 -> 0.0005
41585,8 fw PLH.static      ADJMBEDDHLB         41.1327 -> 41.1383
41585,8 fw PLH.static      CFIMEAFDJFM         36.9837 -> 36.9898
41591,0 fw player          APFNBGHAJMD               0 -> 1
41591,1 fw PLH.static      ADJMBEDDHLB         41.1383 -> 41.1468
41591,1 fw PLH.static      CFIMEAFDJFM         36.9898 -> 36.9982
41599,0 fw Controll.static GIPNIMALPEG          0.1542 -> 0.9689
41599,0 fw PLH.static      ADJMBEDDHLB         41.1468 -> 41.152
41599,0 fw PLH.static      CFIMEAFDJFM         36.9982 -> 37.003
41605,2 fw PLH.static      ADJMBEDDHLB          41.152 -> 41.1599
41613,9 fw PLH.static      ADJMBEDDHLB         41.1599 -> 41.1661
41613,9 fw PLH.static      CFIMEAFDJFM          37.003 -> 37.0173
41619,5 fw PLH.static      ADJMBEDDHLB         41.1661 -> 41.1748
41627,5 fw Controll.static MKFDGFOCKNO         41.1113 -> 41.1613
41627,5 fw Controll.static LEKCBKLAILO         41.1613 -> 41.2113
41627,5 fw Controll.static OFJKHAFJIMA          0.0005 -> 0.0043
41627,6 fw PLH.static      ADJMBEDDHLB         41.1748 -> 41.1804
41632,6 fw PLH.static      ADJMBEDDHLB         41.1804 -> 41.1895
41632,6 fw PLH.static      CFIMEAFDJFM         37.0173 -> 37.0399
41642,3 # net: TcpClient.Connected = True
41642,4 fw Controll.static GIPNIMALPEG          0.9689 -> 0.8349
41642,4 fw PLH.static      ADJMBEDDHLB         41.1895 -> 41.1935
41647,1 fw PLH.static      ADJMBEDDHLB         41.1935 -> 41.2033
41647,1 fw PLH.static      CFIMEAFDJFM         37.0399 -> 37.0547
41656,5 fw PLH.static      ADJMBEDDHLB         41.2033 -> 41.208
41656,5 fw PLH.static      CFIMEAFDJFM         37.0547 -> 37.0594
41661,3 fw PLH.static      ADJMBEDDHLB          41.208 -> 41.2174
41670,0 fw Controll.static MKFDGFOCKNO         41.1613 -> 41.2113
41670,0 fw Controll.static LEKCBKLAILO         41.2113 -> 41.2613
41670,0 fw Controll.static OFJKHAFJIMA          0.0043 -> 0.0056
41670,1 fw PLH.static      ADJMBEDDHLB         41.2174 -> 41.2221
41674,9 fw PLH.static      ADJMBEDDHLB         41.2221 -> 41.231
41674,9 fw PLH.static      CFIMEAFDJFM         37.0594 -> 37.082
41683,8 fw Controll.static GIPNIMALPEG          0.8349 -> 0.6635
41683,8 fw PLH.static      ADJMBEDDHLB          41.231 -> 41.2358
41683,8 fw PLH.static      CFIMEAFDJFM          37.082 -> 37.0873
41690,1 fw PLH.static      ADJMBEDDHLB         41.2358 -> 41.2447
41690,1 fw PLH.static      CFIMEAFDJFM         37.0873 -> 37.0962
41697,3 fw PLH.static      ADJMBEDDHLB         41.2447 -> 41.251
41703,5 fw PLH.static      ADJMBEDDHLB          41.251 -> 41.2582
41703,5 fw PLH.static      CFIMEAFDJFM         37.0962 -> 37.1097
41710,0 fw Controll.static MKFDGFOCKNO         41.2113 -> 41.2613
41710,0 fw Controll.static LEKCBKLAILO         41.2613 -> 41.3113
41710,0 fw Controll.static OFJKHAFJIMA          0.0056 -> 0.0026
41710,0 fw PLH.static      ADJMBEDDHLB         41.2582 -> 41.2644
41720,0 fw PLH.static      ADJMBEDDHLB         41.2644 -> 41.2709
41725,3 fw Controll.static GIPNIMALPEG          0.6635 -> 0.4941
41725,3 fw PLH.static      ADJMBEDDHLB         41.2709 -> 41.2809
41733,5 fw PLH.static      ADJMBEDDHLB         41.2809 -> 41.2862
41733,5 fw PLH.static      CFIMEAFDJFM         37.1097 -> 37.1377
41738,5 fw PLH.static      ADJMBEDDHLB         41.2862 -> 41.2944
41746,7 fw PLH.static      ADJMBEDDHLB         41.2944 -> 41.2994
41752,4 fw Controll.static MKFDGFOCKNO         41.2613 -> 41.3113
41752,4 fw Controll.static LEKCBKLAILO         41.3113 -> 41.3613
41752,4 fw Controll.static OFJKHAFJIMA          0.0026 -> 0.0016
41752,4 fw PLH.static      ADJMBEDDHLB         41.2994 -> 41.3076
41752,4 fw PLH.static      CFIMEAFDJFM         37.1377 -> 37.1591
41759,6 fw PLH.static      ADJMBEDDHLB         41.3076 -> 41.3133
41759,6 fw PLH.static      CFIMEAFDJFM         37.1591 -> 37.1643
41766,0 fw PLH.static      ADJMBEDDHLB         41.3133 -> 41.3205
41773,6 fw Controll.static GIPNIMALPEG          0.4941 -> 0.4599
41773,6 fw PLH.static      ADJMBEDDHLB         41.3205 -> 41.3269
41773,6 fw PLH.static      CFIMEAFDJFM         37.1643 -> 37.1783
41779,1 fw PLH.static      ADJMBEDDHLB         41.3269 -> 41.3345
41779,1 fw PLH.static      CFIMEAFDJFM         37.1783 -> 37.1856
41786,6 fw PLH.static      ADJMBEDDHLB         41.3345 -> 41.3401
41786,6 fw PLH.static      CFIMEAFDJFM         37.1856 -> 37.1915
41792,8 fw PLH.static      ADJMBEDDHLB         41.3401 -> 41.3475
41799,9 fw PLH.static      ADJMBEDDHLB         41.3475 -> 41.3537
41799,9 fw PLH.static      CFIMEAFDJFM         37.1915 -> 37.2048
41806,1 fw PLH.static      ADJMBEDDHLB         41.3537 -> 41.3608
41813,4 fw Controll.static GIPNIMALPEG          0.4599 -> 0.2558
41813,4 fw PLH.static      ADJMBEDDHLB         41.3608 -> 41.3671
41813,4 fw PLH.static      CFIMEAFDJFM         37.2048 -> 37.2182
41819,6 fw PLH.static      ADJMBEDDHLB         41.3671 -> 41.3743
41826,5 fw PLH.static      ADJMBEDDHLB         41.3743 -> 41.3805
41826,5 fw PLH.static      CFIMEAFDJFM         37.2182 -> 37.2319
41832,3 fw PLH.static      ADJMBEDDHLB         41.3805 -> 41.3874
41840,6 fw Controll.static MKFDGFOCKNO         41.3113 -> 41.3613
41840,6 fw Controll.static LEKCBKLAILO         41.3613 -> 41.4113
41840,7 fw Controll.static OFJKHAFJIMA          0.0016 -> 0.0052
41840,7 fw PLH.static      ADJMBEDDHLB         41.3874 -> 41.3932
41846,2 fw PLH.static      ADJMBEDDHLB         41.3932 -> 41.4017
41846,2 fw PLH.static      CFIMEAFDJFM         37.2319 -> 37.2531
41854,5 fw Controll.static GIPNIMALPEG          0.2558 -> 0.0788
41854,6 fw PLH.static      ADJMBEDDHLB         41.4017 -> 41.4071
41859,6 fw PLH.static      ADJMBEDDHLB         41.4071 -> 41.4155
41859,6 fw PLH.static      CFIMEAFDJFM         37.2531 -> 37.2665
41868,3 fw PLH.static      ADJMBEDDHLB         41.4155 -> 41.4205
41868,3 fw PLH.static      CFIMEAFDJFM         37.2665 -> 37.2719
41873,1 fw PLH.static      ADJMBEDDHLB         41.4205 -> 41.4292
41873,1 fw PLH.static      CFIMEAFDJFM         37.2719 -> 37.2802
41881,5 fw Controll.static MKFDGFOCKNO         41.3613 -> 41.4113
41881,5 fw Controll.static LEKCBKLAILO         41.4113 -> 41.4613
41881,5 fw Controll.static OFJKHAFJIMA          0.0052 -> 0.0037
41881,5 fw PLH.static      ADJMBEDDHLB         41.4292 -> 41.434
41887,6 fw PLH.static      ADJMBEDDHLB          41.434 -> 41.4424
41895,1 fw Controll.static GIPNIMALPEG          0.0788 -> 0.891
41895,2 fw PLH.static      ADJMBEDDHLB         41.4424 -> 41.4485
41895,2 fw PLH.static      CFIMEAFDJFM         37.2802 -> 37.2999
41900,5 fw PLH.static      ADJMBEDDHLB         41.4485 -> 41.4561
41900,5 fw PLH.static      CFIMEAFDJFM         37.2999 -> 37.3072
41909,1 fw PLH.static      ADJMBEDDHLB         41.4561 -> 41.4614
41909,1 fw PLH.static      CFIMEAFDJFM         37.3072 -> 37.3128
41913,9 fw PLH.static      ADJMBEDDHLB         41.4614 -> 41.47
41913,9 fw PLH.static      CFIMEAFDJFM         37.3128 -> 37.3208
41922,5 fw Controll.static MKFDGFOCKNO         41.4113 -> 41.4613
41922,5 fw Controll.static LEKCBKLAILO         41.4613 -> 41.5113
41922,5 fw Controll.static OFJKHAFJIMA          0.0037 -> 0.0082
41922,6 fw PLH.static      ADJMBEDDHLB           41.47 -> 41.4748
41929,0 fw PLH.static      ADJMBEDDHLB         41.4748 -> 41.4835
41929,0 fw PLH.static      CFIMEAFDJFM         37.3208 -> 37.3349
41935,2 fw Controll.static GIPNIMALPEG           0.891 -> 0.6912
41935,2 fw PLH.static      ADJMBEDDHLB         41.4835 -> 41.4899
41942,2 fw PLH.static      ADJMBEDDHLB         41.4899 -> 41.4961
41942,2 fw PLH.static      CFIMEAFDJFM         37.3349 -> 37.3476
41948,7 fw PLH.static      ADJMBEDDHLB         41.4961 -> 41.5031
41955,4 fw PLH.static      ADJMBEDDHLB         41.5031 -> 41.5096
41962,4 fw Controll.static MKFDGFOCKNO         41.4613 -> 41.5113
41962,4 fw Controll.static LEKCBKLAILO         41.5113 -> 41.5613
41962,4 fw Controll.static OFJKHAFJIMA          0.0082 -> 0.0045
41962,4 fw PLH.static      ADJMBEDDHLB         41.5096 -> 41.5163
41962,4 fw PLH.static      CFIMEAFDJFM         37.3476 -> 37.3675
41967,6 fw PLH.static      ADJMBEDDHLB         41.5163 -> 41.5244
41967,6 fw PLH.static      CFIMEAFDJFM         37.3675 -> 37.3748
41976,8 fw Controll.static GIPNIMALPEG          0.6912 -> 0.5242
41976,8 fw PLH.static      ADJMBEDDHLB         41.5244 -> 41.5285
41982,2 fw PLH.static      ADJMBEDDHLB         41.5285 -> 41.5377
41982,2 fw PLH.static      CFIMEAFDJFM         37.3748 -> 37.3888
41990,8 fw PLH.static      ADJMBEDDHLB         41.5377 -> 41.5431
41995,8 fw PLH.static      ADJMBEDDHLB         41.5431 -> 41.5518
41995,8 fw PLH.static      CFIMEAFDJFM         37.3888 -> 37.4027
42004,3 fw Controll.static MKFDGFOCKNO         41.5113 -> 41.5613
42004,3 fw Controll.static LEKCBKLAILO         41.5613 -> 41.6113
42004,3 fw Controll.static OFJKHAFJIMA          0.0045 -> 0.0034
42004,3 fw PLH.static      ADJMBEDDHLB         41.5518 -> 41.5567
42009,8 fw PLH.static      ADJMBEDDHLB         41.5567 -> 41.5652
42009,8 fw PLH.static      CFIMEAFDJFM         37.4027 -> 37.4164
42017,7 fw PLH.static      ADJMBEDDHLB         41.5652 -> 41.5706
42017,7 fw PLH.static      CFIMEAFDJFM         37.4164 -> 37.4218
42024,1 fw Controll.static GIPNIMALPEG          0.5242 -> 0.4695
42024,1 fw PLH.static      ADJMBEDDHLB         41.5706 -> 41.5786
42030,8 fw PLH.static      ADJMBEDDHLB         41.5786 -> 41.585
42036,5 fw PLH.static      ADJMBEDDHLB          41.585 -> 41.5917
42036,5 fw PLH.static      CFIMEAFDJFM         37.4218 -> 37.4427
42044,1 fw PLH.static      ADJMBEDDHLB         41.5917 -> 41.5974
42044,1 fw PLH.static      CFIMEAFDJFM         37.4427 -> 37.4489
42050,3 fw PLH.static      ADJMBEDDHLB         41.5974 -> 41.605
42050,3 fw PLH.static      CFIMEAFDJFM         37.4489 -> 37.4565
42056,7 fw PLH.static      ADJMBEDDHLB          41.605 -> 41.6113
42065,9 fw Controll.static GIPNIMALPEG          0.4695 -> 0.3057
42065,9 fw PLH.static      ADJMBEDDHLB         41.6113 -> 41.6176
42065,9 fw PLH.static      CFIMEAFDJFM         37.4565 -> 37.4689
42072,2 fw PLH.static      ADJMBEDDHLB         41.6176 -> 41.6268
42072,2 fw PLH.static      CFIMEAFDJFM         37.4689 -> 37.4783
42078,5 fw PLH.static      ADJMBEDDHLB         41.6268 -> 41.6331
42078,5 fw PLH.static      CFIMEAFDJFM         37.4783 -> 37.4842
42086,0 fw PLH.static      ADJMBEDDHLB         41.6331 -> 41.6394
42086,0 fw PLH.static      CFIMEAFDJFM         37.4842 -> 37.4908
42092,6 fw Controll.static MKFDGFOCKNO         41.5613 -> 41.6113
42092,6 fw Controll.static LEKCBKLAILO         41.6113 -> 41.6613
42092,6 fw Controll.static OFJKHAFJIMA          0.0034 -> 0.0058
42092,6 fw PLH.static      ADJMBEDDHLB         41.6394 -> 41.6469
42092,6 fw PLH.static      CFIMEAFDJFM         37.4908 -> 37.4983
42098,1 fw PLH.static      ADJMBEDDHLB         41.6469 -> 41.6536
42098,1 fw PLH.static      CFIMEAFDJFM         37.4983 -> 37.5046
42106,7 fw Controll.static GIPNIMALPEG          0.3057 -> 0.1215
42106,7 fw PLH.static      ADJMBEDDHLB         41.6536 -> 41.659
42112,0 fw PLH.static      ADJMBEDDHLB          41.659 -> 41.6677
42112,0 fw PLH.static      CFIMEAFDJFM         37.5046 -> 37.5181
42124,0 fw PLH.static      ADJMBEDDHLB         41.6677 -> 41.673
42124,0 fw PLH.static      CFIMEAFDJFM         37.5181 -> 37.5239
42138,9 fw PLH.static      ADJMBEDDHLB          41.673 -> 41.686
42138,9 fw PLH.static      CFIMEAFDJFM         37.5239 -> 37.536
42142,6 fw Controll.static MKFDGFOCKNO         41.6113 -> 41.6613
42142,6 fw Controll.static LEKCBKLAILO         41.6613 -> 41.7113
42142,8 fw PLH.static      ADJMBEDDHLB          41.686 -> 41.6999
42142,8 fw PLH.static      CFIMEAFDJFM          37.536 -> 37.5506
42159,0 fw PLH.static      ADJMBEDDHLB         41.6999 -> 41.7037
42164,1 fw Controll.static GIPNIMALPEG          0.1215 -> 0.2699
42164,2 fw PLH.static      ADJMBEDDHLB         41.7037 -> 41.7199
42164,2 fw PLH.static      CFIMEAFDJFM         37.5506 -> 37.5686
42177,4 fw PLH.static      ADJMBEDDHLB         41.7199 -> 41.7251
42181,5 fw PLH.static      ADJMBEDDHLB         41.7251 -> 41.7384
42181,5 fw PLH.static      CFIMEAFDJFM         37.5686 -> 37.5893
42191,5 fw PLH.static      ADJMBEDDHLB         41.7384 -> 41.7424
42191,5 fw PLH.static      CFIMEAFDJFM         37.5893 -> 37.5938
42196,4 fw Controll.static MKFDGFOCKNO         41.6613 -> 41.7113
42196,4 fw Controll.static LEKCBKLAILO         41.7113 -> 41.7613
42196,4 fw Controll.static OFJKHAFJIMA          0.0058 -> 0.0081
42196,5 fw PLH.static      ADJMBEDDHLB         41.7424 -> 41.7524
42215,4 fw PLH.static      ADJMBEDDHLB         41.7524 -> 41.7574
42218,8 fw Controll.static GIPNIMALPEG          0.2699 -> 0.3626
42218,8 fw PLH.static      ADJMBEDDHLB         41.7574 -> 41.7766
42218,8 fw PLH.static      CFIMEAFDJFM         37.5938 -> 37.6244
42233,7 fw PLH.static      ADJMBEDDHLB         41.7766 -> 41.7797
42233,7 fw PLH.static      CFIMEAFDJFM         37.6244 -> 37.6312
42240,1 fw PLH.static      ADJMBEDDHLB         41.7797 -> 41.7947
42240,1 fw PLH.static      CFIMEAFDJFM         37.6312 -> 37.6452
42252,1 fw PLH.static      ADJMBEDDHLB         41.7947 -> 41.801
42252,1 fw PLH.static      CFIMEAFDJFM         37.6452 -> 37.6501
42263,6 fw Controll.static MKFDGFOCKNO         41.7113 -> 41.8114
42263,6 fw Controll.static LEKCBKLAILO         41.7613 -> 41.8614
42263,6 fw Controll.static OFJKHAFJIMA          0.0081 -> 0.0007
42263,7 fw PLH.static      ADJMBEDDHLB          41.801 -> 41.8131
42263,7 fw PLH.static      CFIMEAFDJFM         37.6501 -> 37.6628
42291,8 fw PLH.static      ADJMBEDDHLB         41.8131 -> 41.8248
42295,9 fw Controll.static GIPNIMALPEG          0.3626 -> 0.9054
42296,0 fw PLH.static      ADJMBEDDHLB         41.8248 -> 41.8527
42296,0 fw PLH.static      CFIMEAFDJFM         37.6628 -> 37.6927
42310,7 fw PLH.static      ADJMBEDDHLB         41.8527 -> 41.8569
42310,7 fw PLH.static      CFIMEAFDJFM         37.6927 -> 37.7077
42315,0 fw PLH.static      ADJMBEDDHLB         41.8569 -> 41.8717
42315,0 fw PLH.static      CFIMEAFDJFM         37.7077 -> 37.7186
42327,4 fw PLH.static      ADJMBEDDHLB         41.8717 -> 41.8759
42331,8 fw Controll.static MKFDGFOCKNO         41.8114 -> 41.8614
42331,8 fw Controll.static LEKCBKLAILO         41.8614 -> 41.9114
42331,8 fw Controll.static OFJKHAFJIMA          0.0007 -> 0.0094
42331,9 fw PLH.static      ADJMBEDDHLB         41.8759 -> 41.8885
42342,6 fw PLH.static      ADJMBEDDHLB         41.8885 -> 41.8928
42342,6 fw PLH.static      CFIMEAFDJFM         37.7186 -> 37.7438
42349,0 fw PLH.static      ADJMBEDDHLB         41.8928 -> 41.9035
42359,9 fw Controll.static GIPNIMALPEG          0.9054 -> 0.1852
42360,0 fw PLH.static      ADJMBEDDHLB         41.9035 -> 41.9099
42360,0 fw PLH.static      CFIMEAFDJFM         37.7438 -> 37.7609
42365,3 fw PLH.static      ADJMBEDDHLB         41.9099 -> 41.9209
42365,3 fw PLH.static      CFIMEAFDJFM         37.7609 -> 37.7721
42377,7 fw PLH.static      ADJMBEDDHLB         41.9209 -> 41.9262
42381,7 fw Controll.static MKFDGFOCKNO         41.8614 -> 41.9114
42381,7 fw Controll.static LEKCBKLAILO         41.9114 -> 41.9614
42381,7 fw PLH.static      ADJMBEDDHLB         41.9262 -> 41.9386
42381,7 fw PLH.static      CFIMEAFDJFM         37.7721 -> 37.7892
42397,8 fw Controll.static OFJKHAFJIMA          0.0094 -> 0.0091
42397,8 fw PLH.static      ADJMBEDDHLB         41.9386 -> 41.9426
42401,9 fw PLH.static      ADJMBEDDHLB         41.9426 -> 41.9588
42401,9 fw PLH.static      CFIMEAFDJFM         37.7892 -> 37.8049
42412,6 fw Controll.static GIPNIMALPEG          0.1852 -> 0.2393
42412,7 fw PLH.static      ADJMBEDDHLB         41.9588 -> 41.9628
42412,7 fw PLH.static      CFIMEAFDJFM         37.8049 -> 37.8132
42421,6 fw PLH.static      ADJMBEDDHLB         41.9628 -> 41.9736
42426,4 fw PLH.static      ADJMBEDDHLB         41.9736 -> 41.9826
42436,4 fw PLH.static      ADJMBEDDHLB         41.9826 -> 41.9873
42436,4 fw PLH.static      CFIMEAFDJFM         37.8132 -> 37.8386
42442,4 fw Controll.static MKFDGFOCKNO         41.9114 -> 41.9614
42442,4 fw Controll.static LEKCBKLAILO         41.9614 -> 42.0114
42442,4 fw Controll.static OFJKHAFJIMA          0.0091 -> 0.001
42442,4 fw PLH.static      ADJMBEDDHLB         41.9873 -> 41.9974
42442,4 fw PLH.static      CFIMEAFDJFM         37.8386 -> 37.8478
42451,5 fw PLH.static      ADJMBEDDHLB         41.9974 -> 42.0033
42461,8 fw Controll.static GIPNIMALPEG          0.2393 -> 0.2232
42461,9 fw PLH.static      ADJMBEDDHLB         42.0033 -> 42.0124
42465,1 fw PLH.static      ADJMBEDDHLB         42.0124 -> 42.0228
42465,1 fw PLH.static      CFIMEAFDJFM         37.8478 -> 37.8699
42476,5 fw PLH.static      ADJMBEDDHLB         42.0228 -> 42.026
42485,3 fw PLH.static      ADJMBEDDHLB          42.026 -> 42.0374
42491,2 fw Controll.static MKFDGFOCKNO         41.9614 -> 42.0114
42491,2 fw Controll.static LEKCBKLAILO         42.0114 -> 42.0614
42491,2 fw Controll.static OFJKHAFJIMA           0.001 -> 0.0006
42491,3 fw PLH.static      ADJMBEDDHLB         42.0374 -> 42.0463
42499,9 fw PLH.static      ADJMBEDDHLB         42.0463 -> 42.0522
42510,8 fw Controll.static GIPNIMALPEG          0.2232 -> 0.2024
42510,8 fw PLH.static      ADJMBEDDHLB         42.0522 -> 42.0608
42519,0 fw PLH.static      ADJMBEDDHLB         42.0608 -> 42.0717
42519,1 fw PLH.static      CFIMEAFDJFM         37.8699 -> 37.9187
42524,2 fw Controll.static DGNDKAKOEPD         3254086 -> 3255046
42524,2 fw Controll.static BEJBLGGGOCC       340835102 -> 340836107
42524,2 fw Controll.static JELGPAKAJPE             253 -> 209
42524,2 fw Controll.static EENJPDHGGGC         41.1194 -> 42.08
42524,3 fw PLH.static      ADJMBEDDHLB         42.0717 -> 42.08
42534,5 fw PLH.static      ADJMBEDDHLB           42.08 -> 42.0852
42534,5 fw PLH.static      CFIMEAFDJFM         37.9187 -> 37.9364
42540,2 fw Controll.static MKFDGFOCKNO         42.0114 -> 42.0614
42540,3 fw Controll.static LEKCBKLAILO         42.0614 -> 42.1114
42540,3 fw Controll.static OFJKHAFJIMA          0.0006 -> 0.0099
42540,3 fw PLH.static      ADJMBEDDHLB         42.0852 -> 42.0955
42540,3 fw PLH.static      CFIMEAFDJFM         37.9364 -> 37.9454
42550,1 fw PLH.static      ADJMBEDDHLB         42.0955 -> 42.1012
42556,7 fw Controll.static GIPNIMALPEG          0.2024 -> 0.1199
42556,7 fw PLH.static      ADJMBEDDHLB         42.1012 -> 42.111
42556,7 fw PLH.static      CFIMEAFDJFM         37.9454 -> 37.9612
42564,1 fw PLH.static      ADJMBEDDHLB          42.111 -> 42.1176
42570,6 fw PLH.static      ADJMBEDDHLB         42.1176 -> 42.125
42570,6 fw PLH.static      CFIMEAFDJFM         37.9612 -> 37.9761
42580,0 fw PLH.static      ADJMBEDDHLB          42.125 -> 42.1316
42585,0 fw Controll.static MKFDGFOCKNO         42.0614 -> 42.1114
42585,0 fw Controll.static LEKCBKLAILO         42.1114 -> 42.1614
42585,0 fw Controll.static OFJKHAFJIMA          0.0099 -> 0.0058
42585,0 fw PLH.static      ADJMBEDDHLB         42.1316 -> 42.1409
42595,2 fw PLH.static      ADJMBEDDHLB         42.1409 -> 42.146
42600,1 fw Controll.static GIPNIMALPEG          0.1199 -> 0.9821
42600,2 fw PLH.static      ADJMBEDDHLB          42.146 -> 42.1561
42610,5 fw Controll.static NAKNALFCOIF         33.7499 -> 34.6499
42610,6 fw PLH.static      ADJMBEDDHLB         42.1561 -> 42.1611
42614,4 fw Controll.static IGLCENGMMMJ             9.3 -> 9.6
42614,5 fw PLH.static      ADJMBEDDHLB         42.1611 -> 42.1715
42625,5 fw PLH.static      ADJMBEDDHLB         42.1715 -> 42.1754
42630,8 fw Controll.static MKFDGFOCKNO         42.1114 -> 42.1614
42630,8 fw Controll.static LEKCBKLAILO         42.1614 -> 42.2114
42630,8 fw Controll.static OFJKHAFJIMA          0.0058 -> 0.0095
42630,8 fw PLH.static      ADJMBEDDHLB         42.1754 -> 42.1864
42639,9 fw PLH.static      ADJMBEDDHLB         42.1864 -> 42.1917
42644,9 fw PLH.static      ADJMBEDDHLB         42.1917 -> 42.2008
42655,8 fw Controll.static GIPNIMALPEG          0.9821 -> 0.1022
42655,8 fw PLH.static      ADJMBEDDHLB         42.2008 -> 42.2058
42659,5 fw Controll.static NAKNALFCOIF         34.6499 -> 40.6499
42659,5 fw Controll.static IGLCENGMMMJ             9.6 -> 13.65
42659,5 fw PLH.static      ADJMBEDDHLB         42.2058 -> 42.2167
42672,1 fw PLH.static      ADJMBEDDHLB         42.2167 -> 42.2205
42679,4 fw Controll.static MKFDGFOCKNO         42.1614 -> 42.2114
42679,4 fw Controll.static LEKCBKLAILO         42.2114 -> 42.2614
42679,5 fw PLH.static      ADJMBEDDHLB         42.2205 -> 42.237
42691,2 fw Controll.static OFJKHAFJIMA          0.0095 -> 0.0049
42691,3 fw PLH.static      ADJMBEDDHLB          42.237 -> 42.2404
42695,7 fw PLH.static      ADJMBEDDHLB         42.2404 -> 42.2522
42706,5 fw Controll.static GIPNIMALPEG          0.1022 -> 0.1177
42706,6 fw PLH.static      ADJMBEDDHLB         42.2522 -> 42.2566
42711,9 fw Controll.static NAKNALFCOIF         40.6499 -> 43.6499
42711,9 fw Controll.static IGLCENGMMMJ           13.65 -> 16.2
42712,0 fw PLH.static      ADJMBEDDHLB         42.2566 -> 42.2675
42721,5 fw PLH.static      ADJMBEDDHLB         42.2675 -> 42.2729
42726,0 fw PLH.static      ADJMBEDDHLB         42.2729 -> 42.2824
42738,7 fw Controll.static MKFDGFOCKNO         42.2114 -> 42.2614
42738,7 fw Controll.static LEKCBKLAILO         42.2614 -> 42.3114
42738,7 fw Controll.static OFJKHAFJIMA          0.0049 -> 0.0057
42738,8 fw PLH.static      ADJMBEDDHLB         42.2824 -> 42.2869
42742,4 fw PLH.static      ADJMBEDDHLB         42.2869 -> 42.2997
42755,2 fw Controll.static GIPNIMALPEG          0.1177 -> 0.0904
42755,3 fw PLH.static      ADJMBEDDHLB         42.2997 -> 42.3033
42759,3 fw Controll.static NAKNALFCOIF         43.6499 -> 44.2499
42759,3 fw Controll.static IGLCENGMMMJ            16.2 -> 16.8
42759,3 fw PLH.static      ADJMBEDDHLB         42.3033 -> 42.3162
42771,3 fw PLH.static      ADJMBEDDHLB         42.3162 -> 42.3202
42775,2 fw PLH.static      ADJMBEDDHLB         42.3202 -> 42.3322
42788,3 fw Controll.static MKFDGFOCKNO         42.2614 -> 42.3114
42788,3 fw Controll.static LEKCBKLAILO         42.3114 -> 42.3614
42788,3 fw Controll.static OFJKHAFJIMA          0.0057 -> 0.0043
42788,4 fw PLH.static      ADJMBEDDHLB         42.3322 -> 42.3361
42791,8 fw PLH.static      ADJMBEDDHLB         42.3361 -> 42.3493
42804,5 fw Controll.static GIPNIMALPEG          0.0904 -> 0.0765
42804,6 fw PLH.static      ADJMBEDDHLB         42.3493 -> 42.3527
42808,4 fw PLH.static      ADJMBEDDHLB         42.3527 -> 42.3654
42825,8 fw Controll.static BFEOOOMMGLK               0 -> 1
42825,8 fw PLH.static      ADJMBEDDHLB         42.3654 -> 42.3693
42830,1 fw Controll.static GLGCAOADGMN               0 -> 1
42830,2 fw Controll        MJPKOOHJOPA               0 -> 38.5335
42830,2 fw PLH.static      ADJMBEDDHLB         42.3693 -> 42.3867
42840,9 fw Controll.static MKFDGFOCKNO         42.3114 -> 42.3614
42840,9 fw Controll.static LEKCBKLAILO         42.3614 -> 42.4114
42840,9 fw Controll.static OFJKHAFJIMA          0.0043 -> 0.0035
42841,0 fw PLH.static      ADJMBEDDHLB         42.3867 -> 42.3911
42846,0 fw PLH.static      ADJMBEDDHLB         42.3911 -> 42.4019
42857,4 fw Controll.static MNHBPCOOMLE         3238025 -> 3255550
42857,4 fw Controll.static GIPNIMALPEG          0.0765 -> 0.1339
42857,4 fw PLH.static      ADJMBEDDHLB         42.4019 -> 42.4069
42861,6 fw player          ACAIGMNLLEC              23 -> 24
42861,6 fw player          APFNBGHAJMD               1 -> 0
42861,6 fw player          HEADELMLILF               0 -> 1
42861,7 fw PLH.static      ADJMBEDDHLB         42.4069 -> 42.4184
42861,7 fw PLH.static      CFIMEAFDJFM         37.9761 -> 38.2689
42873,4 fw PLH.static      ADJMBEDDHLB         42.4184 -> 42.4226
42873,4 fw PLH.static      CFIMEAFDJFM         38.2689 -> 38.274
42877,8 fw Controll.static BFEOOOMMGLK               1 -> 0
42877,8 fw PLH.static      ADJMBEDDHLB         42.4226 -> 42.4343
42877,8 fw PLH.static      CFIMEAFDJFM          38.274 -> 38.2851
42889,1 fw Controll.static MKFDGFOCKNO         42.3614 -> 42.4114
42889,1 fw Controll.static LEKCBKLAILO         42.4114 -> 42.4614
42889,1 fw Controll.static OFJKHAFJIMA          0.0035 -> 0.0065
42889,1 fw PLH.static      ADJMBEDDHLB         42.4343 -> 42.4387
42893,8 fw player          LNIDBHIAJJI               6 -> 9
42893,8 fw player          ACAIGMNLLEC              24 -> 28
42893,8 fw player          APFNBGHAJMD               0 -> 1
42893,9 fw PLH.static      ADJMBEDDHLB         42.4387 -> 42.45
42905,9 fw Controll.static GIPNIMALPEG          0.1339 -> 0.1045
42906,0 fw PLH.static      ADJMBEDDHLB           42.45 -> 42.4548
42911,5 fw PLH.static      ADJMBEDDHLB         42.4548 -> 42.4669
42911,5 fw PLH.static      CFIMEAFDJFM         38.2851 -> 38.3167
42922,5 fw PLH.static      ADJMBEDDHLB         42.4669 -> 42.4723
42922,5 fw PLH.static      CFIMEAFDJFM         38.3167 -> 38.3232
42927,4 fw player          LNIDBHIAJJI               9 -> 11
42927,4 fw player          ACAIGMNLLEC              28 -> 31
42927,4 fw Controll.static GLGCAOADGMN               1 -> 0
42927,5 fw PLH.static      ADJMBEDDHLB         42.4723 -> 42.4834
42927,5 fw PLH.static      CFIMEAFDJFM         38.3232 -> 38.3346
42938,3 fw Controll.static MKFDGFOCKNO         42.4114 -> 42.4614
42938,3 fw Controll.static LEKCBKLAILO         42.4614 -> 42.5114
42938,3 fw Controll.static OFJKHAFJIMA          0.0065 -> 0.005
42938,4 fw PLH.static      ADJMBEDDHLB         42.4834 -> 42.4884
42942,7 fw PLH.static      ADJMBEDDHLB         42.4884 -> 42.4993
42954,8 fw PLH.static      ADJMBEDDHLB         42.4993 -> 42.5036
42958,7 fw Controll.static GIPNIMALPEG          0.1045 -> 0.1605
42958,8 fw PLH.static      ADJMBEDDHLB         42.5036 -> 42.5157
42958,8 fw PLH.static      CFIMEAFDJFM         38.3346 -> 38.3662
42971,3 fw player          HEADELMLILF               1 -> 0
42971,3 fw PLH.static      ADJMBEDDHLB         42.5157 -> 42.5197
42971,3 fw PLH.static      CFIMEAFDJFM         38.3662 -> 38.371
42975,7 fw PLH.static      ADJMBEDDHLB         42.5197 -> 42.5322
42975,7 fw PLH.static      CFIMEAFDJFM          38.371 -> 38.383
42987,1 fw Controll.static MKFDGFOCKNO         42.4614 -> 42.5114
42987,1 fw Controll.static LEKCBKLAILO         42.5114 -> 42.5614
42987,1 fw PLH.static      ADJMBEDDHLB         42.5322 -> 42.5366
42992,0 fw Controll.static OFJKHAFJIMA           0.005 -> 0.0038
42992,0 fw PLH.static      ADJMBEDDHLB         42.5366 -> 42.548
43003,9 fw PLH.static      ADJMBEDDHLB          42.548 -> 42.5529
43007,5 fw Controll.static GIPNIMALPEG          0.1605 -> 0.1369
43007,6 fw PLH.static      ADJMBEDDHLB         42.5529 -> 42.5648
43007,6 fw PLH.static      CFIMEAFDJFM          38.383 -> 38.4159
43021,1 fw PLH.static      ADJMBEDDHLB         42.5648 -> 42.5685
43021,1 fw PLH.static      CFIMEAFDJFM         38.4159 -> 38.4199
43024,8 fw PLH.static      ADJMBEDDHLB         42.5685 -> 42.582
43024,8 fw PLH.static      CFIMEAFDJFM         38.4199 -> 38.4328
43037,7 fw PLH.static      ADJMBEDDHLB          42.582 -> 42.5857
43037,7 fw PLH.static      CFIMEAFDJFM         38.4328 -> 38.4372
43041,4 fw Controll.static MKFDGFOCKNO         42.5114 -> 42.5614
43041,4 fw Controll.static LEKCBKLAILO         42.5614 -> 42.6114
43041,4 fw Controll.static OFJKHAFJIMA          0.0038 -> 0.0029
43041,5 fw PLH.static      ADJMBEDDHLB         42.5857 -> 42.5987
43041,5 fw PLH.static      CFIMEAFDJFM         38.4372 -> 38.4493
43054,4 fw PLH.static      ADJMBEDDHLB         42.5987 -> 42.6024
43058,4 fw Controll.static GIPNIMALPEG          0.1369 -> 0.1537
43058,5 fw PLH.static      ADJMBEDDHLB         42.6024 -> 42.6154
43071,0 fw PLH.static      ADJMBEDDHLB         42.6154 -> 42.6194
43071,0 fw PLH.static      CFIMEAFDJFM         38.4493 -> 38.4707
43074,9 fw PLH.static      ADJMBEDDHLB         42.6194 -> 42.6319
43087,1 fw PLH.static      ADJMBEDDHLB         42.6319 -> 42.6358
43087,1 fw PLH.static      CFIMEAFDJFM         38.4707 -> 38.4873
43092,0 fw Controll.static MKFDGFOCKNO         42.5614 -> 42.6114
43092,0 fw Controll.static LEKCBKLAILO         42.6114 -> 42.6614
43092,0 fw Controll.static OFJKHAFJIMA          0.0029 -> 0.0034
43092,0 fw PLH.static      ADJMBEDDHLB         42.6358 -> 42.648
43092,0 fw PLH.static      CFIMEAFDJFM         38.4873 -> 38.4991
43103,8 fw PLH.static      ADJMBEDDHLB          42.648 -> 42.6529
43103,8 fw PLH.static      CFIMEAFDJFM         38.4991 -> 38.5038
43108,3 fw Controll.static GIPNIMALPEG          0.1537 -> 0.1522
43108,4 fw PLH.static      ADJMBEDDHLB         42.6529 -> 42.6647
43108,4 fw PLH.static      CFIMEAFDJFM         38.5038 -> 38.5159
43120,1 fw Controll.static NAKNALFCOIF         44.2499 -> 44.0999
43120,1 fw Controll.static IGLCENGMMMJ            16.8 -> 16.95
43120,2 fw PLH.static      ADJMBEDDHLB         42.6647 -> 42.6693
43123,9 fw PLH.static      ADJMBEDDHLB         42.6693 -> 42.6811
43124,0 fw PLH.static      CFIMEAFDJFM         38.5159 -> 38.5325
43137,3 fw PLH.static      ADJMBEDDHLB         42.6811 -> 42.6849
43141,2 fw Controll.static MKFDGFOCKNO         42.6114 -> 42.6614
43141,2 fw Controll.static LEKCBKLAILO         42.6614 -> 42.7114
43141,2 fw Controll.static OFJKHAFJIMA          0.0034 -> 0.0029
43141,3 fw PLH.static      ADJMBEDDHLB         42.6849 -> 42.6982
43141,3 fw PLH.static      CFIMEAFDJFM         38.5325 -> 38.549
43154,2 fw PLH.static      ADJMBEDDHLB         42.6982 -> 42.7022
43157,7 fw Controll.static GIPNIMALPEG          0.1522 -> 0.1405
43157,8 fw PLH.static      ADJMBEDDHLB         42.7022 -> 42.7151
43157,8 fw PLH.static      CFIMEAFDJFM          38.549 -> 38.5657
43173,2 fw PLH.static      ADJMBEDDHLB         42.7151 -> 42.7187
43173,3 fw PLH.static      CFIMEAFDJFM         38.5657 -> 38.5702
43177,1 fw Controll        MJPKOOHJOPA         38.5335 -> 38.8822
43177,1 fw PLH.static      ADJMBEDDHLB         42.7187 -> 42.7342
43177,1 fw PLH.static      CFIMEAFDJFM         38.5702 -> 38.5822
43189,0 fw Controll.static GLGCAOADGMN               0 -> 1
43189,1 fw PLH.static      ADJMBEDDHLB         42.7342 -> 42.738
43193,7 fw Controll.static MKFDGFOCKNO         42.6614 -> 42.7114
43193,7 fw Controll.static LEKCBKLAILO         42.7114 -> 42.7614
43193,7 fw Controll.static OFJKHAFJIMA          0.0029 -> 0.0032
43193,7 fw PLH.static      ADJMBEDDHLB          42.738 -> 42.7501
43193,7 fw PLH.static      CFIMEAFDJFM         38.5822 -> 38.6008
43205,0 fw PLH.static      ADJMBEDDHLB         42.7501 -> 42.7547
43205,0 fw PLH.static      CFIMEAFDJFM         38.6008 -> 38.6061
43210,9 fw Controll.static MNHBPCOOMLE         3255550 -> 3255899
43210,9 fw Controll.static GIPNIMALPEG          0.1405 -> 0.2039
43211,0 fw PLH.static      ADJMBEDDHLB         42.7547 -> 42.7659
43211,0 fw PLH.static      CFIMEAFDJFM         38.6061 -> 38.617
43220,3 fw PLH.static      ADJMBEDDHLB         42.7659 -> 42.7719
43220,3 fw PLH.static      CFIMEAFDJFM          38.617 -> 38.6226
43225,2 fw PLH.static      ADJMBEDDHLB         42.7719 -> 42.7812
43237,1 fw PLH.static      ADJMBEDDHLB         42.7812 -> 42.7861
43240,8 fw Controll.static MKFDGFOCKNO         42.7114 -> 42.7614
43240,9 fw Controll.static LEKCBKLAILO         42.7614 -> 42.8114
43240,9 fw Controll.static OFJKHAFJIMA          0.0032 -> 0.004
43240,9 fw PLH.static      ADJMBEDDHLB         42.7861 -> 42.798
43255,8 fw PLH.static      ADJMBEDDHLB          42.798 -> 42.8019
43255,8 fw PLH.static      CFIMEAFDJFM         38.6226 -> 38.6532
43259,9 fw PLH.static      ADJMBEDDHLB         42.8019 -> 42.8168
43259,9 fw PLH.static      CFIMEAFDJFM         38.6532 -> 38.6656
43272,3 fw Controll.static GIPNIMALPEG          0.2039 -> 0.4314
43272,3 fw PLH.static      ADJMBEDDHLB         42.8168 -> 42.8208
43272,3 fw PLH.static      CFIMEAFDJFM         38.6656 -> 38.6723
43276,7 fw PLH.static      ADJMBEDDHLB         42.8208 -> 42.8332
43276,7 fw PLH.static      CFIMEAFDJFM         38.6723 -> 38.6838
43288,3 fw PLH.static      ADJMBEDDHLB         42.8332 -> 42.8376
43292,8 fw Controll.static GLGCAOADGMN               1 -> 0
43292,8 fw Controll.static MKFDGFOCKNO         42.7614 -> 42.8115
43292,8 fw Controll.static LEKCBKLAILO         42.8114 -> 42.8615
43292,8 fw PLH.static      ADJMBEDDHLB         42.8376 -> 42.8492
43303,7 fw Controll.static OFJKHAFJIMA           0.004 -> 0.0028
43303,8 fw PLH.static      ADJMBEDDHLB         42.8492 -> 42.8537
43309,2 fw PLH.static      ADJMBEDDHLB         42.8537 -> 42.8647
43319,5 fw Controll.static GIPNIMALPEG          0.4314 -> 0.3748
43319,5 fw PLH.static      ADJMBEDDHLB         42.8647 -> 42.8701
43323,8 fw PLH.static      ADJMBEDDHLB         42.8701 -> 42.8804
43337,0 fw PLH.static      ADJMBEDDHLB         42.8804 -> 42.8847
43340,8 fw PLH.static      ADJMBEDDHLB         42.8847 -> 42.8979
43354,0 fw Controll.static MKFDGFOCKNO         42.8115 -> 42.9115
43354,0 fw Controll.static LEKCBKLAILO         42.8615 -> 42.9615
43354,0 fw Controll.static OFJKHAFJIMA          0.0028 -> 0.0031
43354,0 fw PLH.static      ADJMBEDDHLB         42.8979 -> 42.9017
43357,7 fw PLH.static      ADJMBEDDHLB         42.9017 -> 42.9149
43370,2 fw Controll.static GIPNIMALPEG          0.3748 -> 0.3893
43370,3 fw PLH.static      ADJMBEDDHLB         42.9149 -> 42.9186
43374,7 fw PLH.static      ADJMBEDDHLB         42.9186 -> 42.9312
43386,0 fw PLH.static      ADJMBEDDHLB         42.9312 -> 42.9356
43391,2 fw PLH.static      ADJMBEDDHLB         42.9356 -> 42.9469
43402,8 fw Controll.static MKFDGFOCKNO         42.9115 -> 42.9615
43402,8 fw Controll.static LEKCBKLAILO         42.9615 -> 43.0115
43402,8 fw Controll.static OFJKHAFJIMA          0.0031 -> 0.0019
43402,9 fw PLH.static      ADJMBEDDHLB         42.9469 -> 42.952
43406,8 fw PLH.static      ADJMBEDDHLB          42.952 -> 42.9638
43419,9 fw Controll.static GIPNIMALPEG          0.3893 -> 0.3833
43420,0 fw PLH.static      ADJMBEDDHLB         42.9638 -> 42.9677
43423,8 fw PLH.static      ADJMBEDDHLB         42.9677 -> 42.9809
43436,5 fw PLH.static      ADJMBEDDHLB         42.9809 -> 42.9847
43440,7 fw PLH.static      ADJMBEDDHLB         42.9847 -> 42.9974
43453,2 fw Controll.static MKFDGFOCKNO         42.9615 -> 43.0115
43453,2 fw Controll.static LEKCBKLAILO         43.0115 -> 43.0615
43453,2 fw Controll.static OFJKHAFJIMA          0.0019 -> 0.0022
43453,2 fw PLH.static      ADJMBEDDHLB         42.9974 -> 43.0016
43457,1 fw PLH.static      ADJMBEDDHLB         43.0016 -> 43.0141
43469,8 fw Controll.static GIPNIMALPEG          0.3833 -> 0.3807
43469,8 fw PLH.static      ADJMBEDDHLB         43.0141 -> 43.018
43476,2 fw PLH.static      ADJMBEDDHLB          43.018 -> 43.0307
43486,2 fw PLH.static      ADJMBEDDHLB         43.0307 -> 43.0371
43491,0 fw Controll.static GLGCAOADGMN               0 -> 1
43491,0 fw Controll        MJPKOOHJOPA         38.8822 -> 39.1863
43491,1 fw PLH.static      ADJMBEDDHLB         43.0371 -> 43.0471
43503,2 fw Controll.static MKFDGFOCKNO         43.0115 -> 43.0615
43503,2 fw Controll.static LEKCBKLAILO         43.0615 -> 43.1115
43503,3 fw PLH.static      ADJMBEDDHLB         43.0471 -> 43.052
43508,5 fw PLH.static      ADJMBEDDHLB          43.052 -> 43.0642
43519,5 fw Controll.static MNHBPCOOMLE         3255899 -> 3256202
43519,5 fw Controll.static GIPNIMALPEG          0.3807 -> 0.3758
43519,6 fw PLH.static      ADJMBEDDHLB         43.0642 -> 43.0694
43524,1 fw PLH.static      ADJMBEDDHLB         43.0694 -> 43.0805
43536,6 fw PLH.static      ADJMBEDDHLB         43.0805 -> 43.085
43541,4 fw PLH.static      ADJMBEDDHLB          43.085 -> 43.0986
43541,4 fw PLH.static      CFIMEAFDJFM         38.6838 -> 38.9482
43553,6 fw Controll.static MKFDGFOCKNO         43.0615 -> 43.1115
43553,6 fw Controll.static LEKCBKLAILO         43.1115 -> 43.1615
43553,6 fw Controll.static OFJKHAFJIMA          0.0022 -> 0.0026
43553,7 fw PLH.static      ADJMBEDDHLB         43.0986 -> 43.1023
43558,1 fw PLH.static      ADJMBEDDHLB         43.1023 -> 43.1146
43558,1 fw PLH.static      CFIMEAFDJFM         38.9482 -> 38.965
43569,6 fw PLH.static      ADJMBEDDHLB         43.1146 -> 43.119
43569,6 fw PLH.static      CFIMEAFDJFM          38.965 -> 38.9704
43574,1 fw Controll.static GIPNIMALPEG          0.3758 -> 0.4678
43574,2 fw PLH.static      ADJMBEDDHLB          43.119 -> 43.1305
43586,8 fw Controll.static DGNDKAKOEPD         3255046 -> 3256068
43586,8 fw Controll.static BEJBLGGGOCC       340836107 -> 340837108
43586,8 fw Controll.static JELGPAKAJPE             209 -> 238
43586,8 fw Controll.static EENJPDHGGGC           42.08 -> 43.1023
43586,8 fw PLH.static      ADJMBEDDHLB         43.1305 -> 43.1351
43591,0 fw PLH.static      ADJMBEDDHLB         43.1351 -> 43.1477
43602,9 fw Controll.static GLGCAOADGMN               1 -> 0
43602,9 fw Controll.static MKFDGFOCKNO         43.1115 -> 43.1615
43602,9 fw Controll.static LEKCBKLAILO         43.1615 -> 43.2115
43603,0 fw PLH.static      ADJMBEDDHLB         43.1477 -> 43.1519
43603,0 fw PLH.static      CFIMEAFDJFM         38.9704 -> 39.0029
43607,2 fw Controll.static OFJKHAFJIMA          0.0026 -> 0.002
43607,3 fw PLH.static      ADJMBEDDHLB         43.1519 -> 43.1638
43607,3 fw PLH.static      CFIMEAFDJFM         39.0029 -> 39.0149
43619,4 fw PLH.static      ADJMBEDDHLB         43.1638 -> 43.1682
43619,4 fw PLH.static      CFIMEAFDJFM         39.0149 -> 39.0196
43623,8 fw Controll.static GIPNIMALPEG          0.4678 -> 0.4602
43623,8 fw PLH.static      ADJMBEDDHLB         43.1682 -> 43.1803
43623,8 fw PLH.static      CFIMEAFDJFM         39.0196 -> 39.0312
43635,9 fw PLH.static      ADJMBEDDHLB         43.1803 -> 43.1847
43640,5 fw PLH.static      ADJMBEDDHLB         43.1847 -> 43.1968
43640,5 fw PLH.static      CFIMEAFDJFM         39.0312 -> 39.0476
43653,1 fw PLH.static      ADJMBEDDHLB         43.1968 -> 43.2014
43653,1 fw PLH.static      CFIMEAFDJFM         39.0476 -> 39.0528
43657,6 fw Controll.static MKFDGFOCKNO         43.1615 -> 43.2115
43657,6 fw Controll.static LEKCBKLAILO         43.2115 -> 43.2615
43657,6 fw Controll.static OFJKHAFJIMA           0.002 -> 0.0021
43657,6 fw PLH.static      ADJMBEDDHLB         43.2014 -> 43.214
43657,6 fw PLH.static      CFIMEAFDJFM         39.0528 -> 39.0646
43669,0 fw PLH.static      ADJMBEDDHLB          43.214 -> 43.2185
43673,0 fw Controll.static GIPNIMALPEG          0.4602 -> 0.4444
43673,0 fw PLH.static      ADJMBEDDHLB         43.2185 -> 43.2299
43685,2 fw PLH.static      ADJMBEDDHLB         43.2299 -> 43.234
43690,3 fw PLH.static      ADJMBEDDHLB          43.234 -> 43.2461
43690,3 fw PLH.static      CFIMEAFDJFM         39.0646 -> 39.0975
43702,0 fw PLH.static      ADJMBEDDHLB         43.2461 -> 43.2512
43705,8 fw Controll.static MKFDGFOCKNO         43.2115 -> 43.2615
43705,8 fw Controll.static LEKCBKLAILO         43.2615 -> 43.3115
43705,8 fw Controll.static OFJKHAFJIMA          0.0021 -> 0.001
43705,9 fw PLH.static      ADJMBEDDHLB         43.2512 -> 43.2629
43705,9 fw PLH.static      CFIMEAFDJFM         39.0975 -> 39.1141
43718,9 fw PLH.static      ADJMBEDDHLB         43.2629 -> 43.2668
43722,9 fw Controll.static GIPNIMALPEG          0.4444 -> 0.4424
43722,9 fw PLH.static      ADJMBEDDHLB         43.2668 -> 43.2799
43722,9 fw PLH.static      CFIMEAFDJFM         39.1141 -> 39.1307
43735,6 fw PLH.static      ADJMBEDDHLB         43.2799 -> 43.2838
43739,6 fw PLH.static      ADJMBEDDHLB         43.2838 -> 43.2965
43739,6 fw PLH.static      CFIMEAFDJFM         39.1307 -> 39.1473
43752,7 fw PLH.static      ADJMBEDDHLB         43.2965 -> 43.3005
43757,3 fw Controll.static MKFDGFOCKNO         43.2615 -> 43.3115
43757,3 fw Controll.static LEKCBKLAILO         43.3115 -> 43.3615
43757,3 fw Controll.static OFJKHAFJIMA           0.001 -> 0.0017
43757,3 fw PLH.static      ADJMBEDDHLB         43.3005 -> 43.3148
43757,3 fw PLH.static      CFIMEAFDJFM         39.1473 -> 39.1642
43769,2 fw PLH.static      ADJMBEDDHLB         43.3148 -> 43.3182
43773,8 fw Controll.static GIPNIMALPEG          0.4424 -> 0.4604
43773,8 fw PLH.static      ADJMBEDDHLB         43.3182 -> 43.3301
43773,8 fw PLH.static      CFIMEAFDJFM         39.1642 -> 39.1809
43785,2 fw PLH.static      ADJMBEDDHLB         43.3301 -> 43.3347
43790,8 fw PLH.static      ADJMBEDDHLB         43.3347 -> 43.3461
43790,8 fw PLH.static      CFIMEAFDJFM         39.1809 -> 39.1975
43802,4 fw PLH.static      ADJMBEDDHLB         43.3461 -> 43.3517
43806,6 fw Controll.static MKFDGFOCKNO         43.3115 -> 43.3615
43806,6 fw Controll.static LEKCBKLAILO         43.3615 -> 43.4115
43806,6 fw Controll.static OFJKHAFJIMA          0.0017 -> 0.0014
43806,7 fw PLH.static      ADJMBEDDHLB         43.3517 -> 43.3633
43806,7 fw PLH.static      CFIMEAFDJFM         39.1975 -> 39.2144
43818,7 fw PLH.static      ADJMBEDDHLB         43.3633 -> 43.3676
43822,6 fw Controll.static GIPNIMALPEG          0.4604 -> 0.4373
43822,7 fw PLH.static      ADJMBEDDHLB         43.3676 -> 43.3796
43822,7 fw PLH.static      CFIMEAFDJFM         39.2144 -> 39.2305
43835,5 fw PLH.static      ADJMBEDDHLB         43.3796 -> 43.3836
43835,5 fw PLH.static      CFIMEAFDJFM         39.2305 -> 39.235
43839,5 fw PLH.static      ADJMBEDDHLB         43.3836 -> 43.3964
43852,2 fw PLH.static      ADJMBEDDHLB         43.3964 -> 43.4024
43856,0 fw Controll.static MKFDGFOCKNO         43.3615 -> 43.4115
43856,0 fw Controll.static LEKCBKLAILO         43.4115 -> 43.4615
43856,0 fw Controll.static OFJKHAFJIMA          0.0014 -> 0.0012
43856,1 fw PLH.static      ADJMBEDDHLB         43.4024 -> 43.4132
43856,1 fw PLH.static      CFIMEAFDJFM          39.235 -> 39.2637
43868,7 fw PLH.static      ADJMBEDDHLB         43.4132 -> 43.417
43873,0 fw PLH.static      ADJMBEDDHLB          43.417 -> 43.4296
43873,0 fw PLH.static      CFIMEAFDJFM         39.2637 -> 39.2805
43884,7 fw Controll.static GIPNIMALPEG          0.4373 -> 0.6795
43884,8 fw PLH.static      ADJMBEDDHLB         43.4296 -> 43.4339
43890,2 fw PLH.static      ADJMBEDDHLB         43.4339 -> 43.4458
43890,2 fw PLH.static      CFIMEAFDJFM         39.2805 -> 39.2971
43901,5 fw PLH.static      ADJMBEDDHLB         43.4458 -> 43.4511
43901,5 fw PLH.static      CFIMEAFDJFM         39.2971 -> 39.3016
43905,8 fw Controll.static MKFDGFOCKNO         43.4115 -> 43.4615
43905,8 fw Controll.static LEKCBKLAILO         43.4615 -> 43.5115
43905,9 fw PLH.static      ADJMBEDDHLB         43.4511 -> 43.4624
43923,3 fw Controll.static OFJKHAFJIMA          0.0012 -> 0.0005
43923,3 fw PLH.static      ADJMBEDDHLB         43.4624 -> 43.4668
43923,3 fw PLH.static      CFIMEAFDJFM         39.3016 -> 39.3182
43927,3 fw PLH.static      ADJMBEDDHLB         43.4668 -> 43.4843
43927,3 fw PLH.static      CFIMEAFDJFM         39.3182 -> 39.3275
43956,2 fw Controll.static GIPNIMALPEG          0.6795 -> 0.1068
43956,2 fw PLH.static      ADJMBEDDHLB         43.4843 -> 43.4883
43956,2 fw PLH.static      CFIMEAFDJFM         39.3275 -> 39.3396
43959,5 fw PLH.static      ADJMBEDDHLB         43.4883 -> 43.5174
43959,5 fw PLH.static      CFIMEAFDJFM         39.3396 -> 39.365
43972,4 fw PLH.static      ADJMBEDDHLB         43.5174 -> 43.5204
43977,1 fw PLH.static      ADJMBEDDHLB         43.5204 -> 43.5334
43977,1 fw PLH.static      CFIMEAFDJFM          39.365 -> 39.3843
43987,5 fw Controll.static MKFDGFOCKNO         43.4615 -> 43.5115
43987,5 fw Controll.static LEKCBKLAILO         43.5115 -> 43.5615
43987,5 fw Controll.static OFJKHAFJIMA          0.0005 -> 0.005
43987,6 fw PLH.static      ADJMBEDDHLB         43.5334 -> 43.538
43987,6 fw PLH.static      CFIMEAFDJFM         39.3843 -> 39.3892
43993,0 fw PLH.static      ADJMBEDDHLB          43.538 -> 43.5485
43993,0 fw PLH.static      CFIMEAFDJFM         39.3892 -> 39.3999
44002,9 fw player          LNIDBHIAJJI              11 -> 12
44002,9 fw Controll.static GIPNIMALPEG          0.1068 -> 0.0423
44003,0 fw PLH.static      ADJMBEDDHLB         43.5485 -> 43.5539
44008,4 fw PLH.static      ADJMBEDDHLB         43.5539 -> 43.5639
44022,9 fw PLH.static      ADJMBEDDHLB         43.5639 -> 43.5693
44026,5 fw PLH.static      ADJMBEDDHLB         43.5693 -> 43.5839
44039,4 fw Controll.static MKFDGFOCKNO         43.5115 -> 43.5615
44039,4 fw Controll.static LEKCBKLAILO         43.5615 -> 43.6115
44039,5 fw Controll.static OFJKHAFJIMA           0.005 -> 0.0019
44039,5 fw PLH.static      ADJMBEDDHLB         43.5839 -> 43.5874
44044,5 fw PLH.static      ADJMBEDDHLB         43.5874 -> 43.6004
44044,5 fw PLH.static      CFIMEAFDJFM         39.3999 -> 39.4512
44056,0 fw Controll.static GIPNIMALPEG          0.0423 -> 0.1048
44056,1 fw PLH.static      ADJMBEDDHLB         43.6004 -> 43.6054
44061,9 fw PLH.static      ADJMBEDDHLB         43.6054 -> 43.6171
44062,0 fw PLH.static      CFIMEAFDJFM         39.4512 -> 39.4676
44075,7 fw PLH.static      ADJMBEDDHLB         43.6171 -> 43.6229
44075,7 fw PLH.static      CFIMEAFDJFM         39.4676 -> 39.4739
44092,8 fw PLH.static      ADJMBEDDHLB         43.6229 -> 43.6367
44092,8 fw PLH.static      CFIMEAFDJFM         39.4739 -> 39.4855
44098,2 fw Controll.static MKFDGFOCKNO         43.5615 -> 43.6115
44098,2 fw Controll.static LEKCBKLAILO         43.6115 -> 43.6615
44098,2 fw Controll.static OFJKHAFJIMA          0.0019 -> 0.005
44098,3 fw PLH.static      ADJMBEDDHLB         43.6367 -> 43.6546
44098,3 fw PLH.static      CFIMEAFDJFM         39.4855 -> 39.5037
44117,4 fw PLH.static      ADJMBEDDHLB         43.6546 -> 43.6592
44121,9 fw Controll.static GIPNIMALPEG          0.1048 -> 0.422
44122,0 fw PLH.static      ADJMBEDDHLB         43.6592 -> 43.6786
44122,0 fw PLH.static      CFIMEAFDJFM         39.5037 -> 39.5281
44137,5 fw PLH.static      ADJMBEDDHLB         43.6786 -> 43.6829
44142,0 fw PLH.static      ADJMBEDDHLB         43.6829 -> 43.6985
44142,0 fw PLH.static      CFIMEAFDJFM         39.5281 -> 39.5492
44155,1 fw PLH.static      ADJMBEDDHLB         43.6985 -> 43.7029
44161,3 fw Controll.static MKFDGFOCKNO         43.6115 -> 43.7115
44161,3 fw Controll.static LEKCBKLAILO         43.6615 -> 43.7615
44161,3 fw Controll.static OFJKHAFJIMA           0.005 -> 0.0039
44161,3 fw PLH.static      ADJMBEDDHLB         43.7029 -> 43.716
44161,3 fw PLH.static      CFIMEAFDJFM         39.5492 -> 39.5662
44173,4 fw PLH.static      ADJMBEDDHLB          43.716 -> 43.7223
44179,9 fw Controll.static GIPNIMALPEG           0.422 -> 0.5805
44180,0 fw PLH.static      ADJMBEDDHLB         43.7223 -> 43.7343
44180,0 fw PLH.static      CFIMEAFDJFM         39.5662 -> 39.5849
44191,3 fw PLH.static      ADJMBEDDHLB         43.7343 -> 43.7409
44197,3 fw PLH.static      ADJMBEDDHLB         43.7409 -> 43.7522
44197,3 fw PLH.static      CFIMEAFDJFM         39.5849 -> 39.603
44217,9 fw PLH.static      ADJMBEDDHLB         43.7522 -> 43.7582
44221,6 fw Controll.static MKFDGFOCKNO         43.7115 -> 43.7615
44221,6 fw Controll.static LEKCBKLAILO         43.7615 -> 43.8115
44221,6 fw Controll.static OFJKHAFJIMA          0.0039 -> 0.0166
44221,7 fw PLH.static      ADJMBEDDHLB         43.7582 -> 43.7789
44221,7 fw PLH.static      CFIMEAFDJFM          39.603 -> 39.6291
44235,1 fw PLH.static      ADJMBEDDHLB         43.7789 -> 43.7826
44235,1 fw PLH.static      CFIMEAFDJFM         39.6291 -> 39.6341
44246,5 fw PLH.static      ADJMBEDDHLB         43.7826 -> 43.7961
44258,6 fw Controll.static GIPNIMALPEG          0.5805 -> 0.1568
44258,7 fw PLH.static      ADJMBEDDHLB         43.7961 -> 43.8076
44258,7 fw PLH.static      CFIMEAFDJFM         39.6341 -> 39.6586
44265,6 fw PLH.static      ADJMBEDDHLB         43.8076 -> 43.8196
44281,7 fw PLH.static      ADJMBEDDHLB         43.8196 -> 43.8265
44281,7 fw PLH.static      CFIMEAFDJFM         39.6586 -> 39.6779
44294,8 fw Controll.static MKFDGFOCKNO         43.7615 -> 43.8115
44294,8 fw Controll.static LEKCBKLAILO         43.8115 -> 43.8615
44294,9 fw PLH.static      ADJMBEDDHLB         43.8265 -> 43.8427
44294,9 fw PLH.static      CFIMEAFDJFM         39.6779 -> 39.6932
44300,5 fw Controll.static OFJKHAFJIMA          0.0166 -> 0.0076
44300,6 fw PLH.static      ADJMBEDDHLB         43.8427 -> 43.8558
44300,6 fw PLH.static      CFIMEAFDJFM         39.6932 -> 39.7065
44315,1 fw PLH.static      ADJMBEDDHLB         43.8558 -> 43.8615
44319,6 fw Controll.static GIPNIMALPEG          0.1568 -> 0.3762
44319,7 fw PLH.static      ADJMBEDDHLB         43.8615 -> 43.876
44319,7 fw PLH.static      CFIMEAFDJFM         39.7065 -> 39.7268
44333,9 fw PLH.static      ADJMBEDDHLB          43.876 -> 43.8806
44333,9 fw PLH.static      CFIMEAFDJFM         39.7268 -> 39.732
44344,2 fw PLH.static      ADJMBEDDHLB         43.8806 -> 43.8948
44344,2 fw PLH.static      CFIMEAFDJFM          39.732 -> 39.7458
44355,7 fw PLH.static      ADJMBEDDHLB         43.8948 -> 43.9053
44360,7 fw Controll.static MKFDGFOCKNO         43.8115 -> 43.9115
44360,7 fw Controll.static LEKCBKLAILO         43.8615 -> 43.9615
44360,7 fw Controll.static OFJKHAFJIMA          0.0076 -> 0.0046
44360,7 fw PLH.static      ADJMBEDDHLB         43.9053 -> 43.9168
44371,1 fw PLH.static      ADJMBEDDHLB         43.9168 -> 43.9227
44376,6 fw Controll.static GIPNIMALPEG          0.3762 -> 0.5157
44376,7 fw PLH.static      ADJMBEDDHLB         43.9227 -> 43.9321
44376,7 fw PLH.static      CFIMEAFDJFM         39.7458 -> 39.7832
44385,4 fw PLH.static      ADJMBEDDHLB         43.9321 -> 43.9376
44391,7 fw PLH.static      ADJMBEDDHLB         43.9376 -> 43.9463
44391,7 fw PLH.static      CFIMEAFDJFM         39.7832 -> 39.7978
44400,0 fw PLH.static      ADJMBEDDHLB         43.9463 -> 43.9526
44407,1 fw Controll.static MKFDGFOCKNO         43.9115 -> 43.9615
44407,1 fw Controll.static LEKCBKLAILO         43.9615 -> 44.0115
44407,1 fw Controll.static OFJKHAFJIMA          0.0046 -> 0.006
44407,1 fw PLH.static      ADJMBEDDHLB         43.9526 -> 43.9609
44407,1 fw PLH.static      CFIMEAFDJFM         39.7978 -> 39.8123
44413,7 fw PLH.static      ADJMBEDDHLB         43.9609 -> 43.968
44422,8 fw Controll.static GIPNIMALPEG          0.5157 -> 0.4402
44422,9 fw PLH.static      ADJMBEDDHLB          43.968 -> 43.9748
44435,0 fw PLH.static      ADJMBEDDHLB         43.9748 -> 43.9838
44435,0 fw PLH.static      CFIMEAFDJFM         39.8123 -> 39.8353
44440,4 fw PLH.static      ADJMBEDDHLB         43.9838 -> 43.9959
44449,5 fw PLH.static      ADJMBEDDHLB         43.9959 -> 44.0013
44449,5 fw PLH.static      CFIMEAFDJFM         39.8353 -> 39.8527
44454,7 fw Controll.static MKFDGFOCKNO         43.9615 -> 44.0116
44454,7 fw Controll.static LEKCBKLAILO         44.0115 -> 44.0616
44454,7 fw Controll.static OFJKHAFJIMA           0.006 -> 0.0037
44454,8 fw PLH.static      ADJMBEDDHLB         44.0013 -> 44.0105
44464,1 fw PLH.static      ADJMBEDDHLB         44.0105 -> 44.0157
44470,4 fw Controll.static GIPNIMALPEG          0.4402 -> 0.3921
44470,5 fw PLH.static      ADJMBEDDHLB         44.0157 -> 44.025
44481,0 fw PLH.static      ADJMBEDDHLB          44.025 -> 44.0314
44485,6 fw PLH.static      ADJMBEDDHLB         44.0314 -> 44.0419
44495,9 fw PLH.static      ADJMBEDDHLB         44.0419 -> 44.0469
44502,1 fw Controll.static MKFDGFOCKNO         44.0116 -> 44.0616
44502,1 fw Controll.static LEKCBKLAILO         44.0616 -> 44.1116
44502,1 fw Controll.static OFJKHAFJIMA          0.0037 -> 0.0011
44502,2 fw PLH.static      ADJMBEDDHLB         44.0469 -> 44.0568
44510,2 fw PLH.static      ADJMBEDDHLB         44.0568 -> 44.0631
44515,7 fw Controll.static GIPNIMALPEG          0.3921 -> 0.2977
44515,7 fw PLH.static      ADJMBEDDHLB         44.0631 -> 44.0711
44525,2 fw PLH.static      ADJMBEDDHLB         44.0711 -> 44.0766
44531,8 fw PLH.static      ADJMBEDDHLB         44.0766 -> 44.0861
44542,1 fw PLH.static      ADJMBEDDHLB         44.0861 -> 44.0927
44542,1 fw PLH.static      CFIMEAFDJFM         39.8527 -> 39.9438
44551,1 fw PLH.static      ADJMBEDDHLB         44.0927 -> 44.103
44551,1 fw PLH.static      CFIMEAFDJFM         39.9438 -> 39.9542
44555,8 fw player          APFNBGHAJMD               1 -> 0
44555,9 fw PLH.static      ADJMBEDDHLB          44.103 -> 44.1121
44555,9 fw PLH.static      CFIMEAFDJFM         39.9542 -> 39.9609
44565,4 fw PLH.static      ADJMBEDDHLB         44.1121 -> 44.1168
44571,7 fw Controll.static GIPNIMALPEG          0.2977 -> 0.4176
44571,8 fw PLH.static      ADJMBEDDHLB         44.1168 -> 44.1263
44571,8 fw PLH.static      CFIMEAFDJFM         39.9609 -> 39.9778
44578,9 fw Controll.static DGNDKAKOEPD         3256068 -> 3257059
44578,9 fw Controll.static BEJBLGGGOCC       340837108 -> 340838133
44578,9 fw Controll.static JELGPAKAJPE             238 -> 217
44578,9 fw Controll.static EENJPDHGGGC         43.1023 -> 44.0927
44579,0 fw PLH.static      ADJMBEDDHLB         44.1263 -> 44.1327
44587,4 fw PLH.static      ADJMBEDDHLB         44.1327 -> 44.1399
44594,7 fw Controll.static MKFDGFOCKNO         44.0616 -> 44.1116
44594,7 fw Controll.static LEKCBKLAILO         44.1116 -> 44.1616
44594,8 fw PLH.static      ADJMBEDDHLB         44.1399 -> 44.1483
44594,8 fw PLH.static      CFIMEAFDJFM         39.9778 -> 39.9997
44601,3 fw Controll.static OFJKHAFJIMA          0.0011 -> 0.0003
44601,4 fw PLH.static      ADJMBEDDHLB         44.1483 -> 44.1557
44612,0 fw PLH.static      ADJMBEDDHLB         44.1557 -> 44.1623
44612,0 fw PLH.static      CFIMEAFDJFM         39.9997 -> 40.0135
44617,7 fw Controll.static GIPNIMALPEG          0.4176 -> 0.3365
44617,8 fw PLH.static      ADJMBEDDHLB         44.1623 -> 44.1729
44625,9 fw player          APFNBGHAJMD               0 -> 1
44626,1 fw PLH.static      ADJMBEDDHLB         44.1729 -> 44.1787
44626,1 fw PLH.static      CFIMEAFDJFM         40.0135 -> 40.0301
44638,1 fw PLH.static      ADJMBEDDHLB         44.1787 -> 44.187
44643,1 fw PLH.static      ADJMBEDDHLB          44.187 -> 44.199
44643,1 fw PLH.static      CFIMEAFDJFM         40.0301 -> 40.0452
44652,6 fw Controll.static MKFDGFOCKNO         44.1116 -> 44.2116
44652,6 fw Controll.static LEKCBKLAILO         44.1616 -> 44.2616
44652,6 fw Controll.static OFJKHAFJIMA          0.0003 -> 0.0015
44652,6 fw PLH.static      ADJMBEDDHLB          44.199 -> 44.2041
44652,6 fw PLH.static      CFIMEAFDJFM         40.0452 -> 40.0555
44657,7 fw PLH.static      ADJMBEDDHLB         44.2041 -> 44.2135
44666,6 fw Controll.static GIPNIMALPEG          0.3365 -> 0.3143
44666,6 fw PLH.static      ADJMBEDDHLB         44.2135 -> 44.2186
44673,6 fw PLH.static      ADJMBEDDHLB         44.2186 -> 44.2275
44680,6 fw PLH.static      ADJMBEDDHLB         44.2275 -> 44.2345
44680,6 fw PLH.static      CFIMEAFDJFM         40.0555 -> 40.0855
44686,8 fw PLH.static      ADJMBEDDHLB         44.2345 -> 44.2414
44686,8 fw PLH.static      CFIMEAFDJFM         40.0855 -> 40.093
44696,0 fw PLH.static      ADJMBEDDHLB         44.2414 -> 44.2477
44696,0 fw PLH.static      CFIMEAFDJFM          40.093 -> 40.0991
44701,5 fw PLH.static      ADJMBEDDHLB         44.2477 -> 44.2569
44701,5 fw PLH.static      CFIMEAFDJFM         40.0991 -> 40.108
44710,2 fw Controll.static GIPNIMALPEG          0.3143 -> 0.1882
44710,3 fw PLH.static      ADJMBEDDHLB         44.2569 -> 44.2624
44716,7 fw PLH.static      ADJMBEDDHLB         44.2624 -> 44.2713
44724,7 fw PLH.static      ADJMBEDDHLB         44.2713 -> 44.2776
44724,7 fw PLH.static      CFIMEAFDJFM          40.108 -> 40.129
44730,6 fw PLH.static      ADJMBEDDHLB         44.2776 -> 44.2856
44738,9 fw Controll.static MKFDGFOCKNO         44.2116 -> 44.2616
44738,9 fw Controll.static LEKCBKLAILO         44.2616 -> 44.3116
44738,9 fw Controll.static OFJKHAFJIMA          0.0015 -> 0.0004
44739,0 fw PLH.static      ADJMBEDDHLB         44.2856 -> 44.2915
44745,1 fw PLH.static      ADJMBEDDHLB         44.2915 -> 44.2999
44745,2 fw PLH.static      CFIMEAFDJFM          40.129 -> 40.1513
44753,7 fw Controll.static GIPNIMALPEG          0.1882 -> 0.0564
44753,7 fw PLH.static      ADJMBEDDHLB         44.2999 -> 44.3061
44759,3 fw PLH.static      ADJMBEDDHLB         44.3061 -> 44.3146
44759,3 fw PLH.static      CFIMEAFDJFM         40.1513 -> 40.1655
44768,1 fw PLH.static      ADJMBEDDHLB         44.3146 -> 44.3202
44773,5 fw PLH.static      ADJMBEDDHLB         44.3202 -> 44.329
44773,5 fw PLH.static      CFIMEAFDJFM         40.1655 -> 40.18
44781,7 fw Controll.static MKFDGFOCKNO         44.2616 -> 44.3116
44781,7 fw Controll.static LEKCBKLAILO         44.3116 -> 44.3616
44781,7 fw Controll.static OFJKHAFJIMA          0.0004 -> 0.0027
44781,7 fw PLH.static      ADJMBEDDHLB          44.329 -> 44.3344
44791,6 fw PLH.static      ADJMBEDDHLB         44.3344 -> 44.3426
44802,1 fw Controll.static GIPNIMALPEG          0.0564 -> 0.0244
44802,1 fw PLH.static      ADJMBEDDHLB         44.3426 -> 44.3525
44802,1 fw PLH.static      CFIMEAFDJFM           40.18 -> 40.2037
44807,6 fw PLH.static      ADJMBEDDHLB         44.3525 -> 44.363
44818,3 fw PLH.static      ADJMBEDDHLB          44.363 -> 44.3685
44818,3 fw PLH.static      CFIMEAFDJFM         40.2037 -> 40.22
44823,9 fw PLH.static      ADJMBEDDHLB         44.3685 -> 44.3792
44835,1 fw Controll.static MKFDGFOCKNO         44.3116 -> 44.3616
44835,1 fw Controll.static LEKCBKLAILO         44.3616 -> 44.4116
44835,1 fw Controll.static OFJKHAFJIMA          0.0027 -> 0.001
44835,3 fw PLH.static      ADJMBEDDHLB         44.3792 -> 44.3848
44844,3 fw PLH.static      ADJMBEDDHLB         44.3848 -> 44.3965
44844,3 fw PLH.static      CFIMEAFDJFM           40.22 -> 40.2463
44851,7 fw PLH.static      ADJMBEDDHLB         44.3965 -> 44.4052
44861,4 fw Controll.static GIPNIMALPEG          0.0244 -> 0.2111
44861,7 fw PLH.static      ADJMBEDDHLB         44.4052 -> 44.4126
44861,7 fw PLH.static      CFIMEAFDJFM         40.2463 -> 40.263
44872,9 fw PLH.static      ADJMBEDDHLB         44.4126 -> 44.4238
44878,3 fw PLH.static      ADJMBEDDHLB         44.4238 -> 44.4338
44878,4 fw PLH.static      CFIMEAFDJFM          40.263 -> 40.2849
44888,2 fw Controll.static MKFDGFOCKNO         44.3616 -> 44.4116
44888,2 fw Controll.static LEKCBKLAILO         44.4116 -> 44.4616
44888,3 fw PLH.static      ADJMBEDDHLB         44.4338 -> 44.4393
44893,6 fw Controll.static OFJKHAFJIMA           0.001 -> 0.0004
44893,7 fw PLH.static      ADJMBEDDHLB         44.4393 -> 44.4492
44893,7 fw PLH.static      CFIMEAFDJFM         40.2849 -> 40.3002
44902,6 fw PLH.static      ADJMBEDDHLB         44.4492 -> 44.4546
44902,6 fw PLH.static      CFIMEAFDJFM         40.3002 -> 40.306
44909,2 fw Controll.static GIPNIMALPEG          0.2111 -> 0.1666
44909,3 fw PLH.static      ADJMBEDDHLB         44.4546 -> 44.4635
44916,2 fw PLH.static      ADJMBEDDHLB         44.4635 -> 44.4702
44916,2 fw PLH.static      CFIMEAFDJFM          40.306 -> 40.3211
44923,1 fw PLH.static      ADJMBEDDHLB         44.4702 -> 44.4771
44923,1 fw PLH.static      CFIMEAFDJFM         40.3211 -> 40.3283
44932,2 fw PLH.static      ADJMBEDDHLB         44.4771 -> 44.484
44937,6 fw Controll.static MKFDGFOCKNO         44.4116 -> 44.4616
44937,6 fw Controll.static LEKCBKLAILO         44.4616 -> 44.5116
44937,6 fw Controll.static OFJKHAFJIMA          0.0004 -> 0.0015
44937,6 fw PLH.static      ADJMBEDDHLB          44.484 -> 44.4934
44946,8 fw PLH.static      ADJMBEDDHLB         44.4934 -> 44.4985
44953,4 fw Controll.static GIPNIMALPEG          0.1666 -> 0.0495
44953,4 fw PLH.static      ADJMBEDDHLB         44.4985 -> 44.5077
44962,5 fw PLH.static      ADJMBEDDHLB         44.5077 -> 44.5143
44982,1 fw PLH.static      ADJMBEDDHLB         44.5143 -> 44.5237
44982,1 fw PLH.static      CFIMEAFDJFM         40.3283 -> 40.3733
44995,0 fw PLH.static      ADJMBEDDHLB         44.5237 -> 44.5431
44995,1 fw PLH.static      CFIMEAFDJFM         40.3733 -> 40.3928
44999,9 fw Controll.static MKFDGFOCKNO         44.4616 -> 44.5116
44999,9 fw Controll.static LEKCBKLAILO         44.5116 -> 44.5616
44999,9 fw Controll.static OFJKHAFJIMA          0.0015 -> 0.0022
45000,0 fw PLH.static      ADJMBEDDHLB         44.5431 -> 44.5561
45000,0 fw PLH.static      CFIMEAFDJFM         40.3928 -> 40.4062
45011,3 fw PLH.static      ADJMBEDDHLB         44.5561 -> 44.5609
45011,3 fw PLH.static      CFIMEAFDJFM         40.4062 -> 40.4123
45017,7 fw Controll.static GIPNIMALPEG          0.0495 -> 0.3357
45017,7 fw PLH.static      ADJMBEDDHLB         44.5609 -> 44.5722
45034,0 fw PLH.static      ADJMBEDDHLB         44.5722 -> 44.5786
45034,0 fw PLH.static      CFIMEAFDJFM         40.4123 -> 40.4286
45059,5 fw PLH.static      ADJMBEDDHLB         44.5786 -> 44.5949
45059,5 fw PLH.static      CFIMEAFDJFM         40.4286 -> 40.4453
45065,3 fw PLH.static      ADJMBEDDHLB         44.5949 -> 44.6205
45065,3 fw PLH.static      CFIMEAFDJFM         40.4453 -> 40.4605
45074,8 fw Controll.static MKFDGFOCKNO         44.5116 -> 44.6116
45074,8 fw Controll.static LEKCBKLAILO         44.5616 -> 44.6616
45074,9 fw Controll.static OFJKHAFJIMA          0.0022 -> 0.0083
45074,9 fw PLH.static      ADJMBEDDHLB         44.6205 -> 44.6262
45080,8 fw PLH.static      ADJMBEDDHLB         44.6262 -> 44.636
45090,9 fw Controll.static GIPNIMALPEG          0.3357 -> 0.8
45091,0 fw PLH.static      ADJMBEDDHLB          44.636 -> 44.6418
45095,4 fw PLH.static      ADJMBEDDHLB         44.6418 -> 44.6519
45106,3 fw PLH.static      ADJMBEDDHLB         44.6519 -> 44.6563
45112,0 fw PLH.static      ADJMBEDDHLB         44.6563 -> 44.6672
45126,4 fw Controll.static MKFDGFOCKNO         44.6116 -> 44.6616
45126,5 fw Controll.static LEKCBKLAILO         44.6616 -> 44.7116
45126,5 fw Controll.static OFJKHAFJIMA          0.0083 -> 0.0051
45126,5 fw PLH.static      ADJMBEDDHLB         44.6672 -> 44.673
45126,5 fw PLH.static      CFIMEAFDJFM         40.4605 -> 40.5237
45131,1 fw PLH.static      ADJMBEDDHLB          44.673 -> 44.6875
45131,1 fw PLH.static      CFIMEAFDJFM         40.5237 -> 40.5343
45142,2 fw Controll.static GIPNIMALPEG             0.8 -> 0.8246
45142,3 fw PLH.static      ADJMBEDDHLB         44.6875 -> 44.692
45142,3 fw PLH.static      CFIMEAFDJFM         40.5343 -> 40.5429
45150,0 fw PLH.static      ADJMBEDDHLB          44.692 -> 44.7032
45150,0 fw PLH.static      CFIMEAFDJFM         40.5429 -> 40.554
45155,6 fw PLH.static      ADJMBEDDHLB         44.7032 -> 44.7109
45155,6 fw PLH.static      CFIMEAFDJFM          40.554 -> 40.5616
45173,6 fw PLH.static      ADJMBEDDHLB         44.7109 -> 44.7165
45173,6 fw PLH.static      CFIMEAFDJFM         40.5616 -> 40.5676
45178,1 fw Controll.static MKFDGFOCKNO         44.6616 -> 44.7116
45178,1 fw Controll.static LEKCBKLAILO         44.7116 -> 44.7616
45178,1 fw Controll.static OFJKHAFJIMA          0.0051 -> 0.0045
45178,2 fw PLH.static      ADJMBEDDHLB         44.7165 -> 44.7345
45178,2 fw PLH.static      CFIMEAFDJFM         40.5676 -> 40.5781
45189,2 fw PLH.static      ADJMBEDDHLB         44.7345 -> 44.7391
45193,8 fw PLH.static      ADJMBEDDHLB         44.7391 -> 44.7501
45193,8 fw PLH.static      CFIMEAFDJFM         40.5781 -> 40.6009
45208,9 fw Controll.static GIPNIMALPEG          0.8246 -> 0.1605
45209,0 fw PLH.static      ADJMBEDDHLB         44.7501 -> 44.7547
45209,0 fw PLH.static      CFIMEAFDJFM         40.6009 -> 40.606
45213,2 fw Controll.static NAKNALFCOIF         44.0999 -> 43.9499
45213,3 fw PLH.static      ADJMBEDDHLB         44.7547 -> 44.7699
45224,2 fw PLH.static      ADJMBEDDHLB         44.7699 -> 44.7761
45249,4 fw Controll.static MKFDGFOCKNO         44.7116 -> 44.7616
45249,4 fw Controll.static LEKCBKLAILO         44.7616 -> 44.8116
45249,5 fw PLH.static      ADJMBEDDHLB         44.7761 -> 44.7851
45249,5 fw PLH.static      CFIMEAFDJFM          40.606 -> 40.6364
45257,4 fw Controll.static OFJKHAFJIMA          0.0045 -> 0.0063
45257,5 fw PLH.static      ADJMBEDDHLB         44.7851 -> 44.8104
45257,5 fw PLH.static      CFIMEAFDJFM         40.6364 -> 40.6445
45265,4 fw PLH.static      ADJMBEDDHLB         44.8104 -> 44.8184
45265,4 fw PLH.static      CFIMEAFDJFM         40.6445 -> 40.6653
45270,8 fw Controll.static GIPNIMALPEG          0.1605 -> 0.3989
45270,9 fw PLH.static      ADJMBEDDHLB         44.8184 -> 44.8263
45279,1 fw Controll.static NAKNALFCOIF         43.9499 -> 43.6499
45279,1 fw PLH.static      ADJMBEDDHLB         44.8263 -> 44.8318
45285,5 fw PLH.static      ADJMBEDDHLB         44.8318 -> 44.84
45294,5 fw PLH.static      ADJMBEDDHLB           44.84 -> 44.8464
45294,5 fw PLH.static      CFIMEAFDJFM         40.6653 -> 40.6977
45302,2 fw Controll.static MKFDGFOCKNO         44.7616 -> 44.8616
45302,2 fw Controll.static LEKCBKLAILO         44.8116 -> 44.9116
45302,2 fw Controll.static OFJKHAFJIMA          0.0063 -> 0.001
45302,3 fw PLH.static      ADJMBEDDHLB         44.8464 -> 44.8554
45315,1 fw PLH.static      ADJMBEDDHLB         44.8554 -> 44.8634
45315,1 fw PLH.static      CFIMEAFDJFM         40.6977 -> 40.7141
45318,4 fw Controll.static GIPNIMALPEG          0.3989 -> 0.3508
45318,5 fw PLH.static      ADJMBEDDHLB         44.8634 -> 44.8761
45318,5 fw PLH.static      CFIMEAFDJFM         40.7141 -> 40.7212
45331,9 fw Controll.static NAKNALFCOIF         43.6499 -> 43.4999
45331,9 fw PLH.static      ADJMBEDDHLB         44.8761 -> 44.8794
45335,5 fw PLH.static      ADJMBEDDHLB         44.8794 -> 44.8928
45349,0 fw PLH.static      ADJMBEDDHLB         44.8928 -> 44.8964
45349,0 fw PLH.static      CFIMEAFDJFM         40.7212 -> 40.7477
45352,6 fw Controll.static MKFDGFOCKNO         44.8616 -> 44.9116
45352,6 fw Controll.static LEKCBKLAILO         44.9116 -> 44.9616
45352,6 fw Controll.static OFJKHAFJIMA           0.001 -> 0.0015
45352,7 fw PLH.static      ADJMBEDDHLB         44.8964 -> 44.9099
45365,0 fw PLH.static      ADJMBEDDHLB         44.9099 -> 44.9136
45365,0 fw PLH.static      CFIMEAFDJFM         40.7477 -> 40.7647
45370,5 fw Controll.static GIPNIMALPEG          0.3508 -> 0.3917
45370,5 fw PLH.static      ADJMBEDDHLB         44.9136 -> 44.9259
45370,5 fw PLH.static      CFIMEAFDJFM         40.7647 -> 40.777
45382,0 fw Controll.static NAKNALFCOIF         43.4999 -> 43.1999
45382,0 fw PLH.static      ADJMBEDDHLB         44.9259 -> 44.9315
45385,8 fw PLH.static      ADJMBEDDHLB         44.9315 -> 44.9429
45398,2 fw PLH.static      ADJMBEDDHLB         44.9429 -> 44.9467
45402,2 fw Controll.static MKFDGFOCKNO         44.9116 -> 44.9616
45402,2 fw Controll.static LEKCBKLAILO         44.9616 -> 45.0116
45402,2 fw Controll.static OFJKHAFJIMA          0.0015 -> 0.0011
45402,3 fw PLH.static      ADJMBEDDHLB         44.9467 -> 44.9591
45415,5 fw PLH.static      ADJMBEDDHLB         44.9591 -> 44.9632
45415,5 fw PLH.static      CFIMEAFDJFM          40.777 -> 40.8145
45415,6 SCORE a=5 b=7 clock=330
45419,2 fw Controll.static GIPNIMALPEG          0.3917 -> 0.3648
45419,2 fw PLH.static      ADJMBEDDHLB         44.9632 -> 44.9764
45419,2 fw PLH.static      CFIMEAFDJFM         40.8145 -> 40.8265
45431,5 fw Controll.static NAKNALFCOIF         43.1999 -> 43.0499
45431,5 fw PLH.static      ADJMBEDDHLB         44.9764 -> 44.9801
45431,5 fw HUD.static      GONEFAMEMOJ             335 -> 330
45431,5 fw HUD.static      DIIAFKMNANI          36.013 -> 40.8265
45435,5 fw PLH.static      ADJMBEDDHLB         44.9801 -> 44.9925
45435,5 fw PLH.static      CFIMEAFDJFM         40.8265 -> 40.8434
45447,4 fw PLH.static      ADJMBEDDHLB         44.9925 -> 44.9964
45451,9 fw Controll.static MKFDGFOCKNO         44.9616 -> 45.0116
45451,9 fw Controll.static LEKCBKLAILO         45.0116 -> 45.0616
45451,9 fw Controll.static OFJKHAFJIMA          0.0011 -> 0.0008
45451,9 fw PLH.static      ADJMBEDDHLB         44.9964 -> 45.0083
45461,2 fw PLH.static      ADJMBEDDHLB         45.0083 -> 45.0129
45461,2 fw PLH.static      CFIMEAFDJFM         40.8434 -> 40.8638
45467,6 fw Controll.static GIPNIMALPEG          0.3648 -> 0.3346
45467,7 fw PLH.static      ADJMBEDDHLB         45.0129 -> 45.0221
45476,1 fw PLH.static      ADJMBEDDHLB         45.0221 -> 45.0286
45476,1 fw PLH.static      CFIMEAFDJFM         40.8638 -> 40.88
45482,0 fw PLH.static      ADJMBEDDHLB         45.0286 -> 45.0371
45482,0 fw PLH.static      CFIMEAFDJFM           40.88 -> 40.888
45490,3 fw PLH.static      ADJMBEDDHLB         45.0371 -> 45.0429
45497,3 fw PLH.static      ADJMBEDDHLB         45.0429 -> 45.0512
45497,3 fw PLH.static      CFIMEAFDJFM          40.888 -> 40.9023
45504,3 fw PLH.static      ADJMBEDDHLB         45.0512 -> 45.0582
45513,7 fw PLH.static      ADJMBEDDHLB         45.0582 -> 45.0652
45518,3 fw Controll.static GIPNIMALPEG          0.3346 -> 0.348
45518,4 fw PLH.static      ADJMBEDDHLB         45.0652 -> 45.0746
45518,4 fw PLH.static      CFIMEAFDJFM         40.9023 -> 40.9256
45531,5 fw Controll.static NAKNALFCOIF         43.0499 -> 42.7499
45531,5 fw Controll.static DGNDKAKOEPD         3257059 -> 3258045
45531,5 fw Controll.static BEJBLGGGOCC       340838133 -> 340839109
45531,6 fw Controll.static EENJPDHGGGC         44.0927 -> 45.0793
45531,6 fw PLH.static      ADJMBEDDHLB         45.0746 -> 45.0793
45531,6 fw PLH.static      CFIMEAFDJFM         40.9256 -> 40.9307
45534,7 fw PLH.static      ADJMBEDDHLB         45.0793 -> 45.0925
45534,7 fw PLH.static      CFIMEAFDJFM         40.9307 -> 40.9427
45547,1 fw Controll.static MKFDGFOCKNO         45.0116 -> 45.0616
45547,1 fw Controll.static LEKCBKLAILO         45.0616 -> 45.1116
45547,1 fw PLH.static      ADJMBEDDHLB         45.0925 -> 45.0956
45552,1 fw PLH.static      ADJMBEDDHLB         45.0956 -> 45.108
45552,1 fw PLH.static      CFIMEAFDJFM         40.9427 -> 40.9594
45561,2 #### SNAPSHOT #3 ####
45561,4 #S  player: MOPBMENEGLN=0 _LCEIAGLFFJN_k__BackingField=1 GLFBKBKFPCL=2063882 CCINALOJCNH=2 LGOAHLMABFF=0 ADNMLOLHFCD=0 LDKMPMIANCE=7 MMMGPDBMOLM=0 FACPLDFKHIO=0 FDOJDJLIGLF=0 EFHBKMHCMOH=0 INGHEHAALBJ=0 PIBCGHCJKAA=0 BANHJLHDFLI=0 FGFKPMPLNKO=0 ECBCOHFLJCC=0 ELBOPMABJOA=0 GDFNLALKMAN=0 PELNEJDOBKH=0 DECAKELAHPI=0 OLDBINBEFFG=0 EGCCBDKJGAB=0 EEHMHJBNAFP=0 NGCMFJECPIO=0 BCLPAILBBFP=0 AADFNNLGALL=0 PFGNALDDNDB=2 HIDMDLLHEKO=0 HOJIIOCKKLO=1 BCACFHNPIBP=45 ONOGCCOHPJC=0 LCMOBPPHLLM=0 CIPOBFGAMOP=20.575 GEDMGLAMGMD=0 MHCOJFIAGLP=0 JHGGICCFNFJ=0 CNHNFDDJMJO=0 HJLHOFPDEAA=1804 OLOOMMIKDPJ=20.575 LBKINNIDKEC=0 BDHNEDFEHBA=64 LNIDBHIAJJI=12 ACAIGMNLLEC=30 LCPGFBMKNHJ=999 CLOEJLAOIGI=0 APFNBGHAJMD=1 HEADELMLILF=1 CGHKKDBILGF=1 COCGLNFEFAF=0 HIECLOJIFIL=1 WasCollected=0
45561,4 #   player.GPBAJMJILMA len=2 [16,875, 43,59375]
45561,4 #   player.JNBMIDFBOHD len=2 [16,875, 0]
45561,4 #   player.JPDHFNADBKI len=2 [16,875, 42,1875]
45561,4 #   player.GDEMINMDJAC len=4 [0, 0, 0, 0]
45561,4 #   player.DDKPBGMMNIA len=10 [0, 0, 0, 1, 0, 1, 0, 0, 0, 0]
45561,5 #   player.PPOOANLEBNI len=40 [0, 0, 0, 0, 0, 0, 0, 0, 0, 0, 0, 0]
45561,6 #S  Controll.static: BIAHHOIOFKG=0.5 LCMOBPPHLLM=0 BNHEPNNOAIK=2.4 BNALIDHMCIG=2.75 JLPIAOFJHBB=0 DNNCGMPDMCF=0 IECMAFHGHND=0 JOJODHNJNGO=3 AJKDGEACHKD=3 NAKNALFCOIF=42.75 IGLCENGMMMJ=16.95 EPEEFBDJAHO=0 JEOINCHFPCC=0 HKPMJHCGMDE=0.4 DGNDKAKOEPD=3258045 BEJBLGGGOCC=340839109 JELGPAKAJPE=217 EENJPDHGGGC=45.079 ONGHDHKFEBG=-1 NIGBIPNBOPC=0 KEPGFOEOHPD=0 HLBAGIACGBI=0 PBICPLCFAGG=1 NJPDKJKJMCG=0 GCHFDAPNBNB=0 BFEOOOMMGLK=0 EKEAAHAKHIN=0 DJACNOGOCKD=0 MJHNOEIFBEO=0 JGNLBAMNEBA=0 HCOLPFEEENG=0 EGDKJEFGFIC=0 GLGCAOADGMN=0 FGGKANNFBDH=0 LKPFNJHLOHL=0 ILFOFIOFBAM=-1 KJOMABGHAIJ=0 IPCNAHJLMAP=0 CGJDLMEINBJ=0 CFACCGMPPOE=1 NKFBOBMMGCL=0 CMGGPFHFKCM=2.4 MKFDGFOCKNO=45.112 LEKCBKLAILO=45.162 CIDLIJFIKPG=0.05 OFJKHAFJIMA=0.001 LADGFAFJJNM=0 CFHLIKBFICO=0 PEPKIHHGDHG=0 MBFKABGNPCM=0 AJKBMMMOPMF=0 DEBGAILDKPC=0 GKNJELHPMDE=-1 FBINCNDDPAO=0 ILGHFLMKMCO=0 CKLMDECPAGK=0 DBMGNKNGFLL=0 JADIDAJFOGK=0 OINJNFHMDFE=0 _JFKCDODJALP_k__BackingField=0 GHLDENBLDPH=0 IEKGMGGHAPE=0 BEINLJCOGBO=0 GAMBHJPMDON=1 POFKNJGAKPK=0 OGDPMIBJLDH=0 MNHBPCOOMLE=3256202 MBLGPNKENLH=0 AFDPPPDHDGP=0 IPKHNCADMPM=0 KMJLDLGDMGK=1 GIPNIMALPEG=0.207 ANDBANJHOLD=0 JBKBOPCCIBM=0
45561,7 #   Controll.static.DDOHELGGICN len=6 [(normal:(0.97, -0.22, 0.09), distance:-4.57), (normal:(0.02, -0.22, 0.97), distance:-29.02), (normal:(0.52, 0.65, 0.56), distance:-20.52), (normal:(0.18, -0.96, 0.20), distance:-3.18), (normal:(0.65, -0.29, 0.70), distance:-22.07), (normal:(-0.65, 0.29, -0.70), distance:277.73)]
45561,8 #S  Controll: IFFKNMHKCKD=0.05 NIJLEBGNMAK=0.001 KNHCENJLPCN=0 MHMBOOBHFAO=0 BMPGKHBBDKJ=0 DKMDNEBPDLN=100000000 EDFJFJADEOI=0 PKPGKHAGALH=0 ANHKKECOIIK=0 CJIOKPOOHIC=-1 KOPOBDGHLFL=0 CLEHDNFKJPB=19.736 CAFJCKPAKIB=1 NLJFFCIKAFH=0 CGNEAAGAMKC=50 NFIICDMHEEI=0 IKILBFGJOKH=0 ANJGKCCKEED=0 APLGDDHLOHA=0 MCOGBCDKDJD=10 MFMJHNGIFGM=0 DJJBAKDOCPN=-1 ABEDBPBPOFI=0 MJPKOOHJOPA=39.186 useGUILayout=1 enabled=1 isActiveAndEnabled=1 WasCollected=0
45561,8 #S  weapon: OCDNCKANJPB=1 NLNJMBCBEAF=0 WasCollected=0
45561,8 #S  activeEntry: AIEPBAHGMJD=0 NIBLMFFHJHK=0 PICIILNDDJO=1 LJAIJIMKOGP=0 GLGJDNLBAOB=0 NIKINLIKGCP=15 MOGDFDEMPLE=45 WasCollected=0
45561,8 #   activeEntry.COAAKMDBKJM len=3 [0, 0, 0]
45561,9 #S  PLH.static: LCKKCAHAPEF=2.08 IFFKNMHKCKD=0.05 EHHGKJHIGIL=1 BMPGKHBBDKJ=0 ADJMBEDDHLB=45.113 CFIMEAFDJFM=40.959 KMLIIIGJAEK=4 OJDIKHJOGJC=0 EDLPNENMJFF=50 FEFGNPKFKPE=0 EKHCENHLMAM=1
45561,9 #S  HUD.static: CBFLNECJIFF=1 ACOMFBALLPB=0 MMEPGJJAHCI=49.903 JNBEDAECKGM=0 EHBHDOAHOAO=5 CGDKPLKDION=7 NEICGEOMFGN=0 GONEFAMEMOJ=330 DJBNLINNLOJ=-1 DIIAFKMNANI=40.827 ANDPEBCAPAC=0 GAELHMDBFBO=0 FKLAELDOEAG=0 PIPJJIMDAHF=0 KDGCJFDGFAJ=0 FCHLFNBPLLH=0 GPFCJFOLNII=0 DFEHJHOHPHK=0 NIHKFABDHPH=100 IPLCMBBHJKO=0 IBFMBINJKJN=0 LCJPDJJKNDM=1 PHNGEPIGKIO=0 FJMNBAGNAIH=21.075 OOIBIGCALAA=0.5 IICPDHNGAKC=1 MJKGICKCFNC=0 DIIIBNOFMCH=0 LGJHAJDMKAB=0 IHMHNDHECDO=0 EGBJBLEELNC=0 AMEOBGEEGCI=0
45562,0 #   HUD.static.DPOPNDPLFMN len=8 [(x:773.49, y:43.38, width:40.48, height:40.48), (x:727.22, y:43.38, width:40.48, height:40.48), (x:680.95, y:43.38, width:40.48, height:40.48), (x:634.69, y:43.38, width:40.48, height:40.48), (x:588.42, y:43.38, width:40.48, height:40.48), (x:542.15, y:43.38, width:40.48, height:40.48), (x:495.89, y:43.38, width:40.48, height:40.48), (x:449.62, y:43.38, width:40.48, height:40.48)]
45562,0 #   HUD.static.MGJBGOOFALD len=8 [(x:1106.03, y:43.38, width:40.48, height:40.48), (x:1152.30, y:43.38, width:40.48, height:40.48), (x:1198.56, y:43.38, width:40.48, height:40.48), (x:1244.83, y:43.38, width:40.48, height:40.48), (x:1291.10, y:43.38, width:40.48, height:40.48), (x:1337.36, y:43.38, width:40.48, height:40.48), (x:1383.63, y:43.38, width:40.48, height:40.48), (x:1429.90, y:43.38, width:40.48, height:40.48)]
45562,1 #   HUD.static.FBJDJBJOIJD len=16 [(x:773.49, y:20.24, width:40.48, height:40.48), (x:727.22, y:20.24, width:40.48, height:40.48), (x:680.95, y:20.24, width:40.48, height:40.48), (x:634.69, y:20.24, width:40.48, height:40.48), (x:588.42, y:20.24, width:40.48, height:40.48), (x:542.15, y:20.24, width:40.48, height:40.48), (x:495.89, y:20.24, width:40.48, height:40.48), (x:449.62, y:20.24, width:40.48, height:40.48), (x:773.49, y:66.51, width:40.48, height:40.48), (x:727.22, y:66.51, width:40.48, height:40.48), (x:680.95, y:66.51, width:40.48, height:40.48), (x:634.69, y:66.51, width:40.48, height:40.48)]
45562,2 #   HUD.static.HPCDGLNGIJJ len=16 [(x:1106.03, y:20.24, width:40.48, height:40.48), (x:1152.30, y:20.24, width:40.48, height:40.48), (x:1198.56, y:20.24, width:40.48, height:40.48), (x:1244.83, y:20.24, width:40.48, height:40.48), (x:1291.10, y:20.24, width:40.48, height:40.48), (x:1337.36, y:20.24, width:40.48, height:40.48), (x:1383.63, y:20.24, width:40.48, height:40.48), (x:1429.90, y:20.24, width:40.48, height:40.48), (x:1106.03, y:66.51, width:40.48, height:40.48), (x:1152.30, y:66.51, width:40.48, height:40.48), (x:1198.56, y:66.51, width:40.48, height:40.48), (x:1244.83, y:66.51, width:40.48, height:40.48)]
45562,2 #   HUD.static.JNAIOMMAIJG len=128 [0, 0, 0, 0, 0, 0, 0, 0, 0, 0, 0, 0]
45562,2 #S  HUD: DHKHMLPECLF=0 IDFHNKPJNCJ=0 CBDLILOKFDN=0 LCANLDDJLFB=1 IMPGDAPCBJF=108 ECHGPEPBOIM=0 NCPLNFKICBA=0 useGUILayout=1 enabled=1 isActiveAndEnabled=1 WasCollected=0
45562,2 #S  GUIInv.static: CBFLNECJIFF=0 HIMLDGKPFPO=0 DGIJIEDOAEG=0 HKFEGAMNGEB=0 MPBHJGCJBDE=0 JMACIGCBFBD=0 BFJLPHFIAAH=0 HJDOBCDPGPN=0 AHGBOGEBGKK=0 BACEMKABHAP=0 FBCMGKKKPPN=0 PNMFBNFKNAP=1 CAMEKFBNJEC=0 EFBFIHJMABF=1 NOMKICNEPMC=0 CPDKLHLLOKJ=0 IJNHDOGBGNE=0 FEBBCHLIJAM=0 LALEHGDILEB=9 INCDIECCFMC=7 LOILCIEIHHF=8 LPIHIDHBCAG=0 NDGEDGDLEMI=0 GLPOMODNMHL=0 NJLOOIBPPHE=0
45562,3 #   GUIInv.static.MHCPNENABCD len=9 [0, 0, 0, 1, 1, 0, 0, 0, 0]
45562,3 #   GUIInv.static.CLKDEHIHPAJ len=31 [0, 0, 1, 1, 1, 1, 1, 1, 1, 1, 1, 1]
45562,3 #   GUIInv.static.EKNEPPFAEME len=30 [0, 0, 0, 1, 1, 1, 1, 1, 1, 1, 1, 1]
45562,3 #   GUIInv.static.ODBDHJLHOGP len=29 [0, 0, 1, 1, 1, 1, 1, 1, 1, 1, 1, 1]
45562,3 #   GUIInv.static.JGFMOAHNPDN len=3 [0, 1, 1]
45562,3 #S  GUIInv: LDKMPMIANCE=0 WasCollected=0
45562,3 fw PLH.static      ADJMBEDDHLB          45.108 -> 45.113
45566,9 fw player          ACAIGMNLLEC              31 -> 30
45566,9 fw player          HEADELMLILF               0 -> 1
45566,9 fw Controll.static GIPNIMALPEG           0.348 -> 0.3201
45567,0 fw PLH.static      ADJMBEDDHLB          45.113 -> 45.1232
45567,0 fw PLH.static      CFIMEAFDJFM         40.9594 -> 40.9729
45576,5 fw PLH.static      ADJMBEDDHLB         45.1232 -> 45.1279
45582,4 fw PLH.static      ADJMBEDDHLB         45.1279 -> 45.1374
45591,1 fw PLH.static      ADJMBEDDHLB         45.1374 -> 45.1433
45597,9 fw Controll.static MKFDGFOCKNO         45.0616 -> 45.1117
45597,9 fw Controll.static LEKCBKLAILO         45.1116 -> 45.1617
45598,0 fw PLH.static      ADJMBEDDHLB         45.1433 -> 45.152
45605,3 fw PLH.static      ADJMBEDDHLB          45.152 -> 45.1588
45614,0 fw Controll.static GIPNIMALPEG          0.3201 -> 0.2615
45614,0 fw PLH.static      ADJMBEDDHLB         45.1588 -> 45.1662
45614,0 fw PLH.static      CFIMEAFDJFM         40.9729 -> 41.0175
45618,3 fw PLH.static      ADJMBEDDHLB         45.1662 -> 45.1749
45618,3 fw PLH.static      CFIMEAFDJFM         41.0175 -> 41.0259
45630,5 fw PLH.static      ADJMBEDDHLB         45.1749 -> 45.1792
45635,3 fw PLH.static      ADJMBEDDHLB         45.1792 -> 45.1914
45635,3 fw PLH.static      CFIMEAFDJFM         41.0259 -> 41.0424
45646,6 fw Controll.static MKFDGFOCKNO         45.1117 -> 45.1617
45646,6 fw Controll.static LEKCBKLAILO         45.1617 -> 45.2117
45646,6 fw Controll.static OFJKHAFJIMA          0.0008 -> 0.0041
45646,7 fw PLH.static      ADJMBEDDHLB         45.1914 -> 45.1962
45646,7 fw PLH.static      CFIMEAFDJFM         41.0424 -> 41.047
45650,6 fw PLH.static      ADJMBEDDHLB         45.1962 -> 45.2076
45663,4 fw Controll.static GIPNIMALPEG          0.2615 -> 0.2501
45663,5 fw PLH.static      ADJMBEDDHLB         45.2076 -> 45.2115
45666,7 fw player          HEADELMLILF               1 -> 0
45666,7 fw PLH.static      ADJMBEDDHLB         45.2115 -> 45.2243
45666,7 fw PLH.static      CFIMEAFDJFM          41.047 -> 41.0757
45677,6 fw PLH.static      ADJMBEDDHLB         45.2243 -> 45.2277
45683,4 fw PLH.static      ADJMBEDDHLB         45.2277 -> 45.2386
45683,4 fw PLH.static      CFIMEAFDJFM         41.0757 -> 41.0894
45692,7 fw Controll.static MKFDGFOCKNO         45.1617 -> 45.2117
45692,7 fw Controll.static LEKCBKLAILO         45.2117 -> 45.2617
45692,7 fw Controll.static OFJKHAFJIMA          0.0041 -> 0.0123
45692,7 fw PLH.static      ADJMBEDDHLB         45.2386 -> 45.2443
45699,2 fw PLH.static      ADJMBEDDHLB         45.2443 -> 45.2537
45706,6 fw Controll.static GIPNIMALPEG          0.2501 -> 0.1138
45706,7 fw PLH.static      ADJMBEDDHLB         45.2537 -> 45.2601
45706,7 fw PLH.static      CFIMEAFDJFM         41.0894 -> 41.1115
45714,5 fw PLH.static      ADJMBEDDHLB         45.2601 -> 45.2676
45722,9 fw PLH.static      ADJMBEDDHLB         45.2676 -> 45.2754
45730,3 fw PLH.static      ADJMBEDDHLB         45.2754 -> 45.2838
45736,1 fw Controll.static MKFDGFOCKNO         45.2117 -> 45.2617
45736,1 fw Controll.static LEKCBKLAILO         45.2617 -> 45.3117
45736,1 fw Controll.static OFJKHAFJIMA          0.0123 -> 0.0055
45736,1 fw PLH.static      ADJMBEDDHLB         45.2838 -> 45.2912
45736,1 fw PLH.static      CFIMEAFDJFM         41.1115 -> 41.1422
45746,1 fw PLH.static      ADJMBEDDHLB         45.2912 -> 45.297
45750,3 fw Controll.static GIPNIMALPEG          0.1138 -> 0.9876
45750,4 fw PLH.static      ADJMBEDDHLB          45.297 -> 45.307
45750,4 fw PLH.static      CFIMEAFDJFM         41.1422 -> 41.1585
45760,0 fw PLH.static      ADJMBEDDHLB          45.307 -> 45.3113
45766,7 fw PLH.static      ADJMBEDDHLB         45.3113 -> 45.3209
45774,9 fw PLH.static      ADJMBEDDHLB         45.3209 -> 45.3276
45774,9 fw PLH.static      CFIMEAFDJFM         41.1585 -> 41.179
45781,1 fw Controll.static MKFDGFOCKNO         45.2617 -> 45.3117
45781,1 fw Controll.static LEKCBKLAILO         45.3117 -> 45.3617
45781,1 fw Controll.static OFJKHAFJIMA          0.0055 -> 0.0087
45781,1 fw PLH.static      ADJMBEDDHLB         45.3276 -> 45.3358
45781,2 fw PLH.static      CFIMEAFDJFM          41.179 -> 41.1869
45789,6 fw PLH.static      ADJMBEDDHLB         45.3358 -> 45.342
45797,4 fw PLH.static      ADJMBEDDHLB          45.342 -> 45.3505
45797,4 fw PLH.static      CFIMEAFDJFM         41.1869 -> 41.2015
45803,2 fw Controll.static GIPNIMALPEG          0.9876 -> 0.0452
45803,3 fw PLH.static      ADJMBEDDHLB         45.3505 -> 45.3583
45813,7 fw PLH.static      ADJMBEDDHLB         45.3583 -> 45.3642
45813,7 fw PLH.static      CFIMEAFDJFM         41.2015 -> 41.2153
45817,0 fw PLH.static      ADJMBEDDHLB         45.3642 -> 45.3746
45817,0 fw PLH.static      CFIMEAFDJFM         41.2153 -> 41.2256
45827,2 fw Controll.static MKFDGFOCKNO         45.3117 -> 45.3617
45827,2 fw Controll.static LEKCBKLAILO         45.3617 -> 45.4117
45827,3 fw PLH.static      ADJMBEDDHLB         45.3746 -> 45.3779
45834,3 fw Controll.static OFJKHAFJIMA          0.0087 -> 0.002
45834,4 fw PLH.static      ADJMBEDDHLB         45.3779 -> 45.3882
45834,4 fw PLH.static      CFIMEAFDJFM         41.2256 -> 41.2396
45841,1 fw PLH.static      ADJMBEDDHLB         45.3882 -> 45.3964
45841,1 fw PLH.static      CFIMEAFDJFM         41.2396 -> 41.2463
45850,0 fw Controll.static GIPNIMALPEG          0.0452 -> 0.9808
45850,0 fw PLH.static      ADJMBEDDHLB         45.3964 -> 45.402
45850,0 fw PLH.static      CFIMEAFDJFM         41.2463 -> 41.2534
45854,9 fw PLH.static      ADJMBEDDHLB          45.402 -> 45.4109
45854,9 fw PLH.static      CFIMEAFDJFM         41.2534 -> 41.262
45864,4 fw PLH.static      ADJMBEDDHLB         45.4109 -> 45.4159
45864,4 fw PLH.static      CFIMEAFDJFM          41.262 -> 41.2671
45870,0 fw PLH.static      ADJMBEDDHLB         45.4159 -> 45.4253
45870,0 fw PLH.static      CFIMEAFDJFM         41.2671 -> 41.2767
45879,4 fw Controll.static MKFDGFOCKNO         45.3617 -> 45.4117
45879,4 fw Controll.static LEKCBKLAILO         45.4117 -> 45.4617
45879,4 fw Controll.static OFJKHAFJIMA           0.002 -> 0.0038
45879,5 fw PLH.static      ADJMBEDDHLB         45.4253 -> 45.4309
45879,5 fw PLH.static      CFIMEAFDJFM         41.2767 -> 41.2819
45884,0 fw PLH.static      ADJMBEDDHLB         45.4309 -> 45.4404
45884,0 fw PLH.static      CFIMEAFDJFM         41.2819 -> 41.2918
45894,2 fw Controll.static GIPNIMALPEG          0.9808 -> 0.8634
45894,3 fw PLH.static      ADJMBEDDHLB         45.4404 -> 45.4449
45894,3 fw PLH.static      CFIMEAFDJFM         41.2918 -> 41.2964
45899,5 fw PLH.static      ADJMBEDDHLB         45.4449 -> 45.4553
45899,5 fw PLH.static      CFIMEAFDJFM         41.2964 -> 41.3059
45910,0 fw PLH.static      ADJMBEDDHLB         45.4553 -> 45.4604
45915,2 fw PLH.static      ADJMBEDDHLB         45.4604 -> 45.471
45915,2 fw PLH.static      CFIMEAFDJFM         41.3059 -> 41.3214
45924,5 fw Controll.static MKFDGFOCKNO         45.4117 -> 45.4617
45924,5 fw Controll.static LEKCBKLAILO         45.4617 -> 45.5117
45924,5 fw Controll.static OFJKHAFJIMA          0.0038 -> 0.0086
45924,5 fw PLH.static      ADJMBEDDHLB          45.471 -> 45.4761
45931,8 fw PLH.static      ADJMBEDDHLB         45.4761 -> 45.4855
45931,8 fw PLH.static      CFIMEAFDJFM         41.3214 -> 41.3368
45937,7 fw Controll.static GIPNIMALPEG          0.8634 -> 0.7343
45937,7 fw PLH.static      ADJMBEDDHLB         45.4855 -> 45.4927
45937,7 fw PLH.static      CFIMEAFDJFM         41.3368 -> 41.3437
45946,3 fw PLH.static      ADJMBEDDHLB         45.4927 -> 45.4986
45952,6 fw PLH.static      ADJMBEDDHLB         45.4986 -> 45.5072
45952,6 fw PLH.static      CFIMEAFDJFM         41.3437 -> 41.3586
45959,9 fw PLH.static      ADJMBEDDHLB         45.5072 -> 45.5135
45959,9 fw PLH.static      CFIMEAFDJFM         41.3586 -> 41.3644
45966,6 fw Controll.static MKFDGFOCKNO         45.4617 -> 45.5117
45966,6 fw Controll.static LEKCBKLAILO         45.5117 -> 45.5617
45966,6 fw Controll.static OFJKHAFJIMA          0.0086 -> 0.0014
45966,7 fw PLH.static      ADJMBEDDHLB         45.5135 -> 45.5208
45975,2 fw PLH.static      ADJMBEDDHLB         45.5208 -> 45.5276
45975,2 fw PLH.static      CFIMEAFDJFM         41.3644 -> 41.379
45980,9 fw Controll.static GIPNIMALPEG          0.7343 -> 0.5979
45980,9 fw PLH.static      ADJMBEDDHLB         45.5276 -> 45.5362
45980,9 fw PLH.static      CFIMEAFDJFM          41.379 -> 41.387
45989,5 fw PLH.static      ADJMBEDDHLB         45.5362 -> 45.5418
45989,5 fw PLH.static      CFIMEAFDJFM          41.387 -> 41.3932
45997,3 fw PLH.static      ADJMBEDDHLB         45.5418 -> 45.5504
45997,3 fw PLH.static      CFIMEAFDJFM         41.3932 -> 41.4013
46003,4 fw PLH.static      ADJMBEDDHLB         45.5504 -> 45.5583
46003,4 fw PLH.static      CFIMEAFDJFM         41.4013 -> 41.4094
46012,6 fw Controll.static MKFDGFOCKNO         45.5117 -> 45.5617
46012,6 fw Controll.static LEKCBKLAILO         45.5617 -> 45.6117
46012,6 fw Controll.static OFJKHAFJIMA          0.0014 -> 0.0022
46012,7 fw PLH.static      ADJMBEDDHLB         45.5583 -> 45.5644
46012,7 fw PLH.static      CFIMEAFDJFM         41.4094 -> 41.4155
46017,2 fw PLH.static      ADJMBEDDHLB         45.5644 -> 45.5736
46017,2 fw PLH.static      CFIMEAFDJFM         41.4155 -> 41.4246
46029,8 fw Controll.static GIPNIMALPEG          0.5979 -> 0.5767
46029,9 fw PLH.static      ADJMBEDDHLB         45.5736 -> 45.5781
46032,7 fw PLH.static      ADJMBEDDHLB         45.5781 -> 45.5908
46032,7 fw PLH.static      CFIMEAFDJFM         41.4246 -> 41.4417
46045,6 fw PLH.static      ADJMBEDDHLB         45.5908 -> 45.5936
46049,5 fw PLH.static      ADJMBEDDHLB         45.5936 -> 45.6065
46049,5 fw PLH.static      CFIMEAFDJFM         41.4417 -> 41.4579
46062,6 fw Controll.static MKFDGFOCKNO         45.5617 -> 45.6117
46062,6 fw Controll.static LEKCBKLAILO         45.6117 -> 45.6617
46062,6 fw Controll.static OFJKHAFJIMA          0.0022 -> 0.0115
46062,7 fw PLH.static      ADJMBEDDHLB         45.6065 -> 45.6104
46066,4 fw PLH.static      ADJMBEDDHLB         45.6104 -> 45.6236
46066,4 fw PLH.static      CFIMEAFDJFM         41.4579 -> 41.4748
46079,5 fw PLH.static      ADJMBEDDHLB         45.6236 -> 45.6273
46082,5 fw Controll.static GIPNIMALPEG          0.5767 -> 0.6306
46082,6 fw PLH.static      ADJMBEDDHLB         45.6273 -> 45.6404
46082,6 fw PLH.static      CFIMEAFDJFM         41.4748 -> 41.4914
46096,0 fw PLH.static      ADJMBEDDHLB         45.6404 -> 45.6435
46096,0 fw PLH.static      CFIMEAFDJFM         41.4914 -> 41.4949
46099,4 fw PLH.static      ADJMBEDDHLB         45.6435 -> 45.6569
46099,4 fw PLH.static      CFIMEAFDJFM         41.4949 -> 41.5077
46112,4 fw Controll.static MKFDGFOCKNO         45.6117 -> 45.6617
46112,4 fw Controll.static LEKCBKLAILO         45.6617 -> 45.7117
46112,4 fw PLH.static      ADJMBEDDHLB         45.6569 -> 45.6603
46116,0 fw Controll.static OFJKHAFJIMA          0.0115 -> 0.0112
46116,1 fw PLH.static      ADJMBEDDHLB         45.6603 -> 45.6733
46129,3 fw PLH.static      ADJMBEDDHLB         45.6733 -> 45.677
46132,4 fw Controll.static GIPNIMALPEG          0.6306 -> 0.6294
46132,5 fw PLH.static      ADJMBEDDHLB          45.677 -> 45.6903
46132,5 fw PLH.static      CFIMEAFDJFM         41.5077 -> 41.5412
46145,9 fw PLH.static      ADJMBEDDHLB         45.6903 -> 45.6934
46149,5 fw PLH.static      ADJMBEDDHLB         45.6934 -> 45.7068
46149,5 fw PLH.static      CFIMEAFDJFM         41.5412 -> 41.5576
46159,5 fw PLH.static      ADJMBEDDHLB         45.7068 -> 45.7104
46165,7 fw Controll.static MKFDGFOCKNO         45.6617 -> 45.7117
46165,7 fw Controll.static LEKCBKLAILO         45.7117 -> 45.7617
46165,7 fw Controll.static OFJKHAFJIMA          0.0112 -> 0.0083
46165,7 fw PLH.static      ADJMBEDDHLB         45.7104 -> 45.7204
46174,4 fw PLH.static      ADJMBEDDHLB         45.7204 -> 45.7266
46174,4 fw PLH.static      CFIMEAFDJFM         41.5576 -> 41.5781
46180,1 fw Controll.static GIPNIMALPEG          0.6294 -> 0.5832
46180,2 fw PLH.static      ADJMBEDDHLB         45.7266 -> 45.7353
46180,2 fw PLH.static      CFIMEAFDJFM         41.5781 -> 41.5864
46196,0 fw PLH.static      ADJMBEDDHLB         45.7353 -> 45.7411
46196,0 fw PLH.static      CFIMEAFDJFM         41.5864 -> 41.5925
46203,1 fw PLH.static      ADJMBEDDHLB         45.7411 -> 45.7571
46203,1 fw PLH.static      CFIMEAFDJFM         41.5925 -> 41.601
46211,8 fw PLH.static      ADJMBEDDHLB         45.7571 -> 45.7641
46211,8 fw PLH.static      CFIMEAFDJFM          41.601 -> 41.6122
46221,2 fw Controll.static MKFDGFOCKNO         45.7117 -> 45.7617
46221,2 fw Controll.static LEKCBKLAILO         45.7617 -> 45.8117
46221,2 fw Controll.static OFJKHAFJIMA          0.0083 -> 0.0018
46221,3 fw PLH.static      ADJMBEDDHLB         45.7641 -> 45.7727
46221,3 fw PLH.static      CFIMEAFDJFM         41.6122 -> 41.6226
46234,3 fw PLH.static      ADJMBEDDHLB         45.7727 -> 45.7823
46234,3 fw PLH.static      CFIMEAFDJFM         41.6226 -> 41.6333
46238,9 fw Controll.static GIPNIMALPEG          0.5832 -> 0.7577
46239,0 fw PLH.static      ADJMBEDDHLB         45.7823 -> 45.7953
46239,0 fw PLH.static      CFIMEAFDJFM         41.6333 -> 41.6427
46252,9 fw PLH.static      ADJMBEDDHLB         45.7953 -> 45.8013
46252,9 fw PLH.static      CFIMEAFDJFM         41.6427 -> 41.6512
46259,8 fw PLH.static      ADJMBEDDHLB         45.8013 -> 45.8141
46259,9 fw PLH.static      CFIMEAFDJFM         41.6512 -> 41.6633
46271,1 fw PLH.static      ADJMBEDDHLB         45.8141 -> 45.8208
46271,1 fw PLH.static      CFIMEAFDJFM         41.6633 -> 41.6711
46275,5 fw Controll.static MKFDGFOCKNO         45.7617 -> 45.8117
46275,5 fw Controll.static LEKCBKLAILO         45.8117 -> 45.8617
46275,5 fw Controll.static OFJKHAFJIMA          0.0018 -> 0.0014
46275,6 fw PLH.static      ADJMBEDDHLB         45.8208 -> 45.8321
46275,6 fw PLH.static      CFIMEAFDJFM         41.6711 -> 41.6831
46286,5 fw PLH.static      ADJMBEDDHLB         45.8321 -> 45.8365
46297,3 fw Controll.static GIPNIMALPEG          0.7577 -> 0.9258
46297,4 fw PLH.static      ADJMBEDDHLB         45.8365 -> 45.8474
46297,4 fw PLH.static      CFIMEAFDJFM         41.6831 -> 41.6988
46301,9 fw PLH.static      ADJMBEDDHLB         45.8474 -> 45.8596
46301,9 fw PLH.static      CFIMEAFDJFM         41.6988 -> 41.7092
46315,3 fw PLH.static      ADJMBEDDHLB         45.8596 -> 45.8628
46319,1 fw PLH.static      ADJMBEDDHLB         45.8628 -> 45.8762
46319,1 fw PLH.static      CFIMEAFDJFM         41.7092 -> 41.7272
46330,9 fw Controll.static MKFDGFOCKNO         45.8117 -> 45.8617
46330,9 fw Controll.static LEKCBKLAILO         45.8617 -> 45.9117
46330,9 fw Controll.static OFJKHAFJIMA          0.0014 -> 0.0006
46331,0 fw PLH.static      ADJMBEDDHLB         45.8762 -> 45.8801
46335,8 fw PLH.static      ADJMBEDDHLB         45.8801 -> 45.8919
46335,8 fw PLH.static      CFIMEAFDJFM         41.7272 -> 41.7429
46554,8 fw Controll.static GIPNIMALPEG          0.9258 -> 0.0051
46554,9 fw PLH.static      ADJMBEDDHLB         45.8919 -> 45.8967
46554,9 fw PLH.static      CFIMEAFDJFM         41.7429 -> 41.7481
46564,5 fw PLH.static      ADJMBEDDHLB         45.8967 -> 46.1202
46564,5 fw PLH.static      CFIMEAFDJFM         41.7481 -> 41.9094
46602,0 fw Controll.static DGNDKAKOEPD         3258045 -> 3259086
46602,0 fw Controll.static BEJBLGGGOCC       340839109 -> 340840118
46602,0 fw Controll.static JELGPAKAJPE             217 -> 257
46602,0 fw Controll.static EENJPDHGGGC         45.0793 -> 46.1202
46602,1 fw PLH.static      ADJMBEDDHLB         46.1202 -> 46.1255
46615,8 fw PLH.static      ADJMBEDDHLB         46.1255 -> 46.163
46615,8 fw PLH.static      CFIMEAFDJFM         41.9094 -> 42.0139
46623,4 fw player          APFNBGHAJMD               1 -> 0
46623,4 fw Controll.static MKFDGFOCKNO         45.8617 -> 46.1653
46623,4 fw Controll.static LEKCBKLAILO         45.9117 -> 46.2153
46623,4 fw Controll.static OFJKHAFJIMA          0.0006 -> 0.011
46623,4 fw PLH.static      ADJMBEDDHLB          46.163 -> 46.1767
46623,4 fw PLH.static      CFIMEAFDJFM         42.0139 -> 42.0276
46631,7 fw PLH.static      ADJMBEDDHLB         46.1767 -> 46.1843
46637,3 fw PLH.static      ADJMBEDDHLB         46.1843 -> 46.1927
46637,3 fw PLH.static      CFIMEAFDJFM         42.0276 -> 42.0437
46645,2 # net: TcpClient.Connected = True
46645,2 fw Controll.static GIPNIMALPEG          0.0051 -> 0.8123
46645,3 fw PLH.static      ADJMBEDDHLB         46.1927 -> 46.1982
46651,8 fw PLH.static      ADJMBEDDHLB         46.1982 -> 46.2062
46651,8 fw PLH.static      CFIMEAFDJFM         42.0437 -> 42.0576
46658,4 fw PLH.static      ADJMBEDDHLB         46.2062 -> 46.2127
46665,1 fw Controll.static MKFDGFOCKNO         46.1653 -> 46.2153
46665,1 fw Controll.static LEKCBKLAILO         46.2153 -> 46.2653
46668,8 fw PLH.static      ADJMBEDDHLB         46.2127 -> 46.2193
46673,5 fw Controll.static OFJKHAFJIMA           0.011 -> 0.0036
46673,6 fw PLH.static      ADJMBEDDHLB         46.2193 -> 46.2298
46673,6 fw PLH.static      CFIMEAFDJFM         42.0576 -> 42.0775
46683,8 fw PLH.static      ADJMBEDDHLB         46.2298 -> 46.2345
46683,8 fw PLH.static      CFIMEAFDJFM         42.0775 -> 42.0857
46690,1 fw Controll.static GIPNIMALPEG          0.8123 -> 0.7104
46690,2 fw PLH.static      ADJMBEDDHLB         46.2345 -> 46.2447
46690,2 fw PLH.static      CFIMEAFDJFM         42.0857 -> 42.0961
46696,8 fw PLH.static      ADJMBEDDHLB         46.2447 -> 46.2511
46696,8 fw PLH.static      CFIMEAFDJFM         42.0961 -> 42.102
46705,1 fw PLH.static      ADJMBEDDHLB         46.2511 -> 46.2577
46705,1 fw PLH.static      CFIMEAFDJFM          42.102 -> 42.1092
46710,2 fw PLH.static      ADJMBEDDHLB         46.2577 -> 46.266
46720,1 fw Controll.static MKFDGFOCKNO         46.2153 -> 46.2653
46720,1 fw Controll.static LEKCBKLAILO         46.2653 -> 46.3153
46720,1 fw Controll.static OFJKHAFJIMA          0.0036 -> 0
46720,1 fw PLH.static      ADJMBEDDHLB          46.266 -> 46.2711
46724,9 fw PLH.static      ADJMBEDDHLB         46.2711 -> 46.281
46736,0 fw Controll.static GIPNIMALPEG          0.7104 -> 0.6287
46736,1 fw PLH.static      ADJMBEDDHLB          46.281 -> 46.2858
46741,2 fw PLH.static      ADJMBEDDHLB         46.2858 -> 46.297
46751,3 fw PLH.static      ADJMBEDDHLB          46.297 -> 46.302
46756,4 fw PLH.static      ADJMBEDDHLB          46.302 -> 46.3122
46764,2 fw Controll.static MKFDGFOCKNO         46.2653 -> 46.3153
46764,2 fw Controll.static LEKCBKLAILO         46.3153 -> 46.3653
46764,3 fw Controll.static OFJKHAFJIMA               0 -> 0.0015
46764,3 fw PLH.static      ADJMBEDDHLB         46.3122 -> 46.3173
46770,4 fw PLH.static      ADJMBEDDHLB         46.3173 -> 46.3252
46778,1 fw Controll.static GIPNIMALPEG          0.6287 -> 0.4714
46778,2 fw PLH.static      ADJMBEDDHLB         46.3252 -> 46.3313
46785,0 fw PLH.static      ADJMBEDDHLB         46.3313 -> 46.3391
46791,1 fw PLH.static      ADJMBEDDHLB         46.3391 -> 46.3458
46798,3 fw PLH.static      ADJMBEDDHLB         46.3458 -> 46.352
46805,7 fw Controll.static MKFDGFOCKNO         46.3153 -> 46.3653
46805,7 fw Controll.static LEKCBKLAILO         46.3653 -> 46.4153
46805,7 fw Controll.static OFJKHAFJIMA          0.0015 -> 0.0009
46805,8 fw PLH.static      ADJMBEDDHLB          46.352 -> 46.3592
46811,2 fw PLH.static      ADJMBEDDHLB         46.3592 -> 46.3667
46819,2 fw Controll.static GIPNIMALPEG          0.4714 -> 0.2924
46819,3 fw PLH.static      ADJMBEDDHLB         46.3667 -> 46.3721
46825,8 fw PLH.static      ADJMBEDDHLB         46.3721 -> 46.3802
46832,7 fw PLH.static      ADJMBEDDHLB         46.3802 -> 46.3867
46839,4 fw PLH.static      ADJMBEDDHLB         46.3867 -> 46.3936
46845,3 fw PLH.static      ADJMBEDDHLB         46.3936 -> 46.4003
46853,2 fw PLH.static      ADJMBEDDHLB         46.4003 -> 46.4062
46859,4 fw Controll.static GIPNIMALPEG          0.2924 -> 0.0958
46859,5 fw PLH.static      ADJMBEDDHLB         46.4062 -> 46.4141
46866,8 fw PLH.static      ADJMBEDDHLB         46.4141 -> 46.4204
46872,8 fw PLH.static      ADJMBEDDHLB         46.4204 -> 46.4277
46880,1 fw PLH.static      ADJMBEDDHLB         46.4277 -> 46.4338
46886,2 fw Controll.static MKFDGFOCKNO         46.3653 -> 46.4153
46886,2 fw Controll.static LEKCBKLAILO         46.4153 -> 46.4653
46886,2 fw Controll.static OFJKHAFJIMA          0.0009 -> 0.0046
46886,3 fw PLH.static      ADJMBEDDHLB         46.4338 -> 46.4411
46886,3 fw PLH.static      CFIMEAFDJFM         42.1092 -> 42.2924
46894,3 fw PLH.static      ADJMBEDDHLB         46.4411 -> 46.4472
46900,1 fw PLH.static      ADJMBEDDHLB         46.4472 -> 46.4552
46900,1 fw PLH.static      CFIMEAFDJFM         42.2924 -> 42.3062
46907,6 fw Controll.static GIPNIMALPEG          0.0958 -> 0.0595
46907,6 fw PLH.static      ADJMBEDDHLB         46.4552 -> 46.4609
46913,7 fw PLH.static      ADJMBEDDHLB         46.4609 -> 46.4686
46913,7 fw PLH.static      CFIMEAFDJFM         42.3062 -> 42.3198
46921,4 fw PLH.static      ADJMBEDDHLB         46.4686 -> 46.4746
46926,8 fw player          APFNBGHAJMD               0 -> 1
46926,8 fw Controll.static MKFDGFOCKNO         46.4153 -> 46.4653
46926,8 fw Controll.static LEKCBKLAILO         46.4653 -> 46.5153
46926,9 fw PLH.static      ADJMBEDDHLB         46.4746 -> 46.4823
46926,9 fw PLH.static      CFIMEAFDJFM         42.3198 -> 42.3337
46936,5 fw Controll.static OFJKHAFJIMA          0.0046 -> 0.0027
46936,6 fw PLH.static      ADJMBEDDHLB         46.4823 -> 46.4878
46941,8 fw PLH.static      ADJMBEDDHLB         46.4878 -> 46.4975
46950,4 fw Controll.static GIPNIMALPEG          0.0595 -> 0.9161
46950,5 fw PLH.static      ADJMBEDDHLB         46.4975 -> 46.5027
46950,5 fw PLH.static      CFIMEAFDJFM         42.3337 -> 42.3542
46956,2 fw PLH.static      ADJMBEDDHLB         46.5027 -> 46.5114
46963,9 fw PLH.static      ADJMBEDDHLB         46.5114 -> 46.5171
46963,9 fw PLH.static      CFIMEAFDJFM         42.3542 -> 42.3681
46970,5 fw PLH.static      ADJMBEDDHLB         46.5171 -> 46.5248
46977,6 fw Controll.static MKFDGFOCKNO         46.4653 -> 46.5153
46977,6 fw Controll.static LEKCBKLAILO         46.5153 -> 46.5653
46977,6 fw Controll.static OFJKHAFJIMA          0.0027 -> 0.0014
46977,6 fw PLH.static      ADJMBEDDHLB         46.5248 -> 46.5314
46977,6 fw PLH.static      CFIMEAFDJFM         42.3681 -> 42.3826
46983,6 fw PLH.static      ADJMBEDDHLB         46.5314 -> 46.5386
46983,6 fw PLH.static      CFIMEAFDJFM         42.3826 -> 42.39
46992,5 fw Controll.static GIPNIMALPEG          0.9161 -> 0.7586
46992,6 fw PLH.static      ADJMBEDDHLB         46.5386 -> 46.5445
46996,9 fw PLH.static      ADJMBEDDHLB         46.5445 -> 46.5535
47005,8 fw PLH.static      ADJMBEDDHLB         46.5535 -> 46.5578
47012,3 fw PLH.static      ADJMBEDDHLB         46.5578 -> 46.5667
47012,3 fw PLH.static      CFIMEAFDJFM           42.39 -> 42.418
47019,6 fw Controll.static MKFDGFOCKNO         46.5153 -> 46.5653
47019,6 fw Controll.static LEKCBKLAILO         46.5653 -> 46.6153
47019,6 fw Controll.static OFJKHAFJIMA          0.0014 -> 0.0009
47019,6 fw PLH.static      ADJMBEDDHLB         46.5667 -> 46.5732
47019,6 fw PLH.static      CFIMEAFDJFM          42.418 -> 42.4242
47025,3 fw PLH.static      ADJMBEDDHLB         46.5732 -> 46.5808
47025,3 fw PLH.static      CFIMEAFDJFM         42.4242 -> 42.432
47033,6 fw Controll.static GIPNIMALPEG          0.7586 -> 0.5795
47033,6 fw PLH.static      ADJMBEDDHLB         46.5808 -> 46.5862
47033,6 fw PLH.static      CFIMEAFDJFM          42.432 -> 42.4376
47039,0 fw PLH.static      ADJMBEDDHLB         46.5862 -> 46.5946
47039,0 fw PLH.static      CFIMEAFDJFM         42.4376 -> 42.4455
47047,0 fw PLH.static      ADJMBEDDHLB         46.5946 -> 46.5999
47054,0 fw PLH.static      ADJMBEDDHLB         46.5999 -> 46.6079
47054,0 fw PLH.static      CFIMEAFDJFM         42.4455 -> 42.4594
47060,3 fw Controll.static MKFDGFOCKNO         46.5653 -> 46.6154
47060,3 fw Controll.static LEKCBKLAILO         46.6153 -> 46.6654
47060,3 fw Controll.static OFJKHAFJIMA          0.0009 -> 0.0055
47060,4 fw PLH.static      ADJMBEDDHLB         46.6079 -> 46.6149
47060,4 fw PLH.static      CFIMEAFDJFM         42.4594 -> 42.4659
47067,3 fw PLH.static      ADJMBEDDHLB         46.6149 -> 46.6213
47067,3 fw PLH.static      CFIMEAFDJFM         42.4659 -> 42.4725
47074,3 fw Controll.static GIPNIMALPEG          0.5795 -> 0.3919
47074,4 fw PLH.static      ADJMBEDDHLB         46.6213 -> 46.6282
47080,5 fw PLH.static      ADJMBEDDHLB         46.6282 -> 46.6353
47080,6 fw PLH.static      CFIMEAFDJFM         42.4725 -> 42.4862
47088,2 fw PLH.static      ADJMBEDDHLB         46.6353 -> 46.6415
47093,3 fw PLH.static      ADJMBEDDHLB         46.6415 -> 46.6491
47093,3 fw PLH.static      CFIMEAFDJFM         42.4862 -> 42.5002
47102,0 fw PLH.static      ADJMBEDDHLB         46.6491 -> 46.6542
47109,2 fw PLH.static      ADJMBEDDHLB         46.6542 -> 46.6629
47109,2 fw PLH.static      CFIMEAFDJFM         42.5002 -> 42.5144
47115,3 fw Controll.static GIPNIMALPEG          0.3919 -> 0.2134
47115,4 fw PLH.static      ADJMBEDDHLB         46.6629 -> 46.6701
47115,4 fw PLH.static      CFIMEAFDJFM         42.5144 -> 42.5209
47123,0 fw PLH.static      ADJMBEDDHLB         46.6701 -> 46.6763
47128,8 fw PLH.static      ADJMBEDDHLB         46.6763 -> 46.6841
47128,8 fw PLH.static      CFIMEAFDJFM         42.5209 -> 42.5353
47136,3 fw PLH.static      ADJMBEDDHLB         46.6841 -> 46.6897
47142,6 fw Controll.static MKFDGFOCKNO         46.6154 -> 46.6654
47142,6 fw Controll.static LEKCBKLAILO         46.6654 -> 46.7154
47142,6 fw Controll.static OFJKHAFJIMA          0.0055 -> 0.0044
47142,7 fw PLH.static      ADJMBEDDHLB         46.6897 -> 46.6972
47150,6 fw PLH.static      ADJMBEDDHLB         46.6972 -> 46.7036
47156,0 fw PLH.static      ADJMBEDDHLB         46.7036 -> 46.7115
47156,0 fw PLH.static      CFIMEAFDJFM         42.5353 -> 42.5625
47165,6 fw Controll.static GIPNIMALPEG          0.2134 -> 0.2194
47165,6 fw PLH.static      ADJMBEDDHLB         46.7115 -> 46.7169
47171,7 fw PLH.static      ADJMBEDDHLB         46.7169 -> 46.7265
47179,4 fw PLH.static      ADJMBEDDHLB         46.7265 -> 46.7327
47179,4 fw PLH.static      CFIMEAFDJFM         42.5625 -> 42.5837
47186,1 fw Controll.static MKFDGFOCKNO         46.6654 -> 46.7154
47186,1 fw Controll.static LEKCBKLAILO         46.7154 -> 46.7654
47186,2 fw PLH.static      ADJMBEDDHLB         46.7327 -> 46.7403
47193,5 fw Controll.static OFJKHAFJIMA          0.0044 -> 0.0011
47193,5 fw PLH.static      ADJMBEDDHLB         46.7403 -> 46.7471
47193,5 fw PLH.static      CFIMEAFDJFM         42.5837 -> 42.5986
47198,9 fw PLH.static      ADJMBEDDHLB         46.7471 -> 46.7545
47207,0 fw Controll.static GIPNIMALPEG          0.2194 -> 0.0475
47207,1 fw PLH.static      ADJMBEDDHLB         46.7545 -> 46.7598
47207,1 fw PLH.static      CFIMEAFDJFM         42.5986 -> 42.6112
47213,2 fw PLH.static      ADJMBEDDHLB         46.7598 -> 46.768
47220,7 fw PLH.static      ADJMBEDDHLB          46.768 -> 46.7742
47226,8 fw PLH.static      ADJMBEDDHLB         46.7742 -> 46.7816
47233,6 fw Controll.static MKFDGFOCKNO         46.7154 -> 46.7654
47233,6 fw Controll.static LEKCBKLAILO         46.7654 -> 46.8154
47233,6 fw Controll.static OFJKHAFJIMA          0.0011 -> 0.0021
47233,7 fw PLH.static      ADJMBEDDHLB         46.7816 -> 46.79
47233,7 fw PLH.static      CFIMEAFDJFM         42.6112 -> 42.6392
47243,8 fw PLH.static      ADJMBEDDHLB           46.79 -> 46.7946
47249,7 fw Controll.static GIPNIMALPEG          0.0475 -> 0.9018
47249,7 fw PLH.static      ADJMBEDDHLB         46.7946 -> 46.8047
47257,8 fw PLH.static      ADJMBEDDHLB         46.8047 -> 46.8106
47263,6 fw PLH.static      ADJMBEDDHLB         46.8106 -> 46.8187
47263,6 fw PLH.static      CFIMEAFDJFM         42.6392 -> 42.6699
47272,6 fw PLH.static      ADJMBEDDHLB         46.8187 -> 46.8245
47272,6 fw PLH.static      CFIMEAFDJFM         42.6699 -> 42.6758
47281,3 fw Controll.static MKFDGFOCKNO         46.7654 -> 46.8154
47281,3 fw Controll.static LEKCBKLAILO         46.8154 -> 46.8654
47281,3 fw Controll.static OFJKHAFJIMA          0.0021 -> 0.0029
47281,3 fw PLH.static      ADJMBEDDHLB         46.8245 -> 46.8385
47281,3 fw PLH.static      CFIMEAFDJFM         42.6758 -> 42.6846
47293,2 fw PLH.static      ADJMBEDDHLB         46.8385 -> 46.8422
47297,6 fw Controll.static GIPNIMALPEG          0.9018 -> 0.8603
47297,7 fw PLH.static      ADJMBEDDHLB         46.8422 -> 46.8541
47307,4 fw PLH.static      ADJMBEDDHLB         46.8541 -> 46.8586
47313,1 fw PLH.static      ADJMBEDDHLB         46.8586 -> 46.8683
47322,3 fw PLH.static      ADJMBEDDHLB         46.8683 -> 46.874
47328,2 fw Controll.static MKFDGFOCKNO         46.8154 -> 46.8654
47328,2 fw Controll.static LEKCBKLAILO         46.8654 -> 46.9154
47328,2 fw Controll.static OFJKHAFJIMA          0.0029 -> 0.0025
47328,3 fw PLH.static      ADJMBEDDHLB          46.874 -> 46.8833
47336,1 fw PLH.static      ADJMBEDDHLB         46.8833 -> 46.8892
47342,2 fw Controll.static GIPNIMALPEG          0.8603 -> 0.7506
47342,2 fw PLH.static      ADJMBEDDHLB         46.8892 -> 46.897
47350,5 fw PLH.static      ADJMBEDDHLB          46.897 -> 46.9031
47355,6 fw PLH.static      ADJMBEDDHLB         46.9031 -> 46.9113
47365,1 fw PLH.static      ADJMBEDDHLB         46.9113 -> 46.9165
47373,9 fw Controll.static MKFDGFOCKNO         46.8654 -> 46.9154
47373,9 fw Controll.static LEKCBKLAILO         46.9154 -> 46.9654
47373,9 fw Controll.static OFJKHAFJIMA          0.0025 -> 0.0007
47373,9 fw PLH.static      ADJMBEDDHLB         46.9165 -> 46.9261
47394,4 fw PLH.static      ADJMBEDDHLB         46.9261 -> 46.9353
47398,1 fw Controll.static GIPNIMALPEG          0.7506 -> 0.8686
47398,2 fw PLH.static      ADJMBEDDHLB         46.9353 -> 46.9555
47410,7 fw PLH.static      ADJMBEDDHLB         46.9555 -> 46.9591
47414,6 fw PLH.static      ADJMBEDDHLB         46.9591 -> 46.9716
47426,2 fw PLH.static      ADJMBEDDHLB         46.9716 -> 46.9756
47432,0 fw Controll.static MKFDGFOCKNO         46.9154 -> 46.9654
47432,0 fw Controll.static LEKCBKLAILO         46.9654 -> 47.0154
47432,0 fw Controll.static OFJKHAFJIMA          0.0007 -> 0.0058
47432,1 fw PLH.static      ADJMBEDDHLB         46.9756 -> 46.9871
47441,5 fw PLH.static      ADJMBEDDHLB         46.9871 -> 46.993
47446,9 fw PLH.static      ADJMBEDDHLB          46.993 -> 47.0023
47459,3 fw Controll.static GIPNIMALPEG          0.8686 -> 0.0918
47459,3 fw PLH.static      ADJMBEDDHLB         47.0023 -> 47.0078
47465,1 fw PLH.static      ADJMBEDDHLB         47.0078 -> 47.0203
47478,4 fw PLH.static      ADJMBEDDHLB         47.0203 -> 47.0261
47482,1 fw Controll.static MKFDGFOCKNO         46.9654 -> 47.0154
47482,1 fw Controll.static LEKCBKLAILO         47.0154 -> 47.0654
47482,1 fw PLH.static      ADJMBEDDHLB         47.0261 -> 47.0394
47494,1 fw Controll.static OFJKHAFJIMA          0.0058 -> 0.0043
47494,1 fw PLH.static      ADJMBEDDHLB         47.0394 -> 47.043
47499,2 fw PLH.static      ADJMBEDDHLB          47.043 -> 47.055
47512,2 fw Controll.static GIPNIMALPEG          0.0918 -> 0.1505
47512,2 fw PLH.static      ADJMBEDDHLB          47.055 -> 47.0601
47516,7 fw PLH.static      ADJMBEDDHLB         47.0601 -> 47.0731
47529,0 fw PLH.static      ADJMBEDDHLB         47.0731 -> 47.0776
47534,7 fw PLH.static      ADJMBEDDHLB         47.0776 -> 47.0899
47556,1 fw Controll.static MKFDGFOCKNO         47.0154 -> 47.1154
47556,1 fw Controll.static LEKCBKLAILO         47.0654 -> 47.1654
47556,1 fw Controll.static OFJKHAFJIMA          0.0043 -> 0.0012
47556,2 fw PLH.static      ADJMBEDDHLB         47.0899 -> 47.0956
47570,0 fw PLH.static      ADJMBEDDHLB         47.0956 -> 47.1175
47570,1 fw PLH.static      CFIMEAFDJFM         42.6846 -> 42.9555
47577,7 fw Controll.static GIPNIMALPEG          0.1505 -> 0.46
47577,8 fw PLH.static      ADJMBEDDHLB         47.1175 -> 47.131
47577,8 fw PLH.static      CFIMEAFDJFM         42.9555 -> 42.9807
47585,5 fw PLH.static      ADJMBEDDHLB          47.131 -> 47.1387
47595,1 fw PLH.static      ADJMBEDDHLB         47.1387 -> 47.1464
47595,1 fw PLH.static      CFIMEAFDJFM         42.9807 -> 42.9978
47600,0 fw PLH.static      ADJMBEDDHLB         47.1464 -> 47.1561
47600,0 fw PLH.static      CFIMEAFDJFM         42.9978 -> 43.0062
47611,7 fw Controll.static MKFDGFOCKNO         47.1154 -> 47.1654
47611,7 fw Controll.static LEKCBKLAILO         47.1654 -> 47.2154
47611,7 fw Controll.static OFJKHAFJIMA          0.0012 -> 0.0068
47611,7 fw PLH.static      ADJMBEDDHLB         47.1561 -> 47.1609
47616,3 fw PLH.static      ADJMBEDDHLB         47.1609 -> 47.1726
47616,3 fw PLH.static      CFIMEAFDJFM         43.0062 -> 43.0231
47628,5 fw Controll.static GIPNIMALPEG            0.46 -> 0.4766
47628,6 fw PLH.static      ADJMBEDDHLB         47.1726 -> 47.1772
47632,9 fw PLH.static      ADJMBEDDHLB         47.1772 -> 47.1895
47632,9 fw PLH.static      CFIMEAFDJFM         43.0231 -> 43.0403
47648,6 fw PLH.static      ADJMBEDDHLB         47.1895 -> 47.1938
47653,3 fw PLH.static      ADJMBEDDHLB         47.1938 -> 47.2096
47653,3 fw PLH.static      CFIMEAFDJFM         43.0403 -> 43.0563
47663,8 fw Controll.static MKFDGFOCKNO         47.1654 -> 47.2154
47663,8 fw Controll.static LEKCBKLAILO         47.2154 -> 47.2654
47663,8 fw Controll.static OFJKHAFJIMA          0.0068 -> 0.0089
47663,8 fw PLH.static      ADJMBEDDHLB         47.2096 -> 47.2142
47669,5 fw PLH.static      ADJMBEDDHLB         47.2142 -> 47.2249
47669,5 fw PLH.static      CFIMEAFDJFM         43.0563 -> 43.0755
47679,2 fw Controll.static GIPNIMALPEG          0.4766 -> 0.4895
47679,2 fw PLH.static      ADJMBEDDHLB         47.2249 -> 47.2304
47699,2 fw PLH.static      ADJMBEDDHLB         47.2304 -> 47.2558
47699,2 fw PLH.static      CFIMEAFDJFM         43.0755 -> 43.0913
47710,3 fw PLH.static      ADJMBEDDHLB         47.2558 -> 47.2602
47710,3 fw PLH.static      CFIMEAFDJFM         43.0913 -> 43.1105
47715,0 fw PLH.static      ADJMBEDDHLB         47.2602 -> 47.2713
47715,0 fw PLH.static      CFIMEAFDJFM         43.1105 -> 43.1215
47725,9 fw Controll.static MKFDGFOCKNO         47.2154 -> 47.2654
47725,9 fw Controll.static LEKCBKLAILO         47.2654 -> 47.3154
47725,9 fw Controll.static OFJKHAFJIMA          0.0089 -> 0.0054
47726,0 fw PLH.static      ADJMBEDDHLB         47.2713 -> 47.2759
47731,1 fw PLH.static      ADJMBEDDHLB         47.2759 -> 47.2869
47731,1 fw PLH.static      CFIMEAFDJFM         43.1215 -> 43.1381
47747,0 fw Controll.static GIPNIMALPEG          0.4895 -> 0.8454
47747,0 fw PLH.static      ADJMBEDDHLB         47.2869 -> 47.292
47751,0 fw PLH.static      ADJMBEDDHLB          47.292 -> 47.3079
47762,1 fw PLH.static      ADJMBEDDHLB         47.3079 -> 47.3119
47772,1 fw PLH.static      ADJMBEDDHLB         47.3119 -> 47.323
47777,4 fw Controll.static MKFDGFOCKNO         47.2654 -> 47.3154
47777,4 fw Controll.static LEKCBKLAILO         47.3154 -> 47.3654
47777,4 fw Controll.static OFJKHAFJIMA          0.0054 -> 0.0071
47777,5 fw PLH.static      ADJMBEDDHLB          47.323 -> 47.333
47786,8 fw PLH.static      ADJMBEDDHLB          47.333 -> 47.3383
47794,2 fw PLH.static      ADJMBEDDHLB         47.3383 -> 47.3477
47801,0 fw Controll.static GIPNIMALPEG          0.8454 -> 0.9272
47801,1 fw PLH.static      ADJMBEDDHLB         47.3477 -> 47.3551
47810,0 fw PLH.static      ADJMBEDDHLB         47.3551 -> 47.3621
47814,8 fw PLH.static      ADJMBEDDHLB         47.3621 -> 47.3709
47826,1 fw Controll.static MKFDGFOCKNO         47.3154 -> 47.3654
47826,1 fw Controll.static LEKCBKLAILO         47.3654 -> 47.4154
47826,2 fw PLH.static      ADJMBEDDHLB         47.3709 -> 47.3757
47831,4 fw Controll.static OFJKHAFJIMA          0.0071 -> 0.005
47831,4 fw PLH.static      ADJMBEDDHLB         47.3757 -> 47.3871
47841,8 fw PLH.static      ADJMBEDDHLB         47.3871 -> 47.3923
47845,6 fw Controll.static GIPNIMALPEG          0.9272 -> 0.8192
47845,7 fw PLH.static      ADJMBEDDHLB         47.3923 -> 47.4027
47859,3 fw PLH.static      ADJMBEDDHLB         47.4027 -> 47.4066
47863,9 fw PLH.static      ADJMBEDDHLB         47.4066 -> 47.4202
47879,9 fw PLH.static      ADJMBEDDHLB         47.4202 -> 47.4248
47882,9 fw Controll.static MKFDGFOCKNO         47.3654 -> 47.4154
47882,9 fw Controll.static LEKCBKLAILO         47.4154 -> 47.4654
47882,9 fw Controll.static OFJKHAFJIMA           0.005 -> 0.0043
47883,0 fw PLH.static      ADJMBEDDHLB         47.4248 -> 47.4408
47894,6 fw PLH.static      ADJMBEDDHLB         47.4408 -> 47.4439
47898,9 fw Controll.static GIPNIMALPEG          0.8192 -> 0.8843
47899,0 fw PLH.static      ADJMBEDDHLB         47.4439 -> 47.4555
47910,4 fw PLH.static      ADJMBEDDHLB         47.4555 -> 47.4599
47915,0 fw PLH.static      ADJMBEDDHLB         47.4599 -> 47.4712
47926,3 fw PLH.static      ADJMBEDDHLB         47.4712 -> 47.476
47931,5 fw Controll.static MKFDGFOCKNO         47.4154 -> 47.4654
47931,5 fw Controll.static LEKCBKLAILO         47.4654 -> 47.5154
47931,5 fw Controll.static OFJKHAFJIMA          0.0043 -> 0.0054
47931,6 fw PLH.static      ADJMBEDDHLB          47.476 -> 47.4872
47940,7 fw PLH.static      ADJMBEDDHLB         47.4872 -> 47.4925
47946,4 fw Controll.static GIPNIMALPEG          0.8843 -> 0.8333
47946,4 fw PLH.static      ADJMBEDDHLB         47.4925 -> 47.5015
47959,0 fw PLH.static      ADJMBEDDHLB         47.5015 -> 47.5073
47962,3 fw PLH.static      ADJMBEDDHLB         47.5073 -> 47.5199
47974,7 fw PLH.static      ADJMBEDDHLB         47.5199 -> 47.5232
47978,5 fw Controll.static MKFDGFOCKNO         47.4654 -> 47.5154
47978,5 fw Controll.static LEKCBKLAILO         47.5154 -> 47.5654
47978,5 fw Controll.static OFJKHAFJIMA          0.0054 -> 0.0041
47978,6 fw PLH.static      ADJMBEDDHLB         47.5232 -> 47.5356
47992,0 fw PLH.static      ADJMBEDDHLB         47.5356 -> 47.5395
47996,4 fw Controll.static GIPNIMALPEG          0.8333 -> 0.8329
47996,4 fw PLH.static      ADJMBEDDHLB         47.5395 -> 47.5529
48010,1 fw PLH.static      ADJMBEDDHLB         47.5529 -> 47.5573
