# Blockpost room-protocol capture, started 2026-08-23 02:00:10
# tx: <ms> tx hdr=0xNN op=0xNN <name> : <fields>    rx: <ms> rx len=N <hex>
15748,2 ==== FIELDWATCH ON ====
15750,3 # net: TcpClient.Connected = True
15755,0 # fieldwatch player: 53 numeric fields on KBBBHJDINCB
15756,2 # fieldwatch Controll.static: 74 numeric fields on Controll
15756,4 # fieldwatch Controll: 28 numeric fields on Controll
15772,1 fw Controll.static GIPNIMALPEG          0.1082 -> 0.5871
15783,2 fw Controll.static GIPNIMALPEG          0.5871 -> 0.8095
15788,9 fw Controll.static GIPNIMALPEG          0.8095 -> 0.9244
15797,4 fw Controll.static MKFDGFOCKNO          15.527 -> 15.577
15797,4 fw Controll.static LEKCBKLAILO          15.577 -> 15.627
15797,4 fw Controll.static OFJKHAFJIMA          0.0052 -> 0.0045
15797,4 fw Controll.static GIPNIMALPEG          0.9244 -> 0.0942
15802,4 fw Controll.static GIPNIMALPEG          0.0942 -> 0.1935
15812,8 fw Controll.static GIPNIMALPEG          0.1935 -> 0.403
15816,4 fw Controll.static DGNDKAKOEPD        77372650 -> 77374702
15816,4 fw Controll.static BEJBLGGGOCC       294632863 -> 294634696
15816,4 fw Controll.static JELGPAKAJPE               0 -> 415
15816,4 fw Controll.static EENJPDHGGGC         13.5457 -> 15.5973
15816,4 fw Controll.static GIPNIMALPEG           0.403 -> 0.4748
15826,2 fw Controll.static GIPNIMALPEG          0.4748 -> 0.6671
15833,1 fw Controll.static GIPNIMALPEG          0.6671 -> 0.8082
15840,6 fw Controll.static GIPNIMALPEG          0.8082 -> 0.9577
15847,2 fw Controll.static MKFDGFOCKNO          15.577 -> 15.627
15847,3 fw Controll.static LEKCBKLAILO          15.627 -> 15.677
15847,3 fw Controll.static GIPNIMALPEG          0.9577 -> 0.0916
15854,5 fw Controll.static GIPNIMALPEG          0.0916 -> 0.2363
15862,7 fw Controll.static GIPNIMALPEG          0.2363 -> 0.4003
15867,0 fw Controll.static GIPNIMALPEG          0.4003 -> 0.4851
15876,3 fw Controll.static GIPNIMALPEG          0.4851 -> 0.6715
15882,2 fw Controll.static GIPNIMALPEG          0.6715 -> 0.7898
15890,5 fw Controll.static GIPNIMALPEG          0.7898 -> 0.9569
15908,0 fw Controll.static MKFDGFOCKNO          15.627 -> 15.677
15908,0 fw Controll.static LEKCBKLAILO          15.677 -> 15.727
15908,0 fw Controll.static OFJKHAFJIMA          0.0045 -> 0.0151
15908,1 fw Controll.static GIPNIMALPEG          0.9569 -> 0.3054
15914,2 fw Controll.static GIPNIMALPEG          0.3054 -> 0.4303
15922,1 fw Controll.static GIPNIMALPEG          0.4303 -> 0.5872
15929,1 fw Controll.static GIPNIMALPEG          0.5872 -> 0.7277
15935,4 fw Controll.static GIPNIMALPEG          0.7277 -> 0.8546
15942,2 fw Controll.static GIPNIMALPEG          0.8546 -> 0.9896
15949,3 fw Controll.static MKFDGFOCKNO          15.677 -> 15.727
15949,3 fw Controll.static LEKCBKLAILO          15.727 -> 15.777
15949,3 fw Controll.static OFJKHAFJIMA          0.0151 -> 0.0065
15949,3 fw Controll.static GIPNIMALPEG          0.9896 -> 0.1331
15955,8 fw Controll.static GIPNIMALPEG          0.1331 -> 0.2618
15963,2 fw Controll.static GIPNIMALPEG          0.2618 -> 0.4092
15970,5 fw Controll.static GIPNIMALPEG          0.4092 -> 0.5559
15978,4 fw Controll.static GIPNIMALPEG          0.5559 -> 0.7136
15982,9 fw Controll.static GIPNIMALPEG          0.7136 -> 0.805
15992,0 fw Controll.static GIPNIMALPEG           0.805 -> 0.9855
15998,7 fw Controll.static MKFDGFOCKNO          15.727 -> 15.777
15998,7 fw Controll.static LEKCBKLAILO          15.777 -> 15.827
15998,7 fw Controll.static OFJKHAFJIMA          0.0065 -> 0.0057
15998,7 fw Controll.static GIPNIMALPEG          0.9855 -> 0.1182
16005,2 fw Controll.static GIPNIMALPEG          0.1182 -> 0.2504
16013,2 fw player          APFNBGHAJMD               0 -> 1
16013,2 fw Controll.static GIPNIMALPEG          0.2504 -> 0.4093
16019,0 fw Controll.static GIPNIMALPEG          0.4093 -> 0.5259
16028,4 fw Controll.static GIPNIMALPEG          0.5259 -> 0.7142
16032,9 fw Controll.static GIPNIMALPEG          0.7142 -> 0.8046
16041,8 fw Controll.static GIPNIMALPEG          0.8046 -> 0.9828
16050,0 fw Controll.static MKFDGFOCKNO          15.777 -> 15.827
16050,0 fw Controll.static LEKCBKLAILO          15.827 -> 15.877
16050,0 fw Controll.static OFJKHAFJIMA          0.0057 -> 0.0071
16050,0 fw Controll.static GIPNIMALPEG          0.9828 -> 0.1462
16054,9 fw Controll.static GIPNIMALPEG          0.1462 -> 0.2442
16063,9 fw Controll.static GIPNIMALPEG          0.2442 -> 0.4236
16070,6 fw Controll.static GIPNIMALPEG          0.4236 -> 0.5582
16078,4 fw Controll.static GIPNIMALPEG          0.5582 -> 0.7141
16083,8 fw Controll.static GIPNIMALPEG          0.7141 -> 0.8205
16092,3 fw Controll.static GIPNIMALPEG          0.8205 -> 0.9909
16098,6 fw Controll.static MKFDGFOCKNO          15.827 -> 15.877
16098,6 fw Controll.static LEKCBKLAILO          15.877 -> 15.927
16098,7 fw Controll.static OFJKHAFJIMA          0.0071 -> 0.0057
16098,7 fw Controll.static GIPNIMALPEG          0.9909 -> 0.1181
16105,5 fw Controll.static GIPNIMALPEG          0.1181 -> 0.2551
16114,0 fw Controll.static GIPNIMALPEG          0.2551 -> 0.4264
16119,3 fw Controll.static GIPNIMALPEG          0.4264 -> 0.531
16129,0 fw Controll.static GIPNIMALPEG           0.531 -> 0.7255
16135,0 fw player          APFNBGHAJMD               1 -> 0
16135,0 fw Controll.static IGLCENGMMMJ            3.75 -> 3.9
16135,0 fw Controll.static GIPNIMALPEG          0.7255 -> 0.8464
16146,1 fw Controll.static NAKNALFCOIF        172.6502 -> 172.5002
16146,1 fw Controll.static IGLCENGMMMJ             3.9 -> 4.2
16146,1 fw Controll.static MKFDGFOCKNO          15.877 -> 15.927
16146,1 fw Controll.static LEKCBKLAILO          15.927 -> 15.977
16146,1 fw Controll.static OFJKHAFJIMA          0.0057 -> 0.0032
16146,1 fw Controll.static GIPNIMALPEG          0.8464 -> 0.0681
16148,9 fw Controll.static NAKNALFCOIF        172.5002 -> 172.3502
16148,9 fw Controll.static IGLCENGMMMJ             4.2 -> 4.5
16148,9 fw Controll.static GIPNIMALPEG          0.0681 -> 0.1247
16161,5 fw Controll.static NAKNALFCOIF        172.3502 -> 172.0502
16161,5 fw Controll.static IGLCENGMMMJ             4.5 -> 4.8
16161,6 fw Controll.static GIPNIMALPEG          0.1247 -> 0.3767
16165,4 fw Controll.static NAKNALFCOIF        172.0502 -> 171.9002
16165,4 fw Controll.static IGLCENGMMMJ             4.8 -> 5.4
16165,5 fw Controll.static GIPNIMALPEG          0.3767 -> 0.4522
16175,6 fw Controll.static NAKNALFCOIF        171.9002 -> 171.6002
16175,6 fw Controll.static IGLCENGMMMJ             5.4 -> 6
16175,6 fw Controll.static GIPNIMALPEG          0.4522 -> 0.6588
16182,4 fw Controll.static NAKNALFCOIF        171.6002 -> 171.4502
16182,4 fw Controll.static IGLCENGMMMJ               6 -> 6.6
16182,4 fw Controll.static GIPNIMALPEG          0.6588 -> 0.7943
16189,9 fw Controll.static NAKNALFCOIF        171.4502 -> 171.1502
16189,9 fw Controll.static IGLCENGMMMJ             6.6 -> 7.2
16189,9 fw Controll.static GIPNIMALPEG          0.7943 -> 0.9439
16197,5 fw Controll.static NAKNALFCOIF        171.1502 -> 171.0002
16197,5 fw Controll.static IGLCENGMMMJ             7.2 -> 7.8
16197,5 fw Controll.static MKFDGFOCKNO          15.927 -> 15.977
16197,5 fw Controll.static LEKCBKLAILO          15.977 -> 16.027
16197,5 fw Controll.static OFJKHAFJIMA          0.0032 -> 0.0046
16197,5 fw Controll.static GIPNIMALPEG          0.9439 -> 0.0956
16203,2 fw Controll.static GIPNIMALPEG          0.0956 -> 0.2107
16211,6 fw Controll.static NAKNALFCOIF        171.0002 -> 170.7002
16211,6 fw Controll.static IGLCENGMMMJ             7.8 -> 8.55
16211,6 fw Controll.static GIPNIMALPEG          0.2107 -> 0.3783
16218,0 fw Controll.static NAKNALFCOIF        170.7002 -> 170.5502
16218,0 fw Controll.static IGLCENGMMMJ            8.55 -> 9.15
16218,0 fw Controll.static GIPNIMALPEG          0.3783 -> 0.5067
16229,4 fw player          APFNBGHAJMD               0 -> 1
16229,4 fw Controll.static NAKNALFCOIF        170.5502 -> 170.4002
16229,4 fw Controll.static IGLCENGMMMJ            9.15 -> 9.75
16229,5 fw Controll.static GIPNIMALPEG          0.5067 -> 0.7343
16231,9 fw Controll.static GIPNIMALPEG          0.7343 -> 0.783
16245,9 fw Controll.static NAKNALFCOIF        170.4002 -> 170.1002
16245,9 fw Controll.static IGLCENGMMMJ            9.75 -> 10.5
16245,9 fw Controll.static MKFDGFOCKNO          15.977 -> 16.027
16245,9 fw Controll.static LEKCBKLAILO          16.027 -> 16.077
16245,9 fw Controll.static OFJKHAFJIMA          0.0046 -> 0.003
16245,9 fw Controll.static GIPNIMALPEG           0.783 -> 0.0635
16249,8 fw Controll.static GIPNIMALPEG          0.0635 -> 0.1406
16263,5 fw Controll.static IGLCENGMMMJ            10.5 -> 10.65
16263,5 fw Controll.static GIPNIMALPEG          0.1406 -> 0.4158
16267,0 fw Controll.static GIPNIMALPEG          0.4158 -> 0.4854
16279,2 fw Controll.static IGLCENGMMMJ           10.65 -> 10.95
16279,2 fw Controll.static GIPNIMALPEG          0.4854 -> 0.7297
16283,8 fw Controll.static GIPNIMALPEG          0.7297 -> 0.8223
16296,9 fw Controll.static IGLCENGMMMJ           10.95 -> 11.1
16296,9 fw Controll.static MKFDGFOCKNO          16.027 -> 16.077
16296,9 fw Controll.static LEKCBKLAILO          16.077 -> 16.127
16296,9 fw Controll.static OFJKHAFJIMA           0.003 -> 0.0039
16296,9 fw Controll.static GIPNIMALPEG          0.8223 -> 0.0829
16300,3 fw Controll.static IGLCENGMMMJ            11.1 -> 11.25
16300,3 fw Controll.static GIPNIMALPEG          0.0829 -> 0.152
16313,2 fw Controll.static NAKNALFCOIF        170.1002 -> 169.9502
16313,2 fw Controll.static IGLCENGMMMJ           11.25 -> 11.7
16313,2 fw Controll.static GIPNIMALPEG           0.152 -> 0.4094
16317,9 fw Controll.static IGLCENGMMMJ            11.7 -> 11.85
16317,9 fw Controll.static GIPNIMALPEG          0.4094 -> 0.5037
16329,3 fw Controll.static NAKNALFCOIF        169.9502 -> 169.8002
16329,3 fw Controll.static IGLCENGMMMJ           11.85 -> 12.45
16329,3 fw Controll.static GIPNIMALPEG          0.5037 -> 0.7318
16333,5 fw Controll.static NAKNALFCOIF        169.8002 -> 169.6502
16333,5 fw Controll.static IGLCENGMMMJ           12.45 -> 12.6
16333,5 fw Controll.static GIPNIMALPEG          0.7318 -> 0.816
16344,7 fw Controll.static MKFDGFOCKNO          16.077 -> 16.127
16344,7 fw Controll.static LEKCBKLAILO          16.127 -> 16.177
16344,7 fw Controll.static OFJKHAFJIMA          0.0039 -> 0.0017
16344,7 fw Controll.static GIPNIMALPEG           0.816 -> 0.0388
16350,9 fw player          LNIDBHIAJJI               2 -> 5
16350,9 fw player          ACAIGMNLLEC             122 -> 121
16350,9 fw player          HEADELMLILF               0 -> 1
16350,9 fw Controll.static IGLCENGMMMJ            12.6 -> 12.75
16350,9 fw Controll.static GIPNIMALPEG          0.0388 -> 0.1638
16361,1 fw Controll.static GIPNIMALPEG          0.1638 -> 0.368
16365,4 fw Controll.static IGLCENGMMMJ           12.75 -> 12.9
16365,5 fw Controll.static GIPNIMALPEG           0.368 -> 0.4545
16379,4 fw Controll.static IGLCENGMMMJ            12.9 -> 13.05
16379,5 fw Controll.static GIPNIMALPEG          0.4545 -> 0.735
16382,8 fw Controll.static IGLCENGMMMJ           13.05 -> 13.35
16382,8 fw Controll.static GIPNIMALPEG           0.735 -> 0.8026
16396,0 fw Controll.static IGLCENGMMMJ           13.35 -> 13.5
16396,1 fw Controll.static MKFDGFOCKNO          16.127 -> 16.177
16396,1 fw Controll.static LEKCBKLAILO          16.177 -> 16.227
16396,1 fw Controll.static OFJKHAFJIMA          0.0017 -> 0.0032
16396,1 fw Controll.static GIPNIMALPEG          0.8026 -> 0.0668
16399,8 fw Controll.static IGLCENGMMMJ            13.5 -> 13.65
16399,9 fw Controll.static GIPNIMALPEG          0.0668 -> 0.1432
16411,4 fw Controll.static GIPNIMALPEG          0.1432 -> 0.3736
16415,3 fw Controll.static GIPNIMALPEG          0.3736 -> 0.4521
16427,5 fw Controll.static GIPNIMALPEG          0.4521 -> 0.6955
16431,5 fw Controll.static GIPNIMALPEG          0.6955 -> 0.7746
16441,1 fw Controll.static GIPNIMALPEG          0.7746 -> 0.9682
16449,6 fw Controll.static MKFDGFOCKNO          16.177 -> 16.227
16449,6 fw Controll.static LEKCBKLAILO          16.227 -> 16.277
16449,6 fw Controll.static OFJKHAFJIMA          0.0032 -> 0.0067
16449,6 fw Controll.static GIPNIMALPEG          0.9682 -> 0.1372
16456,3 fw Controll.static IGLCENGMMMJ           13.65 -> 13.8
16456,3 fw Controll.static GIPNIMALPEG          0.1372 -> 0.2717
16464,1 fw Controll.static IGLCENGMMMJ            13.8 -> 13.95
16464,1 fw Controll.static GIPNIMALPEG          0.2717 -> 0.4271
16472,7 fw Controll.static IGLCENGMMMJ           13.95 -> 14.1
16472,7 fw Controll.static BFEOOOMMGLK               0 -> 1
16472,8 fw Controll.static MNHBPCOOMLE        77373447 -> 77375441
16472,8 fw Controll.static GIPNIMALPEG          0.4271 -> 0.5993
16479,1 fw Controll.static IGLCENGMMMJ            14.1 -> 14.25
16479,1 fw Controll.static BFEOOOMMGLK               1 -> 0
16479,1 fw Controll.static GIPNIMALPEG          0.5993 -> 0.7274
16492,7 fw Controll.static IGLCENGMMMJ           14.25 -> 14.4
16492,7 fw Controll.static GIPNIMALPEG          0.7274 -> 0.9997
16498,7 fw Controll.static IGLCENGMMMJ            14.4 -> 14.55
16498,7 fw Controll.static MKFDGFOCKNO          16.227 -> 16.277
16498,7 fw Controll.static LEKCBKLAILO          16.277 -> 16.327
16498,7 fw Controll.static OFJKHAFJIMA          0.0067 -> 0.0059
16498,8 fw Controll.static GIPNIMALPEG          0.9997 -> 0.1204
16507,1 fw Controll.static IGLCENGMMMJ           14.55 -> 14.7
16507,2 fw Controll.static GIPNIMALPEG          0.1204 -> 0.288
16514,1 fw Controll.static IGLCENGMMMJ            14.7 -> 14.85
16514,1 fw Controll.static GIPNIMALPEG           0.288 -> 0.4271
16522,7 fw Controll.static IGLCENGMMMJ           14.85 -> 15.15
16522,7 fw Controll.static GIPNIMALPEG          0.4271 -> 0.5996
16530,6 fw Controll.static IGLCENGMMMJ           15.15 -> 15.3
16530,6 fw Controll.static GIPNIMALPEG          0.5996 -> 0.758
16537,1 fw Controll.static IGLCENGMMMJ            15.3 -> 15.6
16537,2 fw Controll.static GIPNIMALPEG           0.758 -> 0.8882
16546,4 fw player          LNIDBHIAJJI               5 -> 9
16546,4 fw player          ACAIGMNLLEC             121 -> 120
16546,4 fw player          HEADELMLILF               1 -> 0
16546,4 fw Controll.static IGLCENGMMMJ            15.6 -> 15.75
16546,4 fw Controll.static DGNDKAKOEPD        77374702 -> 77375426
16546,4 fw Controll.static BEJBLGGGOCC       294634696 -> 294635583
16546,4 fw Controll.static JELGPAKAJPE             415 -> 142
16546,4 fw Controll.static EENJPDHGGGC         15.5973 -> 16.3216
16546,4 fw Controll.static MKFDGFOCKNO          16.277 -> 16.327
16546,4 fw Controll.static LEKCBKLAILO          16.327 -> 16.377
16546,4 fw Controll.static OFJKHAFJIMA          0.0059 -> 0.0035
16546,4 fw Controll.static GIPNIMALPEG          0.8882 -> 0.0736
16552,8 fw Controll.static IGLCENGMMMJ           15.75 -> 15.9
16552,8 fw Controll.static BFEOOOMMGLK               0 -> 1
16552,8 fw Controll.static MNHBPCOOMLE        77375441 -> 77375521
16552,8 fw Controll.static GIPNIMALPEG          0.0736 -> 0.2013
16562,3 fw Controll.static IGLCENGMMMJ            15.9 -> 16.05
16562,3 fw Controll.static BFEOOOMMGLK               1 -> 0
16562,3 fw Controll.static GIPNIMALPEG          0.2013 -> 0.3914
16567,1 fw Controll.static IGLCENGMMMJ           16.05 -> 16.35
16567,1 fw Controll.static GIPNIMALPEG          0.3914 -> 0.488
16578,7 fw Controll.static IGLCENGMMMJ           16.35 -> 16.65
16578,8 fw Controll.static GIPNIMALPEG           0.488 -> 0.7205
16582,8 fw Controll.static NAKNALFCOIF        169.6502 -> 169.5002
16582,8 fw Controll.static IGLCENGMMMJ           16.65 -> 17.1
16582,8 fw Controll.static GIPNIMALPEG          0.7205 -> 0.8022
16594,5 fw Controll.static MKFDGFOCKNO          16.327 -> 16.377
16594,5 fw Controll.static LEKCBKLAILO          16.377 -> 16.427
16594,5 fw Controll.static OFJKHAFJIMA          0.0035 -> 0.0015
16594,5 fw Controll.static GIPNIMALPEG          0.8022 -> 0.034
16600,1 fw Controll.static IGLCENGMMMJ            17.1 -> 17.4
16600,2 fw Controll.static GIPNIMALPEG           0.034 -> 0.1483
16612,3 fw Controll.static IGLCENGMMMJ            17.4 -> 17.55
16612,3 fw Controll.static GIPNIMALPEG          0.1483 -> 0.3914
16616,0 fw Controll.static NAKNALFCOIF        169.5002 -> 169.3502
16616,0 fw Controll.static IGLCENGMMMJ           17.55 -> 18
16616,0 fw Controll.static GIPNIMALPEG          0.3914 -> 0.4662
16629,4 fw Controll.static NAKNALFCOIF        169.3502 -> 169.2002
16629,4 fw Controll.static IGLCENGMMMJ              18 -> 18.3
16629,5 fw Controll.static GIPNIMALPEG          0.4662 -> 0.7343
16634,3 fw player          LNIDBHIAJJI               9 -> 10
16634,3 fw Controll.static BFEOOOMMGLK               0 -> 1
16634,3 fw Controll.static MNHBPCOOMLE        77375521 -> 77375603
16634,3 fw Controll.static GIPNIMALPEG          0.7343 -> 0.8314
16646,2 fw Controll.static IGLCENGMMMJ            18.3 -> 18.75
16646,2 fw Controll.static BFEOOOMMGLK               1 -> 0
16646,2 fw Controll.static MKFDGFOCKNO          16.377 -> 16.427
16646,2 fw Controll.static LEKCBKLAILO          16.427 -> 16.477
16646,2 fw Controll.static OFJKHAFJIMA          0.0015 -> 0.0033
16646,3 fw Controll.static GIPNIMALPEG          0.8314 -> 0.07
16650,2 fw Controll.static GIPNIMALPEG            0.07 -> 0.1484
16662,3 fw Controll.static IGLCENGMMMJ           18.75 -> 19.05
16662,3 fw Controll.static GIPNIMALPEG          0.1484 -> 0.3908
16666,4 fw Controll.static GIPNIMALPEG          0.3908 -> 0.4737
16679,4 fw Controll.static NAKNALFCOIF        169.2002 -> 169.0502
16679,4 fw Controll.static IGLCENGMMMJ           19.05 -> 19.2
16679,5 fw Controll.static GIPNIMALPEG          0.4737 -> 0.7345
16683,3 fw Controll.static GIPNIMALPEG          0.7345 -> 0.8116
16696,5 fw Controll.static IGLCENGMMMJ            19.2 -> 19.35
16696,5 fw Controll.static MKFDGFOCKNO          16.427 -> 16.477
16696,5 fw Controll.static LEKCBKLAILO          16.477 -> 16.527
16696,5 fw Controll.static OFJKHAFJIMA          0.0033 -> 0.0036
16696,5 fw Controll.static GIPNIMALPEG          0.8116 -> 0.0759
16700,2 fw Controll.static GIPNIMALPEG          0.0759 -> 0.1491
16711,5 fw Controll.static GIPNIMALPEG          0.1491 -> 0.3757
16718,2 fw Controll.static IGLCENGMMMJ           19.35 -> 19.5
16718,2 fw Controll.static BFEOOOMMGLK               0 -> 1
16718,2 fw Controll.static MNHBPCOOMLE        77375603 -> 77375686
16718,2 fw Controll.static GIPNIMALPEG          0.3757 -> 0.5102
16726,8 fw Controll.static BFEOOOMMGLK               1 -> 0
16726,9 fw Controll.static GIPNIMALPEG          0.5102 -> 0.6822
16732,6 fw Controll.static GIPNIMALPEG          0.6822 -> 0.7972
16743,6 fw Controll.static MKFDGFOCKNO          16.477 -> 16.527
16743,6 fw Controll.static LEKCBKLAILO          16.527 -> 16.577
16743,6 fw Controll.static OFJKHAFJIMA          0.0036 -> 0.0006
16743,6 fw Controll.static GIPNIMALPEG          0.7972 -> 0.0167
16746,8 fw player          LNIDBHIAJJI              10 -> 11
16746,8 fw player          APFNBGHAJMD               1 -> 0
16746,8 fw Controll.static GIPNIMALPEG          0.0167 -> 0.0816
16760,5 fw Controll.static GIPNIMALPEG          0.0816 -> 0.3532
16764,0 fw Controll.static GIPNIMALPEG          0.3532 -> 0.4252
16777,3 fw Controll.static GIPNIMALPEG          0.4252 -> 0.6907
16781,5 fw Controll.static GIPNIMALPEG          0.6907 -> 0.7749
16793,8 fw Controll.static MKFDGFOCKNO          16.527 -> 16.577
16793,8 fw Controll.static LEKCBKLAILO          16.577 -> 16.627
16793,8 fw Controll.static OFJKHAFJIMA          0.0006 -> 0.0009
16793,8 fw Controll.static GIPNIMALPEG          0.7749 -> 0.0207
16797,9 fw Controll.static BFEOOOMMGLK               0 -> 1
16797,9 fw Controll.static MNHBPCOOMLE        77375686 -> 77375766
16797,9 fw Controll.static GIPNIMALPEG          0.0207 -> 0.1027
16810,4 fw Controll.static BFEOOOMMGLK               1 -> 0
16810,4 fw Controll.static GIPNIMALPEG          0.1027 -> 0.3525
16814,5 fw Controll.static GIPNIMALPEG          0.3525 -> 0.4332
16826,5 fw Controll.static GIPNIMALPEG          0.4332 -> 0.675
16833,1 fw Controll.static GIPNIMALPEG           0.675 -> 0.8072
16840,1 fw Controll.static GIPNIMALPEG          0.8072 -> 0.9467
16848,0 fw Controll.static MKFDGFOCKNO          16.577 -> 16.627
16848,0 fw Controll.static LEKCBKLAILO          16.627 -> 16.677
16848,0 fw Controll.static OFJKHAFJIMA          0.0009 -> 0.005
16848,0 fw Controll.static GIPNIMALPEG          0.9467 -> 0.1043
16854,7 fw Controll.static GIPNIMALPEG          0.1043 -> 0.2372
16862,2 fw Controll.static GIPNIMALPEG          0.2372 -> 0.3887
16870,0 fw Controll.static GIPNIMALPEG          0.3887 -> 0.543
16877,4 fw Controll.static BFEOOOMMGLK               0 -> 1
16877,5 fw Controll.static MNHBPCOOMLE        77375766 -> 77375846
16877,5 fw Controll.static GIPNIMALPEG           0.543 -> 0.6942
16884,0 fw Controll.static BFEOOOMMGLK               1 -> 0
16884,1 fw Controll.static GIPNIMALPEG          0.6942 -> 0.826
16893,8 fw Controll.static MKFDGFOCKNO          16.627 -> 16.677
16893,8 fw Controll.static LEKCBKLAILO          16.677 -> 16.727
16893,8 fw Controll.static OFJKHAFJIMA           0.005 -> 0.0008
16893,8 fw Controll.static GIPNIMALPEG           0.826 -> 0.0211
16898,9 fw Controll.static GIPNIMALPEG          0.0211 -> 0.1229
16909,9 fw Controll.static GIPNIMALPEG          0.1229 -> 0.343
16914,0 fw Controll.static GIPNIMALPEG           0.343 -> 0.4242
16926,1 fw Controll.static GIPNIMALPEG          0.4242 -> 0.6666
16931,1 fw Controll.static GIPNIMALPEG          0.6666 -> 0.7673
16939,7 fw Controll.static GIPNIMALPEG          0.7673 -> 0.9392
16947,5 fw Controll.static MKFDGFOCKNO          16.677 -> 16.727
16947,5 fw Controll.static LEKCBKLAILO          16.727 -> 16.777
16947,5 fw Controll.static OFJKHAFJIMA          0.0008 -> 0.0045
16947,5 fw Controll.static GIPNIMALPEG          0.9392 -> 0.0943
16954,5 fw Controll.static GIPNIMALPEG          0.0943 -> 0.235
16962,8 fw Controll.static BFEOOOMMGLK               0 -> 1
16962,8 fw Controll.static MNHBPCOOMLE        77375846 -> 77375931
16962,8 fw Controll.static GIPNIMALPEG           0.235 -> 0.4
16969,0 fw Controll.static BFEOOOMMGLK               1 -> 0
16969,0 fw Controll.static GIPNIMALPEG             0.4 -> 0.5242
16977,3 fw player          LNIDBHIAJJI              11 -> 13
16977,3 fw Controll.static GIPNIMALPEG          0.5242 -> 0.6904
16984,4 fw Controll.static GIPNIMALPEG          0.6904 -> 0.8332
16993,4 fw Controll.static MKFDGFOCKNO          16.727 -> 16.7771
16993,4 fw Controll.static LEKCBKLAILO          16.777 -> 16.827
16993,4 fw Controll.static OFJKHAFJIMA          0.0045 -> 0.0004
16993,4 fw Controll.static GIPNIMALPEG          0.8332 -> 0.0122
16998,1 fw Controll.static GIPNIMALPEG          0.0122 -> 0.1066
17009,9 fw Controll.static GIPNIMALPEG          0.1066 -> 0.3433
17013,9 fw Controll.static GIPNIMALPEG          0.3433 -> 0.4223
17026,0 fw Controll.static GIPNIMALPEG          0.4223 -> 0.663
17031,0 fw Controll.static GIPNIMALPEG           0.663 -> 0.7643
17040,2 fw Controll.static GIPNIMALPEG          0.7643 -> 0.9479
17047,4 fw Controll.static BFEOOOMMGLK               0 -> 1
17047,4 fw Controll.static MKFDGFOCKNO         16.7771 -> 16.8271
17047,4 fw Controll.static LEKCBKLAILO          16.827 -> 16.8771
17047,4 fw Controll.static OFJKHAFJIMA          0.0004 -> 0.0045
17047,4 fw Controll.static MNHBPCOOMLE        77375931 -> 77376016
17047,5 fw Controll.static GIPNIMALPEG          0.9479 -> 0.0933
17055,6 fw Controll.static BFEOOOMMGLK               1 -> 0
17055,6 fw Controll.static GIPNIMALPEG          0.0933 -> 0.2544
17062,2 fw Controll.static GIPNIMALPEG          0.2544 -> 0.3885
17070,6 fw Controll.static GIPNIMALPEG          0.3885 -> 0.5571
17077,1 fw Controll.static GIPNIMALPEG          0.5571 -> 0.6857
17085,0 fw Controll.static GIPNIMALPEG          0.6857 -> 0.8438
17093,3 fw Controll.static MKFDGFOCKNO         16.8271 -> 16.8771
17093,3 fw Controll.static LEKCBKLAILO         16.8771 -> 16.9271
17093,3 fw Controll.static OFJKHAFJIMA          0.0045 -> 0.0004
17093,4 fw Controll.static GIPNIMALPEG          0.8438 -> 0.0113
17099,1 fw Controll.static GIPNIMALPEG          0.0113 -> 0.1272
17110,0 fw Controll.static GIPNIMALPEG          0.1272 -> 0.3449
17113,4 fw Controll.static GIPNIMALPEG          0.3449 -> 0.4114
17125,9 fw Controll.static GIPNIMALPEG          0.4114 -> 0.6626
17131,9 fw Controll.static BFEOOOMMGLK               0 -> 1
17131,9 fw Controll.static MNHBPCOOMLE        77376016 -> 77376100
17131,9 fw Controll.static GIPNIMALPEG          0.6626 -> 0.7831
17142,2 fw Controll.static BFEOOOMMGLK               1 -> 0
17142,2 fw Controll.static GIPNIMALPEG          0.7831 -> 0.9894
17146,3 fw Controll.static MKFDGFOCKNO         16.8771 -> 16.9271
17146,3 fw Controll.static LEKCBKLAILO         16.9271 -> 16.9771
17146,3 fw Controll.static OFJKHAFJIMA          0.0004 -> 0.0033
17146,3 fw Controll.static GIPNIMALPEG          0.9894 -> 0.0702
17159,5 fw Controll.static GIPNIMALPEG          0.0702 -> 0.3342
17162,6 fw Controll.static GIPNIMALPEG          0.3342 -> 0.3959
17176,1 fw Controll.static GIPNIMALPEG          0.3959 -> 0.6655
17180,3 fw Controll.static GIPNIMALPEG          0.6655 -> 0.7494
17192,7 fw Controll.static GIPNIMALPEG          0.7494 -> 0.998
17196,3 fw Controll.static MKFDGFOCKNO         16.9271 -> 16.9771
17196,3 fw Controll.static LEKCBKLAILO         16.9771 -> 17.0271
17196,3 fw Controll.static GIPNIMALPEG           0.998 -> 0.0701
17209,2 fw Controll.static GIPNIMALPEG          0.0701 -> 0.3287
17213,5 fw Controll.static BFEOOOMMGLK               0 -> 1
17213,5 fw Controll.static MNHBPCOOMLE        77376100 -> 77376182
17213,5 fw Controll.static GIPNIMALPEG          0.3287 -> 0.415
17225,3 fw Controll.static BFEOOOMMGLK               1 -> 0
17225,3 fw Controll.static GIPNIMALPEG           0.415 -> 0.6508
17230,3 fw Controll.static GIPNIMALPEG          0.6508 -> 0.7511
17242,0 fw Controll.static GIPNIMALPEG          0.7511 -> 0.9845
17246,9 fw Controll.static MKFDGFOCKNO         16.9771 -> 17.0271
17246,9 fw Controll.static LEKCBKLAILO         17.0271 -> 17.0771
17246,9 fw Controll.static OFJKHAFJIMA          0.0033 -> 0.0039
17246,9 fw Controll.static GIPNIMALPEG          0.9845 -> 0.0818
17259,2 fw Controll.static GIPNIMALPEG          0.0818 -> 0.328
17262,8 fw Controll.static GIPNIMALPEG           0.328 -> 0.3999
17275,8 fw Controll.static GIPNIMALPEG          0.3999 -> 0.6606
17279,5 fw Controll.static GIPNIMALPEG          0.6606 -> 0.7345
17292,3 fw Controll.static GIPNIMALPEG          0.7345 -> 0.9895
17297,1 fw Controll.static BFEOOOMMGLK               0 -> 1
17297,2 fw Controll.static MKFDGFOCKNO         17.0271 -> 17.0771
17297,2 fw Controll.static LEKCBKLAILO         17.0771 -> 17.1271
17297,2 fw Controll.static OFJKHAFJIMA          0.0039 -> 0.0043
17297,2 fw Controll.static MNHBPCOOMLE        77376182 -> 77376266
17297,2 fw Controll.static GIPNIMALPEG          0.9895 -> 0.0875
17308,3 fw Controll.static BFEOOOMMGLK               1 -> 0
17308,3 fw Controll.static GIPNIMALPEG          0.0875 -> 0.311
17312,9 fw Controll.static GIPNIMALPEG           0.311 -> 0.4025
17322,1 fw Controll.static GIPNIMALPEG          0.4025 -> 0.5866
17330,5 fw Controll.static GIPNIMALPEG          0.5866 -> 0.7551
17335,5 fw Controll.static GIPNIMALPEG          0.7551 -> 0.8542
17345,5 fw Controll.static MKFDGFOCKNO         17.0771 -> 17.1271
17345,5 fw Controll.static LEKCBKLAILO         17.1271 -> 17.1771
17345,5 fw Controll.static OFJKHAFJIMA          0.0043 -> 0.0025
17345,5 fw Controll.static GIPNIMALPEG          0.8542 -> 0.0535
17351,2 fw Controll.static GIPNIMALPEG          0.0535 -> 0.1691
17359,9 fw Controll.static GIPNIMALPEG          0.1691 -> 0.3425
17366,4 fw Controll.static GIPNIMALPEG          0.3425 -> 0.4728
17375,6 fw Controll.static GIPNIMALPEG          0.4728 -> 0.656
17380,7 fw Controll.static BFEOOOMMGLK               0 -> 1
17380,7 fw Controll.static MNHBPCOOMLE        77376266 -> 77376349
17380,7 fw Controll.static GIPNIMALPEG           0.656 -> 0.7582
17391,9 fw Controll.static BFEOOOMMGLK               1 -> 0
17391,9 fw Controll.static GIPNIMALPEG          0.7582 -> 0.9822
17396,0 fw Controll.static MKFDGFOCKNO         17.1271 -> 17.1771
17396,0 fw Controll.static LEKCBKLAILO         17.1771 -> 17.2271
17396,0 fw Controll.static OFJKHAFJIMA          0.0025 -> 0.0031
17396,0 fw Controll.static GIPNIMALPEG          0.9822 -> 0.0652
17408,3 fw Controll.static GIPNIMALPEG          0.0652 -> 0.3093
17412,5 fw Controll.static GIPNIMALPEG          0.3093 -> 0.3945
17424,8 fw Controll.static GIPNIMALPEG          0.3945 -> 0.6401
17429,6 fw Controll.static GIPNIMALPEG          0.6401 -> 0.7368
17441,4 fw Controll.static GIPNIMALPEG          0.7368 -> 0.973
17445,5 fw Controll.static MKFDGFOCKNO         17.1771 -> 17.2271
17445,5 fw Controll.static LEKCBKLAILO         17.2271 -> 17.2771
17445,5 fw Controll.static OFJKHAFJIMA          0.0031 -> 0.0026
17445,6 fw Controll.static GIPNIMALPEG           0.973 -> 0.0551
17458,8 fw player          APFNBGHAJMD               0 -> 1
17458,8 fw Controll.static GIPNIMALPEG          0.0551 -> 0.3206
17462,9 fw Controll.static BFEOOOMMGLK               0 -> 1
17463,0 fw Controll.static MNHBPCOOMLE        77376349 -> 77376431
17463,0 fw Controll.static GIPNIMALPEG          0.3206 -> 0.4034
17475,2 fw Controll.static BFEOOOMMGLK               1 -> 0
17475,2 fw Controll.static GIPNIMALPEG          0.4034 -> 0.6482
17479,8 fw Controll.static GIPNIMALPEG          0.6482 -> 0.7394
17491,9 fw Controll.static GIPNIMALPEG          0.7394 -> 0.9817
17495,9 fw Controll.static MKFDGFOCKNO         17.2271 -> 17.2771
17495,9 fw Controll.static LEKCBKLAILO         17.2771 -> 17.3271
17495,9 fw Controll.static OFJKHAFJIMA          0.0026 -> 0.003
17496,0 fw Controll.static GIPNIMALPEG          0.9817 -> 0.063
17508,2 fw Controll.static GIPNIMALPEG           0.063 -> 0.307
17513,2 fw Controll.static GIPNIMALPEG           0.307 -> 0.4072
17524,6 fw Controll.static GIPNIMALPEG          0.4072 -> 0.6335
17528,1 fw Controll.static GIPNIMALPEG          0.6335 -> 0.7065
17542,3 fw Controll.static BFEOOOMMGLK               0 -> 1
17542,3 fw Controll.static MNHBPCOOMLE        77376431 -> 77376511
17542,3 fw Controll.static GIPNIMALPEG          0.7065 -> 0.9904
17545,8 fw Controll.static BFEOOOMMGLK               1 -> 0
17545,8 fw Controll.static MKFDGFOCKNO         17.2771 -> 17.3271
17545,8 fw Controll.static LEKCBKLAILO         17.3271 -> 17.3771
17545,8 fw Controll.static OFJKHAFJIMA           0.003 -> 0.0028
17545,9 fw Controll.static GIPNIMALPEG          0.9904 -> 0.0607
17558,9 fw Controll.static GIPNIMALPEG          0.0607 -> 0.3215
17564,1 fw Controll.static GIPNIMALPEG          0.3215 -> 0.4255
17574,9 fw Controll.static GIPNIMALPEG          0.4255 -> 0.6416
17578,8 fw Controll.static GIPNIMALPEG          0.6416 -> 0.7191
17591,4 fw Controll.static GIPNIMALPEG          0.7191 -> 0.9723
17595,5 fw Controll.static MKFDGFOCKNO         17.3271 -> 17.3771
17595,5 fw Controll.static LEKCBKLAILO         17.3771 -> 17.4271
17595,5 fw Controll.static OFJKHAFJIMA          0.0028 -> 0.0025
17595,5 fw Controll.static GIPNIMALPEG          0.9723 -> 0.0545
17607,8 fw Controll.static GIPNIMALPEG          0.0545 -> 0.3007
17612,7 fw Controll.static GIPNIMALPEG          0.3007 -> 0.3964
17625,0 fw Controll.static BFEOOOMMGLK               0 -> 1
17625,0 fw Controll.static MNHBPCOOMLE        77376511 -> 77376593
17625,0 fw Controll.static GIPNIMALPEG          0.3964 -> 0.6436
17628,3 fw player          APFNBGHAJMD               1 -> 0
17628,3 fw Controll.static DGNDKAKOEPD        77375426 -> 77376514
17628,3 fw Controll.static BEJBLGGGOCC       294635583 -> 294636584
17628,3 fw Controll.static JELGPAKAJPE             142 -> 229
17628,3 fw Controll.static EENJPDHGGGC         16.3216 -> 17.4094
17628,3 fw Controll.static BFEOOOMMGLK               1 -> 0
17628,3 fw Controll.static GIPNIMALPEG          0.6436 -> 0.7104
17641,7 fw Controll.static GIPNIMALPEG          0.7104 -> 0.9778
17646,1 fw Controll.static MKFDGFOCKNO         17.3771 -> 17.4271
17646,1 fw Controll.static LEKCBKLAILO         17.4271 -> 17.4771
17646,1 fw Controll.static OFJKHAFJIMA          0.0025 -> 0.0032
17646,2 fw Controll.static GIPNIMALPEG          0.9778 -> 0.0669
17657,9 fw Controll.static GIPNIMALPEG          0.0669 -> 0.3015
17662,3 fw Controll.static GIPNIMALPEG          0.3015 -> 0.3895
17674,6 fw Controll.static GIPNIMALPEG          0.3895 -> 0.6366
17678,8 fw Controll.static GIPNIMALPEG          0.6366 -> 0.7204
17691,4 fw Controll.static GIPNIMALPEG          0.7204 -> 0.9726
17695,6 fw Controll.static MKFDGFOCKNO         17.4271 -> 17.4771
17695,6 fw Controll.static LEKCBKLAILO         17.4771 -> 17.5271
17695,6 fw Controll.static OFJKHAFJIMA          0.0032 -> 0.0026
17695,7 fw Controll.static GIPNIMALPEG          0.9726 -> 0.0565
17708,0 fw Controll.static BFEOOOMMGLK               0 -> 1
17708,1 fw Controll.static MNHBPCOOMLE        77376593 -> 77376676
17708,1 fw Controll.static GIPNIMALPEG          0.0565 -> 0.3048
17712,6 fw Controll.static BFEOOOMMGLK               1 -> 0
17712,6 fw Controll.static GIPNIMALPEG          0.3048 -> 0.3961
17724,0 fw Controll.static GIPNIMALPEG          0.3961 -> 0.6245
17729,8 fw Controll.static GIPNIMALPEG          0.6245 -> 0.7401
17738,0 fw Controll.static GIPNIMALPEG          0.7401 -> 0.9035
17745,5 fw Controll.static MKFDGFOCKNO         17.4771 -> 17.5271
17745,5 fw Controll.static LEKCBKLAILO         17.5271 -> 17.5771
17745,5 fw Controll.static OFJKHAFJIMA          0.0026 -> 0.0025
17745,5 fw Controll.static GIPNIMALPEG          0.9035 -> 0.0532
17753,6 fw Controll.static GIPNIMALPEG          0.0532 -> 0.2153
17760,1 fw Controll.static GIPNIMALPEG          0.2153 -> 0.3454
17769,6 fw Controll.static GIPNIMALPEG          0.3454 -> 0.5352
17776,1 fw Controll.static GIPNIMALPEG          0.5352 -> 0.6651
17785,2 fw Controll.static GIPNIMALPEG          0.6651 -> 0.8468
17793,6 fw Controll.static BFEOOOMMGLK               0 -> 1
17793,6 fw Controll.static MKFDGFOCKNO         17.5271 -> 17.5771
17793,6 fw Controll.static LEKCBKLAILO         17.5771 -> 17.6271
17793,6 fw Controll.static OFJKHAFJIMA          0.0025 -> 0.0007
17793,6 fw Controll.static MNHBPCOOMLE        77376676 -> 77376762
17793,6 fw Controll.static GIPNIMALPEG          0.8468 -> 0.0161
17799,1 fw Controll.static BFEOOOMMGLK               1 -> 0
17799,1 fw Controll.static GIPNIMALPEG          0.0161 -> 0.1253
17808,1 fw Controll.static GIPNIMALPEG          0.1253 -> 0.3063
17815,2 fw Controll.static GIPNIMALPEG          0.3063 -> 0.4481
17824,7 fw Controll.static GIPNIMALPEG          0.4481 -> 0.6374
17829,8 fw Controll.static GIPNIMALPEG          0.6374 -> 0.7391
17840,8 fw Controll.static GIPNIMALPEG          0.7391 -> 0.9609
17845,4 fw Controll.static MKFDGFOCKNO         17.5771 -> 17.6271
17845,4 fw Controll.static LEKCBKLAILO         17.6271 -> 17.6771
17845,4 fw Controll.static OFJKHAFJIMA          0.0007 -> 0.0025
17845,5 fw Controll.static GIPNIMALPEG          0.9609 -> 0.0528
17857,4 fw Controll.static GIPNIMALPEG          0.0528 -> 0.2917
17861,5 fw player          APFNBGHAJMD               0 -> 1
17861,5 fw Controll.static GIPNIMALPEG          0.2917 -> 0.3742
17874,9 fw Controll.static BFEOOOMMGLK               0 -> 1
17874,9 fw Controll.static MNHBPCOOMLE        77376762 -> 77376843
17874,9 fw Controll.static GIPNIMALPEG          0.3742 -> 0.6421
17878,6 fw Controll.static BFEOOOMMGLK               1 -> 0
17878,6 fw Controll.static GIPNIMALPEG          0.6421 -> 0.7151
17891,0 fw Controll.static GIPNIMALPEG          0.7151 -> 0.9645
17895,8 fw Controll.static MKFDGFOCKNO         17.6271 -> 17.6771
17895,8 fw Controll.static LEKCBKLAILO         17.6771 -> 17.7271
17895,8 fw Controll.static OFJKHAFJIMA          0.0025 -> 0.0028
17895,8 fw Controll.static GIPNIMALPEG          0.9645 -> 0.0598
17906,6 fw Controll.static GIPNIMALPEG          0.0598 -> 0.2759
17911,7 fw Controll.static GIPNIMALPEG          0.2759 -> 0.3764
17923,5 fw Controll.static GIPNIMALPEG          0.3764 -> 0.613
17927,3 fw Controll.static GIPNIMALPEG           0.613 -> 0.6907
17938,0 fw Controll.static GIPNIMALPEG          0.6907 -> 0.9032
17944,1 fw Controll.static MKFDGFOCKNO         17.6771 -> 17.7271
17944,1 fw Controll.static LEKCBKLAILO         17.7271 -> 17.7771
17944,1 fw Controll.static OFJKHAFJIMA          0.0028 -> 0.0011
17944,1 fw Controll.static GIPNIMALPEG          0.9032 -> 0.0261
17952,5 fw Controll.static GIPNIMALPEG          0.0261 -> 0.1933
17960,2 fw Controll.static BFEOOOMMGLK               0 -> 1
17960,2 fw Controll.static MNHBPCOOMLE        77376843 -> 77376929
17960,2 fw Controll.static GIPNIMALPEG          0.1933 -> 0.3475
17966,0 fw Controll.static BFEOOOMMGLK               1 -> 0
17966,0 fw Controll.static GIPNIMALPEG          0.3475 -> 0.4632
17975,2 fw Controll.static GIPNIMALPEG          0.4632 -> 0.6467
17980,3 fw player          APFNBGHAJMD               1 -> 0
17980,3 fw Controll.static GIPNIMALPEG          0.6467 -> 0.7499
17990,8 fw Controll.static GIPNIMALPEG          0.7499 -> 0.96
17995,7 fw Controll.static MKFDGFOCKNO         17.7271 -> 17.7771
17995,7 fw Controll.static LEKCBKLAILO         17.7771 -> 17.8271
17995,7 fw Controll.static OFJKHAFJIMA          0.0011 -> 0.0027
17995,7 fw Controll.static GIPNIMALPEG            0.96 -> 0.0577
18006,5 fw Controll.static GIPNIMALPEG          0.0577 -> 0.2735
18011,5 fw Controll.static GIPNIMALPEG          0.2735 -> 0.3731
18023,4 fw Controll.static GIPNIMALPEG          0.3731 -> 0.6125
18028,0 fw Controll.static GIPNIMALPEG          0.6125 -> 0.7041
18041,4 fw Controll.static BFEOOOMMGLK               0 -> 1
18041,4 fw Controll.static MNHBPCOOMLE        77376929 -> 77377010
18041,4 fw Controll.static GIPNIMALPEG          0.7041 -> 0.969
18045,1 fw Controll.static BFEOOOMMGLK               1 -> 0
18045,2 fw Controll.static MKFDGFOCKNO         17.7771 -> 17.8271
18045,2 fw Controll.static LEKCBKLAILO         17.8271 -> 17.8771
18045,2 fw Controll.static OFJKHAFJIMA          0.0027 -> 0.0021
18045,2 fw Controll.static GIPNIMALPEG           0.969 -> 0.0469
18057,6 fw Controll.static GIPNIMALPEG          0.0469 -> 0.295
18062,2 fw Controll.static GIPNIMALPEG           0.295 -> 0.3884
18073,5 fw Controll.static GIPNIMALPEG          0.3884 -> 0.6138
18077,6 fw player          APFNBGHAJMD               0 -> 1
18077,6 fw Controll.static GIPNIMALPEG          0.6138 -> 0.6965
18090,3 fw Controll.static GIPNIMALPEG          0.6965 -> 0.9488
18094,6 fw Controll.static MKFDGFOCKNO         17.8271 -> 17.8771
18094,6 fw Controll.static LEKCBKLAILO         17.8771 -> 17.9271
18094,6 fw Controll.static OFJKHAFJIMA          0.0021 -> 0.0016
18094,6 fw Controll.static GIPNIMALPEG          0.9488 -> 0.035
18106,4 fw Controll.static GIPNIMALPEG           0.035 -> 0.2708
18111,2 fw Controll.static GIPNIMALPEG          0.2708 -> 0.3667
18123,5 fw Controll.static BFEOOOMMGLK               0 -> 1
18123,5 fw Controll.static MNHBPCOOMLE        77377010 -> 77377092
18123,5 fw Controll.static GIPNIMALPEG          0.3667 -> 0.6136
18126,5 fw Controll.static BFEOOOMMGLK               1 -> 0
18126,6 fw Controll.static GIPNIMALPEG          0.6136 -> 0.6748
18140,0 fw Controll.static GIPNIMALPEG          0.6748 -> 0.9436
18144,5 fw Controll.static MKFDGFOCKNO         17.8771 -> 17.9271
18144,5 fw Controll.static LEKCBKLAILO         17.9271 -> 17.9771
18144,5 fw Controll.static OFJKHAFJIMA          0.0016 -> 0.0015
18144,5 fw Controll.static GIPNIMALPEG          0.9436 -> 0.0334
18156,8 fw Controll.static GIPNIMALPEG          0.0334 -> 0.2799
18160,8 fw Controll.static GIPNIMALPEG          0.2799 -> 0.3602
18173,4 fw Controll.static GIPNIMALPEG          0.3602 -> 0.6108
18178,1 fw Controll.static GIPNIMALPEG          0.6108 -> 0.7052
18189,9 fw Controll.static GIPNIMALPEG          0.7052 -> 0.9416
18193,5 fw Controll.static MKFDGFOCKNO         17.9271 -> 17.9771
18193,5 fw Controll.static LEKCBKLAILO         17.9771 -> 18.0271
18193,5 fw Controll.static OFJKHAFJIMA          0.0015 -> 0.0005
18193,5 fw Controll.static GIPNIMALPEG          0.9416 -> 0.0128
18206,7 fw Controll.static BFEOOOMMGLK               0 -> 1
18206,7 fw Controll.static MNHBPCOOMLE        77377092 -> 77377175
18206,7 fw Controll.static GIPNIMALPEG          0.0128 -> 0.2778
18210,8 fw Controll.static BFEOOOMMGLK               1 -> 0
18210,8 fw Controll.static GIPNIMALPEG          0.2778 -> 0.3602
18222,7 fw Controll.static GIPNIMALPEG          0.3602 -> 0.5974
18227,5 fw Controll.static GIPNIMALPEG          0.5974 -> 0.6941
18237,1 fw Controll.static GIPNIMALPEG          0.6941 -> 0.8856
18244,2 fw Controll.static MKFDGFOCKNO         17.9771 -> 18.0271
18244,2 fw Controll.static LEKCBKLAILO         18.0271 -> 18.0771
18244,2 fw Controll.static OFJKHAFJIMA          0.0005 -> 0.0011
18244,2 fw Controll.static GIPNIMALPEG          0.8856 -> 0.0256
18252,2 fw Controll.static GIPNIMALPEG          0.0256 -> 0.1879
18258,7 fw Controll.static GIPNIMALPEG          0.1879 -> 0.3177
18266,3 fw Controll.static GIPNIMALPEG          0.3177 -> 0.469
18274,5 fw Controll.static GIPNIMALPEG           0.469 -> 0.6328
18281,1 fw Controll.static GIPNIMALPEG          0.6328 -> 0.7644
18290,4 fw Controll.static BFEOOOMMGLK               0 -> 1
18290,4 fw Controll.static MNHBPCOOMLE        77377175 -> 77377259
18290,4 fw Controll.static GIPNIMALPEG          0.7644 -> 0.952
18294,6 fw Controll.static BFEOOOMMGLK               1 -> 0
18294,6 fw Controll.static MKFDGFOCKNO         18.0271 -> 18.0771
18294,6 fw Controll.static LEKCBKLAILO         18.0771 -> 18.1271
18294,6 fw Controll.static OFJKHAFJIMA          0.0011 -> 0.0017
18294,7 fw Controll.static GIPNIMALPEG           0.952 -> 0.0363
18305,9 fw Controll.static GIPNIMALPEG          0.0363 -> 0.2615
18311,0 fw Controll.static GIPNIMALPEG          0.2615 -> 0.3628
18322,3 fw Controll.static GIPNIMALPEG          0.3628 -> 0.589
18326,7 fw Controll.static GIPNIMALPEG           0.589 -> 0.6759
18339,5 fw Controll.static GIPNIMALPEG          0.6759 -> 0.9322
18342,3 fw Controll.static GIPNIMALPEG          0.9322 -> 0.9902
18356,4 fw Controll.static MKFDGFOCKNO         18.0771 -> 18.1271
18356,4 fw Controll.static LEKCBKLAILO         18.1271 -> 18.1771
18356,4 fw Controll.static OFJKHAFJIMA          0.0017 -> 0.0134
18356,4 fw Controll.static GIPNIMALPEG          0.9902 -> 0.2716
18359,7 fw Controll.static GIPNIMALPEG          0.2716 -> 0.3375
18373,4 fw Controll.static BFEOOOMMGLK               0 -> 1
18373,4 fw Controll.static MNHBPCOOMLE        77377259 -> 77377342
18373,5 fw Controll.static GIPNIMALPEG          0.3375 -> 0.6118
18377,7 fw Controll.static BFEOOOMMGLK               1 -> 0
18377,7 fw Controll.static GIPNIMALPEG          0.6118 -> 0.698
18389,7 fw player          LBKINNIDKEC               1 -> 0
18389,7 fw Controll.static GIPNIMALPEG           0.698 -> 0.937
18394,7 fw Controll.static MKFDGFOCKNO         18.1271 -> 18.1771
18394,7 fw Controll.static LEKCBKLAILO         18.1771 -> 18.2271
18394,7 fw Controll.static OFJKHAFJIMA          0.0134 -> 0.0017
18394,7 fw Controll.static GIPNIMALPEG           0.937 -> 0.0379
18405,5 fw Controll.static GIPNIMALPEG          0.0379 -> 0.253
18409,7 fw Controll.static GIPNIMALPEG           0.253 -> 0.3377
18419,6 fw Controll.static GIPNIMALPEG          0.3377 -> 0.5331
18427,3 fw Controll.static GIPNIMALPEG          0.5331 -> 0.6888
18433,1 fw Controll.static GIPNIMALPEG          0.6888 -> 0.8042
18441,7 fw Controll.static GIPNIMALPEG          0.8042 -> 0.977
18447,6 fw Controll.static MKFDGFOCKNO         18.1771 -> 18.2271
18447,6 fw Controll.static LEKCBKLAILO         18.2271 -> 18.2771
18447,6 fw Controll.static OFJKHAFJIMA          0.0017 -> 0.0046
18447,6 fw Controll.static GIPNIMALPEG           0.977 -> 0.0949
18457,1 fw Controll.static BFEOOOMMGLK               0 -> 1
18457,1 fw Controll.static MNHBPCOOMLE        77377342 -> 77377426
18457,1 fw Controll.static GIPNIMALPEG          0.0949 -> 0.2847
18461,8 fw Controll.static BFEOOOMMGLK               1 -> 0
18461,8 fw Controll.static GIPNIMALPEG          0.2847 -> 0.3789
18472,6 fw Controll.static GIPNIMALPEG          0.3789 -> 0.5945
18477,0 fw Controll.static GIPNIMALPEG          0.5945 -> 0.6833
18489,3 fw Controll.static GIPNIMALPEG          0.6833 -> 0.9285
18492,7 fw Controll.static DGNDKAKOEPD        77376514 -> 77377378
18492,7 fw Controll.static BEJBLGGGOCC       294636584 -> 294637582
18492,7 fw Controll.static JELGPAKAJPE             229 -> 95
18492,7 fw Controll.static EENJPDHGGGC         17.4094 -> 18.2737
18492,7 fw Controll.static GIPNIMALPEG          0.9285 -> 0.9969
18506,5 fw Controll.static MKFDGFOCKNO         18.2271 -> 18.2771
18506,5 fw Controll.static LEKCBKLAILO         18.2771 -> 18.3271
18506,5 fw Controll.static OFJKHAFJIMA          0.0046 -> 0.0134
18506,5 fw Controll.static GIPNIMALPEG          0.9969 -> 0.2728
18514,4 fw Controll.static GIPNIMALPEG          0.2728 -> 0.3652
18522,6 fw Controll.static GIPNIMALPEG          0.3652 -> 0.5946
18527,5 fw Controll.static GIPNIMALPEG          0.5946 -> 0.6921
18539,3 fw Controll.static BFEOOOMMGLK               0 -> 1
18539,3 fw Controll.static MNHBPCOOMLE        77377426 -> 77377508
18539,3 fw Controll.static GIPNIMALPEG          0.6921 -> 0.9298
18542,6 fw Controll.static BFEOOOMMGLK               1 -> 0
18542,7 fw Controll.static GIPNIMALPEG          0.9298 -> 0.9955
18555,9 fw Controll.static MKFDGFOCKNO         18.2771 -> 18.3271
18555,9 fw Controll.static LEKCBKLAILO         18.3271 -> 18.3771
18555,9 fw Controll.static OFJKHAFJIMA          0.0134 -> 0.0129
18555,9 fw Controll.static GIPNIMALPEG          0.9955 -> 0.2611
18560,4 fw Controll.static GIPNIMALPEG          0.2611 -> 0.3516
18572,3 fw Controll.static GIPNIMALPEG          0.3516 -> 0.5896
18575,8 fw Controll.static GIPNIMALPEG          0.5896 -> 0.6598
18588,3 fw Controll.static GIPNIMALPEG          0.6598 -> 0.9093
18592,6 fw Controll.static GIPNIMALPEG          0.9093 -> 0.9955
18602,5 fw Controll.static MKFDGFOCKNO         18.3271 -> 18.3771
18602,5 fw Controll.static LEKCBKLAILO         18.3771 -> 18.4271
18602,5 fw Controll.static OFJKHAFJIMA          0.0129 -> 0.0095
18602,5 fw Controll.static GIPNIMALPEG          0.9955 -> 0.1929
18610,5 fw Controll.static GIPNIMALPEG          0.1929 -> 0.3525
18615,5 fw Controll.static GIPNIMALPEG          0.3525 -> 0.4522
18625,3 fw Controll.static BFEOOOMMGLK               0 -> 1
18625,3 fw Controll.static MNHBPCOOMLE        77377508 -> 77377594
18625,3 fw Controll.static GIPNIMALPEG          0.4522 -> 0.6485
18630,7 fw Controll.static BFEOOOMMGLK               1 -> 0
18630,8 fw Controll.static GIPNIMALPEG          0.6485 -> 0.7584
18640,4 fw Controll.static GIPNIMALPEG          0.7584 -> 0.9518
18646,1 fw Controll.static MKFDGFOCKNO         18.3771 -> 18.4271
18646,1 fw Controll.static LEKCBKLAILO         18.4271 -> 18.4771
18646,1 fw Controll.static OFJKHAFJIMA          0.0095 -> 0.0031
18646,1 fw Controll.static GIPNIMALPEG          0.9518 -> 0.0655
18655,9 fw Controll.static GIPNIMALPEG          0.0655 -> 0.2604
18661,4 fw Controll.static GIPNIMALPEG          0.2604 -> 0.3716
18671,8 fw Controll.static GIPNIMALPEG          0.3716 -> 0.5789
18675,4 fw Controll.static GIPNIMALPEG          0.5789 -> 0.6514
18688,0 fw Controll.static GIPNIMALPEG          0.6514 -> 0.9023
18692,7 fw Controll.static GIPNIMALPEG          0.9023 -> 0.9968
18702,1 fw Controll.static MKFDGFOCKNO         18.4271 -> 18.4771
18702,1 fw Controll.static LEKCBKLAILO         18.4771 -> 18.5271
18702,2 fw Controll.static OFJKHAFJIMA          0.0031 -> 0.0091
18702,2 fw Controll.static GIPNIMALPEG          0.9968 -> 0.1859
18709,7 fw Controll.static BFEOOOMMGLK               0 -> 1
18709,7 fw Controll.static MNHBPCOOMLE        77377594 -> 77377678
18709,7 fw Controll.static GIPNIMALPEG          0.1859 -> 0.3372
18715,1 fw Controll.static BFEOOOMMGLK               1 -> 0
18715,1 fw Controll.static GIPNIMALPEG          0.3372 -> 0.4445
18724,5 fw Controll.static GIPNIMALPEG          0.4445 -> 0.633
18730,5 fw Controll.static GIPNIMALPEG           0.633 -> 0.7523
18738,9 fw Controll.static GIPNIMALPEG          0.7523 -> 0.9215
18745,5 fw Controll.static MKFDGFOCKNO         18.4771 -> 18.5272
18745,5 fw Controll.static LEKCBKLAILO         18.5271 -> 18.5772
18745,5 fw Controll.static OFJKHAFJIMA          0.0091 -> 0.0024
18745,5 fw Controll.static GIPNIMALPEG          0.9215 -> 0.0521
18755,1 fw Controll.static GIPNIMALPEG          0.0521 -> 0.2441
18759,2 fw Controll.static GIPNIMALPEG          0.2441 -> 0.3273
18771,8 fw Controll.static GIPNIMALPEG          0.3273 -> 0.5787
18775,0 fw Controll.static GIPNIMALPEG          0.5787 -> 0.6421
18788,0 fw Controll.static GIPNIMALPEG          0.6421 -> 0.9025
18793,7 fw Controll.static BFEOOOMMGLK               0 -> 1
18793,7 fw Controll.static MKFDGFOCKNO         18.5272 -> 18.5772
18793,7 fw Controll.static LEKCBKLAILO         18.5772 -> 18.6272
18793,7 fw Controll.static OFJKHAFJIMA          0.0024 -> 0.0008
18793,7 fw Controll.static MNHBPCOOMLE        77377678 -> 77377762
18793,7 fw Controll.static GIPNIMALPEG          0.9025 -> 0.0168
18804,3 fw Controll.static BFEOOOMMGLK               1 -> 0
18804,3 fw Controll.static GIPNIMALPEG          0.0168 -> 0.2295
18808,2 fw Controll.static GIPNIMALPEG          0.2295 -> 0.3076
18818,4 fw Controll.static GIPNIMALPEG          0.3076 -> 0.5102
18825,0 fw Controll.static GIPNIMALPEG          0.5102 -> 0.6429
18833,2 fw Controll.static GIPNIMALPEG          0.6429 -> 0.8061
18839,7 fw Controll.static GIPNIMALPEG          0.8061 -> 0.9365
18847,3 fw Controll.static MKFDGFOCKNO         18.5772 -> 18.6272
18847,4 fw Controll.static LEKCBKLAILO         18.6272 -> 18.6772
18847,4 fw Controll.static OFJKHAFJIMA          0.0008 -> 0.0043
18847,4 fw Controll.static GIPNIMALPEG          0.9365 -> 0.0897
18855,2 fw Controll.static GIPNIMALPEG          0.0897 -> 0.2459
18862,9 fw Controll.static GIPNIMALPEG          0.2459 -> 0.4005
18871,5 fw Controll.static GIPNIMALPEG          0.4005 -> 0.5733
18876,5 fw Controll.static BFEOOOMMGLK               0 -> 1
18876,5 fw Controll.static MNHBPCOOMLE        77377762 -> 77377845
18876,5 fw Controll.static GIPNIMALPEG          0.5733 -> 0.6729
18887,8 fw Controll.static BFEOOOMMGLK               1 -> 0
18887,9 fw Controll.static GIPNIMALPEG          0.6729 -> 0.8986
18891,8 fw Controll.static GIPNIMALPEG          0.8986 -> 0.9791
18904,6 fw Controll.static MKFDGFOCKNO         18.6272 -> 18.6772
18904,6 fw Controll.static LEKCBKLAILO         18.6772 -> 18.7272
18904,6 fw Controll.static OFJKHAFJIMA          0.0043 -> 0.0114
18904,6 fw Controll.static GIPNIMALPEG          0.9791 -> 0.2336
18908,8 fw Controll.static GIPNIMALPEG          0.2336 -> 0.319
18920,8 fw Controll.static GIPNIMALPEG           0.319 -> 0.5575
18924,4 fw Controll.static GIPNIMALPEG          0.5575 -> 0.6302
18935,2 fw Controll.static GIPNIMALPEG          0.6302 -> 0.8444
18941,0 fw Controll.static GIPNIMALPEG          0.8444 -> 0.9623
18950,4 fw player          APFNBGHAJMD               1 -> 0
18950,4 fw Controll.static MKFDGFOCKNO         18.6772 -> 18.7272
18950,4 fw Controll.static LEKCBKLAILO         18.7272 -> 18.7772
18950,4 fw Controll.static OFJKHAFJIMA          0.0114 -> 0.0073
18950,5 fw Controll.static GIPNIMALPEG          0.9623 -> 0.1491
18956,4 fw Controll.static MNHBPCOOMLE        77377845 -> 77378095
18956,4 fw Controll.static GIPNIMALPEG          0.1491 -> 0.271
18963,9 fw Controll.static GIPNIMALPEG           0.271 -> 0.4217
18972,0 fw Controll.static GIPNIMALPEG          0.4217 -> 0.5829
18978,6 fw Controll.static GIPNIMALPEG          0.5829 -> 0.7153
18987,4 fw Controll.static GIPNIMALPEG          0.7153 -> 0.8902
18992,2 fw Controll.static GIPNIMALPEG          0.8902 -> 0.986
19001,2 fw Controll.static MKFDGFOCKNO         18.7272 -> 18.7772
19001,2 fw Controll.static LEKCBKLAILO         18.7772 -> 18.8272
19001,2 fw Controll.static OFJKHAFJIMA          0.0073 -> 0.0082
19001,2 fw Controll.static GIPNIMALPEG           0.986 -> 0.1668
19008,3 fw Controll.static GIPNIMALPEG          0.1668 -> 0.3085
19016,1 fw Controll.static GIPNIMALPEG          0.3085 -> 0.4633
19022,3 fw Controll.static GIPNIMALPEG          0.4633 -> 0.5892
19031,4 fw Controll.static GIPNIMALPEG          0.5892 -> 0.768
19039,0 fw Controll.static GIPNIMALPEG           0.768 -> 0.9219
19046,0 fw Controll.static MKFDGFOCKNO         18.7772 -> 18.8272
19046,0 fw Controll.static LEKCBKLAILO         18.8272 -> 18.8772
19046,0 fw Controll.static OFJKHAFJIMA          0.0082 -> 0.0029
19046,0 fw Controll.static GIPNIMALPEG          0.9219 -> 0.0619
19054,5 fw Controll.static GIPNIMALPEG          0.0619 -> 0.233
19059,3 fw Controll.static GIPNIMALPEG           0.233 -> 0.3288
19071,0 fw Controll.static GIPNIMALPEG          0.3288 -> 0.5619
19074,0 fw Controll.static GIPNIMALPEG          0.5619 -> 0.6222
19087,1 fw Controll.static GIPNIMALPEG          0.6222 -> 0.8842
19091,6 fw Controll.static GIPNIMALPEG          0.8842 -> 0.9749
19101,0 fw Controll.static MKFDGFOCKNO         18.8272 -> 18.8772
19101,0 fw Controll.static LEKCBKLAILO         18.8772 -> 18.9272
19101,0 fw Controll.static OFJKHAFJIMA          0.0029 -> 0.008
19101,0 fw Controll.static GIPNIMALPEG          0.9749 -> 0.163
19107,5 fw Controll.static GIPNIMALPEG           0.163 -> 0.2924
19115,0 fw Controll.static GIPNIMALPEG          0.2924 -> 0.442
19122,1 fw player          APFNBGHAJMD               0 -> 1
19122,2 fw Controll.static GIPNIMALPEG           0.442 -> 0.5855
19129,7 fw Controll.static GIPNIMALPEG          0.5855 -> 0.7359
19136,9 fw Controll.static GIPNIMALPEG          0.7359 -> 0.8808
19142,7 fw Controll.static GIPNIMALPEG          0.8808 -> 0.9967
19151,5 fw Controll.static MKFDGFOCKNO         18.8772 -> 18.9272
19151,5 fw Controll.static LEKCBKLAILO         18.9272 -> 18.9772
19151,5 fw Controll.static OFJKHAFJIMA           0.008 -> 0.0083
19151,5 fw Controll.static GIPNIMALPEG          0.9967 -> 0.1713
19157,8 fw Controll.static GIPNIMALPEG          0.1713 -> 0.297
19165,5 fw Controll.static GIPNIMALPEG           0.297 -> 0.4524
19172,9 fw Controll.static GIPNIMALPEG          0.4524 -> 0.5994
19179,3 fw Controll.static GIPNIMALPEG          0.5994 -> 0.728
19189,7 fw Controll.static GIPNIMALPEG           0.728 -> 0.9359
19189,7 fw Controll        KOPOBDGHLFL               0 -> 1
19189,7 fw Controll        CLEHDNFKJPB          10.088 -> 15.8492
19193,4 fw Controll.static MKFDGFOCKNO         18.9272 -> 18.9772
19193,4 fw Controll.static LEKCBKLAILO         18.9772 -> 19.0272
19193,4 fw Controll.static OFJKHAFJIMA          0.0083 -> 0.0004
19193,4 fw Controll.static GIPNIMALPEG          0.9359 -> 0.011
19203,8 fw Controll.static GIPNIMALPEG           0.011 -> 0.219
19209,3 fw Controll.static GIPNIMALPEG           0.219 -> 0.3284
19217,7 fw Controll.static GIPNIMALPEG          0.3284 -> 0.4951
19224,5 fw Controll.static GIPNIMALPEG          0.4951 -> 0.6331
19232,3 fw Controll.static GIPNIMALPEG          0.6331 -> 0.7871
19238,3 fw Controll.static GIPNIMALPEG          0.7871 -> 0.9083
19247,0 fw Controll.static MKFDGFOCKNO         18.9772 -> 19.0272
19247,0 fw Controll.static LEKCBKLAILO         19.0272 -> 19.0772
19247,0 fw Controll.static OFJKHAFJIMA          0.0004 -> 0.0039
19247,0 fw Controll.static GIPNIMALPEG          0.9083 -> 0.0821
19254,9 fw Controll.static GIPNIMALPEG          0.0821 -> 0.2397
19262,1 fw Controll.static GIPNIMALPEG          0.2397 -> 0.384
19270,6 fw Controll.static GIPNIMALPEG           0.384 -> 0.5537
19274,7 fw Controll.static GIPNIMALPEG          0.5537 -> 0.6357
19286,8 fw Controll.static GIPNIMALPEG          0.6357 -> 0.8774
19290,7 fw Controll.static GIPNIMALPEG          0.8774 -> 0.9541
19303,3 fw Controll.static MKFDGFOCKNO         19.0272 -> 19.0772
19303,3 fw Controll.static LEKCBKLAILO         19.0772 -> 19.1272
19303,3 fw Controll.static OFJKHAFJIMA          0.0039 -> 0.0103
19303,3 fw Controll.static GIPNIMALPEG          0.9541 -> 0.2087
19307,3 fw Controll.static GIPNIMALPEG          0.2087 -> 0.2884
19320,1 fw Controll.static GIPNIMALPEG          0.2884 -> 0.543
19323,1 fw Controll.static GIPNIMALPEG           0.543 -> 0.6033
19337,1 fw Controll.static GIPNIMALPEG          0.6033 -> 0.883
19340,2 fw Controll.static GIPNIMALPEG           0.883 -> 0.9456
19353,7 fw Controll.static MKFDGFOCKNO         19.0772 -> 19.1272
19353,7 fw Controll.static LEKCBKLAILO         19.1272 -> 19.1772
19353,7 fw Controll.static OFJKHAFJIMA          0.0103 -> 0.0106
19353,7 fw Controll.static GIPNIMALPEG          0.9456 -> 0.2151
19356,8 fw Controll.static GIPNIMALPEG          0.2151 -> 0.278
19370,0 fw Controll.static GIPNIMALPEG           0.278 -> 0.5416
19373,6 fw Controll.static GIPNIMALPEG          0.5416 -> 0.6143
19386,2 fw Controll.static GIPNIMALPEG          0.6143 -> 0.8661
19390,7 fw Controll.static GIPNIMALPEG          0.8661 -> 0.9551
19399,8 fw Controll.static MKFDGFOCKNO         19.1272 -> 19.1772
19399,8 fw Controll.static LEKCBKLAILO         19.1772 -> 19.2272
19399,8 fw Controll.static OFJKHAFJIMA          0.0106 -> 0.0067
19399,8 fw Controll.static GIPNIMALPEG          0.9551 -> 0.1372
19406,4 fw Controll.static GIPNIMALPEG          0.1372 -> 0.2708
19414,0 fw Controll.static GIPNIMALPEG          0.2708 -> 0.4216
19421,3 fw Controll.static GIPNIMALPEG          0.4216 -> 0.5684
19428,9 fw Controll.static GIPNIMALPEG          0.5684 -> 0.7196
19436,4 fw Controll.static GIPNIMALPEG          0.7196 -> 0.8702
19442,1 fw Controll.static DJACNOGOCKD               0 -> 1
19442,1 fw Controll.static FBINCNDDPAO               0 -> 15.8536
19442,1 fw Controll.static ILGHFLMKMCO               0 -> 17.8536
19442,1 fw Controll.static JADIDAJFOGK               0 -> 0.31
19442,1 fw Controll.static GIPNIMALPEG          0.8702 -> 0.9833
19442,1 fw Controll        KOPOBDGHLFL               1 -> 0
19453,5 fw Controll.static MKFDGFOCKNO         19.1772 -> 19.2272
19453,5 fw Controll.static LEKCBKLAILO         19.2272 -> 19.2772
19453,5 fw Controll.static OFJKHAFJIMA          0.0067 -> 0.0104
19453,5 fw Controll.static GIPNIMALPEG          0.9833 -> 0.2112
19456,6 fw Controll.static GIPNIMALPEG          0.2112 -> 0.2735
19469,6 fw Controll.static GIPNIMALPEG          0.2735 -> 0.534
19473,0 fw Controll.static GIPNIMALPEG           0.534 -> 0.6025
19483,2 fw Controll.static GIPNIMALPEG          0.6025 -> 0.8062
19490,4 fw Controll.static GIPNIMALPEG          0.8062 -> 0.9505
19497,2 fw Controll.static DGNDKAKOEPD        77377378 -> 77378380
19497,2 fw Controll.static BEJBLGGGOCC       294637582 -> 294638590
19497,2 fw Controll.static JELGPAKAJPE              95 -> 91
19497,2 fw Controll.static EENJPDHGGGC         18.2737 -> 19.2749
19497,2 fw Controll.static MKFDGFOCKNO         19.2272 -> 19.2772
19497,2 fw Controll.static LEKCBKLAILO         19.2772 -> 19.3272
19497,2 fw Controll.static OFJKHAFJIMA          0.0104 -> 0.0042
19497,3 fw Controll.static GIPNIMALPEG          0.9505 -> 0.0865
19505,3 fw Controll.static GIPNIMALPEG          0.0865 -> 0.2471
19510,7 fw Controll.static GIPNIMALPEG          0.2471 -> 0.3551
19519,6 fw Controll.static GIPNIMALPEG          0.3551 -> 0.5332
19525,0 fw Controll.static GIPNIMALPEG          0.5332 -> 0.6411
19536,2 fw Controll.static GIPNIMALPEG          0.6411 -> 0.8647
19539,7 fw Controll.static GIPNIMALPEG          0.8647 -> 0.9345
19554,1 fw Controll.static MKFDGFOCKNO         19.2772 -> 19.3272
19554,1 fw Controll.static LEKCBKLAILO         19.3272 -> 19.3772
19554,1 fw Controll.static OFJKHAFJIMA          0.0042 -> 0.0109
19554,1 fw Controll.static GIPNIMALPEG          0.9345 -> 0.2235
19557,5 fw Controll.static GIPNIMALPEG          0.2235 -> 0.2907
19569,8 fw Controll.static GIPNIMALPEG          0.2907 -> 0.5377
19574,0 fw Controll.static GIPNIMALPEG          0.5377 -> 0.6212
19585,6 fw Controll.static GIPNIMALPEG          0.6212 -> 0.8546
19589,6 fw Controll.static GIPNIMALPEG          0.8546 -> 0.9345
19599,5 fw Controll.static MKFDGFOCKNO         19.3272 -> 19.3772
19599,5 fw Controll.static LEKCBKLAILO         19.3772 -> 19.4272
19599,5 fw Controll.static OFJKHAFJIMA          0.0109 -> 0.0063
19599,6 fw Controll.static GIPNIMALPEG          0.9345 -> 0.1311
19605,7 fw player          APFNBGHAJMD               1 -> 0
19605,8 fw Controll.static GIPNIMALPEG          0.1311 -> 0.2564
19614,5 fw Controll.static GIPNIMALPEG          0.2564 -> 0.4305
19620,6 fw Controll.static GIPNIMALPEG          0.4305 -> 0.5528
19629,0 fw Controll.static GIPNIMALPEG          0.5528 -> 0.7215
19636,1 fw Controll.static GIPNIMALPEG          0.7215 -> 0.8624
19642,3 fw Controll.static GIPNIMALPEG          0.8624 -> 0.9868
19650,1 fw Controll.static MKFDGFOCKNO         19.3772 -> 19.4272
19650,1 fw Controll.static LEKCBKLAILO         19.4272 -> 19.4772
19650,1 fw Controll.static OFJKHAFJIMA          0.0063 -> 0.007
19650,1 fw Controll.static GIPNIMALPEG          0.9868 -> 0.1428
19656,2 fw Controll.static GIPNIMALPEG          0.1428 -> 0.2654
19664,0 fw Controll.static GIPNIMALPEG          0.2654 -> 0.4215
19671,0 fw Controll.static GIPNIMALPEG          0.4215 -> 0.5613
19678,6 fw Controll.static GIPNIMALPEG          0.5613 -> 0.7129
19685,9 fw Controll.static GIPNIMALPEG          0.7129 -> 0.8606
19691,7 fw Controll.static GIPNIMALPEG          0.8606 -> 0.9741
19699,6 fw Controll.static MKFDGFOCKNO         19.4272 -> 19.4772
19699,6 fw Controll.static LEKCBKLAILO         19.4772 -> 19.5272
19699,6 fw Controll.static OFJKHAFJIMA           0.007 -> 0.0065
19699,6 fw Controll.static GIPNIMALPEG          0.9741 -> 0.1328
19706,1 fw player          APFNBGHAJMD               0 -> 1
19706,2 fw Controll.static GIPNIMALPEG          0.1328 -> 0.264
19714,2 fw Controll.static GIPNIMALPEG           0.264 -> 0.4238
19720,5 fw Controll.static GIPNIMALPEG          0.4238 -> 0.5507
19728,1 fw Controll.static GIPNIMALPEG          0.5507 -> 0.7029
19735,8 fw Controll.static GIPNIMALPEG          0.7029 -> 0.8566
19741,4 fw Controll.static GIPNIMALPEG          0.8566 -> 0.9703
19752,4 fw Controll.static MKFDGFOCKNO         19.4772 -> 19.5272
19752,4 fw Controll.static LEKCBKLAILO         19.5272 -> 19.5772
19752,4 fw Controll.static OFJKHAFJIMA          0.0065 -> 0.0093
19752,5 fw Controll.static GIPNIMALPEG          0.9703 -> 0.1902
19755,7 fw Controll.static GIPNIMALPEG          0.1902 -> 0.2546
19769,3 fw Controll.static GIPNIMALPEG          0.2546 -> 0.5265
19772,3 fw Controll.static GIPNIMALPEG          0.5265 -> 0.5877
19785,2 fw Controll.static GIPNIMALPEG          0.5877 -> 0.8449
19788,9 fw Controll.static GIPNIMALPEG          0.8449 -> 0.9201
19799,1 fw Controll.static MKFDGFOCKNO         19.5272 -> 19.5772
19799,1 fw Controll.static LEKCBKLAILO         19.5772 -> 19.6272
19799,1 fw Controll.static OFJKHAFJIMA          0.0093 -> 0.0059
19799,1 fw Controll.static GIPNIMALPEG          0.9201 -> 0.1233
19805,0 fw Controll.static GIPNIMALPEG          0.1233 -> 0.2407
19813,2 fw Controll.static GIPNIMALPEG          0.2407 -> 0.4046
19820,1 fw Controll.static GIPNIMALPEG          0.4046 -> 0.5434
19827,5 fw Controll.static GIPNIMALPEG          0.5434 -> 0.6905
19836,0 fw Controll.static GIPNIMALPEG          0.6905 -> 0.8612
19840,5 fw Controll.static GIPNIMALPEG          0.8612 -> 0.9511
19852,7 fw Controll.static MKFDGFOCKNO         19.5772 -> 19.6272
19852,7 fw Controll.static LEKCBKLAILO         19.6272 -> 19.6772
19852,7 fw Controll.static OFJKHAFJIMA          0.0059 -> 0.0096
19852,7 fw Controll.static GIPNIMALPEG          0.9511 -> 0.1958
19855,4 fw Controll.static GIPNIMALPEG          0.1958 -> 0.25
19868,1 fw Controll.static GIPNIMALPEG            0.25 -> 0.5035
19872,9 fw Controll.static GIPNIMALPEG          0.5035 -> 0.5985
19881,5 fw Controll.static GIPNIMALPEG          0.5985 -> 0.7709
19887,9 fw Controll.static GIPNIMALPEG          0.7709 -> 0.9
19895,1 fw Controll.static MKFDGFOCKNO         19.6272 -> 19.6772
19895,1 fw Controll.static LEKCBKLAILO         19.6772 -> 19.7272
19895,1 fw Controll.static OFJKHAFJIMA          0.0096 -> 0.0021
19895,2 fw Controll.static GIPNIMALPEG             0.9 -> 0.0442
19902,0 fw Controll.static GIPNIMALPEG          0.0442 -> 0.1804
19909,2 fw Controll.static GIPNIMALPEG          0.1804 -> 0.3247
19915,0 fw Controll.static GIPNIMALPEG          0.3247 -> 0.4416
19923,0 fw Controll.static GIPNIMALPEG          0.4416 -> 0.601
19929,0 fw Controll.static GIPNIMALPEG           0.601 -> 0.7198
19937,3 fw Controll.static GIPNIMALPEG          0.7198 -> 0.8875
19942,3 fw Controll.static GIPNIMALPEG          0.8875 -> 0.9877
19952,1 fw Controll.static MKFDGFOCKNO         19.6772 -> 19.7272
19952,1 fw Controll.static LEKCBKLAILO         19.7272 -> 19.7772
19952,1 fw Controll.static OFJKHAFJIMA          0.0021 -> 0.009
19952,1 fw Controll.static GIPNIMALPEG          0.9877 -> 0.1831
19956,1 fw Controll.static GIPNIMALPEG          0.1831 -> 0.2643
19968,0 fw Controll.static GIPNIMALPEG          0.2643 -> 0.5004
19973,4 fw Controll.static GIPNIMALPEG          0.5004 -> 0.609
19985,0 fw Controll.static GIPNIMALPEG           0.609 -> 0.84
19989,7 fw Controll.static GIPNIMALPEG            0.84 -> 0.9348
19998,6 fw Controll.static MKFDGFOCKNO         19.7272 -> 19.7772
19998,6 fw Controll.static LEKCBKLAILO         19.7772 -> 19.8272
19998,6 fw Controll.static OFJKHAFJIMA           0.009 -> 0.0054
19998,6 fw Controll.static GIPNIMALPEG          0.9348 -> 0.1126
20004,5 fw Controll.static GIPNIMALPEG          0.1126 -> 0.2309
20012,9 fw Controll.static GIPNIMALPEG          0.2309 -> 0.3979
20019,4 fw Controll.static GIPNIMALPEG          0.3979 -> 0.5292
20027,3 fw Controll.static GIPNIMALPEG          0.5292 -> 0.6868
20035,8 fw Controll.static GIPNIMALPEG          0.6868 -> 0.8563
20040,8 fw Controll.static GIPNIMALPEG          0.8563 -> 0.9557
20051,6 fw Controll.static MKFDGFOCKNO         19.7772 -> 19.8272
20051,6 fw Controll.static LEKCBKLAILO         19.8272 -> 19.8772
20051,6 fw Controll.static OFJKHAFJIMA          0.0054 -> 0.0085
20051,6 fw Controll.static GIPNIMALPEG          0.9557 -> 0.1722
20055,1 fw Controll.static GIPNIMALPEG          0.1722 -> 0.2431
20067,6 fw Controll.static GIPNIMALPEG          0.2431 -> 0.493
20071,9 fw Controll.static GIPNIMALPEG           0.493 -> 0.5799
20081,1 fw Controll.static GIPNIMALPEG          0.5799 -> 0.7629
20087,3 fw Controll.static GIPNIMALPEG          0.7629 -> 0.8862
20095,5 fw Controll.static MKFDGFOCKNO         19.8272 -> 19.8772
20095,5 fw Controll.static LEKCBKLAILO         19.8772 -> 19.9272
20095,5 fw Controll.static OFJKHAFJIMA          0.0085 -> 0.0023
20095,5 fw Controll.static GIPNIMALPEG          0.8862 -> 0.0495
20101,7 fw Controll.static GIPNIMALPEG          0.0495 -> 0.1755
20109,7 fw Controll.static GIPNIMALPEG          0.1755 -> 0.3352
20118,2 fw Controll.static GIPNIMALPEG          0.3352 -> 0.5039
20122,3 fw Controll.static GIPNIMALPEG          0.5039 -> 0.5871
20131,8 fw Controll.static GIPNIMALPEG          0.5871 -> 0.7767
20137,9 fw Controll.static GIPNIMALPEG          0.7767 -> 0.8982
20145,7 fw Controll.static MKFDGFOCKNO         19.8772 -> 19.9272
20145,7 fw Controll.static LEKCBKLAILO         19.9272 -> 19.9772
20145,7 fw Controll.static OFJKHAFJIMA          0.0023 -> 0.0025
20145,7 fw Controll.static GIPNIMALPEG          0.8982 -> 0.054
20153,2 fw Controll.static GIPNIMALPEG           0.054 -> 0.2056
20158,6 fw Controll.static GIPNIMALPEG          0.2056 -> 0.3119
20167,4 fw Controll.static GIPNIMALPEG          0.3119 -> 0.4881
20172,9 fw Controll.static GIPNIMALPEG          0.4881 -> 0.599
20181,1 fw Controll.static GIPNIMALPEG           0.599 -> 0.7629
20188,0 fw Controll.static GIPNIMALPEG          0.7629 -> 0.9014
20195,1 fw Controll.static MKFDGFOCKNO         19.9272 -> 19.9772
20195,1 fw Controll.static LEKCBKLAILO         19.9772 -> 20.0272
20195,1 fw Controll.static OFJKHAFJIMA          0.0025 -> 0.002
20195,1 fw Controll.static GIPNIMALPEG          0.9014 -> 0.0434
20202,0 fw Controll.static GIPNIMALPEG          0.0434 -> 0.1799
20209,6 fw Controll.static GIPNIMALPEG          0.1799 -> 0.3322
20217,5 fw Controll.static GIPNIMALPEG          0.3322 -> 0.4894
20221,7 fw Controll.static GIPNIMALPEG          0.4894 -> 0.5753
20230,8 fw Controll.static GIPNIMALPEG          0.5753 -> 0.7569
20237,3 fw Controll.static GIPNIMALPEG          0.7569 -> 0.8859
20244,9 fw Controll.static MKFDGFOCKNO         19.9772 -> 20.0273
20244,9 fw Controll.static LEKCBKLAILO         20.0272 -> 20.0773
20244,9 fw Controll.static OFJKHAFJIMA           0.002 -> 0.0016
20244,9 fw Controll.static GIPNIMALPEG          0.8859 -> 0.0374
20252,4 fw Controll.static GIPNIMALPEG          0.0374 -> 0.1883
20258,1 fw Controll.static GIPNIMALPEG          0.1883 -> 0.3021
20268,1 fw Controll.static GIPNIMALPEG          0.3021 -> 0.5021
20273,2 fw Controll.static GIPNIMALPEG          0.5021 -> 0.6047
20283,6 fw Controll.static GIPNIMALPEG          0.6047 -> 0.8119
20288,2 fw Controll.static GIPNIMALPEG          0.8119 -> 0.9053
20301,7 fw Controll.static MKFDGFOCKNO         20.0273 -> 20.0773
20301,7 fw Controll.static LEKCBKLAILO         20.0773 -> 20.1273
20301,7 fw Controll.static OFJKHAFJIMA          0.0016 -> 0.0085
20301,7 fw Controll.static GIPNIMALPEG          0.9053 -> 0.1737
20304,4 fw Controll.static GIPNIMALPEG          0.1737 -> 0.2283
20317,4 fw Controll.static GIPNIMALPEG          0.2283 -> 0.4895
20320,6 fw Controll.static GIPNIMALPEG          0.4895 -> 0.5527
20331,6 fw Controll.static GIPNIMALPEG          0.5527 -> 0.7725
20337,3 fw Controll.static GIPNIMALPEG          0.7725 -> 0.8853
20345,1 fw Controll.static MKFDGFOCKNO         20.0773 -> 20.1273
20345,1 fw Controll.static LEKCBKLAILO         20.1273 -> 20.1773
20345,1 fw Controll.static OFJKHAFJIMA          0.0085 -> 0.002
20345,1 fw Controll.static GIPNIMALPEG          0.8853 -> 0.0434
20352,0 fw Controll.static GIPNIMALPEG          0.0434 -> 0.1809
20359,1 fw Controll.static GIPNIMALPEG          0.1809 -> 0.3237
20367,0 fw Controll.static GIPNIMALPEG          0.3237 -> 0.48
20372,1 fw Controll.static GIPNIMALPEG            0.48 -> 0.583
20383,5 fw Controll.static GIPNIMALPEG           0.583 -> 0.8113
20386,7 fw Controll.static GIPNIMALPEG          0.8113 -> 0.8741
20400,7 fw Controll.static MKFDGFOCKNO         20.1273 -> 20.1773
20400,7 fw Controll.static LEKCBKLAILO         20.1773 -> 20.2273
20400,7 fw Controll.static OFJKHAFJIMA           0.002 -> 0.0075
20400,7 fw Controll.static GIPNIMALPEG          0.8741 -> 0.1544
20404,0 fw Controll.static GIPNIMALPEG          0.1544 -> 0.2198
20417,2 fw Controll.static GIPNIMALPEG          0.2198 -> 0.4846
20420,7 fw Controll.static GIPNIMALPEG          0.4846 -> 0.554
20433,9 fw Controll.static GIPNIMALPEG           0.554 -> 0.8185
20437,0 fw Controll.static GIPNIMALPEG          0.8185 -> 0.8812
20450,7 fw Controll.static MKFDGFOCKNO         20.1773 -> 20.2273
20450,7 fw Controll.static LEKCBKLAILO         20.2273 -> 20.2773
20450,8 fw Controll.static GIPNIMALPEG          0.8812 -> 0.1552
20454,1 fw Controll.static GIPNIMALPEG          0.1552 -> 0.2223
20467,0 fw Controll.static GIPNIMALPEG          0.2223 -> 0.4806
20471,4 fw Controll.static GIPNIMALPEG          0.4806 -> 0.569
20481,1 fw Controll.static GIPNIMALPEG           0.569 -> 0.7633
20487,1 fw Controll.static GIPNIMALPEG          0.7633 -> 0.8826
20495,4 fw Controll.static DGNDKAKOEPD        77378380 -> 77379376
20495,4 fw Controll.static BEJBLGGGOCC       294638590 -> 294639587
20495,4 fw Controll.static JELGPAKAJPE              91 -> 87
20495,4 fw Controll.static EENJPDHGGGC         19.2749 -> 20.2715
20495,5 fw Controll.static MKFDGFOCKNO         20.2273 -> 20.2773
20495,5 fw Controll.static LEKCBKLAILO         20.2773 -> 20.3273
20495,5 fw Controll.static OFJKHAFJIMA          0.0075 -> 0.0022
20495,5 fw Controll.static GIPNIMALPEG          0.8826 -> 0.0471
20501,4 fw Controll.static GIPNIMALPEG          0.0471 -> 0.1679
20509,8 fw Controll.static GIPNIMALPEG          0.1679 -> 0.3369
20516,6 fw Controll.static GIPNIMALPEG          0.3369 -> 0.4735
20523,2 fw Controll.static GIPNIMALPEG          0.4735 -> 0.6048
20531,1 fw Controll.static GIPNIMALPEG          0.6048 -> 0.7622
20536,6 fw Controll.static GIPNIMALPEG          0.7622 -> 0.8719
20545,4 fw Controll.static MKFDGFOCKNO         20.2773 -> 20.3273
20545,4 fw Controll.static LEKCBKLAILO         20.3273 -> 20.3773
20545,4 fw Controll.static GIPNIMALPEG          0.8719 -> 0.0487
20553,0 fw Controll.static GIPNIMALPEG          0.0487 -> 0.2002
20558,2 fw Controll.static GIPNIMALPEG          0.2002 -> 0.3053
20567,8 fw Controll.static GIPNIMALPEG          0.3053 -> 0.4962
20573,5 fw Controll.static GIPNIMALPEG          0.4962 -> 0.6101
20583,1 fw Controll.static GIPNIMALPEG          0.6101 -> 0.8018
20587,4 fw Controll.static GIPNIMALPEG          0.8018 -> 0.8885
20597,2 fw Controll.static MKFDGFOCKNO         20.3273 -> 20.3773
20597,2 fw Controll.static LEKCBKLAILO         20.3773 -> 20.4273
20597,2 fw Controll.static OFJKHAFJIMA          0.0022 -> 0.004
20597,2 fw Controll.static GIPNIMALPEG          0.8885 -> 0.0847
20602,6 fw Controll.static GIPNIMALPEG          0.0847 -> 0.1922
20612,0 fw Controll.static GIPNIMALPEG          0.1922 -> 0.3809
20618,2 fw Controll.static GIPNIMALPEG          0.3809 -> 0.5039
20626,3 fw Controll.static GIPNIMALPEG          0.5039 -> 0.6674
20634,8 fw Controll.static ILGHFLMKMCO         17.8536 -> 17.1449
20634,8 fw Controll.static CKLMDECPAGK               0 -> 17.4449
20634,8 fw Controll.static DBMGNKNGFLL               0 -> 1
20634,8 fw Controll.static OINJNFHMDFE               0 -> 0.3548
20634,8 fw Controll.static _JFKCDODJALP_k__BackingField            0 -> 1
20634,8 fw Controll.static GIPNIMALPEG          0.6674 -> 0.8368
20634,8 fw Controll.static JBKBOPCCIBM               0 -> 1
20639,2 fw Controll.static GIPNIMALPEG          0.8368 -> 0.9237
20650,3 fw Controll.static MKFDGFOCKNO         20.3773 -> 20.4273
20650,3 fw Controll.static LEKCBKLAILO         20.4273 -> 20.4773
20650,3 fw Controll.static OFJKHAFJIMA           0.004 -> 0.0071
20650,3 fw Controll.static GIPNIMALPEG          0.9237 -> 0.146
20654,9 fw Controll.static GIPNIMALPEG           0.146 -> 0.2387
20665,8 fw Controll.static GIPNIMALPEG          0.2387 -> 0.456
20670,2 fw Controll.static GIPNIMALPEG           0.456 -> 0.5438
20679,3 fw Controll.static GIPNIMALPEG          0.5438 -> 0.7263
20685,6 fw Controll.static GIPNIMALPEG          0.7263 -> 0.8528
20694,2 fw Controll.static MKFDGFOCKNO         20.4273 -> 20.4773
20694,2 fw Controll.static LEKCBKLAILO         20.4773 -> 20.5273
20694,2 fw Controll.static OFJKHAFJIMA          0.0071 -> 0.001
20694,2 fw Controll.static GIPNIMALPEG          0.8528 -> 0.0236
20700,2 fw Controll.static GIPNIMALPEG          0.0236 -> 0.1451
20708,4 fw Controll.static GIPNIMALPEG          0.1451 -> 0.3084
20717,0 fw Controll.static GIPNIMALPEG          0.3084 -> 0.48
20721,6 fw Controll.static GIPNIMALPEG            0.48 -> 0.5712
20733,6 fw Controll.static GIPNIMALPEG          0.5712 -> 0.8121
20737,3 fw Controll.static DJACNOGOCKD               1 -> 0
20737,3 fw Controll.static _JFKCDODJALP_k__BackingField            1 -> 0
20737,3 fw Controll.static GIPNIMALPEG          0.8121 -> 0.8858
20737,3 fw Controll.static JBKBOPCCIBM               1 -> 0
20749,8 # net: TcpClient.Connected = True
20749,9 fw Controll.static MKFDGFOCKNO         20.4773 -> 20.5273
20749,9 fw Controll.static LEKCBKLAILO         20.5273 -> 20.5773
20749,9 fw Controll.static OFJKHAFJIMA           0.001 -> 0.0067
20749,9 fw Controll.static GIPNIMALPEG          0.8858 -> 0.1367
20754,2 fw Controll.static GIPNIMALPEG          0.1367 -> 0.2242
20765,6 fw Controll.static GIPNIMALPEG          0.2242 -> 0.4527
20770,4 fw Controll.static GIPNIMALPEG          0.4527 -> 0.5483
20779,3 fw Controll.static GIPNIMALPEG          0.5483 -> 0.7265
20786,9 fw Controll.static GIPNIMALPEG          0.7265 -> 0.8783
20793,3 fw Controll.static MKFDGFOCKNO         20.5273 -> 20.5773
20793,3 fw Controll.static LEKCBKLAILO         20.5773 -> 20.6273
20793,3 fw Controll.static OFJKHAFJIMA          0.0067 -> 0
20793,3 fw Controll.static GIPNIMALPEG          0.8783 -> 0.0053
20801,2 fw Controll.static GIPNIMALPEG          0.0053 -> 0.1652
20806,6 fw Controll.static GIPNIMALPEG          0.1652 -> 0.2728
20816,2 fw Controll.static GIPNIMALPEG          0.2728 -> 0.464
20821,6 fw Controll.static GIPNIMALPEG           0.464 -> 0.5728
20833,2 fw Controll.static GIPNIMALPEG          0.5728 -> 0.8047
20836,3 fw Controll.static GIPNIMALPEG          0.8047 -> 0.8654
20849,9 fw Controll.static MKFDGFOCKNO         20.5773 -> 20.6273
20849,9 fw Controll.static LEKCBKLAILO         20.6273 -> 20.6773
20849,9 fw Controll.static OFJKHAFJIMA               0 -> 0.0067
20849,9 fw Controll.static GIPNIMALPEG          0.8654 -> 0.1376
20853,1 fw Controll.static GIPNIMALPEG          0.1376 -> 0.2015
20866,1 fw Controll.static GIPNIMALPEG          0.2015 -> 0.461
20869,7 fw Controll.static GIPNIMALPEG           0.461 -> 0.535
20879,4 fw Controll.static GIPNIMALPEG           0.535 -> 0.7284
20887,1 fw Controll.static GIPNIMALPEG          0.7284 -> 0.882
20893,4 fw Controll.static MKFDGFOCKNO         20.6273 -> 20.6773
20893,4 fw Controll.static LEKCBKLAILO         20.6773 -> 20.7273
20893,4 fw Controll.static OFJKHAFJIMA          0.0067 -> 0.0001
20893,4 fw Controll.static GIPNIMALPEG           0.882 -> 0.0075
20901,1 fw Controll.static GIPNIMALPEG          0.0075 -> 0.1628
20906,8 fw Controll.static GIPNIMALPEG          0.1628 -> 0.2751
20915,8 fw Controll.static GIPNIMALPEG          0.2751 -> 0.4566
20920,4 fw Controll.static GIPNIMALPEG          0.4566 -> 0.5481
20932,4 fw player          APFNBGHAJMD               1 -> 0
20932,4 fw Controll.static GIPNIMALPEG          0.5481 -> 0.7881
20935,5 fw Controll.static GIPNIMALPEG          0.7881 -> 0.8492
20949,4 fw Controll.static MKFDGFOCKNO         20.6773 -> 20.7273
20949,4 fw Controll.static LEKCBKLAILO         20.7273 -> 20.7773
20949,4 fw Controll.static OFJKHAFJIMA          0.0001 -> 0.0062
20949,4 fw Controll.static GIPNIMALPEG          0.8492 -> 0.1278
20951,9 fw Controll.static GIPNIMALPEG          0.1278 -> 0.1776
20965,2 fw Controll.static GIPNIMALPEG          0.1776 -> 0.4452
20970,0 fw Controll.static GIPNIMALPEG          0.4452 -> 0.5383
20978,7 fw Controll.static GIPNIMALPEG          0.5383 -> 0.7137
20985,5 fw Controll.static GIPNIMALPEG          0.7137 -> 0.8492
20992,8 fw Controll.static GIPNIMALPEG          0.8492 -> 0.9945
21000,2 fw Controll.static MKFDGFOCKNO         20.7273 -> 20.7773
21000,2 fw Controll.static LEKCBKLAILO         20.7773 -> 20.8273
21000,2 fw Controll.static OFJKHAFJIMA          0.0062 -> 0.0069
21000,2 fw Controll.static GIPNIMALPEG          0.9945 -> 0.1431
21006,1 fw Controll.static GIPNIMALPEG          0.1431 -> 0.2624
21015,8 fw Controll.static GIPNIMALPEG          0.2624 -> 0.4544
21019,7 fw player          APFNBGHAJMD               0 -> 1
21019,7 fw Controll.static GIPNIMALPEG          0.4544 -> 0.5339
21032,8 fw Controll.static GIPNIMALPEG          0.5339 -> 0.7959
21035,8 fw Controll.static GIPNIMALPEG          0.7959 -> 0.8556
21049,2 fw Controll.static MKFDGFOCKNO         20.7773 -> 20.8273
21049,2 fw Controll.static LEKCBKLAILO         20.8273 -> 20.8773
21049,2 fw Controll.static OFJKHAFJIMA          0.0069 -> 0.0061
21049,2 fw Controll.static GIPNIMALPEG          0.8556 -> 0.1239
21052,1 fw Controll.static GIPNIMALPEG          0.1239 -> 0.1828
21065,2 fw Controll.static GIPNIMALPEG          0.1828 -> 0.4444
21069,1 fw Controll.static GIPNIMALPEG          0.4444 -> 0.523
21082,0 fw Controll.static GIPNIMALPEG           0.523 -> 0.7799
21085,0 fw Controll.static GIPNIMALPEG          0.7799 -> 0.8402
21096,4 fw Controll.static MKFDGFOCKNO         20.8273 -> 20.8773
21096,4 fw Controll.static LEKCBKLAILO         20.8773 -> 20.9273
21096,4 fw Controll.static OFJKHAFJIMA          0.0061 -> 0.0032
21096,4 fw Controll.static GIPNIMALPEG          0.8402 -> 0.0675
21102,7 fw Controll.static GIPNIMALPEG          0.0675 -> 0.1934
21110,5 fw Controll.static GIPNIMALPEG          0.1934 -> 0.3484
21116,9 fw Controll.static GIPNIMALPEG          0.3484 -> 0.4769
21127,1 fw Controll.static GIPNIMALPEG          0.4769 -> 0.6813
21134,2 fw Controll.static GIPNIMALPEG          0.6813 -> 0.8246
21141,3 fw Controll.static GIPNIMALPEG          0.8246 -> 0.9647
21149,5 fw Controll.static MKFDGFOCKNO         20.8773 -> 20.9273
21149,5 fw Controll.static LEKCBKLAILO         20.9273 -> 20.9773
21149,5 fw Controll.static OFJKHAFJIMA          0.0032 -> 0.0062
21149,5 fw Controll.static GIPNIMALPEG          0.9647 -> 0.1286
21154,4 fw Controll.static GIPNIMALPEG          0.1286 -> 0.2269
21164,9 fw Controll.static GIPNIMALPEG          0.2269 -> 0.4385
21169,9 fw Controll.static GIPNIMALPEG          0.4385 -> 0.5373
21178,2 fw Controll.static GIPNIMALPEG          0.5373 -> 0.7028
21185,7 fw Controll.static GIPNIMALPEG          0.7028 -> 0.8528
21191,8 fw Controll.static GIPNIMALPEG          0.8528 -> 0.9767
21200,2 fw Controll.static MKFDGFOCKNO         20.9273 -> 20.9773
21200,2 fw Controll.static LEKCBKLAILO         20.9773 -> 21.0273
21200,2 fw Controll.static OFJKHAFJIMA          0.0062 -> 0.007
21200,2 fw Controll.static GIPNIMALPEG          0.9767 -> 0.144
21205,4 fw Controll.static GIPNIMALPEG           0.144 -> 0.2473
21215,2 fw Controll.static GIPNIMALPEG          0.2473 -> 0.4432
21219,8 fw Controll.static GIPNIMALPEG          0.4432 -> 0.5359
21231,8 fw Controll.static GIPNIMALPEG          0.5359 -> 0.775
21235,3 fw Controll.static GIPNIMALPEG           0.775 -> 0.8462
21245,1 fw Controll.static MKFDGFOCKNO         20.9773 -> 21.0273
21245,1 fw Controll.static LEKCBKLAILO         21.0273 -> 21.0773
21245,1 fw Controll.static OFJKHAFJIMA           0.007 -> 0.002
21245,1 fw Controll.static GIPNIMALPEG          0.8462 -> 0.0423
21252,9 fw Controll.static GIPNIMALPEG          0.0423 -> 0.1968
21258,6 fw Controll.static GIPNIMALPEG          0.1968 -> 0.3103
21268,9 fw Controll.static BFEOOOMMGLK               0 -> 1
21269,0 fw Controll.static MNHBPCOOMLE        77378095 -> 77380237
21269,0 fw Controll.static GIPNIMALPEG          0.3103 -> 0.5174
21273,5 fw Controll.static BFEOOOMMGLK               1 -> 0
21273,5 fw Controll.static GIPNIMALPEG          0.5174 -> 0.61
21284,3 fw Controll.static GIPNIMALPEG            0.61 -> 0.8255
21289,9 fw Controll.static GIPNIMALPEG          0.8255 -> 0.9385
21298,7 fw Controll.static MKFDGFOCKNO         21.0273 -> 21.0773
21298,7 fw Controll.static LEKCBKLAILO         21.0773 -> 21.1273
21298,7 fw Controll.static OFJKHAFJIMA           0.002 -> 0.0055
21298,7 fw Controll.static GIPNIMALPEG          0.9385 -> 0.1138
21304,8 fw Controll.static GIPNIMALPEG          0.1138 -> 0.2351
21314,9 fw Controll.static GIPNIMALPEG          0.2351 -> 0.4376
21318,5 fw Controll.static GIPNIMALPEG          0.4376 -> 0.5098
21329,2 fw Controll.static GIPNIMALPEG          0.5098 -> 0.7227
21335,1 fw Controll.static GIPNIMALPEG          0.7227 -> 0.8409
21344,2 fw Controll.static MKFDGFOCKNO         21.0773 -> 21.1273
21344,2 fw Controll.static LEKCBKLAILO         21.1273 -> 21.1773
21344,2 fw Controll.static OFJKHAFJIMA          0.0055 -> 0.0009
21344,2 fw Controll.static GIPNIMALPEG          0.8409 -> 0.0219
21351,6 fw Controll.static BFEOOOMMGLK               0 -> 1
21351,6 fw Controll.static MNHBPCOOMLE        77380237 -> 77380320
21351,6 fw Controll.static GIPNIMALPEG          0.0219 -> 0.1715
21357,5 fw Controll.static BFEOOOMMGLK               1 -> 0
21357,5 fw Controll.static GIPNIMALPEG          0.1715 -> 0.2902
21365,7 fw Controll.static GIPNIMALPEG          0.2902 -> 0.4538
21373,1 fw Controll.static GIPNIMALPEG          0.4538 -> 0.6011
21380,9 fw Controll.static GIPNIMALPEG          0.6011 -> 0.7585
21385,8 fw Controll.static GIPNIMALPEG          0.7585 -> 0.8547
21395,4 fw Controll.static MKFDGFOCKNO         21.1273 -> 21.1773
21395,4 fw Controll.static LEKCBKLAILO         21.1773 -> 21.2273
21395,4 fw Controll.static OFJKHAFJIMA          0.0009 -> 0.0022
21395,4 fw Controll.static GIPNIMALPEG          0.8547 -> 0.0466
21401,7 fw Controll.static GIPNIMALPEG          0.0466 -> 0.1741
21409,4 fw Controll.static GIPNIMALPEG          0.1741 -> 0.3282
21416,5 fw Controll.static GIPNIMALPEG          0.3282 -> 0.469
21423,2 fw Controll.static GIPNIMALPEG           0.469 -> 0.603
21432,0 fw Controll.static BFEOOOMMGLK               0 -> 1
21432,0 fw Controll.static MNHBPCOOMLE        77380320 -> 77380401
21432,0 fw Controll.static GIPNIMALPEG           0.603 -> 0.7794
21436,4 fw Controll.static BFEOOOMMGLK               1 -> 0
21436,4 fw Controll.static GIPNIMALPEG          0.7794 -> 0.8679
21447,6 fw Controll.static MKFDGFOCKNO         21.1773 -> 21.2273
21447,6 fw Controll.static LEKCBKLAILO         21.2273 -> 21.2773
21447,6 fw Controll.static OFJKHAFJIMA          0.0022 -> 0.0044
21447,6 fw Controll.static GIPNIMALPEG          0.8679 -> 0.0916
21452,9 fw Controll.static GIPNIMALPEG          0.0916 -> 0.1969
21461,3 fw Controll.static GIPNIMALPEG          0.1969 -> 0.3647
21468,2 fw Controll.static GIPNIMALPEG          0.3647 -> 0.5039
21476,0 fw Controll.static GIPNIMALPEG          0.5039 -> 0.6589
21482,5 fw Controll.static GIPNIMALPEG          0.6589 -> 0.7889
21490,3 fw Controll.static DGNDKAKOEPD        77379376 -> 77380372
21490,3 fw Controll.static BEJBLGGGOCC       294639587 -> 294640584
21490,3 fw Controll.static JELGPAKAJPE              87 -> 88
21490,3 fw Controll.static EENJPDHGGGC         20.2715 -> 21.2669
21490,3 fw Controll.static GIPNIMALPEG          0.7889 -> 0.9458
21497,6 fw Controll.static MKFDGFOCKNO         21.2273 -> 21.2773
21497,6 fw Controll.static LEKCBKLAILO         21.2773 -> 21.3273
21497,6 fw Controll.static GIPNIMALPEG          0.9458 -> 0.0908
21504,2 fw Controll.static GIPNIMALPEG          0.0908 -> 0.2237
21514,6 fw Controll.static BFEOOOMMGLK               0 -> 1
21514,6 fw Controll.static MNHBPCOOMLE        77380401 -> 77380483
21514,6 fw Controll.static GIPNIMALPEG          0.2237 -> 0.4308
21517,5 fw Controll.static BFEOOOMMGLK               1 -> 0
21517,6 fw Controll.static GIPNIMALPEG          0.4308 -> 0.4904
21531,4 fw Controll.static GIPNIMALPEG          0.4904 -> 0.7675
21534,6 fw Controll.static GIPNIMALPEG          0.7675 -> 0.8312
21547,4 fw Controll.static MKFDGFOCKNO         21.2773 -> 21.3273
21547,4 fw Controll.static LEKCBKLAILO         21.3273 -> 21.3773
21547,5 fw Controll.static OFJKHAFJIMA          0.0044 -> 0.0042
21547,5 fw Controll.static GIPNIMALPEG          0.8312 -> 0.0882
21552,0 fw Controll.static GIPNIMALPEG          0.0882 -> 0.1785
21563,8 fw Controll.static GIPNIMALPEG          0.1785 -> 0.4144
21567,8 fw Controll.static GIPNIMALPEG          0.4144 -> 0.495
21581,3 fw Controll.static GIPNIMALPEG           0.495 -> 0.7643
21583,8 fw Controll.static GIPNIMALPEG          0.7643 -> 0.8154
21598,1 fw Controll.static BFEOOOMMGLK               0 -> 1
21598,1 fw Controll.static MKFDGFOCKNO         21.3273 -> 21.3773
21598,1 fw Controll.static LEKCBKLAILO         21.3773 -> 21.4273
21598,1 fw Controll.static OFJKHAFJIMA          0.0042 -> 0.005
21598,1 fw Controll.static MNHBPCOOMLE        77380483 -> 77380567
21598,1 fw Controll.static GIPNIMALPEG          0.8154 -> 0.1015
21601,2 fw Controll.static BFEOOOMMGLK               1 -> 0
21601,2 fw Controll.static GIPNIMALPEG          0.1015 -> 0.1636
21614,2 fw Controll.static GIPNIMALPEG          0.1636 -> 0.4238
21618,4 fw Controll.static GIPNIMALPEG          0.4238 -> 0.5074
21630,9 fw Controll.static GIPNIMALPEG          0.5074 -> 0.7567
21634,3 fw Controll.static GIPNIMALPEG          0.7567 -> 0.826
21647,1 fw Controll.static MKFDGFOCKNO         21.3773 -> 21.4273
21647,1 fw Controll.static LEKCBKLAILO         21.4273 -> 21.4773
21647,1 fw Controll.static OFJKHAFJIMA           0.005 -> 0.0039
21647,1 fw Controll.static GIPNIMALPEG           0.826 -> 0.0815
21651,9 fw Controll.static GIPNIMALPEG          0.0815 -> 0.1759
21660,4 fw Controll.static GIPNIMALPEG          0.1759 -> 0.3472
21666,9 fw Controll.static GIPNIMALPEG          0.3472 -> 0.4766
21676,2 fw Controll.static GIPNIMALPEG          0.4766 -> 0.6623
21682,7 fw Controll.static BFEOOOMMGLK               0 -> 1
21682,7 fw Controll.static MNHBPCOOMLE        77380567 -> 77380651
21682,7 fw Controll.static GIPNIMALPEG          0.6623 -> 0.7933
21691,3 fw Controll.static BFEOOOMMGLK               1 -> 0
21691,3 fw Controll.static GIPNIMALPEG          0.7933 -> 0.9646
21698,7 fw Controll.static MKFDGFOCKNO         21.4273 -> 21.4773
21698,7 fw Controll.static LEKCBKLAILO         21.4773 -> 21.5273
21698,7 fw Controll.static OFJKHAFJIMA          0.0039 -> 0.0055
21698,7 fw Controll.static GIPNIMALPEG          0.9646 -> 0.1133
21704,9 fw Controll.static GIPNIMALPEG          0.1133 -> 0.2373
21714,0 fw Controll.static GIPNIMALPEG          0.2373 -> 0.4191
21718,9 fw Controll.static GIPNIMALPEG          0.4191 -> 0.5177
21730,7 fw Controll.static GIPNIMALPEG          0.5177 -> 0.7532
21735,6 fw Controll.static GIPNIMALPEG          0.7532 -> 0.8504
21746,8 fw Controll.static MKFDGFOCKNO         21.4773 -> 21.5273
21746,8 fw Controll.static LEKCBKLAILO         21.5273 -> 21.5773
21746,8 fw Controll.static OFJKHAFJIMA          0.0055 -> 0.0036
21746,8 fw Controll.static GIPNIMALPEG          0.8504 -> 0.075
21751,0 fw Controll.static GIPNIMALPEG           0.075 -> 0.1585
21764,1 fw Controll.static BFEOOOMMGLK               0 -> 1
21764,2 fw Controll.static MNHBPCOOMLE        77380651 -> 77380733
21764,2 fw Controll.static GIPNIMALPEG          0.1585 -> 0.421
21767,9 fw Controll.static BFEOOOMMGLK               1 -> 0
21767,9 fw Controll.static GIPNIMALPEG           0.421 -> 0.4975
21780,8 fw Controll.static GIPNIMALPEG          0.4975 -> 0.7548
21785,1 fw Controll.static GIPNIMALPEG          0.7548 -> 0.8401
21797,1 fw Controll.static MKFDGFOCKNO         21.5273 -> 21.5773
21797,1 fw Controll.static LEKCBKLAILO         21.5773 -> 21.6273
21797,1 fw Controll.static OFJKHAFJIMA          0.0036 -> 0.0039
21797,1 fw Controll.static GIPNIMALPEG          0.8401 -> 0.0803
21800,8 fw Controll.static GIPNIMALPEG          0.0803 -> 0.1545
21813,6 fw Controll.static GIPNIMALPEG          0.1545 -> 0.4113
21817,2 fw Controll.static GIPNIMALPEG          0.4113 -> 0.4833
21830,4 fw Controll.static GIPNIMALPEG          0.4833 -> 0.746
21833,8 fw Controll.static GIPNIMALPEG           0.746 -> 0.8159
21847,4 fw Controll.static BFEOOOMMGLK               0 -> 1
21847,4 fw Controll.static MKFDGFOCKNO         21.5773 -> 21.6273
21847,4 fw Controll.static LEKCBKLAILO         21.6273 -> 21.6773
21847,4 fw Controll.static OFJKHAFJIMA          0.0039 -> 0.0042
21847,4 fw Controll.static MNHBPCOOMLE        77380733 -> 77380816
21847,4 fw Controll.static GIPNIMALPEG          0.8159 -> 0.0859
21851,3 fw Controll.static BFEOOOMMGLK               1 -> 0
21851,3 fw Controll.static GIPNIMALPEG          0.0859 -> 0.1646
21863,0 fw Controll.static GIPNIMALPEG          0.1646 -> 0.3988
21867,3 fw Controll.static GIPNIMALPEG          0.3988 -> 0.4848
21877,3 fw Controll.static GIPNIMALPEG          0.4848 -> 0.6833
21883,5 fw Controll.static GIPNIMALPEG          0.6833 -> 0.8083
21892,7 fw Controll.static GIPNIMALPEG          0.8083 -> 0.9911
21898,8 fw Controll.static MKFDGFOCKNO         21.6273 -> 21.6774
21898,8 fw Controll.static LEKCBKLAILO         21.6773 -> 21.7274
21898,8 fw Controll.static OFJKHAFJIMA          0.0042 -> 0.0056
21898,9 fw Controll.static GIPNIMALPEG          0.9911 -> 0.1158
21906,4 fw Controll.static GIPNIMALPEG          0.1158 -> 0.2678
21914,3 fw Controll.static GIPNIMALPEG          0.2678 -> 0.4254
21920,5 fw Controll.static GIPNIMALPEG          0.4254 -> 0.5487
21930,5 fw Controll.static BFEOOOMMGLK               0 -> 1
21930,5 fw Controll.static MNHBPCOOMLE        77380816 -> 77380899
21930,6 fw Controll.static GIPNIMALPEG          0.5487 -> 0.7493
21934,4 fw Controll.static BFEOOOMMGLK               1 -> 0
21934,4 fw Controll.static GIPNIMALPEG          0.7493 -> 0.8263
21946,5 fw Controll.static MKFDGFOCKNO         21.6774 -> 21.7274
21946,5 fw Controll.static LEKCBKLAILO         21.7274 -> 21.7774
21946,5 fw Controll.static OFJKHAFJIMA          0.0056 -> 0.0033
21946,5 fw Controll.static GIPNIMALPEG          0.8263 -> 0.0686
21951,2 fw Controll.static GIPNIMALPEG          0.0686 -> 0.1628
21962,7 fw Controll.static GIPNIMALPEG          0.1628 -> 0.3933
21966,5 fw Controll.static GIPNIMALPEG          0.3933 -> 0.4693
21976,9 fw Controll.static GIPNIMALPEG          0.4693 -> 0.6759
21983,5 fw Controll.static GIPNIMALPEG          0.6759 -> 0.8079
21991,4 fw Controll.static GIPNIMALPEG          0.8079 -> 0.9659
21997,8 fw Controll.static MKFDGFOCKNO         21.7274 -> 21.7774
21997,8 fw Controll.static LEKCBKLAILO         21.7774 -> 21.8274
21997,8 fw Controll.static OFJKHAFJIMA          0.0033 -> 0.0045
21997,8 fw Controll.static GIPNIMALPEG          0.9659 -> 0.0943
22005,4 fw Controll.static GIPNIMALPEG          0.0943 -> 0.2466
22014,1 fw Controll.static BFEOOOMMGLK               0 -> 1
22014,1 fw Controll.static MNHBPCOOMLE        77380899 -> 77380983
22014,1 fw Controll.static GIPNIMALPEG          0.2466 -> 0.4208
22018,7 fw Controll.static BFEOOOMMGLK               1 -> 0
22018,7 fw Controll.static GIPNIMALPEG          0.4208 -> 0.5125
22030,3 fw Controll.static GIPNIMALPEG          0.5125 -> 0.7439
22034,4 fw Controll.static GIPNIMALPEG          0.7439 -> 0.8268
22046,5 fw Controll.static MKFDGFOCKNO         21.7774 -> 21.8274
22046,5 fw Controll.static LEKCBKLAILO         21.8274 -> 21.8774
22046,5 fw Controll.static OFJKHAFJIMA          0.0045 -> 0.0032
22046,5 fw Controll.static GIPNIMALPEG          0.8268 -> 0.0689
22051,3 fw Controll.static GIPNIMALPEG          0.0689 -> 0.1651
22062,5 fw Controll.static GIPNIMALPEG          0.1651 -> 0.3888
22066,4 fw Controll.static GIPNIMALPEG          0.3888 -> 0.4673
22079,8 fw Controll.static GIPNIMALPEG          0.4673 -> 0.7355
22083,4 fw Controll.static GIPNIMALPEG          0.7355 -> 0.8063
22096,7 fw Controll.static BFEOOOMMGLK               0 -> 1
22096,7 fw Controll.static MKFDGFOCKNO         21.8274 -> 21.8774
22096,7 fw Controll.static LEKCBKLAILO         21.8774 -> 21.9274
22096,7 fw Controll.static OFJKHAFJIMA          0.0032 -> 0.0035
22096,8 fw Controll.static MNHBPCOOMLE        77380983 -> 77381065
22096,8 fw Controll.static GIPNIMALPEG          0.8063 -> 0.0731
22100,1 fw Controll.static BFEOOOMMGLK               1 -> 0
22100,1 fw Controll.static GIPNIMALPEG          0.0731 -> 0.1396
22113,4 fw Controll.static GIPNIMALPEG          0.1396 -> 0.4057
22117,4 fw Controll.static GIPNIMALPEG          0.4057 -> 0.4847
22129,8 fw Controll.static GIPNIMALPEG          0.4847 -> 0.7342
22134,1 fw Controll.static GIPNIMALPEG          0.7342 -> 0.8201
22145,6 fw Controll.static MKFDGFOCKNO         21.8774 -> 21.9274
22145,7 fw Controll.static LEKCBKLAILO         21.9274 -> 21.9774
22145,7 fw Controll.static OFJKHAFJIMA          0.0035 -> 0.0024
22145,7 fw Controll.static GIPNIMALPEG          0.8201 -> 0.0517
22150,5 fw Controll.static GIPNIMALPEG          0.0517 -> 0.1478
22162,1 fw Controll.static GIPNIMALPEG          0.1478 -> 0.3803
22166,4 fw Controll.static GIPNIMALPEG          0.3803 -> 0.4662
22180,0 fw Controll.static BFEOOOMMGLK               0 -> 1
22180,0 fw Controll.static MNHBPCOOMLE        77381065 -> 77381148
22180,0 fw Controll.static GIPNIMALPEG          0.4662 -> 0.7384
22183,0 fw Controll.static BFEOOOMMGLK               1 -> 0
22183,1 fw Controll.static GIPNIMALPEG          0.7384 -> 0.7998
22196,4 fw Controll.static MKFDGFOCKNO         21.9274 -> 21.9774
22196,4 fw Controll.static LEKCBKLAILO         21.9774 -> 22.0274
22196,4 fw Controll.static OFJKHAFJIMA          0.0024 -> 0.0031
22196,4 fw Controll.static GIPNIMALPEG          0.7998 -> 0.0659
22200,2 fw Controll.static GIPNIMALPEG          0.0659 -> 0.1427
22212,4 fw Controll.static GIPNIMALPEG          0.1427 -> 0.3869
22216,2 fw Controll.static GIPNIMALPEG          0.3869 -> 0.4626
22229,3 fw Controll.static GIPNIMALPEG          0.4626 -> 0.7235
22232,8 fw Controll.static GIPNIMALPEG          0.7235 -> 0.7957
22245,5 fw Controll.static MKFDGFOCKNO         21.9774 -> 22.0274
22245,5 fw Controll.static LEKCBKLAILO         22.0274 -> 22.0774
22245,6 fw Controll.static OFJKHAFJIMA          0.0031 -> 0.0023
22245,6 fw Controll.static GIPNIMALPEG          0.7957 -> 0.0493
22250,0 fw player          APFNBGHAJMD               1 -> 0
22250,0 fw Controll.static GIPNIMALPEG          0.0493 -> 0.1392
22263,0 fw Controll.static BFEOOOMMGLK               0 -> 1
22263,0 fw Controll.static MNHBPCOOMLE        77381148 -> 77381232
22263,0 fw Controll.static GIPNIMALPEG          0.1392 -> 0.398
22266,7 fw Controll.static BFEOOOMMGLK               1 -> 0
22266,7 fw Controll.static GIPNIMALPEG           0.398 -> 0.473
22279,1 fw Controll.static GIPNIMALPEG           0.473 -> 0.7199
22283,1 fw Controll.static GIPNIMALPEG          0.7199 -> 0.7997
22295,9 fw Controll.static MKFDGFOCKNO         22.0274 -> 22.0774
22295,9 fw Controll.static LEKCBKLAILO         22.0774 -> 22.1274
22295,9 fw Controll.static OFJKHAFJIMA          0.0023 -> 0.0026
22295,9 fw Controll.static GIPNIMALPEG          0.7997 -> 0.0556
22299,4 fw Controll.static GIPNIMALPEG          0.0556 -> 0.1268
22312,3 fw Controll.static GIPNIMALPEG          0.1268 -> 0.3848
22316,1 fw Controll.static GIPNIMALPEG          0.3848 -> 0.4612
22328,9 fw Controll.static GIPNIMALPEG          0.4612 -> 0.7171
22332,3 fw player          APFNBGHAJMD               0 -> 1
22332,3 fw Controll.static GIPNIMALPEG          0.7171 -> 0.785
22345,7 fw Controll.static BFEOOOMMGLK               0 -> 1
22345,7 fw Controll.static MKFDGFOCKNO         22.0774 -> 22.1274
22345,7 fw Controll.static LEKCBKLAILO         22.1274 -> 22.1774
22345,8 fw Controll.static MNHBPCOOMLE        77381232 -> 77381314
22345,8 fw Controll.static GIPNIMALPEG           0.785 -> 0.0531
22350,1 fw Controll.static BFEOOOMMGLK               1 -> 0
22350,1 fw Controll.static GIPNIMALPEG          0.0531 -> 0.1409
22361,9 fw Controll.static GIPNIMALPEG          0.1409 -> 0.3765
22366,0 fw Controll.static GIPNIMALPEG          0.3765 -> 0.4578
22378,8 fw Controll.static GIPNIMALPEG          0.4578 -> 0.714
22383,2 fw Controll.static GIPNIMALPEG           0.714 -> 0.802
22395,6 fw Controll.static MKFDGFOCKNO         22.1274 -> 22.1774
22395,6 fw Controll.static LEKCBKLAILO         22.1774 -> 22.2274
22395,6 fw Controll.static OFJKHAFJIMA          0.0026 -> 0.0023
22395,6 fw Controll.static GIPNIMALPEG           0.802 -> 0.0506
22399,6 fw Controll.static GIPNIMALPEG          0.0506 -> 0.1307
22412,3 fw Controll.static GIPNIMALPEG          0.1307 -> 0.384
22416,2 fw Controll.static GIPNIMALPEG           0.384 -> 0.4616
22428,9 fw Controll.static BFEOOOMMGLK               0 -> 1
22428,9 fw Controll.static MNHBPCOOMLE        77381314 -> 77381397
22428,9 fw Controll.static GIPNIMALPEG          0.4616 -> 0.7149
22432,7 fw Controll.static BFEOOOMMGLK               1 -> 0
22432,7 fw Controll.static GIPNIMALPEG          0.7149 -> 0.7931
22445,2 fw Controll.static MKFDGFOCKNO         22.1774 -> 22.2274
22445,2 fw Controll.static LEKCBKLAILO         22.2274 -> 22.2774
22445,2 fw Controll.static OFJKHAFJIMA          0.0023 -> 0.0019
22445,2 fw Controll.static GIPNIMALPEG          0.7931 -> 0.042
22450,0 fw Controll.static GIPNIMALPEG           0.042 -> 0.1376
22458,9 fw Controll.static GIPNIMALPEG          0.1376 -> 0.3161
22466,0 fw Controll.static GIPNIMALPEG          0.3161 -> 0.459
22473,8 fw Controll.static GIPNIMALPEG           0.459 -> 0.615
22480,6 fw Controll.static GIPNIMALPEG           0.615 -> 0.7497
22487,9 fw Controll.static DGNDKAKOEPD        77380372 -> 77381370
22487,9 fw Controll.static BEJBLGGGOCC       294640584 -> 294641582
22487,9 fw Controll.static JELGPAKAJPE              88 -> 86
22488,0 fw Controll.static EENJPDHGGGC         21.2669 -> 22.265
22488,0 fw Controll.static GIPNIMALPEG          0.7497 -> 0.8974
22496,4 fw Controll.static MKFDGFOCKNO         22.2274 -> 22.2774
22496,4 fw Controll.static LEKCBKLAILO         22.2774 -> 22.3274
22496,4 fw Controll.static OFJKHAFJIMA          0.0019 -> 0.0031
22496,4 fw Controll.static GIPNIMALPEG          0.8974 -> 0.0652
22502,3 fw Controll.static GIPNIMALPEG          0.0652 -> 0.1845
22512,4 fw Controll.static BFEOOOMMGLK               0 -> 1
22512,4 fw Controll.static MNHBPCOOMLE        77381397 -> 77381481
22512,4 fw Controll.static GIPNIMALPEG          0.1845 -> 0.3855
22515,8 fw Controll.static BFEOOOMMGLK               1 -> 0
22515,8 fw Controll.static GIPNIMALPEG          0.3855 -> 0.4542
22527,9 fw Controll.static GIPNIMALPEG          0.4542 -> 0.6951
22533,1 fw Controll.static GIPNIMALPEG          0.6951 -> 0.8006
22544,5 fw Controll.static MKFDGFOCKNO         22.2774 -> 22.3274
22544,5 fw Controll.static LEKCBKLAILO         22.3274 -> 22.3774
22544,5 fw Controll.static OFJKHAFJIMA          0.0031 -> 0.0013
22544,6 fw Controll.static GIPNIMALPEG          0.8006 -> 0.0291
22549,2 fw Controll.static GIPNIMALPEG          0.0291 -> 0.1215
22558,4 fw Controll.static GIPNIMALPEG          0.1215 -> 0.3049
22565,5 fw Controll.static GIPNIMALPEG          0.3049 -> 0.4479
22573,1 fw Controll.static GIPNIMALPEG          0.4479 -> 0.5996
22579,5 fw Controll.static GIPNIMALPEG          0.5996 -> 0.7277
22587,4 fw Controll.static GIPNIMALPEG          0.7277 -> 0.8857
22595,6 fw Controll.static BFEOOOMMGLK               0 -> 1
22595,6 fw Controll.static MKFDGFOCKNO         22.3274 -> 22.3774
22595,6 fw Controll.static LEKCBKLAILO         22.3774 -> 22.4274
22595,6 fw Controll.static OFJKHAFJIMA          0.0013 -> 0.0024
22595,7 fw Controll.static MNHBPCOOMLE        77381481 -> 77381564
22595,7 fw Controll.static GIPNIMALPEG          0.8857 -> 0.0509
22600,4 fw Controll.static BFEOOOMMGLK               1 -> 0
22600,4 fw Controll.static GIPNIMALPEG          0.0509 -> 0.1462
22611,5 fw Controll.static GIPNIMALPEG          0.1462 -> 0.3679
22615,9 fw Controll.static GIPNIMALPEG          0.3679 -> 0.4569
22627,7 fw Controll.static GIPNIMALPEG          0.4569 -> 0.6927
22632,5 fw Controll.static GIPNIMALPEG          0.6927 -> 0.7875
22644,6 fw Controll.static MKFDGFOCKNO         22.3774 -> 22.4274
22644,6 fw Controll.static LEKCBKLAILO         22.4274 -> 22.4774
22644,6 fw Controll.static OFJKHAFJIMA          0.0024 -> 0.0013
22644,6 fw Controll.static GIPNIMALPEG          0.7875 -> 0.0303
22647,8 fw Controll.static GIPNIMALPEG          0.0303 -> 0.0949
22661,3 fw Controll.static GIPNIMALPEG          0.0949 -> 0.3642
22665,5 fw Controll.static GIPNIMALPEG          0.3642 -> 0.4485
22678,6 fw Controll.static BFEOOOMMGLK               0 -> 1
22678,6 fw Controll.static MNHBPCOOMLE        77381564 -> 77381647
22678,6 fw Controll.static GIPNIMALPEG          0.4485 -> 0.7085
22681,4 fw Controll.static BFEOOOMMGLK               1 -> 0
22681,5 fw Controll.static GIPNIMALPEG          0.7085 -> 0.7672
22694,8 fw Controll.static MKFDGFOCKNO         22.4274 -> 22.4774
22694,8 fw Controll.static LEKCBKLAILO         22.4774 -> 22.5274
22694,8 fw Controll.static OFJKHAFJIMA          0.0013 -> 0.0016
22694,9 fw Controll.static GIPNIMALPEG          0.7672 -> 0.0348
22698,7 fw Controll.static GIPNIMALPEG          0.0348 -> 0.1109
22711,4 fw Controll.static GIPNIMALPEG          0.1109 -> 0.3654
22715,8 fw Controll.static GIPNIMALPEG          0.3654 -> 0.4532
22727,8 fw Controll.static GIPNIMALPEG          0.4532 -> 0.6935
22732,9 fw Controll.static GIPNIMALPEG          0.6935 -> 0.7952
22744,2 fw Controll.static MKFDGFOCKNO         22.4774 -> 22.5274
22744,2 fw Controll.static LEKCBKLAILO         22.5274 -> 22.5774
22744,2 fw Controll.static OFJKHAFJIMA          0.0016 -> 0.0008
22744,2 fw Controll.static GIPNIMALPEG          0.7952 -> 0.0208
22747,8 fw Controll.static GIPNIMALPEG          0.0208 -> 0.0939
22761,6 fw Controll.static BFEOOOMMGLK               0 -> 1
22761,7 fw Controll.static MNHBPCOOMLE        77381647 -> 77381730
22761,7 fw Controll.static GIPNIMALPEG          0.0939 -> 0.3704
22765,6 fw Controll.static BFEOOOMMGLK               1 -> 0
22765,6 fw Controll.static GIPNIMALPEG          0.3704 -> 0.4495
22777,9 fw Controll.static GIPNIMALPEG          0.4495 -> 0.6959
22782,1 fw Controll.static GIPNIMALPEG          0.6959 -> 0.7805
22794,6 fw Controll.static MKFDGFOCKNO         22.5274 -> 22.5774
22794,6 fw Controll.static LEKCBKLAILO         22.5774 -> 22.6274
22794,6 fw Controll.static OFJKHAFJIMA          0.0008 -> 0.0013
22794,6 fw Controll.static GIPNIMALPEG          0.7805 -> 0.0297
22798,2 fw Controll.static GIPNIMALPEG          0.0297 -> 0.1001
22811,1 fw Controll.static GIPNIMALPEG          0.1001 -> 0.3602
22815,8 fw Controll.static GIPNIMALPEG          0.3602 -> 0.4536
22827,1 fw Controll.static GIPNIMALPEG          0.4536 -> 0.6795
22831,0 fw Controll.static GIPNIMALPEG          0.6795 -> 0.7565
22841,4 fw Controll.static BFEOOOMMGLK               0 -> 1
22841,4 fw Controll.static MNHBPCOOMLE        77381730 -> 77381810
22841,4 fw Controll.static GIPNIMALPEG          0.7565 -> 0.9654
22847,7 fw Controll.static BFEOOOMMGLK               1 -> 0
22847,7 fw Controll.static MKFDGFOCKNO         22.5774 -> 22.6274
22847,7 fw Controll.static LEKCBKLAILO         22.6274 -> 22.6774
22847,7 fw Controll.static OFJKHAFJIMA          0.0013 -> 0.0044
22847,8 fw Controll.static GIPNIMALPEG          0.9654 -> 0.0924
22857,0 fw Controll.static GIPNIMALPEG          0.0924 -> 0.2773
22863,0 fw Controll.static GIPNIMALPEG          0.2773 -> 0.397
22871,1 fw Controll.static GIPNIMALPEG           0.397 -> 0.5575
22878,0 fw Controll.static GIPNIMALPEG          0.5575 -> 0.6982
22885,6 fw Controll.static GIPNIMALPEG          0.6982 -> 0.8493
22894,4 fw Controll.static MKFDGFOCKNO         22.6274 -> 22.6774
22894,4 fw Controll.static LEKCBKLAILO         22.6774 -> 22.7274
22894,4 fw Controll.static OFJKHAFJIMA          0.0044 -> 0.001
22894,4 fw Controll.static GIPNIMALPEG          0.8493 -> 0.0249
22898,7 fw Controll.static GIPNIMALPEG          0.0249 -> 0.1119
22910,9 fw player          APFNBGHAJMD               1 -> 0
22910,9 fw Controll.static GIPNIMALPEG          0.1119 -> 0.3553
22914,8 fw Controll.static GIPNIMALPEG          0.3553 -> 0.4341
22927,5 fw Controll.static BFEOOOMMGLK               0 -> 1
22927,5 fw Controll.static MNHBPCOOMLE        77381810 -> 77381896
22927,5 fw Controll.static GIPNIMALPEG          0.4341 -> 0.6872
22931,6 fw Controll.static BFEOOOMMGLK               1 -> 0
22931,6 fw Controll.static GIPNIMALPEG          0.6872 -> 0.7695
22943,8 fw Controll.static MKFDGFOCKNO         22.6774 -> 22.7274
22943,8 fw Controll.static LEKCBKLAILO         22.7274 -> 22.7774
22943,8 fw Controll.static OFJKHAFJIMA           0.001 -> 0.0005
22943,8 fw Controll.static GIPNIMALPEG          0.7695 -> 0.0139
22947,5 fw Controll.static GIPNIMALPEG          0.0139 -> 0.0884
22960,5 fw Controll.static GIPNIMALPEG          0.0884 -> 0.3484
22963,6 fw Controll.static GIPNIMALPEG          0.3484 -> 0.4102
22978,0 fw Controll.static GIPNIMALPEG          0.4102 -> 0.6976
22980,7 fw Controll.static GIPNIMALPEG          0.6976 -> 0.7523
22993,9 fw Controll.static MKFDGFOCKNO         22.7274 -> 22.7774
22993,9 fw Controll.static LEKCBKLAILO         22.7774 -> 22.8274
22994,0 fw Controll.static OFJKHAFJIMA          0.0005 -> 0.0007
22994,0 fw Controll.static GIPNIMALPEG          0.7523 -> 0.0165
22998,4 fw Controll.static GIPNIMALPEG          0.0165 -> 0.1053
23011,1 fw Controll.static BFEOOOMMGLK               0 -> 1
23011,2 fw Controll.static MNHBPCOOMLE        77381896 -> 77381980
23011,2 fw Controll.static GIPNIMALPEG          0.1053 -> 0.3605
23014,0 fw Controll.static BFEOOOMMGLK               1 -> 0
23014,0 fw Controll.static GIPNIMALPEG          0.3605 -> 0.4172
23026,5 fw Controll.static GIPNIMALPEG          0.4172 -> 0.6683
23031,8 fw Controll.static GIPNIMALPEG          0.6683 -> 0.7741
23041,0 fw Controll.static GIPNIMALPEG          0.7741 -> 0.958
23047,9 fw player          APFNBGHAJMD               0 -> 1
23048,0 fw Controll.static MKFDGFOCKNO         22.7774 -> 22.8274
23048,0 fw Controll.static LEKCBKLAILO         22.8274 -> 22.8774
23048,0 fw Controll.static OFJKHAFJIMA          0.0007 -> 0.0047
23048,0 fw Controll.static GIPNIMALPEG           0.958 -> 0.0966
23056,1 fw Controll.static GIPNIMALPEG          0.0966 -> 0.2593
23062,3 fw Controll.static GIPNIMALPEG          0.2593 -> 0.383
23072,0 fw Controll.static GIPNIMALPEG           0.383 -> 0.5767
23078,2 fw Controll.static GIPNIMALPEG          0.5767 -> 0.7017
23086,0 fw Controll.static GIPNIMALPEG          0.7017 -> 0.8559
23094,6 fw Controll.static BFEOOOMMGLK               0 -> 1
23094,6 fw Controll.static MKFDGFOCKNO         22.8274 -> 22.8774
23094,6 fw Controll.static LEKCBKLAILO         22.8774 -> 22.9274
23094,6 fw Controll.static OFJKHAFJIMA          0.0047 -> 0.0013
23094,6 fw Controll.static MNHBPCOOMLE        77381980 -> 77382063
23094,6 fw Controll.static GIPNIMALPEG          0.8559 -> 0.0295
23099,2 fw Controll.static BFEOOOMMGLK               1 -> 0
23099,3 fw Controll.static GIPNIMALPEG          0.0295 -> 0.1225
23110,1 fw Controll.static GIPNIMALPEG          0.1225 -> 0.3392
23115,0 fw Controll.static GIPNIMALPEG          0.3392 -> 0.438
23126,2 fw Controll.static GIPNIMALPEG           0.438 -> 0.6614
23132,1 fw Controll.static GIPNIMALPEG          0.6614 -> 0.7784
23140,4 fw Controll.static GIPNIMALPEG          0.7784 -> 0.9451
23146,9 fw Controll.static MKFDGFOCKNO         22.8774 -> 22.9274
23146,9 fw Controll.static LEKCBKLAILO         22.9274 -> 22.9774
23146,9 fw Controll.static OFJKHAFJIMA          0.0013 -> 0.0036
23146,9 fw Controll.static GIPNIMALPEG          0.9451 -> 0.0757
23155,0 fw Controll.static GIPNIMALPEG          0.0757 -> 0.2383
23162,0 fw Controll.static GIPNIMALPEG          0.2383 -> 0.3764
23169,5 fw Controll.static GIPNIMALPEG          0.3764 -> 0.5266
23177,0 fw Controll.static BFEOOOMMGLK               0 -> 1
23177,0 fw Controll.static MNHBPCOOMLE        77382063 -> 77382145
23177,0 fw Controll.static GIPNIMALPEG          0.5266 -> 0.6769
23182,9 fw Controll.static BFEOOOMMGLK               1 -> 0
23182,9 fw Controll.static GIPNIMALPEG          0.6769 -> 0.7948
23193,3 fw Controll.static MKFDGFOCKNO         22.9274 -> 22.9774
23193,3 fw Controll.static LEKCBKLAILO         22.9774 -> 23.0274
23193,3 fw Controll.static OFJKHAFJIMA          0.0036 -> 0
23193,4 fw Controll.static GIPNIMALPEG          0.7948 -> 0.0042
23197,4 fw Controll.static GIPNIMALPEG          0.0042 -> 0.0844
23209,9 fw Controll.static GIPNIMALPEG          0.0844 -> 0.3351
23213,4 fw Controll.static GIPNIMALPEG          0.3351 -> 0.4058
23226,3 fw Controll.static GIPNIMALPEG          0.4058 -> 0.664
23231,1 fw Controll.static GIPNIMALPEG           0.664 -> 0.7593
23239,6 fw Controll.static GIPNIMALPEG          0.7593 -> 0.93
23246,8 fw Controll.static MKFDGFOCKNO         22.9774 -> 23.0274
23246,8 fw Controll.static LEKCBKLAILO         23.0274 -> 23.0774
23246,8 fw Controll.static OFJKHAFJIMA               0 -> 0.0035
23246,9 fw Controll.static GIPNIMALPEG            0.93 -> 0.0744
23254,4 fw Controll.static GIPNIMALPEG          0.0744 -> 0.2259
23262,1 fw Controll.static BFEOOOMMGLK               0 -> 1
23262,1 fw Controll.static MNHBPCOOMLE        77382145 -> 77382231
23262,1 fw Controll.static GIPNIMALPEG          0.2259 -> 0.3787
23269,0 fw Controll.static BFEOOOMMGLK               1 -> 0
23269,0 fw Controll.static GIPNIMALPEG          0.3787 -> 0.5168
23276,5 fw Controll.static GIPNIMALPEG          0.5168 -> 0.668
23282,9 fw Controll.static GIPNIMALPEG           0.668 -> 0.7947
23292,8 fw Controll.static GIPNIMALPEG          0.7947 -> 0.9934
23297,6 fw Controll.static MKFDGFOCKNO         23.0274 -> 23.0774
23297,6 fw Controll.static LEKCBKLAILO         23.0774 -> 23.1274
23297,6 fw Controll.static OFJKHAFJIMA          0.0035 -> 0.0043
23297,6 fw Controll.static GIPNIMALPEG          0.9934 -> 0.089
23306,5 fw Controll.static GIPNIMALPEG           0.089 -> 0.2671
23314,1 fw Controll.static GIPNIMALPEG          0.2671 -> 0.4189
23320,5 fw Controll.static GIPNIMALPEG          0.4189 -> 0.5467
23329,3 fw Controll.static GIPNIMALPEG          0.5467 -> 0.7229
23333,9 fw Controll.static GIPNIMALPEG          0.7229 -> 0.8146
23343,9 fw Controll.static BFEOOOMMGLK               0 -> 1
23343,9 fw Controll.static MKFDGFOCKNO         23.0774 -> 23.1274
23343,9 fw Controll.static LEKCBKLAILO         23.1274 -> 23.1774
23343,9 fw Controll.static OFJKHAFJIMA          0.0043 -> 0.0007
23343,9 fw Controll.static MNHBPCOOMLE        77382231 -> 77382312
23343,9 fw Controll.static GIPNIMALPEG          0.8146 -> 0.0154
23349,9 fw Controll.static BFEOOOMMGLK               1 -> 0
23349,9 fw Controll.static GIPNIMALPEG          0.0154 -> 0.1346
23359,2 fw Controll.static GIPNIMALPEG          0.1346 -> 0.3217
23364,9 fw Controll.static GIPNIMALPEG          0.3217 -> 0.4343
23376,0 fw Controll.static GIPNIMALPEG          0.4343 -> 0.6577
23379,8 fw Controll.static GIPNIMALPEG          0.6577 -> 0.7329
23392,6 fw Controll.static GIPNIMALPEG          0.7329 -> 0.9892
23396,7 fw Controll.static MKFDGFOCKNO         23.1274 -> 23.1774
23396,7 fw Controll.static LEKCBKLAILO         23.1774 -> 23.2274
23396,8 fw Controll.static OFJKHAFJIMA          0.0007 -> 0.0034
23396,8 fw Controll.static GIPNIMALPEG          0.9892 -> 0.0722
23409,5 fw Controll.static GIPNIMALPEG          0.0722 -> 0.3279
23412,5 fw Controll.static GIPNIMALPEG          0.3279 -> 0.3869
23426,0 fw Controll.static BFEOOOMMGLK               0 -> 1
23426,1 fw Controll.static MNHBPCOOMLE        77382312 -> 77382395
23426,1 fw Controll.static GIPNIMALPEG          0.3869 -> 0.6579
23429,7 fw Controll.static BFEOOOMMGLK               1 -> 0
23429,7 fw Controll.static GIPNIMALPEG          0.6579 -> 0.7306
23442,1 fw Controll.static GIPNIMALPEG          0.7306 -> 0.978
23446,8 fw Controll.static MKFDGFOCKNO         23.1774 -> 23.2274
23446,8 fw Controll.static LEKCBKLAILO         23.2274 -> 23.2774
23446,8 fw Controll.static GIPNIMALPEG           0.978 -> 0.0723
23459,1 fw Controll.static GIPNIMALPEG          0.0723 -> 0.3195
23462,4 fw Controll.static GIPNIMALPEG          0.3195 -> 0.3846
23473,1 fw Controll.static GIPNIMALPEG          0.3846 -> 0.5994
23479,6 fw Controll.static GIPNIMALPEG          0.5994 -> 0.7284
23487,3 fw Controll.static GIPNIMALPEG          0.7284 -> 0.8827
23495,1 fw Controll.static DGNDKAKOEPD        77381370 -> 77382376
23495,1 fw Controll.static BEJBLGGGOCC       294641582 -> 294642586
23495,1 fw Controll.static JELGPAKAJPE              86 -> 91
23495,1 fw Controll.static EENJPDHGGGC          22.265 -> 23.2717
23495,1 fw Controll.static MKFDGFOCKNO         23.2274 -> 23.2774
23495,1 fw Controll.static LEKCBKLAILO         23.2774 -> 23.3274
23495,1 fw Controll.static OFJKHAFJIMA          0.0034 -> 0.0017
23495,1 fw Controll.static GIPNIMALPEG          0.8827 -> 0.0387
23500,9 fw Controll.static GIPNIMALPEG          0.0387 -> 0.1543
23510,2 fw Controll.static BFEOOOMMGLK               0 -> 1
23510,2 fw Controll.static MNHBPCOOMLE        77382395 -> 77382479
23510,2 fw Controll.static GIPNIMALPEG          0.1543 -> 0.3402
23514,8 fw Controll.static BFEOOOMMGLK               1 -> 0
23514,9 fw Controll.static GIPNIMALPEG          0.3402 -> 0.4343
23525,2 fw Controll.static GIPNIMALPEG          0.4343 -> 0.6413
23531,2 fw Controll.static GIPNIMALPEG          0.6413 -> 0.7603
23538,9 fw Controll.static GIPNIMALPEG          0.7603 -> 0.9158
23546,3 fw Controll.static MKFDGFOCKNO         23.2774 -> 23.3274
23546,3 fw Controll.static LEKCBKLAILO         23.3274 -> 23.3774
23546,3 fw Controll.static OFJKHAFJIMA          0.0017 -> 0.0029
23546,3 fw Controll.static GIPNIMALPEG          0.9158 -> 0.0633
23553,6 fw Controll.static GIPNIMALPEG          0.0633 -> 0.2081
23560,6 fw Controll.static GIPNIMALPEG          0.2081 -> 0.3493
23566,3 fw player          APFNBGHAJMD               1 -> 0
23566,4 fw Controll.static GIPNIMALPEG          0.3493 -> 0.4644
23576,2 fw Controll.static GIPNIMALPEG          0.4644 -> 0.661
23581,5 fw Controll.static GIPNIMALPEG           0.661 -> 0.766
23592,6 fw Controll.static BFEOOOMMGLK               0 -> 1
23592,6 fw Controll.static MNHBPCOOMLE        77382479 -> 77382561
23592,6 fw Controll.static GIPNIMALPEG           0.766 -> 0.9889
23597,3 fw Controll.static BFEOOOMMGLK               1 -> 0
23597,3 fw Controll.static MKFDGFOCKNO         23.3274 -> 23.3774
23597,3 fw Controll.static LEKCBKLAILO         23.3774 -> 23.4274
23597,3 fw Controll.static OFJKHAFJIMA          0.0029 -> 0.0039
23597,3 fw Controll.static GIPNIMALPEG          0.9889 -> 0.082
23608,9 fw Controll.static GIPNIMALPEG           0.082 -> 0.3143
23612,8 fw Controll.static GIPNIMALPEG          0.3143 -> 0.3935
23624,9 fw Controll.static GIPNIMALPEG          0.3935 -> 0.6339
23629,1 fw Controll.static GIPNIMALPEG          0.6339 -> 0.7192
23641,9 fw Controll.static GIPNIMALPEG          0.7192 -> 0.9747
23645,2 fw player          APFNBGHAJMD               0 -> 1
23645,2 fw Controll.static MKFDGFOCKNO         23.3774 -> 23.4274
23645,3 fw Controll.static LEKCBKLAILO         23.4274 -> 23.4774
23645,3 fw Controll.static OFJKHAFJIMA          0.0039 -> 0.0019
23645,3 fw Controll.static GIPNIMALPEG          0.9747 -> 0.0419
23658,6 fw Controll.static GIPNIMALPEG          0.0419 -> 0.3091
23661,7 fw Controll.static GIPNIMALPEG          0.3091 -> 0.3709
23675,9 fw Controll.static BFEOOOMMGLK               0 -> 1
23676,0 fw Controll.static MNHBPCOOMLE        77382561 -> 77382645
23676,0 fw Controll.static GIPNIMALPEG          0.3709 -> 0.656
23679,2 fw Controll.static BFEOOOMMGLK               1 -> 0
23679,2 fw Controll.static GIPNIMALPEG           0.656 -> 0.7206
23692,1 fw Controll.static GIPNIMALPEG          0.7206 -> 0.9788
23696,5 fw Controll.static MKFDGFOCKNO         23.4274 -> 23.4775
23696,5 fw Controll.static LEKCBKLAILO         23.4774 -> 23.5275
23696,5 fw Controll.static OFJKHAFJIMA          0.0019 -> 0.0031
23696,5 fw Controll.static GIPNIMALPEG          0.9788 -> 0.0664
23709,0 fw Controll.static GIPNIMALPEG          0.0664 -> 0.3156
23712,1 fw Controll.static GIPNIMALPEG          0.3156 -> 0.3789
23724,7 fw Controll.static GIPNIMALPEG          0.3789 -> 0.6304
23730,1 fw Controll.static GIPNIMALPEG          0.6304 -> 0.7392
23738,1 fw Controll.static GIPNIMALPEG          0.7392 -> 0.8996
23745,3 fw Controll.static MKFDGFOCKNO         23.4775 -> 23.5275
23745,3 fw Controll.static LEKCBKLAILO         23.5275 -> 23.5775
23745,3 fw Controll.static OFJKHAFJIMA          0.0031 -> 0.0019
23745,3 fw Controll.static GIPNIMALPEG          0.8996 -> 0.0419
23752,8 fw Controll.static GIPNIMALPEG          0.0419 -> 0.193
23759,3 fw Controll.static MNHBPCOOMLE        77382645 -> 77382898
23759,4 fw Controll.static GIPNIMALPEG           0.193 -> 0.3237
23767,0 fw Controll.static GIPNIMALPEG          0.3237 -> 0.4769
23775,2 fw Controll.static GIPNIMALPEG          0.4769 -> 0.6413
23779,9 fw Controll.static GIPNIMALPEG          0.6413 -> 0.7355
23791,9 fw Controll.static GIPNIMALPEG          0.7355 -> 0.9751
23795,5 fw Controll.static MKFDGFOCKNO         23.5275 -> 23.5775
23795,5 fw Controll.static LEKCBKLAILO         23.5775 -> 23.6275
23795,5 fw Controll.static OFJKHAFJIMA          0.0019 -> 0.0021
23795,5 fw Controll.static GIPNIMALPEG          0.9751 -> 0.0469
23807,9 fw Controll.static GIPNIMALPEG          0.0469 -> 0.2941
23812,9 fw Controll.static GIPNIMALPEG          0.2941 -> 0.3945
23821,8 fw Controll.static GIPNIMALPEG          0.3945 -> 0.5734
23829,1 fw Controll.static GIPNIMALPEG          0.5734 -> 0.7187
23836,3 fw Controll.static GIPNIMALPEG          0.7187 -> 0.8618
23844,0 fw Controll.static MKFDGFOCKNO         23.5775 -> 23.6275
23844,0 fw Controll.static LEKCBKLAILO         23.6275 -> 23.6775
23844,0 fw Controll.static OFJKHAFJIMA          0.0021 -> 0.0007
23844,1 fw Controll.static GIPNIMALPEG          0.8618 -> 0.0176
23850,2 fw Controll.static GIPNIMALPEG          0.0176 -> 0.1399
23858,1 fw Controll.static GIPNIMALPEG          0.1399 -> 0.2986
23864,3 fw Controll.static GIPNIMALPEG          0.2986 -> 0.4215
23874,7 fw Controll.static GIPNIMALPEG          0.4215 -> 0.6304
23878,2 fw Controll.static GIPNIMALPEG          0.6304 -> 0.7014
23891,7 fw Controll.static GIPNIMALPEG          0.7014 -> 0.9699
23894,8 fw Controll.static MKFDGFOCKNO         23.6275 -> 23.6775
23894,8 fw Controll.static LEKCBKLAILO         23.6775 -> 23.7275
23894,8 fw Controll.static OFJKHAFJIMA          0.0007 -> 0.0014
23894,8 fw Controll.static GIPNIMALPEG          0.9699 -> 0.0321
23907,9 fw Controll.static GIPNIMALPEG          0.0321 -> 0.2951
23912,1 fw Controll.static GIPNIMALPEG          0.2951 -> 0.3784
23925,9 fw Controll.static GIPNIMALPEG          0.3784 -> 0.6553
23926,0 fw Controll        KOPOBDGHLFL               0 -> 1
23926,0 fw Controll        CLEHDNFKJPB         15.8492 -> 20.586
23928,9 fw Controll.static GIPNIMALPEG          0.6553 -> 0.7152
23941,2 fw Controll.static GIPNIMALPEG          0.7152 -> 0.9598
23945,4 fw Controll.static MKFDGFOCKNO         23.6775 -> 23.7275
23945,4 fw Controll.static LEKCBKLAILO         23.7275 -> 23.7775
23945,4 fw Controll.static OFJKHAFJIMA          0.0014 -> 0.0021
23945,5 fw Controll.static GIPNIMALPEG          0.9598 -> 0.0456
23958,2 fw Controll.static GIPNIMALPEG          0.0456 -> 0.3006
23961,1 fw Controll.static GIPNIMALPEG          0.3006 -> 0.3576
23974,5 fw Controll.static GIPNIMALPEG          0.3576 -> 0.6266
23977,8 fw Controll.static GIPNIMALPEG          0.6266 -> 0.6935
23991,2 fw Controll.static GIPNIMALPEG          0.6935 -> 0.9594
23994,8 fw Controll.static MKFDGFOCKNO         23.7275 -> 23.7775
23994,8 fw Controll.static LEKCBKLAILO         23.7775 -> 23.8275
23994,8 fw Controll.static OFJKHAFJIMA          0.0021 -> 0.0015
23994,8 fw Controll.static GIPNIMALPEG          0.9594 -> 0.033
24007,2 fw Controll.static GIPNIMALPEG           0.033 -> 0.28
24011,4 fw Controll.static GIPNIMALPEG            0.28 -> 0.3642
24020,8 fw Controll.static GIPNIMALPEG          0.3642 -> 0.5517
24028,0 fw Controll.static GIPNIMALPEG          0.5517 -> 0.6958
24036,0 fw Controll.static GIPNIMALPEG          0.6958 -> 0.8563
24042,5 fw Controll.static GIPNIMALPEG          0.8563 -> 0.9854
24050,4 fw Controll.static MKFDGFOCKNO         23.7775 -> 23.8275
24050,4 fw Controll.static LEKCBKLAILO         23.8275 -> 23.8775
24050,4 fw Controll.static OFJKHAFJIMA          0.0015 -> 0.007
24050,4 fw Controll.static GIPNIMALPEG          0.9854 -> 0.1447
24057,6 fw Controll.static GIPNIMALPEG          0.1447 -> 0.2874
24064,3 fw Controll.static GIPNIMALPEG          0.2874 -> 0.4223
24074,3 fw Controll.static GIPNIMALPEG          0.4223 -> 0.6218
24077,4 fw Controll.static GIPNIMALPEG          0.6218 -> 0.6832
24090,8 fw Controll.static GIPNIMALPEG          0.6832 -> 0.9529
24094,6 fw Controll.static MKFDGFOCKNO         23.8275 -> 23.8775
24094,6 fw Controll.static LEKCBKLAILO         23.8775 -> 23.9275
24094,6 fw Controll.static OFJKHAFJIMA           0.007 -> 0.0012
24094,7 fw Controll.static GIPNIMALPEG          0.9529 -> 0.0273
24107,1 fw Controll.static GIPNIMALPEG          0.0273 -> 0.2789
24111,2 fw Controll.static GIPNIMALPEG          0.2789 -> 0.3612
24123,8 fw Controll.static GIPNIMALPEG          0.3612 -> 0.6122
24128,9 fw Controll.static GIPNIMALPEG          0.6122 -> 0.715
24140,2 fw Controll.static GIPNIMALPEG           0.715 -> 0.9392
24144,2 fw Controll.static MKFDGFOCKNO         23.8775 -> 23.9275
24144,2 fw Controll.static LEKCBKLAILO         23.9275 -> 23.9775
24144,2 fw Controll.static OFJKHAFJIMA          0.0012 -> 0.0008
24144,2 fw Controll.static GIPNIMALPEG          0.9392 -> 0.0195
24154,5 fw Controll.static GIPNIMALPEG          0.0195 -> 0.2264
24160,7 fw Controll.static GIPNIMALPEG          0.2264 -> 0.3494
24169,5 fw Controll.static GIPNIMALPEG          0.3494 -> 0.5267
24175,8 fw Controll.static DJACNOGOCKD               0 -> 1
24175,8 fw Controll.static FBINCNDDPAO         15.8536 -> 20.5873
24175,8 fw Controll.static ILGHFLMKMCO         17.1449 -> 22.5873
24175,8 fw Controll.static JADIDAJFOGK            0.31 -> 0.34
24175,8 fw Controll.static GIPNIMALPEG          0.5267 -> 0.6523
24175,8 fw Controll        KOPOBDGHLFL               1 -> 0
24183,4 fw Controll.static GIPNIMALPEG          0.6523 -> 0.8033
24191,4 fw Controll.static GIPNIMALPEG          0.8033 -> 0.9642
24196,5 fw Controll.static MKFDGFOCKNO         23.9275 -> 23.9775
24196,5 fw Controll.static LEKCBKLAILO         23.9775 -> 24.0275
24196,5 fw Controll.static OFJKHAFJIMA          0.0008 -> 0.0031
24196,5 fw Controll.static GIPNIMALPEG          0.9642 -> 0.0665
24206,9 fw Controll.static GIPNIMALPEG          0.0665 -> 0.2742
24211,6 fw Controll.static GIPNIMALPEG          0.2742 -> 0.3679
24220,7 fw Controll.static GIPNIMALPEG          0.3679 -> 0.551
24227,4 fw Controll.static GIPNIMALPEG           0.551 -> 0.6848
24234,5 fw Controll.static GIPNIMALPEG          0.6848 -> 0.8261
24242,8 fw Controll.static GIPNIMALPEG          0.8261 -> 0.9911
24248,2 fw Controll.static MKFDGFOCKNO         23.9775 -> 24.0275
24248,2 fw Controll.static LEKCBKLAILO         24.0275 -> 24.0775
24248,2 fw Controll.static OFJKHAFJIMA          0.0031 -> 0.0048
24248,3 fw Controll.static GIPNIMALPEG          0.9911 -> 0.1011
24257,6 fw Controll.static GIPNIMALPEG          0.1011 -> 0.2879
24261,9 fw Controll.static GIPNIMALPEG          0.2879 -> 0.374
24274,0 fw Controll.static GIPNIMALPEG           0.374 -> 0.6151
24277,9 fw Controll.static GIPNIMALPEG          0.6151 -> 0.6938
24290,4 fw Controll.static GIPNIMALPEG          0.6938 -> 0.9427
24294,9 fw Controll.static MKFDGFOCKNO         24.0275 -> 24.0775
24294,9 fw Controll.static LEKCBKLAILO         24.0775 -> 24.1275
24294,9 fw Controll.static OFJKHAFJIMA          0.0048 -> 0.0015
24294,9 fw Controll.static GIPNIMALPEG          0.9427 -> 0.034
24306,5 fw Controll.static GIPNIMALPEG           0.034 -> 0.2655
24310,7 fw Controll.static GIPNIMALPEG          0.2655 -> 0.3509
24323,2 fw Controll.static GIPNIMALPEG          0.3509 -> 0.5996
24327,1 fw player          APFNBGHAJMD               1 -> 0
24327,1 fw Controll.static GIPNIMALPEG          0.5996 -> 0.679
24340,7 fw Controll.static GIPNIMALPEG           0.679 -> 0.9499
24343,9 fw Controll.static MKFDGFOCKNO         24.0775 -> 24.1275
24343,9 fw Controll.static LEKCBKLAILO         24.1275 -> 24.1775
24343,9 fw Controll.static OFJKHAFJIMA          0.0015 -> 0.0006
24344,0 fw Controll.static GIPNIMALPEG          0.9499 -> 0.015
24356,7 fw player          APFNBGHAJMD               0 -> 1
24356,7 fw Controll.static GIPNIMALPEG           0.015 -> 0.2698
24360,6 fw Controll.static GIPNIMALPEG          0.2698 -> 0.3477
24373,4 fw Controll.static GIPNIMALPEG          0.3477 -> 0.603
24376,3 fw Controll.static GIPNIMALPEG           0.603 -> 0.6622
24386,6 fw Controll.static GIPNIMALPEG          0.6622 -> 0.8688
24394,0 fw Controll.static MKFDGFOCKNO         24.1275 -> 24.1775
24394,1 fw Controll.static LEKCBKLAILO         24.1775 -> 24.2275
24394,1 fw Controll.static GIPNIMALPEG          0.8688 -> 0.017
24400,0 fw Controll.static GIPNIMALPEG           0.017 -> 0.1361
24408,1 fw Controll.static GIPNIMALPEG          0.1361 -> 0.2984
24413,7 fw Controll.static GIPNIMALPEG          0.2984 -> 0.4095
24422,7 fw Controll.static GIPNIMALPEG          0.4095 -> 0.5907
24427,0 fw Controll.static GIPNIMALPEG          0.5907 -> 0.6761
24437,0 fw Controll.static GIPNIMALPEG          0.6761 -> 0.8762
24442,7 fw Controll.static GIPNIMALPEG          0.8762 -> 0.9906
24451,0 fw Controll.static MKFDGFOCKNO         24.1775 -> 24.2275
24451,0 fw Controll.static LEKCBKLAILO         24.2275 -> 24.2775
24451,0 fw Controll.static OFJKHAFJIMA          0.0006 -> 0.0076
24451,0 fw Controll.static GIPNIMALPEG          0.9906 -> 0.1562
24457,2 fw Controll.static GIPNIMALPEG          0.1562 -> 0.2796
24465,3 fw Controll.static GIPNIMALPEG          0.2796 -> 0.4423
24473,3 fw Controll.static GIPNIMALPEG          0.4423 -> 0.6014
24477,8 fw Controll.static GIPNIMALPEG          0.6014 -> 0.6923
24486,4 fw Controll.static DGNDKAKOEPD        77382376 -> 77383367
24486,4 fw Controll.static BEJBLGGGOCC       294642586 -> 294643582
24486,4 fw Controll.static JELGPAKAJPE              91 -> 84
24486,4 fw Controll.static EENJPDHGGGC         23.2717 -> 24.2622
24486,4 fw Controll.static GIPNIMALPEG          0.6923 -> 0.8635
24493,9 fw Controll.static MKFDGFOCKNO         24.2275 -> 24.2775
24493,9 fw Controll.static LEKCBKLAILO         24.2775 -> 24.3275
24493,9 fw Controll.static OFJKHAFJIMA          0.0076 -> 0.0005
24493,9 fw Controll.static GIPNIMALPEG          0.8635 -> 0.0135
24499,7 fw Controll.static GIPNIMALPEG          0.0135 -> 0.1299
24508,1 fw Controll.static GIPNIMALPEG          0.1299 -> 0.2978
24513,4 fw Controll.static GIPNIMALPEG          0.2978 -> 0.4046
24522,9 fw Controll.static GIPNIMALPEG          0.4046 -> 0.5929
24526,9 fw Controll.static GIPNIMALPEG          0.5929 -> 0.6744
24539,7 fw Controll.static GIPNIMALPEG          0.6744 -> 0.9297
24542,7 fw Controll.static GIPNIMALPEG          0.9297 -> 0.9894
24556,7 fw Controll.static MKFDGFOCKNO         24.2775 -> 24.3275
24556,7 fw Controll.static LEKCBKLAILO         24.3275 -> 24.3775
24556,7 fw Controll.static OFJKHAFJIMA          0.0005 -> 0.0133
24556,7 fw Controll.static GIPNIMALPEG          0.9894 -> 0.2698
24560,0 fw Controll.static GIPNIMALPEG          0.2698 -> 0.3347
24573,1 fw Controll.static GIPNIMALPEG          0.3347 -> 0.5966
24576,6 fw Controll.static GIPNIMALPEG          0.5966 -> 0.6655
24592,3 fw Controll.static GIPNIMALPEG          0.6655 -> 0.9814
24596,0 fw Controll.static MKFDGFOCKNO         24.3275 -> 24.3775
24596,0 fw Controll.static LEKCBKLAILO         24.3775 -> 24.4275
24596,0 fw Controll.static OFJKHAFJIMA          0.0133 -> 0.0024
24596,0 fw Controll.static GIPNIMALPEG          0.9814 -> 0.0543
24607,8 fw Controll.static GIPNIMALPEG          0.0543 -> 0.2906
24612,6 fw Controll.static GIPNIMALPEG          0.2906 -> 0.3872
24622,4 fw Controll.static GIPNIMALPEG          0.3872 -> 0.5828
24627,2 fw Controll.static GIPNIMALPEG          0.5828 -> 0.6797
24639,7 fw Controll.static GIPNIMALPEG          0.6797 -> 0.9293
24642,9 fw Controll.static GIPNIMALPEG          0.9293 -> 0.9929
24656,3 fw Controll.static MKFDGFOCKNO         24.3775 -> 24.4275
24656,3 fw Controll.static LEKCBKLAILO         24.4275 -> 24.4775
24656,3 fw Controll.static OFJKHAFJIMA          0.0024 -> 0.0129
24656,3 fw Controll.static GIPNIMALPEG          0.9929 -> 0.2614
24660,2 fw Controll.static GIPNIMALPEG          0.2614 -> 0.3382
24672,2 fw Controll.static GIPNIMALPEG          0.3382 -> 0.5793
24676,1 fw Controll.static GIPNIMALPEG          0.5793 -> 0.6558
24686,6 fw Controll.static GIPNIMALPEG          0.6558 -> 0.8672
24693,1 fw Controll.static GIPNIMALPEG          0.8672 -> 0.9965
24700,2 fw Controll.static MKFDGFOCKNO         24.4275 -> 24.4775
24700,2 fw Controll.static LEKCBKLAILO         24.4775 -> 24.5275
24700,2 fw Controll.static OFJKHAFJIMA          0.0129 -> 0.0067
24700,2 fw Controll.static GIPNIMALPEG          0.9965 -> 0.1383
24708,3 fw Controll.static GIPNIMALPEG          0.1383 -> 0.3021
24714,8 fw Controll.static GIPNIMALPEG          0.3021 -> 0.4298
24723,5 fw Controll.static GIPNIMALPEG          0.4298 -> 0.6048
24728,7 fw Controll.static GIPNIMALPEG          0.6048 -> 0.7095
24738,6 fw Controll.static GIPNIMALPEG          0.7095 -> 0.9073
24742,9 fw Controll.static GIPNIMALPEG          0.9073 -> 0.9923
24756,1 fw Controll.static MKFDGFOCKNO         24.4775 -> 24.5275
24756,1 fw Controll.static LEKCBKLAILO         24.5275 -> 24.5775
24756,1 fw Controll.static OFJKHAFJIMA          0.0067 -> 0.0127
24756,1 fw Controll.static GIPNIMALPEG          0.9923 -> 0.2566
24759,7 fw Controll.static GIPNIMALPEG          0.2566 -> 0.3286
24771,8 fw Controll.static GIPNIMALPEG          0.3286 -> 0.5719
24775,4 fw Controll.static GIPNIMALPEG          0.5719 -> 0.6429
24788,9 fw Controll.static GIPNIMALPEG          0.6429 -> 0.9129
24791,8 fw Controll.static GIPNIMALPEG          0.9129 -> 0.971
24805,3 fw Controll.static MKFDGFOCKNO         24.5275 -> 24.5775
24805,3 fw Controll.static LEKCBKLAILO         24.5775 -> 24.6275
24805,3 fw Controll.static OFJKHAFJIMA          0.0127 -> 0.0119
24805,3 fw Controll.static GIPNIMALPEG           0.971 -> 0.2416
24809,5 fw Controll.static GIPNIMALPEG          0.2416 -> 0.3261
24821,7 fw Controll.static GIPNIMALPEG          0.3261 -> 0.5693
24825,2 fw Controll.static GIPNIMALPEG          0.5693 -> 0.6403
24835,4 fw Controll.static GIPNIMALPEG          0.6403 -> 0.8425
24841,1 fw Controll.static GIPNIMALPEG          0.8425 -> 0.9563
24850,6 fw Controll.static MKFDGFOCKNO         24.5775 -> 24.6275
24850,6 fw Controll.static LEKCBKLAILO         24.6275 -> 24.6775
24850,6 fw Controll.static OFJKHAFJIMA          0.0119 -> 0.0072
24850,7 fw Controll.static GIPNIMALPEG          0.9563 -> 0.148
24856,2 fw Controll.static GIPNIMALPEG           0.148 -> 0.2593
24864,3 fw Controll.static GIPNIMALPEG          0.2593 -> 0.4201
24873,1 fw Controll.static GIPNIMALPEG          0.4201 -> 0.5952
24877,9 fw Controll.static GIPNIMALPEG          0.5952 -> 0.6911
24889,9 fw Controll.static GIPNIMALPEG          0.6911 -> 0.9341
24895,2 fw Controll.static MKFDGFOCKNO         24.6275 -> 24.6775
24895,2 fw Controll.static LEKCBKLAILO         24.6775 -> 24.7275
24895,2 fw Controll.static OFJKHAFJIMA          0.0072 -> 0.0018
24895,2 fw Controll.static GIPNIMALPEG          0.9341 -> 0.0386
24905,2 fw Controll.static GIPNIMALPEG          0.0386 -> 0.2382
24908,8 fw Controll.static GIPNIMALPEG          0.2382 -> 0.3121
24918,7 fw Controll.static GIPNIMALPEG          0.3121 -> 0.5092
24924,9 fw Controll.static GIPNIMALPEG          0.5092 -> 0.6327
24933,2 fw Controll.static GIPNIMALPEG          0.6327 -> 0.7998
24939,4 fw Controll.static GIPNIMALPEG          0.7998 -> 0.9239
24947,0 fw Controll.static MKFDGFOCKNO         24.6775 -> 24.7275
24947,0 fw Controll.static LEKCBKLAILO         24.7275 -> 24.7775
24947,0 fw Controll.static OFJKHAFJIMA          0.0018 -> 0.0036
24947,0 fw Controll.static GIPNIMALPEG          0.9239 -> 0.0758
24955,1 fw Controll.static GIPNIMALPEG          0.0758 -> 0.2366
24959,7 fw Controll.static GIPNIMALPEG          0.2366 -> 0.3283
24968,2 fw Controll.static GIPNIMALPEG          0.3283 -> 0.4984
24975,1 fw Controll.static GIPNIMALPEG          0.4984 -> 0.6367
24982,8 fw Controll.static GIPNIMALPEG          0.6367 -> 0.7903
24990,3 fw Controll.static GIPNIMALPEG          0.7903 -> 0.9408
24997,2 fw Controll.static MKFDGFOCKNO         24.7275 -> 24.7775
24997,2 fw Controll.static LEKCBKLAILO         24.7775 -> 24.8275
24997,2 fw Controll.static OFJKHAFJIMA          0.0036 -> 0.0039
24997,3 fw Controll.static GIPNIMALPEG          0.9408 -> 0.0804
25005,9 fw Controll.static GIPNIMALPEG          0.0804 -> 0.252
25011,2 fw Controll.static GIPNIMALPEG           0.252 -> 0.3586
25023,6 fw Controll.static GIPNIMALPEG          0.3586 -> 0.6038
25027,3 fw Controll.static GIPNIMALPEG          0.6038 -> 0.6796
25041,2 fw Controll.static GIPNIMALPEG          0.6796 -> 0.959
25044,9 fw Controll.static MKFDGFOCKNO         24.7775 -> 24.8275
25044,9 fw Controll.static LEKCBKLAILO         24.8275 -> 24.8775
25044,9 fw Controll.static OFJKHAFJIMA          0.0039 -> 0.0014
25044,9 fw Controll.static GIPNIMALPEG           0.959 -> 0.0317
25056,7 fw Controll.static GIPNIMALPEG          0.0317 -> 0.2698
25061,3 fw Controll.static GIPNIMALPEG          0.2698 -> 0.3613
25071,7 fw Controll.static GIPNIMALPEG          0.3613 -> 0.5695
25077,1 fw Controll.static GIPNIMALPEG          0.5695 -> 0.6777
25085,6 fw Controll.static GIPNIMALPEG          0.6777 -> 0.8458
25092,2 fw Controll.static GIPNIMALPEG          0.8458 -> 0.9788
25102,3 fw Controll.static NAKNALFCOIF        169.0502 -> 168.9003
25102,3 fw Controll.static IGLCENGMMMJ            19.5 -> 19.65
25102,4 fw Controll.static MKFDGFOCKNO         24.8275 -> 24.8775
25102,4 fw Controll.static LEKCBKLAILO         24.8775 -> 24.9275
25102,4 fw Controll.static OFJKHAFJIMA          0.0014 -> 0.0088
25102,4 fw Controll.static GIPNIMALPEG          0.9788 -> 0.1816
25110,6 fw Controll.static NAKNALFCOIF        168.9003 -> 168.3002
25110,7 fw Controll.static GIPNIMALPEG          0.1816 -> 0.3478
25117,2 fw Controll.static NAKNALFCOIF        168.3002 -> 167.8503
25117,3 fw Controll.static GIPNIMALPEG          0.3478 -> 0.4795
25126,3 fw Controll.static NAKNALFCOIF        167.8503 -> 167.4003
25126,3 fw Controll.static GIPNIMALPEG          0.4795 -> 0.6619
25132,0 fw Controll.static GIPNIMALPEG          0.6619 -> 0.7736
25142,3 fw Controll.static NAKNALFCOIF        167.4003 -> 166.2003
25142,3 fw Controll.static GIPNIMALPEG          0.7736 -> 0.9814
25145,4 fw Controll.static MKFDGFOCKNO         24.8775 -> 24.9275
25145,4 fw Controll.static LEKCBKLAILO         24.9275 -> 24.9775
25145,4 fw Controll.static OFJKHAFJIMA          0.0088 -> 0.002
25145,4 fw Controll.static GIPNIMALPEG          0.9814 -> 0.0434
25157,2 fw Controll.static NAKNALFCOIF        166.2003 -> 165.0003
25157,3 fw Controll.static GIPNIMALPEG          0.0434 -> 0.2805
25162,1 fw Controll.static GIPNIMALPEG          0.2805 -> 0.376
25173,2 fw Controll.static NAKNALFCOIF        165.0003 -> 163.8003
25173,2 fw Controll.static GIPNIMALPEG           0.376 -> 0.5999
25176,5 fw Controll.static GIPNIMALPEG          0.5999 -> 0.6646
25190,2 fw Controll.static NAKNALFCOIF        163.8003 -> 162.7503
25190,2 fw Controll.static GIPNIMALPEG          0.6646 -> 0.9395
25193,9 fw Controll.static MKFDGFOCKNO         24.9275 -> 24.9775
25193,9 fw Controll.static LEKCBKLAILO         24.9775 -> 25.0275
25193,9 fw Controll.static OFJKHAFJIMA           0.002 -> 0.0004
25193,9 fw Controll.static GIPNIMALPEG          0.9395 -> 0.0123
25206,2 fw Controll.static NAKNALFCOIF        162.7503 -> 161.7003
25206,2 fw Controll.static IGLCENGMMMJ           19.65 -> 19.5
25206,3 fw Controll.static GIPNIMALPEG          0.0123 -> 0.2599
25211,4 fw Controll.static GIPNIMALPEG          0.2599 -> 0.3638
25222,3 fw Controll.static NAKNALFCOIF        161.7003 -> 160.3503
25222,3 fw Controll.static IGLCENGMMMJ            19.5 -> 19.05
25222,3 fw Controll.static GIPNIMALPEG          0.3638 -> 0.5813
25226,7 fw Controll.static GIPNIMALPEG          0.5813 -> 0.6682
25240,1 fw Controll.static NAKNALFCOIF        160.3503 -> 159.0002
25240,1 fw Controll.static IGLCENGMMMJ           19.05 -> 18.45
25240,1 fw Controll.static GIPNIMALPEG          0.6682 -> 0.9361
25244,5 fw Controll.static NAKNALFCOIF        159.0002 -> 158.2502
25244,5 fw Controll.static IGLCENGMMMJ           18.45 -> 18
25244,6 fw Controll.static MKFDGFOCKNO         24.9775 -> 25.0275
25244,6 fw Controll.static LEKCBKLAILO         25.0275 -> 25.0775
25244,6 fw Controll.static OFJKHAFJIMA          0.0004 -> 0.0011
25244,6 fw Controll.static GIPNIMALPEG          0.9361 -> 0.0263
25257,3 fw player          ACAIGMNLLEC             120 -> 118
25257,3 fw player          HEADELMLILF               0 -> 1
25257,3 fw Controll.static NAKNALFCOIF        158.2502 -> 157.5002
25257,3 fw Controll.static IGLCENGMMMJ              18 -> 17.55
25257,3 fw Controll.static GIPNIMALPEG          0.0263 -> 0.2815
25260,6 fw Controll.static NAKNALFCOIF        157.5002 -> 156.7502
25260,6 fw Controll.static IGLCENGMMMJ           17.55 -> 17.1
25260,6 fw Controll.static GIPNIMALPEG          0.2815 -> 0.3472
25273,1 fw Controll.static NAKNALFCOIF        156.7502 -> 156.0002
25273,1 fw Controll.static IGLCENGMMMJ            17.1 -> 16.65
25273,1 fw Controll.static GIPNIMALPEG          0.3472 -> 0.5968
25278,3 fw Controll.static NAKNALFCOIF        156.0002 -> 155.4002
25278,3 fw Controll.static IGLCENGMMMJ           16.65 -> 16.2
25278,3 fw Controll.static GIPNIMALPEG          0.5968 -> 0.7015
25289,5 fw Controll.static NAKNALFCOIF        155.4002 -> 154.8002
25289,5 fw Controll.static IGLCENGMMMJ            16.2 -> 15.75
25289,5 fw Controll.static GIPNIMALPEG          0.7015 -> 0.9257
25294,3 fw player          ACAIGMNLLEC             118 -> 115
25294,3 fw Controll.static NAKNALFCOIF        154.8002 -> 154.2002
25294,3 fw Controll.static IGLCENGMMMJ           15.75 -> 15.45
25294,4 fw Controll.static MKFDGFOCKNO         25.0275 -> 25.0775
25294,4 fw Controll.static LEKCBKLAILO         25.0775 -> 25.1275
25294,4 fw Controll.static OFJKHAFJIMA          0.0011 -> 0.0009
25294,4 fw Controll.static GIPNIMALPEG          0.9257 -> 0.0221
25305,5 fw Controll.static NAKNALFCOIF        154.2002 -> 153.7502
25305,5 fw Controll.static IGLCENGMMMJ           15.45 -> 15.15
25305,5 fw Controll.static GIPNIMALPEG          0.0221 -> 0.2455
25311,3 fw Controll.static NAKNALFCOIF        153.7502 -> 153.4502
25311,3 fw Controll.static IGLCENGMMMJ           15.15 -> 14.85
25311,4 fw Controll.static GIPNIMALPEG          0.2455 -> 0.362
25323,4 fw Controll.static NAKNALFCOIF        153.4502 -> 153.1502
25323,4 fw Controll.static IGLCENGMMMJ           14.85 -> 14.7
25323,4 fw Controll.static GIPNIMALPEG           0.362 -> 0.603
25327,5 fw Controll.static NAKNALFCOIF        153.1502 -> 153.0002
25327,5 fw Controll.static IGLCENGMMMJ            14.7 -> 14.4
25327,6 fw Controll.static GIPNIMALPEG           0.603 -> 0.6863
25339,5 fw Controll.static NAKNALFCOIF        153.0002 -> 152.8502
25339,5 fw Controll.static IGLCENGMMMJ            14.4 -> 14.25
25339,5 fw Controll.static GIPNIMALPEG          0.6863 -> 0.9257
25346,5 fw player          LNIDBHIAJJI              13 -> 12
25346,5 fw player          ACAIGMNLLEC             115 -> 112
25346,5 fw Controll.static NAKNALFCOIF        152.8502 -> 152.7002
25346,5 fw Controll.static IGLCENGMMMJ           14.25 -> 14.1
25346,5 fw Controll.static MKFDGFOCKNO         25.0775 -> 25.1275
25346,5 fw Controll.static LEKCBKLAILO         25.1275 -> 25.1775
25346,5 fw Controll.static OFJKHAFJIMA          0.0009 -> 0.0031
25346,5 fw Controll.static GIPNIMALPEG          0.9257 -> 0.0653
25355,3 fw Controll.static GIPNIMALPEG          0.0653 -> 0.241
25361,2 fw Controll.static NAKNALFCOIF        152.7002 -> 152.4002
25361,2 fw Controll.static IGLCENGMMMJ            14.1 -> 13.95
25361,3 fw Controll.static GIPNIMALPEG           0.241 -> 0.3598
25373,5 fw Controll.static NAKNALFCOIF        152.4002 -> 152.1002
25373,5 fw Controll.static IGLCENGMMMJ           13.95 -> 13.65
25373,5 fw Controll.static GIPNIMALPEG          0.3598 -> 0.6046
25376,4 fw Controll.static GIPNIMALPEG          0.6046 -> 0.663
25389,8 fw Controll.static NAKNALFCOIF        152.1002 -> 151.9502
25389,8 fw Controll.static IGLCENGMMMJ           13.65 -> 13.5
25389,8 fw Controll.static GIPNIMALPEG           0.663 -> 0.9311
25395,4 fw player          LNIDBHIAJJI              12 -> 10
25395,4 fw player          ACAIGMNLLEC             112 -> 109
25395,5 fw Controll.static MKFDGFOCKNO         25.1275 -> 25.1776
25395,5 fw Controll.static LEKCBKLAILO         25.1775 -> 25.2276
25395,5 fw Controll.static OFJKHAFJIMA          0.0031 -> 0.0019
25395,5 fw Controll.static GIPNIMALPEG          0.9311 -> 0.043
25406,5 fw Controll.static IGLCENGMMMJ            13.5 -> 13.35
25406,6 fw Controll.static GIPNIMALPEG           0.043 -> 0.2661
25410,9 fw Controll.static GIPNIMALPEG          0.2661 -> 0.3518
25421,3 fw Controll.static GIPNIMALPEG          0.3518 -> 0.5597
25429,4 fw Controll.static NAKNALFCOIF        151.9502 -> 151.8002
25429,4 fw Controll.static IGLCENGMMMJ           13.35 -> 13.05
25429,4 fw Controll.static GIPNIMALPEG          0.5597 -> 0.7231
25440,0 fw Controll.static NAKNALFCOIF        151.8002 -> 151.6503
25440,0 fw Controll.static IGLCENGMMMJ           13.05 -> 12.9
25440,0 fw Controll.static GIPNIMALPEG          0.7231 -> 0.9345
25443,9 fw player          ACAIGMNLLEC             109 -> 108
25443,9 fw Controll.static MKFDGFOCKNO         25.1776 -> 25.2276
25443,9 fw Controll.static LEKCBKLAILO         25.2276 -> 25.2776
25443,9 fw Controll.static OFJKHAFJIMA          0.0019 -> 0.0005
25443,9 fw Controll.static GIPNIMALPEG          0.9345 -> 0.0128
25457,3 fw Controll.static NAKNALFCOIF        151.6503 -> 151.5003
25457,3 fw Controll.static IGLCENGMMMJ            12.9 -> 12.75
25457,3 fw Controll.static GIPNIMALPEG          0.0128 -> 0.281
25462,2 fw Controll.static NAKNALFCOIF        151.5003 -> 151.3503
25462,2 fw Controll.static IGLCENGMMMJ           12.75 -> 12.6
25462,2 fw Controll.static GIPNIMALPEG           0.281 -> 0.3785
25474,3 fw Controll.static NAKNALFCOIF        151.3503 -> 151.2003
25474,3 fw Controll.static IGLCENGMMMJ            12.6 -> 12.45
25474,3 fw Controll.static GIPNIMALPEG          0.3785 -> 0.6213
25478,7 fw Controll.static GIPNIMALPEG          0.6213 -> 0.7095
25490,4 fw Controll.static NAKNALFCOIF        151.2003 -> 151.0503
25490,4 fw Controll.static IGLCENGMMMJ           12.45 -> 12.15
25490,4 fw Controll.static GIPNIMALPEG          0.7095 -> 0.9427
25498,2 fw Controll.static NAKNALFCOIF        151.0503 -> 150.9003
25498,2 fw Controll.static IGLCENGMMMJ           12.15 -> 12
25498,3 fw Controll.static MKFDGFOCKNO         25.2276 -> 25.2776
25498,3 fw Controll.static LEKCBKLAILO         25.2776 -> 25.3276
25498,3 fw Controll.static OFJKHAFJIMA          0.0005 -> 0.0048
25498,3 fw Controll.static GIPNIMALPEG          0.9427 -> 0.1
25506,7 fw Controll.static NAKNALFCOIF        150.9003 -> 150.6003
25506,7 fw Controll.static IGLCENGMMMJ              12 -> 11.7
25506,7 fw Controll.static GIPNIMALPEG             0.1 -> 0.2689
25512,4 fw Controll.static NAKNALFCOIF        150.6003 -> 150.3003
25512,4 fw Controll.static IGLCENGMMMJ            11.7 -> 11.4
25512,4 fw Controll.static GIPNIMALPEG          0.2689 -> 0.3834
25521,7 fw Controll.static NAKNALFCOIF        150.3003 -> 150.0003
25521,7 fw Controll.static IGLCENGMMMJ            11.4 -> 11.1
25521,7 fw Controll.static GIPNIMALPEG          0.3834 -> 0.5687
25529,6 fw Controll.static NAKNALFCOIF        150.0003 -> 149.8503
25529,6 fw Controll.static IGLCENGMMMJ            11.1 -> 10.8
25529,6 fw Controll.static GIPNIMALPEG          0.5687 -> 0.7273
25538,3 fw Controll.static NAKNALFCOIF        149.8503 -> 149.5503
25538,3 fw Controll.static IGLCENGMMMJ            10.8 -> 10.5
25538,3 fw Controll.static GIPNIMALPEG          0.7273 -> 0.9
25543,7 fw player          LNIDBHIAJJI              10 -> 9
25543,7 fw player          HEADELMLILF               1 -> 0
25543,7 fw Controll.static NAKNALFCOIF        149.5503 -> 149.4003
25543,7 fw Controll.static IGLCENGMMMJ            10.5 -> 10.2
25543,7 fw Controll.static DGNDKAKOEPD        77383367 -> 77384427
25543,7 fw Controll.static BEJBLGGGOCC       294643582 -> 294644582
25543,7 fw Controll.static JELGPAKAJPE              84 -> 143
25543,7 fw Controll.static EENJPDHGGGC         24.2622 -> 25.3227
25543,7 fw Controll.static MKFDGFOCKNO         25.2776 -> 25.3276
25543,7 fw Controll.static LEKCBKLAILO         25.3276 -> 25.3776
25543,7 fw Controll.static OFJKHAFJIMA          0.0048 -> 0.0003
25543,7 fw Controll.static GIPNIMALPEG             0.9 -> 0.0083
25555,0 fw Controll.static NAKNALFCOIF        149.4003 -> 149.2503
25555,0 fw Controll.static IGLCENGMMMJ            10.2 -> 9.9
25555,0 fw Controll.static GIPNIMALPEG          0.0083 -> 0.2349
25559,6 fw player          ACAIGMNLLEC             108 -> 107
25559,6 fw player          HEADELMLILF               0 -> 1
25559,6 fw Controll.static NAKNALFCOIF        149.2503 -> 148.9503
25559,7 fw Controll.static IGLCENGMMMJ             9.9 -> 9.6
25559,7 fw Controll.static GIPNIMALPEG          0.2349 -> 0.3279
25571,7 fw Controll.static NAKNALFCOIF        148.9503 -> 148.6503
25571,7 fw Controll.static IGLCENGMMMJ             9.6 -> 9.3
25571,7 fw Controll.static GIPNIMALPEG          0.3279 -> 0.5688
25577,7 fw Controll.static NAKNALFCOIF        148.6503 -> 148.5003
25577,7 fw Controll.static IGLCENGMMMJ             9.3 -> 9
25577,7 fw Controll.static GIPNIMALPEG          0.5688 -> 0.6894
25588,3 fw Controll.static NAKNALFCOIF        148.5003 -> 148.2003
25588,3 fw Controll.static IGLCENGMMMJ               9 -> 8.55
25588,4 fw Controll.static GIPNIMALPEG          0.6894 -> 0.9015
25592,7 fw Controll.static GIPNIMALPEG          0.9015 -> 0.9891
25604,8 fw Controll.static NAKNALFCOIF        148.2003 -> 147.7503
25604,8 fw Controll.static IGLCENGMMMJ            8.55 -> 7.95
25604,8 fw Controll.static MKFDGFOCKNO         25.3276 -> 25.3776
25604,8 fw Controll.static LEKCBKLAILO         25.3776 -> 25.4276
25604,8 fw Controll.static OFJKHAFJIMA          0.0003 -> 0.0113
25604,8 fw Controll.static GIPNIMALPEG          0.9891 -> 0.2303
25610,2 fw Controll.static GIPNIMALPEG          0.2303 -> 0.3367
25620,8 fw Controll.static NAKNALFCOIF        147.7503 -> 147.4503
25620,9 fw Controll.static IGLCENGMMMJ            7.95 -> 7.65
25620,9 fw Controll.static GIPNIMALPEG          0.3367 -> 0.5519
25625,5 fw Controll.static GIPNIMALPEG          0.5519 -> 0.6431
25639,0 fw Controll.static NAKNALFCOIF        147.4503 -> 147.3003
25639,0 fw Controll.static IGLCENGMMMJ            7.65 -> 7.35
25639,0 fw Controll.static GIPNIMALPEG          0.6431 -> 0.9144
25642,2 fw player          LNIDBHIAJJI               9 -> 7
25642,2 fw player          ACAIGMNLLEC             107 -> 106
25642,3 fw Controll.static GIPNIMALPEG          0.9144 -> 0.9794
25658,7 fw Controll.static NAKNALFCOIF        147.3003 -> 146.8503
25658,7 fw Controll.static IGLCENGMMMJ            7.35 -> 7.05
25658,7 fw Controll.static MKFDGFOCKNO         25.3776 -> 25.4276
25658,7 fw Controll.static LEKCBKLAILO         25.4276 -> 25.4776
25658,7 fw Controll.static OFJKHAFJIMA          0.0113 -> 0.0153
25658,8 fw Controll.static GIPNIMALPEG          0.9794 -> 0.3093
25663,0 fw Controll.static NAKNALFCOIF        146.8503 -> 146.7003
25663,0 fw Controll.static IGLCENGMMMJ            7.05 -> 6.9
25663,0 fw Controll.static GIPNIMALPEG          0.3093 -> 0.3944
25674,7 fw Controll.static GIPNIMALPEG          0.3944 -> 0.6277
25680,2 fw Controll.static NAKNALFCOIF        146.7003 -> 146.5503
25680,2 fw Controll.static IGLCENGMMMJ             6.9 -> 6.6
25680,3 fw Controll.static GIPNIMALPEG          0.6277 -> 0.7386
25691,7 fw Controll.static IGLCENGMMMJ             6.6 -> 6.45
25691,7 fw Controll.static GIPNIMALPEG          0.7386 -> 0.969
25697,0 fw Controll.static NAKNALFCOIF        146.5503 -> 146.4003
25697,0 fw Controll.static IGLCENGMMMJ            6.45 -> 6.15
25697,0 fw Controll.static MKFDGFOCKNO         25.4276 -> 25.4776
25697,0 fw Controll.static LEKCBKLAILO         25.4776 -> 25.5276
25697,1 fw Controll.static OFJKHAFJIMA          0.0153 -> 0.0036
25697,1 fw Controll.static GIPNIMALPEG           0.969 -> 0.0753
25707,2 fw player          LNIDBHIAJJI               7 -> 5
25707,2 fw player          ACAIGMNLLEC             106 -> 105
25707,2 fw Controll.static NAKNALFCOIF        146.4003 -> 146.2503
25707,2 fw Controll.static IGLCENGMMMJ            6.15 -> 5.85
25707,2 fw Controll.static GIPNIMALPEG          0.0753 -> 0.2788
25714,7 fw Controll.static NAKNALFCOIF        146.2503 -> 146.1003
25714,7 fw Controll.static IGLCENGMMMJ            5.85 -> 5.55
25714,8 fw Controll.static GIPNIMALPEG          0.2788 -> 0.4291
25722,0 fw Controll.static NAKNALFCOIF        146.1003 -> 145.9503
25722,0 fw Controll.static IGLCENGMMMJ            5.55 -> 5.25
25722,1 fw Controll.static GIPNIMALPEG          0.4291 -> 0.5753
25729,9 fw Controll.static NAKNALFCOIF        145.9503 -> 145.8003
25729,9 fw Controll.static IGLCENGMMMJ            5.25 -> 4.95
25729,9 fw Controll.static GIPNIMALPEG          0.5753 -> 0.7327
25737,9 fw Controll.static NAKNALFCOIF        145.8003 -> 145.6503
25737,9 fw Controll.static IGLCENGMMMJ            4.95 -> 4.65
25738,0 fw Controll.static GIPNIMALPEG          0.7327 -> 0.8936
25746,0 fw Controll.static IGLCENGMMMJ            4.65 -> 4.5
25746,0 fw Controll.static MKFDGFOCKNO         25.4776 -> 25.5276
25746,0 fw Controll.static LEKCBKLAILO         25.5276 -> 25.5776
25746,0 fw Controll.static OFJKHAFJIMA          0.0036 -> 0.0026
25746,0 fw Controll.static GIPNIMALPEG          0.8936 -> 0.054
25755,2 # net: TcpClient.Connected = True
25755,2 fw player          ACAIGMNLLEC             105 -> 104
25755,3 fw Controll.static IGLCENGMMMJ             4.5 -> 4.2
25755,3 fw Controll.static GIPNIMALPEG           0.054 -> 0.239
25760,4 fw Controll.static IGLCENGMMMJ             4.2 -> 3.9
25760,5 fw Controll.static GIPNIMALPEG           0.239 -> 0.3433
25772,7 fw Controll.static NAKNALFCOIF        145.6503 -> 145.3503
25772,7 fw Controll.static IGLCENGMMMJ             3.9 -> 3.15
25772,8 fw Controll.static GIPNIMALPEG          0.3433 -> 0.5894
25776,6 fw Controll.static GIPNIMALPEG          0.5894 -> 0.6666
25787,1 fw Controll.static NAKNALFCOIF        145.3503 -> 145.2003
25787,1 fw Controll.static IGLCENGMMMJ            3.15 -> 3
25787,1 fw Controll.static GIPNIMALPEG          0.6666 -> 0.8769
25794,4 fw Controll.static NAKNALFCOIF        145.2003 -> 145.0504
25794,4 fw Controll.static IGLCENGMMMJ               3 -> 2.7
25794,4 fw Controll.static MKFDGFOCKNO         25.5276 -> 25.5776
25794,4 fw Controll.static LEKCBKLAILO         25.5776 -> 25.6276
25794,4 fw Controll.static OFJKHAFJIMA          0.0026 -> 0.0009
25794,4 fw Controll.static GIPNIMALPEG          0.8769 -> 0.0215
25804,2 fw player          LNIDBHIAJJI               5 -> 4
25804,2 fw player          HEADELMLILF               1 -> 0
25804,2 fw Controll.static NAKNALFCOIF        145.0504 -> 144.7504
25804,2 fw Controll.static IGLCENGMMMJ             2.7 -> 2.1
25804,3 fw Controll.static GIPNIMALPEG          0.0215 -> 0.2186
25808,7 fw Controll.static GIPNIMALPEG          0.2186 -> 0.3083
25822,1 fw Controll.static IGLCENGMMMJ             2.1 -> 1.65
25822,1 fw Controll.static GIPNIMALPEG          0.3083 -> 0.5761
25825,5 fw Controll.static GIPNIMALPEG          0.5761 -> 0.6434
25838,8 fw Controll.static NAKNALFCOIF        144.7504 -> 144.4503
25838,8 fw Controll.static IGLCENGMMMJ            1.65 -> 1.05
25838,8 fw Controll.static GIPNIMALPEG          0.6434 -> 0.9102
25843,0 fw player          LNIDBHIAJJI               4 -> 3
25843,0 fw player          ACAIGMNLLEC             104 -> 103
25843,0 fw player          HEADELMLILF               0 -> 1
25843,0 fw Controll.static GIPNIMALPEG          0.9102 -> 0.994
25855,1 fw Controll.static NAKNALFCOIF        144.4503 -> 144.3004
25855,1 fw Controll.static IGLCENGMMMJ            1.05 -> 0.75
25855,1 fw Controll.static MKFDGFOCKNO         25.5776 -> 25.6276
25855,1 fw Controll.static LEKCBKLAILO         25.6276 -> 25.6776
25855,1 fw Controll.static OFJKHAFJIMA          0.0009 -> 0.0117
25855,2 fw Controll.static GIPNIMALPEG           0.994 -> 0.237
25860,4 fw Controll.static GIPNIMALPEG           0.237 -> 0.3418
25871,0 fw Controll.static NAKNALFCOIF        144.3004 -> 144.1504
25871,0 fw Controll.static IGLCENGMMMJ            0.75 -> 0.3
25871,0 fw Controll.static GIPNIMALPEG          0.3418 -> 0.5544
25877,6 fw Controll.static NAKNALFCOIF        144.1504 -> 144.0004
25877,6 fw Controll.static IGLCENGMMMJ             0.3 -> 0.15
25877,6 fw Controll.static GIPNIMALPEG          0.5544 -> 0.686
25886,8 fw Controll.static GIPNIMALPEG           0.686 -> 0.8701
25892,3 fw Controll.static GIPNIMALPEG          0.8701 -> 0.9795
25904,4 fw Controll.static NAKNALFCOIF        144.0004 -> 143.8504
25904,4 fw Controll.static IGLCENGMMMJ            0.15 -> -0.3
25904,4 fw Controll.static MKFDGFOCKNO         25.6276 -> 25.6776
25904,4 fw Controll.static LEKCBKLAILO         25.6776 -> 25.7276
25904,4 fw Controll.static OFJKHAFJIMA          0.0117 -> 0.0108
25904,5 fw Controll.static GIPNIMALPEG          0.9795 -> 0.221
25909,9 fw player          LNIDBHIAJJI               3 -> 1
25909,9 fw player          HEADELMLILF               1 -> 0
25909,9 fw Controll.static NAKNALFCOIF        143.8504 -> 143.7004
25909,9 fw Controll.static IGLCENGMMMJ            -0.3 -> -0.6
25909,9 fw Controll.static GIPNIMALPEG           0.221 -> 0.3326
25919,7 fw Controll.static NAKNALFCOIF        143.7004 -> 143.5504
25919,7 fw Controll.static IGLCENGMMMJ            -0.6 -> -0.9
25919,8 fw Controll.static GIPNIMALPEG          0.3326 -> 0.5292
25925,9 fw Controll.static GIPNIMALPEG          0.5292 -> 0.6516
25937,4 fw Controll.static NAKNALFCOIF        143.5504 -> 143.4004
25937,4 fw Controll.static IGLCENGMMMJ            -0.9 -> -1.2
25937,5 fw Controll.static GIPNIMALPEG          0.6516 -> 0.8833
25940,9 fw Controll.static NAKNALFCOIF        143.4004 -> 143.2504
25940,9 fw Controll.static IGLCENGMMMJ            -1.2 -> -1.35
25940,9 fw Controll.static GIPNIMALPEG          0.8833 -> 0.9523
25955,0 fw Controll.static NAKNALFCOIF        143.2504 -> 143.1004
25955,0 fw Controll.static IGLCENGMMMJ           -1.35 -> -1.5
25955,0 fw Controll.static MKFDGFOCKNO         25.6776 -> 25.7276
25955,0 fw Controll.static LEKCBKLAILO         25.7276 -> 25.7776
25955,0 fw Controll.static OFJKHAFJIMA          0.0108 -> 0.0115
25955,0 fw Controll.static GIPNIMALPEG          0.9523 -> 0.2339
25958,5 fw player          LNIDBHIAJJI               1 -> 0
25958,5 fw player          ACAIGMNLLEC             103 -> 102
25958,6 fw player          HEADELMLILF               0 -> 1
25958,6 fw Controll.static GIPNIMALPEG          0.2339 -> 0.3058
25971,9 fw Controll.static NAKNALFCOIF        143.1004 -> 142.9504
25971,9 fw Controll.static IGLCENGMMMJ            -1.5 -> -1.65
25972,0 fw Controll.static GIPNIMALPEG          0.3058 -> 0.5732
25975,7 fw Controll.static GIPNIMALPEG          0.5732 -> 0.6475
25987,7 fw Controll.static NAKNALFCOIF        142.9504 -> 142.8004
25987,7 fw Controll.static IGLCENGMMMJ           -1.65 -> -1.8
25987,8 fw Controll.static GIPNIMALPEG          0.6475 -> 0.8891
25993,9 fw Controll.static NAKNALFCOIF        142.8004 -> 142.6504
25993,9 fw Controll.static IGLCENGMMMJ            -1.8 -> -1.95
25994,0 fw Controll.static MKFDGFOCKNO         25.7276 -> 25.7776
25994,0 fw Controll.static LEKCBKLAILO         25.7776 -> 25.8276
25994,0 fw Controll.static OFJKHAFJIMA          0.0115 -> 0.0005
25994,0 fw Controll.static GIPNIMALPEG          0.8891 -> 0.0131
26004,8 fw Controll.static NAKNALFCOIF        142.6504 -> 142.5004
26004,8 fw Controll.static IGLCENGMMMJ           -1.95 -> -2.1
26004,8 fw Controll.static GIPNIMALPEG          0.0131 -> 0.23
26009,2 fw player          LNIDBHIAJJI               0 -> 255
26009,2 fw player          HEADELMLILF               1 -> 0
26009,2 fw Controll.static GIPNIMALPEG            0.23 -> 0.3181
26019,7 fw Controll.static GIPNIMALPEG          0.3181 -> 0.5282
26026,4 fw Controll.static GIPNIMALPEG          0.5282 -> 0.6622
26036,8 fw Controll.static GIPNIMALPEG          0.6622 -> 0.8694
26040,9 fw Controll.static GIPNIMALPEG          0.8694 -> 0.9513
26053,7 fw Controll.static MKFDGFOCKNO         25.7776 -> 25.8276
26053,7 fw Controll.static LEKCBKLAILO         25.8276 -> 25.8776
26053,7 fw Controll.static OFJKHAFJIMA          0.0005 -> 0.0101
26053,7 fw Controll.static GIPNIMALPEG          0.9513 -> 0.2067
26058,3 fw player          LNIDBHIAJJI             255 -> 254
26058,3 fw player          ACAIGMNLLEC             102 -> 101
26058,3 fw player          HEADELMLILF               0 -> 1
26058,3 fw Controll.static GIPNIMALPEG          0.2067 -> 0.3004
26070,5 fw Controll.static GIPNIMALPEG          0.3004 -> 0.5428
26074,2 fw Controll.static GIPNIMALPEG          0.5428 -> 0.6183
26086,0 fw Controll.static GIPNIMALPEG          0.6183 -> 0.8539
26092,8 fw player          HEADELMLILF               1 -> 0
26092,8 fw Controll.static GIPNIMALPEG          0.8539 -> 0.9902
26103,3 fw Controll.static MKFDGFOCKNO         25.8276 -> 25.8776
26103,3 fw Controll.static LEKCBKLAILO         25.8776 -> 25.9276
26103,3 fw Controll.static OFJKHAFJIMA          0.0101 -> 0.0098
26103,3 fw Controll.static GIPNIMALPEG          0.9902 -> 0.1997
26106,8 fw Controll.static GIPNIMALPEG          0.1997 -> 0.269
26119,4 fw Controll.static GIPNIMALPEG           0.269 -> 0.5221
26125,6 fw Controll.static GIPNIMALPEG          0.5221 -> 0.6453
26136,7 fw Controll.static GIPNIMALPEG          0.6453 -> 0.868
26140,4 fw Controll.static GIPNIMALPEG           0.868 -> 0.9426
26153,2 fw Controll.static MKFDGFOCKNO         25.8776 -> 25.9276
26153,2 fw Controll.static LEKCBKLAILO         25.9276 -> 25.9776
26153,2 fw Controll.static GIPNIMALPEG          0.9426 -> 0.1977
26158,0 fw Controll.static GIPNIMALPEG          0.1977 -> 0.2937
26170,0 fw Controll.static GIPNIMALPEG          0.2937 -> 0.5332
26176,4 fw Controll.static DJACNOGOCKD               1 -> 0
26176,4 fw Controll.static GIPNIMALPEG          0.5332 -> 0.6625
26186,7 fw Controll.static GIPNIMALPEG          0.6625 -> 0.8668
26191,4 fw Controll.static GIPNIMALPEG          0.8668 -> 0.9616
26203,8 fw Controll.static MKFDGFOCKNO         25.9276 -> 25.9776
26203,8 fw Controll.static LEKCBKLAILO         25.9776 -> 26.0276
26203,8 fw Controll.static OFJKHAFJIMA          0.0098 -> 0.0103
26203,8 fw Controll.static GIPNIMALPEG          0.9616 -> 0.2093
26208,1 fw player          APFNBGHAJMD               1 -> 0
26208,2 fw Controll.static GIPNIMALPEG          0.2093 -> 0.2968
26219,6 fw Controll.static GIPNIMALPEG          0.2968 -> 0.5247
26224,2 fw Controll.static GIPNIMALPEG          0.5247 -> 0.6169
26236,7 fw Controll.static GIPNIMALPEG          0.6169 -> 0.8674
26240,9 fw Controll.static GIPNIMALPEG          0.8674 -> 0.9527
26252,6 fw Controll.static MKFDGFOCKNO         25.9776 -> 26.0276
26252,6 fw Controll.static LEKCBKLAILO         26.0276 -> 26.0776
26252,7 fw Controll.static OFJKHAFJIMA          0.0103 -> 0.0091
26252,7 fw Controll.static GIPNIMALPEG          0.9527 -> 0.1868
26257,8 fw Controll.static GIPNIMALPEG          0.1868 -> 0.2905
26269,6 fw Controll.static GIPNIMALPEG          0.2905 -> 0.5255
26274,1 fw Controll.static GIPNIMALPEG          0.5255 -> 0.6157
26285,3 fw Controll.static GIPNIMALPEG          0.6157 -> 0.8385
26292,0 fw player          APFNBGHAJMD               0 -> 1
26292,0 fw Controll.static GIPNIMALPEG          0.8385 -> 0.9737
26302,9 fw Controll.static MKFDGFOCKNO         26.0276 -> 26.0776
26302,9 fw Controll.static LEKCBKLAILO         26.0776 -> 26.1276
26302,9 fw Controll.static OFJKHAFJIMA          0.0091 -> 0.0094
26302,9 fw Controll.static GIPNIMALPEG          0.9737 -> 0.1919
26306,7 fw Controll.static GIPNIMALPEG          0.1919 -> 0.2679
26319,0 fw Controll.static GIPNIMALPEG          0.2679 -> 0.514
26324,0 fw Controll.static GIPNIMALPEG           0.514 -> 0.6138
26336,4 fw Controll.static GIPNIMALPEG          0.6138 -> 0.8613
26340,9 fw Controll.static GIPNIMALPEG          0.8613 -> 0.9517
26352,2 fw Controll.static MKFDGFOCKNO         26.0776 -> 26.1276
26352,2 fw Controll.static LEKCBKLAILO         26.1276 -> 26.1776
26352,2 fw Controll.static OFJKHAFJIMA          0.0094 -> 0.0087
26352,3 fw Controll.static GIPNIMALPEG          0.9517 -> 0.1784
26357,6 fw Controll.static GIPNIMALPEG          0.1784 -> 0.2847
26369,4 fw Controll.static GIPNIMALPEG          0.2847 -> 0.5209
26373,6 fw Controll.static GIPNIMALPEG          0.5209 -> 0.6049
26385,2 fw Controll.static GIPNIMALPEG          0.6049 -> 0.8371
26391,2 fw Controll.static GIPNIMALPEG          0.8371 -> 0.9585
26402,5 fw Controll.static MKFDGFOCKNO         26.1276 -> 26.1776
26402,5 fw Controll.static LEKCBKLAILO         26.1776 -> 26.2276
26402,5 fw Controll.static OFJKHAFJIMA          0.0087 -> 0.009
26402,5 fw Controll.static GIPNIMALPEG          0.9585 -> 0.1825
26406,4 fw Controll.static GIPNIMALPEG          0.1825 -> 0.2619
26419,0 fw Controll.static GIPNIMALPEG          0.2619 -> 0.5128
26423,8 fw Controll.static GIPNIMALPEG          0.5128 -> 0.6095
26436,2 fw Controll.static GIPNIMALPEG          0.6095 -> 0.8568
26439,6 fw Controll.static GIPNIMALPEG          0.8568 -> 0.9247
26452,3 fw Controll.static MKFDGFOCKNO         26.1776 -> 26.2276
26452,3 fw Controll.static LEKCBKLAILO         26.2276 -> 26.2776
26452,3 fw Controll.static OFJKHAFJIMA           0.009 -> 0.0087
26452,4 fw Controll.static GIPNIMALPEG          0.9247 -> 0.1793
26457,4 fw Controll.static GIPNIMALPEG          0.1793 -> 0.2813
26469,2 fw Controll.static GIPNIMALPEG          0.2813 -> 0.5163
26473,2 fw Controll.static GIPNIMALPEG          0.5163 -> 0.5978
26484,9 fw Controll.static GIPNIMALPEG          0.5978 -> 0.8312
26492,4 fw Controll.static GIPNIMALPEG          0.8312 -> 0.9815
26502,5 fw Controll.static DGNDKAKOEPD        77384427 -> 77385382
26502,5 fw Controll.static BEJBLGGGOCC       294644582 -> 294645591
26502,5 fw Controll.static JELGPAKAJPE             143 -> 91
26502,5 fw Controll.static EENJPDHGGGC         25.3227 -> 26.2768
26502,5 fw Controll.static MKFDGFOCKNO         26.2276 -> 26.2776
26502,5 fw Controll.static LEKCBKLAILO         26.2776 -> 26.3276
26502,5 fw Controll.static OFJKHAFJIMA          0.0087 -> 0.009
26502,5 fw Controll.static GIPNIMALPEG          0.9815 -> 0.1828
26506,5 fw Controll.static GIPNIMALPEG          0.1828 -> 0.2632
26518,3 fw Controll.static GIPNIMALPEG          0.2632 -> 0.4992
26523,5 fw Controll.static GIPNIMALPEG          0.4992 -> 0.6032
26535,6 fw Controll.static GIPNIMALPEG          0.6032 -> 0.845
26539,7 fw Controll.static GIPNIMALPEG           0.845 -> 0.9276
26551,7 fw Controll.static MKFDGFOCKNO         26.2776 -> 26.3276
26551,7 fw Controll.static LEKCBKLAILO         26.3276 -> 26.3776
26551,8 fw Controll.static OFJKHAFJIMA           0.009 -> 0.0082
26551,8 fw Controll.static GIPNIMALPEG          0.9276 -> 0.1683
26556,5 fw Controll.static GIPNIMALPEG          0.1683 -> 0.2628
26569,0 fw Controll.static GIPNIMALPEG          0.2628 -> 0.5134
26573,6 fw Controll.static GIPNIMALPEG          0.5134 -> 0.6059
26584,5 fw Controll.static GIPNIMALPEG          0.6059 -> 0.8234
26591,1 fw Controll.static GIPNIMALPEG          0.8234 -> 0.955
26602,0 fw Controll.static MKFDGFOCKNO         26.3276 -> 26.3776
26602,0 fw Controll.static LEKCBKLAILO         26.3776 -> 26.4276
26602,0 fw Controll.static OFJKHAFJIMA          0.0082 -> 0.0084
26602,0 fw Controll.static GIPNIMALPEG           0.955 -> 0.1721
26606,8 fw Controll.static GIPNIMALPEG          0.1721 -> 0.2687
26618,5 fw Controll.static GIPNIMALPEG          0.2687 -> 0.5039
26624,9 fw Controll.static GIPNIMALPEG          0.5039 -> 0.631
26635,4 fw Controll.static GIPNIMALPEG           0.631 -> 0.842
26640,1 fw Controll.static GIPNIMALPEG           0.842 -> 0.9358
26651,6 fw Controll.static MKFDGFOCKNO         26.3776 -> 26.4276
26651,6 fw Controll.static LEKCBKLAILO         26.4276 -> 26.4776
26651,6 fw Controll.static OFJKHAFJIMA          0.0084 -> 0.0081
26651,6 fw Controll.static GIPNIMALPEG          0.9358 -> 0.1658
26657,1 fw Controll.static GIPNIMALPEG          0.1658 -> 0.2744
26668,1 fw Controll.static GIPNIMALPEG          0.2744 -> 0.4957
26673,0 fw Controll.static GIPNIMALPEG          0.4957 -> 0.5928
26684,3 fw Controll.static GIPNIMALPEG          0.5928 -> 0.8195
26689,6 fw Controll.static GIPNIMALPEG          0.8195 -> 0.9252
26702,6 fw Controll.static MKFDGFOCKNO         26.4276 -> 26.4776
26702,6 fw Controll.static LEKCBKLAILO         26.4776 -> 26.5276
26702,6 fw Controll.static OFJKHAFJIMA          0.0081 -> 0.009
26702,6 fw Controll.static GIPNIMALPEG          0.9252 -> 0.184
26708,2 fw Controll.static GIPNIMALPEG           0.184 -> 0.2967
26718,7 fw Controll.static GIPNIMALPEG          0.2967 -> 0.5074
26725,1 fw Controll.static GIPNIMALPEG          0.5074 -> 0.6336
26735,7 fw Controll.static GIPNIMALPEG          0.6336 -> 0.8473
26739,8 fw Controll.static GIPNIMALPEG          0.8473 -> 0.9284
26752,0 fw Controll.static MKFDGFOCKNO         26.4776 -> 26.5276
26752,0 fw Controll.static LEKCBKLAILO         26.5276 -> 26.5776
26752,0 fw Controll.static OFJKHAFJIMA           0.009 -> 0.0084
26752,0 fw Controll.static GIPNIMALPEG          0.9284 -> 0.1723
26758,6 fw Controll.static GIPNIMALPEG          0.1723 -> 0.3051
26768,1 fw Controll.static GIPNIMALPEG          0.3051 -> 0.495
26773,0 fw Controll.static GIPNIMALPEG           0.495 -> 0.5932
26783,9 fw Controll.static GIPNIMALPEG          0.5932 -> 0.8101
26790,1 fw Controll.static GIPNIMALPEG          0.8101 -> 0.9341
26802,3 fw Controll.static MKFDGFOCKNO         26.5276 -> 26.5776
26802,3 fw Controll.static LEKCBKLAILO         26.5776 -> 26.6276
26802,3 fw Controll.static OFJKHAFJIMA          0.0084 -> 0.0088
26802,3 fw Controll.static GIPNIMALPEG          0.9341 -> 0.1783
26805,3 fw Controll.static GIPNIMALPEG          0.1783 -> 0.2397
26818,2 fw Controll.static GIPNIMALPEG          0.2397 -> 0.4974
26825,0 fw Controll.static GIPNIMALPEG          0.4974 -> 0.6328
26835,9 fw Controll.static GIPNIMALPEG          0.6328 -> 0.8517
26839,8 fw Controll.static GIPNIMALPEG          0.8517 -> 0.9274
26852,2 fw Controll.static MKFDGFOCKNO         26.5776 -> 26.6276
26852,2 fw Controll.static LEKCBKLAILO         26.6276 -> 26.6776
26852,2 fw Controll.static OFJKHAFJIMA          0.0088 -> 0.0086
26852,2 fw Controll.static GIPNIMALPEG          0.9274 -> 0.1768
26857,8 fw Controll.static GIPNIMALPEG          0.1768 -> 0.2895
26867,6 fw player          APFNBGHAJMD               1 -> 0
26867,6 fw Controll.static GIPNIMALPEG          0.2895 -> 0.4851
26875,2 fw Controll.static GIPNIMALPEG          0.4851 -> 0.6371
26884,4 fw Controll.static GIPNIMALPEG          0.6371 -> 0.8201
26889,5 fw Controll.static GIPNIMALPEG          0.8201 -> 0.9234
26901,4 fw Controll.static MKFDGFOCKNO         26.6276 -> 26.6777
26901,4 fw Controll.static LEKCBKLAILO         26.6776 -> 26.7277
26901,4 fw Controll.static OFJKHAFJIMA          0.0086 -> 0.0079
26901,4 fw Controll.static GIPNIMALPEG          0.9234 -> 0.1602
26906,0 fw Controll.static GIPNIMALPEG          0.1602 -> 0.2527
26917,4 fw Controll.static GIPNIMALPEG          0.2527 -> 0.4804
26922,7 fw Controll.static GIPNIMALPEG          0.4804 -> 0.5859
26936,3 fw Controll.static GIPNIMALPEG          0.5859 -> 0.859
26940,9 fw Controll.static GIPNIMALPEG           0.859 -> 0.9496
26952,7 fw Controll.static MKFDGFOCKNO         26.6777 -> 26.7277
26952,7 fw Controll.static LEKCBKLAILO         26.7277 -> 26.7777
26952,7 fw Controll.static OFJKHAFJIMA          0.0079 -> 0.0091
26952,7 fw Controll.static GIPNIMALPEG          0.9496 -> 0.1866
26957,9 fw player          APFNBGHAJMD               0 -> 1
26958,0 fw Controll.static GIPNIMALPEG          0.1866 -> 0.2913
26968,1 fw Controll.static GIPNIMALPEG          0.2913 -> 0.4939
26975,2 fw Controll.static GIPNIMALPEG          0.4939 -> 0.6377
26984,8 fw Controll.static GIPNIMALPEG          0.6377 -> 0.8281
26990,5 fw Controll.static GIPNIMALPEG          0.8281 -> 0.9415
27002,0 fw Controll.static MKFDGFOCKNO         26.7277 -> 26.7777
27002,0 fw Controll.static LEKCBKLAILO         26.7777 -> 26.8277
27002,0 fw Controll.static OFJKHAFJIMA          0.0091 -> 0.0084
27002,0 fw Controll.static GIPNIMALPEG          0.9415 -> 0.172
27005,9 fw Controll.static GIPNIMALPEG           0.172 -> 0.251
27018,2 fw Controll.static GIPNIMALPEG           0.251 -> 0.4952
27023,5 fw Controll.static GIPNIMALPEG          0.4952 -> 0.6025
27035,2 fw Controll.static GIPNIMALPEG          0.6025 -> 0.8358
27042,5 fw Controll.static BFEOOOMMGLK               0 -> 1
27042,5 fw Controll.static MNHBPCOOMLE        77382898 -> 77386011
27042,5 fw Controll.static GIPNIMALPEG          0.8358 -> 0.9815
27051,2 fw Controll.static BFEOOOMMGLK               1 -> 0
27051,2 fw Controll.static MKFDGFOCKNO         26.7777 -> 26.8277
27051,2 fw Controll.static LEKCBKLAILO         26.8277 -> 26.8777
27051,2 fw Controll.static OFJKHAFJIMA          0.0084 -> 0.0076
27051,2 fw Controll.static GIPNIMALPEG          0.9815 -> 0.1557
27057,4 fw Controll.static GIPNIMALPEG          0.1557 -> 0.2811
27067,1 fw Controll.static GIPNIMALPEG          0.2811 -> 0.4752
27073,4 fw Controll.static GIPNIMALPEG          0.4752 -> 0.6007
27083,2 fw Controll.static GIPNIMALPEG          0.6007 -> 0.7943
27089,0 fw Controll.static GIPNIMALPEG          0.7943 -> 0.9127
27101,0 fw Controll.static MKFDGFOCKNO         26.8277 -> 26.8777
27101,0 fw Controll.static LEKCBKLAILO         26.8777 -> 26.9277
27101,0 fw Controll.static OFJKHAFJIMA          0.0076 -> 0.0074
27101,0 fw Controll.static GIPNIMALPEG          0.9127 -> 0.1516
27104,7 fw Controll.static GIPNIMALPEG          0.1516 -> 0.2263
27117,8 fw Controll.static GIPNIMALPEG          0.2263 -> 0.4877
27125,0 fw Controll.static BFEOOOMMGLK               0 -> 1
27125,1 fw Controll.static MNHBPCOOMLE        77386011 -> 77386093
27125,1 fw Controll.static GIPNIMALPEG          0.4877 -> 0.633
27134,6 fw Controll.static BFEOOOMMGLK               1 -> 0
27134,7 fw Controll.static GIPNIMALPEG           0.633 -> 0.8254
27139,3 fw Controll.static GIPNIMALPEG          0.8254 -> 0.9179
27150,5 fw Controll.static MKFDGFOCKNO         26.8777 -> 26.9277
27150,5 fw Controll.static LEKCBKLAILO         26.9277 -> 26.9777
27150,5 fw Controll.static OFJKHAFJIMA          0.0074 -> 0.0069
27150,5 fw Controll.static GIPNIMALPEG          0.9179 -> 0.1427
27156,3 fw Controll.static GIPNIMALPEG          0.1427 -> 0.2588
27166,9 fw Controll.static GIPNIMALPEG          0.2588 -> 0.4707
27172,5 fw Controll.static GIPNIMALPEG          0.4707 -> 0.5826
27182,9 fw Controll.static GIPNIMALPEG          0.5826 -> 0.7911
27187,9 fw Controll.static GIPNIMALPEG          0.7911 -> 0.8898
27200,8 fw Controll.static MKFDGFOCKNO         26.9277 -> 26.9777
27200,8 fw Controll.static LEKCBKLAILO         26.9777 -> 27.0277
27200,8 fw Controll.static OFJKHAFJIMA          0.0069 -> 0.0072
27200,8 fw Controll.static GIPNIMALPEG          0.8898 -> 0.1474
27205,1 fw Controll.static BFEOOOMMGLK               0 -> 1
27205,2 fw Controll.static MNHBPCOOMLE        77386093 -> 77386174
27205,2 fw Controll.static GIPNIMALPEG          0.1474 -> 0.2352
27216,4 fw Controll.static BFEOOOMMGLK               1 -> 0
27216,5 fw Controll.static GIPNIMALPEG          0.2352 -> 0.4614
27221,9 fw Controll.static GIPNIMALPEG          0.4614 -> 0.5702
27233,7 fw Controll.static GIPNIMALPEG          0.5702 -> 0.8072
27238,0 fw Controll.static GIPNIMALPEG          0.8072 -> 0.8911
27252,1 fw Controll.static MKFDGFOCKNO         26.9777 -> 27.0277
27252,1 fw Controll.static LEKCBKLAILO         27.0277 -> 27.0777
27252,1 fw Controll.static OFJKHAFJIMA          0.0072 -> 0.0083
27252,2 fw Controll.static GIPNIMALPEG          0.8911 -> 0.1728
27257,3 fw Controll.static GIPNIMALPEG          0.1728 -> 0.2778
27269,3 fw Controll.static GIPNIMALPEG          0.2778 -> 0.5177
27275,6 fw Controll.static GIPNIMALPEG          0.5177 -> 0.6443
27284,3 fw Controll.static GIPNIMALPEG          0.6443 -> 0.8184
27292,5 fw Controll.static BFEOOOMMGLK               0 -> 1
27292,6 fw Controll.static MNHBPCOOMLE        77386174 -> 77386261
27292,6 fw Controll.static GIPNIMALPEG          0.8184 -> 0.9829
27301,1 fw Controll.static BFEOOOMMGLK               1 -> 0
27301,1 fw Controll.static MKFDGFOCKNO         27.0277 -> 27.0777
27301,1 fw Controll.static LEKCBKLAILO         27.0777 -> 27.1277
27301,1 fw Controll.static OFJKHAFJIMA          0.0083 -> 0.0076
27301,1 fw Controll.static GIPNIMALPEG          0.9829 -> 0.1547
27306,8 fw Controll.static GIPNIMALPEG          0.1547 -> 0.2686
27316,3 fw Controll.static GIPNIMALPEG          0.2686 -> 0.4577
27323,3 fw Controll.static GIPNIMALPEG          0.4577 -> 0.5988
27333,6 fw Controll.static GIPNIMALPEG          0.5988 -> 0.8032
27337,8 fw Controll.static GIPNIMALPEG          0.8032 -> 0.8883
27350,2 fw Controll.static MKFDGFOCKNO         27.0777 -> 27.1277
27350,2 fw Controll.static LEKCBKLAILO         27.1277 -> 27.1777
27350,2 fw Controll.static OFJKHAFJIMA          0.0076 -> 0.0066
27350,2 fw Controll.static GIPNIMALPEG          0.8883 -> 0.136
27354,6 fw Controll.static GIPNIMALPEG           0.136 -> 0.2247
27366,4 fw Controll.static GIPNIMALPEG          0.2247 -> 0.4603
27374,0 fw Controll.static BFEOOOMMGLK               0 -> 1
27374,1 fw Controll.static MNHBPCOOMLE        77386261 -> 77386343
27374,1 fw Controll.static GIPNIMALPEG          0.4603 -> 0.613
27383,6 fw Controll.static BFEOOOMMGLK               1 -> 0
27383,6 fw Controll.static GIPNIMALPEG           0.613 -> 0.8045
27388,9 fw Controll.static GIPNIMALPEG          0.8045 -> 0.9092
27400,0 fw Controll.static MKFDGFOCKNO         27.1277 -> 27.1777
27400,0 fw Controll.static LEKCBKLAILO         27.1777 -> 27.2277
27400,0 fw Controll.static OFJKHAFJIMA          0.0066 -> 0.0064
27400,0 fw Controll.static GIPNIMALPEG          0.9092 -> 0.1316
27406,0 fw Controll.static GIPNIMALPEG          0.1316 -> 0.2522
27416,1 fw Controll.static GIPNIMALPEG          0.2522 -> 0.4536
27422,1 fw Controll.static GIPNIMALPEG          0.4536 -> 0.5735
27433,4 fw Controll.static GIPNIMALPEG          0.5735 -> 0.799
27438,0 fw Controll.static GIPNIMALPEG           0.799 -> 0.8921
27449,8 fw Controll.static MKFDGFOCKNO         27.1777 -> 27.2277
27449,8 fw Controll.static LEKCBKLAILO         27.2277 -> 27.2777
27449,8 fw Controll.static OFJKHAFJIMA          0.0064 -> 0.0062
27449,8 fw Controll.static GIPNIMALPEG          0.8921 -> 0.1278
27455,1 fw Controll.static BFEOOOMMGLK               0 -> 1
27455,1 fw Controll.static MNHBPCOOMLE        77386343 -> 77386424
27455,1 fw Controll.static GIPNIMALPEG          0.1278 -> 0.2335
27466,1 fw Controll.static BFEOOOMMGLK               1 -> 0
27466,2 fw Controll.static GIPNIMALPEG          0.2335 -> 0.4549
27474,2 fw Controll.static GIPNIMALPEG          0.4549 -> 0.6152
27482,4 fw Controll.static GIPNIMALPEG          0.6152 -> 0.7798
27487,9 fw Controll.static GIPNIMALPEG          0.7798 -> 0.8909
27499,9 fw Controll.static MKFDGFOCKNO         27.2277 -> 27.2777
27499,9 fw Controll.static LEKCBKLAILO         27.2777 -> 27.3277
27499,9 fw Controll.static OFJKHAFJIMA          0.0062 -> 0.0064
27499,9 fw Controll.static GIPNIMALPEG          0.8909 -> 0.1306
27504,4 fw Controll.static GIPNIMALPEG          0.1306 -> 0.2196
27516,2 fw Controll.static GIPNIMALPEG          0.2196 -> 0.4554
27522,3 fw Controll.static GIPNIMALPEG          0.4554 -> 0.5785
27533,3 fw Controll.static DGNDKAKOEPD        77385382 -> 77386413
27533,3 fw Controll.static BEJBLGGGOCC       294645591 -> 294646588
27533,3 fw Controll.static JELGPAKAJPE              91 -> 124
27533,3 fw Controll.static EENJPDHGGGC         26.2768 -> 27.3079
27533,4 fw Controll.static GIPNIMALPEG          0.5785 -> 0.7991
27538,0 fw Controll.static BFEOOOMMGLK               0 -> 1
27538,0 fw Controll.static MNHBPCOOMLE        77386424 -> 77386507
27538,0 fw Controll.static GIPNIMALPEG          0.7991 -> 0.8917
27549,7 fw Controll.static BFEOOOMMGLK               1 -> 0
27549,7 fw Controll.static MKFDGFOCKNO         27.2777 -> 27.3277
27549,8 fw Controll.static LEKCBKLAILO         27.3277 -> 27.3777
27549,8 fw Controll.static OFJKHAFJIMA          0.0064 -> 0.006
27549,8 fw Controll.static GIPNIMALPEG          0.8917 -> 0.1255
27557,1 fw Controll.static GIPNIMALPEG          0.1255 -> 0.2736
27566,4 fw Controll.static GIPNIMALPEG          0.2736 -> 0.4609
27572,0 fw Controll.static GIPNIMALPEG          0.4609 -> 0.5718
27582,1 fw Controll.static GIPNIMALPEG          0.5718 -> 0.7744
27589,7 fw Controll.static GIPNIMALPEG          0.7744 -> 0.925
27599,7 fw Controll.static MKFDGFOCKNO         27.3277 -> 27.3777
27599,7 fw Controll.static LEKCBKLAILO         27.3777 -> 27.4277
27599,7 fw Controll.static GIPNIMALPEG           0.925 -> 0.1253
27603,9 fw Controll.static GIPNIMALPEG          0.1253 -> 0.2093
27616,0 fw Controll.static GIPNIMALPEG          0.2093 -> 0.4507
27623,4 fw Controll.static BFEOOOMMGLK               0 -> 1
27623,4 fw Controll.static MNHBPCOOMLE        77386507 -> 77386592
27623,4 fw Controll.static GIPNIMALPEG          0.4507 -> 0.6003
27633,2 fw Controll.static BFEOOOMMGLK               1 -> 0
27633,2 fw Controll.static GIPNIMALPEG          0.6003 -> 0.796
27637,3 fw Controll.static GIPNIMALPEG           0.796 -> 0.875
27649,3 fw Controll.static MKFDGFOCKNO         27.3777 -> 27.4277
27649,3 fw Controll.static LEKCBKLAILO         27.4277 -> 27.4777
27649,3 fw Controll.static OFJKHAFJIMA           0.006 -> 0.0057
27649,4 fw Controll.static GIPNIMALPEG           0.875 -> 0.1185
27655,7 fw Controll.static GIPNIMALPEG          0.1185 -> 0.2448
27665,6 fw Controll.static GIPNIMALPEG          0.2448 -> 0.4437
27671,5 fw Controll.static GIPNIMALPEG          0.4437 -> 0.5616
27681,8 fw Controll.static GIPNIMALPEG          0.5616 -> 0.7667
27689,8 fw Controll.static GIPNIMALPEG          0.7667 -> 0.9277
27699,4 fw Controll.static MKFDGFOCKNO         27.4277 -> 27.4777
27699,4 fw Controll.static LEKCBKLAILO         27.4777 -> 27.5277
27699,4 fw Controll.static GIPNIMALPEG          0.9277 -> 0.1193
27704,4 fw Controll.static BFEOOOMMGLK               0 -> 1
27704,4 fw Controll.static MNHBPCOOMLE        77386592 -> 77386673
27704,4 fw Controll.static GIPNIMALPEG          0.1193 -> 0.2196
27715,7 fw Controll.static BFEOOOMMGLK               1 -> 0
27715,7 fw Controll.static GIPNIMALPEG          0.2196 -> 0.4456
27722,6 fw Controll.static GIPNIMALPEG          0.4456 -> 0.5836
27732,9 fw Controll.static GIPNIMALPEG          0.5836 -> 0.7903
27736,9 fw Controll.static GIPNIMALPEG          0.7903 -> 0.8703
27748,5 fw Controll.static MKFDGFOCKNO         27.4777 -> 27.5277
27748,5 fw Controll.static LEKCBKLAILO         27.5277 -> 27.5777
27748,5 fw Controll.static OFJKHAFJIMA          0.0057 -> 0.005
27748,5 fw Controll.static GIPNIMALPEG          0.8703 -> 0.1021
27755,9 fw Controll.static GIPNIMALPEG          0.1021 -> 0.2496
27765,4 fw Controll.static GIPNIMALPEG          0.2496 -> 0.4403
27772,4 fw Controll.static GIPNIMALPEG          0.4403 -> 0.5786
27781,9 fw Controll.static GIPNIMALPEG          0.5786 -> 0.7702
27788,5 fw Controll.static BFEOOOMMGLK               0 -> 1
27788,5 fw Controll.static MNHBPCOOMLE        77386673 -> 77386757
27788,5 fw Controll.static GIPNIMALPEG          0.7702 -> 0.9017
27800,0 fw Controll.static BFEOOOMMGLK               1 -> 0
27800,0 fw Controll.static MKFDGFOCKNO         27.5277 -> 27.5777
27800,0 fw Controll.static LEKCBKLAILO         27.5777 -> 27.6277
27800,0 fw Controll.static OFJKHAFJIMA           0.005 -> 0.0063
27800,0 fw Controll.static GIPNIMALPEG          0.9017 -> 0.1307
27803,5 fw Controll.static GIPNIMALPEG          0.1307 -> 0.2013
27817,7 fw Controll.static DJACNOGOCKD               0 -> 1
27817,7 fw Controll.static FBINCNDDPAO         20.5873 -> 24.228
27817,7 fw Controll.static ILGHFLMKMCO         22.5873 -> 26.228
27817,7 fw Controll.static JADIDAJFOGK            0.34 -> 0.37
27817,7 fw Controll.static GIPNIMALPEG          0.2013 -> 0.4853
27822,6 fw Controll.static GIPNIMALPEG          0.4853 -> 0.5826
27833,6 fw Controll.static GIPNIMALPEG          0.5826 -> 0.8031
27839,6 fw Controll.static GIPNIMALPEG          0.8031 -> 0.9224
27849,6 fw Controll.static MKFDGFOCKNO         27.5777 -> 27.6277
27849,6 fw Controll.static LEKCBKLAILO         27.6277 -> 27.6777
27849,6 fw Controll.static OFJKHAFJIMA          0.0063 -> 0.006
27849,6 fw Controll.static GIPNIMALPEG          0.9224 -> 0.1235
27855,5 fw Controll.static GIPNIMALPEG          0.1235 -> 0.2406
27865,3 fw Controll.static GIPNIMALPEG          0.2406 -> 0.4379
27872,8 fw Controll.static GIPNIMALPEG          0.4379 -> 0.5884
27881,3 fw Controll.static GIPNIMALPEG          0.5884 -> 0.7573
27888,9 fw Controll.static GIPNIMALPEG          0.7573 -> 0.9079
27899,2 fw Controll.static MKFDGFOCKNO         27.6277 -> 27.6777
27899,2 fw Controll.static LEKCBKLAILO         27.6777 -> 27.7277
27899,2 fw Controll.static OFJKHAFJIMA           0.006 -> 0.0056
27899,2 fw Controll.static GIPNIMALPEG          0.9079 -> 0.1151
27904,3 fw Controll.static GIPNIMALPEG          0.1151 -> 0.2167
27915,3 fw Controll.static GIPNIMALPEG          0.2167 -> 0.438
27920,5 fw Controll.static GIPNIMALPEG           0.438 -> 0.5419
27932,6 fw Controll.static GIPNIMALPEG          0.5419 -> 0.7829
27937,0 fw Controll.static GIPNIMALPEG          0.7829 -> 0.8721
27948,2 fw Controll.static MKFDGFOCKNO         27.6777 -> 27.7277
27948,2 fw Controll.static LEKCBKLAILO         27.7277 -> 27.7777
27948,2 fw Controll.static OFJKHAFJIMA          0.0056 -> 0.0046
27948,2 fw Controll.static GIPNIMALPEG          0.8721 -> 0.0956
27954,7 fw Controll.static GIPNIMALPEG          0.0956 -> 0.226
27964,7 fw Controll.static GIPNIMALPEG           0.226 -> 0.4248
27970,2 fw Controll.static GIPNIMALPEG          0.4248 -> 0.5353
27981,0 fw Controll.static GIPNIMALPEG          0.5353 -> 0.7519
27985,9 fw Controll.static GIPNIMALPEG          0.7519 -> 0.8485
27999,3 fw Controll.static MKFDGFOCKNO         27.7277 -> 27.7777
27999,3 fw Controll.static LEKCBKLAILO         27.7777 -> 27.8277
27999,3 fw Controll.static OFJKHAFJIMA          0.0046 -> 0.0056
27999,3 fw Controll.static GIPNIMALPEG          0.8485 -> 0.1164
28002,1 fw Controll.static GIPNIMALPEG          0.1164 -> 0.1726
28015,4 fw Controll.static GIPNIMALPEG          0.1726 -> 0.4389
28020,9 fw Controll.static GIPNIMALPEG          0.4389 -> 0.5492
28031,9 fw Controll.static GIPNIMALPEG          0.5492 -> 0.7691
28036,1 fw Controll.static GIPNIMALPEG          0.7691 -> 0.8527
28047,8 fw Controll.static MKFDGFOCKNO         27.7777 -> 27.8277
28047,8 fw Controll.static LEKCBKLAILO         27.8277 -> 27.8777
28047,8 fw Controll.static OFJKHAFJIMA          0.0056 -> 0.004
28047,8 fw Controll.static GIPNIMALPEG          0.8527 -> 0.0855
28053,5 fw Controll.static GIPNIMALPEG          0.0855 -> 0.202
28064,9 fw Controll.static GIPNIMALPEG           0.202 -> 0.4282
28070,1 fw Controll.static GIPNIMALPEG          0.4282 -> 0.5338
28080,8 fw Controll.static GIPNIMALPEG          0.5338 -> 0.7473
28086,4 fw Controll.static GIPNIMALPEG          0.7473 -> 0.8584
28098,6 fw Controll.static MKFDGFOCKNO         27.8277 -> 27.8777
28098,6 fw Controll.static LEKCBKLAILO         27.8777 -> 27.9277
28098,6 fw Controll.static OFJKHAFJIMA           0.004 -> 0.005
28098,6 fw Controll.static GIPNIMALPEG          0.8584 -> 0.1039
28101,8 fw Controll.static GIPNIMALPEG          0.1039 -> 0.1677
28114,3 fw Controll.static GIPNIMALPEG          0.1677 -> 0.4169
28120,3 fw Controll.static GIPNIMALPEG          0.4169 -> 0.5373
28131,9 fw Controll.static GIPNIMALPEG          0.5373 -> 0.7687
28135,0 fw Controll.static GIPNIMALPEG          0.7687 -> 0.8309
28147,5 fw Controll.static MKFDGFOCKNO         27.8777 -> 27.9277
28147,5 fw Controll.static LEKCBKLAILO         27.9277 -> 27.9777
28147,5 fw Controll.static OFJKHAFJIMA           0.005 -> 0.0039
28147,6 fw Controll.static GIPNIMALPEG          0.8309 -> 0.0817
28155,1 fw Controll.static GIPNIMALPEG          0.0817 -> 0.233
28164,6 fw Controll.static GIPNIMALPEG           0.233 -> 0.4221
28169,1 fw Controll.static GIPNIMALPEG          0.4221 -> 0.5121
28180,5 fw Controll.static GIPNIMALPEG          0.5121 -> 0.7417
28185,6 fw Controll.static GIPNIMALPEG          0.7417 -> 0.8425
28198,5 fw Controll.static MKFDGFOCKNO         27.9277 -> 27.9777
28198,5 fw Controll.static LEKCBKLAILO         27.9777 -> 28.0277
28198,5 fw Controll.static OFJKHAFJIMA          0.0039 -> 0.0048
28198,5 fw Controll.static GIPNIMALPEG          0.8425 -> 0.1011
28202,4 fw Controll.static GIPNIMALPEG          0.1011 -> 0.1794
28214,5 fw Controll.static GIPNIMALPEG          0.1794 -> 0.4192
28219,5 fw Controll.static GIPNIMALPEG          0.4192 -> 0.5208
28231,4 fw Controll.static GIPNIMALPEG          0.5208 -> 0.7594
28237,4 fw Controll.static GIPNIMALPEG          0.7594 -> 0.8789
28246,9 fw Controll.static MKFDGFOCKNO         27.9777 -> 28.0277
28246,9 fw Controll.static LEKCBKLAILO         28.0277 -> 28.0777
28246,9 fw Controll.static OFJKHAFJIMA          0.0048 -> 0.0033
28247,0 fw Controll.static GIPNIMALPEG          0.8789 -> 0.0697
28253,4 fw Controll.static GIPNIMALPEG          0.0697 -> 0.1984
28264,4 fw Controll.static GIPNIMALPEG          0.1984 -> 0.4191
28269,1 fw Controll.static GIPNIMALPEG          0.4191 -> 0.5138
28280,9 fw Controll.static GIPNIMALPEG          0.5138 -> 0.7483
28285,4 fw Controll.static GIPNIMALPEG          0.7483 -> 0.839
28300,5 fw Controll.static MKFDGFOCKNO         28.0277 -> 28.0778
28300,5 fw Controll.static LEKCBKLAILO         28.0777 -> 28.1278
28300,5 fw Controll.static OFJKHAFJIMA          0.0033 -> 0.0067
28300,5 fw Controll.static GIPNIMALPEG           0.839 -> 0.1396
28304,9 fw Controll.static GIPNIMALPEG          0.1396 -> 0.2284
28317,1 fw Controll.static GIPNIMALPEG          0.2284 -> 0.4712
28323,6 fw Controll.static GIPNIMALPEG          0.4712 -> 0.6013
28332,9 fw Controll.static GIPNIMALPEG          0.6013 -> 0.7885
28338,8 fw Controll.static GIPNIMALPEG          0.7885 -> 0.9064
28348,0 fw Controll.static MKFDGFOCKNO         28.0778 -> 28.1278
28348,0 fw Controll.static LEKCBKLAILO         28.1278 -> 28.1778
28348,0 fw Controll.static OFJKHAFJIMA          0.0067 -> 0.0045
28348,0 fw Controll.static GIPNIMALPEG          0.9064 -> 0.0917
28355,6 fw Controll.static GIPNIMALPEG          0.0917 -> 0.2411
28364,0 fw Controll.static GIPNIMALPEG          0.2411 -> 0.4108
28369,7 fw Controll.static GIPNIMALPEG          0.4108 -> 0.5247
28380,1 fw Controll.static GIPNIMALPEG          0.5247 -> 0.7329
28386,0 fw Controll.static GIPNIMALPEG          0.7329 -> 0.8497
28397,6 fw Controll.static MKFDGFOCKNO         28.1278 -> 28.1778
28397,6 fw Controll.static LEKCBKLAILO         28.1778 -> 28.2278
28397,6 fw Controll.static OFJKHAFJIMA          0.0045 -> 0.0039
28397,6 fw Controll.static GIPNIMALPEG          0.8497 -> 0.0816
28401,0 fw Controll.static GIPNIMALPEG          0.0816 -> 0.1499
28413,3 fw Controll.static GIPNIMALPEG          0.1499 -> 0.3966
28419,4 fw Controll.static GIPNIMALPEG          0.3966 -> 0.5189
28430,7 fw Controll.static GIPNIMALPEG          0.5189 -> 0.7437
28434,7 fw Controll.static GIPNIMALPEG          0.7437 -> 0.8253
28446,7 fw Controll.static MKFDGFOCKNO         28.1778 -> 28.2278
28446,7 fw Controll.static LEKCBKLAILO         28.2278 -> 28.2778
28446,7 fw Controll.static OFJKHAFJIMA          0.0039 -> 0.0031
28446,7 fw Controll.static GIPNIMALPEG          0.8253 -> 0.0651
28452,7 fw Controll.static GIPNIMALPEG          0.0651 -> 0.185
28463,4 fw Controll.static GIPNIMALPEG           0.185 -> 0.399
28467,6 fw Controll.static GIPNIMALPEG           0.399 -> 0.4828
28480,0 fw Controll.static GIPNIMALPEG          0.4828 -> 0.7309
28484,4 fw Controll.static GIPNIMALPEG          0.7309 -> 0.8184
28497,4 fw Controll.static DGNDKAKOEPD        77386413 -> 77387374
28497,5 fw Controll.static BEJBLGGGOCC       294646588 -> 294647586
28497,5 fw Controll.static JELGPAKAJPE             124 -> 87
28497,5 fw Controll.static EENJPDHGGGC         27.3079 -> 28.2688
28497,5 fw Controll.static MKFDGFOCKNO         28.2278 -> 28.2778
28497,5 fw Controll.static LEKCBKLAILO         28.2778 -> 28.3278
28497,5 fw Controll.static OFJKHAFJIMA          0.0031 -> 0.0038
28497,5 fw Controll.static GIPNIMALPEG          0.8184 -> 0.0797
28500,7 fw Controll.static GIPNIMALPEG          0.0797 -> 0.1452
28513,5 fw Controll.static GIPNIMALPEG          0.1452 -> 0.4006
28519,5 fw Controll.static GIPNIMALPEG          0.4006 -> 0.5197
28530,3 fw Controll.static GIPNIMALPEG          0.5197 -> 0.7365
28534,2 fw Controll.static GIPNIMALPEG          0.7365 -> 0.8146
28546,2 fw Controll.static MKFDGFOCKNO         28.2778 -> 28.3278
28546,2 fw Controll.static LEKCBKLAILO         28.3278 -> 28.3778
28546,2 fw Controll.static OFJKHAFJIMA          0.0038 -> 0.0025
28546,2 fw Controll.static GIPNIMALPEG          0.8146 -> 0.0539
28551,4 fw Controll.static GIPNIMALPEG          0.0539 -> 0.1592
28563,1 fw Controll.static GIPNIMALPEG          0.1592 -> 0.3922
28567,5 fw Controll.static GIPNIMALPEG          0.3922 -> 0.4807
28579,8 fw Controll.static GIPNIMALPEG          0.4807 -> 0.7266
28584,2 fw Controll.static GIPNIMALPEG          0.7266 -> 0.8134
28596,9 fw Controll.static MKFDGFOCKNO         28.3278 -> 28.3778
28596,9 fw Controll.static LEKCBKLAILO         28.3778 -> 28.4278
28596,9 fw Controll.static OFJKHAFJIMA          0.0025 -> 0.0032
28596,9 fw Controll.static GIPNIMALPEG          0.8134 -> 0.068
28600,5 fw Controll.static GIPNIMALPEG           0.068 -> 0.1409
28612,6 fw Controll.static GIPNIMALPEG          0.1409 -> 0.3813
28619,9 fw Controll.static GIPNIMALPEG          0.3813 -> 0.5271
28629,9 fw Controll.static GIPNIMALPEG          0.5271 -> 0.7282
28633,2 fw Controll.static GIPNIMALPEG          0.7282 -> 0.7948
28646,2 fw Controll.static MKFDGFOCKNO         28.3778 -> 28.4278
28646,2 fw Controll.static LEKCBKLAILO         28.4278 -> 28.4778
28646,2 fw Controll.static OFJKHAFJIMA          0.0032 -> 0.0024
28646,2 fw Controll.static GIPNIMALPEG          0.7948 -> 0.0534
28651,2 fw Controll.static GIPNIMALPEG          0.0534 -> 0.1544
28663,2 fw Controll.static GIPNIMALPEG          0.1544 -> 0.3937
28667,6 fw Controll.static GIPNIMALPEG          0.3937 -> 0.4814
28679,3 fw Controll.static GIPNIMALPEG          0.4814 -> 0.7157
28683,5 fw Controll.static GIPNIMALPEG          0.7157 -> 0.8005
28696,5 fw Controll.static MKFDGFOCKNO         28.4278 -> 28.4778
28696,5 fw Controll.static LEKCBKLAILO         28.4778 -> 28.5278
28696,5 fw Controll.static OFJKHAFJIMA          0.0024 -> 0.0029
28696,5 fw Controll.static GIPNIMALPEG          0.8005 -> 0.0602
28700,2 fw Controll.static GIPNIMALPEG          0.0602 -> 0.1345
28712,9 fw Controll.static GIPNIMALPEG          0.1345 -> 0.3887
28719,0 fw Controll.static GIPNIMALPEG          0.3887 -> 0.5101
28729,9 fw Controll.static GIPNIMALPEG          0.5101 -> 0.7278
28733,2 fw Controll.static GIPNIMALPEG          0.7278 -> 0.7951
28745,7 fw Controll.static MKFDGFOCKNO         28.4778 -> 28.5278
28745,7 fw Controll.static LEKCBKLAILO         28.5278 -> 28.5778
28745,7 fw Controll.static OFJKHAFJIMA          0.0029 -> 0.002
28745,7 fw Controll.static GIPNIMALPEG          0.7951 -> 0.0439
28750,9 fw Controll.static GIPNIMALPEG          0.0439 -> 0.1479
28762,7 fw Controll.static GIPNIMALPEG          0.1479 -> 0.3845
28766,5 fw Controll.static GIPNIMALPEG          0.3845 -> 0.4607
28779,1 fw Controll.static GIPNIMALPEG          0.4607 -> 0.7119
28783,3 fw Controll.static GIPNIMALPEG          0.7119 -> 0.7958
28796,7 fw Controll.static MKFDGFOCKNO         28.5278 -> 28.5778
28796,7 fw Controll.static LEKCBKLAILO         28.5778 -> 28.6278
28796,7 fw Controll.static OFJKHAFJIMA           0.002 -> 0.003
28796,7 fw Controll.static GIPNIMALPEG          0.7958 -> 0.0635
28800,3 fw Controll.static GIPNIMALPEG          0.0635 -> 0.1356
28813,1 fw Controll.static GIPNIMALPEG          0.1356 -> 0.3927
28819,2 fw Controll.static GIPNIMALPEG          0.3927 -> 0.5148
28831,3 fw Controll.static GIPNIMALPEG          0.5148 -> 0.7549
28835,7 fw Controll.static GIPNIMALPEG          0.7549 -> 0.8448
28846,1 fw Controll.static MKFDGFOCKNO         28.5778 -> 28.6278
28846,1 fw Controll.static LEKCBKLAILO         28.6278 -> 28.6778
28846,1 fw Controll.static OFJKHAFJIMA           0.003 -> 0.0024
28846,1 fw Controll.static GIPNIMALPEG          0.8448 -> 0.0516
28852,9 fw player          APFNBGHAJMD               1 -> 0
28853,0 fw Controll.static GIPNIMALPEG          0.0516 -> 0.1888
28863,0 fw Controll.static GIPNIMALPEG          0.1888 -> 0.3899
28866,9 fw Controll.static GIPNIMALPEG          0.3899 -> 0.4683
28879,1 fw Controll.static GIPNIMALPEG          0.4683 -> 0.7111
28883,8 fw Controll.static GIPNIMALPEG          0.7111 -> 0.8062
28896,4 fw Controll.static MKFDGFOCKNO         28.6278 -> 28.6778
28896,4 fw Controll.static LEKCBKLAILO         28.6778 -> 28.7278
28896,4 fw Controll.static OFJKHAFJIMA          0.0024 -> 0.0027
28896,4 fw Controll.static GIPNIMALPEG          0.8062 -> 0.0586
28900,9 fw Controll.static GIPNIMALPEG          0.0586 -> 0.1464
28914,3 fw Controll.static GIPNIMALPEG          0.1464 -> 0.4145
28919,5 fw Controll.static GIPNIMALPEG          0.4145 -> 0.5196
28929,8 fw Controll.static GIPNIMALPEG          0.5196 -> 0.7248
28935,9 fw player          APFNBGHAJMD               0 -> 1
28935,9 fw Controll.static GIPNIMALPEG          0.7248 -> 0.848
28946,2 fw Controll.static MKFDGFOCKNO         28.6778 -> 28.7278
28946,2 fw Controll.static LEKCBKLAILO         28.7278 -> 28.7778
28946,2 fw Controll.static OFJKHAFJIMA          0.0027 -> 0.0025
28946,2 fw Controll.static GIPNIMALPEG           0.848 -> 0.0531
28951,9 fw Controll.static GIPNIMALPEG          0.0531 -> 0.1674
28962,4 fw Controll.static GIPNIMALPEG          0.1674 -> 0.3776
28967,3 fw Controll.static GIPNIMALPEG          0.3776 -> 0.475
28978,3 fw Controll.static GIPNIMALPEG           0.475 -> 0.6967
28983,2 fw Controll.static GIPNIMALPEG          0.6967 -> 0.794
28995,9 fw Controll.static MKFDGFOCKNO         28.7278 -> 28.7778
28995,9 fw Controll.static LEKCBKLAILO         28.7778 -> 28.8278
28995,9 fw Controll.static OFJKHAFJIMA          0.0025 -> 0.0022
28995,9 fw Controll.static GIPNIMALPEG           0.794 -> 0.0481
29000,1 fw Controll.static GIPNIMALPEG          0.0481 -> 0.1312
29012,0 fw Controll.static GIPNIMALPEG          0.1312 -> 0.3695
29016,8 fw Controll.static GIPNIMALPEG          0.3695 -> 0.4664
29028,3 fw Controll.static GIPNIMALPEG          0.4664 -> 0.6967
29033,7 fw Controll.static GIPNIMALPEG          0.6967 -> 0.8032
29045,0 fw Controll.static MKFDGFOCKNO         28.7778 -> 28.8278
29045,0 fw Controll.static LEKCBKLAILO         28.8278 -> 28.8778
29045,0 fw Controll.static OFJKHAFJIMA          0.0022 -> 0.0013
29045,0 fw Controll.static GIPNIMALPEG          0.8032 -> 0.029
29049,8 fw Controll.static GIPNIMALPEG           0.029 -> 0.1257
29061,9 fw Controll.static GIPNIMALPEG          0.1257 -> 0.3679
29065,7 fw Controll.static GIPNIMALPEG          0.3679 -> 0.4439
29078,5 fw Controll.static GIPNIMALPEG          0.4439 -> 0.7004
29083,6 fw Controll.static GIPNIMALPEG          0.7004 -> 0.8014
29096,1 fw Controll.static MKFDGFOCKNO         28.8278 -> 28.8778
29096,1 fw Controll.static LEKCBKLAILO         28.8778 -> 28.9278
29096,1 fw Controll.static OFJKHAFJIMA          0.0013 -> 0.0024
29096,1 fw Controll.static GIPNIMALPEG          0.8014 -> 0.0512
29098,9 fw Controll.static GIPNIMALPEG          0.0512 -> 0.108
29111,8 fw Controll.static GIPNIMALPEG           0.108 -> 0.3663
29116,9 fw Controll.static GIPNIMALPEG          0.3663 -> 0.468
29128,9 fw Controll.static GIPNIMALPEG           0.468 -> 0.7076
29132,8 fw Controll.static GIPNIMALPEG          0.7076 -> 0.7853
29144,7 fw Controll.static MKFDGFOCKNO         28.8778 -> 28.9278
29144,7 fw Controll.static LEKCBKLAILO         28.9278 -> 28.9778
29144,7 fw Controll.static OFJKHAFJIMA          0.0024 -> 0.0011
29144,7 fw Controll.static GIPNIMALPEG          0.7853 -> 0.0244
29150,4 fw Controll.static GIPNIMALPEG          0.0244 -> 0.1379
29163,0 fw Controll.static GIPNIMALPEG          0.1379 -> 0.3892
29166,3 fw Controll.static GIPNIMALPEG          0.3892 -> 0.4548
29179,5 fw Controll.static GIPNIMALPEG          0.4548 -> 0.7203
29185,4 fw Controll.static GIPNIMALPEG          0.7203 -> 0.8376
29195,4 fw Controll.static MKFDGFOCKNO         28.9278 -> 28.9778
29195,4 fw Controll.static LEKCBKLAILO         28.9778 -> 29.0278
29195,4 fw Controll.static OFJKHAFJIMA          0.0011 -> 0.0016
29195,4 fw Controll.static GIPNIMALPEG          0.8376 -> 0.0368
29200,0 fw Controll.static GIPNIMALPEG          0.0368 -> 0.1293
29211,5 fw Controll.static GIPNIMALPEG          0.1293 -> 0.3571
29216,5 fw Controll.static GIPNIMALPEG          0.3571 -> 0.4599
29227,9 fw Controll.static GIPNIMALPEG          0.4599 -> 0.6872
29232,9 fw Controll.static GIPNIMALPEG          0.6872 -> 0.7882
29244,0 fw Controll.static MKFDGFOCKNO         28.9778 -> 29.0278
29244,0 fw Controll.static LEKCBKLAILO         29.0278 -> 29.0778
29244,0 fw Controll.static OFJKHAFJIMA          0.0016 -> 0.0003
29244,0 fw Controll.static GIPNIMALPEG          0.7882 -> 0.0093
29248,8 fw Controll.static GIPNIMALPEG          0.0093 -> 0.105
29261,6 fw Controll.static GIPNIMALPEG           0.105 -> 0.362
29265,7 fw Controll.static GIPNIMALPEG           0.362 -> 0.4429
29278,3 fw Controll.static GIPNIMALPEG          0.4429 -> 0.6947
29283,0 fw Controll.static GIPNIMALPEG          0.6947 -> 0.7888
29295,1 fw Controll.static MKFDGFOCKNO         29.0278 -> 29.0778
29295,1 fw Controll.static LEKCBKLAILO         29.0778 -> 29.1278
29295,1 fw Controll.static OFJKHAFJIMA          0.0003 -> 0.0014
29295,1 fw Controll.static GIPNIMALPEG          0.7888 -> 0.0318
29299,1 fw Controll.static GIPNIMALPEG          0.0318 -> 0.1115
29311,3 fw Controll.static GIPNIMALPEG          0.1115 -> 0.3546
29317,2 fw Controll.static GIPNIMALPEG          0.3546 -> 0.4729
29327,7 fw Controll.static GIPNIMALPEG          0.4729 -> 0.6823
29332,0 fw Controll.static GIPNIMALPEG          0.6823 -> 0.7686
29344,4 fw Controll.static MKFDGFOCKNO         29.0778 -> 29.1278
29344,4 fw Controll.static LEKCBKLAILO         29.1278 -> 29.1778
29344,5 fw Controll.static OFJKHAFJIMA          0.0014 -> 0.0007
29344,5 fw Controll.static GIPNIMALPEG          0.7686 -> 0.0183
29349,1 fw Controll.static GIPNIMALPEG          0.0183 -> 0.1117
29361,2 fw Controll.static GIPNIMALPEG          0.1117 -> 0.3527
29365,8 fw Controll.static GIPNIMALPEG          0.3527 -> 0.4453
29377,4 fw Controll.static GIPNIMALPEG          0.4453 -> 0.6767
29381,7 fw Controll.static GIPNIMALPEG          0.6767 -> 0.7632
29395,1 fw Controll.static MKFDGFOCKNO         29.1278 -> 29.1778
29395,1 fw Controll.static LEKCBKLAILO         29.1778 -> 29.2278
29395,1 fw Controll.static OFJKHAFJIMA          0.0007 -> 0.0014
29395,1 fw Controll.static GIPNIMALPEG          0.7632 -> 0.0319
29398,8 fw Controll.static GIPNIMALPEG          0.0319 -> 0.1043
29411,0 fw Controll.static GIPNIMALPEG          0.1043 -> 0.3497
29417,6 fw Controll.static GIPNIMALPEG          0.3497 -> 0.4805
29427,7 fw Controll.static GIPNIMALPEG          0.4805 -> 0.6832
29432,1 fw Controll.static GIPNIMALPEG          0.6832 -> 0.7715
29444,0 fw Controll.static MKFDGFOCKNO         29.1778 -> 29.2278
29444,0 fw Controll.static LEKCBKLAILO         29.2278 -> 29.2778
29444,0 fw Controll.static OFJKHAFJIMA          0.0014 -> 0.0003
29444,0 fw Controll.static GIPNIMALPEG          0.7715 -> 0.0089
29449,1 fw Controll.static GIPNIMALPEG          0.0089 -> 0.1101
29460,9 fw Controll.static GIPNIMALPEG          0.1101 -> 0.3467
29465,2 fw Controll.static GIPNIMALPEG          0.3467 -> 0.4322
29477,1 fw Controll.static GIPNIMALPEG          0.4322 -> 0.671
29481,6 fw Controll.static GIPNIMALPEG           0.671 -> 0.7606
29494,8 fw Controll.static MKFDGFOCKNO         29.2278 -> 29.2778
29494,8 fw Controll.static LEKCBKLAILO         29.2778 -> 29.3278
29494,8 fw Controll.static OFJKHAFJIMA          0.0003 -> 0.0012
29494,9 fw Controll.static GIPNIMALPEG          0.7606 -> 0.0258
29497,8 fw player          APFNBGHAJMD               1 -> 0
29497,8 fw Controll.static DGNDKAKOEPD        77387374 -> 77388384
29497,8 fw Controll.static BEJBLGGGOCC       294647586 -> 294648584
29497,8 fw Controll.static JELGPAKAJPE              87 -> 100
29497,8 fw Controll.static EENJPDHGGGC         28.2688 -> 29.2793
29497,9 fw Controll.static GIPNIMALPEG          0.0258 -> 0.0862
29510,8 fw Controll.static GIPNIMALPEG          0.0862 -> 0.3444
29516,6 fw Controll.static GIPNIMALPEG          0.3444 -> 0.4619
29527,2 fw Controll.static GIPNIMALPEG          0.4619 -> 0.6726
29531,9 fw Controll.static GIPNIMALPEG          0.6726 -> 0.7667
29543,4 fw Controll.static GIPNIMALPEG          0.7667 -> 0.9978
29548,4 fw Controll.static MKFDGFOCKNO         29.2778 -> 29.3278
29548,4 fw Controll.static LEKCBKLAILO         29.3278 -> 29.3778
29548,4 fw Controll.static OFJKHAFJIMA          0.0012 -> 0.0047
29548,4 fw Controll.static GIPNIMALPEG          0.9978 -> 0.0974
29560,8 fw Controll.static GIPNIMALPEG          0.0974 -> 0.3455
29565,1 fw Controll.static GIPNIMALPEG          0.3455 -> 0.4316
29577,0 fw Controll.static GIPNIMALPEG          0.4316 -> 0.6694
29581,5 fw Controll.static GIPNIMALPEG          0.6694 -> 0.7594
29594,4 fw Controll.static MKFDGFOCKNO         29.3278 -> 29.3778
29594,4 fw Controll.static LEKCBKLAILO         29.3778 -> 29.4278
29594,4 fw Controll.static OFJKHAFJIMA          0.0047 -> 0.0007
29594,4 fw Controll.static GIPNIMALPEG          0.7594 -> 0.0168
29597,9 fw player          APFNBGHAJMD               0 -> 1
29597,9 fw Controll.static GIPNIMALPEG          0.0168 -> 0.0869
29610,2 fw Controll.static GIPNIMALPEG          0.0869 -> 0.3336
29615,7 fw Controll.static GIPNIMALPEG          0.3336 -> 0.4428
29627,1 fw Controll.static GIPNIMALPEG          0.4428 -> 0.6709
29631,5 fw Controll.static GIPNIMALPEG          0.6709 -> 0.7571
29643,1 fw Controll.static GIPNIMALPEG          0.7571 -> 0.9902
29648,3 fw Controll.static MKFDGFOCKNO         29.3778 -> 29.4278
29648,4 fw Controll.static LEKCBKLAILO         29.4278 -> 29.4778
29648,4 fw Controll.static OFJKHAFJIMA          0.0007 -> 0.0046
29648,4 fw Controll.static GIPNIMALPEG          0.9902 -> 0.0961
29660,6 fw Controll.static GIPNIMALPEG          0.0961 -> 0.3416
29664,6 fw Controll.static GIPNIMALPEG          0.3416 -> 0.4217
29677,1 fw Controll.static GIPNIMALPEG          0.4217 -> 0.6697
29682,1 fw Controll.static GIPNIMALPEG          0.6697 -> 0.7705
29694,0 fw Controll.static MKFDGFOCKNO         29.4278 -> 29.4778
29694,0 fw Controll.static LEKCBKLAILO         29.4778 -> 29.5278
29694,0 fw Controll.static OFJKHAFJIMA          0.0046 -> 0.0002
29694,0 fw Controll.static GIPNIMALPEG          0.7705 -> 0.0085
29698,3 fw Controll.static GIPNIMALPEG          0.0085 -> 0.094
29710,0 fw Controll.static GIPNIMALPEG           0.094 -> 0.329
29715,6 fw Controll.static GIPNIMALPEG           0.329 -> 0.4409
29726,7 fw Controll.static GIPNIMALPEG          0.4409 -> 0.6621
29730,6 fw Controll.static GIPNIMALPEG          0.6621 -> 0.7411
29742,9 fw Controll.static GIPNIMALPEG          0.7411 -> 0.986
29748,9 fw Controll.static MKFDGFOCKNO         29.4778 -> 29.5278
29748,9 fw Controll.static LEKCBKLAILO         29.5278 -> 29.5778
29748,9 fw Controll.static OFJKHAFJIMA          0.0002 -> 0.0052
29748,9 fw Controll.static GIPNIMALPEG           0.986 -> 0.1068
29760,6 fw Controll.static GIPNIMALPEG          0.1068 -> 0.3407
29763,9 fw Controll.static GIPNIMALPEG          0.3407 -> 0.4073
29776,6 fw Controll.static GIPNIMALPEG          0.4073 -> 0.6597
29781,5 fw Controll.static GIPNIMALPEG          0.6597 -> 0.7592
29794,2 fw Controll.static MKFDGFOCKNO         29.5278 -> 29.5779
29794,2 fw Controll.static LEKCBKLAILO         29.5778 -> 29.6279
29794,2 fw Controll.static OFJKHAFJIMA          0.0052 -> 0.0004
29794,2 fw Controll.static GIPNIMALPEG          0.7592 -> 0.0123
29798,3 fw Controll.static GIPNIMALPEG          0.0123 -> 0.094
29809,9 fw Controll.static GIPNIMALPEG           0.094 -> 0.3275
29816,6 fw Controll.static DJACNOGOCKD               1 -> 0
29816,6 fw Controll.static GIPNIMALPEG          0.3275 -> 0.4611
29826,9 fw Controll.static BFEOOOMMGLK               0 -> 1
29826,9 fw Controll.static MNHBPCOOMLE        77386757 -> 77388795
29827,0 fw Controll.static GIPNIMALPEG          0.4611 -> 0.6675
29831,8 fw Controll.static BFEOOOMMGLK               1 -> 0
29831,8 fw Controll.static GIPNIMALPEG          0.6675 -> 0.7655
29842,8 fw Controll.static GIPNIMALPEG          0.7655 -> 0.9854
29850,0 fw Controll.static MKFDGFOCKNO         29.5779 -> 29.6279
29850,0 fw Controll.static LEKCBKLAILO         29.6279 -> 29.6779
29850,0 fw Controll.static OFJKHAFJIMA          0.0004 -> 0.0063
29850,1 fw Controll.static GIPNIMALPEG          0.9854 -> 0.1293
29859,6 fw Controll.static GIPNIMALPEG          0.1293 -> 0.3207
29864,2 fw Controll.static GIPNIMALPEG          0.3207 -> 0.4123
29876,3 fw Controll.static GIPNIMALPEG          0.4123 -> 0.6544
29881,4 fw Controll.static GIPNIMALPEG          0.6544 -> 0.7574
29894,0 fw Controll.static MKFDGFOCKNO         29.6279 -> 29.6779
29894,0 fw Controll.static LEKCBKLAILO         29.6779 -> 29.7279
29894,0 fw Controll.static OFJKHAFJIMA          0.0063 -> 0.0003
29894,0 fw Controll.static GIPNIMALPEG          0.7574 -> 0.009
29897,9 fw Controll.static GIPNIMALPEG           0.009 -> 0.0861
29910,2 fw Controll.static BFEOOOMMGLK               0 -> 1
29910,2 fw Controll.static MNHBPCOOMLE        77388795 -> 77388879
29910,2 fw Controll.static GIPNIMALPEG          0.0861 -> 0.3334
29915,6 fw Controll.static BFEOOOMMGLK               1 -> 0
29915,6 fw Controll.static GIPNIMALPEG          0.3334 -> 0.4405
29926,9 fw Controll.static GIPNIMALPEG          0.4405 -> 0.6657
29932,4 fw Controll.static GIPNIMALPEG          0.6657 -> 0.7771
29943,9 fw Controll.static MKFDGFOCKNO         29.6779 -> 29.7279
29943,9 fw Controll.static LEKCBKLAILO         29.7279 -> 29.7779
29944,0 fw Controll.static GIPNIMALPEG          0.7771 -> 0.0074
29950,4 fw Controll.static GIPNIMALPEG          0.0074 -> 0.1364
29959,6 fw Controll.static GIPNIMALPEG          0.1364 -> 0.3205
29965,4 fw Controll.static GIPNIMALPEG          0.3205 -> 0.4358
29976,2 fw Controll.static GIPNIMALPEG          0.4358 -> 0.6515
29980,7 fw Controll.static GIPNIMALPEG          0.6515 -> 0.7432
29994,3 fw Controll.static BFEOOOMMGLK               0 -> 1
29994,3 fw Controll.static MKFDGFOCKNO         29.7279 -> 29.7779
29994,3 fw Controll.static LEKCBKLAILO         29.7779 -> 29.8279
29994,3 fw Controll.static OFJKHAFJIMA          0.0003 -> 0.0006
29994,3 fw Controll.static MNHBPCOOMLE        77388879 -> 77388963
29994,3 fw Controll.static GIPNIMALPEG          0.7432 -> 0.0147
29997,7 fw Controll.static BFEOOOMMGLK               1 -> 0
29997,7 fw Controll.static GIPNIMALPEG          0.0147 -> 0.0818
30010,9 fw Controll.static GIPNIMALPEG          0.0818 -> 0.3454
30017,2 fw Controll.static GIPNIMALPEG          0.3454 -> 0.4732
30026,5 fw Controll.static GIPNIMALPEG          0.4732 -> 0.659
30032,0 fw Controll.static GIPNIMALPEG           0.659 -> 0.7673
30042,6 fw Controll.static GIPNIMALPEG          0.7673 -> 0.9809
30048,1 fw Controll.static MKFDGFOCKNO         29.7779 -> 29.8279
30048,1 fw Controll.static LEKCBKLAILO         29.8279 -> 29.8779
30048,1 fw Controll.static OFJKHAFJIMA          0.0006 -> 0.0043
30048,2 fw Controll.static GIPNIMALPEG          0.9809 -> 0.0909
30060,1 fw Controll.static GIPNIMALPEG          0.0909 -> 0.3312
30064,1 fw Controll.static GIPNIMALPEG          0.3312 -> 0.4105
30076,3 fw Controll.static BFEOOOMMGLK               0 -> 1
30076,3 fw Controll.static MNHBPCOOMLE        77388963 -> 77389045
30076,4 fw Controll.static GIPNIMALPEG          0.4105 -> 0.6552
30081,3 fw Controll.static BFEOOOMMGLK               1 -> 0
30081,3 fw Controll.static GIPNIMALPEG          0.6552 -> 0.7538
30093,2 fw Controll.static GIPNIMALPEG          0.7538 -> 0.9925
30098,3 fw Controll.static MKFDGFOCKNO         29.8279 -> 29.8779
30098,3 fw Controll.static LEKCBKLAILO         29.8779 -> 29.9279
30098,3 fw Controll.static OFJKHAFJIMA          0.0043 -> 0.0045
30098,3 fw Controll.static GIPNIMALPEG          0.9925 -> 0.0943
30109,2 fw Controll.static GIPNIMALPEG          0.0943 -> 0.312
30115,7 fw Controll.static GIPNIMALPEG           0.312 -> 0.4412
30125,9 fw Controll.static GIPNIMALPEG          0.4412 -> 0.6462
30130,8 fw Controll.static GIPNIMALPEG          0.6462 -> 0.744
30142,0 fw Controll.static GIPNIMALPEG           0.744 -> 0.968
30150,0 fw Controll.static MKFDGFOCKNO         29.8779 -> 29.9279
30150,0 fw Controll.static LEKCBKLAILO         29.9279 -> 29.9779
30150,0 fw Controll.static OFJKHAFJIMA          0.0045 -> 0.0062
30150,0 fw Controll.static GIPNIMALPEG           0.968 -> 0.1276
30159,3 fw Controll.static BFEOOOMMGLK               0 -> 1
30159,4 fw Controll.static MNHBPCOOMLE        77389045 -> 77389128
30159,4 fw Controll.static GIPNIMALPEG          0.1276 -> 0.3155
30163,2 fw player          APFNBGHAJMD               1 -> 0
30163,3 fw Controll.static BFEOOOMMGLK               1 -> 0
30163,3 fw Controll.static GIPNIMALPEG          0.3155 -> 0.3937
30175,6 fw Controll.static GIPNIMALPEG          0.3937 -> 0.6406
30181,1 fw Controll.static GIPNIMALPEG          0.6406 -> 0.7513
30192,7 fw Controll.static GIPNIMALPEG          0.7513 -> 0.9814
30197,1 fw Controll.static MKFDGFOCKNO         29.9279 -> 29.9779
30197,1 fw Controll.static LEKCBKLAILO         29.9779 -> 30.0279
30197,1 fw Controll.static OFJKHAFJIMA          0.0062 -> 0.0033
30197,1 fw Controll.static GIPNIMALPEG          0.9814 -> 0.0704
30208,4 fw Controll.static GIPNIMALPEG          0.0704 -> 0.2965
30214,1 fw Controll.static GIPNIMALPEG          0.2965 -> 0.4105
30225,7 fw Controll.static GIPNIMALPEG          0.4105 -> 0.6426
30231,2 fw Controll.static GIPNIMALPEG          0.6426 -> 0.7509
30241,9 fw Controll.static BFEOOOMMGLK               0 -> 1
30241,9 fw Controll.static MNHBPCOOMLE        77389128 -> 77389210
30241,9 fw Controll.static GIPNIMALPEG          0.7509 -> 0.9668
30246,6 fw Controll.static BFEOOOMMGLK               1 -> 0
30246,6 fw Controll.static MKFDGFOCKNO         29.9779 -> 30.0279
30246,6 fw Controll.static LEKCBKLAILO         30.0279 -> 30.0779
30246,6 fw Controll.static OFJKHAFJIMA          0.0033 -> 0.0029
30246,6 fw Controll.static GIPNIMALPEG          0.9668 -> 0.0602
30259,3 fw Controll.static GIPNIMALPEG          0.0602 -> 0.3137
30263,2 fw player          APFNBGHAJMD               0 -> 1
30263,2 fw Controll.static GIPNIMALPEG          0.3137 -> 0.3931
30276,2 fw Controll.static GIPNIMALPEG          0.3931 -> 0.6529
30281,8 fw Controll.static GIPNIMALPEG          0.6529 -> 0.7636
30292,8 fw Controll.static GIPNIMALPEG          0.7636 -> 0.9842
30298,4 fw Controll.static MKFDGFOCKNO         30.0279 -> 30.0779
30298,4 fw Controll.static LEKCBKLAILO         30.0779 -> 30.1279
30298,4 fw Controll.static OFJKHAFJIMA          0.0029 -> 0.0046
30298,4 fw Controll.static GIPNIMALPEG          0.9842 -> 0.0957
30308,0 fw Controll.static GIPNIMALPEG          0.0957 -> 0.2886
30314,5 fw Controll.static GIPNIMALPEG          0.2886 -> 0.4178
30325,5 fw Controll.static BFEOOOMMGLK               0 -> 1
30325,5 fw Controll.static MNHBPCOOMLE        77389210 -> 77389294
30325,5 fw Controll.static GIPNIMALPEG          0.4178 -> 0.6383
30330,6 fw Controll.static BFEOOOMMGLK               1 -> 0
30330,6 fw Controll.static GIPNIMALPEG          0.6383 -> 0.7402
30341,3 fw Controll.static GIPNIMALPEG          0.7402 -> 0.954
30347,2 fw player          LNIDBHIAJJI             254 -> 253
30347,2 fw Controll.static MKFDGFOCKNO         30.0779 -> 30.1279
30347,2 fw Controll.static LEKCBKLAILO         30.1279 -> 30.1779
30347,2 fw Controll.static OFJKHAFJIMA          0.0046 -> 0.0034
30347,2 fw Controll.static GIPNIMALPEG           0.954 -> 0.0726
30359,0 fw Controll.static GIPNIMALPEG          0.0726 -> 0.3073
30362,6 fw Controll.static GIPNIMALPEG          0.3073 -> 0.3812
30375,1 fw Controll.static GIPNIMALPEG          0.3812 -> 0.6304
30380,1 fw Controll.static GIPNIMALPEG          0.6304 -> 0.73
30392,3 fw Controll.static GIPNIMALPEG            0.73 -> 0.9728
30396,1 fw player          LNIDBHIAJJI             253 -> 254
30396,1 fw Controll.static MKFDGFOCKNO         30.1279 -> 30.1779
30396,1 fw Controll.static LEKCBKLAILO         30.1779 -> 30.2279
30396,1 fw Controll.static OFJKHAFJIMA          0.0034 -> 0.0023
30396,2 fw Controll.static GIPNIMALPEG          0.9728 -> 0.0499
30409,6 fw Controll.static BFEOOOMMGLK               0 -> 1
30409,6 fw Controll.static MNHBPCOOMLE        77389294 -> 77389378
30409,6 fw Controll.static GIPNIMALPEG          0.0499 -> 0.3206
30414,7 fw Controll.static BFEOOOMMGLK               1 -> 0
30414,8 fw Controll.static GIPNIMALPEG          0.3206 -> 0.423
30425,4 fw Controll.static GIPNIMALPEG           0.423 -> 0.635
30431,4 fw Controll.static GIPNIMALPEG           0.635 -> 0.7568
30440,8 fw Controll.static GIPNIMALPEG          0.7568 -> 0.9439
30447,1 fw Controll.static MKFDGFOCKNO         30.1779 -> 30.2279
30447,1 fw Controll.static LEKCBKLAILO         30.2279 -> 30.2779
30447,1 fw Controll.static OFJKHAFJIMA          0.0023 -> 0.0034
30447,1 fw Controll.static GIPNIMALPEG          0.9439 -> 0.0705
30458,9 fw Controll.static GIPNIMALPEG          0.0705 -> 0.3052
30461,8 fw Controll.static GIPNIMALPEG          0.3052 -> 0.3646
30475,2 fw Controll.static GIPNIMALPEG          0.3646 -> 0.6325
30481,2 fw Controll.static GIPNIMALPEG          0.6325 -> 0.7521
30492,3 fw Controll.static DGNDKAKOEPD        77388384 -> 77389370
30492,3 fw Controll.static BEJBLGGGOCC       294648584 -> 294649584
30492,3 fw Controll.static JELGPAKAJPE             100 -> 86
30492,3 fw Controll.static EENJPDHGGGC         29.2793 -> 30.2656
30492,3 fw Controll.static BFEOOOMMGLK               0 -> 1
30492,3 fw Controll.static MNHBPCOOMLE        77389378 -> 77389461
30492,3 fw Controll.static GIPNIMALPEG          0.7521 -> 0.9739
30495,9 fw Controll.static BFEOOOMMGLK               1 -> 0
30496,5 fw Controll.static MKFDGFOCKNO         30.2279 -> 30.2779
30496,5 fw Controll.static LEKCBKLAILO         30.2779 -> 30.3279
30496,5 fw Controll.static OFJKHAFJIMA          0.0034 -> 0.0022
30496,5 fw Controll.static GIPNIMALPEG          0.9739 -> 0.0467
30507,3 fw Controll.static GIPNIMALPEG          0.0467 -> 0.2738
30514,9 fw Controll.static GIPNIMALPEG          0.2738 -> 0.4254
30524,6 fw Controll.static GIPNIMALPEG          0.4254 -> 0.6192
30529,7 fw Controll.static GIPNIMALPEG          0.6192 -> 0.7216
30541,3 fw Controll.static GIPNIMALPEG          0.7216 -> 0.9541
30546,7 fw Controll.static MKFDGFOCKNO         30.2779 -> 30.3279
30546,7 fw Controll.static LEKCBKLAILO         30.3279 -> 30.3779
30546,7 fw Controll.static OFJKHAFJIMA          0.0022 -> 0.0029
30546,7 fw Controll.static GIPNIMALPEG          0.9541 -> 0.062
30558,4 fw Controll.static GIPNIMALPEG           0.062 -> 0.2962
30562,3 fw Controll.static GIPNIMALPEG          0.2962 -> 0.3747
30574,8 fw Controll.static BFEOOOMMGLK               0 -> 1
30574,8 fw Controll.static MNHBPCOOMLE        77389461 -> 77389543
30574,8 fw Controll.static GIPNIMALPEG          0.3747 -> 0.6239
30580,2 fw Controll.static BFEOOOMMGLK               1 -> 0
30580,2 fw Controll.static GIPNIMALPEG          0.6239 -> 0.7314
30591,9 fw Controll.static GIPNIMALPEG          0.7314 -> 0.9653
30596,3 fw player          LNIDBHIAJJI             254 -> 253
30596,3 fw Controll.static MKFDGFOCKNO         30.3279 -> 30.3779
30596,3 fw Controll.static LEKCBKLAILO         30.3779 -> 30.4279
30596,3 fw Controll.static OFJKHAFJIMA          0.0029 -> 0.0025
30596,3 fw Controll.static GIPNIMALPEG          0.9653 -> 0.0542
30607,1 fw Controll.static GIPNIMALPEG          0.0542 -> 0.2689
30613,8 fw Controll.static GIPNIMALPEG          0.2689 -> 0.403
30624,8 fw Controll.static GIPNIMALPEG           0.403 -> 0.6233
30629,3 fw Controll.static GIPNIMALPEG          0.6233 -> 0.7141
30640,5 fw Controll.static GIPNIMALPEG          0.7141 -> 0.9387
30646,2 fw player          LNIDBHIAJJI             253 -> 254
30646,3 fw Controll.static MKFDGFOCKNO         30.3779 -> 30.4279
30646,3 fw Controll.static LEKCBKLAILO         30.4279 -> 30.4779
30646,3 fw Controll.static GIPNIMALPEG          0.9387 -> 0.0531
30658,6 fw Controll.static BFEOOOMMGLK               0 -> 1
30658,6 fw Controll.static MNHBPCOOMLE        77389543 -> 77389627
30658,6 fw Controll.static GIPNIMALPEG          0.0531 -> 0.2995
30661,9 fw Controll.static BFEOOOMMGLK               1 -> 0
30661,9 fw Controll.static GIPNIMALPEG          0.2995 -> 0.3653
30674,9 fw Controll.static GIPNIMALPEG          0.3653 -> 0.625
30680,5 fw Controll.static GIPNIMALPEG           0.625 -> 0.7374
30691,4 fw Controll.static GIPNIMALPEG          0.7374 -> 0.9564
30695,7 fw Controll.static MKFDGFOCKNO         30.4279 -> 30.4779
30695,7 fw Controll.static LEKCBKLAILO         30.4779 -> 30.5279
30695,7 fw Controll.static OFJKHAFJIMA          0.0025 -> 0.002
30695,7 fw Controll.static GIPNIMALPEG          0.9564 -> 0.0424
30707,1 fw Controll.static GIPNIMALPEG          0.0424 -> 0.2692
30713,2 fw Controll.static GIPNIMALPEG          0.2692 -> 0.3926
30724,1 fw Controll.static GIPNIMALPEG          0.3926 -> 0.6092
30729,2 fw Controll.static GIPNIMALPEG          0.6092 -> 0.7105
30740,5 fw Controll.static BFEOOOMMGLK               0 -> 1
30740,6 fw Controll.static MNHBPCOOMLE        77389627 -> 77389709
30740,6 fw Controll.static GIPNIMALPEG          0.7105 -> 0.9388
30745,8 fw Controll.static BFEOOOMMGLK               1 -> 0
30745,8 fw Controll.static MKFDGFOCKNO         30.4779 -> 30.5279
30745,8 fw Controll.static LEKCBKLAILO         30.5279 -> 30.5779
30745,9 fw Controll.static GIPNIMALPEG          0.9388 -> 0.0446
30758,0 # net: TcpClient.Connected = True
30758,0 fw Controll.static GIPNIMALPEG          0.0446 -> 0.2875
30762,2 fw Controll.static GIPNIMALPEG          0.2875 -> 0.372
30774,2 fw Controll.static GIPNIMALPEG           0.372 -> 0.6109
30779,6 fw Controll.static GIPNIMALPEG          0.6109 -> 0.7189
30791,2 fw Controll.static GIPNIMALPEG          0.7189 -> 0.9518
30795,5 fw Controll.static MKFDGFOCKNO         30.5279 -> 30.5779
30795,6 fw Controll.static LEKCBKLAILO         30.5779 -> 30.6279
30795,6 fw Controll.static OFJKHAFJIMA           0.002 -> 0.0018
30795,6 fw Controll.static GIPNIMALPEG          0.9518 -> 0.0389
30807,0 fw Controll.static GIPNIMALPEG          0.0389 -> 0.2672
30814,2 fw Controll.static GIPNIMALPEG          0.2672 -> 0.4119
30824,2 fw Controll.static BFEOOOMMGLK               0 -> 1
30824,2 fw Controll.static MNHBPCOOMLE        77389709 -> 77389793
30824,2 fw Controll.static GIPNIMALPEG          0.4119 -> 0.6115
30828,9 fw Controll.static BFEOOOMMGLK               1 -> 0
30828,9 fw Controll.static GIPNIMALPEG          0.6115 -> 0.7059
30840,3 fw Controll.static GIPNIMALPEG          0.7059 -> 0.9339
30847,1 fw Controll.static MKFDGFOCKNO         30.5779 -> 30.6279
30847,1 fw Controll.static LEKCBKLAILO         30.6279 -> 30.6779
30847,1 fw Controll.static OFJKHAFJIMA          0.0018 -> 0.0033
30847,1 fw Controll.static GIPNIMALPEG          0.9339 -> 0.0691
30858,0 fw Controll.static GIPNIMALPEG          0.0691 -> 0.2881
30862,2 fw Controll.static GIPNIMALPEG          0.2881 -> 0.3708
30874,8 fw Controll.static GIPNIMALPEG          0.3708 -> 0.6232
30880,1 fw Controll.static GIPNIMALPEG          0.6232 -> 0.73
30891,2 fw Controll.static GIPNIMALPEG            0.73 -> 0.9514
30896,0 fw Controll.static MKFDGFOCKNO         30.6279 -> 30.6779
30896,0 fw Controll.static LEKCBKLAILO         30.6779 -> 30.7279
30896,0 fw Controll.static OFJKHAFJIMA          0.0033 -> 0.0022
30896,0 fw Controll.static GIPNIMALPEG          0.9514 -> 0.048
30907,0 fw Controll.static BFEOOOMMGLK               0 -> 1
30907,0 fw Controll.static MNHBPCOOMLE        77389793 -> 77389876
30907,0 fw Controll.static GIPNIMALPEG           0.048 -> 0.2677
30913,2 fw Controll.static BFEOOOMMGLK               1 -> 0
30913,2 fw Controll.static GIPNIMALPEG          0.2677 -> 0.3923
30924,2 fw Controll.static GIPNIMALPEG          0.3923 -> 0.6114
30929,8 fw Controll.static GIPNIMALPEG          0.6114 -> 0.723
30940,0 fw Controll.static GIPNIMALPEG           0.723 -> 0.9268
30945,6 fw Controll.static MKFDGFOCKNO         30.6779 -> 30.7279
30945,6 fw Controll.static LEKCBKLAILO         30.7279 -> 30.7779
30945,6 fw Controll.static OFJKHAFJIMA          0.0022 -> 0.0018
30945,6 fw Controll.static GIPNIMALPEG          0.9268 -> 0.0395
30957,3 fw Controll.static GIPNIMALPEG          0.0395 -> 0.2735
30961,3 fw Controll.static GIPNIMALPEG          0.2735 -> 0.3536
30973,9 fw Controll.static GIPNIMALPEG          0.3536 -> 0.6056
30979,3 fw Controll.static GIPNIMALPEG          0.6056 -> 0.7134
30991,2 fw Controll.static BFEOOOMMGLK               0 -> 1
30991,2 fw Controll.static MNHBPCOOMLE        77389876 -> 77389960
30991,3 fw Controll.static GIPNIMALPEG          0.7134 -> 0.9525
30996,5 fw Controll.static BFEOOOMMGLK               1 -> 0
30996,6 fw Controll.static MKFDGFOCKNO         30.7279 -> 30.7779
30996,6 fw Controll.static LEKCBKLAILO         30.7779 -> 30.8279
30996,6 fw Controll.static OFJKHAFJIMA          0.0018 -> 0.0027
30996,6 fw Controll.static GIPNIMALPEG          0.9525 -> 0.0585
31008,0 fw Controll.static GIPNIMALPEG          0.0585 -> 0.2868
31015,1 fw Controll.static GIPNIMALPEG          0.2868 -> 0.4281
31023,6 fw Controll.static GIPNIMALPEG          0.4281 -> 0.5991
31029,5 fw Controll.static GIPNIMALPEG          0.5991 -> 0.7185
31039,9 fw Controll.static GIPNIMALPEG          0.7185 -> 0.9258
31045,6 fw Controll.static MKFDGFOCKNO         30.7779 -> 30.8279
31045,6 fw Controll.static LEKCBKLAILO         30.8279 -> 30.8779
31045,6 fw Controll.static OFJKHAFJIMA          0.0027 -> 0.0018
31045,6 fw Controll.static GIPNIMALPEG          0.9258 -> 0.0395
31057,7 fw Controll.static GIPNIMALPEG          0.0395 -> 0.2806
31062,1 fw Controll.static GIPNIMALPEG          0.2806 -> 0.3699
31074,0 fw Controll.static BFEOOOMMGLK               0 -> 1
31074,0 fw Controll.static MNHBPCOOMLE        77389960 -> 77390043
31074,0 fw Controll.static GIPNIMALPEG          0.3699 -> 0.6078
31079,1 fw Controll.static BFEOOOMMGLK               1 -> 0
31079,1 fw Controll.static GIPNIMALPEG          0.6078 -> 0.7091
31090,7 fw Controll.static GIPNIMALPEG          0.7091 -> 0.9423
31096,0 fw Controll.static MKFDGFOCKNO         30.8279 -> 30.8779
31096,0 fw Controll.static LEKCBKLAILO         30.8779 -> 30.9279
31096,0 fw Controll.static OFJKHAFJIMA          0.0018 -> 0.0022
31096,0 fw Controll.static GIPNIMALPEG          0.9423 -> 0.0474
31106,6 fw Controll.static GIPNIMALPEG          0.0474 -> 0.2585
31114,1 fw Controll.static GIPNIMALPEG          0.2585 -> 0.4093
31123,9 fw Controll.static GIPNIMALPEG          0.4093 -> 0.6054
31129,0 fw Controll.static GIPNIMALPEG          0.6054 -> 0.7068
31140,2 fw Controll.static GIPNIMALPEG          0.7068 -> 0.9309
31147,4 fw Controll.static MKFDGFOCKNO         30.8779 -> 30.9279
31147,4 fw Controll.static LEKCBKLAILO         30.9279 -> 30.9779
31147,4 fw Controll.static OFJKHAFJIMA          0.0022 -> 0.0036
31147,4 fw Controll.static GIPNIMALPEG          0.9309 -> 0.076
31157,3 fw Controll.static BFEOOOMMGLK               0 -> 1
31157,3 fw Controll.static MNHBPCOOMLE        77390043 -> 77390126
31157,3 fw Controll.static GIPNIMALPEG           0.076 -> 0.2726
31161,7 fw Controll.static BFEOOOMMGLK               1 -> 0
31161,8 fw Controll.static GIPNIMALPEG          0.2726 -> 0.3624
31173,5 fw Controll.static GIPNIMALPEG          0.3624 -> 0.5966
31179,7 fw Controll.static GIPNIMALPEG          0.5966 -> 0.722
31190,1 fw Controll.static GIPNIMALPEG           0.722 -> 0.9294
31195,4 fw Controll.static MKFDGFOCKNO         30.9279 -> 30.9779
31195,4 fw Controll.static LEKCBKLAILO         30.9779 -> 31.0279
31195,4 fw Controll.static OFJKHAFJIMA          0.0036 -> 0.0016
31195,4 fw Controll.static GIPNIMALPEG          0.9294 -> 0.0353
31205,5 fw Controll.static GIPNIMALPEG          0.0353 -> 0.2381
31211,8 fw Controll.static GIPNIMALPEG          0.2381 -> 0.3627
31222,6 fw Controll.static GIPNIMALPEG          0.3627 -> 0.579
31227,6 fw Controll.static GIPNIMALPEG           0.579 -> 0.6776
31240,0 fw Controll.static BFEOOOMMGLK               0 -> 1
31240,0 fw Controll.static MNHBPCOOMLE        77390126 -> 77390208
31240,0 fw Controll.static GIPNIMALPEG          0.6776 -> 0.9272
31244,7 fw Controll.static BFEOOOMMGLK               1 -> 0
31244,7 fw Controll.static MKFDGFOCKNO         30.9779 -> 31.0279
31244,7 fw Controll.static LEKCBKLAILO         31.0279 -> 31.0779
31244,7 fw Controll.static OFJKHAFJIMA          0.0016 -> 0.0009
31244,7 fw Controll.static GIPNIMALPEG          0.9272 -> 0.0215
31256,8 fw Controll.static GIPNIMALPEG          0.0215 -> 0.2628
31262,3 fw Controll.static GIPNIMALPEG          0.2628 -> 0.374
31273,0 fw Controll.static GIPNIMALPEG           0.374 -> 0.5866
31280,0 fw Controll.static GIPNIMALPEG          0.5866 -> 0.7278
31290,1 fw Controll.static GIPNIMALPEG          0.7278 -> 0.9286
31294,5 fw Controll.static MKFDGFOCKNO         31.0279 -> 31.0779
31294,6 fw Controll.static LEKCBKLAILO         31.0779 -> 31.1279
31294,6 fw Controll.static OFJKHAFJIMA          0.0009 -> 0.0008
31294,6 fw Controll.static GIPNIMALPEG          0.9286 -> 0.0184
31305,4 fw Controll.static GIPNIMALPEG          0.0184 -> 0.2351
31312,0 fw Controll.static GIPNIMALPEG          0.2351 -> 0.3679
31323,1 fw Controll.static BFEOOOMMGLK               0 -> 1
31323,1 fw Controll.static MNHBPCOOMLE        77390208 -> 77390292
31323,1 fw Controll.static GIPNIMALPEG          0.3679 -> 0.5897
31327,4 fw Controll.static BFEOOOMMGLK               1 -> 0
31327,4 fw Controll.static GIPNIMALPEG          0.5897 -> 0.6746
31340,6 fw Controll.static GIPNIMALPEG          0.6746 -> 0.9364
31344,7 fw player          LNIDBHIAJJI             254 -> 253
31344,8 fw Controll.static MKFDGFOCKNO         31.0779 -> 31.1279
31344,8 fw Controll.static LEKCBKLAILO         31.1279 -> 31.1779
31344,8 fw Controll.static OFJKHAFJIMA          0.0008 -> 0.0009
31344,8 fw Controll.static GIPNIMALPEG          0.9364 -> 0.0223
31356,6 fw Controll.static GIPNIMALPEG          0.0223 -> 0.2592
31362,4 fw Controll.static GIPNIMALPEG          0.2592 -> 0.375
31374,3 fw Controll.static GIPNIMALPEG           0.375 -> 0.6139
31379,1 fw Controll.static GIPNIMALPEG          0.6139 -> 0.7077
31390,3 fw Controll.static GIPNIMALPEG          0.7077 -> 0.9323
31395,9 fw player          LNIDBHIAJJI             253 -> 254
31395,9 fw Controll.static MKFDGFOCKNO         31.1279 -> 31.1779
31396,0 fw Controll.static LEKCBKLAILO         31.1779 -> 31.2279
31396,0 fw Controll.static OFJKHAFJIMA          0.0009 -> 0.0021
31396,0 fw Controll.static GIPNIMALPEG          0.9323 -> 0.0461
31407,1 fw Controll.static BFEOOOMMGLK               0 -> 1
31407,2 fw Controll.static MNHBPCOOMLE        77390292 -> 77390376
31407,2 fw Controll.static GIPNIMALPEG          0.0461 -> 0.2703
31412,5 fw Controll.static BFEOOOMMGLK               1 -> 0
31412,5 fw Controll.static GIPNIMALPEG          0.2703 -> 0.377
31423,9 fw Controll.static GIPNIMALPEG           0.377 -> 0.6056
31431,0 fw Controll.static GIPNIMALPEG          0.6056 -> 0.748
31440,2 fw Controll.static GIPNIMALPEG           0.748 -> 0.9302
31445,5 fw Controll.static MKFDGFOCKNO         31.1779 -> 31.2279
31445,5 fw Controll.static LEKCBKLAILO         31.2279 -> 31.2779
31445,5 fw Controll.static OFJKHAFJIMA          0.0021 -> 0.0017
31445,5 fw Controll.static GIPNIMALPEG          0.9302 -> 0.0371
31456,6 fw Controll.static GIPNIMALPEG          0.0371 -> 0.2586
31461,6 fw Controll.static GIPNIMALPEG          0.2586 -> 0.3599
31473,0 fw Controll.static GIPNIMALPEG          0.3599 -> 0.5869
31478,0 fw Controll.static GIPNIMALPEG          0.5869 -> 0.6868
31490,1 fw Controll.static BFEOOOMMGLK               0 -> 1
31490,1 fw Controll.static MNHBPCOOMLE        77390376 -> 77390459
31490,2 fw Controll.static GIPNIMALPEG          0.6868 -> 0.93
31494,3 fw Controll.static DGNDKAKOEPD        77389370 -> 77390379
31494,3 fw Controll.static BEJBLGGGOCC       294649584 -> 294650583
31494,3 fw Controll.static JELGPAKAJPE              86 -> 94
31494,3 fw Controll.static EENJPDHGGGC         30.2656 -> 31.2746
31494,3 fw Controll.static BFEOOOMMGLK               1 -> 0
31494,3 fw Controll.static MKFDGFOCKNO         31.2279 -> 31.2779
31494,3 fw Controll.static LEKCBKLAILO         31.2779 -> 31.3279
31494,3 fw Controll.static OFJKHAFJIMA          0.0017 -> 0.0005
31494,3 fw Controll.static GIPNIMALPEG            0.93 -> 0.0134
31506,2 fw Controll.static GIPNIMALPEG          0.0134 -> 0.2511
31513,7 fw Controll.static GIPNIMALPEG          0.2511 -> 0.4016
31522,8 fw Controll.static GIPNIMALPEG          0.4016 -> 0.5823
31529,6 fw Controll.static GIPNIMALPEG          0.5823 -> 0.7181
31538,4 fw Controll.static GIPNIMALPEG          0.7181 -> 0.8932
31547,0 fw Controll.static DJACNOGOCKD               0 -> 1
31547,0 fw Controll.static MKFDGFOCKNO         31.2779 -> 31.3279
31547,0 fw Controll.static LEKCBKLAILO         31.3279 -> 31.3779
31547,0 fw Controll.static OFJKHAFJIMA          0.0005 -> 0.0032
31547,0 fw Controll.static FBINCNDDPAO          24.228 -> 27.9559
31547,0 fw Controll.static ILGHFLMKMCO          26.228 -> 29.9559
31547,0 fw Controll.static JADIDAJFOGK            0.37 -> 0.38
31547,0 fw Controll.static GIPNIMALPEG          0.8932 -> 0.0661
31555,1 fw Controll.static GIPNIMALPEG          0.0661 -> 0.2286
31564,2 fw Controll.static GIPNIMALPEG          0.2286 -> 0.4113
31573,7 fw Controll.static GIPNIMALPEG          0.4113 -> 0.6005
31578,6 fw Controll.static GIPNIMALPEG          0.6005 -> 0.6983
31590,2 fw Controll.static GIPNIMALPEG          0.6983 -> 0.9314
31596,1 fw player          LNIDBHIAJJI             254 -> 253
31596,1 fw Controll.static MKFDGFOCKNO         31.3279 -> 31.3779
31596,1 fw Controll.static LEKCBKLAILO         31.3779 -> 31.4279
31596,1 fw Controll.static OFJKHAFJIMA          0.0032 -> 0.0023
31596,1 fw Controll.static GIPNIMALPEG          0.9314 -> 0.0498
31605,2 fw Controll.static GIPNIMALPEG          0.0498 -> 0.2302
31612,6 fw Controll.static GIPNIMALPEG          0.2302 -> 0.3779
31621,4 fw Controll.static GIPNIMALPEG          0.3779 -> 0.5545
31627,4 fw Controll.static GIPNIMALPEG          0.5545 -> 0.6744
31637,8 fw Controll.static GIPNIMALPEG          0.6744 -> 0.8829
31644,0 fw Controll.static MKFDGFOCKNO         31.3779 -> 31.4279
31644,0 fw Controll.static LEKCBKLAILO         31.4279 -> 31.4779
31644,0 fw Controll.static OFJKHAFJIMA          0.0023 -> 0.0002
31644,0 fw Controll.static GIPNIMALPEG          0.8829 -> 0.0063
31654,5 fw player          LNIDBHIAJJI             253 -> 254
31654,5 fw Controll.static GIPNIMALPEG          0.0063 -> 0.2173
31659,3 fw Controll.static GIPNIMALPEG          0.2173 -> 0.3122
31671,1 fw Controll.static GIPNIMALPEG          0.3122 -> 0.5481
31676,9 fw Controll.static GIPNIMALPEG          0.5481 -> 0.6656
31687,2 fw Controll.static GIPNIMALPEG          0.6656 -> 0.8712
31692,5 fw Controll.static GIPNIMALPEG          0.8712 -> 0.9776
31703,5 fw Controll.static MKFDGFOCKNO         31.4279 -> 31.4779
31703,5 fw Controll.static LEKCBKLAILO         31.4779 -> 31.5279
31703,5 fw Controll.static OFJKHAFJIMA          0.0002 -> 0.0097
31703,5 fw Controll.static GIPNIMALPEG          0.9776 -> 0.1967
31708,3 fw Controll.static GIPNIMALPEG          0.1967 -> 0.2937
31720,7 fw Controll.static GIPNIMALPEG          0.2937 -> 0.5413
31724,8 fw Controll.static GIPNIMALPEG          0.5413 -> 0.6212
31737,4 fw Controll.static GIPNIMALPEG          0.6212 -> 0.875
31741,8 fw Controll.static GIPNIMALPEG           0.875 -> 0.963
31754,2 fw Controll.static MKFDGFOCKNO         31.4779 -> 31.528
31754,2 fw Controll.static LEKCBKLAILO         31.5279 -> 31.578
31754,2 fw Controll.static OFJKHAFJIMA          0.0097 -> 0.0103
31754,2 fw Controll.static GIPNIMALPEG           0.963 -> 0.2101
31758,4 fw Controll.static GIPNIMALPEG          0.2101 -> 0.2952
31770,6 fw Controll.static GIPNIMALPEG          0.2952 -> 0.5391
31774,9 fw Controll.static GIPNIMALPEG          0.5391 -> 0.6244
31786,7 fw Controll.static GIPNIMALPEG          0.6244 -> 0.8614
31792,1 fw Controll.static GIPNIMALPEG          0.8614 -> 0.968
31800,7 fw Controll.static MKFDGFOCKNO          31.528 -> 31.578
31800,7 fw Controll.static LEKCBKLAILO          31.578 -> 31.628
31800,7 fw Controll.static OFJKHAFJIMA          0.0103 -> 0.0068
31800,7 fw Controll.static GIPNIMALPEG           0.968 -> 0.1399
31808,1 fw Controll.static GIPNIMALPEG          0.1399 -> 0.2894
31816,7 fw Controll.static GIPNIMALPEG          0.2894 -> 0.4599
31822,8 fw Controll.static GIPNIMALPEG          0.4599 -> 0.5822
31832,3 fw Controll.static GIPNIMALPEG          0.5822 -> 0.7719
31839,4 fw Controll.static GIPNIMALPEG          0.7719 -> 0.9156
31847,1 fw Controll.static MKFDGFOCKNO          31.578 -> 31.628
31847,1 fw Controll.static LEKCBKLAILO          31.628 -> 31.678
31847,1 fw Controll.static OFJKHAFJIMA          0.0068 -> 0.0032
31847,1 fw Controll.static GIPNIMALPEG          0.9156 -> 0.0682
31855,3 fw Controll.static GIPNIMALPEG          0.0682 -> 0.2324
31862,0 fw Controll.static GIPNIMALPEG          0.2324 -> 0.3668
31871,3 fw Controll.static GIPNIMALPEG          0.3668 -> 0.5526
31876,5 fw Controll.static GIPNIMALPEG          0.5526 -> 0.6569
31886,4 fw Controll.static GIPNIMALPEG          0.6569 -> 0.855
31892,9 fw Controll.static GIPNIMALPEG           0.855 -> 0.9843
31903,9 fw Controll.static MKFDGFOCKNO          31.628 -> 31.678
31903,9 fw Controll.static LEKCBKLAILO          31.678 -> 31.728
31903,9 fw Controll.static OFJKHAFJIMA          0.0032 -> 0.01
31903,9 fw Controll.static GIPNIMALPEG          0.9843 -> 0.2044
31907,8 fw Controll.static GIPNIMALPEG          0.2044 -> 0.2818
31920,1 fw Controll.static GIPNIMALPEG          0.2818 -> 0.5285
31925,0 fw Controll.static GIPNIMALPEG          0.5285 -> 0.6271
31937,0 fw Controll.static GIPNIMALPEG          0.6271 -> 0.8661
31941,4 fw Controll.static GIPNIMALPEG          0.8661 -> 0.9549
31953,9 fw Controll.static MKFDGFOCKNO          31.678 -> 31.728
31953,9 fw Controll.static LEKCBKLAILO          31.728 -> 31.778
31953,9 fw Controll.static GIPNIMALPEG          0.9549 -> 0.2049
31958,2 fw Controll.static GIPNIMALPEG          0.2049 -> 0.2906
31970,1 fw Controll.static GIPNIMALPEG          0.2906 -> 0.529
31974,6 fw Controll.static GIPNIMALPEG           0.529 -> 0.6189
31986,4 fw Controll.static GIPNIMALPEG          0.6189 -> 0.8554
31991,4 fw Controll.static GIPNIMALPEG          0.8554 -> 0.954
32003,3 fw Controll.static MKFDGFOCKNO          31.728 -> 31.778
32003,3 fw Controll.static LEKCBKLAILO          31.778 -> 31.828
32003,3 fw Controll.static OFJKHAFJIMA            0.01 -> 0.0094
32003,3 fw Controll.static GIPNIMALPEG           0.954 -> 0.1924
32006,9 fw Controll.static GIPNIMALPEG          0.1924 -> 0.2643
32019,9 fw Controll.static GIPNIMALPEG          0.2643 -> 0.5246
32024,2 fw Controll.static GIPNIMALPEG          0.5246 -> 0.6104
32036,2 fw Controll.static GIPNIMALPEG          0.6104 -> 0.8494
32040,4 fw Controll.static GIPNIMALPEG          0.8494 -> 0.9349
32053,4 fw Controll.static MKFDGFOCKNO          31.778 -> 31.828
32053,4 fw Controll.static LEKCBKLAILO          31.828 -> 31.878
32053,4 fw Controll.static GIPNIMALPEG          0.9349 -> 0.1942
32057,6 fw Controll.static GIPNIMALPEG          0.1942 -> 0.278
32069,6 fw Controll.static GIPNIMALPEG           0.278 -> 0.5187
32073,8 fw Controll.static GIPNIMALPEG          0.5187 -> 0.603
32085,8 fw Controll.static GIPNIMALPEG           0.603 -> 0.8413
32090,7 fw Controll.static GIPNIMALPEG          0.8413 -> 0.9408
32102,9 fw Controll.static MKFDGFOCKNO          31.828 -> 31.878
32102,9 fw Controll.static LEKCBKLAILO          31.878 -> 31.928
32102,9 fw Controll.static OFJKHAFJIMA          0.0094 -> 0.0091
32102,9 fw Controll.static GIPNIMALPEG          0.9408 -> 0.1849
32106,3 fw Controll.static GIPNIMALPEG          0.1849 -> 0.2519
32119,5 fw Controll.static GIPNIMALPEG          0.2519 -> 0.5164
32123,9 fw Controll.static GIPNIMALPEG          0.5164 -> 0.6033
32136,3 fw Controll.static GIPNIMALPEG          0.6033 -> 0.8531
32140,4 fw Controll.static GIPNIMALPEG          0.8531 -> 0.9347
32152,8 fw Controll.static MKFDGFOCKNO          31.878 -> 31.928
32152,8 fw Controll.static LEKCBKLAILO          31.928 -> 31.978
32152,9 fw Controll.static GIPNIMALPEG          0.9347 -> 0.1834
32157,4 fw Controll.static GIPNIMALPEG          0.1834 -> 0.2734
32169,1 fw Controll.static GIPNIMALPEG          0.2734 -> 0.5082
32173,2 fw Controll.static GIPNIMALPEG          0.5082 -> 0.5903
32185,4 fw Controll.static GIPNIMALPEG          0.5903 -> 0.8346
32190,8 fw Controll.static GIPNIMALPEG          0.8346 -> 0.9411
32202,5 fw Controll.static MKFDGFOCKNO          31.928 -> 31.978
32202,5 fw Controll.static LEKCBKLAILO          31.978 -> 32.028
32202,5 fw Controll.static OFJKHAFJIMA          0.0091 -> 0.0086
32202,6 fw Controll.static GIPNIMALPEG          0.9411 -> 0.1766
32205,8 fw Controll.static GIPNIMALPEG          0.1766 -> 0.2433
32219,3 fw Controll.static GIPNIMALPEG          0.2433 -> 0.5118
32223,4 fw Controll.static GIPNIMALPEG          0.5118 -> 0.5937
32235,7 fw Controll.static GIPNIMALPEG          0.5937 -> 0.8405
32239,7 fw Controll.static GIPNIMALPEG          0.8405 -> 0.9193
32252,5 fw Controll.static MKFDGFOCKNO          31.978 -> 32.028
32252,5 fw Controll.static LEKCBKLAILO          32.028 -> 32.078
32252,5 fw Controll.static GIPNIMALPEG          0.9193 -> 0.176
32256,7 fw Controll.static GIPNIMALPEG           0.176 -> 0.2585
32269,3 fw Controll.static GIPNIMALPEG          0.2585 -> 0.5121
32273,2 fw Controll.static GIPNIMALPEG          0.5121 -> 0.5909
32285,9 fw Controll.static GIPNIMALPEG          0.5909 -> 0.8437
32290,9 fw Controll.static GIPNIMALPEG          0.8437 -> 0.943
32301,6 fw Controll.static MKFDGFOCKNO          32.028 -> 32.078
32301,6 fw Controll.static LEKCBKLAILO          32.078 -> 32.128
32301,7 fw Controll.static OFJKHAFJIMA          0.0086 -> 0.0078
32301,7 fw Controll.static GIPNIMALPEG           0.943 -> 0.1593
32306,8 fw Controll.static GIPNIMALPEG          0.1593 -> 0.2615
32318,6 fw Controll.static GIPNIMALPEG          0.2615 -> 0.4976
32323,0 fw Controll.static GIPNIMALPEG          0.4976 -> 0.5869
32335,6 fw Controll.static GIPNIMALPEG          0.5869 -> 0.8388
32340,2 fw Controll.static GIPNIMALPEG          0.8388 -> 0.9305
32352,3 fw Controll.static MKFDGFOCKNO          32.078 -> 32.128
32352,3 fw Controll.static LEKCBKLAILO          32.128 -> 32.178
32352,3 fw Controll.static OFJKHAFJIMA          0.0078 -> 0.0085
32352,4 fw Controll.static GIPNIMALPEG          0.9305 -> 0.1732
32357,0 fw Controll.static GIPNIMALPEG          0.1732 -> 0.2661
32369,3 fw Controll.static GIPNIMALPEG          0.2661 -> 0.5126
32373,2 fw Controll.static GIPNIMALPEG          0.5126 -> 0.5898
32385,3 fw Controll.static GIPNIMALPEG          0.5898 -> 0.8317
32390,8 fw Controll.static GIPNIMALPEG          0.8317 -> 0.9419
32401,8 fw Controll.static MKFDGFOCKNO          32.128 -> 32.178
32401,8 fw Controll.static LEKCBKLAILO          32.178 -> 32.228
32401,8 fw Controll.static OFJKHAFJIMA          0.0085 -> 0.0079
32401,8 fw Controll.static GIPNIMALPEG          0.9419 -> 0.1616
32405,8 fw Controll.static GIPNIMALPEG          0.1616 -> 0.2428
32418,6 fw Controll.static GIPNIMALPEG          0.2428 -> 0.4968
32422,6 fw Controll.static GIPNIMALPEG          0.4968 -> 0.5772
32435,1 fw Controll.static GIPNIMALPEG          0.5772 -> 0.8286
32439,0 fw Controll.static GIPNIMALPEG          0.8286 -> 0.906
32452,2 fw Controll.static MKFDGFOCKNO          32.178 -> 32.228
32452,2 fw Controll.static LEKCBKLAILO          32.228 -> 32.278
32452,2 fw Controll.static OFJKHAFJIMA          0.0079 -> 0.0084
32452,2 fw Controll.static GIPNIMALPEG           0.906 -> 0.1699
32457,2 fw Controll.static GIPNIMALPEG          0.1699 -> 0.2709
32468,1 fw Controll.static GIPNIMALPEG          0.2709 -> 0.4875
32472,7 fw Controll.static GIPNIMALPEG          0.4875 -> 0.5801
32482,3 fw Controll.static GIPNIMALPEG          0.5801 -> 0.7726
32490,6 fw Controll.static GIPNIMALPEG          0.7726 -> 0.9379
32496,5 fw Controll.static MKFDGFOCKNO          32.228 -> 32.278
32496,5 fw Controll.static LEKCBKLAILO          32.278 -> 32.328
32496,5 fw Controll.static OFJKHAFJIMA          0.0084 -> 0.0025
32496,5 fw Controll.static GIPNIMALPEG          0.9379 -> 0.0549
32505,7 fw Controll.static DGNDKAKOEPD        77390379 -> 77391386
32505,7 fw Controll.static BEJBLGGGOCC       294650583 -> 294651592
32505,7 fw Controll.static JELGPAKAJPE              94 -> 95
32505,7 fw Controll.static EENJPDHGGGC         31.2746 -> 32.281
32505,7 fw Controll.static GIPNIMALPEG          0.0549 -> 0.2401
32512,7 fw Controll.static GIPNIMALPEG          0.2401 -> 0.3784
32520,6 fw Controll.static GIPNIMALPEG          0.3784 -> 0.5372
32527,8 fw Controll.static GIPNIMALPEG          0.5372 -> 0.6812
32535,8 fw Controll.static GIPNIMALPEG          0.6812 -> 0.8428
32541,6 fw Controll.static GIPNIMALPEG          0.8428 -> 0.9588
32551,8 fw Controll.static MKFDGFOCKNO          32.278 -> 32.328
32551,8 fw Controll.static LEKCBKLAILO          32.328 -> 32.378
32551,8 fw Controll.static OFJKHAFJIMA          0.0025 -> 0.008
32551,9 fw Controll.static GIPNIMALPEG          0.9588 -> 0.163
32556,9 fw Controll.static GIPNIMALPEG           0.163 -> 0.2628
32567,8 fw Controll.static GIPNIMALPEG          0.2628 -> 0.4817
32573,0 fw Controll.static GIPNIMALPEG          0.4817 -> 0.5853
32584,4 fw Controll.static GIPNIMALPEG          0.5853 -> 0.8142
32589,2 fw Controll.static GIPNIMALPEG          0.8142 -> 0.909
32601,4 fw Controll.static MKFDGFOCKNO          32.328 -> 32.378
32601,4 fw Controll.static LEKCBKLAILO          32.378 -> 32.428
32601,4 fw Controll.static OFJKHAFJIMA           0.008 -> 0.0075
32601,4 fw Controll.static GIPNIMALPEG           0.909 -> 0.1532
32605,5 fw Controll.static GIPNIMALPEG          0.1532 -> 0.2363
32618,1 fw Controll.static GIPNIMALPEG          0.2363 -> 0.4859
32622,5 fw Controll.static GIPNIMALPEG          0.4859 -> 0.5755
32635,0 fw Controll.static GIPNIMALPEG          0.5755 -> 0.8248
32639,9 fw Controll.static GIPNIMALPEG          0.8248 -> 0.9229
32651,4 fw Controll.static MKFDGFOCKNO          32.378 -> 32.428
32651,4 fw Controll.static LEKCBKLAILO          32.428 -> 32.478
32651,5 fw Controll.static GIPNIMALPEG          0.9229 -> 0.1547
32655,6 fw Controll.static GIPNIMALPEG          0.1547 -> 0.2384
32667,6 fw Controll.static GIPNIMALPEG          0.2384 -> 0.4763
32672,8 fw Controll.static GIPNIMALPEG          0.4763 -> 0.5816
32684,4 fw Controll.static GIPNIMALPEG          0.5816 -> 0.8129
32688,6 fw Controll.static GIPNIMALPEG          0.8129 -> 0.8985
32700,8 fw Controll.static MKFDGFOCKNO          32.428 -> 32.478
32700,8 fw Controll.static LEKCBKLAILO          32.478 -> 32.528
32700,8 fw Controll.static OFJKHAFJIMA          0.0075 -> 0.0069
32700,8 fw Controll.static GIPNIMALPEG          0.8985 -> 0.1418
32705,0 fw Controll.static GIPNIMALPEG          0.1418 -> 0.2258
32714,9 fw Controll.static GIPNIMALPEG          0.2258 -> 0.4237
32722,9 fw Controll.static GIPNIMALPEG          0.4237 -> 0.5827
32730,6 fw Controll.static GIPNIMALPEG          0.5827 -> 0.7376
32737,0 fw Controll.static GIPNIMALPEG          0.7376 -> 0.8663
32745,1 fw Controll.static MKFDGFOCKNO          32.478 -> 32.528
32745,1 fw Controll.static LEKCBKLAILO          32.528 -> 32.578
32745,1 fw Controll.static OFJKHAFJIMA          0.0069 -> 0.0012
32745,1 fw Controll.static GIPNIMALPEG          0.8663 -> 0.0276
32753,4 fw Controll.static GIPNIMALPEG          0.0276 -> 0.1927
32759,3 fw Controll.static GIPNIMALPEG          0.1927 -> 0.3121
32767,6 fw Controll.static GIPNIMALPEG          0.3121 -> 0.4774
32775,7 fw Controll.static GIPNIMALPEG          0.4774 -> 0.6385
32784,2 fw Controll.static GIPNIMALPEG          0.6385 -> 0.8099
32789,3 fw Controll.static GIPNIMALPEG          0.8099 -> 0.9114
32800,5 fw Controll.static MKFDGFOCKNO          32.528 -> 32.578
32800,5 fw Controll.static LEKCBKLAILO          32.578 -> 32.628
32800,6 fw Controll.static OFJKHAFJIMA          0.0012 -> 0.0066
32800,6 fw Controll.static GIPNIMALPEG          0.9114 -> 0.1364
32804,7 fw player          APFNBGHAJMD               1 -> 0
32804,7 fw Controll.static GIPNIMALPEG          0.1364 -> 0.2203
32817,7 fw Controll.static GIPNIMALPEG          0.2203 -> 0.4789
32821,4 fw Controll.static GIPNIMALPEG          0.4789 -> 0.553
32834,2 fw Controll.static GIPNIMALPEG           0.553 -> 0.8092
32838,4 fw Controll.static GIPNIMALPEG          0.8092 -> 0.894
32851,2 fw Controll.static MKFDGFOCKNO          32.578 -> 32.628
32851,2 fw Controll.static LEKCBKLAILO          32.628 -> 32.678
32851,2 fw Controll.static OFJKHAFJIMA          0.0066 -> 0.0072
32851,2 fw Controll.static GIPNIMALPEG           0.894 -> 0.1475
32855,1 fw Controll.static GIPNIMALPEG          0.1475 -> 0.227
32869,3 fw Controll.static GIPNIMALPEG           0.227 -> 0.5121
32873,7 fw Controll.static GIPNIMALPEG          0.5121 -> 0.5992
32884,0 fw Controll.static GIPNIMALPEG          0.5992 -> 0.805
32890,1 fw Controll.static GIPNIMALPEG           0.805 -> 0.9273
32900,4 fw Controll.static MKFDGFOCKNO          32.628 -> 32.678
32900,4 fw Controll.static LEKCBKLAILO          32.678 -> 32.728
32900,5 fw Controll.static OFJKHAFJIMA          0.0072 -> 0.0066
32900,5 fw Controll.static GIPNIMALPEG          0.9273 -> 0.1343
32904,7 fw player          APFNBGHAJMD               0 -> 1
32904,7 fw Controll.static GIPNIMALPEG          0.1343 -> 0.2194
32917,3 fw Controll.static GIPNIMALPEG          0.2194 -> 0.4717
32921,0 fw Controll.static GIPNIMALPEG          0.4717 -> 0.5453
32934,3 fw Controll.static GIPNIMALPEG          0.5453 -> 0.8109
32938,1 fw Controll.static GIPNIMALPEG          0.8109 -> 0.8874
32951,0 fw Controll.static MKFDGFOCKNO          32.678 -> 32.728
32951,0 fw Controll.static LEKCBKLAILO          32.728 -> 32.778
32951,0 fw Controll.static OFJKHAFJIMA          0.0066 -> 0.0071
32951,0 fw Controll.static GIPNIMALPEG          0.8874 -> 0.1451
32954,8 fw Controll.static GIPNIMALPEG          0.1451 -> 0.2225
32966,9 fw Controll.static GIPNIMALPEG          0.2225 -> 0.4633
32972,2 fw Controll.static GIPNIMALPEG          0.4633 -> 0.5703
32983,5 fw Controll.static GIPNIMALPEG          0.5703 -> 0.7952
32987,3 fw Controll.static GIPNIMALPEG          0.7952 -> 0.8719
33000,5 fw Controll.static MKFDGFOCKNO          32.728 -> 32.778
33000,5 fw Controll.static LEKCBKLAILO          32.778 -> 32.828
33000,5 fw Controll.static OFJKHAFJIMA          0.0071 -> 0.0065
33000,5 fw Controll.static GIPNIMALPEG          0.8719 -> 0.1346
33004,6 fw Controll.static GIPNIMALPEG          0.1346 -> 0.2173
33017,0 fw Controll.static GIPNIMALPEG          0.2173 -> 0.4653
33020,7 fw Controll.static GIPNIMALPEG          0.4653 -> 0.5403
33033,5 fw Controll.static GIPNIMALPEG          0.5403 -> 0.7944
33037,8 fw Controll.static GIPNIMALPEG          0.7944 -> 0.8795
33050,5 fw Controll.static MKFDGFOCKNO          32.778 -> 32.828
33050,5 fw Controll.static LEKCBKLAILO          32.828 -> 32.878
33050,5 fw Controll.static GIPNIMALPEG          0.8795 -> 0.1351
33054,6 fw Controll.static GIPNIMALPEG          0.1351 -> 0.2171
33066,7 fw Controll.static GIPNIMALPEG          0.2171 -> 0.4592
33071,8 fw Controll.static GIPNIMALPEG          0.4592 -> 0.5616
33083,7 fw Controll.static CKLMDECPAGK         17.4449 -> 0
33083,7 fw Controll.static DBMGNKNGFLL               1 -> 0
33083,7 fw Controll.static OINJNFHMDFE          0.3548 -> 0.592
33083,7 fw Controll.static _JFKCDODJALP_k__BackingField            0 -> 2
33083,7 fw Controll.static GIPNIMALPEG          0.5616 -> 0.7994
33083,7 fw Controll.static JBKBOPCCIBM               0 -> 2
33087,5 fw Controll.static GIPNIMALPEG          0.7994 -> 0.875
33100,5 fw Controll.static MKFDGFOCKNO          32.828 -> 32.878
33100,5 fw Controll.static LEKCBKLAILO          32.878 -> 32.928
33100,5 fw Controll.static GIPNIMALPEG           0.875 -> 0.1348
33104,8 fw Controll.static GIPNIMALPEG          0.1348 -> 0.2204
33117,1 fw Controll.static GIPNIMALPEG          0.2204 -> 0.4665
33121,8 fw Controll.static GIPNIMALPEG          0.4665 -> 0.5613
33133,4 fw Controll.static GIPNIMALPEG          0.5613 -> 0.7923
33138,9 fw Controll.static GIPNIMALPEG          0.7923 -> 0.902
33150,7 fw Controll.static MKFDGFOCKNO          32.878 -> 32.928
33150,7 fw Controll.static LEKCBKLAILO          32.928 -> 32.978
33150,7 fw Controll.static OFJKHAFJIMA          0.0065 -> 0.0067
33150,7 fw Controll.static GIPNIMALPEG           0.902 -> 0.1383
33154,4 fw Controll.static GIPNIMALPEG          0.1383 -> 0.2125
33166,5 fw Controll.static GIPNIMALPEG          0.2125 -> 0.4549
33173,9 fw Controll.static GIPNIMALPEG          0.4549 -> 0.6033
33180,1 fw Controll.static GIPNIMALPEG          0.6033 -> 0.7272
33189,0 fw Controll.static GIPNIMALPEG          0.7272 -> 0.9055
33195,7 fw Controll.static MKFDGFOCKNO          32.928 -> 32.978
33195,7 fw Controll.static LEKCBKLAILO          32.978 -> 33.028
33195,7 fw Controll.static OFJKHAFJIMA          0.0067 -> 0.0019
33195,7 fw Controll.static GIPNIMALPEG          0.9055 -> 0.0398
33204,0 fw Controll.static GIPNIMALPEG          0.0398 -> 0.2048
33210,4 fw Controll.static GIPNIMALPEG          0.2048 -> 0.3324
33219,0 fw Controll.static GIPNIMALPEG          0.3324 -> 0.5039
33225,4 fw Controll.static GIPNIMALPEG          0.5039 -> 0.6335
33233,6 fw Controll.static GIPNIMALPEG          0.6335 -> 0.7968
33240,6 fw Controll.static GIPNIMALPEG          0.7968 -> 0.9363
33249,8 fw Controll.static MKFDGFOCKNO          32.978 -> 33.028
33249,8 fw Controll.static LEKCBKLAILO          33.028 -> 33.078
33249,8 fw Controll.static OFJKHAFJIMA          0.0019 -> 0.0059
33249,8 fw Controll.static GIPNIMALPEG          0.9363 -> 0.1203
33254,1 fw Controll.static GIPNIMALPEG          0.1203 -> 0.2066
33265,7 fw Controll.static GIPNIMALPEG          0.2066 -> 0.4394
33271,2 fw Controll.static GIPNIMALPEG          0.4394 -> 0.5483
33279,7 fw Controll.static GIPNIMALPEG          0.5483 -> 0.7191
33288,0 fw Controll.static GIPNIMALPEG          0.7191 -> 0.8846
33294,8 fw Controll.static MKFDGFOCKNO          33.028 -> 33.078
33294,8 fw Controll.static LEKCBKLAILO          33.078 -> 33.128
33294,8 fw Controll.static OFJKHAFJIMA          0.0059 -> 0.0008
33294,8 fw Controll.static GIPNIMALPEG          0.8846 -> 0.0204
33303,1 fw Controll.static GIPNIMALPEG          0.0204 -> 0.1866
33310,6 fw Controll.static GIPNIMALPEG          0.1866 -> 0.3365
33318,2 fw Controll.static GIPNIMALPEG          0.3365 -> 0.489
33324,5 fw Controll.static GIPNIMALPEG           0.489 -> 0.6145
33333,8 fw Controll.static GIPNIMALPEG          0.6145 -> 0.8007
33339,6 fw Controll.static GIPNIMALPEG          0.8007 -> 0.9176
33349,6 fw Controll.static MKFDGFOCKNO          33.078 -> 33.1281
33349,6 fw Controll.static LEKCBKLAILO          33.128 -> 33.1781
33349,6 fw Controll.static OFJKHAFJIMA          0.0008 -> 0.0056
33349,6 fw Controll.static GIPNIMALPEG          0.9176 -> 0.1162
33354,7 fw Controll.static GIPNIMALPEG          0.1162 -> 0.2193
33365,6 fw Controll.static GIPNIMALPEG          0.2193 -> 0.4362
33370,6 fw Controll.static GIPNIMALPEG          0.4362 -> 0.537
33382,7 fw Controll.static GIPNIMALPEG           0.537 -> 0.7794
33386,1 fw Controll.static GIPNIMALPEG          0.7794 -> 0.8474
33399,4 fw Controll.static MKFDGFOCKNO         33.1281 -> 33.1781
33399,4 fw Controll.static LEKCBKLAILO         33.1781 -> 33.2281
33399,4 fw Controll.static OFJKHAFJIMA          0.0056 -> 0.0055
33399,4 fw Controll.static GIPNIMALPEG          0.8474 -> 0.1132
33403,5 fw Controll.static GIPNIMALPEG          0.1132 -> 0.1947
33416,3 fw Controll.static GIPNIMALPEG          0.1947 -> 0.4498
33420,9 fw Controll.static GIPNIMALPEG          0.4498 -> 0.5424
33432,8 fw Controll.static GIPNIMALPEG          0.5424 -> 0.7815
33436,5 fw Controll.static GIPNIMALPEG          0.7815 -> 0.8554
33449,6 fw Controll.static MKFDGFOCKNO         33.1781 -> 33.2281
33449,6 fw Controll.static LEKCBKLAILO         33.2281 -> 33.2781
33449,6 fw Controll.static OFJKHAFJIMA          0.0055 -> 0.0057
33449,6 fw Controll.static GIPNIMALPEG          0.8554 -> 0.116
33454,0 fw Controll.static GIPNIMALPEG           0.116 -> 0.2039
33465,5 fw Controll.static GIPNIMALPEG          0.2039 -> 0.4355
33470,3 fw player          APFNBGHAJMD               1 -> 0
33470,3 fw Controll.static GIPNIMALPEG          0.4355 -> 0.5315
33482,1 fw Controll.static GIPNIMALPEG          0.5315 -> 0.7668
33486,3 fw Controll.static GIPNIMALPEG          0.7668 -> 0.8514
33496,8 fw Controll.static MKFDGFOCKNO         33.2281 -> 33.2781
33496,8 fw Controll.static LEKCBKLAILO         33.2781 -> 33.3281
33496,8 fw Controll.static OFJKHAFJIMA          0.0057 -> 0.0028
33496,8 fw Controll.static GIPNIMALPEG          0.8514 -> 0.0598
33504,1 fw Controll.static GIPNIMALPEG          0.0598 -> 0.2063
33511,9 fw Controll.static GIPNIMALPEG          0.2063 -> 0.3633
33518,8 fw Controll.static GIPNIMALPEG          0.3633 -> 0.5013
33527,8 fw Controll.static GIPNIMALPEG          0.5013 -> 0.6812
33536,9 fw Controll.static GIPNIMALPEG          0.6812 -> 0.8621
33543,5 fw Controll.static GIPNIMALPEG          0.8621 -> 0.9933
33552,5 fw Controll.static DJACNOGOCKD               1 -> 0
33552,6 fw Controll.static MKFDGFOCKNO         33.2781 -> 33.3281
33552,6 fw Controll.static LEKCBKLAILO         33.3281 -> 33.3781
33552,6 fw Controll.static OFJKHAFJIMA          0.0028 -> 0.0086
33552,6 fw Controll.static _JFKCDODJALP_k__BackingField            2 -> 0
33552,6 fw Controll.static GIPNIMALPEG          0.9933 -> 0.1752
33552,6 fw Controll.static JBKBOPCCIBM               2 -> 0
33558,2 fw Controll.static BFEOOOMMGLK               0 -> 1
33558,3 fw Controll.static MNHBPCOOMLE        77390459 -> 77392527
33558,3 fw Controll.static GIPNIMALPEG          0.1752 -> 0.2896
33567,4 fw Controll.static BFEOOOMMGLK               1 -> 0
33567,4 fw Controll.static GIPNIMALPEG          0.2896 -> 0.472
33575,4 fw Controll.static GIPNIMALPEG           0.472 -> 0.6316
33583,4 fw Controll.static GIPNIMALPEG          0.6316 -> 0.7916
33591,0 fw Controll.static GIPNIMALPEG          0.7916 -> 0.9449
33599,3 fw Controll.static MKFDGFOCKNO         33.3281 -> 33.3781
33599,3 fw Controll.static LEKCBKLAILO         33.3781 -> 33.4281
33599,3 fw Controll.static OFJKHAFJIMA          0.0086 -> 0.0053
33599,3 fw Controll.static GIPNIMALPEG          0.9449 -> 0.1108
33604,9 fw Controll.static GIPNIMALPEG          0.1108 -> 0.222
33615,7 fw Controll.static GIPNIMALPEG           0.222 -> 0.4382
33620,3 fw Controll.static GIPNIMALPEG          0.4382 -> 0.5302
33632,2 fw Controll.static GIPNIMALPEG          0.5302 -> 0.7681
33636,5 fw Controll.static GIPNIMALPEG          0.7681 -> 0.8551
33648,8 fw Controll.static BFEOOOMMGLK               0 -> 1
33648,8 fw Controll.static MKFDGFOCKNO         33.3781 -> 33.4281
33648,8 fw Controll.static LEKCBKLAILO         33.4281 -> 33.4781
33648,8 fw Controll.static OFJKHAFJIMA          0.0053 -> 0.0049
33648,8 fw Controll.static MNHBPCOOMLE        77392527 -> 77392617
33648,8 fw Controll.static GIPNIMALPEG          0.8551 -> 0.1
33653,5 fw Controll.static BFEOOOMMGLK               1 -> 0
33653,5 fw Controll.static GIPNIMALPEG             0.1 -> 0.1951
33664,8 fw Controll.static GIPNIMALPEG          0.1951 -> 0.4193
33672,3 fw Controll.static GIPNIMALPEG          0.4193 -> 0.5703
33681,3 fw Controll.static GIPNIMALPEG          0.5703 -> 0.75
33686,5 fw Controll.static DGNDKAKOEPD        77391386 -> 77392570
33686,5 fw Controll.static BEJBLGGGOCC       294651592 -> 294652785
33686,5 fw Controll.static JELGPAKAJPE              95 -> 282
33686,5 fw Controll.static EENJPDHGGGC          32.281 -> 33.4657
33686,5 fw Controll.static GIPNIMALPEG            0.75 -> 0.8544
33698,8 fw Controll.static MKFDGFOCKNO         33.4281 -> 33.4781
33698,8 fw Controll.static LEKCBKLAILO         33.4781 -> 33.5281
33698,8 fw Controll.static OFJKHAFJIMA          0.0049 -> 0.0047
33698,8 fw Controll.static GIPNIMALPEG          0.8544 -> 0.0993
33702,1 fw player          APFNBGHAJMD               0 -> 1
33702,2 fw Controll.static GIPNIMALPEG          0.0993 -> 0.1682
33715,4 fw Controll.static GIPNIMALPEG          0.1682 -> 0.4327
33720,0 fw Controll.static GIPNIMALPEG          0.4327 -> 0.5248
33732,3 fw Controll.static BFEOOOMMGLK               0 -> 1
33732,4 fw Controll.static MNHBPCOOMLE        77392617 -> 77392701
33732,4 fw Controll.static GIPNIMALPEG          0.5248 -> 0.7713
33736,3 fw Controll.static BFEOOOMMGLK               1 -> 0
33736,3 fw Controll.static GIPNIMALPEG          0.7713 -> 0.851
33748,3 fw Controll.static MKFDGFOCKNO         33.4781 -> 33.5281
33748,3 fw Controll.static LEKCBKLAILO         33.5281 -> 33.5781
33748,3 fw Controll.static OFJKHAFJIMA          0.0047 -> 0.0044
33748,3 fw Controll.static GIPNIMALPEG           0.851 -> 0.0909
33755,7 fw Controll.static GIPNIMALPEG          0.0909 -> 0.2392
33764,8 fw Controll.static GIPNIMALPEG          0.2392 -> 0.4196
33769,9 fw Controll.static GIPNIMALPEG          0.4196 -> 0.5219
33781,4 fw Controll.static GIPNIMALPEG          0.5219 -> 0.753
33786,1 fw Controll.static GIPNIMALPEG           0.753 -> 0.8466
33798,6 fw Controll.static MKFDGFOCKNO         33.5281 -> 33.5781
33798,6 fw Controll.static LEKCBKLAILO         33.5781 -> 33.6281
33798,6 fw Controll.static OFJKHAFJIMA          0.0044 -> 0.0046
33798,6 fw Controll.static GIPNIMALPEG          0.8466 -> 0.0956
33802,6 fw Controll.static GIPNIMALPEG          0.0956 -> 0.176
33815,7 fw Controll.static BFEOOOMMGLK               0 -> 1
33815,7 fw Controll.static MNHBPCOOMLE        77392701 -> 77392784
33815,7 fw Controll.static GIPNIMALPEG           0.176 -> 0.4385
33820,2 fw Controll.static BFEOOOMMGLK               1 -> 0
33820,2 fw Controll.static GIPNIMALPEG          0.4385 -> 0.5282
33831,9 fw Controll.static GIPNIMALPEG          0.5282 -> 0.7629
33838,0 fw Controll.static GIPNIMALPEG          0.7629 -> 0.8846
33848,2 fw Controll.static MKFDGFOCKNO         33.5781 -> 33.6281
33848,2 fw Controll.static LEKCBKLAILO         33.6281 -> 33.6781
33848,2 fw Controll.static OFJKHAFJIMA          0.0046 -> 0.0042
33848,2 fw Controll.static GIPNIMALPEG          0.8846 -> 0.0883
33853,4 fw Controll.static GIPNIMALPEG          0.0883 -> 0.1915
33864,5 fw Controll.static GIPNIMALPEG          0.1915 -> 0.4139
33869,9 fw Controll.static GIPNIMALPEG          0.4139 -> 0.5226
33881,2 fw Controll.static GIPNIMALPEG          0.5226 -> 0.7485
33885,1 fw Controll.static GIPNIMALPEG          0.7485 -> 0.8271
33898,7 fw Controll.static BFEOOOMMGLK               0 -> 1
33898,7 fw Controll.static MKFDGFOCKNO         33.6281 -> 33.6781
33898,7 fw Controll.static LEKCBKLAILO         33.6781 -> 33.7281
33898,7 fw Controll.static OFJKHAFJIMA          0.0042 -> 0.0048
33898,7 fw Controll.static MNHBPCOOMLE        77392784 -> 77392867
33898,7 fw Controll.static GIPNIMALPEG          0.8271 -> 0.0972
33903,0 fw Controll.static BFEOOOMMGLK               1 -> 0
33903,0 fw Controll.static GIPNIMALPEG          0.0972 -> 0.1831
33915,8 fw Controll.static GIPNIMALPEG          0.1831 -> 0.4392
33921,6 fw Controll.static GIPNIMALPEG          0.4392 -> 0.5563
33932,6 fw Controll.static GIPNIMALPEG          0.5563 -> 0.7764
33938,5 fw Controll.static GIPNIMALPEG          0.7764 -> 0.8931
33948,0 fw Controll.static MKFDGFOCKNO         33.6781 -> 33.7281
33948,0 fw Controll.static LEKCBKLAILO         33.7281 -> 33.7781
33948,0 fw Controll.static OFJKHAFJIMA          0.0048 -> 0.004
33948,0 fw Controll.static GIPNIMALPEG          0.8931 -> 0.0832
33955,7 fw Controll.static GIPNIMALPEG          0.0832 -> 0.2379
33964,4 fw Controll.static GIPNIMALPEG          0.2379 -> 0.4109
33970,4 fw Controll.static GIPNIMALPEG          0.4109 -> 0.5321
33981,6 fw Controll.static BFEOOOMMGLK               0 -> 1
33981,6 fw Controll.static MNHBPCOOMLE        77392867 -> 77392950
33981,6 fw Controll.static GIPNIMALPEG          0.5321 -> 0.7566
33985,9 fw Controll.static BFEOOOMMGLK               1 -> 0
33985,9 fw Controll.static GIPNIMALPEG          0.7566 -> 0.8428
33998,6 fw Controll.static MKFDGFOCKNO         33.7281 -> 33.7781
33998,6 fw Controll.static LEKCBKLAILO         33.7781 -> 33.8281
33998,6 fw Controll.static OFJKHAFJIMA           0.004 -> 0.0046
33998,6 fw Controll.static GIPNIMALPEG          0.8428 -> 0.0952
34003,1 fw Controll.static GIPNIMALPEG          0.0952 -> 0.1867
34014,8 fw Controll.static GIPNIMALPEG          0.1867 -> 0.4199
34019,5 fw Controll.static GIPNIMALPEG          0.4199 -> 0.5144
34031,5 fw Controll.static GIPNIMALPEG          0.5144 -> 0.7533
34036,5 fw Controll.static GIPNIMALPEG          0.7533 -> 0.8537
34047,7 fw Controll.static MKFDGFOCKNO         33.7781 -> 33.8281
34047,7 fw Controll.static LEKCBKLAILO         33.8281 -> 33.8781
34047,7 fw Controll.static OFJKHAFJIMA          0.0046 -> 0.0037
34047,7 fw Controll.static GIPNIMALPEG          0.8537 -> 0.0781
34053,8 fw Controll.static GIPNIMALPEG          0.0781 -> 0.2005
34064,4 fw Controll.static BFEOOOMMGLK               0 -> 1
34064,4 fw Controll.static MNHBPCOOMLE        77392950 -> 77393033
34064,4 fw Controll.static GIPNIMALPEG          0.2005 -> 0.4118
34069,7 fw Controll.static BFEOOOMMGLK               1 -> 0
34069,7 fw Controll.static GIPNIMALPEG          0.4118 -> 0.5177
34080,8 fw Controll.static GIPNIMALPEG          0.5177 -> 0.7392
34086,1 fw Controll.static GIPNIMALPEG          0.7392 -> 0.845
34098,1 fw Controll.static MKFDGFOCKNO         33.8281 -> 33.8781
34098,1 fw Controll.static LEKCBKLAILO         33.8781 -> 33.9281
34098,1 fw Controll.static OFJKHAFJIMA          0.0037 -> 0.0041
34098,2 fw Controll.static GIPNIMALPEG           0.845 -> 0.0866
34101,9 fw Controll.static GIPNIMALPEG          0.0866 -> 0.162
34114,6 fw Controll.static GIPNIMALPEG           0.162 -> 0.4151
34120,5 fw Controll.static GIPNIMALPEG          0.4151 -> 0.5335
34131,2 fw Controll.static GIPNIMALPEG          0.5335 -> 0.7482
34136,2 fw Controll.static GIPNIMALPEG          0.7482 -> 0.8474
34147,6 fw Controll.static BFEOOOMMGLK               0 -> 1
34147,6 fw Controll.static MKFDGFOCKNO         33.8781 -> 33.9281
34147,6 fw Controll.static LEKCBKLAILO         33.9281 -> 33.9781
34147,6 fw Controll.static OFJKHAFJIMA          0.0041 -> 0.0037
34147,7 fw Controll.static MNHBPCOOMLE        77393033 -> 77393116
34147,7 fw Controll.static GIPNIMALPEG          0.8474 -> 0.0765
34153,1 fw Controll.static BFEOOOMMGLK               1 -> 0
34153,2 fw Controll.static GIPNIMALPEG          0.0765 -> 0.187
34163,9 fw Controll.static GIPNIMALPEG           0.187 -> 0.4012
34169,7 fw Controll.static GIPNIMALPEG          0.4012 -> 0.5185
34180,4 fw Controll.static GIPNIMALPEG          0.5185 -> 0.7311
34186,0 fw Controll.static GIPNIMALPEG          0.7311 -> 0.8429
34197,6 fw Controll.static MKFDGFOCKNO         33.9281 -> 33.9781
34197,6 fw Controll.static LEKCBKLAILO         33.9781 -> 34.0281
34197,6 fw Controll.static OFJKHAFJIMA          0.0037 -> 0.0036
34197,6 fw Controll.static GIPNIMALPEG          0.8429 -> 0.0762
34202,1 fw Controll.static GIPNIMALPEG          0.0762 -> 0.1665
34214,2 fw Controll.static GIPNIMALPEG          0.1665 -> 0.4067
34219,0 fw Controll.static GIPNIMALPEG          0.4067 -> 0.5026
34231,1 fw Controll.static BFEOOOMMGLK               0 -> 1
34231,1 fw Controll.static MNHBPCOOMLE        77393116 -> 77393200
34231,1 fw Controll.static GIPNIMALPEG          0.5026 -> 0.7454
34235,4 fw Controll.static BFEOOOMMGLK               1 -> 0
34235,5 fw Controll.static GIPNIMALPEG          0.7454 -> 0.8327
34247,2 fw Controll.static MKFDGFOCKNO         33.9781 -> 34.0281
34247,2 fw Controll.static LEKCBKLAILO         34.0281 -> 34.0781
34247,2 fw Controll.static OFJKHAFJIMA          0.0036 -> 0.0032
34247,2 fw Controll.static GIPNIMALPEG          0.8327 -> 0.0684
34253,1 fw Controll.static GIPNIMALPEG          0.0684 -> 0.1851
34263,9 fw Controll.static GIPNIMALPEG          0.1851 -> 0.4007
34269,8 fw Controll.static GIPNIMALPEG          0.4007 -> 0.5203
34280,1 fw Controll.static GIPNIMALPEG          0.5203 -> 0.7254
34286,6 fw Controll.static GIPNIMALPEG          0.7254 -> 0.8549
34297,5 fw Controll.static MKFDGFOCKNO         34.0281 -> 34.0781
34297,5 fw Controll.static LEKCBKLAILO         34.0781 -> 34.1281
34297,5 fw Controll.static OFJKHAFJIMA          0.0032 -> 0.0035
34297,5 fw Controll.static GIPNIMALPEG          0.8549 -> 0.0729
34301,5 fw Controll.static GIPNIMALPEG          0.0729 -> 0.1534
34314,1 fw Controll.static BFEOOOMMGLK               0 -> 1
34314,2 fw Controll.static MNHBPCOOMLE        77393200 -> 77393283
34314,2 fw Controll.static GIPNIMALPEG          0.1534 -> 0.4068
34319,4 fw Controll.static BFEOOOMMGLK               1 -> 0
34319,4 fw Controll.static GIPNIMALPEG          0.4068 -> 0.5119
34330,8 fw Controll.static GIPNIMALPEG          0.5119 -> 0.7398
34335,5 fw Controll.static GIPNIMALPEG          0.7398 -> 0.833
34346,8 fw Controll.static MKFDGFOCKNO         34.0781 -> 34.1281
34346,8 fw Controll.static LEKCBKLAILO         34.1281 -> 34.1781
34346,8 fw Controll.static OFJKHAFJIMA          0.0035 -> 0.0028
34346,8 fw Controll.static GIPNIMALPEG           0.833 -> 0.0594
34352,6 fw Controll.static GIPNIMALPEG          0.0594 -> 0.1764
34363,1 fw Controll.static GIPNIMALPEG          0.1764 -> 0.3845
34368,3 fw Controll.static GIPNIMALPEG          0.3845 -> 0.4897
34380,3 fw Controll.static GIPNIMALPEG          0.4897 -> 0.729
34384,0 fw Controll.static GIPNIMALPEG           0.729 -> 0.8043
34397,5 fw Controll.static BFEOOOMMGLK               0 -> 1
34397,5 fw Controll.static MKFDGFOCKNO         34.1281 -> 34.1781
34397,5 fw Controll.static LEKCBKLAILO         34.1781 -> 34.2281
34397,5 fw Controll.static OFJKHAFJIMA          0.0028 -> 0.0036
34397,5 fw Controll.static MNHBPCOOMLE        77393283 -> 77393366
34397,5 fw Controll.static GIPNIMALPEG          0.8043 -> 0.0737
34402,1 fw Controll.static BFEOOOMMGLK               1 -> 0
34402,1 fw Controll.static GIPNIMALPEG          0.0737 -> 0.1653
34413,4 fw Controll.static GIPNIMALPEG          0.1653 -> 0.3919
34419,2 fw Controll.static GIPNIMALPEG          0.3919 -> 0.507
34430,1 fw Controll.static GIPNIMALPEG           0.507 -> 0.7262
34434,8 fw Controll.static GIPNIMALPEG          0.7262 -> 0.8199
34446,5 fw Controll.static MKFDGFOCKNO         34.1781 -> 34.2281
34446,5 fw Controll.static LEKCBKLAILO         34.2281 -> 34.2781
34446,5 fw Controll.static OFJKHAFJIMA          0.0036 -> 0.0025
34446,6 fw Controll.static GIPNIMALPEG          0.8199 -> 0.0538
34452,2 fw Controll.static GIPNIMALPEG          0.0538 -> 0.1678
34462,8 fw Controll.static GIPNIMALPEG          0.1678 -> 0.3799
34467,7 fw Controll.static GIPNIMALPEG          0.3799 -> 0.4781
34480,8 fw Controll.static BFEOOOMMGLK               0 -> 1
34480,8 fw Controll.static MNHBPCOOMLE        77393366 -> 77393449
34480,8 fw Controll.static GIPNIMALPEG          0.4781 -> 0.7401
34485,0 fw Controll.static BFEOOOMMGLK               1 -> 0
34485,0 fw Controll.static GIPNIMALPEG          0.7401 -> 0.8232
34496,8 fw Controll.static DGNDKAKOEPD        77392570 -> 77393374
34496,8 fw Controll.static BEJBLGGGOCC       294652785 -> 294653587
34496,8 fw Controll.static JELGPAKAJPE             282 -> 88
34496,8 fw Controll.static EENJPDHGGGC         33.4657 -> 34.2694
34496,8 fw Controll.static MKFDGFOCKNO         34.2281 -> 34.2781
34496,8 fw Controll.static LEKCBKLAILO         34.2781 -> 34.3281
34496,8 fw Controll.static OFJKHAFJIMA          0.0025 -> 0.0028
34496,9 fw Controll.static GIPNIMALPEG          0.8232 -> 0.06
34502,3 fw Controll.static GIPNIMALPEG            0.06 -> 0.1695
34513,4 fw Controll.static GIPNIMALPEG          0.1695 -> 0.3917
34518,1 fw Controll.static GIPNIMALPEG          0.3917 -> 0.4852
34529,9 fw Controll.static GIPNIMALPEG          0.4852 -> 0.7212
34534,7 fw Controll.static GIPNIMALPEG          0.7212 -> 0.8168
34546,2 fw Controll.static MKFDGFOCKNO         34.2781 -> 34.3281
34546,2 fw Controll.static LEKCBKLAILO         34.3281 -> 34.3781
34546,2 fw Controll.static OFJKHAFJIMA          0.0028 -> 0.0022
34546,2 fw Controll.static GIPNIMALPEG          0.8168 -> 0.0472
34551,3 fw Controll.static GIPNIMALPEG          0.0472 -> 0.15
34563,1 fw Controll.static BFEOOOMMGLK               0 -> 1
34563,1 fw Controll.static MNHBPCOOMLE        77393449 -> 77393532
34563,1 fw Controll.static GIPNIMALPEG            0.15 -> 0.3857
34567,9 fw Controll.static BFEOOOMMGLK               1 -> 0
34567,9 fw Controll.static GIPNIMALPEG          0.3857 -> 0.4807
34580,0 fw Controll.static GIPNIMALPEG          0.4807 -> 0.7238
34584,4 fw Controll.static GIPNIMALPEG          0.7238 -> 0.8119
34596,6 fw Controll.static MKFDGFOCKNO         34.3281 -> 34.3781
34596,6 fw Controll.static LEKCBKLAILO         34.3781 -> 34.4281
34596,7 fw Controll.static OFJKHAFJIMA          0.0022 -> 0.0026
34596,7 fw Controll.static GIPNIMALPEG          0.8119 -> 0.0562
34601,8 fw Controll.static GIPNIMALPEG          0.0562 -> 0.1593
34613,1 fw Controll.static GIPNIMALPEG          0.1593 -> 0.3848
34618,2 fw Controll.static GIPNIMALPEG          0.3848 -> 0.4865
34630,0 fw Controll.static GIPNIMALPEG          0.4865 -> 0.7216
34634,3 fw Controll.static GIPNIMALPEG          0.7216 -> 0.8091
34646,4 fw Controll.static BFEOOOMMGLK               0 -> 1
34646,4 fw Controll.static MKFDGFOCKNO         34.3781 -> 34.4281
34646,4 fw Controll.static LEKCBKLAILO         34.4281 -> 34.4781
34646,4 fw Controll.static OFJKHAFJIMA          0.0026 -> 0.0024
34646,4 fw Controll.static MNHBPCOOMLE        77393532 -> 77393615
34646,4 fw Controll.static GIPNIMALPEG          0.8091 -> 0.0504
34651,8 fw Controll.static BFEOOOMMGLK               1 -> 0
34651,8 fw Controll.static GIPNIMALPEG          0.0504 -> 0.1596
34662,4 fw Controll.static GIPNIMALPEG          0.1596 -> 0.3713
34669,6 fw Controll.static GIPNIMALPEG          0.3713 -> 0.5149
34678,9 fw Controll.static GIPNIMALPEG          0.5149 -> 0.7017
34684,5 fw Controll.static GIPNIMALPEG          0.7017 -> 0.8133
34696,4 fw Controll.static MKFDGFOCKNO         34.4281 -> 34.4781
34696,4 fw Controll.static LEKCBKLAILO         34.4781 -> 34.5281
34696,5 fw Controll.static GIPNIMALPEG          0.8133 -> 0.0522
34701,5 fw Controll.static GIPNIMALPEG          0.0522 -> 0.1527
34712,7 fw Controll.static GIPNIMALPEG          0.1527 -> 0.3778
34718,0 fw Controll.static GIPNIMALPEG          0.3778 -> 0.4825
34729,8 fw Controll.static BFEOOOMMGLK               0 -> 1
34729,8 fw Controll.static MNHBPCOOMLE        77393615 -> 77393698
34729,8 fw Controll.static GIPNIMALPEG          0.4825 -> 0.7186
34734,2 fw Controll.static BFEOOOMMGLK               1 -> 0
34734,3 fw Controll.static GIPNIMALPEG          0.7186 -> 0.8081
34746,2 fw Controll.static IGLCENGMMMJ            -2.1 -> -1.95
34746,2 fw Controll.static MKFDGFOCKNO         34.4781 -> 34.5281
34746,2 fw Controll.static LEKCBKLAILO         34.5281 -> 34.5781
34746,2 fw Controll.static OFJKHAFJIMA          0.0024 -> 0.0022
34746,2 fw Controll.static GIPNIMALPEG          0.8081 -> 0.0477
34753,3 fw Controll.static IGLCENGMMMJ           -1.95 -> -1.8
34753,3 fw Controll.static GIPNIMALPEG          0.0477 -> 0.1901
34762,0 fw Controll.static NAKNALFCOIF        142.5004 -> 142.3504
34762,0 fw Controll.static IGLCENGMMMJ            -1.8 -> -1.5
34762,0 fw Controll.static GIPNIMALPEG          0.1901 -> 0.3628
34768,3 fw Controll.static GIPNIMALPEG          0.3628 -> 0.4895
34780,3 fw Controll.static IGLCENGMMMJ            -1.5 -> -1.35
34780,4 fw Controll.static GIPNIMALPEG          0.4895 -> 0.7302
34783,8 fw Controll.static IGLCENGMMMJ           -1.35 -> -1.2
34783,9 fw Controll.static GIPNIMALPEG          0.7302 -> 0.8004
34797,0 fw Controll.static MKFDGFOCKNO         34.5281 -> 34.5781
34797,0 fw Controll.static LEKCBKLAILO         34.5781 -> 34.6281
34797,0 fw Controll.static OFJKHAFJIMA          0.0022 -> 0.0029
34797,0 fw Controll.static GIPNIMALPEG          0.8004 -> 0.0623
34802,7 fw Controll.static GIPNIMALPEG          0.0623 -> 0.1748
34814,1 fw Controll.static IGLCENGMMMJ            -1.2 -> -0.9
34814,1 fw Controll.static BFEOOOMMGLK               0 -> 1
34814,1 fw Controll.static MNHBPCOOMLE        77393698 -> 77393783
34814,1 fw Controll.static GIPNIMALPEG          0.1748 -> 0.4055
34818,0 fw Controll.static BFEOOOMMGLK               1 -> 0
34818,0 fw Controll.static GIPNIMALPEG          0.4055 -> 0.4828
34830,1 fw Controll.static NAKNALFCOIF        142.3504 -> 142.2004
34830,1 fw Controll.static IGLCENGMMMJ            -0.9 -> -0.75
34830,1 fw Controll.static GIPNIMALPEG          0.4828 -> 0.7246
34836,7 fw Controll.static GIPNIMALPEG          0.7246 -> 0.8572
34845,9 fw Controll.static MKFDGFOCKNO         34.5781 -> 34.6281
34845,9 fw Controll.static LEKCBKLAILO         34.6281 -> 34.6781
34845,9 fw Controll.static OFJKHAFJIMA          0.0029 -> 0.0018
34845,9 fw Controll.static GIPNIMALPEG          0.8572 -> 0.0407
34853,0 fw Controll.static GIPNIMALPEG          0.0407 -> 0.1821
34862,2 fw Controll.static IGLCENGMMMJ           -0.75 -> -0.6
34862,3 fw Controll.static GIPNIMALPEG          0.1821 -> 0.3682
34867,3 fw Controll.static GIPNIMALPEG          0.3682 -> 0.4688
34880,3 fw Controll.static IGLCENGMMMJ            -0.6 -> -0.45
34880,3 fw Controll.static GIPNIMALPEG          0.4688 -> 0.7289
34884,2 fw Controll.static GIPNIMALPEG          0.7289 -> 0.8077
34897,0 fw Controll.static BFEOOOMMGLK               0 -> 1
34897,1 fw Controll.static MKFDGFOCKNO         34.6281 -> 34.6781
34897,1 fw Controll.static LEKCBKLAILO         34.6781 -> 34.7281
34897,1 fw Controll.static OFJKHAFJIMA          0.0018 -> 0.0031
34897,1 fw Controll.static MNHBPCOOMLE        77393783 -> 77393865
34897,1 fw Controll.static GIPNIMALPEG          0.8077 -> 0.0641
34903,4 fw Controll.static IGLCENGMMMJ           -0.45 -> -0.3
34903,4 fw Controll.static BFEOOOMMGLK               1 -> 0
34903,4 fw Controll.static GIPNIMALPEG          0.0641 -> 0.1908
34913,1 fw Controll.static GIPNIMALPEG          0.1908 -> 0.385
34919,6 fw Controll.static GIPNIMALPEG           0.385 -> 0.5154
34928,9 fw Controll.static GIPNIMALPEG          0.5154 -> 0.7013
34935,0 fw Controll.static GIPNIMALPEG          0.7013 -> 0.8221
34945,4 fw Controll.static MKFDGFOCKNO         34.6781 -> 34.7281
34945,4 fw Controll.static LEKCBKLAILO         34.7281 -> 34.7781
34945,4 fw Controll.static OFJKHAFJIMA          0.0031 -> 0.0013
34945,4 fw Controll.static GIPNIMALPEG          0.8221 -> 0.03
34951,0 fw player          LNIDBHIAJJI             254 -> 255
34951,0 fw Controll.static GIPNIMALPEG            0.03 -> 0.1426
34961,6 fw Controll.static GIPNIMALPEG          0.1426 -> 0.3549
34966,9 fw Controll.static GIPNIMALPEG          0.3549 -> 0.4604
34979,0 fw Controll.static BFEOOOMMGLK               0 -> 1
34979,1 fw Controll.static MNHBPCOOMLE        77393865 -> 77393948
34979,1 fw Controll.static GIPNIMALPEG          0.4604 -> 0.7041
34983,7 fw Controll.static BFEOOOMMGLK               1 -> 0
34983,7 fw Controll.static GIPNIMALPEG          0.7041 -> 0.7963
34996,6 fw Controll.static MKFDGFOCKNO         34.7281 -> 34.7781
34996,6 fw Controll.static LEKCBKLAILO         34.7781 -> 34.8281
34996,7 fw Controll.static OFJKHAFJIMA          0.0013 -> 0.0026
34996,7 fw Controll.static GIPNIMALPEG          0.7963 -> 0.0561
35002,8 fw Controll.static GIPNIMALPEG          0.0561 -> 0.1784
35012,4 fw Controll.static GIPNIMALPEG          0.1784 -> 0.371
35019,2 fw Controll.static GIPNIMALPEG           0.371 -> 0.5064
35027,9 fw Controll.static GIPNIMALPEG          0.5064 -> 0.6799
35034,2 fw Controll.static GIPNIMALPEG          0.6799 -> 0.8059
35044,6 fw Controll.static MKFDGFOCKNO         34.7781 -> 34.8282
35044,6 fw Controll.static LEKCBKLAILO         34.8281 -> 34.8782
35044,6 fw Controll.static OFJKHAFJIMA          0.0026 -> 0.0005
35044,6 fw Controll.static GIPNIMALPEG          0.8059 -> 0.0145
35049,8 fw Controll.static GIPNIMALPEG          0.0145 -> 0.119
35062,9 fw Controll.static IGLCENGMMMJ            -0.3 -> -0.15
35062,9 fw Controll.static BFEOOOMMGLK               0 -> 1
35062,9 fw Controll.static MNHBPCOOMLE        77393948 -> 77394031
35062,9 fw Controll.static GIPNIMALPEG           0.119 -> 0.3799
35066,6 fw Controll.static BFEOOOMMGLK               1 -> 0
35066,6 fw Controll.static GIPNIMALPEG          0.3799 -> 0.4543
35080,3 fw Controll.static IGLCENGMMMJ           -0.15 -> -0
35080,4 fw Controll.static GIPNIMALPEG          0.4543 -> 0.73
35084,9 fw Controll.static GIPNIMALPEG            0.73 -> 0.8201
35096,2 fw Controll.static MKFDGFOCKNO         34.8282 -> 34.8782
35096,3 fw Controll.static LEKCBKLAILO         34.8782 -> 34.9282
35096,3 fw Controll.static OFJKHAFJIMA          0.0005 -> 0.0022
35096,3 fw Controll.static GIPNIMALPEG          0.8201 -> 0.048
35102,1 fw Controll.static GIPNIMALPEG           0.048 -> 0.164
35113,1 fw Controll.static GIPNIMALPEG           0.164 -> 0.3851
35118,8 fw Controll.static GIPNIMALPEG          0.3851 -> 0.4995
35128,3 fw Controll.static GIPNIMALPEG          0.4995 -> 0.6892
35136,4 fw Controll.static GIPNIMALPEG          0.6892 -> 0.8499
35145,4 fw Controll.static BFEOOOMMGLK               0 -> 1
35145,4 fw Controll.static MKFDGFOCKNO         34.8782 -> 34.9282
35145,4 fw Controll.static LEKCBKLAILO         34.9282 -> 34.9782
35145,4 fw Controll.static OFJKHAFJIMA          0.0022 -> 0.0014
35145,4 fw Controll.static MNHBPCOOMLE        77394031 -> 77394114
35145,4 fw Controll.static GIPNIMALPEG          0.8499 -> 0.0311
35150,9 fw Controll.static BFEOOOMMGLK               1 -> 0
35150,9 fw Controll.static GIPNIMALPEG          0.0311 -> 0.1407
35160,9 fw Controll.static GIPNIMALPEG          0.1407 -> 0.3415
35167,3 fw Controll.static GIPNIMALPEG          0.3415 -> 0.4678
35178,0 fw Controll.static GIPNIMALPEG          0.4678 -> 0.6827
35183,5 fw Controll.static IGLCENGMMMJ              -0 -> 0.15
35183,6 fw Controll.static GIPNIMALPEG          0.6827 -> 0.7942
35195,0 fw Controll.static MKFDGFOCKNO         34.9282 -> 34.9782
35195,0 fw Controll.static LEKCBKLAILO         34.9782 -> 35.0282
35195,0 fw Controll.static OFJKHAFJIMA          0.0014 -> 0.0009
35195,0 fw Controll.static GIPNIMALPEG          0.7942 -> 0.0225
35200,0 fw Controll.static GIPNIMALPEG          0.0225 -> 0.1237
35211,5 fw Controll.static GIPNIMALPEG          0.1237 -> 0.3536
35216,4 fw Controll.static GIPNIMALPEG          0.3536 -> 0.4499
35228,5 fw Controll.static BFEOOOMMGLK               0 -> 1
35228,5 fw Controll.static MNHBPCOOMLE        77394114 -> 77394197
35228,5 fw Controll.static GIPNIMALPEG          0.4499 -> 0.6928
35233,1 fw Controll.static BFEOOOMMGLK               1 -> 0
35233,1 fw Controll.static GIPNIMALPEG          0.6928 -> 0.7848
35244,5 fw Controll.static MKFDGFOCKNO         34.9782 -> 35.0282
35244,5 fw Controll.static LEKCBKLAILO         35.0282 -> 35.0782
35244,5 fw Controll.static OFJKHAFJIMA          0.0009 -> 0.0005
35244,6 fw Controll.static GIPNIMALPEG          0.7848 -> 0.0134
35252,0 fw Controll.static GIPNIMALPEG          0.0134 -> 0.1626
35260,7 fw Controll.static GIPNIMALPEG          0.1626 -> 0.3368
35266,0 fw Controll.static GIPNIMALPEG          0.3368 -> 0.4419
35278,0 fw Controll.static GIPNIMALPEG          0.4419 -> 0.6819
35282,4 fw Controll.static GIPNIMALPEG          0.6819 -> 0.7699
35294,9 fw Controll.static MKFDGFOCKNO         35.0282 -> 35.0782
35295,0 fw Controll.static LEKCBKLAILO         35.0782 -> 35.1282
35295,0 fw Controll.static OFJKHAFJIMA          0.0005 -> 0.0009
35295,0 fw Controll.static GIPNIMALPEG          0.7699 -> 0.0217
35299,6 fw Controll.static GIPNIMALPEG          0.0217 -> 0.1147
35311,6 fw Controll.static BFEOOOMMGLK               0 -> 1
35311,6 fw Controll.static MNHBPCOOMLE        77394197 -> 77394280
35311,6 fw Controll.static GIPNIMALPEG          0.1147 -> 0.3549
35316,2 fw Controll.static BFEOOOMMGLK               1 -> 0
35316,3 fw Controll.static GIPNIMALPEG          0.3549 -> 0.4477
35327,2 fw Controll.static GIPNIMALPEG          0.4477 -> 0.6673
35334,8 fw Controll.static GIPNIMALPEG          0.6673 -> 0.8177
35343,9 fw Controll.static GIPNIMALPEG          0.8177 -> 1
35349,7 fw Controll.static MKFDGFOCKNO         35.0782 -> 35.1282
35349,7 fw Controll.static LEKCBKLAILO         35.1282 -> 35.1782
35349,7 fw Controll.static OFJKHAFJIMA          0.0009 -> 0.0056
35349,7 fw Controll.static GIPNIMALPEG               1 -> 0.1164
35360,5 fw Controll.static GIPNIMALPEG          0.1164 -> 0.3325
35365,4 fw Controll.static GIPNIMALPEG          0.3325 -> 0.4295
35377,7 fw Controll.static GIPNIMALPEG          0.4295 -> 0.6763
35381,7 fw Controll.static GIPNIMALPEG          0.6763 -> 0.756
35394,6 fw Controll.static BFEOOOMMGLK               0 -> 1
35394,6 fw Controll.static MKFDGFOCKNO         35.1282 -> 35.1782
35394,6 fw Controll.static LEKCBKLAILO         35.1782 -> 35.2282
35394,7 fw Controll.static OFJKHAFJIMA          0.0056 -> 0.0007
35394,7 fw Controll.static MNHBPCOOMLE        77394280 -> 77394363
35394,7 fw Controll.static GIPNIMALPEG           0.756 -> 0.0153
35399,1 fw Controll.static BFEOOOMMGLK               1 -> 0
35399,1 fw Controll.static GIPNIMALPEG          0.0153 -> 0.1042
35411,0 fw Controll.static GIPNIMALPEG          0.1042 -> 0.3413
35416,0 fw Controll.static GIPNIMALPEG          0.3413 -> 0.4413
35427,2 fw Controll.static GIPNIMALPEG          0.4413 -> 0.6658
35433,4 fw Controll.static GIPNIMALPEG          0.6658 -> 0.7901
35443,9 fw Controll.static GIPNIMALPEG          0.7901 -> 0.9999
35448,3 fw player          APFNBGHAJMD               1 -> 0
35448,4 fw Controll.static MKFDGFOCKNO         35.1782 -> 35.2282
35448,4 fw Controll.static LEKCBKLAILO         35.2282 -> 35.2782
35448,4 fw Controll.static OFJKHAFJIMA          0.0007 -> 0.0043
35448,4 fw Controll.static GIPNIMALPEG          0.9999 -> 0.0897
35460,7 fw Controll.static GIPNIMALPEG          0.0897 -> 0.3364
35465,4 fw Controll.static GIPNIMALPEG          0.3364 -> 0.4305
35477,7 fw Controll.static BFEOOOMMGLK               0 -> 1
35477,7 fw Controll.static MNHBPCOOMLE        77394363 -> 77394446
35477,7 fw Controll.static GIPNIMALPEG          0.4305 -> 0.677
35482,3 fw Controll.static BFEOOOMMGLK               1 -> 0
35482,4 fw Controll.static GIPNIMALPEG           0.677 -> 0.7693
35494,1 fw Controll.static MKFDGFOCKNO         35.2282 -> 35.2782
35494,2 fw Controll.static LEKCBKLAILO         35.2782 -> 35.3282
35494,2 fw Controll.static OFJKHAFJIMA          0.0043 -> 0.0001
35494,2 fw Controll.static GIPNIMALPEG          0.7693 -> 0.0054
35499,0 fw Controll.static GIPNIMALPEG          0.0054 -> 0.1013
35510,5 fw Controll.static GIPNIMALPEG          0.1013 -> 0.3329
35515,4 fw Controll.static GIPNIMALPEG          0.3329 -> 0.429
35528,2 fw Controll.static GIPNIMALPEG           0.429 -> 0.6854
35533,4 fw player          APFNBGHAJMD               0 -> 1
35533,4 fw Controll.static DGNDKAKOEPD        77393374 -> 77394417
35533,5 fw Controll.static BEJBLGGGOCC       294653587 -> 294654631
35533,5 fw Controll.static JELGPAKAJPE              88 -> 134
35533,5 fw Controll.static EENJPDHGGGC         34.2694 -> 35.3126
35533,5 fw Controll.static GIPNIMALPEG          0.6854 -> 0.7914
35543,4 fw Controll.static GIPNIMALPEG          0.7914 -> 0.9899
35551,8 fw Controll.static MKFDGFOCKNO         35.2782 -> 35.3282
35551,8 fw Controll.static LEKCBKLAILO         35.3282 -> 35.3782
35551,8 fw Controll.static OFJKHAFJIMA          0.0001 -> 0.0077
35551,9 fw Controll.static GIPNIMALPEG          0.9899 -> 0.159
35560,6 fw Controll.static BFEOOOMMGLK               0 -> 1
35560,7 fw Controll.static MNHBPCOOMLE        77394446 -> 77394529
35560,7 fw Controll.static GIPNIMALPEG           0.159 -> 0.3354
35565,7 fw Controll.static BFEOOOMMGLK               1 -> 0
35565,8 fw Controll.static GIPNIMALPEG          0.3354 -> 0.4371
35577,1 fw Controll.static GIPNIMALPEG          0.4371 -> 0.6648
35582,1 fw Controll.static GIPNIMALPEG          0.6648 -> 0.7641
35593,6 fw Controll.static GIPNIMALPEG          0.7641 -> 0.9945
35598,8 fw Controll.static MKFDGFOCKNO         35.3282 -> 35.3782
35598,8 fw Controll.static LEKCBKLAILO         35.3782 -> 35.4282
35598,8 fw Controll.static OFJKHAFJIMA          0.0077 -> 0.0047
35598,8 fw Controll.static GIPNIMALPEG          0.9945 -> 0.0974
35610,4 fw Controll.static GIPNIMALPEG          0.0974 -> 0.3304
35614,9 fw Controll.static GIPNIMALPEG          0.3304 -> 0.4192
35626,6 fw Controll.static GIPNIMALPEG          0.4192 -> 0.6542
35632,3 fw Controll.static GIPNIMALPEG          0.6542 -> 0.7683
35643,4 fw Controll.static BFEOOOMMGLK               0 -> 1
35643,4 fw Controll.static MNHBPCOOMLE        77394529 -> 77394612
35643,4 fw Controll.static GIPNIMALPEG          0.7683 -> 0.9908
35648,3 fw Controll.static BFEOOOMMGLK               1 -> 0
35648,3 fw Controll.static MKFDGFOCKNO         35.3782 -> 35.4282
35648,3 fw Controll.static LEKCBKLAILO         35.4282 -> 35.4782
35648,3 fw Controll.static OFJKHAFJIMA          0.0047 -> 0.0043
35648,3 fw Controll.static GIPNIMALPEG          0.9908 -> 0.0884
35660,4 fw Controll.static GIPNIMALPEG          0.0884 -> 0.3307
35665,3 fw Controll.static GIPNIMALPEG          0.3307 -> 0.4287
35676,7 fw Controll.static GIPNIMALPEG          0.4287 -> 0.6555
35682,1 fw Controll.static GIPNIMALPEG          0.6555 -> 0.7648
35693,8 fw Controll.static GIPNIMALPEG          0.7648 -> 0.9982
35698,4 fw Controll.static MKFDGFOCKNO         35.4282 -> 35.4782
35698,4 fw Controll.static LEKCBKLAILO         35.4782 -> 35.5282
35698,4 fw Controll.static GIPNIMALPEG          0.9982 -> 0.0899
35710,1 fw Controll.static GIPNIMALPEG          0.0899 -> 0.3243
35716,2 fw Controll.static GIPNIMALPEG          0.3243 -> 0.4451
35726,5 fw Controll.static BFEOOOMMGLK               0 -> 1
35726,5 fw Controll.static MNHBPCOOMLE        77394612 -> 77394695
35726,5 fw Controll.static GIPNIMALPEG          0.4451 -> 0.6518
35731,9 fw Controll.static BFEOOOMMGLK               1 -> 0
35731,9 fw Controll.static GIPNIMALPEG          0.6518 -> 0.7609
35743,1 fw Controll.static GIPNIMALPEG          0.7609 -> 0.9849
35748,4 fw Controll.static MKFDGFOCKNO         35.4782 -> 35.5282
35748,4 fw Controll.static LEKCBKLAILO         35.5282 -> 35.5782
35748,4 fw Controll.static GIPNIMALPEG          0.9849 -> 0.0895
35759,8 # net: TcpClient.Connected = True
35759,9 fw Controll.static GIPNIMALPEG          0.0895 -> 0.3189
35764,4 fw Controll.static GIPNIMALPEG          0.3189 -> 0.4107
35776,9 fw Controll.static GIPNIMALPEG          0.4107 -> 0.66
35781,5 fw Controll.static GIPNIMALPEG            0.66 -> 0.7509
35793,4 fw Controll.static GIPNIMALPEG          0.7509 -> 0.9904
35798,5 fw Controll.static MKFDGFOCKNO         35.5282 -> 35.5782
35798,5 fw Controll.static LEKCBKLAILO         35.5782 -> 35.6282
35798,5 fw Controll.static OFJKHAFJIMA          0.0043 -> 0.0044
35798,5 fw Controll.static GIPNIMALPEG          0.9904 -> 0.0925
35810,7 fw Controll.static BFEOOOMMGLK               0 -> 1
35810,7 fw Controll.static MNHBPCOOMLE        77394695 -> 77394779
35810,7 fw Controll.static GIPNIMALPEG          0.0925 -> 0.3353
35814,7 fw Controll.static BFEOOOMMGLK               1 -> 0
35814,8 fw Controll.static GIPNIMALPEG          0.3353 -> 0.4167
35825,9 fw Controll.static GIPNIMALPEG          0.4167 -> 0.6401
35833,0 fw Controll.static GIPNIMALPEG          0.6401 -> 0.7822
35842,7 fw Controll.static GIPNIMALPEG          0.7822 -> 0.9762
35847,9 fw Controll.static MKFDGFOCKNO         35.5782 -> 35.6282
35847,9 fw Controll.static LEKCBKLAILO         35.6282 -> 35.6782
35847,9 fw Controll.static OFJKHAFJIMA          0.0044 -> 0.0038
35847,9 fw Controll.static GIPNIMALPEG          0.9762 -> 0.0792
35859,6 fw Controll.static GIPNIMALPEG          0.0792 -> 0.3146
35863,9 fw Controll.static GIPNIMALPEG          0.3146 -> 0.3988
35876,3 fw Controll.static GIPNIMALPEG          0.3988 -> 0.6468
35880,7 fw Controll.static GIPNIMALPEG          0.6468 -> 0.7357
35894,2 fw Controll.static BFEOOOMMGLK               0 -> 1
35894,2 fw Controll.static MKFDGFOCKNO         35.6282 -> 35.6782
35894,2 fw Controll.static LEKCBKLAILO         35.6782 -> 35.7282
35894,2 fw Controll.static OFJKHAFJIMA          0.0038 -> 0.0001
35894,2 fw Controll.static MNHBPCOOMLE        77394779 -> 77394862
35894,2 fw Controll.static GIPNIMALPEG          0.7357 -> 0.0047
35898,0 fw Controll.static BFEOOOMMGLK               1 -> 0
35898,0 fw Controll.static GIPNIMALPEG          0.0047 -> 0.0814
35910,6 fw Controll.static GIPNIMALPEG          0.0814 -> 0.3343
35916,0 fw Controll.static GIPNIMALPEG          0.3343 -> 0.442
35925,7 fw Controll.static GIPNIMALPEG           0.442 -> 0.6347
35933,4 fw Controll.static GIPNIMALPEG          0.6347 -> 0.7903
35942,3 fw Controll.static GIPNIMALPEG          0.7903 -> 0.9682
35947,2 fw Controll.static MKFDGFOCKNO         35.6782 -> 35.7282
35947,2 fw Controll.static LEKCBKLAILO         35.7282 -> 35.7782
35947,2 fw Controll.static OFJKHAFJIMA          0.0001 -> 0.0031
35947,2 fw Controll.static GIPNIMALPEG          0.9682 -> 0.0652
35959,5 fw Controll.static GIPNIMALPEG          0.0652 -> 0.3115
35964,1 fw Controll.static GIPNIMALPEG          0.3115 -> 0.4025
35976,4 fw Controll.static BFEOOOMMGLK               0 -> 1
35976,4 fw Controll.static MNHBPCOOMLE        77394862 -> 77394945
35976,4 fw Controll.static GIPNIMALPEG          0.4025 -> 0.6503
35981,8 fw Controll.static BFEOOOMMGLK               1 -> 0
35981,9 fw Controll.static GIPNIMALPEG          0.6503 -> 0.7589
35995,1 fw Controll.static MKFDGFOCKNO         35.7282 -> 35.7782
35995,1 fw Controll.static LEKCBKLAILO         35.7782 -> 35.8282
35995,1 fw Controll.static OFJKHAFJIMA          0.0031 -> 0.001
35995,1 fw Controll.static GIPNIMALPEG          0.7589 -> 0.0243
36000,1 fw Controll.static GIPNIMALPEG          0.0243 -> 0.1242
36010,7 fw Controll.static GIPNIMALPEG          0.1242 -> 0.3357
36017,5 fw Controll.static GIPNIMALPEG          0.3357 -> 0.4719
36026,2 fw Controll.static GIPNIMALPEG          0.4719 -> 0.6457
36033,2 fw Controll.static GIPNIMALPEG          0.6457 -> 0.7859
36042,8 fw Controll.static GIPNIMALPEG          0.7859 -> 0.978
36048,2 fw Controll.static MKFDGFOCKNO         35.7782 -> 35.8282
36048,2 fw Controll.static LEKCBKLAILO         35.8282 -> 35.8782
36048,2 fw Controll.static OFJKHAFJIMA           0.001 -> 0.0041
36048,3 fw Controll.static GIPNIMALPEG           0.978 -> 0.086
36059,6 fw Controll.static BFEOOOMMGLK               0 -> 1
36059,6 fw Controll.static MNHBPCOOMLE        77394945 -> 77395028
36059,6 fw Controll.static GIPNIMALPEG           0.086 -> 0.3143
36064,6 fw Controll.static BFEOOOMMGLK               1 -> 0
36064,7 fw Controll.static GIPNIMALPEG          0.3143 -> 0.415
36076,3 fw Controll.static GIPNIMALPEG           0.415 -> 0.6475
36081,5 fw Controll.static GIPNIMALPEG          0.6475 -> 0.7511
36092,7 fw Controll.static GIPNIMALPEG          0.7511 -> 0.9747
36098,2 fw Controll.static MKFDGFOCKNO         35.8282 -> 35.8782
36098,2 fw Controll.static LEKCBKLAILO         35.8782 -> 35.9282
36098,2 fw Controll.static GIPNIMALPEG          0.9747 -> 0.0849
36109,5 fw player          APFNBGHAJMD               1 -> 0
36109,6 fw Controll.static GIPNIMALPEG          0.0849 -> 0.313
36114,4 fw Controll.static GIPNIMALPEG           0.313 -> 0.41
36125,5 fw Controll.static GIPNIMALPEG            0.41 -> 0.6315
36131,3 fw Controll.static GIPNIMALPEG          0.6315 -> 0.7466
36142,4 fw Controll.static BFEOOOMMGLK               0 -> 1
36142,4 fw Controll.static MNHBPCOOMLE        77395028 -> 77395111
36142,4 fw Controll.static GIPNIMALPEG          0.7466 -> 0.9693
36147,7 fw Controll.static BFEOOOMMGLK               1 -> 0
36147,7 fw Controll.static MKFDGFOCKNO         35.8782 -> 35.9282
36147,7 fw Controll.static LEKCBKLAILO         35.9282 -> 35.9782
36147,7 fw Controll.static OFJKHAFJIMA          0.0041 -> 0.0036
36147,7 fw Controll.static GIPNIMALPEG          0.9693 -> 0.0758
36159,0 fw Controll.static GIPNIMALPEG          0.0758 -> 0.302
36164,1 fw Controll.static GIPNIMALPEG           0.302 -> 0.4032
36175,3 fw Controll.static GIPNIMALPEG          0.4032 -> 0.6273
36180,5 fw Controll.static GIPNIMALPEG          0.6273 -> 0.7309
36191,9 fw player          APFNBGHAJMD               0 -> 1
36192,0 fw Controll.static GIPNIMALPEG          0.7309 -> 0.9606
36196,3 fw Controll.static MKFDGFOCKNO         35.9282 -> 35.9782
36196,3 fw Controll.static LEKCBKLAILO         35.9782 -> 36.0282
36196,3 fw Controll.static OFJKHAFJIMA          0.0036 -> 0.0022
36196,3 fw Controll.static GIPNIMALPEG          0.9606 -> 0.0476
36209,0 fw Controll.static GIPNIMALPEG          0.0476 -> 0.3012
36213,8 fw Controll.static GIPNIMALPEG          0.3012 -> 0.3979
36224,9 fw Controll.static MNHBPCOOMLE        77395111 -> 77395364
36224,9 fw Controll.static GIPNIMALPEG          0.3979 -> 0.6196
36230,9 fw Controll.static GIPNIMALPEG          0.6196 -> 0.7389
36241,4 fw Controll.static GIPNIMALPEG          0.7389 -> 0.9493
36246,8 fw Controll.static MKFDGFOCKNO         35.9782 -> 36.0282
36246,8 fw Controll.static LEKCBKLAILO         36.0282 -> 36.0782
36246,8 fw Controll.static OFJKHAFJIMA          0.0022 -> 0.0027
36246,8 fw Controll.static GIPNIMALPEG          0.9493 -> 0.0573
36258,8 fw Controll.static GIPNIMALPEG          0.0573 -> 0.2975
36263,2 fw Controll.static GIPNIMALPEG          0.2975 -> 0.3849
36275,4 fw Controll.static GIPNIMALPEG          0.3849 -> 0.6303
36280,3 fw Controll.static GIPNIMALPEG          0.6303 -> 0.728
36292,2 fw Controll.static GIPNIMALPEG           0.728 -> 0.9651
36297,1 fw Controll.static MKFDGFOCKNO         36.0282 -> 36.0782
36297,1 fw Controll.static LEKCBKLAILO         36.0782 -> 36.1282
36297,1 fw Controll.static OFJKHAFJIMA          0.0027 -> 0.003
36297,1 fw Controll.static GIPNIMALPEG          0.9651 -> 0.0638
36308,2 fw Controll.static GIPNIMALPEG          0.0638 -> 0.2845
36314,9 fw Controll.static GIPNIMALPEG          0.2845 -> 0.4186
36324,8 fw Controll.static GIPNIMALPEG          0.4186 -> 0.6165
36331,2 fw Controll.static GIPNIMALPEG          0.6165 -> 0.7459
36343,6 fw Controll.static GIPNIMALPEG          0.7459 -> 0.9928
36343,6 fw Controll        KOPOBDGHLFL               0 -> 1
36343,6 fw Controll        CLEHDNFKJPB          20.586 -> 33.0029
36346,9 fw Controll.static MKFDGFOCKNO         36.0782 -> 36.1282
36346,9 fw Controll.static LEKCBKLAILO         36.1282 -> 36.1782
36346,9 fw Controll.static OFJKHAFJIMA           0.003 -> 0.0027
36346,9 fw Controll.static GIPNIMALPEG          0.9928 -> 0.0592
36360,1 fw Controll.static GIPNIMALPEG          0.0592 -> 0.323
36365,6 fw Controll.static GIPNIMALPEG           0.323 -> 0.4324
36375,8 fw Controll.static GIPNIMALPEG          0.4324 -> 0.6378
36381,1 fw Controll.static GIPNIMALPEG          0.6378 -> 0.7424
36391,7 fw Controll.static GIPNIMALPEG          0.7424 -> 0.9543
36397,5 fw Controll.static MKFDGFOCKNO         36.1282 -> 36.1782
36397,5 fw Controll.static LEKCBKLAILO         36.1782 -> 36.2282
36397,5 fw Controll.static OFJKHAFJIMA          0.0027 -> 0.0033
36397,5 fw Controll.static GIPNIMALPEG          0.9543 -> 0.071
36407,5 fw Controll.static GIPNIMALPEG           0.071 -> 0.2713
36413,2 fw Controll.static GIPNIMALPEG          0.2713 -> 0.3846
36424,3 fw Controll.static GIPNIMALPEG          0.3846 -> 0.6075
36429,1 fw Controll.static GIPNIMALPEG          0.6075 -> 0.7041
36441,2 fw Controll.static GIPNIMALPEG          0.7041 -> 0.9443
36445,5 fw Controll.static MKFDGFOCKNO         36.1782 -> 36.2282
36445,5 fw Controll.static LEKCBKLAILO         36.2282 -> 36.2782
36445,5 fw Controll.static OFJKHAFJIMA          0.0033 -> 0.0014
36445,5 fw Controll.static GIPNIMALPEG          0.9443 -> 0.0313
36458,4 fw Controll.static GIPNIMALPEG          0.0313 -> 0.2891
36462,4 fw Controll.static GIPNIMALPEG          0.2891 -> 0.3688
36474,7 fw Controll.static GIPNIMALPEG          0.3688 -> 0.6152
36480,7 fw Controll.static GIPNIMALPEG          0.6152 -> 0.7346
36491,3 fw Controll.static DGNDKAKOEPD        77394417 -> 77395370
36491,4 fw Controll.static BEJBLGGGOCC       294654631 -> 294655582
36491,4 fw Controll.static JELGPAKAJPE             134 -> 84
36491,4 fw Controll.static EENJPDHGGGC         35.3126 -> 36.2651
36491,4 fw Controll.static GIPNIMALPEG          0.7346 -> 0.9484
36496,1 fw player          LNIDBHIAJJI             255 -> 0
36496,1 fw Controll.static MKFDGFOCKNO         36.2282 -> 36.2782
36496,1 fw Controll.static LEKCBKLAILO         36.2782 -> 36.3282
36496,1 fw Controll.static OFJKHAFJIMA          0.0014 -> 0.002
36496,2 fw Controll.static GIPNIMALPEG          0.9484 -> 0.0441
36507,5 fw Controll.static GIPNIMALPEG          0.0441 -> 0.2701
36512,6 fw Controll.static GIPNIMALPEG          0.2701 -> 0.3739
36524,0 fw Controll.static GIPNIMALPEG          0.3739 -> 0.6006
36529,2 fw Controll.static GIPNIMALPEG          0.6006 -> 0.7049
36540,6 fw Controll.static GIPNIMALPEG          0.7049 -> 0.9322
36545,0 fw Controll.static MKFDGFOCKNO         36.2782 -> 36.3282
36545,0 fw Controll.static LEKCBKLAILO         36.3282 -> 36.3782
36545,0 fw Controll.static OFJKHAFJIMA           0.002 -> 0.0009
36545,1 fw Controll.static GIPNIMALPEG          0.9322 -> 0.0221
36557,6 fw Controll.static GIPNIMALPEG          0.0221 -> 0.2725
36561,8 fw Controll.static GIPNIMALPEG          0.2725 -> 0.3578
36574,5 fw Controll.static GIPNIMALPEG          0.3578 -> 0.6113
36578,2 fw Controll.static GIPNIMALPEG          0.6113 -> 0.6856
36591,1 fw Controll.static GIPNIMALPEG          0.6856 -> 0.9431
36596,6 fw Controll.static DJACNOGOCKD               0 -> 1
36596,6 fw Controll.static MKFDGFOCKNO         36.3282 -> 36.3782
36596,6 fw Controll.static LEKCBKLAILO         36.3782 -> 36.4282
36596,6 fw Controll.static OFJKHAFJIMA          0.0009 -> 0.0025
36596,6 fw Controll.static FBINCNDDPAO         27.9559 -> 33.0079
36596,6 fw Controll.static ILGHFLMKMCO         29.9559 -> 35.0079
36596,6 fw Controll.static JADIDAJFOGK            0.38 -> 0.4
36596,6 fw Controll.static GIPNIMALPEG          0.9431 -> 0.0527
36596,6 fw Controll        KOPOBDGHLFL               1 -> 0
36607,2 fw Controll.static GIPNIMALPEG          0.0527 -> 0.2647
36612,4 fw Controll.static GIPNIMALPEG          0.2647 -> 0.3696
36623,7 fw Controll.static GIPNIMALPEG          0.3696 -> 0.5949
36628,9 fw Controll.static GIPNIMALPEG          0.5949 -> 0.6997
36640,3 fw Controll.static GIPNIMALPEG          0.6997 -> 0.9268
36644,9 fw Controll.static MKFDGFOCKNO         36.3782 -> 36.4282
36644,9 fw Controll.static LEKCBKLAILO         36.4282 -> 36.4782
36644,9 fw Controll.static OFJKHAFJIMA          0.0025 -> 0.0008
36644,9 fw Controll.static GIPNIMALPEG          0.9268 -> 0.0196
36657,6 fw Controll.static GIPNIMALPEG          0.0196 -> 0.2725
36661,5 fw Controll.static GIPNIMALPEG          0.2725 -> 0.351
36673,9 fw Controll.static GIPNIMALPEG           0.351 -> 0.598
36678,3 fw Controll.static GIPNIMALPEG           0.598 -> 0.6867
36690,6 fw Controll.static GIPNIMALPEG          0.6867 -> 0.9332
36696,0 fw Controll.static MKFDGFOCKNO         36.4282 -> 36.4782
36696,0 fw Controll.static LEKCBKLAILO         36.4782 -> 36.5282
36696,0 fw Controll.static OFJKHAFJIMA          0.0008 -> 0.0019
36696,1 fw Controll.static GIPNIMALPEG          0.9332 -> 0.0417
36706,9 fw Controll.static GIPNIMALPEG          0.0417 -> 0.2574
36712,5 fw Controll.static GIPNIMALPEG          0.2574 -> 0.3691
36723,5 fw Controll.static GIPNIMALPEG          0.3691 -> 0.5905
36728,2 fw Controll.static GIPNIMALPEG          0.5905 -> 0.6844
36740,3 fw Controll.static GIPNIMALPEG          0.6844 -> 0.9277
36744,7 fw Controll.static MKFDGFOCKNO         36.4782 -> 36.5282
36744,7 fw Controll.static LEKCBKLAILO         36.5282 -> 36.5782
36744,7 fw Controll.static OFJKHAFJIMA          0.0019 -> 0.0006
36744,7 fw Controll.static GIPNIMALPEG          0.9277 -> 0.0144
36757,2 fw Controll.static GIPNIMALPEG          0.0144 -> 0.2648
36761,4 fw player          APFNBGHAJMD               1 -> 0
36761,5 fw Controll.static GIPNIMALPEG          0.2648 -> 0.3501
36773,6 fw Controll.static GIPNIMALPEG          0.3501 -> 0.5925
36778,1 fw Controll.static GIPNIMALPEG          0.5925 -> 0.6821
36790,4 fw Controll.static GIPNIMALPEG          0.6821 -> 0.9295
36794,8 fw Controll.static MKFDGFOCKNO         36.5282 -> 36.5782
36794,8 fw Controll.static LEKCBKLAILO         36.5782 -> 36.6282
36794,8 fw Controll.static OFJKHAFJIMA          0.0006 -> 0.0007
36794,9 fw Controll.static GIPNIMALPEG          0.9295 -> 0.0179
36806,8 fw Controll.static GIPNIMALPEG          0.0179 -> 0.2562
36811,5 fw Controll.static GIPNIMALPEG          0.2562 -> 0.3508
36823,2 fw Controll.static GIPNIMALPEG          0.3508 -> 0.5838
36827,8 fw Controll.static GIPNIMALPEG          0.5838 -> 0.6767
36840,6 fw Controll.static GIPNIMALPEG          0.6767 -> 0.9325
36845,4 fw Controll.static MKFDGFOCKNO         36.5782 -> 36.6283
36845,4 fw Controll.static LEKCBKLAILO         36.6282 -> 36.6783
36845,4 fw Controll.static OFJKHAFJIMA          0.0007 -> 0.0013
36845,4 fw Controll.static GIPNIMALPEG          0.9325 -> 0.0295
36856,8 fw Controll.static GIPNIMALPEG          0.0295 -> 0.2573
36861,5 fw player          APFNBGHAJMD               0 -> 1
36861,6 fw Controll.static GIPNIMALPEG          0.2573 -> 0.3521
36873,2 fw Controll.static GIPNIMALPEG          0.3521 -> 0.5847
36877,9 fw Controll.static GIPNIMALPEG          0.5847 -> 0.6793
36890,1 fw Controll.static GIPNIMALPEG          0.6793 -> 0.9218
36894,5 fw Controll.static MKFDGFOCKNO         36.6283 -> 36.6783
36894,5 fw Controll.static LEKCBKLAILO         36.6783 -> 36.7283
36894,5 fw Controll.static OFJKHAFJIMA          0.0013 -> 0.0004
36894,5 fw Controll.static GIPNIMALPEG          0.9218 -> 0.0109
36906,3 fw Controll.static GIPNIMALPEG          0.0109 -> 0.2471
36911,7 fw Controll.static GIPNIMALPEG          0.2471 -> 0.3537
36923,0 fw Controll.static GIPNIMALPEG          0.3537 -> 0.5808
36927,7 fw Controll.static GIPNIMALPEG          0.5808 -> 0.6734
36939,8 fw Controll.static GIPNIMALPEG          0.6734 -> 0.917
36943,7 fw Controll.static GIPNIMALPEG           0.917 -> 0.9937
36957,1 fw Controll.static MKFDGFOCKNO         36.6783 -> 36.7283
36957,1 fw Controll.static LEKCBKLAILO         36.7283 -> 36.7783
36957,1 fw Controll.static OFJKHAFJIMA          0.0004 -> 0.013
36957,2 fw Controll.static GIPNIMALPEG          0.9937 -> 0.2628
36961,3 fw Controll.static GIPNIMALPEG          0.2628 -> 0.3456
36973,4 fw Controll.static GIPNIMALPEG          0.3456 -> 0.5879
36978,2 fw Controll.static GIPNIMALPEG          0.5879 -> 0.6844
36990,0 fw Controll.static GIPNIMALPEG          0.6844 -> 0.9191
36994,2 fw Controll.static MKFDGFOCKNO         36.7283 -> 36.7783
36994,2 fw Controll.static LEKCBKLAILO         36.7783 -> 36.8283
36994,2 fw Controll.static OFJKHAFJIMA           0.013 -> 0.0001
36994,3 fw Controll.static GIPNIMALPEG          0.9191 -> 0.0053
37006,4 fw Controll.static GIPNIMALPEG          0.0053 -> 0.2479
37010,8 fw Controll.static GIPNIMALPEG          0.2479 -> 0.3363
37022,9 fw Controll.static IGLCENGMMMJ            0.15 -> 0.45
37022,9 fw Controll.static GIPNIMALPEG          0.3363 -> 0.5785
37027,5 fw Controll.static GIPNIMALPEG          0.5785 -> 0.6704
37039,9 fw Controll.static IGLCENGMMMJ            0.45 -> 0.6
37039,9 fw Controll.static GIPNIMALPEG          0.6704 -> 0.9189
37043,9 fw Controll.static GIPNIMALPEG          0.9189 -> 0.9975
37057,9 fw Controll.static NAKNALFCOIF        142.2004 -> 142.0504
37057,9 fw Controll.static IGLCENGMMMJ             0.6 -> 1.05
37057,9 fw Controll.static MKFDGFOCKNO         36.7783 -> 36.8283
37057,9 fw Controll.static LEKCBKLAILO         36.8283 -> 36.8783
37057,9 fw Controll.static OFJKHAFJIMA          0.0001 -> 0.0138
37058,0 fw Controll.static GIPNIMALPEG          0.9975 -> 0.2788
37062,4 fw Controll.static NAKNALFCOIF        142.0504 -> 141.9005
37062,4 fw Controll.static IGLCENGMMMJ            1.05 -> 1.2
37062,5 fw Controll.static GIPNIMALPEG          0.2788 -> 0.3691
37073,2 fw Controll.static GIPNIMALPEG          0.3691 -> 0.5837
37079,2 fw Controll.static NAKNALFCOIF        141.9005 -> 141.6004
37079,2 fw Controll.static IGLCENGMMMJ             1.2 -> 1.35
37079,3 fw Controll.static GIPNIMALPEG          0.5837 -> 0.7038
37089,6 fw Controll.static GIPNIMALPEG          0.7038 -> 0.9123
37095,3 fw Controll.static IGLCENGMMMJ            1.35 -> 1.5
37095,3 fw Controll.static MKFDGFOCKNO         36.8283 -> 36.8783
37095,3 fw Controll.static LEKCBKLAILO         36.8783 -> 36.9283
37095,3 fw Controll.static OFJKHAFJIMA          0.0138 -> 0.0012
37095,3 fw Controll.static GIPNIMALPEG          0.9123 -> 0.027
37106,8 fw Controll.static NAKNALFCOIF        141.6004 -> 141.4505
37106,8 fw Controll.static IGLCENGMMMJ             1.5 -> 1.65
37106,9 fw Controll.static GIPNIMALPEG           0.027 -> 0.2575
37113,2 fw Controll.static NAKNALFCOIF        141.4505 -> 141.3005
37113,2 fw Controll.static IGLCENGMMMJ            1.65 -> 1.8
37113,2 fw Controll.static GIPNIMALPEG          0.2575 -> 0.3848
37122,8 fw Controll.static NAKNALFCOIF        141.3005 -> 141.1505
37122,8 fw Controll.static IGLCENGMMMJ             1.8 -> 1.95
37122,8 fw Controll.static GIPNIMALPEG          0.3848 -> 0.5765
37129,5 fw Controll.static GIPNIMALPEG          0.5765 -> 0.7099
37137,6 fw Controll.static IGLCENGMMMJ            1.95 -> 2.1
37137,6 fw Controll.static GIPNIMALPEG          0.7099 -> 0.8718
37147,1 fw Controll.static NAKNALFCOIF        141.1505 -> 141.0005
37147,1 fw Controll.static IGLCENGMMMJ             2.1 -> 2.4
37147,1 fw Controll.static MKFDGFOCKNO         36.8783 -> 36.9283
37147,1 fw Controll.static LEKCBKLAILO         36.9283 -> 36.9783
37147,1 fw Controll.static OFJKHAFJIMA          0.0012 -> 0.003
37147,1 fw Controll.static GIPNIMALPEG          0.8718 -> 0.0622
37153,5 fw Controll.static NAKNALFCOIF        141.0005 -> 140.8505
37153,5 fw Controll.static IGLCENGMMMJ             2.4 -> 2.55
37153,6 fw Controll.static GIPNIMALPEG          0.0622 -> 0.1911
37162,7 fw Controll.static GIPNIMALPEG          0.1911 -> 0.3749
37170,9 fw Controll.static NAKNALFCOIF        140.8505 -> 140.7005
37170,9 fw Controll.static IGLCENGMMMJ            2.55 -> 2.7
37171,0 fw Controll.static GIPNIMALPEG          0.3749 -> 0.5377
37178,1 fw Controll.static NAKNALFCOIF        140.7005 -> 140.5505
37178,1 fw Controll.static IGLCENGMMMJ             2.7 -> 2.85
37178,1 fw Controll.static GIPNIMALPEG          0.5377 -> 0.6821
37184,5 fw Controll.static GIPNIMALPEG          0.6821 -> 0.8103
37195,6 fw Controll.static NAKNALFCOIF        140.5505 -> 140.4005
37195,6 fw Controll.static IGLCENGMMMJ            2.85 -> 3
37195,6 fw Controll.static MKFDGFOCKNO         36.9283 -> 36.9783
37195,6 fw Controll.static LEKCBKLAILO         36.9783 -> 37.0283
37195,6 fw Controll.static OFJKHAFJIMA           0.003 -> 0.0014
37195,6 fw Controll.static GIPNIMALPEG          0.8103 -> 0.0326
37199,9 fw player          LNIDBHIAJJI               0 -> 1
37199,9 fw player          ACAIGMNLLEC             101 -> 100
37199,9 fw player          HEADELMLILF               0 -> 1
37200,0 fw Controll.static GIPNIMALPEG          0.0326 -> 0.1186
37211,3 fw Controll.static GIPNIMALPEG          0.1186 -> 0.3456
37216,3 fw Controll.static GIPNIMALPEG          0.3456 -> 0.447
37227,7 fw Controll.static NAKNALFCOIF        140.4005 -> 140.2505
37227,7 fw Controll.static IGLCENGMMMJ               3 -> 3.15
37227,7 fw Controll.static GIPNIMALPEG           0.447 -> 0.6743
37232,8 fw Controll.static GIPNIMALPEG          0.6743 -> 0.7752
37242,7 fw Controll.static GIPNIMALPEG          0.7752 -> 0.9736
37250,7 fw Controll.static MKFDGFOCKNO         36.9783 -> 37.0283
37250,7 fw Controll.static LEKCBKLAILO         37.0283 -> 37.0783
37250,7 fw Controll.static OFJKHAFJIMA          0.0014 -> 0.0064
37250,7 fw Controll.static GIPNIMALPEG          0.9736 -> 0.1328
37257,2 fw player          HEADELMLILF               1 -> 0
37257,2 fw Controll.static GIPNIMALPEG          0.1328 -> 0.2638
37265,3 fw Controll.static GIPNIMALPEG          0.2638 -> 0.4253
37274,2 fw Controll.static GIPNIMALPEG          0.4253 -> 0.6034
37280,1 fw Controll.static GIPNIMALPEG          0.6034 -> 0.7208
37289,6 fw Controll.static NAKNALFCOIF        140.2505 -> 140.1005
37289,7 fw Controll.static IGLCENGMMMJ            3.15 -> 3.45
37289,7 fw Controll.static GIPNIMALPEG          0.7208 -> 0.9133
37295,9 fw player          LNIDBHIAJJI               1 -> 2
37295,9 fw player          ACAIGMNLLEC             100 -> 99
37295,9 fw player          HEADELMLILF               0 -> 1
37295,9 fw Controll.static MKFDGFOCKNO         37.0283 -> 37.0783
37295,9 fw Controll.static LEKCBKLAILO         37.0783 -> 37.1283
37295,9 fw Controll.static OFJKHAFJIMA          0.0064 -> 0.0017
37295,9 fw Controll.static GIPNIMALPEG          0.9133 -> 0.0377
37305,2 fw Controll.static GIPNIMALPEG          0.0377 -> 0.2233
37311,4 fw Controll.static GIPNIMALPEG          0.2233 -> 0.3478
37321,6 fw Controll.static GIPNIMALPEG          0.3478 -> 0.5522
37326,2 fw Controll.static GIPNIMALPEG          0.5522 -> 0.6445
37338,9 fw Controll.static GIPNIMALPEG          0.6445 -> 0.8978
37343,0 fw Controll.static NAKNALFCOIF        140.1005 -> 139.8005
37343,0 fw Controll.static IGLCENGMMMJ            3.45 -> 3.6
37343,1 fw Controll.static GIPNIMALPEG          0.8978 -> 0.9815
37355,8 fw player          HEADELMLILF               1 -> 0
37355,8 fw Controll.static MKFDGFOCKNO         37.0783 -> 37.1283
37355,8 fw Controll.static LEKCBKLAILO         37.1283 -> 37.1783
37355,8 fw Controll.static OFJKHAFJIMA          0.0017 -> 0.0115
37355,8 fw Controll.static GIPNIMALPEG          0.9815 -> 0.2348
37360,4 fw Controll.static GIPNIMALPEG          0.2348 -> 0.3289
37374,5 fw Controll.static NAKNALFCOIF        139.8005 -> 139.5005
37374,5 fw Controll.static IGLCENGMMMJ             3.6 -> 3.9
37374,6 fw Controll.static GIPNIMALPEG          0.3289 -> 0.6112
37377,2 fw Controll.static GIPNIMALPEG          0.6112 -> 0.665
37391,2 fw Controll.static NAKNALFCOIF        139.5005 -> 139.2005
37391,2 fw Controll.static IGLCENGMMMJ             3.9 -> 4.05
37391,2 fw Controll.static GIPNIMALPEG           0.665 -> 0.9436
37395,5 fw Controll.static MKFDGFOCKNO         37.1283 -> 37.1783
37395,5 fw Controll.static LEKCBKLAILO         37.1783 -> 37.2283
37395,5 fw Controll.static OFJKHAFJIMA          0.0115 -> 0.0013
37395,5 fw Controll.static GIPNIMALPEG          0.9436 -> 0.0293
37407,1 fw Controll.static NAKNALFCOIF        139.2005 -> 138.4505
37407,1 fw Controll.static IGLCENGMMMJ            4.05 -> 4.5
37407,2 fw Controll.static GIPNIMALPEG          0.0293 -> 0.2628
37412,4 fw Controll.static NAKNALFCOIF        138.4505 -> 137.5505
37412,4 fw Controll.static IGLCENGMMMJ             4.5 -> 4.65
37412,5 fw Controll.static GIPNIMALPEG          0.2628 -> 0.369
37422,0 fw Controll.static NAKNALFCOIF        137.5505 -> 136.5005
37422,0 fw Controll.static IGLCENGMMMJ            4.65 -> 4.95
37422,1 fw Controll.static GIPNIMALPEG           0.369 -> 0.561
37429,7 fw Controll.static NAKNALFCOIF        136.5005 -> 135.3005
37429,7 fw Controll.static IGLCENGMMMJ            4.95 -> 5.1
37429,8 fw Controll.static GIPNIMALPEG           0.561 -> 0.7153
37438,3 fw Controll.static NAKNALFCOIF        135.3005 -> 133.9505
37438,3 fw Controll.static IGLCENGMMMJ             5.1 -> 5.4
37438,4 fw Controll.static GIPNIMALPEG          0.7153 -> 0.8869
37444,4 fw Controll.static NAKNALFCOIF        133.9505 -> 132.4505
37444,4 fw Controll.static IGLCENGMMMJ             5.4 -> 5.7
37444,4 fw Controll.static MKFDGFOCKNO         37.1783 -> 37.2283
37444,4 fw Controll.static LEKCBKLAILO         37.2283 -> 37.2783
37444,4 fw Controll.static OFJKHAFJIMA          0.0013 -> 0.0002
37444,5 fw Controll.static GIPNIMALPEG          0.8869 -> 0.0085
37455,4 fw Controll.static NAKNALFCOIF        132.4505 -> 130.8005
37455,4 fw Controll.static IGLCENGMMMJ             5.7 -> 6
37455,5 fw Controll.static GIPNIMALPEG          0.0085 -> 0.2289
37459,7 fw Controll.static GIPNIMALPEG          0.2289 -> 0.3144
37471,8 fw Controll.static NAKNALFCOIF        130.8005 -> 127.5005
37471,8 fw Controll.static IGLCENGMMMJ               6 -> 6.6
37471,8 fw Controll.static GIPNIMALPEG          0.3144 -> 0.5559
37477,9 fw Controll.static NAKNALFCOIF        127.5005 -> 125.7005
37477,9 fw Controll.static IGLCENGMMMJ             6.6 -> 7.05
37478,0 fw Controll.static GIPNIMALPEG          0.5559 -> 0.6788
37488,1 fw Controll.static NAKNALFCOIF        125.7005 -> 124.0505
37488,1 fw Controll.static IGLCENGMMMJ            7.05 -> 7.5
37488,1 fw Controll.static GIPNIMALPEG          0.6788 -> 0.8823
37495,2 fw Controll.static NAKNALFCOIF        124.0505 -> 122.2505
37495,2 fw Controll.static IGLCENGMMMJ             7.5 -> 7.65
37495,2 fw Controll.static MKFDGFOCKNO         37.2283 -> 37.2783
37495,2 fw Controll.static LEKCBKLAILO         37.2783 -> 37.3283
37495,2 fw Controll.static OFJKHAFJIMA          0.0002 -> 0.001
37495,2 fw Controll.static GIPNIMALPEG          0.8823 -> 0.0234
37505,1 fw Controll.static NAKNALFCOIF        122.2505 -> 120.4505
37505,1 fw Controll.static IGLCENGMMMJ            7.65 -> 7.8
37505,1 fw Controll.static GIPNIMALPEG          0.0234 -> 0.2215
37511,7 fw Controll.static NAKNALFCOIF        120.4505 -> 118.8005
37511,8 fw Controll.static GIPNIMALPEG          0.2215 -> 0.3552
37522,4 fw Controll.static NAKNALFCOIF        118.8005 -> 117.0005
37522,5 fw Controll.static GIPNIMALPEG          0.3552 -> 0.5688
37528,3 fw Controll.static NAKNALFCOIF        117.0005 -> 115.2005
37528,4 fw Controll.static GIPNIMALPEG          0.5688 -> 0.6867
37539,3 fw Controll.static NAKNALFCOIF        115.2005 -> 113.5505
37539,3 fw Controll.static GIPNIMALPEG          0.6867 -> 0.906
37546,1 fw Controll.static NAKNALFCOIF        113.5505 -> 111.9005
37546,1 fw Controll.static MKFDGFOCKNO         37.2783 -> 37.3283
37546,1 fw Controll.static LEKCBKLAILO         37.3283 -> 37.3783
37546,1 fw Controll.static OFJKHAFJIMA           0.001 -> 0.0019
37546,1 fw Controll.static GIPNIMALPEG           0.906 -> 0.0421
37557,7 fw Controll.static NAKNALFCOIF        111.9005 -> 108.7505
37557,8 fw Controll.static GIPNIMALPEG          0.0421 -> 0.2733
37560,9 fw Controll.static GIPNIMALPEG          0.2733 -> 0.3386
37575,4 fw Controll.static NAKNALFCOIF        108.7505 -> 105.6005
37575,4 fw Controll.static GIPNIMALPEG          0.3386 -> 0.6274
37579,8 fw Controll.static GIPNIMALPEG          0.6274 -> 0.7156
37591,2 fw Controll.static NAKNALFCOIF        105.6005 -> 102.6005
37591,2 fw Controll.static GIPNIMALPEG          0.7156 -> 0.9438
37597,6 fw Controll.static NAKNALFCOIF        102.6005 -> 101.2505
37597,6 fw Controll.static MKFDGFOCKNO         37.3283 -> 37.3783
37597,6 fw Controll.static LEKCBKLAILO         37.3783 -> 37.4283
37597,6 fw Controll.static OFJKHAFJIMA          0.0019 -> 0.0034
37597,6 fw Controll.static GIPNIMALPEG          0.9438 -> 0.0714
37608,1 fw Controll.static NAKNALFCOIF        101.2505 -> 99.9005
37608,1 fw Controll.static GIPNIMALPEG          0.0714 -> 0.2815
37614,1 fw Controll.static NAKNALFCOIF         99.9005 -> 98.8505
37614,2 fw Controll.static GIPNIMALPEG          0.2815 -> 0.4028
37623,9 fw Controll.static NAKNALFCOIF         98.8505 -> 97.8005
37623,9 fw Controll.static GIPNIMALPEG          0.4028 -> 0.5984
37631,3 fw Controll.static NAKNALFCOIF         97.8005 -> 97.0505
37631,4 fw Controll.static GIPNIMALPEG          0.5984 -> 0.7468
37640,3 fw Controll.static NAKNALFCOIF         97.0505 -> 96.4505
37640,3 fw Controll.static GIPNIMALPEG          0.7468 -> 0.9261
37646,2 fw Controll.static NAKNALFCOIF         96.4505 -> 96.0005
37646,2 fw Controll.static MKFDGFOCKNO         37.3783 -> 37.4283
37646,2 fw Controll.static LEKCBKLAILO         37.4283 -> 37.4783
37646,2 fw Controll.static OFJKHAFJIMA          0.0034 -> 0.002
37646,2 fw Controll.static GIPNIMALPEG          0.9261 -> 0.0436
37655,8 fw Controll.static NAKNALFCOIF         96.0005 -> 95.5505
37655,8 fw Controll.static IGLCENGMMMJ             7.8 -> 7.95
37655,9 fw Controll.static GIPNIMALPEG          0.0436 -> 0.2364
37662,0 fw Controll.static GIPNIMALPEG          0.2364 -> 0.3591
37672,7 fw player          LNIDBHIAJJI               2 -> 5
37672,7 fw player          ACAIGMNLLEC              99 -> 79
37672,7 fw player          APFNBGHAJMD               1 -> 0
37672,7 fw player          HEADELMLILF               0 -> 1
37672,7 fw Controll.static NAKNALFCOIF         95.5505 -> 95.2505
37672,7 fw Controll.static DGNDKAKOEPD        77395370 -> 77396551
37672,7 fw Controll.static BEJBLGGGOCC       294655582 -> 294656733
37672,7 fw Controll.static JELGPAKAJPE              84 -> 267
37672,7 fw Controll.static EENJPDHGGGC         36.2651 -> 37.4464
37672,7 fw Controll.static GIPNIMALPEG          0.3591 -> 0.5734
37678,4 fw Controll.static NAKNALFCOIF         95.2505 -> 95.1005
37678,4 fw Controll.static GIPNIMALPEG          0.5734 -> 0.6883
37688,7 fw Controll.static NAKNALFCOIF         95.1005 -> 94.9505
37688,8 fw Controll.static GIPNIMALPEG          0.6883 -> 0.8944
37693,7 fw Controll.static GIPNIMALPEG          0.8944 -> 0.9934
37704,9 fw Controll.static MKFDGFOCKNO         37.4283 -> 37.4783
37704,9 fw Controll.static LEKCBKLAILO         37.4783 -> 37.5283
37704,9 fw Controll.static OFJKHAFJIMA           0.002 -> 0.0108
37704,9 fw Controll.static GIPNIMALPEG          0.9934 -> 0.2176
37710,1 fw player          ACAIGMNLLEC              79 -> 72
37710,1 fw player          APFNBGHAJMD               0 -> 1
37710,2 fw Controll.static GIPNIMALPEG          0.2176 -> 0.3224
37720,7 fw Controll.static GIPNIMALPEG          0.3224 -> 0.5332
37727,6 fw Controll.static NAKNALFCOIF         94.9505 -> 94.8005
37727,6 fw Controll.static IGLCENGMMMJ            7.95 -> 8.1
37727,7 fw Controll.static GIPNIMALPEG          0.5332 -> 0.6723
37737,9 fw Controll.static GIPNIMALPEG          0.6723 -> 0.8768
37741,8 fw player          ACAIGMNLLEC              72 -> 68
37741,8 fw Controll.static GIPNIMALPEG          0.8768 -> 0.9559
37754,5 fw Controll.static MKFDGFOCKNO         37.4783 -> 37.5283
37754,5 fw Controll.static LEKCBKLAILO         37.5283 -> 37.5783
37754,6 fw Controll.static OFJKHAFJIMA          0.0108 -> 0.0103
37754,6 fw Controll.static GIPNIMALPEG          0.9559 -> 0.2103
37759,4 fw Controll.static GIPNIMALPEG          0.2103 -> 0.307
37771,6 fw Controll.static GIPNIMALPEG           0.307 -> 0.5504
37775,6 fw Controll.static GIPNIMALPEG          0.5504 -> 0.631
37790,2 fw Controll.static GIPNIMALPEG           0.631 -> 0.9238
37795,8 fw Controll.static MKFDGFOCKNO         37.5283 -> 37.5783
37795,8 fw Controll.static LEKCBKLAILO         37.5783 -> 37.6283
37795,8 fw Controll.static OFJKHAFJIMA          0.0103 -> 0.0016
37795,8 fw Controll.static GIPNIMALPEG          0.9238 -> 0.035
37805,5 fw Controll.static GIPNIMALPEG           0.035 -> 0.2303
37813,8 fw player          ACAIGMNLLEC              68 -> 67
37813,8 fw Controll.static GIPNIMALPEG          0.2303 -> 0.3954
37821,8 fw Controll.static GIPNIMALPEG          0.3954 -> 0.5554
37829,4 fw Controll.static GIPNIMALPEG          0.5554 -> 0.7075
37837,7 fw Controll.static GIPNIMALPEG          0.7075 -> 0.8723
37845,4 fw Controll.static MKFDGFOCKNO         37.5783 -> 37.6283
37845,4 fw Controll.static LEKCBKLAILO         37.6283 -> 37.6783
37845,4 fw Controll.static OFJKHAFJIMA          0.0016 -> 0.0012
37845,4 fw Controll.static GIPNIMALPEG          0.8723 -> 0.0272
37854,4 fw player          HEADELMLILF               1 -> 0
37854,4 fw Controll.static GIPNIMALPEG          0.0272 -> 0.2075
37860,2 fw Controll.static GIPNIMALPEG          0.2075 -> 0.3229
37870,8 fw Controll.static GIPNIMALPEG          0.3229 -> 0.5345
37876,0 fw Controll.static GIPNIMALPEG          0.5345 -> 0.6385
37887,1 fw Controll.static GIPNIMALPEG          0.6385 -> 0.8603
37892,7 fw Controll.static GIPNIMALPEG          0.8603 -> 0.9722
37904,1 fw Controll.static MKFDGFOCKNO         37.6283 -> 37.6783
37904,1 fw Controll.static LEKCBKLAILO         37.6783 -> 37.7283
37904,1 fw Controll.static OFJKHAFJIMA          0.0012 -> 0.0098
37904,1 fw Controll.static GIPNIMALPEG          0.9722 -> 0.2005
37909,4 fw Controll.static GIPNIMALPEG          0.2005 -> 0.3076
37920,3 fw Controll.static GIPNIMALPEG          0.3076 -> 0.5245
37925,5 fw Controll.static GIPNIMALPEG          0.5245 -> 0.6299
37937,6 fw Controll.static GIPNIMALPEG          0.6299 -> 0.8708
37942,1 fw Controll.static GIPNIMALPEG          0.8708 -> 0.9606
37954,0 fw Controll.static MKFDGFOCKNO         37.6783 -> 37.7283
37954,0 fw Controll.static LEKCBKLAILO         37.7283 -> 37.7783
37954,0 fw Controll.static GIPNIMALPEG          0.9606 -> 0.1997
37958,8 fw Controll.static GIPNIMALPEG          0.1997 -> 0.2953
37970,5 fw Controll.static GIPNIMALPEG          0.2953 -> 0.5294
37976,5 fw Controll.static GIPNIMALPEG          0.5294 -> 0.6488
37986,8 fw Controll.static GIPNIMALPEG          0.6488 -> 0.8556
37992,2 fw Controll.static GIPNIMALPEG          0.8556 -> 0.9635
38003,7 fw Controll.static MKFDGFOCKNO         37.7283 -> 37.7783
38003,7 fw Controll.static LEKCBKLAILO         37.7783 -> 37.8283
38003,7 fw Controll.static OFJKHAFJIMA          0.0098 -> 0.0094
38003,7 fw Controll.static GIPNIMALPEG          0.9635 -> 0.1926
38009,1 fw Controll.static GIPNIMALPEG          0.1926 -> 0.3022
38020,2 fw Controll.static GIPNIMALPEG          0.3022 -> 0.5229
38025,6 fw Controll.static GIPNIMALPEG          0.5229 -> 0.6304
38037,4 fw Controll.static GIPNIMALPEG          0.6304 -> 0.8651
38042,0 fw Controll.static GIPNIMALPEG          0.8651 -> 0.9581
38054,4 fw Controll.static MKFDGFOCKNO         37.7783 -> 37.8283
38054,4 fw Controll.static LEKCBKLAILO         37.8283 -> 37.8783
38054,4 fw Controll.static OFJKHAFJIMA          0.0094 -> 0.0102
38054,5 fw Controll.static GIPNIMALPEG          0.9581 -> 0.208
38060,3 fw Controll.static GIPNIMALPEG           0.208 -> 0.3257
38070,6 fw Controll.static GIPNIMALPEG          0.3257 -> 0.5312
38076,5 fw Controll.static GIPNIMALPEG          0.5312 -> 0.6489
38086,6 fw Controll.static GIPNIMALPEG          0.6489 -> 0.8501
38092,7 fw Controll.static GIPNIMALPEG          0.8501 -> 0.9728
38103,3 fw Controll.static MKFDGFOCKNO         37.8283 -> 37.8783
38103,3 fw Controll.static LEKCBKLAILO         37.8783 -> 37.9283
38103,3 fw Controll.static OFJKHAFJIMA          0.0102 -> 0.0091
38103,3 fw Controll.static GIPNIMALPEG          0.9728 -> 0.185
38109,1 fw Controll.static GIPNIMALPEG           0.185 -> 0.3015
38120,2 fw Controll.static GIPNIMALPEG          0.3015 -> 0.5229
38125,1 fw Controll.static GIPNIMALPEG          0.5229 -> 0.6203
38137,0 fw Controll.static GIPNIMALPEG          0.6203 -> 0.8583
38143,9 fw Controll.static GIPNIMALPEG          0.8583 -> 0.9968
38153,7 fw Controll.static MKFDGFOCKNO         37.8783 -> 37.9283
38153,7 fw Controll.static LEKCBKLAILO         37.9283 -> 37.9783
38153,7 fw Controll.static OFJKHAFJIMA          0.0091 -> 0.0095
38153,8 fw Controll.static GIPNIMALPEG          0.9968 -> 0.1934
38158,7 fw Controll.static GIPNIMALPEG          0.1934 -> 0.2924
38170,2 fw Controll.static GIPNIMALPEG          0.2924 -> 0.5229
38175,1 fw Controll.static GIPNIMALPEG          0.5229 -> 0.6214
38186,5 fw Controll.static GIPNIMALPEG          0.6214 -> 0.8491
38192,6 fw player          APFNBGHAJMD               1 -> 0
38192,6 fw Controll.static GIPNIMALPEG          0.8491 -> 0.9717
38203,1 fw player          APFNBGHAJMD               0 -> 1
38203,1 fw Controll.static MKFDGFOCKNO         37.9283 -> 37.9783
38203,1 fw Controll.static LEKCBKLAILO         37.9783 -> 38.0283
38203,1 fw Controll.static OFJKHAFJIMA          0.0095 -> 0.0089
38203,1 fw Controll.static GIPNIMALPEG          0.9717 -> 0.1807
38208,8 fw Controll.static GIPNIMALPEG          0.1807 -> 0.2945
38219,7 fw Controll.static GIPNIMALPEG          0.2945 -> 0.5119
38224,4 fw Controll.static GIPNIMALPEG          0.5119 -> 0.6077
38236,4 fw Controll.static GIPNIMALPEG          0.6077 -> 0.845
38241,2 fw Controll.static GIPNIMALPEG           0.845 -> 0.9422
38253,2 fw Controll.static MKFDGFOCKNO         37.9783 -> 38.0283
38253,2 fw Controll.static LEKCBKLAILO         38.0283 -> 38.0783
38253,2 fw Controll.static OFJKHAFJIMA          0.0089 -> 0.009
38253,3 fw Controll.static GIPNIMALPEG          0.9422 -> 0.1839
38258,4 fw Controll.static GIPNIMALPEG          0.1839 -> 0.2866
38269,9 fw Controll.static GIPNIMALPEG          0.2866 -> 0.5163
38274,8 fw Controll.static GIPNIMALPEG          0.5163 -> 0.6147
38286,5 fw Controll.static GIPNIMALPEG          0.6147 -> 0.8486
38291,9 fw Controll.static GIPNIMALPEG          0.8486 -> 0.9572
38302,9 fw Controll.static MKFDGFOCKNO         38.0283 -> 38.0783
38302,9 fw Controll.static LEKCBKLAILO         38.0783 -> 38.1283
38302,9 fw Controll.static OFJKHAFJIMA           0.009 -> 0.0087
38303,0 fw Controll.static GIPNIMALPEG          0.9572 -> 0.1776
38309,2 fw Controll.static GIPNIMALPEG          0.1776 -> 0.3035
38319,9 fw Controll.static GIPNIMALPEG          0.3035 -> 0.5159
38324,4 fw Controll.static GIPNIMALPEG          0.5159 -> 0.6059
38336,1 fw Controll.static GIPNIMALPEG          0.6059 -> 0.8415
38342,2 fw Controll.static GIPNIMALPEG          0.8415 -> 0.9634
38353,1 fw Controll.static MKFDGFOCKNO         38.0783 -> 38.1283
38353,1 fw Controll.static LEKCBKLAILO         38.1283 -> 38.1783
38353,1 fw Controll.static OFJKHAFJIMA          0.0087 -> 0.0089
38353,1 fw Controll.static GIPNIMALPEG          0.9634 -> 0.1807
38358,6 fw Controll.static GIPNIMALPEG          0.1807 -> 0.2909
38369,6 fw Controll.static GIPNIMALPEG          0.2909 -> 0.5112
38375,1 fw Controll.static GIPNIMALPEG          0.5112 -> 0.6207
38386,0 fw Controll.static GIPNIMALPEG          0.6207 -> 0.8384
38391,7 fw Controll.static GIPNIMALPEG          0.8384 -> 0.9529
38403,2 fw Controll.static MKFDGFOCKNO         38.1283 -> 38.1784
38403,2 fw Controll.static LEKCBKLAILO         38.1783 -> 38.2284
38403,2 fw Controll.static OFJKHAFJIMA          0.0089 -> 0.009
38403,2 fw Controll.static GIPNIMALPEG          0.9529 -> 0.183
38408,0 fw Controll.static GIPNIMALPEG           0.183 -> 0.2785
38419,4 fw Controll.static GIPNIMALPEG          0.2785 -> 0.5072
38424,3 fw Controll.static GIPNIMALPEG          0.5072 -> 0.6045
38436,7 fw Controll.static GIPNIMALPEG          0.6045 -> 0.8529
38441,1 fw Controll.static GIPNIMALPEG          0.8529 -> 0.9395
38452,9 fw Controll.static MKFDGFOCKNO         38.1784 -> 38.2284
38452,9 fw Controll.static LEKCBKLAILO         38.2284 -> 38.2784
38452,9 fw Controll.static OFJKHAFJIMA           0.009 -> 0.0087
38452,9 fw Controll.static GIPNIMALPEG          0.9395 -> 0.1772
38459,8 fw Controll.static GIPNIMALPEG          0.1772 -> 0.3142
38470,0 fw Controll.static GIPNIMALPEG          0.3142 -> 0.5187
38474,7 fw Controll.static GIPNIMALPEG          0.5187 -> 0.6117
38485,7 fw Controll.static GIPNIMALPEG          0.6117 -> 0.8316
38492,3 fw Controll.static DGNDKAKOEPD        77396551 -> 77397375
38492,3 fw Controll.static BEJBLGGGOCC       294656733 -> 294657589
38492,3 fw Controll.static JELGPAKAJPE             267 -> 83
38492,3 fw Controll.static EENJPDHGGGC         37.4464 -> 38.2701
38492,3 fw Controll.static GIPNIMALPEG          0.8316 -> 0.9647
38502,9 fw Controll.static MKFDGFOCKNO         38.2284 -> 38.2784
38502,9 fw Controll.static LEKCBKLAILO         38.2784 -> 38.3284
38502,9 fw Controll.static GIPNIMALPEG          0.9647 -> 0.1771
38507,5 fw Controll.static GIPNIMALPEG          0.1771 -> 0.2691
38518,9 fw Controll.static GIPNIMALPEG          0.2691 -> 0.4965
38526,0 fw Controll.static GIPNIMALPEG          0.4965 -> 0.6391
38535,7 fw Controll.static GIPNIMALPEG          0.6391 -> 0.832
38541,3 fw Controll.static GIPNIMALPEG           0.832 -> 0.9453
38553,2 fw Controll.static MKFDGFOCKNO         38.2784 -> 38.3284
38553,2 fw Controll.static LEKCBKLAILO         38.3284 -> 38.3784
38553,2 fw Controll.static OFJKHAFJIMA          0.0087 -> 0.009
38553,2 fw Controll.static GIPNIMALPEG          0.9453 -> 0.1824
38557,8 fw Controll.static GIPNIMALPEG          0.1824 -> 0.2738
38569,1 fw Controll.static GIPNIMALPEG          0.2738 -> 0.4999
38575,8 fw Controll.static GIPNIMALPEG          0.4999 -> 0.6334
38586,6 fw Controll.static GIPNIMALPEG          0.6334 -> 0.8502
38592,2 fw Controll.static GIPNIMALPEG          0.8502 -> 0.96
38605,8 fw Controll.static DJACNOGOCKD               1 -> 0
38605,9 fw Controll.static MKFDGFOCKNO         38.3284 -> 38.3784
38605,9 fw Controll.static LEKCBKLAILO         38.3784 -> 38.4284
38605,9 fw Controll.static OFJKHAFJIMA           0.009 -> 0.0115
38605,9 fw Controll.static GIPNIMALPEG            0.96 -> 0.2348
38612,4 fw Controll.static GIPNIMALPEG          0.2348 -> 0.3651
38623,0 fw Controll.static GIPNIMALPEG          0.3651 -> 0.577
38629,9 fw Controll.static GIPNIMALPEG           0.577 -> 0.7166
38640,1 fw Controll.static GIPNIMALPEG          0.7166 -> 0.9192
38646,6 fw Controll.static MKFDGFOCKNO         38.3784 -> 38.4284
38646,6 fw Controll.static LEKCBKLAILO         38.4284 -> 38.4784
38646,6 fw Controll.static OFJKHAFJIMA          0.0115 -> 0.0023
38646,6 fw Controll.static GIPNIMALPEG          0.9192 -> 0.0499
38656,7 fw Controll.static GIPNIMALPEG          0.0499 -> 0.2523
38663,1 fw Controll.static GIPNIMALPEG          0.2523 -> 0.3791
38674,5 fw Controll.static GIPNIMALPEG          0.3791 -> 0.607
38679,7 fw Controll.static GIPNIMALPEG           0.607 -> 0.7119
38690,6 fw Controll.static GIPNIMALPEG          0.7119 -> 0.9295
38698,4 fw Controll.static MKFDGFOCKNO         38.4284 -> 38.4784
38698,4 fw Controll.static LEKCBKLAILO         38.4784 -> 38.5284
38698,4 fw Controll.static OFJKHAFJIMA          0.0023 -> 0.0041
38698,5 fw Controll.static GIPNIMALPEG          0.9295 -> 0.0865
38707,8 fw Controll.static GIPNIMALPEG          0.0865 -> 0.2725
38714,3 fw Controll.static GIPNIMALPEG          0.2725 -> 0.403
38723,9 fw Controll.static GIPNIMALPEG           0.403 -> 0.5943
38733,2 fw Controll.static GIPNIMALPEG          0.5943 -> 0.781
38739,3 fw Controll.static GIPNIMALPEG           0.781 -> 0.9029
38749,8 fw Controll.static MKFDGFOCKNO         38.4784 -> 38.5284
38749,8 fw Controll.static LEKCBKLAILO         38.5284 -> 38.5784
38749,8 fw Controll.static OFJKHAFJIMA          0.0041 -> 0.0053
38749,8 fw Controll.static GIPNIMALPEG          0.9029 -> 0.113
38757,4 fw Controll.static GIPNIMALPEG           0.113 -> 0.2668
38765,0 fw Controll.static GIPNIMALPEG          0.2668 -> 0.418
38775,8 fw Controll.static GIPNIMALPEG           0.418 -> 0.6334
38780,3 fw Controll.static GIPNIMALPEG          0.6334 -> 0.7243
38791,2 fw Controll.static GIPNIMALPEG          0.7243 -> 0.9416
38798,6 fw Controll.static MKFDGFOCKNO         38.5284 -> 38.5784
38798,6 fw Controll.static LEKCBKLAILO         38.5784 -> 38.6284
38798,6 fw Controll.static OFJKHAFJIMA          0.0053 -> 0.0044
38798,6 fw Controll.static GIPNIMALPEG          0.9416 -> 0.0907
38808,3 fw Controll.static GIPNIMALPEG          0.0907 -> 0.2834
38813,8 fw Controll.static GIPNIMALPEG          0.2834 -> 0.3907
38823,8 fw Controll.static GIPNIMALPEG          0.3907 -> 0.5947
38831,6 fw Controll.static GIPNIMALPEG          0.5947 -> 0.7504
38840,3 fw Controll.static GIPNIMALPEG          0.7504 -> 0.9233
38847,9 fw Controll.static MKFDGFOCKNO         38.5784 -> 38.6284
38847,9 fw Controll.static LEKCBKLAILO         38.6284 -> 38.6784
38847,9 fw Controll.static OFJKHAFJIMA          0.0044 -> 0.0037
38848,0 fw Controll.static GIPNIMALPEG          0.9233 -> 0.0771
38856,5 fw Controll.static GIPNIMALPEG          0.0771 -> 0.2489
38864,0 fw Controll.static GIPNIMALPEG          0.2489 -> 0.3976
38873,0 fw Controll.static GIPNIMALPEG          0.3976 -> 0.5784
38879,0 fw Controll.static GIPNIMALPEG          0.5784 -> 0.697
38889,6 fw Controll.static GIPNIMALPEG           0.697 -> 0.9099
38896,4 fw Controll.static MKFDGFOCKNO         38.6284 -> 38.6784
38896,4 fw Controll.static LEKCBKLAILO         38.6784 -> 38.7284
38896,4 fw Controll.static OFJKHAFJIMA          0.0037 -> 0.002
38896,4 fw Controll.static GIPNIMALPEG          0.9099 -> 0.0456
38906,0 fw Controll.static GIPNIMALPEG          0.0456 -> 0.2381
38913,8 fw Controll.static GIPNIMALPEG          0.2381 -> 0.3941
38922,0 fw Controll.static GIPNIMALPEG          0.3941 -> 0.5576
38930,4 fw Controll.static GIPNIMALPEG          0.5576 -> 0.7256
38939,3 fw Controll.static GIPNIMALPEG          0.7256 -> 0.9043
38946,3 fw Controll.static MKFDGFOCKNO         38.6784 -> 38.7284
38946,3 fw Controll.static LEKCBKLAILO         38.7284 -> 38.7784
38946,4 fw Controll.static GIPNIMALPEG          0.9043 -> 0.0449
38955,5 fw Controll.static GIPNIMALPEG          0.0449 -> 0.2286
38962,4 fw Controll.static GIPNIMALPEG          0.2286 -> 0.3646
38971,2 fw Controll.static GIPNIMALPEG          0.3646 -> 0.5423
38978,5 fw Controll.static GIPNIMALPEG          0.5423 -> 0.6872
38987,1 fw Controll.static GIPNIMALPEG          0.6872 -> 0.8604
38994,8 fw Controll.static MKFDGFOCKNO         38.7284 -> 38.7784
38994,8 fw Controll.static LEKCBKLAILO         38.7784 -> 38.8284
38994,8 fw Controll.static OFJKHAFJIMA           0.002 -> 0.0005
38994,8 fw Controll.static GIPNIMALPEG          0.8604 -> 0.0132
39002,1 fw Controll.static GIPNIMALPEG          0.0132 -> 0.1611
39010,5 fw Controll.static GIPNIMALPEG          0.1611 -> 0.3287
39018,4 fw Controll.static GIPNIMALPEG          0.3287 -> 0.485
39025,7 fw Controll.static GIPNIMALPEG           0.485 -> 0.632
39034,7 fw Controll.static NAKNALFCOIF         94.8005 -> 94.9505
39034,7 fw Controll.static IGLCENGMMMJ             8.1 -> 8.25
39034,7 fw Controll.static GIPNIMALPEG           0.632 -> 0.8122
39041,8 fw Controll.static GIPNIMALPEG          0.8122 -> 0.9527
39052,1 fw Controll.static NAKNALFCOIF         94.9505 -> 95.2505
39052,1 fw Controll.static MKFDGFOCKNO         38.7784 -> 38.8284
39052,1 fw Controll.static LEKCBKLAILO         38.8284 -> 38.8784
39052,1 fw Controll.static OFJKHAFJIMA          0.0005 -> 0.0078
39052,2 fw Controll.static GIPNIMALPEG          0.9527 -> 0.1602
39057,8 fw Controll.static NAKNALFCOIF         95.2505 -> 95.7005
39057,8 fw Controll.static GIPNIMALPEG          0.1602 -> 0.2743
39069,7 fw Controll.static NAKNALFCOIF         95.7005 -> 96.3005
39069,7 fw Controll.static GIPNIMALPEG          0.2743 -> 0.5114
39073,4 fw Controll.static GIPNIMALPEG          0.5114 -> 0.5861
39085,7 fw Controll.static NAKNALFCOIF         96.3005 -> 97.0505
39085,7 fw Controll.static IGLCENGMMMJ            8.25 -> 8.1
39085,8 fw Controll.static GIPNIMALPEG          0.5861 -> 0.8323
39092,6 fw Controll.static NAKNALFCOIF         97.0505 -> 97.3505
39092,6 fw Controll.static IGLCENGMMMJ             8.1 -> 7.95
39092,7 fw Controll.static GIPNIMALPEG          0.8323 -> 0.9711
39101,8 fw Controll.static NAKNALFCOIF         97.3505 -> 97.5005
39101,9 fw Controll.static MKFDGFOCKNO         38.8284 -> 38.8784
39101,9 fw Controll.static LEKCBKLAILO         38.8784 -> 38.9284
39101,9 fw Controll.static OFJKHAFJIMA          0.0078 -> 0.0076
39101,9 fw Controll.static GIPNIMALPEG          0.9711 -> 0.155
39107,0 fw Controll.static GIPNIMALPEG           0.155 -> 0.2574
39118,7 fw Controll.static NAKNALFCOIF         97.5005 -> 98.4005
39118,7 fw Controll.static IGLCENGMMMJ            7.95 -> 7.8
39118,7 fw Controll.static GIPNIMALPEG          0.2574 -> 0.4926
39123,0 fw Controll.static GIPNIMALPEG          0.4926 -> 0.5776
39135,3 fw Controll.static NAKNALFCOIF         98.4005 -> 98.8505
39135,3 fw Controll.static GIPNIMALPEG          0.5776 -> 0.8244
39140,5 fw Controll.static NAKNALFCOIF         98.8505 -> 99.1505
39140,6 fw Controll.static GIPNIMALPEG          0.8244 -> 0.929
39151,9 fw Controll.static NAKNALFCOIF         99.1505 -> 99.6005
39151,9 fw Controll.static IGLCENGMMMJ             7.8 -> 7.65
39151,9 fw Controll.static MKFDGFOCKNO         38.8784 -> 38.9284
39151,9 fw Controll.static LEKCBKLAILO         38.9284 -> 38.9784
39151,9 fw Controll.static GIPNIMALPEG           0.929 -> 0.156
39156,7 fw Controll.static NAKNALFCOIF         99.6005 -> 99.7505
39156,7 fw Controll.static IGLCENGMMMJ            7.65 -> 7.5
39156,7 fw Controll.static GIPNIMALPEG           0.156 -> 0.2519
39168,0 fw Controll.static NAKNALFCOIF         99.7505 -> 99.9005
39168,0 fw Controll.static GIPNIMALPEG          0.2519 -> 0.4785
39175,5 fw Controll.static NAKNALFCOIF         99.9005 -> 100.0505
39175,5 fw Controll.static GIPNIMALPEG          0.4785 -> 0.628
39184,7 fw Controll.static NAKNALFCOIF        100.0505 -> 100.2005
39184,8 fw Controll.static GIPNIMALPEG           0.628 -> 0.8129
39190,8 fw Controll.static GIPNIMALPEG          0.8129 -> 0.9341
39200,6 fw Controll.static MKFDGFOCKNO         38.9284 -> 38.9784
39200,7 fw Controll.static LEKCBKLAILO         38.9784 -> 39.0284
39200,7 fw Controll.static OFJKHAFJIMA          0.0076 -> 0.0064
39200,7 fw Controll.static GIPNIMALPEG          0.9341 -> 0.1306
39206,5 fw player          ACAIGMNLLEC              67 -> 69
39206,5 fw player          HEADELMLILF               0 -> 1
39206,5 fw Controll.static GIPNIMALPEG          0.1306 -> 0.2486
39217,4 fw Controll.static GIPNIMALPEG          0.2486 -> 0.4656
39223,1 fw Controll.static GIPNIMALPEG          0.4656 -> 0.5788
39234,1 fw Controll.static GIPNIMALPEG          0.5788 -> 0.799
39239,4 fw Controll.static GIPNIMALPEG           0.799 -> 0.9057
39251,6 fw Controll.static MKFDGFOCKNO         38.9784 -> 39.0284
39251,6 fw Controll.static LEKCBKLAILO         39.0284 -> 39.0784
39251,6 fw Controll.static OFJKHAFJIMA          0.0064 -> 0.0072
39251,6 fw Controll.static GIPNIMALPEG          0.9057 -> 0.1489
39256,1 fw player          ACAIGMNLLEC              69 -> 70
39256,2 fw Controll.static GIPNIMALPEG          0.1489 -> 0.2413
39267,7 fw Controll.static GIPNIMALPEG          0.2413 -> 0.4698
39275,2 fw Controll.static GIPNIMALPEG          0.4698 -> 0.6221
39284,5 fw Controll.static NAKNALFCOIF        100.2005 -> 100.3505
39284,5 fw Controll.static IGLCENGMMMJ             7.5 -> 7.35
39284,6 fw Controll.static GIPNIMALPEG          0.6221 -> 0.8086
39290,9 fw Controll.static GIPNIMALPEG          0.8086 -> 0.9348
39303,4 fw Controll.static NAKNALFCOIF        100.3505 -> 100.8005
39303,4 fw Controll.static IGLCENGMMMJ            7.35 -> 7.2
39303,4 fw Controll.static MKFDGFOCKNO         39.0284 -> 39.0784
39303,4 fw Controll.static LEKCBKLAILO         39.0784 -> 39.1284
39303,4 fw Controll.static OFJKHAFJIMA          0.0072 -> 0.0091
39303,4 fw Controll.static GIPNIMALPEG          0.9348 -> 0.1859
39306,0 fw player          ACAIGMNLLEC              70 -> 71
39306,0 fw Controll.static GIPNIMALPEG          0.1859 -> 0.2381
39320,5 fw Controll.static NAKNALFCOIF        100.8005 -> 101.1005
39320,5 fw Controll.static IGLCENGMMMJ             7.2 -> 6.75
39320,5 fw Controll.static GIPNIMALPEG          0.2381 -> 0.5279
39324,9 fw Controll.static NAKNALFCOIF        101.1005 -> 101.4005
39324,9 fw Controll.static IGLCENGMMMJ            6.75 -> 6.6
39324,9 fw Controll.static GIPNIMALPEG          0.5279 -> 0.6162
39335,7 fw Controll.static NAKNALFCOIF        101.4005 -> 101.5505
39335,7 fw Controll.static IGLCENGMMMJ             6.6 -> 6.45
39335,7 fw Controll.static GIPNIMALPEG          0.6162 -> 0.8322
39344,1 fw Controll.static NAKNALFCOIF        101.5505 -> 101.7005
39344,1 fw Controll.static GIPNIMALPEG          0.8322 -> 0.9998
39353,8 fw Controll.static NAKNALFCOIF        101.7005 -> 102.0005
39353,8 fw Controll.static IGLCENGMMMJ            6.45 -> 6.3
39353,8 fw Controll.static MKFDGFOCKNO         39.0784 -> 39.1284
39353,8 fw Controll.static LEKCBKLAILO         39.1284 -> 39.1784
39353,8 fw Controll.static OFJKHAFJIMA          0.0091 -> 0.0095
39353,9 fw Controll.static GIPNIMALPEG          0.9998 -> 0.1942
39358,3 fw Controll.static NAKNALFCOIF        102.0005 -> 102.3005
39358,3 fw Controll.static IGLCENGMMMJ             6.3 -> 6.15
39358,4 fw Controll.static GIPNIMALPEG          0.1942 -> 0.2844
39369,2 fw Controll.static NAKNALFCOIF        102.3005 -> 102.4505
39369,2 fw Controll.static IGLCENGMMMJ            6.15 -> 6
39369,3 fw Controll.static GIPNIMALPEG          0.2844 -> 0.5026
39376,6 fw Controll.static GIPNIMALPEG          0.5026 -> 0.6487
39385,5 fw Controll.static NAKNALFCOIF        102.4505 -> 102.7505
39385,5 fw Controll.static IGLCENGMMMJ               6 -> 5.85
39385,5 fw Controll.static GIPNIMALPEG          0.6487 -> 0.8269
39394,5 fw Controll.static NAKNALFCOIF        102.7505 -> 102.9005
39394,5 fw Controll.static IGLCENGMMMJ            5.85 -> 5.7
39394,5 fw Controll.static MKFDGFOCKNO         39.1284 -> 39.1784
39394,5 fw Controll.static LEKCBKLAILO         39.1784 -> 39.2284
39394,5 fw Controll.static OFJKHAFJIMA          0.0095 -> 0.0002
39394,5 fw Controll.static GIPNIMALPEG          0.8269 -> 0.0076
39403,0 fw Controll.static NAKNALFCOIF        102.9005 -> 103.2005
39403,0 fw Controll.static IGLCENGMMMJ             5.7 -> 5.4
39403,0 fw Controll.static GIPNIMALPEG          0.0076 -> 0.1779
39409,6 fw player          APFNBGHAJMD               1 -> 0
39409,6 fw player          HEADELMLILF               1 -> 0
39409,7 fw Controll.static NAKNALFCOIF        103.2005 -> 103.5005
39409,7 fw Controll.static IGLCENGMMMJ             5.4 -> 5.25
39409,7 fw Controll.static GIPNIMALPEG          0.1779 -> 0.3108
39418,6 fw Controll.static NAKNALFCOIF        103.5005 -> 103.8005
39418,6 fw Controll.static IGLCENGMMMJ            5.25 -> 5.1
39418,6 fw Controll.static GIPNIMALPEG          0.3108 -> 0.4896
39426,2 fw Controll.static NAKNALFCOIF        103.8005 -> 104.1005
39426,2 fw Controll.static IGLCENGMMMJ             5.1 -> 4.95
39426,2 fw Controll.static GIPNIMALPEG          0.4896 -> 0.6415
39435,4 fw Controll.static NAKNALFCOIF        104.1005 -> 104.4005
39435,4 fw Controll.static IGLCENGMMMJ            4.95 -> 4.8
39435,4 fw Controll.static GIPNIMALPEG          0.6415 -> 0.8261
39443,4 fw Controll.static NAKNALFCOIF        104.4005 -> 104.7005
39443,4 fw Controll.static IGLCENGMMMJ             4.8 -> 4.65
39443,4 fw Controll.static GIPNIMALPEG          0.8261 -> 0.985
39454,2 fw Controll.static NAKNALFCOIF        104.7005 -> 105.0005
39454,2 fw Controll.static MKFDGFOCKNO         39.1784 -> 39.2284
39454,2 fw Controll.static LEKCBKLAILO         39.2284 -> 39.2784
39454,2 fw Controll.static OFJKHAFJIMA          0.0002 -> 0.0099
39454,3 fw Controll.static GIPNIMALPEG           0.985 -> 0.202
39458,0 fw Controll.static GIPNIMALPEG           0.202 -> 0.2776
39471,0 fw Controll.static NAKNALFCOIF        105.0005 -> 105.6005
39471,0 fw Controll.static IGLCENGMMMJ            4.65 -> 4.35
39471,0 fw Controll.static GIPNIMALPEG          0.2776 -> 0.537
39476,9 fw Controll.static NAKNALFCOIF        105.6005 -> 105.9005
39476,9 fw Controll.static IGLCENGMMMJ            4.35 -> 4.2
39477,0 fw Controll.static GIPNIMALPEG           0.537 -> 0.6562
39486,7 fw Controll.static GIPNIMALPEG          0.6562 -> 0.8506
39495,9 fw Controll.static NAKNALFCOIF        105.9005 -> 106.2005
39495,9 fw Controll.static MKFDGFOCKNO         39.2284 -> 39.2784
39495,9 fw Controll.static LEKCBKLAILO         39.2784 -> 39.3284
39495,9 fw Controll.static OFJKHAFJIMA          0.0099 -> 0.0015
39495,9 fw Controll.static GIPNIMALPEG          0.8506 -> 0.0343
39503,4 fw player          LNIDBHIAJJI               5 -> 4
39503,4 fw player          ACAIGMNLLEC              71 -> 72
39503,4 fw player          APFNBGHAJMD               0 -> 1
39503,4 fw player          HEADELMLILF               0 -> 1
39503,5 fw Controll.static NAKNALFCOIF        106.2005 -> 106.5005
39503,5 fw Controll.static IGLCENGMMMJ             4.2 -> 4.05
39503,5 fw Controll.static DGNDKAKOEPD        77397375 -> 77398385
39503,5 fw Controll.static BEJBLGGGOCC       294657589 -> 294658593
39503,5 fw Controll.static JELGPAKAJPE              83 -> 102
39503,5 fw Controll.static EENJPDHGGGC         38.2701 -> 39.2804
39503,5 fw Controll.static GIPNIMALPEG          0.0343 -> 0.186
39511,9 fw player          ACAIGMNLLEC              72 -> 73
39512,0 fw Controll.static NAKNALFCOIF        106.5005 -> 106.8005
39512,0 fw Controll.static IGLCENGMMMJ            4.05 -> 3.9
39512,0 fw Controll.static GIPNIMALPEG           0.186 -> 0.3564
39519,7 fw Controll.static NAKNALFCOIF        106.8005 -> 107.1005
39519,7 fw Controll.static IGLCENGMMMJ             3.9 -> 3.75
39519,8 fw Controll.static GIPNIMALPEG          0.3564 -> 0.5121
39529,0 fw Controll.static NAKNALFCOIF        107.1005 -> 107.2505
39529,0 fw Controll.static GIPNIMALPEG          0.5121 -> 0.6965
39538,3 fw Controll.static NAKNALFCOIF        107.2505 -> 107.5505
39538,4 fw Controll.static GIPNIMALPEG          0.6965 -> 0.8833
39543,9 fw Controll.static NAKNALFCOIF        107.5505 -> 108.0005
39543,9 fw Controll.static IGLCENGMMMJ            3.75 -> 3.6
39544,0 fw Controll.static GIPNIMALPEG          0.8833 -> 0.9951
39555,1 fw Controll.static NAKNALFCOIF        108.0005 -> 108.4505
39555,1 fw Controll.static IGLCENGMMMJ             3.6 -> 3.45
39555,2 fw Controll.static MKFDGFOCKNO         39.2784 -> 39.3284
39555,2 fw Controll.static LEKCBKLAILO         39.3284 -> 39.3784
39555,2 fw Controll.static OFJKHAFJIMA          0.0015 -> 0.0108
39555,2 fw Controll.static GIPNIMALPEG          0.9951 -> 0.2197
39562,2 fw player          LNIDBHIAJJI               4 -> 3
39562,2 fw player          ACAIGMNLLEC              73 -> 74
39562,2 fw Controll.static NAKNALFCOIF        108.4505 -> 108.7505
39562,3 fw Controll.static GIPNIMALPEG          0.2197 -> 0.3619
39573,9 fw Controll.static NAKNALFCOIF        108.7505 -> 109.3505
39573,9 fw Controll.static IGLCENGMMMJ            3.45 -> 3.3
39573,9 fw Controll.static GIPNIMALPEG          0.3619 -> 0.5948
39578,7 fw Controll.static GIPNIMALPEG          0.5948 -> 0.6895
39592,0 fw Controll.static NAKNALFCOIF        109.3505 -> 110.4005
39592,0 fw Controll.static IGLCENGMMMJ             3.3 -> 3.15
39592,1 fw Controll.static GIPNIMALPEG          0.6895 -> 0.9573
39600,3 fw player          LNIDBHIAJJI               3 -> 2
39600,3 fw player          ACAIGMNLLEC              74 -> 75
39600,3 fw Controll.static NAKNALFCOIF        110.4005 -> 110.7005
39600,3 fw Controll.static IGLCENGMMMJ            3.15 -> 3
39600,3 fw Controll.static MKFDGFOCKNO         39.3284 -> 39.3784
39600,3 fw Controll.static LEKCBKLAILO         39.3784 -> 39.4284
39600,3 fw Controll.static OFJKHAFJIMA          0.0108 -> 0.0059
39600,4 fw Controll.static GIPNIMALPEG          0.9573 -> 0.1228
39607,7 fw Controll.static NAKNALFCOIF        110.7005 -> 111.0005
39607,7 fw Controll.static GIPNIMALPEG          0.1228 -> 0.2707
39617,9 fw Controll.static NAKNALFCOIF        111.0005 -> 111.3006
39618,0 fw Controll.static GIPNIMALPEG          0.2707 -> 0.4754
39624,1 fw Controll.static NAKNALFCOIF        111.3006 -> 111.7505
39624,1 fw Controll.static IGLCENGMMMJ               3 -> 2.85
39624,2 fw Controll.static GIPNIMALPEG          0.4754 -> 0.6001
39634,6 fw Controll.static GIPNIMALPEG          0.6001 -> 0.8083
39642,8 fw Controll.static NAKNALFCOIF        111.7505 -> 112.0506
39642,8 fw Controll.static GIPNIMALPEG          0.8083 -> 0.9731
39652,7 fw Controll.static NAKNALFCOIF        112.0506 -> 112.3506
39652,7 fw Controll.static MKFDGFOCKNO         39.3784 -> 39.4284
39652,7 fw Controll.static LEKCBKLAILO         39.4284 -> 39.4784
39652,7 fw Controll.static OFJKHAFJIMA          0.0059 -> 0.0083
39652,8 fw Controll.static GIPNIMALPEG          0.9731 -> 0.1708
39659,3 fw player          ACAIGMNLLEC              75 -> 77
39659,3 fw Controll.static NAKNALFCOIF        112.3506 -> 112.6506
39659,3 fw Controll.static IGLCENGMMMJ            2.85 -> 2.7
39659,3 fw Controll.static GIPNIMALPEG          0.1708 -> 0.3028
39669,9 fw Controll.static NAKNALFCOIF        112.6506 -> 113.1006
39669,9 fw Controll.static IGLCENGMMMJ             2.7 -> 2.55
39669,9 fw Controll.static GIPNIMALPEG          0.3028 -> 0.5148
39677,2 fw Controll.static NAKNALFCOIF        113.1006 -> 113.4006
39677,2 fw Controll.static GIPNIMALPEG          0.5148 -> 0.6606
39686,3 fw Controll.static NAKNALFCOIF        113.4006 -> 113.8506
39686,3 fw Controll.static IGLCENGMMMJ            2.55 -> 2.4
39686,3 fw Controll.static GIPNIMALPEG          0.6606 -> 0.8428
39694,7 fw Controll.static NAKNALFCOIF        113.8506 -> 114.0006
39694,7 fw Controll.static MKFDGFOCKNO         39.4284 -> 39.4784
39694,7 fw Controll.static LEKCBKLAILO         39.4784 -> 39.5284
39694,7 fw Controll.static OFJKHAFJIMA          0.0083 -> 0.0004
39694,7 fw Controll.static GIPNIMALPEG          0.8428 -> 0.0112
39702,8 fw Controll.static NAKNALFCOIF        114.0006 -> 114.4506
39702,8 fw Controll.static GIPNIMALPEG          0.0112 -> 0.1726
39710,7 fw player          ACAIGMNLLEC              77 -> 78
39710,7 fw Controll.static NAKNALFCOIF        114.4506 -> 114.9006
39710,7 fw Controll.static IGLCENGMMMJ             2.4 -> 2.25
39710,7 fw Controll.static GIPNIMALPEG          0.1726 -> 0.3314
39719,3 fw Controll.static NAKNALFCOIF        114.9006 -> 115.3505
39719,3 fw Controll.static IGLCENGMMMJ            2.25 -> 2.1
39719,3 fw Controll.static GIPNIMALPEG          0.3314 -> 0.5035
39728,6 fw Controll.static NAKNALFCOIF        115.3505 -> 115.6506
39728,6 fw Controll.static GIPNIMALPEG          0.5035 -> 0.6885
39737,9 fw Controll.static NAKNALFCOIF        115.6506 -> 115.9506
39737,9 fw Controll.static GIPNIMALPEG          0.6885 -> 0.8749
39742,9 fw Controll.static NAKNALFCOIF        115.9506 -> 116.5506
39742,9 fw Controll.static IGLCENGMMMJ             2.1 -> 1.95
39742,9 fw Controll.static GIPNIMALPEG          0.8749 -> 0.9748
39755,1 fw player          ACAIGMNLLEC              78 -> 79
39755,1 fw Controll.static NAKNALFCOIF        116.5506 -> 116.8506
39755,1 fw Controll.static MKFDGFOCKNO         39.4784 -> 39.5284
39755,1 fw Controll.static LEKCBKLAILO         39.5284 -> 39.5784
39755,1 fw Controll.static OFJKHAFJIMA          0.0004 -> 0.0108
39755,1 fw Controll.static GIPNIMALPEG          0.9748 -> 0.2187
39761,5 fw Controll.static NAKNALFCOIF        116.8506 -> 117.1506
39761,5 fw Controll.static GIPNIMALPEG          0.2187 -> 0.3469
39774,3 fw Controll.static NAKNALFCOIF        117.1506 -> 117.7506
39774,3 fw Controll.static GIPNIMALPEG          0.3469 -> 0.6033
39779,3 fw Controll.static GIPNIMALPEG          0.6033 -> 0.7038
39791,8 fw Controll.static NAKNALFCOIF        117.7506 -> 118.3506
39791,8 fw Controll.static GIPNIMALPEG          0.7038 -> 0.9537
39799,0 fw player          LNIDBHIAJJI               2 -> 1
39799,0 fw player          ACAIGMNLLEC              79 -> 81
39799,0 fw Controll.static NAKNALFCOIF        118.3506 -> 118.5006
39799,0 fw Controll.static MKFDGFOCKNO         39.5284 -> 39.5784
39799,0 fw Controll.static LEKCBKLAILO         39.5784 -> 39.6284
39799,0 fw Controll.static OFJKHAFJIMA          0.0108 -> 0.0047
39799,0 fw Controll.static GIPNIMALPEG          0.9537 -> 0.0971
39807,9 fw Controll.static NAKNALFCOIF        118.5006 -> 118.8006
39807,9 fw Controll.static GIPNIMALPEG          0.0971 -> 0.2757
39816,4 fw Controll.static NAKNALFCOIF        118.8006 -> 118.9506
39816,5 fw Controll.static GIPNIMALPEG          0.2757 -> 0.4459
39825,1 fw Controll.static NAKNALFCOIF        118.9506 -> 119.2506
39825,2 fw Controll.static GIPNIMALPEG          0.4459 -> 0.6203
39834,0 fw Controll.static NAKNALFCOIF        119.2506 -> 119.4006
39834,0 fw Controll.static GIPNIMALPEG          0.6203 -> 0.7974
39842,8 fw Controll.static NAKNALFCOIF        119.4006 -> 119.7006
39842,8 fw Controll.static GIPNIMALPEG          0.7974 -> 0.9737
39851,2 fw Controll.static NAKNALFCOIF        119.7006 -> 119.8506
39851,2 fw Controll.static MKFDGFOCKNO         39.5784 -> 39.6284
39851,2 fw Controll.static LEKCBKLAILO         39.6284 -> 39.6784
39851,3 fw Controll.static OFJKHAFJIMA          0.0047 -> 0.0069
39851,3 fw Controll.static GIPNIMALPEG          0.9737 -> 0.141
39862,2 fw player          ACAIGMNLLEC              81 -> 83
39862,2 fw Controll.static NAKNALFCOIF        119.8506 -> 120.3006
39862,2 fw Controll.static GIPNIMALPEG           0.141 -> 0.3613
39867,6 fw Controll.static GIPNIMALPEG          0.3613 -> 0.4686
39878,9 fw Controll.static NAKNALFCOIF        120.3006 -> 120.6006
39878,9 fw Controll.static GIPNIMALPEG          0.4686 -> 0.6944
39885,0 fw Controll.static NAKNALFCOIF        120.6006 -> 120.7506
39885,0 fw Controll.static GIPNIMALPEG          0.6944 -> 0.8171
39896,1 fw Controll.static NAKNALFCOIF        120.7506 -> 120.9006
39896,1 fw Controll.static MKFDGFOCKNO         39.6284 -> 39.6784
39896,1 fw Controll.static LEKCBKLAILO         39.6784 -> 39.7284
39896,1 fw Controll.static OFJKHAFJIMA          0.0069 -> 0.0018
39896,2 fw Controll.static GIPNIMALPEG          0.8171 -> 0.0396
39903,6 fw player          ACAIGMNLLEC              83 -> 84
39903,6 fw Controll.static GIPNIMALPEG          0.0396 -> 0.1891
39911,6 fw Controll.static GIPNIMALPEG          0.1891 -> 0.348
39922,0 fw Controll.static NAKNALFCOIF        120.9006 -> 121.0506
39922,0 fw Controll.static GIPNIMALPEG           0.348 -> 0.5566
39928,9 fw Controll.static NAKNALFCOIF        121.0506 -> 121.2006
39928,9 fw Controll.static GIPNIMALPEG          0.5566 -> 0.6954
39939,1 fw Controll.static NAKNALFCOIF        121.2006 -> 121.3506
39939,1 fw Controll.static GIPNIMALPEG          0.6954 -> 0.899
39946,6 fw Controll.static NAKNALFCOIF        121.3506 -> 121.5006
39946,6 fw Controll.static MKFDGFOCKNO         39.6784 -> 39.7284
39946,6 fw Controll.static LEKCBKLAILO         39.7284 -> 39.7784
39946,6 fw Controll.static OFJKHAFJIMA          0.0018 -> 0.0022
39946,6 fw Controll.static GIPNIMALPEG           0.899 -> 0.0484
39956,5 fw Controll.static NAKNALFCOIF        121.5006 -> 121.9506
39956,5 fw Controll.static IGLCENGMMMJ            1.95 -> 1.8
39956,5 fw Controll.static GIPNIMALPEG          0.0484 -> 0.2475
39961,2 fw player          ACAIGMNLLEC              84 -> 85
39961,2 fw Controll.static GIPNIMALPEG          0.2475 -> 0.3413
39972,3 fw Controll.static GIPNIMALPEG          0.3413 -> 0.5631
39981,4 fw Controll.static NAKNALFCOIF        121.9506 -> 122.1006
39981,4 fw Controll.static IGLCENGMMMJ             1.8 -> 1.65
39981,5 fw Controll.static GIPNIMALPEG          0.5631 -> 0.7459
39987,5 fw Controll.static GIPNIMALPEG          0.7459 -> 0.8668
39998,7 fw Controll.static MKFDGFOCKNO         39.7284 -> 39.7785
39998,7 fw Controll.static LEKCBKLAILO         39.7784 -> 39.8284
39998,7 fw Controll.static OFJKHAFJIMA          0.0022 -> 0.0044
39998,7 fw Controll.static GIPNIMALPEG          0.8668 -> 0.0911
40004,3 fw Controll.static GIPNIMALPEG          0.0911 -> 0.2018
40016,5 fw Controll.static NAKNALFCOIF        122.1006 -> 122.2506
40016,6 fw Controll.static GIPNIMALPEG          0.2018 -> 0.4477
40021,2 fw Controll.static GIPNIMALPEG          0.4477 -> 0.5415
40032,5 fw Controll.static GIPNIMALPEG          0.5415 -> 0.7675
40039,1 fw Controll.static GIPNIMALPEG          0.7675 -> 0.8991
40049,6 fw Controll.static MKFDGFOCKNO         39.7785 -> 39.8285
40049,6 fw Controll.static LEKCBKLAILO         39.8284 -> 39.8785
40049,6 fw Controll.static OFJKHAFJIMA          0.0044 -> 0.0052
40049,6 fw Controll.static GIPNIMALPEG          0.8991 -> 0.108
40057,1 ==== FIELDWATCH OFF ====
