# Blockpost room-protocol capture, started 2026-08-23 03:20:06
# tx: <ms> tx hdr=0xNN op=0xNN <name> : <fields>    rx: <ms> rx len=N <hex>

338809,4 ==== CAPTURE ON ====
338814,0 # net: TcpClient.Connected = (no socket)
343813,5 # net: TcpClient.Connected = (no socket)
343835,4 tx hdr=0xF5 op=0x65 ? :
348814,2 # net: TcpClient.Connected = (no socket)
353523,3 tx hdr=0xF5 op=0x00 keepalive : i2063882 "3913789974ad1e5b9fa201dfb881ba52" "PLAYER2063882" b0 b0 b0 b1 b0 b1 b0 i1350 b0 b0 b0 "cc8170d255f446fcd0947021167a812a" "8824415abec7adacf22108e6310cce02" i0 "" "" b2 "76561198308294518" "f7a18175979fbde26644b4b240f70e89"
353620,4 rx src=FPKEAECEOPE len=10 F5 00 0A 00 03 14 20 DE 11 04 
353669,0 tx hdr=0xF5 op=0x08 weapondata/8 : i71 "sl8" "SL8" b10 s50 b32 s200 b102 b84 s1900 b4 b32 b97 b0 "30258195d1823f75cb88c5fb8ab0b19a"
353669,8 tx hdr=0xF5 op=0x08 weapondata/8 : i23 "beretta92" "Beretta 92" b15 s45 b15 s105 b50 b75 s2050 b5 b15 b112 b1 "6cd57d74645797bc75dccac39a47a622"
353670,5 tx hdr=0xF5 op=0x08 weapondata/8 : i68 "shovel" "Shovel" b1 s1 b50 s200 b4 b100 s1 b1 b50 b110 b2 "918bfb780c2ce76a38821c5fe85f3281"
353670,6 tx hdr=0xF5 op=0x08 weapondata/8 : i69 "block" "Block" b1 s1 b1 s1 b1 b1 s1 b1 b1 b100 b3 "7d3f5c93c932ed93dbd4f7d9f80479aa"
353670,7 tx hdr=0xF5 op=0x08 weapondata/8 : i108 "grenade" "BP Grenade" b1 s1 b1 s25 b1 b1 s1 b1 b1 b1 b4 "ae99336b67cf47fb38edaf91faf48573"
353670,7 tx hdr=0xF5 op=0x08 weapondata/8 : i28 "kriss_vector" "KRISS Vector" b30 s120 b14 s80 b48 b52 s1900 b5 b16 b108 b0 "2cad6d7fcd7120d304318540cc5b33db"
353670,8 tx hdr=0xF5 op=0x08 weapondata/8 : i23 "beretta92" "Beretta 92" b15 s45 b15 s105 b50 b75 s2050 b5 b15 b112 b1 "6cd57d74645797bc75dccac39a47a622"
353670,9 tx hdr=0xF5 op=0x08 weapondata/8 : i68 "shovel" "Shovel" b1 s1 b50 s200 b4 b100 s1 b1 b50 b110 b2 "918bfb780c2ce76a38821c5fe85f3281"
353671,0 tx hdr=0xF5 op=0x08 weapondata/8 : i69 "block" "Block" b1 s1 b1 s1 b1 b1 s1 b1 b1 b100 b3 "7d3f5c93c932ed93dbd4f7d9f80479aa"
353671,0 tx hdr=0xF5 op=0x08 weapondata/8 : i108 "grenade" "BP Grenade" b1 s1 b1 s25 b1 b1 s1 b1 b1 b1 b4 "ae99336b67cf47fb38edaf91faf48573"
353671,1 tx hdr=0xF5 op=0x09 loadout/9 : b10 L506244901116621440 s71 b0 b1 b0 b0 b0 L506244901116593536 s23 b0 b1 b0 b0 b0 L1 s68 b0 b1 b0 b0 b0 L2 s69 b0 b1 b0 b0 b0 L4 s108 b0 b1 b0 b0 b0 L506244901116593536 s28 b0 b1 b0 b0 b0 L506244901116593536 s23 b0 b1 b0 b0 b0 L1 s68 b0 b1 b0 b0 b0 L2 s69 b0 b1 b0 b0 b0 L4 s108 b0 b1 b0 b0 b0 L506244901116621440 L506244901116593536 L1 L2 L4 L506244901116593536 L506244901116593536 L1 L2 L4 L0 L0 L0 L0 L0
353671,8 rx src=FPKEAECEOPE len=18 F5 31 12 00 06 06 06 64 65 76 30 32 00 4E 55 4C 4C 00 
353671,8 rx src=FPKEAECEOPE len=14 F5 4A 0E 00 32 4A C8 E6 FF 80 00 2C 01 FF 
353671,9 rx src=FPKEAECEOPE len=39 F5 01 27 00 00 50 4C 41 59 45 52 35 34 39 35 32 39 32 00 01 01 00 01 02 03 05 00 FB 00 00 00 00 00 00 00 00 00 00 00 
353686,1 rx src=FPKEAECEOPE len=13 F5 12 0D 00 00 00 00 04 00 00 00 00 00 
353686,1 rx src=FPKEAECEOPE len=10 F5 5D 0A 00 00 FC D9 53 00 05 
353686,1 rx src=FPKEAECEOPE len=39 F5 01 27 00 01 50 4C 41 59 45 52 35 34 36 35 30 32 33 00 01 00 00 00 01 00 01 00 63 00 00 00 00 00 00 00 00 00 00 00 
353693,0 rx src=FPKEAECEOPE len=13 F5 12 0D 00 01 00 00 01 00 00 00 00 00 
353693,0 rx src=FPKEAECEOPE len=10 F5 5D 0A 00 01 BF 63 53 00 05 
353693,0 rx src=FPKEAECEOPE len=57 F5 01 39 00 02 5F 53 63 6F 72 70 69 6F 6E 73 5F 4E 6F 76 61 5F 00 01 00 00 01 02 02 00 01 AF A0 02 00 02 01 00 B6 29 00 00 78 5F 58 74 72 65 6D 65 5F 54 65 61 6D 5F 78 00 
353701,4 rx src=FPKEAECEOPE len=13 F5 12 0D 00 02 00 00 00 00 00 00 00 00 
353701,4 rx src=FPKEAECEOPE len=10 F5 5D 0A 00 02 9E 7A 1D 00 00 
353701,4 rx src=FPKEAECEOPE len=40 F5 01 28 00 04 63 6F 6F 6C 62 6F 79 5F 73 6A 32 31 31 32 00 00 01 02 02 01 02 00 01 C6 1D 00 00 00 00 00 00 00 00 00 00 
353710,8 rx src=FPKEAECEOPE len=13 F5 12 0D 00 04 0C 00 10 00 01 00 37 00 
353710,8 rx src=FPKEAECEOPE len=10 F5 5D 0A 00 04 A6 AE 53 00 05 
353710,8 rx src=FPKEAECEOPE len=39 F5 01 27 00 06 50 4C 41 59 45 52 35 34 39 35 32 36 31 00 00 00 00 00 01 00 01 00 E2 00 00 00 00 00 00 00 00 00 00 00 
353719,0 rx src=FPKEAECEOPE len=13 F5 12 0D 00 06 01 00 0A 00 00 00 06 00 
353719,0 rx src=FPKEAECEOPE len=10 F5 5D 0A 00 06 DD D9 53 00 05 
353719,0 rx src=FPKEAECEOPE len=39 F5 01 27 00 03 50 4C 41 59 45 52 32 30 36 33 38 38 32 00 02 00 00 00 01 00 01 00 46 05 00 00 00 00 00 00 00 00 00 00 
353726,7 rx src=FPKEAECEOPE len=13 F5 12 0D 00 03 00 00 00 00 00 00 00 00 
353726,7 rx src=FPKEAECEOPE len=10 F5 5D 0A 00 03 0A 7E 1F 00 02 
353726,7 rx src=FPKEAECEOPE len=155 F5 0E 9B 00 00 00 1C 00 6B 72 69 73 73 5F 76 65 63 74 6F 72 00 4B 52 49 53 53 20 56 65 63 74 6F 72 00 00 00 01 00 00 00 17 00 62 65 72 65 74 74 61 39 32 00 42 65 72 65 74 74 61 20 39 32 00 01 00 01 00 00 00 44 00 73 68 6F 76 65 6C 00 D0 9B D0 BE D0 BF D0 B0 D1 82 D0 B0 00 02 00 01 00 00 
353726,7 rx src=FPKEAECEOPE len=147 F5 0E 93 00 01 00 3E 00 6D 31 34 5F 65 62 72 00 4D 6B 20 31 34 20 45 42 52 00 00 00 01 00 00 00 17 00 62 65 72 65 74 74 61 39 32 00 42 65 72 65 74 74 61 20 39 32 00 01 00 01 00 00 00 44 00 73 68 6F 76 65 6C 00 D0 9B D0 BE D0 BF D0 B0 D1 82 D0 B0 00 02 00 01 00 00 00 45 00 62 6C 6F 63 6B 
353726,7 rx src=FPKEAECEOPE len=156 F5 0E 9C 00 02 00 86 00 6D 31 61 31 00 4D 31 41 31 20 50 61 72 61 74 72 6F 6F 70 65 72 00 00 0C 21 00 00 00 83 00 6C 75 67 65 72 00 4C 75 67 65 72 20 50 30 38 00 01 00 A9 00 00 00 7B 00 6B 61 72 61 6D 62 69 74 5F 62 6C 6F 6F 64 00 D0 9A D0 B5 D1 80 D0 B0 D0 BC D0 B1 D0 B8 D1 82 00 02 0A 
353726,7 rx src=FPKEAECEOPE len=138 F5 0E 8A 00 04 00 21 00 70 39 30 00 50 39 30 00 00 00 06 00 00 00 17 00 62 65 72 65 74 74 61 39 32 00 42 65 72 65 74 74 61 20 39 32 00 01 00 01 00 00 00 44 00 73 68 6F 76 65 6C 00 D0 9B D0 BE D0 BF D0 B0 D1 82 D0 B0 00 02 00 01 00 00 00 45 00 62 6C 6F 63 6B 00 D0 91 D0 BB D0 BE D0 BA 00 
353726,7 rx src=FPKEAECEOPE len=155 F5 0E 9B 00 06 00 1C 00 6B 72 69 73 73 5F 76 65 63 74 6F 72 00 4B 52 49 53 53 20 56 65 63 74 6F 72 00 00 00 01 00 00 00 17 00 62 65 72 65 74 74 61 39 32 00 42 65 72 65 74 74 61 20 39 32 00 01 00 01 00 00 00 44 00 73 68 6F 76 65 6C 00 D0 9B D0 BE D0 BF D0 B0 D1 82 D0 B0 00 02 00 01 00 00 
353726,7 rx src=FPKEAECEOPE len=13 F5 0A 0D 00 00 01 00 01 00 0D 00 00 00 
353743,0 rx src=FPKEAECEOPE len=13 F5 0A 0D 00 01 05 00 01 00 4B 00 73 00 
353762,2 rx src=FPKEAECEOPE len=13 F5 0A 0D 00 02 11 00 04 00 12 00 3C 00 
353791,7 rx src=FPKEAECEOPE len=13 F5 0A 0D 00 04 16 00 01 00 2F 00 C2 00 
353808,0 rx src=FPKEAECEOPE len=13 F5 0A 0D 00 06 23 00 01 00 2B 00 B1 00 
353823,4 rx src=FPKEAECEOPE len=6 F5 0F 06 00 00 00 
353823,4 rx src=FPKEAECEOPE len=6 F5 0F 06 00 01 00 
353823,5 rx src=FPKEAECEOPE len=6 F5 0F 06 00 02 02 
353823,5 rx src=FPKEAECEOPE len=6 F5 0F 06 00 04 00 
353823,5 rx src=FPKEAECEOPE len=6 F5 0F 06 00 06 00 
353851,2 # net: TcpClient.Connected = True
353851,3 rx src=FPKEAECEOPE len=290 F5 32 22 01 00 00 00 1F 8B 08 00 00 00 00 00 00 0B ED 93 CD 0A 84 30 0C 06 BF DC 05 D9 AB 22 D2 D3 F6 15 F6 FD 5F 6C 6B AB D4 A4 56 10 7F 20 B6 73 72 0C 42 C7 A8 B5 9C E1 24 50 C6 2A DD 5F AF 03 A6 3B C2 31 F0 87 85 DF 79 D2 7B B0 72 FF CB A0 EF D1 5B 8C D1 AD 70 87 B5 DC 81 F1 B9 93 5F 
353852,5 rx src=FPKEAECEOPE len=224 F5 32 E0 00 00 00 01 1F 8B 08 00 00 00 00 00 00 0B ED 96 C1 0A C4 20 0C 44 ED BD 10 7A D8 E3 22 DE FC FF 2F 2C A5 64 A9 63 85 14 4B 16 4D DE 6D 50 61 1E 36 D2 9C 4B BE 9D 84 C1 00 FD 1C 62 2C 37 60 9E 0C F4 8F EC 9B 4E AA CC 07 1B 59 B7 7D 3F 95 3F 2F 08 7D 67 F3 FF 2D A0 CF D3 3C 08 EE 
353852,7 rx src=FPKEAECEOPE len=229 F5 32 E5 00 00 00 02 1F 8B 08 00 00 00 00 00 00 0B ED D6 31 0E C3 20 0C 85 61 E8 6C 09 31 74 EC D0 8D 0B 71 FF AB 94 40 15 99 37 24 F1 02 B2 EC 7F 88 64 79 C9 57 2A 94 52 E6 3E BC 10 82 74 D6 16 F0 0B DF 81 A7 A0 EF 6E D6 10 FA BF BD B1 3B 3C D2 59 5B 17 FE CE E1 3E 98 71 AF 91 2F F1 3F 
353854,1 rx src=FPKEAECEOPE len=305 F5 32 31 01 00 00 03 1F 8B 08 00 00 00 00 00 00 0B ED 96 41 0E 83 20 10 45 75 AF 21 1E A0 0B 63 4C BC 10 8B DE FF 22 2D 43 EA C4 5F 08 8C 34 55 C2 BC 95 1F 10 E7 51 0B 6E DB 91 AE 31 36 F5 57 7F F5 57 7F F5 57 7F F5 27 FF 07 8C C1 8C A4 FA EF 4C 8E 3F 22 5D 9F 3B 13 F5 9F 79 8C 34 3B 16 
353854,2 rx src=FPKEAECEOPE len=186 F5 32 BA 00 00 00 04 1F 8B 08 00 00 00 00 00 00 0B ED 96 41 0E 80 20 0C 04 F5 8E E9 1B BC F1 25 FF FF 11 A3 D8 10 BC 90 C6 48 1B 76 E7 40 6F 64 A7 0D 0D 39 57 16 40 72 8B 77 9C E1 64 F0 06 D0 BF 9C F4 47 F6 AF 1D F0 4D 33 1E 15 A6 3F FD E9 1F CF 7F FF 48 EF FE E8 FE 56 CC FE 93 ED 7F CE 
353854,4 rx src=FPKEAECEOPE len=218 F5 32 DA 00 00 00 05 1F 8B 08 00 00 00 00 00 00 0B ED 94 41 0A C3 30 0C 04 93 BB 8B E9 03 7A 28 A1 A0 2F F5 FF 1F 69 DD C6 97 6D 8D 2D 72 D8 18 ED 5C CC 12 45 68 84 F1 B2 08 11 17 63 0F 40 C6 0A EC 21 88 98 C5 DE 80 FC 63 6F C0 2C F6 06 E4 FF DF FF 0E 75 EE BC 1D FC BF 9E 95 0D 32 7E 6F 
353855,2 rx src=FPKEAECEOPE len=338 F5 32 52 01 01 00 00 1F 8B 08 00 00 00 00 00 00 0B ED 96 41 8A C3 30 0C 45 6D 6D 0B 33 78 3D 84 90 D5 78 D5 65 6F 92 FB 5F A5 96 D5 D6 96 20 0D 9A 29 76 84 F3 A0 8B 87 4B F0 D7 B7 9B C6 C8 99 DC 4F C2 BD D0 BA 35 E2 99 7F 33 FF 92 D0 7A FD 6C E9 47 44 93 1F D1 F4 7F E6 B7 98 BF 40 F9 75 
353855,4 rx src=FPKEAECEOPE len=392 F5 32 88 01 01 00 01 1F 8B 08 00 00 00 00 00 00 0B E5 96 39 8E C4 20 10 45 C1 69 4B D3 EA 60 C2 96 45 46 34 E1 DC 84 FB 5F A5 59 8A AD 3C 12 18 46 AC 4F 0E FC 0D 96 78 14 2A 9B F3 18 42 CE 93 18 98 E2 9A 1D 77 F3 90 70 EC 7F A6 FC 39 89 33 C9 CD 43 82 FD 19 40 60 FD B5 B9 AB 5C 06 29 FF 
353856,2 rx src=FPKEAECEOPE len=269 F5 32 0D 01 01 00 02 1F 8B 08 00 00 00 00 00 00 0B ED 96 41 0A C4 20 0C 45 5B D7 42 71 31 CB 2E BA F3 42 DE FF 2A 13 22 9A 9A 41 C6 B6 D0 36 C6 B7 10 3E B1 E0 33 5A F4 BE 64 03 A6 1D 57 F3 DB F1 C3 BF E2 BF E2 78 3E CB 60 F8 97 50 65 65 33 8F 66 19 68 F7 37 00 68 E3 50 FA EB D8 80 A8 DF 
353856,3 rx src=FPKEAECEOPE len=491 F5 32 EB 01 01 00 03 1F 8B 08 00 00 00 00 00 00 0B ED 96 5B 6E 83 30 10 45 C7 FF A1 16 0B 40 11 42 48 DE 10 1F DD FF 46 8A 1F 18 FB 76 C0 B5 21 11 4E B9 52 90 0E D3 0E 73 4C EA 5A A9 38 A4 D3 B9 CF 12 8E 49 41 5D FF F6 E0 6F 0D 3D C5 51 C7 38 D9 AF B7 A1 CC A8 52 FF EE A0 7F 72 B0 18 AF 
353857,7 rx src=FPKEAECEOPE len=308 F5 32 34 01 01 00 04 1F 8B 08 00 00 00 00 00 00 0B ED 97 5B 0A C3 20 10 45 CD 7F 8A 64 01 21 84 52 70 43 FD E8 FE 37 52 27 0F AB 37 05 11 47 89 38 07 84 5C C6 4C 3C 24 1D A8 31 8A 30 27 AA 31 56 20 F5 7E D3 BD 3F 49 9B BE FD 8D F8 9F 2C 50 C7 5C 1B F4 8B 91 DA 9F DB FF 09 A4 9E 27 46 AE 
353857,9 rx src=FPKEAECEOPE len=360 F5 32 68 01 01 00 05 1F 8B 08 00 00 00 00 00 00 0B ED 95 D1 8A C3 20 10 45 C7 F7 0D E2 07 48 09 12 F0 87 FA D0 FF FF 91 5D B3 6A E3 4D 83 1A A7 6D 04 0F F8 70 33 74 E2 41 3B B1 36 42 5B 34 51 53 9E 4D 9A 2D B5 E5 A3 7E 73 80 CE 61 BF E4 9F DD 57 61 BF E1 DF A7 FF D5 EF 3F F6 AB CE 26 53 
353858,8 rx src=FPKEAECEOPE len=218 F5 32 DA 00 02 00 00 1F 8B 08 00 00 00 00 00 00 0B ED D6 31 0E 83 30 0C 85 E1 64 AF 5A 71 00 14 B1 31 F5 36 B9 FF 55 1A 14 14 1C D7 03 04 29 C8 F1 FB A7 1A 3C F0 21 68 EB D6 3A 67 2D F8 E1 87 DF AC 9F F1 D7 F9 E9 0B EA DC 9F 3F 97 4F CE A5 D3 73 7F C1 FD 84 E7 9F AA 5A 66 55 89 EF 7F 08 
353859,0 rx src=FPKEAECEOPE len=171 F5 32 AB 00 02 00 01 1F 8B 08 00 00 00 00 00 00 0B ED D4 3B 0E 80 20 10 84 61 ED CD 4E A8 0D 3D 17 DA FB 5F 45 02 C6 80 B1 B1 00 8A 99 BF 23 34 FB 85 47 4A 7D 1B 59 49 7E F9 E5 97 5F FE 52 6C 37 63 EE E7 7A DC A4 63 D2 F9 CB 2F BF FC F2 CB 2F 7F EF 0F AB 86 9A 18 FB F9 1F AF 76 B2 E4 97 
353859,1 rx src=FPKEAECEOPE len=283 F5 32 1B 01 02 00 02 1F 8B 08 00 00 00 00 00 00 0B ED D5 4B 0E 85 20 0C 05 50 74 FC 02 61 01 C4 38 63 43 EE 7F 2B 8F 9F D0 16 95 38 AC E5 26 0E AE 1D 1D 68 D4 7B 1C 25 2C 7E FA A7 7F FA A7 FF F4 BB 10 38 8F 1D 9E 0A 99 77 9D 59 A8 3F 59 9C AB 2A A7 3C E9 74 8E 3B B7 DC EC FF B6 6D D8 43 
353859,9 rx src=FPKEAECEOPE len=215 F5 32 D7 00 02 00 03 1F 8B 08 00 00 00 00 00 00 0B ED D6 41 0E 83 20 10 85 61 CA 9A D8 CC 01 DC 73 21 EF 7F 95 0A 55 1C 9F DD 90 26 90 C9 9B 7F 37 89 0B 3E 35 40 CE F7 02 59 D9 FD EE 77 BF FB DD EF 7E F7 33 FB 63 8C CC FE 58 9B BD 9E D1 29 3E FE FF 6B E9 8F D9 44 C0 57 7E B4 F4 CE 36 02 
353860,1 rx src=FPKEAECEOPE len=242 F5 32 F2 00 02 00 04 1F 8B 08 00 00 00 00 00 00 0B ED 96 5B 0E 84 20 0C 45 8B DF A6 09 0B E0 9F 0D B1 FF AD 8C D5 F1 D1 46 26 E9 8F A4 E3 3D 89 C6 2B 98 70 C0 50 6A DD 29 45 EE 74 B0 BD 35 99 54 26 A2 7E FF 18 54 C3 E8 F1 3C 0D FC E1 0F 7F F8 C3 1F FE F0 EF FB 57 FA CF A9 99 26 EB 5F 4E 
353861,4 rx src=FPKEAECEOPE len=151 F5 32 97 00 02 00 05 1F 8B 08 00 00 00 00 00 00 0B ED D6 31 0E 80 20 14 04 51 E8 C9 4F BC 05 17 E2 FE 57 31 0A 81 48 63 B9 9A 9D 29 4C 08 CD 3E 2B 6A 9D A5 AB FE 5D ED E7 BD B7 FB AF 57 37 BF 5B F8 F1 1B F3 F1 7B F3 93 B7 7E F8 D5 23 84 E1 C7 EF FC 03 F0 E3 C7 AF 5E A1 AB F5 22 5A CB 57 
353861,5 rx src=FPKEAECEOPE len=172 F5 32 AC 00 03 00 00 1F 8B 08 00 00 00 00 00 00 0B ED D4 B1 0A C3 30 0C 45 51 E9 07 BA 75 0E DA 3A F5 FF 3F AF 4E 40 E5 91 38 84 64 13 BA 77 7B E0 E5 18 63 33 B3 8F 64 6B 31 B2 65 B1 6C DB D2 D5 2E D6 99 FF 7F 01 D3 6D FB 5D 36 FC 33 BF D4 F2 FD 4B F8 F1 DF D9 C5 3A F8 9B 85 1F 3F 7E F5 
353861,7 rx src=FPKEAECEOPE len=300 F5 32 2C 01 03 00 01 1F 8B 08 00 00 00 00 00 00 0B ED 97 3B 0E C3 20 0C 40 A1 73 85 85 3A 32 44 6C B9 50 EE 7F 95 12 92 54 60 0A 78 49 24 1B 5E 26 07 06 9E 31 BF 75 CD 51 29 D6 2A E9 AC D3 BF E6 BF 58 9B 27 A0 88 3F 45 82 D8 25 AC EA BF 2C D8 BF 9B 0F 25 C9 5F 4D FF 6E FD 4B F6 2F EB 9F 
353862,5 rx src=FPKEAECEOPE len=307 F5 32 33 01 03 00 02 1F 8B 08 00 00 00 00 00 00 0B E5 D6 C1 0A 84 20 10 06 60 F5 2C C2 EC 1E A3 FB BC 90 EF FF 2A 9B B3 5A 8E 11 E1 82 0B F6 FF 10 31 D8 C1 4F 4D 65 66 E7 D2 E3 D2 8B D9 AC 46 A7 B7 9E 2C 9C ED 87 9F 0C D5 1F 3C DF CF 15 9F 89 94 DE 34 A5 A1 F7 1F 3B F7 87 08 9F 77 FE BD 
353862,7 rx src=FPKEAECEOPE len=386 F5 32 82 01 03 00 03 1F 8B 08 00 00 00 00 00 00 0B E5 96 D1 0A 85 20 0C 86 CB EB 08 56 97 11 71 EE 7C A1 DE FF 55 8E 66 DB 8E AB E0 18 14 6C FE 41 F2 9B 86 5F 9B 33 EF BD 77 CE 79 54 93 34 CF 4D A6 52 AF 46 7E E3 F7 82 7F 26 DD F3 7A 94 F3 3B 97 7A 21 5C B1 59 16 1C 77 F0 9B DE 5D EB 13 
353862,9 rx src=FPKEAECEOPE len=310 F5 32 36 01 03 00 04 1F 8B 08 00 00 00 00 00 00 0B ED 97 3D 0E C3 20 0C 46 81 0D 29 42 F2 1C 45 51 36 2E C4 FD AF 52 D7 84 1F A3 76 60 01 11 E7 55 19 BE 9A C1 8F 58 24 F1 BE 60 F0 A7 88 03 51 15 BD 79 1D 92 3A 82 F6 DE 1F 07 77 E9 CD AB 41 E2 A4 6F AC B5 DE 03 C0 EC 96 86 62 32 96 FC 67 
353863,6 rx src=FPKEAECEOPE len=113 F5 32 71 00 03 00 05 1F 8B 08 00 00 00 00 00 00 0B ED D4 C1 0D 00 20 08 C0 40 FD 1B 5C 83 FD 27 34 E0 10 3C DA 4E C0 89 21 B3 5B D4 52 3F 99 EF FE D9 7C FD FA F5 83 1F 40 BF 7E FD FA A9 C1 F9 78 FF A9 E2 6E 6A FA CB 3F 3D C5 5C CD 87 EF 3F F0 FB 9F 9E 62 2E F8 F9 FB F7 8F EE 07 7F 00 FD 
353863,7 rx src=FPKEAECEOPE len=194 F5 32 C2 00 04 00 00 1F 8B 08 00 00 00 00 00 00 0B ED D5 5B 0A C2 30 14 84 E1 C9 06 4E 38 AF 4A DE BB A1 EC 7F 2B DA D4 CB 21 B4 28 D4 5A C2 CC FF 36 B6 42 BE 56 10 00 A6 10 18 93 5F 7E F9 E5 7F FA 4B 29 28 E1 7A BF D1 EF 76 C7 B8 AD BD FF E6 99 CA F7 BB 7D 7D CC A7 A0 DF 3F B7 1F F2 CB 
353863,9 rx src=FPKEAECEOPE len=235 F5 32 EB 00 04 00 01 1F 8B 08 00 00 00 00 00 00 0B ED D8 31 0E C2 30 0C 85 E1 C2 01 12 75 4D 60 60 CB C4 6D 72 FF AB 40 A4 C6 6A 0C AD 62 AB 8A 65 C5 DF F6 DA C5 BF 44 17 52 6A DC 97 C9 24 EB 6F 48 DF 33 9A F5 5B FF 6F FF 13 F0 B6 1E B8 1F 57 50 B7 36 F6 FB B7 FE 3F FD AF 8A B9 D5 B0 7E 
353865,1 rx src=FPKEAECEOPE len=215 F5 32 D7 00 04 00 02 1F 8B 08 00 00 00 00 00 00 0B ED D6 3D 0A C3 30 0C 86 E1 56 73 70 D1 01 42 C8 E6 0B E9 FE 57 69 1D A7 B1 25 30 C1 A3 F2 E9 1D 0C 1A 1F FF 80 89 88 72 D7 FA D2 CD CE DE A2 F0 AB 0D 40 F3 67 CA D8 FE 0C 7E FE 26 44 7F 7F 01 2C 68 9D 9C BD 75 E7 7F FA 05 08 BF 0E DE 0F 
353865,3 rx src=FPKEAECEOPE len=289 F5 32 21 01 04 00 03 1F 8B 08 00 00 00 00 00 00 0B ED 96 6D 0A 83 30 0C 86 B5 7F 2D 81 1C A0 FF 7B 82 DD 24 F7 BF CA EC AA AE A9 0C 89 05 4B 96 3E E0 F0 25 4C FA A4 F1 23 C6 8C CB BF 6E DA 09 DB 71 37 2B 61 D7 DF FC E3 51 B0 E5 7F DE FF 29 04 EE 23 CD 3A 88 B1 9C 80 D2 7F 15 E2 3E D2 AC 
353866,1 rx src=FPKEAECEOPE len=283 F5 32 1B 01 04 00 04 1F 8B 08 00 00 00 00 00 00 0B ED 97 41 0A C4 20 0C 45 B5 BB 82 08 1E 40 4A 77 BD 90 F7 BF CA 8C 31 D6 54 0A 83 B3 50 42 F2 E8 E6 5B 17 BE 58 0D DD F6 7D 03 AE 82 41 8E 23 1A 4A 9F 8D F9 95 79 B0 ED 58 00 F5 87 1A B4 37 A3 BE 6C FD EB D6 5F D2 FD EB F7 1F 8B CA 2D 34 
353866,2 rx src=FPKEAECEOPE len=176 F5 32 B0 00 04 00 05 1F 8B 08 00 00 00 00 00 00 0B ED 96 BB 0D C0 20 10 43 43 6A 04 62 80 F4 2C C4 FE AB 04 04 F9 88 44 74 27 17 F6 2B 90 AE F3 33 97 88 9C 1B 1B 2D 59 FE D4 05 C8 5F FE DF 0E 8E C6 34 6F EB D9 32 A4 21 5D 7D A7 DD 81 FF FB E7 41 FE CC F6 F2 97 3F 77 01 F2 97 3F 73 01 BE 
353866,4 rx src=FPKEAECEOPE len=127 F5 32 7F 00 05 00 00 1F 8B 08 00 00 00 00 00 00 0B ED D2 31 0A C0 20 0C 40 D1 E4 04 DD 75 10 B7 DE FF 84 45 9A 45 32 89 88 84 FC B7 65 CB 0F 11 F9 BD 46 66 75 73 8E 23 7B BF D0 EF FA 5B AB 4B 73 E8 7E A1 DF FF 7F 2A D9 FB C7 05 6E 6F 00 00 00 70 9A 9A C7 E8 AC 6C CE 71 64 EF 57 FA 5D 7F 
353867,2 rx src=FPKEAECEOPE len=124 F5 32 7C 00 05 00 01 1F 8B 08 00 00 00 00 00 00 0B ED CF 31 12 80 20 0C 44 51 B8 00 F6 60 63 97 FB 9F 50 0A D1 48 97 32 B3 FF 75 3B 5B 7D B3 BF 31 46 59 CE 29 BA 4B 32 46 3F FD F4 D3 FF F0 DF DE 13 DD 19 D0 FF 66 4B F6 7B EA FD 00 00 A8 38 36 BD F7 BA 5C 53 74 D7 64 E8 A7 5F BA BF D1 EF 
353867,3 rx src=FPKEAECEOPE len=349 F5 32 5D 01 05 00 02 1F 8B 08 00 00 00 00 00 00 0B ED 97 C1 8E C2 20 10 40 87 BB 8B 65 CF 36 04 8D 49 7F A8 07 FF FF 47 44 A6 C0 76 C4 16 AC B0 A8 BC 03 C9 63 52 D3 17 DA 98 0E C3 1C 00 E8 C1 22 25 2C 3A 42 FD AD 18 42 FD BB 13 0E A5 3C 2D 3A 80 F5 C3 04 0E EE DD 81 57 49 47 94 2B 4F 91 
353867,6 rx src=FPKEAECEOPE len=505 F5 32 F9 01 05 00 03 1F 8B 08 00 00 00 00 00 00 0B ED 98 41 72 83 20 14 86 61 AD D5 78 00 C7 98 4E 66 5C F5 36 2E BA C9 2A F7 3F 43 11 1E 20 0F 10 30 13 8A 49 FE 45 87 0F 68 E4 1B 1E A6 74 9A CC 90 37 CB E4 4E DD 43 F6 B2 FC 7C D6 A8 27 52 2B 1E 44 BE 63 79 84 E4 F2 1F 44 05 7C A9 F5 58 
353869,5 rx src=FPKEAECEOPE len=234 F5 32 EA 00 05 00 04 1F 8B 08 00 00 00 00 00 00 0B ED D7 C1 0E 82 30 0C 80 E1 95 B3 99 D9 C1 23 07 6F 7D A1 BE FF AB B8 8E 08 D2 A0 32 48 36 B6 F6 3B E0 BA 78 D8 AF 86 20 0E 09 22 F2 75 40 A7 0C CE 00 20 5E C7 35 97 3B B7 06 05 DE 7B 2E DC 91 B9 25 D6 6F FD FF FA 79 03 15 F5 6F BE AF E4 
353869,7 rx src=FPKEAECEOPE len=284 F5 32 1C 01 05 00 05 1F 8B 08 00 00 00 00 00 00 0B ED 97 4B 0E 83 30 0C 05 0D DB 22 2A 1F 00 A1 EC 7C 82 DE 24 F7 BF 4A 09 B4 A5 7E FD A4 41 95 90 89 67 37 2C 50 C6 20 12 44 16 DA B6 A5 15 11 52 94 3A ED ED 3F 23 2B 4F 57 87 04 38 7D F7 AD 0B D8 99 D7 F6 04 D6 94 BA 1D BC DF FB BD 5F F7 
353869,9 rx src=FPKEAECEOPE len=5 F5 33 05 00 01 
353944,0 rx src=FPKEAECEOPE len=14 F5 03 0E 00 00 59 00 40 00 65 03 DF 00 20 
353944,0 rx src=FPKEAECEOPE len=24 F5 03 18 00 02 41 04 61 01 98 04 05 3C 11 06 ED 08 40 00 ED 0A 0F B7 00 
353944,0 rx src=FPKEAECEOPE len=6 F5 0F 06 00 02 00 
353944,0 rx src=FPKEAECEOPE len=44 F5 03 2C 00 00 59 00 40 00 65 03 DE 01 20 01 3E 01 40 00 CE 12 00 73 05 02 61 04 7A 01 97 04 07 3C 11 04 63 05 40 00 CE 0B 03 C2 01 
353944,0 rx src=FPKEAECEOPE len=44 F5 03 2C 00 00 59 00 40 00 65 03 DE 01 20 01 2F 01 40 00 B2 12 00 72 05 04 42 05 40 00 D0 0B 03 C2 01 06 ED 08 40 00 ED 0A 0E B9 00 
353954,6 rx src=FPKEAECEOPE len=24 F5 03 18 00 01 20 01 40 00 97 12 00 72 05 02 61 04 85 01 96 04 08 3B 11 
353954,6 rx src=FPKEAECEOPE len=14 F5 03 0E 00 06 ED 08 40 00 ED 0A 0E BA 00 
353954,6 rx src=FPKEAECEOPE len=24 F5 03 18 00 00 59 00 40 00 65 03 DE 01 20 04 20 05 40 00 D2 0B 03 C1 01 
353954,6 rx src=FPKEAECEOPE len=34 F5 03 22 00 01 12 01 40 00 7B 12 00 72 05 02 81 04 80 01 96 04 08 3B 11 06 DF 08 40 00 EB 0A 0D BB 01 
353954,6 rx src=FPKEAECEOPE len=24 F5 03 18 00 00 59 00 40 00 65 03 DE 01 20 04 FF 04 40 00 D3 0B 03 C0 01 
353954,6 rx src=FPKEAECEOPE len=14 F5 03 0E 00 02 A2 04 80 01 95 04 08 3B 01 
353954,6 rx src=FPKEAECEOPE len=14 F5 03 0E 00 06 C9 08 40 00 E9 0A 0D BD 01 
353954,6 rx src=FPKEAECEOPE len=34 F5 03 22 00 00 59 00 40 00 65 03 E4 09 20 01 FD 00 40 00 67 12 00 72 04 04 DE 04 40 00 D4 0B 03 C0 01 
353954,6 rx src=FPKEAECEOPE len=14 F5 03 0E 00 02 C2 04 80 01 96 04 08 3B 01 
353954,6 rx src=FPKEAECEOPE len=44 F5 03 2C 00 00 59 00 40 00 65 03 EB 0A 20 01 E5 00 40 00 56 12 00 72 04 04 BD 04 40 00 D5 0B 03 C0 01 06 AE 08 40 00 E8 0A 0D C0 01 
353954,6 rx src=FPKEAECEOPE len=24 F5 03 18 00 01 CB 00 40 00 48 12 00 72 04 02 E3 04 80 01 98 04 08 3B 01 
353954,6 rx src=FPKEAECEOPE len=14 F5 03 0E 00 04 9B 04 40 00 D6 0B 03 C0 01 
353975,5 rx src=FPKEAECEOPE len=14 F5 03 0E 00 00 59 00 40 00 65 03 0F 08 20 
353990,0 rx src=FPKEAECEOPE len=14 F5 03 0E 00 02 04 05 80 01 9A 04 08 3B 01 
354005,9 rx src=FPKEAECEOPE len=44 F5 03 2C 00 00 59 00 40 00 65 03 2B 09 20 01 AF 00 40 00 3C 12 00 72 04 04 7A 04 40 00 D7 0B 04 C1 01 06 70 08 40 00 EA 0A 0D C4 01 
354038,2 rx src=FPKEAECEOPE len=14 F5 03 0E 00 02 25 05 80 01 9D 04 09 3B 01 
354054,2 rx src=FPKEAECEOPE len=14 F5 03 0E 00 01 93 00 40 00 31 12 00 72 04 
354070,4 rx src=FPKEAECEOPE len=34 F5 03 22 00 00 59 00 40 00 65 03 2D 09 20 04 59 04 40 00 D9 0B 04 C5 01 06 4F 08 40 00 ED 0A 0D C4 01 
354104,4 rx src=FPKEAECEOPE len=14 F5 03 0E 00 02 46 05 B8 01 A1 04 0A 37 11 
354104,4 rx src=FPKEAECEOPE len=34 F5 03 22 00 00 59 00 40 00 65 03 2D 0B 20 04 38 04 40 00 DE 0B 04 CA 01 06 2E 08 40 00 EE 0A 0C BF 01 
354120,5 rx src=FPKEAECEOPE len=6 F5 02 06 00 03 00 
354127,0 rx src=FPKEAECEOPE len=6 F5 0F 06 00 02 02 
354129,8 tx hdr=0xF5 op=0x2D MOVE(x,y,z,rx,ry,state,tick) : 0,5 31 48 -0 0 b16 i299770385
354130,7 rx src=FPKEAECEOPE len=138 F5 0E 8A 00 03 00 47 00 73 6C 38 00 53 4C 38 00 00 00 01 00 00 00 17 00 62 65 72 65 74 74 61 39 32 00 42 65 72 65 74 74 61 20 39 32 00 01 00 01 00 00 00 44 00 73 68 6F 76 65 6C 00 D0 9B D0 BE D0 BF D0 B0 D1 82 D0 B0 00 02 00 01 00 00 00 45 00 62 6C 6F 63 6B 00 D0 91 D0 BB D0 BE D0 BA 00 
354130,8 rx src=FPKEAECEOPE len=13 F5 0A 0D 00 03 5C 00 01 00 35 00 C0 00 
354180,5 tx hdr=0xF5 op=0x0F slot/15 : b0
354192,3 rx src=FPKEAECEOPE len=52 F5 29 34 00 55 01 2F 58 01 2F 5B 01 2F 52 01 19 52 01 16 5C 01 35 5B 01 45 5B 01 48 08 01 3C 08 01 3F 0A 01 4C 0A 01 4F 06 01 11 06 01 14 07 01 4F 07 01 4C 
354192,4 rx src=FPKEAECEOPE len=8 F5 57 08 00 7B 00 00 00 
354196,3 rx src=FPKEAECEOPE len=34 F5 03 22 00 01 76 00 40 00 26 12 00 72 04 02 6B 05 E1 01 A6 04 0B 26 11 03 20 17 40 00 60 0D 06 C0 00 
354210,8 tx hdr=0xF5 op=0x2D MOVE(x,y,z,rx,ry,state,tick) : 92 1 53 -0 278,55 b0 i299770466
354211,1 rx src=FPKEAECEOPE len=24 F5 03 18 00 01 58 00 40 00 1B 12 00 72 04 06 0C 08 40 00 EB 0A 0C B6 01 
354211,1 rx src=FPKEAECEOPE len=24 F5 03 18 00 00 59 00 40 00 65 03 2B 0C 20 04 18 04 40 00 E6 0B 04 CF 01 
354211,1 rx src=FPKEAECEOPE len=14 F5 03 0E 00 02 91 05 FA 01 AB 04 0B 17 11 
354211,1 rx src=FPKEAECEOPE len=44 F5 03 2C 00 00 59 00 40 00 65 03 28 0D 20 01 3B 00 40 00 11 12 00 72 04 04 F9 03 40 00 F1 0B 04 D1 01 06 EE 07 40 00 E1 0A 0B A2 01 
354218,1 rx src=FPKEAECEOPE len=10 F5 3B 0A 00 20 17 40 00 60 0D 
354228,2 rx src=FPKEAECEOPE len=44 F5 03 2C 00 01 20 00 40 00 07 12 00 72 04 02 B7 05 05 02 B0 04 0B 15 11 03 20 17 40 00 60 0D 00 00 10 06 D3 07 40 00 CF 0A 0A 9A 01 
354234,6 tx hdr=0xF5 op=0x2D MOVE(x,y,z,rx,ry,state,tick) : 92,5 1 53,5 -0 281,7 b0 i299770490
354261,4 rx src=FPKEAECEOPE len=24 F5 03 18 00 00 59 00 40 00 65 03 27 0D 20 04 DA 03 40 00 F3 0B 04 D4 09 
354267,7 rx src=FPKEAECEOPE len=6 F5 0F 06 00 03 00 
354284,1 tx hdr=0xF5 op=0x2D MOVE(x,y,z,rx,ry,state,tick) : 92,5 1 53,5 -0 285,9 b0 i299770539
354295,5 rx src=FPKEAECEOPE len=34 F5 03 22 00 01 20 00 40 00 FD 11 00 72 04 02 DD 05 00 02 B6 04 0B 13 11 06 C3 07 40 00 C5 0A 0A 8F 00 
354295,5 rx src=FPKEAECEOPE len=10 F5 3B 0A 00 20 17 40 00 60 0D 
354312,3 rx src=FPKEAECEOPE len=34 F5 03 22 00 00 59 00 40 00 65 03 26 0D 20 03 20 17 40 00 60 0D 00 C6 00 04 BA 03 40 00 F2 0B 04 D8 09 
354327,0 rx src=FPKEAECEOPE len=14 F5 03 0E 00 02 03 06 EB 01 BB 04 09 0F 11 
354332,1 tx hdr=0xF5 op=0x2D MOVE(x,y,z,rx,ry,state,tick) : 92,5 1 53,5 -0 286,5 b0 i299770587
354346,8 rx src=FPKEAECEOPE len=24 F5 03 18 00 03 20 17 40 00 60 0D 00 C8 00 06 BA 07 40 00 BF 0A 0A 8C 00 
354363,3 rx src=FPKEAECEOPE len=24 F5 03 18 00 00 59 00 40 00 65 03 26 0D 20 01 20 00 40 00 EB 11 00 72 05 
354388,6 tx hdr=0xF5 op=0x2D MOVE(x,y,z,rx,ry,state,tick) : 92,5 1 53,5 -0 286,5 b0 i299770644
354388,8 rx src=FPKEAECEOPE len=24 F5 03 18 00 02 29 06 C7 01 C0 04 09 0F 11 03 20 17 40 00 60 0D 00 CB 00 
354420,2 rx src=FPKEAECEOPE len=44 F5 03 2C 00 00 59 00 40 00 65 03 26 0D 20 01 20 00 40 00 D6 11 00 72 05 04 99 03 40 00 F0 0B 03 DC 09 06 B4 07 40 00 BB 0A 0A 8B 00 
354423,6 rx src=FPKEAECEOPE len=24 F5 03 18 00 02 4F 06 94 01 C5 04 09 0F 11 03 20 17 40 00 60 0D 00 CB 00 
354436,5 tx hdr=0xF5 op=0x2D MOVE(x,y,z,rx,ry,state,tick) : 92,5 1 53,5 -0 286,5 b0 i299770692
354452,8 rx src=FPKEAECEOPE len=34 F5 03 22 00 01 20 00 40 00 BE 11 00 72 05 04 78 03 40 00 EF 0B 02 DE 09 06 B1 07 40 00 B9 0A 0A 8B 00 
354466,5 rx src=FPKEAECEOPE len=14 F5 03 0E 00 00 59 00 40 00 65 03 26 0D 20 
354481,0 tx hdr=0xF5 op=0x2D MOVE(x,y,z,rx,ry,state,tick) : 92,5 1 53,5 -0 286,5 b0 i299770736
354487,4 rx src=FPKEAECEOPE len=24 F5 03 18 00 02 75 06 54 01 CA 04 08 0E 11 03 20 17 40 00 60 0D 00 CB 00 
354510,9 rx src=FPKEAECEOPE len=24 F5 03 18 00 01 20 00 40 00 A3 11 00 72 01 04 57 03 40 00 EE 0B 02 E1 09 
354520,3 rx src=FPKEAECEOPE len=24 F5 03 18 00 00 59 00 40 00 65 03 23 0B 20 02 9B 06 14 01 CF 04 08 0E 11 
354536,5 tx hdr=0xF5 op=0x2D MOVE(x,y,z,rx,ry,state,tick) : 92,5 1 53,5 -0 286,5 b0 i299770792
354552,7 rx src=FPKEAECEOPE len=24 F5 03 18 00 03 20 17 40 00 60 0D 00 CB 00 06 AC 07 40 00 AA 0A 0A 87 01 
354569,0 rx src=FPKEAECEOPE len=24 F5 03 18 00 00 59 00 40 00 65 03 18 09 20 04 36 03 40 00 EF 0B 02 E4 09 
354586,1 tx hdr=0xF5 op=0x2D MOVE(x,y,z,rx,ry,state,tick) : 92,5 1 53,5 -0 286,5 b0 i299770841
354590,3 rx src=FPKEAECEOPE len=34 F5 03 22 00 01 20 00 40 00 87 11 00 72 01 02 C0 06 D4 00 D4 04 07 0E 11 03 20 17 40 00 60 0D 00 CB 00 
354606,9 rx src=FPKEAECEOPE len=24 F5 03 18 00 00 59 00 40 00 65 03 0E 08 20 04 15 03 40 00 F2 0B 01 E6 09 
354636,6 tx hdr=0xF5 op=0x2D MOVE(x,y,z,rx,ry,state,tick) : 92,5 1 53,5 -0 286,5 b0 i299770892
354636,9 rx src=FPKEAECEOPE len=34 F5 03 22 00 02 E6 06 94 00 D9 04 06 0D 15 03 20 17 40 00 60 0D 00 CB 00 06 A8 07 40 00 93 0A 0A 84 01 
354636,9 rx src=FPKEAECEOPE len=5 F5 04 05 00 02 
354652,3 rx src=FPKEAECEOPE len=14 F5 03 0E 00 01 24 00 40 00 6B 11 00 72 01 
354669,1 rx src=FPKEAECEOPE len=34 F5 03 22 00 00 59 00 40 00 65 03 0B 08 20 04 F4 02 40 00 F6 0B 01 E6 09 06 A4 07 40 00 77 0A 0A 84 01 
354669,1 rx src=FPKEAECEOPE len=6 F5 0F 06 00 02 00 
354688,9 tx hdr=0xF5 op=0x2D MOVE(x,y,z,rx,ry,state,tick) : 92,5 1 53,5 0,15 286,35 b0 i299770944
354689,1 rx src=FPKEAECEOPE len=24 F5 03 18 00 02 07 07 54 00 DD 04 05 0B 15 03 20 17 40 00 60 0D 00 CB 00 
354708,5 rx src=FPKEAECEOPE len=34 F5 03 22 00 01 2A 00 40 00 4E 11 00 72 01 04 D4 02 40 00 FA 0B 01 E7 09 06 A0 07 40 00 59 0A 0A 84 01 
354736,6 tx hdr=0xF5 op=0x2D MOVE(x,y,z,rx,ry,state,tick) : 92,5 1 53,5 0,75 285,45 b0 i299770992
354736,9 rx src=FPKEAECEOPE len=34 F5 03 22 00 00 59 00 40 00 65 03 0A 08 20 02 28 07 40 00 E2 04 04 09 05 03 20 17 40 00 60 0D 00 CB 00 
354768,9 rx src=FPKEAECEOPE len=44 F5 03 2C 00 00 59 00 40 00 65 03 0A 07 20 01 39 00 40 00 36 11 FF 55 01 04 B3 02 40 00 00 0C 01 E7 09 06 9C 07 40 00 39 0A 08 86 01 
354783,2 tx hdr=0xF5 op=0x2D MOVE(x,y,z,rx,ry,state,tick) : 92,5 1 53,5 1,8 281,25 b0 i299771038
354783,5 rx src=FPKEAECEOPE len=24 F5 03 18 00 02 46 07 40 00 EC 04 02 05 05 03 20 17 40 00 60 0D 00 CB 00 
354813,0 rx src=FPKEAECEOPE len=34 F5 03 22 00 00 59 00 40 00 65 03 0A 06 20 01 4E 00 40 00 25 11 FF 49 01 04 92 02 40 00 06 0C 01 EA 09 
354829,6 rx src=FPKEAECEOPE len=24 F5 03 18 00 02 62 07 40 00 FC 04 01 02 05 06 96 07 40 00 19 0A 04 89 01 
354837,6 tx hdr=0xF5 op=0x2D MOVE(x,y,z,rx,ry,state,tick) : 92,5 1 53,5 3,3 266,1 b0 i299771093
354844,7 rx src=FPKEAECEOPE len=24 F5 03 18 00 03 20 17 40 00 60 0D 00 CA 00 06 92 07 40 00 05 0A 00 8B 00 
354844,8 rx src=FPKEAECEOPE len=7 F5 04 07 00 02 06 40 
354870,7 rx src=FPKEAECEOPE len=44 F5 03 2C 00 00 59 00 40 00 65 03 0A 06 20 01 62 00 40 00 11 11 FF 46 05 02 7D 07 40 00 0E 05 00 00 05 04 73 02 40 00 0F 0C 03 F1 09 
354887,4 tx hdr=0xF5 op=0x2D MOVE(x,y,z,rx,ry,state,tick) : 92,5 1 53,5 3,3 250,05 b0 i299771142
354887,7 rx src=FPKEAECEOPE len=24 F5 03 18 00 01 6D 00 40 00 F8 10 FF 43 04 03 20 17 40 00 60 0D 01 C7 00 
354910,1 rx src=FPKEAECEOPE len=24 F5 03 18 00 00 59 00 40 00 65 03 0A 06 20 04 55 02 40 00 1D 0C 04 F7 09 
354922,1 rx src=FPKEAECEOPE len=14 F5 03 0E 00 06 90 07 40 00 FA 09 FC 8D 00 
354938,2 tx hdr=0xF5 op=0x2D MOVE(x,y,z,rx,ry,state,tick) : 92,5 1 53,5 3,3 237,15 b0 i299771193
354953,6 rx src=FPKEAECEOPE len=54 F5 03 36 00 00 59 00 40 00 65 03 0A 06 20 01 77 00 40 00 DD 10 FF 36 04 02 96 07 40 00 23 05 FF FD 05 03 20 17 40 00 60 0D 02 BD 00 04 38 02 40 00 2C 0C 05 FA 09 
354969,2 rx src=FPKEAECEOPE len=14 F5 03 0E 00 06 8F 07 40 00 F3 09 FA 8E 00 
354986,6 tx hdr=0xF5 op=0x2D MOVE(x,y,z,rx,ry,state,tick) : 92,5 1 53,5 3,45 235,95 b0 i299771242
354986,9 rx src=FPKEAECEOPE len=24 F5 03 18 00 02 AD 07 40 00 3A 05 FF FD 05 03 20 17 40 00 60 0D 02 B1 00 
354986,9 rx src=FPKEAECEOPE len=5 F5 04 05 00 02 
355006,8 rx src=FPKEAECEOPE len=44 F5 03 2C 00 00 59 00 40 00 65 03 0A 06 20 01 81 00 40 00 C1 10 FF 30 04 04 1D 02 40 00 3F 0C 05 FB 09 06 8E 07 40 00 EF 09 F9 8D 00 
355036,4 tx hdr=0xF5 op=0x2D MOVE(x,y,z,rx,ry,state,tick) : 92,5 1 53,5 4,5 235,95 b0 i299771291
355036,6 rx src=FPKEAECEOPE len=14 F5 03 0E 00 02 C3 07 40 00 52 05 FF F8 05 
355053,5 rx src=FPKEAECEOPE len=44 F5 03 2C 00 00 59 00 40 00 65 03 0A 06 20 01 8C 00 40 00 A5 10 FF 30 04 03 20 17 40 00 60 0D 02 A8 00 04 02 02 40 00 52 0C 05 FC 09 
355068,0 rx src=FPKEAECEOPE len=14 F5 03 0E 00 06 8E 07 40 00 EC 09 F9 8C 00 
355083,5 tx hdr=0xF5 op=0x2D MOVE(x,y,z,rx,ry,state,tick) : 92,5 1 53,5 5,25 235,95 b0 i299771339
355097,9 rx src=FPKEAECEOPE len=24 F5 03 18 00 02 D7 07 40 00 6C 05 FE F8 05 03 20 17 40 00 60 0D 02 A7 00 
355097,9 rx src=FPKEAECEOPE len=5 F5 04 05 00 06 
355113,4 rx src=FPKEAECEOPE len=24 F5 03 18 00 01 97 00 40 00 88 10 FF 30 04 04 E8 01 40 00 66 0C 05 FC 09 
355113,4 rx src=FPKEAECEOPE len=5 F5 04 05 00 02 
355119,3 rx src=FPKEAECEOPE len=34 F5 03 22 00 00 59 00 40 00 65 03 0A 06 20 02 EB 07 40 00 86 05 FF F8 05 06 8D 07 40 00 EB 09 F8 8B 00 
355134,8 tx hdr=0xF5 op=0x2D MOVE(x,y,z,rx,ry,state,tick) : 92,5 1 53,5 5,7 236,4 b0 i299771390
355144,5 rx src=FPKEAECEOPE len=14 F5 03 0E 00 03 20 17 40 00 60 0D 03 A7 00 
355168,3 rx src=FPKEAECEOPE len=44 F5 03 2C 00 00 59 00 40 00 65 03 0A 06 20 01 A2 00 40 00 6B 10 FF 30 04 04 CE 01 40 00 7A 0C 05 FC 09 06 8D 07 40 00 EA 09 F9 89 00 
355168,3 rx src=FPKEAECEOPE len=5 F5 04 05 00 06 
355168,4 rx src=FPKEAECEOPE len=12 F5 34 0C 00 CB 25 DE 11 2B 26 DE 11 
355186,0 tx hdr=0xF5 op=0x2D MOVE(x,y,z,rx,ry,state,tick) : 92,5 1 53,5 5,85 236,7 b0 i299771452
355186,3 rx src=FPKEAECEOPE len=34 F5 03 22 00 01 AD 00 40 00 4E 10 FF 30 04 02 FF 07 40 00 A1 05 FF F9 05 03 20 17 40 00 60 0D 03 A7 00 
355218,9 rx src=FPKEAECEOPE len=24 F5 03 18 00 00 59 00 40 00 65 03 0A 06 20 04 B4 01 40 00 8F 0C 05 FC 09 
355234,6 tx hdr=0xF5 op=0x2D MOVE(x,y,z,rx,ry,state,tick) : 92,5 1 53,5 5,85 237,6 b0 i299771501
355234,8 rx src=FPKEAECEOPE len=24 F5 03 18 00 02 13 08 40 00 BB 05 00 FB 05 03 20 17 40 00 60 0D 04 A8 00 
355250,9 rx src=FPKEAECEOPE len=24 F5 03 18 00 01 C0 00 40 00 38 10 FF 30 05 06 8D 07 40 00 EA 09 FE 82 00 
355250,9 rx src=FPKEAECEOPE len=7 F5 0B 07 00 06 02 01 
355251,7 rx src=FPKEAECEOPE len=8 F5 0C 08 00 02 06 00 01 
355257,4 rx src=FPKEAECEOPE len=10 F5 13 0A 00 06 01 0B 00 06 00 
355257,4 rx src=FPKEAECEOPE len=7 F5 04 07 00 02 06 11 
355267,1 rx src=FPKEAECEOPE len=5 F5 04 05 00 06 
355267,2 rx src=FPKEAECEOPE len=24 F5 03 18 00 00 59 00 40 00 65 03 0A 06 20 04 9A 01 40 00 A4 0C 05 FC 09 
355286,8 tx hdr=0xF5 op=0x2D MOVE(x,y,z,rx,ry,state,tick) : 92,5 1 53,5 6 238,65 b0 i299771553
355320,3 rx src=FPKEAECEOPE len=24 F5 03 18 00 02 27 08 40 00 D5 05 00 FB 05 03 20 17 40 00 60 0D 04 A8 00 
355320,4 rx src=FPKEAECEOPE len=24 F5 03 18 00 01 D6 00 40 00 25 10 FF 30 05 02 3C 08 40 00 EF 05 00 FB 05 
355336,2 tx hdr=0xF5 op=0x2D MOVE(x,y,z,rx,ry,state,tick) : 92,5 1 53,5 6,3 239,85 b0 i299771602
355336,5 rx src=FPKEAECEOPE len=34 F5 03 22 00 00 59 00 40 00 65 03 0A 06 20 03 20 17 40 00 60 0D 04 A8 00 04 80 01 40 00 B9 0C 05 FC 09 
355350,9 rx src=FPKEAECEOPE len=5 F5 04 05 00 06 
355372,2 rx src=FPKEAECEOPE len=34 F5 03 22 00 00 59 00 40 00 65 03 0A 06 20 01 EF 00 40 00 15 10 FF 30 05 04 67 01 40 00 CE 0C 04 FC 09 
355382,1 tx hdr=0xF5 op=0x2D MOVE(x,y,z,rx,ry,state,tick) : 92,5 1 53,5 6,3 240,3 b0 i299771648
355386,4 rx src=FPKEAECEOPE len=24 F5 03 18 00 02 51 08 40 00 0A 06 00 FA 05 03 20 17 40 00 60 0D 04 A9 00 
355386,4 rx src=FPKEAECEOPE len=5 F5 04 05 00 02 
355411,5 rx src=FPKEAECEOPE len=34 F5 03 22 00 00 59 00 40 00 65 03 0A 06 20 01 08 01 40 00 04 10 00 3A 05 04 4D 01 40 00 E4 0C 02 FD 09 
355436,1 tx hdr=0xF5 op=0x2D MOVE(x,y,z,rx,ry,state,tick) : 92,5 1 53,5 6,45 241,35 b0 i299771702
355436,3 rx src=FPKEAECEOPE len=24 F5 03 18 00 02 64 08 40 00 24 06 00 F9 05 03 20 17 40 00 60 0D 04 AA 00 
355452,1 rx src=FPKEAECEOPE len=14 F5 03 0E 00 01 20 01 40 00 F1 0F 00 41 05 
355452,1 rx src=FPKEAECEOPE len=5 F5 04 05 00 06 
355468,4 rx src=FPKEAECEOPE len=14 F5 03 0E 00 04 3D 01 40 00 FE 0C 01 FD 01 
355484,0 tx hdr=0xF5 op=0x2D MOVE(x,y,z,rx,ry,state,tick) : 92,5 1 53,5 6,45 242,1 b0 i299771750
355489,3 rx src=FPKEAECEOPE len=34 F5 03 22 00 00 59 00 40 00 65 03 0A 06 20 02 78 08 40 00 3F 06 00 F7 05 03 20 17 40 00 60 0D 04 AA 00 
355507,1 rx src=FPKEAECEOPE len=24 F5 03 18 00 00 59 00 40 00 65 03 0A 06 20 01 35 01 40 00 DB 0F 00 45 05 
355519,1 rx src=FPKEAECEOPE len=5 F5 04 05 00 06 
355519,2 rx src=FPKEAECEOPE len=14 F5 03 0E 00 04 33 01 40 00 1B 0D 01 FD 01 
355519,2 rx src=FPKEAECEOPE len=5 F5 04 05 00 02 
355535,2 tx hdr=0xF5 op=0x2D MOVE(x,y,z,rx,ry,state,tick) : 92,5 1 53,5 6,45 242,85 b0 i299771801
355552,0 rx src=FPKEAECEOPE len=24 F5 03 18 00 02 8A 08 40 00 5B 06 01 F6 05 03 20 17 40 00 60 0D 04 AB 00 
355569,9 rx src=FPKEAECEOPE len=24 F5 03 18 00 01 49 01 40 00 C3 0F 00 47 05 04 2C 01 40 00 3A 0D 01 FD 01 
355588,6 tx hdr=0xF5 op=0x2D MOVE(x,y,z,rx,ry,state,tick) : 92,325 1 53,417 6,3 244,5 b1 i299771855
355588,8 rx src=FPKEAECEOPE len=44 F5 03 2C 00 00 59 00 40 00 65 03 0A 06 20 01 62 01 40 00 B3 0F 00 48 01 02 9B 08 40 00 78 06 00 F3 05 03 20 17 40 00 60 0D 04 AC 00 
355609,9 rx src=FPKEAECEOPE len=24 F5 03 18 00 00 59 00 40 00 65 03 0A 06 20 04 27 01 40 00 59 0D 01 FD 01 
355609,9 rx src=FPKEAECEOPE len=5 F5 04 05 00 06 
355626,1 rx src=FPKEAECEOPE len=24 F5 03 18 00 02 AB 08 40 00 95 06 00 F1 05 03 20 17 40 00 60 0D 04 AC 00 
355637,9 tx hdr=0xF5 op=0x2D MOVE(x,y,z,rx,ry,state,tick) : 92,042 1 53,289 6,3 246,6 b1 i299771904
355654,5 rx src=FPKEAECEOPE len=5 F5 04 05 00 02 
355670,6 rx src=FPKEAECEOPE len=44 F5 03 2C 00 00 59 00 40 00 65 03 0A 06 20 01 7C 01 40 00 A6 0F 00 48 01 02 BA 08 40 00 B2 06 00 F1 05 04 23 01 40 00 7A 0D 01 FD 01 
355686,1 tx hdr=0xF5 op=0x2D MOVE(x,y,z,rx,ry,state,tick) : 91,69 1 53,147 6,75 250,2 b1 i299771952
355686,4 rx src=FPKEAECEOPE len=24 F5 03 18 00 01 99 01 40 00 9C 0F 00 48 01 03 14 17 40 00 5A 0D 04 AD 01 
355707,5 rx src=FPKEAECEOPE len=14 F5 03 0E 00 04 20 01 40 00 9A 0D 01 FD 01 
355733,4 tx hdr=0xF5 op=0x2D MOVE(x,y,z,rx,ry,state,tick) : 91,29 2 53,017 7,95 256,5 b1 i299772000
355733,7 rx src=FPKEAECEOPE len=24 F5 03 18 00 00 59 00 40 00 65 03 0A 06 20 02 C8 08 40 00 D0 06 00 F1 05 
355749,7 rx src=FPKEAECEOPE len=24 F5 03 18 00 01 B6 01 40 00 93 0F 00 48 01 03 02 17 40 00 52 0D 04 AF 01 
355768,6 rx src=FPKEAECEOPE len=34 F5 03 22 00 00 59 00 40 00 65 03 0A 06 20 02 D8 08 40 00 EE 06 01 F5 05 04 1E 01 40 00 BB 0D 01 FD 01 
355786,3 tx hdr=0xF5 op=0x2D MOVE(x,y,z,rx,ry,state,tick) : 90,859 2 52,902 8,25 259,05 b1 i299772052
355786,5 rx src=FPKEAECEOPE len=5 F5 04 05 00 02 
355786,7 rx src=FPKEAECEOPE len=14 F5 03 0E 00 03 EC 16 40 00 49 0D 04 B1 01 
355807,5 rx src=FPKEAECEOPE len=24 F5 03 18 00 01 D4 01 40 00 8B 0F 00 48 01 04 1C 01 40 00 DC 0D 01 FE 01 
355819,4 rx src=FPKEAECEOPE len=5 F5 04 05 00 04 
355852,1 tx hdr=0xF5 op=0x2D MOVE(x,y,z,rx,ry,state,tick) : 90,41 2 52,796 8,4 259,2 b1 i299772118
355852,3 rx src=FPKEAECEOPE len=34 F5 03 22 00 00 59 00 40 00 65 03 0A 06 20 02 EC 08 40 00 07 07 01 07 05 03 D2 16 80 00 41 0D 05 B6 01 
355856,2 rx src=FPKEAECEOPE len=14 F5 03 0E 00 01 F2 01 40 00 84 0F 00 48 01 
355869,8 rx src=FPKEAECEOPE len=24 F5 03 18 00 00 59 00 40 00 65 03 0A 06 20 04 1A 01 40 00 FD 0D 00 FE 01 
355886,8 tx hdr=0xF5 op=0x2D MOVE(x,y,z,rx,ry,state,tick) : 89,95 3 52,697 8,4 259,2 b1 i299772153
355890,9 rx src=FPKEAECEOPE len=24 F5 03 18 00 02 01 09 40 00 20 07 03 21 01 03 B6 16 80 00 39 0D 05 B8 01 
355906,8 rx src=FPKEAECEOPE len=34 F5 03 22 00 00 59 00 40 00 65 03 0A 06 20 01 10 02 40 00 7D 0F 00 48 01 04 19 01 40 00 11 0E FE 0E 00 
355934,5 tx hdr=0xF5 op=0x2D MOVE(x,y,z,rx,ry,state,tick) : 89,484 3 52,601 8,4 259,2 b1 i299772201
355934,8 rx src=FPKEAECEOPE len=14 F5 03 0E 00 01 2F 02 40 00 76 0F 00 48 01 
355934,8 rx src=FPKEAECEOPE len=5 F5 04 05 00 04 
355940,1 rx src=FPKEAECEOPE len=14 F5 03 0E 00 02 18 09 40 00 37 07 03 21 01 
355940,1 rx src=FPKEAECEOPE len=6 F5 0F 06 00 02 02 
355966,5 rx src=FPKEAECEOPE len=34 F5 03 22 00 00 59 00 40 00 65 03 0A 06 20 03 9A 16 80 00 32 0D 05 B8 01 04 18 01 40 00 1D 0E FE 15 00 
355983,0 tx hdr=0xF5 op=0x2D MOVE(x,y,z,rx,ry,state,tick) : 89,013 3 52,507 8,4 259,2 b1 i299772249
355999,6 rx src=FPKEAECEOPE len=24 F5 03 18 00 02 33 09 40 00 53 07 04 1F 01 03 7C 16 C0 00 2C 0D 05 B8 01 
356003,8 rx src=FPKEAECEOPE len=24 F5 03 18 00 01 4D 02 40 00 6F 0F 00 48 01 04 18 01 40 00 24 0E FF 15 00 
356031,9 tx hdr=0xF5 op=0x2D MOVE(x,y,z,rx,ry,state,tick) : 88,541 3 52,414 8,4 259,2 b1 i299772298
356032,2 rx src=FPKEAECEOPE len=34 F5 03 22 00 00 59 00 40 00 65 03 0A 06 20 02 4B 09 40 00 70 07 04 16 01 03 5E 16 C0 00 26 0D 05 B8 01 
356053,2 rx src=FPKEAECEOPE len=5 F5 04 05 00 04 
356066,0 rx src=FPKEAECEOPE len=24 F5 03 18 00 01 6C 02 40 00 69 0F 00 47 01 04 18 01 40 00 29 0E FF 15 00 
356083,0 tx hdr=0xF5 op=0x2D MOVE(x,y,z,rx,ry,state,tick) : 88,066 4 52,321 8,55 259,05 b1 i299772349
356083,2 rx src=FPKEAECEOPE len=34 F5 03 22 00 00 59 00 40 00 65 03 0A 06 20 02 5E 09 40 00 90 07 04 0D 01 03 40 16 C0 00 20 0D 05 B8 01 
356116,7 rx src=FPKEAECEOPE len=34 F5 03 22 00 00 59 00 40 00 65 03 0A 06 20 01 8B 02 40 00 63 0F FF 46 01 04 18 01 40 00 2B 0E 00 16 00 
356123,1 rx src=FPKEAECEOPE len=14 F5 03 0E 00 02 5E 09 78 00 B3 07 05 09 11 
356123,1 rx src=FPKEAECEOPE len=39 F5 01 27 00 05 50 4C 41 59 45 52 35 34 31 38 38 37 38 00 02 00 00 00 01 00 00 00 3D C8 00 00 14 01 00 00 00 00 00 00 
356132,7 rx src=FPKEAECEOPE len=13 F5 12 0D 00 05 00 00 00 00 00 00 00 00 
356132,7 rx src=FPKEAECEOPE len=10 F5 5D 0A 00 05 C9 9E 4C 00 05 
356138,8 tx hdr=0xF5 op=0x2D MOVE(x,y,z,rx,ry,state,tick) : 87,592 4 52,228 8,7 258,75 b1 i299772405
356153,3 rx src=FPKEAECEOPE len=24 F5 03 18 00 03 22 16 C0 00 1A 0D 05 B8 01 04 18 01 40 00 2D 0E 00 16 00 
356158,0 rx src=FPKEAECEOPE len=7 F5 04 07 00 04 01 41 
356169,3 rx src=FPKEAECEOPE len=24 F5 03 18 00 00 59 00 40 00 65 03 0A 06 20 01 AA 02 80 00 5E 0F FF 46 01 
356169,3 rx src=FPKEAECEOPE len=12 F5 34 0C 00 BD 29 DE 11 11 2A DE 11 
356185,1 tx hdr=0xF5 op=0x2D MOVE(x,y,z,rx,ry,state,tick) : 87,117 4 52,134 8,7 258,6 b1 i299772448
356185,3 rx src=FPKEAECEOPE len=34 F5 03 22 00 01 C9 02 80 00 59 0F FF 46 01 02 5E 09 A1 00 D5 07 05 09 11 03 04 16 00 01 14 0D 06 B8 01 
356219,1 rx src=FPKEAECEOPE len=24 F5 03 18 00 00 59 00 40 00 65 03 0A 06 20 04 18 01 40 00 2E 0E 00 16 00 
356235,4 tx hdr=0xF5 op=0x2D MOVE(x,y,z,rx,ry,state,tick) : 86,641 4 52,039 8,7 258,6 b1 i299772499
356252,0 rx src=FPKEAECEOPE len=34 F5 03 22 00 01 E8 02 C0 00 54 0F FF 46 01 02 5E 09 BA 00 D5 07 05 06 11 03 E5 15 00 01 0E 0D 06 B7 01 
356268,7 rx src=FPKEAECEOPE len=24 F5 03 18 00 00 59 00 40 00 65 03 0A 06 20 04 18 01 40 00 2E 0E 00 15 00 
356285,4 tx hdr=0xF5 op=0x2D MOVE(x,y,z,rx,ry,state,tick) : 86,166 4 51,945 8,7 259,05 b1 i299772549
356285,7 rx src=FPKEAECEOPE len=34 F5 03 22 00 01 07 03 C0 00 4F 0F FF 46 01 02 5E 09 C5 00 D5 07 06 00 11 03 C7 15 00 01 08 0D 06 B7 01 
356285,7 rx src=FPKEAECEOPE len=5 F5 04 05 00 04 
356309,0 rx src=FPKEAECEOPE len=14 F5 03 0E 00 04 18 01 40 00 2E 0E 00 15 00 
356322,8 rx src=FPKEAECEOPE len=14 F5 03 0E 00 00 5B 00 40 00 65 03 0A 06 21 
356338,7 tx hdr=0xF5 op=0x2D MOVE(x,y,z,rx,ry,state,tick) : 85,723 4 52,002 8,55 261 b5 i299772602
356354,5 rx src=FPKEAECEOPE len=34 F5 03 22 00 01 26 03 C0 00 4A 0F FF 46 01 02 5E 09 C0 00 F7 07 06 FF 11 03 A9 15 00 01 02 0D 06 B7 01 
356369,2 rx src=FPKEAECEOPE len=34 F5 03 22 00 00 5C 00 40 00 65 03 0A 06 21 02 5E 09 C0 00 19 08 06 FF 01 04 18 01 40 00 2E 0E 02 22 00 
356388,4 tx hdr=0xF5 op=0x2D MOVE(x,y,z,rx,ry,state,tick) : 85,304 4 52,155 8,25 262,5 b5 i299772652
356388,7 rx src=FPKEAECEOPE len=14 F5 03 0E 00 03 8A 15 00 01 FC 0C 06 B8 01 
356388,7 rx src=FPKEAECEOPE len=7 F5 04 07 00 04 01 21 
356406,8 rx src=FPKEAECEOPE len=34 F5 03 22 00 00 5E 00 40 00 65 03 0A 06 21 01 45 03 C0 00 45 0F FF 46 01 04 18 01 40 00 2E 0E 02 22 00 
356424,4 rx src=FPKEAECEOPE len=14 F5 03 0E 00 02 5E 09 F8 00 19 08 06 FF 11 
356430,0 tx hdr=0xF5 op=0x2D MOVE(x,y,z,rx,ry,state,tick) : 84,901 4 52,368 8,1 263,55 b5 i299772693
356461,1 rx src=FPKEAECEOPE len=24 F5 03 18 00 01 64 03 C0 00 40 0F FF 46 01 03 6E 15 00 01 00 0D 06 B9 05 
356461,1 rx src=FPKEAECEOPE len=14 F5 03 0E 00 04 18 01 40 00 2E 0E 02 24 00 
356469,2 tx hdr=0xF5 op=0x06 int3/6 : s81 s6 s51
356469,4 tx hdr=0xF5 op=0x04 HIT_REPORT(pos,seq,hits[]) :
356485,2 tx hdr=0xF5 op=0x2D MOVE(x,y,z,rx,ry,state,tick) : 84,48 4 52,569 0,777 247,393 b5 i299772748
356485,4 rx src=FPKEAECEOPE len=24 F5 03 18 00 00 61 00 40 00 65 03 0A 06 21 02 5E 09 21 01 19 08 06 FE 11 
356502,7 rx src=FPKEAECEOPE len=7 F5 04 07 00 04 01 20 
356508,1 rx src=FPKEAECEOPE len=24 F5 03 18 00 01 83 03 00 01 3C 0F FF 46 01 03 53 15 00 01 09 0D 05 BA 05 
356535,0 tx hdr=0xF5 op=0x2D MOVE(x,y,z,rx,ry,state,tick) : 84,048 4 52,766 0,141 247,993 b5 i299772798
356535,2 rx src=FPKEAECEOPE len=44 F5 03 2C 00 00 64 00 40 00 65 03 0A 06 21 02 5E 09 3A 01 19 08 06 FD 11 03 39 15 00 01 17 0D 05 BB 05 04 18 01 40 00 2E 0E 02 26 00 
356549,8 rx src=FPKEAECEOPE len=14 F5 03 0E 00 01 A2 03 00 01 37 0F FF 46 01 
356566,0 rx src=FPKEAECEOPE len=34 F5 03 22 00 00 64 00 40 00 65 03 0A 06 21 02 5E 09 45 01 19 08 06 FD 11 04 18 01 40 00 2E 0E 01 27 00 
356566,0 rx src=FPKEAECEOPE len=5 F5 04 05 00 03 
356583,5 tx hdr=0xF5 op=0x2D MOVE(x,y,z,rx,ry,state,tick) : 83,611 4 52,961 359,797 248,443 b5 i299772847
356587,8 rx src=FPKEAECEOPE len=14 F5 03 0E 00 03 1E 15 00 01 24 0D 00 AF 05 
356603,8 rx src=FPKEAECEOPE len=24 F5 03 18 00 01 C1 03 00 01 32 0F FF 45 01 04 18 01 40 00 2E 0E 01 27 00 
356620,0 rx src=FPKEAECEOPE len=5 F5 04 05 00 04 
356620,0 rx src=FPKEAECEOPE len=14 F5 03 0E 00 00 64 00 40 00 65 03 0A 06 21 
356632,3 tx hdr=0xF5 op=0x2D MOVE(x,y,z,rx,ry,state,tick) : 83,171 4 53,155 359,913 248,443 b5 i299772896
356649,4 rx src=FPKEAECEOPE len=34 F5 03 22 00 01 DD 03 00 01 37 0F FF 45 09 02 67 09 40 01 3D 08 07 FD 11 03 03 15 00 01 31 0D 00 B0 05 
356669,7 rx src=FPKEAECEOPE len=24 F5 03 18 00 00 65 00 40 00 65 03 0A 06 20 04 18 01 40 00 2E 0E 01 27 00 
356684,4 tx hdr=0xF5 op=0x2D MOVE(x,y,z,rx,ry,state,tick) : 82,729 4 53,349 359,735 248,593 b5 i299772948
356687,8 rx src=FPKEAECEOPE len=24 F5 03 18 00 02 70 09 40 01 61 08 08 FE 01 03 E7 14 00 01 3D 0D FF B0 05 
356713,8 rx src=FPKEAECEOPE len=14 F5 03 0E 00 04 18 01 40 00 2E 0E 01 27 00 
356713,9 rx src=FPKEAECEOPE len=6 F5 02 06 00 05 01 
356719,8 rx src=FPKEAECEOPE len=141 F5 0E 8D 00 05 00 01 00 61 6B 34 37 00 D0 90 D0 9A 2D 34 37 00 00 02 52 00 00 00 3F 00 75 73 70 00 55 53 50 00 01 00 01 00 00 00 6A 00 6B 61 72 61 6D 62 69 74 5F 67 6F 6C 64 00 D0 9A D0 B5 D1 80 D0 B0 D0 BC D0 B1 D0 B8 D1 82 00 02 00 02 00 00 00 45 00 62 6C 6F 63 6B 00 D0 91 D0 BB D0 BE 
356719,9 rx src=FPKEAECEOPE len=13 F5 0A 0D 00 05 08 00 01 00 3C 00 40 00 
356746,2 tx hdr=0xF5 op=0x2D MOVE(x,y,z,rx,ry,state,tick) : 82,729 4 53,544 359,777 248,743 b5 i299773009
356746,5 rx src=FPKEAECEOPE len=44 F5 03 2C 00 00 65 00 40 00 65 03 0A 06 20 01 F8 03 40 01 41 0F FF 45 09 02 76 09 40 01 86 08 09 02 01 05 20 02 40 00 20 0F FD 40 08 
356746,5 rx src=FPKEAECEOPE len=5 F5 04 05 00 04 
356746,6 rx src=FPKEAECEOPE len=24 F5 03 18 00 01 13 04 40 01 4F 0F FF 45 09 03 CA 14 00 01 49 0D FF B0 05 
356766,7 rx src=FPKEAECEOPE len=24 F5 03 18 00 00 65 00 40 00 65 03 0A 06 24 04 18 01 40 00 2E 0E 00 27 00 
356781,8 tx hdr=0xF5 op=0x2D MOVE(x,y,z,rx,ry,state,tick) : 82,729 4 53,739 359,896 248,743 b5 i299773045
356791,6 rx src=FPKEAECEOPE len=24 F5 03 18 00 02 7C 09 40 01 AB 08 09 06 01 03 AE 14 00 01 56 0D FF B0 05 
356811,3 rx src=FPKEAECEOPE len=24 F5 03 18 00 00 65 00 40 00 66 03 0A 06 24 04 18 01 40 00 2E 0E FC 2A 00 
356836,5 tx hdr=0xF5 op=0x2D MOVE(x,y,z,rx,ry,state,tick) : 82,729 4 53,785 359,767 248,743 b1 i299773100
356836,8 rx src=FPKEAECEOPE len=24 F5 03 18 00 01 2C 04 40 01 5F 0F 00 45 09 02 83 09 40 01 D1 08 09 09 01 
356851,4 rx src=FPKEAECEOPE len=14 F5 03 0E 00 03 AE 14 00 01 62 0D FF B0 05 
356856,2 rx src=FPKEAECEOPE len=5 F5 04 05 00 04 
356869,4 tx hdr=0xF5 op=0x04 HIT_REPORT(pos,seq,hits[]) : 82,73 6,39 53,762 i299773133 b2 b1 38,2 6,974 34,431
356869,8 rx src=FPKEAECEOPE len=24 F5 03 18 00 00 65 00 40 00 65 03 0A 06 24 04 18 01 40 00 2E 0E FA 2A 00 
356884,8 tx hdr=0xF5 op=0x2D MOVE(x,y,z,rx,ry,state,tick) : 82,729 4 53,737 358,928 246,689 b1 i299773148
356889,3 rx src=FPKEAECEOPE len=34 F5 03 22 00 01 46 04 40 01 70 0F 00 45 09 02 8B 09 40 01 F6 08 09 09 01 03 AE 14 00 01 6F 0D FF B0 05 
356905,3 rx src=FPKEAECEOPE len=14 F5 03 0E 00 04 18 01 40 00 2E 0E F8 2D 00 
356921,7 rx src=FPKEAECEOPE len=34 F5 03 22 00 00 65 00 40 00 63 03 0A 06 24 01 5F 04 40 01 82 0F 01 46 09 02 93 09 78 01 1B 09 09 09 11 
356931,4 tx hdr=0xF5 op=0x2D MOVE(x,y,z,rx,ry,state,tick) : 82,462 4 53,707 358,433 247,234 b0 i299773195
356946,4 rx src=FPKEAECEOPE len=14 F5 03 0E 00 03 AE 14 00 01 72 0D FF B0 01 
356963,3 rx src=FPKEAECEOPE len=7 F5 04 07 00 03 02 21 
356963,3 rx src=FPKEAECEOPE len=5 F5 04 05 00 04 
356979,4 rx src=FPKEAECEOPE len=34 F5 03 22 00 00 65 00 40 00 61 03 0A 06 24 01 79 04 80 01 93 0F 01 48 09 02 9C 09 A1 01 41 09 09 11 11 
356983,8 tx hdr=0xF5 op=0x2D MOVE(x,y,z,rx,ry,state,tick) : 82,462 4 53,69 357,815 247,741 b0 i299773247
356992,4 rx src=FPKEAECEOPE len=24 F5 03 18 00 03 AE 14 00 01 6F 0D FF AF 01 04 18 01 40 00 2E 0E F8 2E 00 
357013,1 rx src=FPKEAECEOPE len=24 F5 03 18 00 00 65 00 40 00 5F 03 0A 06 24 04 18 01 40 00 2E 0E F9 30 00 
357035,6 tx hdr=0xF5 op=0x2D MOVE(x,y,z,rx,ry,state,tick) : 82,462 4 53,679 357,455 248,423 b0 i299773299
357035,8 rx src=FPKEAECEOPE len=34 F5 03 22 00 01 93 04 80 01 A4 0F 02 4A 09 02 A4 09 BA 01 66 09 09 30 11 03 9D 14 00 01 6D 0D FE AF 00 
357066,5 rx src=FPKEAECEOPE len=14 F5 03 0E 00 01 AE 04 80 01 B4 0F 02 4B 09 
357082,3 tx hdr=0xF5 op=0x2D MOVE(x,y,z,rx,ry,state,tick) : 82,404 4 53,673 357,227 248,97 b0 i299773345
357082,5 rx src=FPKEAECEOPE len=7 F5 04 07 00 04 01 10 
357086,4 rx src=FPKEAECEOPE len=34 F5 03 22 00 00 65 00 40 00 5C 03 0A 06 24 02 AC 09 C5 01 8C 09 09 3D 11 03 9D 14 00 01 6C 0D FE B0 00 
357102,8 tx hdr=0xF5 op=0x04 HIT_REPORT(pos,seq,hits[]) : 82,44 6,402 53,678 i299773366 b2 b1 38,768 8,703 37,203
357112,4 rx src=FPKEAECEOPE len=14 F5 03 0E 00 04 18 01 40 00 2E 0E F9 31 00 
357125,8 rx src=FPKEAECEOPE len=44 F5 03 2C 00 00 65 00 40 00 5A 03 0A 06 24 01 CA 04 80 01 BA 0F 03 4B 01 02 B4 09 C0 01 B1 09 09 3E 11 04 18 01 40 00 2E 0E F9 32 00 
357131,2 tx hdr=0xF5 op=0x2D MOVE(x,y,z,rx,ry,state,tick) : 82,404 4 53,669 356,599 249,596 b0 i299773394
357146,2 rx src=FPKEAECEOPE len=14 F5 03 0E 00 03 9D 14 00 01 6B 0D FE B0 00 
357168,5 rx src=FPKEAECEOPE len=34 F5 03 22 00 00 65 00 40 00 5A 03 0A 06 28 01 DB 04 80 01 BE 0F 03 4C 00 04 18 01 40 00 2E 0E F9 32 00 
357168,5 rx src=FPKEAECEOPE len=12 F5 34 0C 00 A1 2D DE 11 F5 2D DE 11 
357184,4 tx hdr=0xF5 op=0x2D MOVE(x,y,z,rx,ry,state,tick) : 82,404 4 53,667 356,065 250,211 b0 i299773444
357184,6 rx src=FPKEAECEOPE len=24 F5 03 18 00 02 BD 09 AB 01 D6 09 09 3E 11 03 99 14 00 01 6B 0D FE B1 00 
357184,6 rx src=FPKEAECEOPE len=7 F5 0B 07 00 02 03 01 
357184,9 rx src=FPKEAECEOPE len=8 F5 0C 08 00 03 02 00 01 
357191,4 rx src=FPKEAECEOPE len=10 F5 13 0A 00 02 01 01 00 00 00 
357191,4 rx src=FPKEAECEOPE len=10 F5 13 0A 00 03 00 01 00 0D 00 
357191,4 rx src=FPKEAECEOPE len=6 F5 15 06 00 01 0D 
357191,5 rx src=FPKEAECEOPE len=7 F5 04 07 00 03 02 11 
357207,5 rx src=FPKEAECEOPE len=14 F5 03 0E 00 01 E5 04 80 01 C0 0F 03 4C 00 
357207,5 rx src=FPKEAECEOPE len=5 F5 04 05 00 04 
357222,2 rx src=FPKEAECEOPE len=34 F5 03 22 00 00 60 00 40 00 5A 03 0A 06 28 03 99 14 00 01 6A 0D FD B1 00 04 18 01 40 00 2E 0E F9 32 00 
357237,8 tx hdr=0xF5 op=0x2D MOVE(x,y,z,rx,ry,state,tick) : 82,404 4 53,666 356,104 250,211 b0 i299773498
357254,1 rx src=FPKEAECEOPE len=14 F5 03 0E 00 01 EB 04 80 01 C2 0F 04 50 00 
357254,1 rx src=FPKEAECEOPE len=6 F5 0F 06 00 05 00 
357254,1 rx src=FPKEAECEOPE len=13 F5 0A 0D 00 06 5B 00 01 00 45 00 C0 00 
357270,5 rx src=FPKEAECEOPE len=44 F5 03 2C 00 00 60 00 40 00 5C 03 0A 06 28 04 18 01 40 00 2E 0E F8 32 00 05 20 02 40 00 20 0F 19 40 00 06 E0 16 40 00 60 11 FE C0 00 
357286,2 tx hdr=0xF5 op=0x2D MOVE(x,y,z,rx,ry,state,tick) : 82,404 4 53,666 356,385 250,211 b0 i299773546
357290,2 rx src=FPKEAECEOPE len=14 F5 03 0E 00 03 99 14 00 01 6A 0D FD B1 00 
357317,5 rx src=FPKEAECEOPE len=24 F5 03 18 00 01 EB 04 80 01 B6 0F 10 8C 01 04 18 01 40 00 2E 0E F8 32 00 
357321,2 rx src=FPKEAECEOPE len=5 F5 04 05 00 04 
357321,3 rx src=FPKEAECEOPE len=24 F5 03 18 00 00 60 00 40 00 5E 03 0A 06 28 05 20 02 40 00 20 0F 19 40 00 
357331,7 tx hdr=0xF5 op=0x2D MOVE(x,y,z,rx,ry,state,tick) : 82,404 4 53,666 356,653 250,211 b0 i299773592
357347,7 rx src=FPKEAECEOPE len=14 F5 03 0E 00 03 99 14 00 01 6A 0D FD B1 00 
357362,6 rx src=FPKEAECEOPE len=34 F5 03 22 00 00 60 00 40 00 60 03 0A 06 28 01 E5 04 80 01 BB 0F 1F ED 01 04 18 01 40 00 2E 0E F7 32 00 
357383,0 tx hdr=0xF5 op=0x2D MOVE(x,y,z,rx,ry,state,tick) : 82,404 4 53,666 356,944 250,211 b0 i299773643
357395,1 rx src=FPKEAECEOPE len=34 F5 03 22 00 01 E2 04 80 01 BE 0F 29 37 00 03 99 14 00 01 6A 0D FD B1 00 05 20 02 40 00 20 0F 19 40 00 
357409,0 rx src=FPKEAECEOPE len=14 F5 03 0E 00 04 18 01 40 00 2E 0E F6 31 00 
357429,4 tx hdr=0xF5 op=0x2D MOVE(x,y,z,rx,ry,state,tick) : 82,404 4 53,666 357,055 250,211 b0 i299773689
357438,2 rx src=FPKEAECEOPE len=34 F5 03 22 00 00 60 00 40 00 63 03 0A 06 28 03 99 14 00 01 6A 0D FD B1 00 05 20 02 40 00 20 0F 19 40 00 
357438,2 rx src=FPKEAECEOPE len=5 F5 04 05 00 04 
357471,3 rx src=FPKEAECEOPE len=34 F5 03 22 00 01 E0 04 80 01 BF 0F 2F 67 00 04 18 01 40 00 2E 0E F5 31 00 05 20 02 40 00 20 0F 19 40 00 
357481,9 tx hdr=0xF5 op=0x2D MOVE(x,y,z,rx,ry,state,tick) : 82,404 4 53,666 357,076 250,211 b0 i299773742
357486,0 rx src=FPKEAECEOPE len=34 F5 03 22 00 00 60 00 40 00 66 03 0A 06 28 01 DF 04 80 01 C0 0F 2F 68 00 03 99 14 00 01 6A 0D FD B1 00 
357511,6 rx src=FPKEAECEOPE len=14 F5 03 0E 00 04 18 01 40 00 2E 0E F5 31 00 
357528,3 rx src=FPKEAECEOPE len=34 F5 03 22 00 00 60 00 40 00 66 03 0A 06 28 03 99 14 00 01 6A 0D FD B1 00 05 20 02 40 00 20 0F 19 40 00 
357531,8 tx hdr=0xF5 op=0x2D MOVE(x,y,z,rx,ry,state,tick) : 82,404 4 53,666 357,096 250,211 b0 i299773792
357543,2 rx src=FPKEAECEOPE len=7 F5 0B 07 00 01 04 00 
357543,7 rx src=FPKEAECEOPE len=8 F5 0C 08 00 04 01 00 00 
357547,9 rx src=FPKEAECEOPE len=10 F5 13 0A 00 01 01 02 00 00 00 
357547,9 rx src=FPKEAECEOPE len=10 F5 13 0A 00 04 00 0D 00 39 00 
357547,9 rx src=FPKEAECEOPE len=7 F5 04 07 00 04 01 10 
357564,4 rx src=FPKEAECEOPE len=34 F5 03 22 00 00 60 00 40 00 66 03 0A 06 20 04 18 01 40 00 2E 0E F5 31 00 05 20 02 40 00 20 0F 19 40 00 
357582,4 tx hdr=0xF5 op=0x2D MOVE(x,y,z,rx,ry,state,tick) : 82,404 4 53,666 357,116 250,211 b0 i299773842
357595,3 rx src=FPKEAECEOPE len=14 F5 03 0E 00 03 99 14 00 01 6A 0D FD B1 00 
357611,2 rx src=FPKEAECEOPE len=14 F5 03 0E 00 04 18 01 40 00 2E 0E F5 31 00 
357632,2 tx hdr=0xF5 op=0x2D MOVE(x,y,z,rx,ry,state,tick) : 82,404 4 53,666 358,474 253,961 b0 i299773892
357632,5 rx src=FPKEAECEOPE len=34 F5 03 22 00 00 5A 00 40 00 66 03 0A 06 20 03 99 14 00 01 6A 0D FD B1 00 05 20 02 40 00 20 0F 19 40 00 
357645,7 rx src=FPKEAECEOPE len=6 F5 0F 06 00 06 00 
357649,4 rx src=FPKEAECEOPE len=5 F5 04 05 00 04 
357666,0 rx src=FPKEAECEOPE len=44 F5 03 2C 00 00 5A 00 40 00 66 03 0A 06 20 04 18 01 40 00 2E 0E F5 31 00 05 20 02 40 00 20 0F 19 40 00 06 E0 16 40 00 60 11 04 BF 00 
357682,6 tx hdr=0xF5 op=0x2D MOVE(x,y,z,rx,ry,state,tick) : 82,404 4 53,666 359,974 260,711 b0 i299773943
357694,4 rx src=FPKEAECEOPE len=14 F5 03 0E 00 03 99 14 00 01 6A 0D FD B1 00 
357708,3 rx src=FPKEAECEOPE len=14 F5 03 0E 00 04 18 01 40 00 2E 0E F5 31 00 
357740,5 tx hdr=0xF5 op=0x2D MOVE(x,y,z,rx,ry,state,tick) : 82,404 4 53,666 1,024 265,811 b0 i299774001
357741,0 rx src=FPKEAECEOPE len=44 F5 03 2C 00 00 5A 00 40 00 66 03 0A 06 20 03 99 14 00 01 6A 0D FE B4 00 05 20 02 40 00 20 0F 19 40 00 06 E0 16 40 00 60 11 04 BF 00 
357771,6 rx src=FPKEAECEOPE len=34 F5 03 22 00 04 18 01 40 00 2E 0E F5 31 00 05 20 02 40 00 20 0F 19 40 00 06 E0 16 40 00 60 11 04 BF 00 
357771,6 rx src=FPKEAECEOPE len=5 F5 04 05 00 04 
357786,8 tx hdr=0xF5 op=0x2D MOVE(x,y,z,rx,ry,state,tick) : 82,404 4 53,666 1,624 268,961 b0 i299774047
357787,0 rx src=FPKEAECEOPE len=24 F5 03 18 00 00 5A 00 40 00 66 03 0A 06 20 03 99 14 00 01 6A 0D FF B9 00 
357812,1 rx src=FPKEAECEOPE len=14 F5 03 0E 00 04 18 01 40 00 2E 0E F5 31 00 
357828,9 rx src=FPKEAECEOPE len=24 F5 03 18 00 00 5A 00 40 00 66 03 0A 06 20 05 20 02 40 00 20 0F 18 40 00 
357833,4 tx hdr=0xF5 op=0x2D MOVE(x,y,z,rx,ry,state,tick) : 82,404 4 53,666 1,624 272,561 b0 i299774093
357851,4 rx src=FPKEAECEOPE len=34 F5 03 22 00 03 99 14 00 01 6A 0D 00 BD 00 04 18 01 40 00 2E 0E F5 31 00 06 E0 16 40 00 60 11 04 BF 00 
357880,4 tx hdr=0xF5 op=0x2D MOVE(x,y,z,rx,ry,state,tick) : 82,404 4 53,666 1,624 275,561 b0 i299774140
357885,4 rx src=FPKEAECEOPE len=44 F5 03 2C 00 00 5A 00 40 00 66 03 0A 06 20 03 99 14 00 01 6A 0D 01 BF 00 05 20 02 40 00 20 0F 15 41 00 06 E0 16 40 00 60 11 04 BF 00 
357885,4 rx src=FPKEAECEOPE len=5 F5 04 05 00 04 
357913,4 rx src=FPKEAECEOPE len=14 F5 03 0E 00 04 18 01 40 00 2E 0E F5 31 00 
357932,2 tx hdr=0xF5 op=0x2D MOVE(x,y,z,rx,ry,state,tick) : 82,404 4 53,475 1,474 280,061 b8 i299774192
357932,5 rx src=FPKEAECEOPE len=44 F5 03 2C 00 00 5A 00 40 00 66 03 0A 06 20 03 99 14 00 01 6A 0D 01 C1 00 05 20 02 40 00 20 0F 0A 44 00 06 E0 16 40 00 60 11 04 BF 00 
357932,5 rx src=FPKEAECEOPE len=10 F5 14 0A 00 18 00 1D 00 0F 00 
357965,8 rx src=FPKEAECEOPE len=44 F5 03 2C 00 00 5A 00 40 00 66 03 0A 06 20 04 18 01 40 00 2E 0E F5 31 00 05 20 02 40 00 20 0F 05 45 00 06 E0 16 40 00 60 11 04 BF 00 
357979,4 tx hdr=0xF5 op=0x2D MOVE(x,y,z,rx,ry,state,tick) : 82,404 4 53,17 1,174 280,961 b8 i299774239
357995,3 rx src=FPKEAECEOPE len=14 F5 03 0E 00 03 99 14 00 01 6A 0D 01 C3 00 
357999,9 rx src=FPKEAECEOPE len=5 F5 04 05 00 04 
358028,8 rx src=FPKEAECEOPE len=54 F5 03 36 00 00 5A 00 40 00 66 03 0A 06 20 03 99 14 00 01 5E 0D 01 C7 08 04 18 01 40 00 2E 0E F5 31 00 05 20 02 40 00 20 0F 04 46 00 06 E0 16 40 00 60 11 04 BF 00 
358035,1 tx hdr=0xF5 op=0x2D MOVE(x,y,z,rx,ry,state,tick) : 82,404 4 52,987 0,874 281,861 b0 i299774295
358063,6 rx src=FPKEAECEOPE len=14 F5 03 0E 00 04 18 01 40 00 2E 0E F5 31 00 
358080,6 tx hdr=0xF5 op=0x2D MOVE(x,y,z,rx,ry,state,tick) : 82,404 4 52,877 0,574 282,311 b0 i299774341
358096,6 rx src=FPKEAECEOPE len=44 F5 03 2C 00 00 5A 00 40 00 66 03 0A 06 20 03 99 14 00 01 4A 0D 00 C7 08 05 20 02 40 00 20 0F 04 46 00 06 E0 16 40 00 60 11 03 BF 00 
358111,3 rx src=FPKEAECEOPE len=14 F5 03 0E 00 04 18 01 40 00 2E 0E F5 31 00 
358111,3 rx src=FPKEAECEOPE len=5 F5 04 05 00 04 
358130,9 tx hdr=0xF5 op=0x2D MOVE(x,y,z,rx,ry,state,tick) : 82,404 4 52,811 0,574 282,311 b0 i299774391
358131,2 rx src=FPKEAECEOPE len=24 F5 03 18 00 03 99 14 00 01 3F 0D 00 C8 00 06 E0 16 40 00 60 11 03 BF 00 
358144,4 rx src=FPKEAECEOPE len=24 F5 03 18 00 00 5A 00 40 00 66 03 0A 06 20 05 20 02 40 00 20 0F 03 47 00 
358164,2 rx src=FPKEAECEOPE len=34 F5 03 22 00 04 18 01 40 00 2E 0E F5 31 00 05 20 02 40 00 20 0F 03 48 00 06 E0 16 40 00 60 11 03 BF 00 
358164,2 rx src=FPKEAECEOPE len=12 F5 34 0C 00 85 31 DE 11 DD 31 DE 11 
358180,7 tx hdr=0xF5 op=0x2D MOVE(x,y,z,rx,ry,state,tick) : 82,404 4 52,771 0,574 282,311 b0 i299774445
358194,6 rx src=FPKEAECEOPE len=24 F5 03 18 00 00 5A 00 40 00 66 03 0A 06 20 03 99 14 00 01 38 0D 00 C8 00 
358210,1 rx src=FPKEAECEOPE len=14 F5 03 0E 00 04 18 01 40 00 2E 0E F5 31 00 
358230,7 tx hdr=0xF5 op=0x2D MOVE(x,y,z,rx,ry,state,tick) : 82,404 4 52,747 0,424 282,311 b0 i299774495
358231,0 rx src=FPKEAECEOPE len=44 F5 03 2C 00 00 5A 00 40 00 66 03 0A 06 20 03 99 14 00 01 33 0D 00 C8 00 05 1D 02 40 00 13 0F 03 48 04 06 E0 16 40 00 60 11 03 BF 00 
358245,7 rx src=FPKEAECEOPE len=14 F5 03 0E 00 04 18 01 40 00 2E 0E F5 31 00 
358265,2 rx src=FPKEAECEOPE len=14 F5 03 0E 00 05 19 02 40 00 FF 0E 02 48 04 
358279,6 tx hdr=0xF5 op=0x2D MOVE(x,y,z,rx,ry,state,tick) : 82,401 4 52,733 359,974 281,711 b0 i299774544
358295,5 rx src=FPKEAECEOPE len=34 F5 03 22 00 00 5A 00 40 00 66 03 0A 06 20 03 99 14 00 01 31 0D 00 C8 00 06 E0 16 40 00 60 11 03 BA 00 
358311,3 rx src=FPKEAECEOPE len=14 F5 03 0E 00 04 18 01 40 00 2E 0E F5 31 00 
358331,8 tx hdr=0xF5 op=0x2D MOVE(x,y,z,rx,ry,state,tick) : 82,401 4 52,733 359,674 281,111 b0 i299774596
358332,0 rx src=FPKEAECEOPE len=44 F5 03 2C 00 00 5A 00 40 00 66 03 0A 06 20 03 99 14 00 01 2F 0D 00 C8 00 05 16 02 40 00 F3 0E 00 45 00 06 E0 16 40 00 60 11 03 B1 00 
358378,4 rx src=FPKEAECEOPE len=34 F5 03 22 00 04 18 01 40 00 2E 0E F5 31 00 05 15 02 40 00 EC 0E FD 40 00 06 E0 16 40 00 60 11 02 A7 00 
358381,7 tx hdr=0xF5 op=0x2D MOVE(x,y,z,rx,ry,state,tick) : 82,401 4 52,887 359,374 280,211 b5 i299774646
358393,5 rx src=FPKEAECEOPE len=24 F5 03 18 00 00 5A 00 40 00 66 03 0A 06 20 03 99 14 00 01 2E 0D FF C8 00 
358411,3 rx src=FPKEAECEOPE len=14 F5 03 0E 00 04 18 01 40 00 2E 0E F5 30 00 
358427,6 rx src=FPKEAECEOPE len=44 F5 03 2C 00 00 5A 00 40 00 66 03 0A 06 20 03 99 14 00 01 2E 0D FF C7 00 05 14 02 40 00 E7 0E FA 3D 00 06 E0 16 40 00 60 11 01 A6 00 
358430,8 tx hdr=0xF5 op=0x2D MOVE(x,y,z,rx,ry,state,tick) : 82,401 4 53,138 359,224 279,461 b5 i299774695
358465,8 rx src=FPKEAECEOPE len=14 F5 03 0E 00 04 18 01 40 00 2E 0E F8 2F 00 
358482,7 tx hdr=0xF5 op=0x2D MOVE(x,y,z,rx,ry,state,tick) : 82,401 4 53,288 359,224 278,111 b0 i299774747
358494,6 rx src=FPKEAECEOPE len=44 F5 03 2C 00 00 5A 00 40 00 66 03 0A 06 20 03 99 14 00 01 38 0D FF C7 05 05 13 02 40 00 E5 0E F9 3C 00 06 E0 16 40 00 60 11 01 A6 00 
358510,3 rx src=FPKEAECEOPE len=14 F5 03 0E 00 04 18 01 40 00 2E 0E F9 2E 00 
358527,7 rx src=FPKEAECEOPE len=44 F5 03 2C 00 00 5A 00 40 00 66 03 0A 06 20 03 99 14 00 01 48 0D FF C6 05 05 13 02 40 00 E3 0E F8 35 00 06 D4 16 40 00 57 11 01 A6 01 
358532,3 tx hdr=0xF5 op=0x2D MOVE(x,y,z,rx,ry,state,tick) : 82,401 4 53,378 359,374 276,611 b0 i299774797
358564,4 rx src=FPKEAECEOPE len=14 F5 03 0E 00 04 18 01 40 00 2E 0E FA 2E 00 
358579,7 tx hdr=0xF5 op=0x2D MOVE(x,y,z,rx,ry,state,tick) : 82,401 4 53,432 359,374 276,461 b0 i299774844
358590,9 rx src=FPKEAECEOPE len=44 F5 03 2C 00 00 5A 00 40 00 66 03 0A 06 20 03 99 14 00 01 52 0D FF C5 00 05 12 02 40 00 E2 0E FA 2A 00 06 C2 16 40 00 4B 11 01 A6 01 
358606,1 rx src=FPKEAECEOPE len=14 F5 03 0E 00 04 12 01 40 00 3A 0E FA 2E 08 
358626,4 rx src=FPKEAECEOPE len=44 F5 03 2C 00 00 5A 00 40 00 66 03 0A 06 20 03 99 14 00 01 58 0D FF C4 00 05 12 02 40 00 E2 0E FC 1F 00 06 AC 16 40 00 3B 11 02 A7 01 
358635,3 tx hdr=0xF5 op=0x2D MOVE(x,y,z,rx,ry,state,tick) : 82,401 4 53,465 359,524 276,011 b0 i299774900
358664,4 rx src=FPKEAECEOPE len=14 F5 03 0E 00 04 09 01 40 00 4D 0E FB 2E 08 
358664,4 rx src=FPKEAECEOPE len=5 F5 04 05 00 00 
358680,2 tx hdr=0xF5 op=0x2D MOVE(x,y,z,rx,ry,state,tick) : 82,401 4 53,484 359,824 275,561 b0 i299774944
358691,7 rx src=FPKEAECEOPE len=34 F5 03 22 00 00 5A 00 40 00 66 03 0A 06 20 03 99 14 00 01 5B 0D FF C4 00 06 93 16 40 00 2A 11 03 A8 01 
358709,4 rx src=FPKEAECEOPE len=24 F5 03 18 00 04 04 01 40 00 59 0E FC 2D 00 05 12 02 40 00 E2 0E FD 1D 00 
358727,7 rx src=FPKEAECEOPE len=44 F5 03 2C 00 00 5A 00 40 00 66 03 0A 06 20 03 99 14 00 01 5D 0D FF C4 00 05 12 02 40 00 E2 0E FD 1D 00 06 78 16 40 00 19 11 04 A8 01 
358731,6 tx hdr=0xF5 op=0x2D MOVE(x,y,z,rx,ry,state,tick) : 82,401 4 53,496 0,274 274,511 b0 i299774996
358764,1 rx src=FPKEAECEOPE len=5 F5 04 05 00 00 
358764,2 rx src=FPKEAECEOPE len=24 F5 03 18 00 04 01 01 40 00 60 0E FC 2D 00 05 12 02 40 00 E2 0E FD 1D 00 
358782,9 tx hdr=0xF5 op=0x2D MOVE(x,y,z,rx,ry,state,tick) : 82,401 4 53,496 0,724 272,861 b0 i299775047
358794,7 rx src=FPKEAECEOPE len=34 F5 03 22 00 00 5A 00 40 00 66 03 09 06 20 03 99 14 00 01 5E 0D FF C3 00 06 5D 16 40 00 06 11 0A A6 01 
358810,5 rx src=FPKEAECEOPE len=24 F5 03 18 00 04 FF 00 40 00 64 0E FC 2D 00 06 42 16 40 00 F2 10 0F A3 01 
358826,8 rx src=FPKEAECEOPE len=34 F5 03 22 00 00 5A 00 40 00 66 03 09 06 20 03 99 14 00 01 5F 0D 00 C3 00 05 12 02 40 00 E2 0E FD 1D 00 
358830,3 tx hdr=0xF5 op=0x2D MOVE(x,y,z,rx,ry,state,tick) : 82,401 4 53,496 1,174 270,911 b0 i299775095
358846,7 # net: TcpClient.Connected = True
358859,9 rx src=FPKEAECEOPE len=5 F5 04 05 00 00 
358880,0 tx hdr=0xF5 op=0x2D MOVE(x,y,z,rx,ry,state,tick) : 82,401 4 53,496 1,474 269,711 b0 i299775144
358893,3 rx src=FPKEAECEOPE len=54 F5 03 36 00 00 5A 00 40 00 66 03 09 06 20 03 99 14 00 01 5F 0D 00 C2 00 04 00 01 40 00 59 0E FE 39 04 05 12 02 40 00 E2 0E FD 1D 00 06 28 16 40 00 DC 10 12 A1 01 
358911,7 rx src=FPKEAECEOPE len=14 F5 03 0E 00 04 01 01 40 00 46 0E FF 3C 04 
358916,0 rx src=FPKEAECEOPE len=10 F5 06 0A 00 01 00 02 00 0E 00 
358927,3 rx src=FPKEAECEOPE len=34 F5 03 22 00 03 99 14 00 01 5F 0D 00 C0 00 05 12 02 40 00 E2 0E 00 15 00 06 0F 16 40 00 C6 10 12 A1 01 
358927,3 rx src=FPKEAECEOPE len=5 F5 04 05 00 00 
358933,3 tx hdr=0xF5 op=0x2D MOVE(x,y,z,rx,ry,state,tick) : 82,401 4 53,496 1,774 267,311 b0 i299775198
358947,7 rx src=FPKEAECEOPE len=14 F5 03 0E 00 00 5A 00 40 00 66 03 09 06 20 
358965,6 rx src=FPKEAECEOPE len=24 F5 03 18 00 04 0B 01 40 00 30 0E 00 41 05 05 06 02 40 00 E6 0E 01 0D 08 
358982,6 tx hdr=0xF5 op=0x2D MOVE(x,y,z,rx,ry,state,tick) : 82,401 4 53,496 1,924 264,761 b0 i299775247
358992,3 rx src=FPKEAECEOPE len=34 F5 03 22 00 00 5A 00 40 00 66 03 09 06 20 03 99 14 00 01 5F 0D 01 BF 00 06 F5 15 40 00 AF 10 12 A1 01 
359011,2 rx src=FPKEAECEOPE len=14 F5 03 0E 00 04 1A 01 40 00 1A 0E 01 42 05 
359014,3 rx src=FPKEAECEOPE len=5 F5 04 05 00 00 
359027,2 rx src=FPKEAECEOPE len=34 F5 03 22 00 00 5A 00 40 00 66 03 09 06 20 03 99 14 00 01 5F 0D 01 BE 00 05 F3 01 40 00 ED 0E 01 0C 08 
359031,3 tx hdr=0xF5 op=0x2D MOVE(x,y,z,rx,ry,state,tick) : 82,401 4 53,496 1,924 262,511 b0 i299775296
359047,0 rx src=FPKEAECEOPE len=14 F5 03 0E 00 06 DC 15 40 00 98 10 10 A1 01 
359065,7 rx src=FPKEAECEOPE len=24 F5 03 18 00 04 31 01 40 00 0B 0E 01 42 01 05 DB 01 40 00 F5 0E 01 0D 08 
359081,1 tx hdr=0xF5 op=0x2D MOVE(x,y,z,rx,ry,state,tick) : 82,401 4 53,688 1,924 260,861 b4 i299775345
359092,3 rx src=FPKEAECEOPE len=34 F5 03 22 00 00 5A 00 40 00 66 03 09 06 20 03 99 14 00 01 5F 0D 01 BC 00 06 C2 15 40 00 81 10 0F A4 01 
359096,5 rx src=FPKEAECEOPE len=5 F5 04 05 00 00 
359109,4 rx src=FPKEAECEOPE len=14 F5 03 0E 00 04 4B 01 40 00 01 0E 01 43 01 
359125,2 rx src=FPKEAECEOPE len=44 F5 03 2C 00 00 5A 00 40 00 66 03 09 06 20 03 99 14 00 01 5F 0D 01 BA 00 05 CD 01 40 00 F9 0E 00 11 00 06 A5 15 40 00 6E 10 10 AF 01 
359129,8 tx hdr=0xF5 op=0x2D MOVE(x,y,z,rx,ry,state,tick) : 82,401 4 53,912 1,624 259,361 b5 i299775394
359147,5 rx src=FPKEAECEOPE len=14 F5 03 0E 00 04 69 01 40 00 FA 0D 01 43 01 
359176,0 rx src=FPKEAECEOPE len=24 F5 03 18 00 05 CD 01 40 00 F3 0E 01 22 04 06 87 15 40 00 64 10 14 C3 01 
359176,0 rx src=FPKEAECEOPE len=12 F5 34 0C 00 71 35 DE 11 C6 35 DE 11 
359176,0 rx src=FPKEAECEOPE len=5 F5 04 05 00 00 
359182,1 tx hdr=0xF5 op=0x2D MOVE(x,y,z,rx,ry,state,tick) : 82,401 4 54,152 1,474 257,711 b5 i299775436
359191,2 rx src=FPKEAECEOPE len=24 F5 03 18 00 00 5A 00 40 00 66 03 09 06 20 03 99 14 00 01 6C 0D 01 B9 04 
359209,5 rx src=FPKEAECEOPE len=13 F5 0A 0D 00 02 08 00 01 00 3F 00 40 00 
359209,7 rx src=FPKEAECEOPE len=24 F5 03 18 00 02 20 02 40 00 E0 0F 09 40 11 04 87 01 40 00 F5 0D 01 43 01 
359227,0 rx src=FPKEAECEOPE len=34 F5 03 22 00 00 5A 00 40 00 66 03 09 06 20 03 99 14 00 01 7A 0D 01 B8 05 06 6C 15 40 00 69 10 1A E5 01 
359229,6 tx hdr=0xF5 op=0x2D MOVE(x,y,z,rx,ry,state,tick) : 82,401 4 54,296 1,024 255,461 b0 i299775483
359273,4 rx src=FPKEAECEOPE len=24 F5 03 18 00 04 A7 01 40 00 F1 0D 01 43 01 05 CF 01 40 00 E2 0E 01 38 04 
359273,4 rx src=FPKEAECEOPE len=5 F5 04 05 00 00 
359287,2 tx hdr=0xF5 op=0x2D MOVE(x,y,z,rx,ry,state,tick) : 82,401 4 54,382 0,874 254,411 b0 i299775541
359293,7 rx src=FPKEAECEOPE len=44 F5 03 2C 00 00 5A 00 40 00 66 03 09 06 20 03 99 14 00 01 89 0D 01 B7 05 05 CC 01 40 00 CC 0E 01 4D 04 06 59 15 40 00 79 10 1C F8 01 
359307,8 rx src=FPKEAECEOPE len=14 F5 03 0E 00 04 C8 01 40 00 ED 0D 01 42 01 
359321,7 rx src=FPKEAECEOPE len=44 F5 03 2C 00 00 5A 00 40 00 66 03 09 06 20 03 99 14 00 01 92 0D 00 B5 00 05 C4 01 40 00 B4 0E FF 57 04 06 4E 15 40 00 91 10 1C 00 01 
359335,3 tx hdr=0xF5 op=0x2D MOVE(x,y,z,rx,ry,state,tick) : 82,401 4 54,434 0,724 253,661 b0 i299775589
359350,2 rx src=FPKEAECEOPE len=14 F5 03 0E 00 04 E8 01 40 00 EA 0D 01 41 01 
359350,3 rx src=FPKEAECEOPE len=5 F5 04 05 00 00 
359375,2 rx src=FPKEAECEOPE len=24 F5 03 18 00 05 B6 01 40 00 9C 0E FE 5B 04 06 49 15 40 00 AD 10 1C 04 01 
359380,6 tx hdr=0xF5 op=0x2D MOVE(x,y,z,rx,ry,state,tick) : 82,401 4 54,465 0,724 252,761 b0 i299775634
359390,4 rx src=FPKEAECEOPE len=24 F5 03 18 00 00 5A 00 40 00 66 03 09 06 20 03 99 14 00 01 98 0D 00 B4 00 
359412,4 rx src=FPKEAECEOPE len=24 F5 03 18 00 04 09 02 40 00 E8 0D 01 41 01 06 4A 15 40 00 CB 10 1B 0A 01 
359427,1 rx src=FPKEAECEOPE len=24 F5 03 18 00 00 5A 00 40 00 66 03 09 06 20 05 A6 01 40 00 84 0E FE 5C 04 
359430,1 tx hdr=0xF5 op=0x2D MOVE(x,y,z,rx,ry,state,tick) : 82,401 4 54,483 0,724 252,011 b0 i299775684
359430,4 rx src=FPKEAECEOPE len=5 F5 04 05 00 00 
359447,2 rx src=FPKEAECEOPE len=14 F5 03 0E 00 03 99 14 00 01 9B 0D 00 B4 00 
359474,1 rx src=FPKEAECEOPE len=34 F5 03 22 00 00 5A 00 40 00 66 03 09 06 20 04 2A 02 40 00 E7 0D 01 41 01 05 94 01 40 00 6C 0E FD 5F 04 
359489,4 tx hdr=0xF5 op=0x2D MOVE(x,y,z,rx,ry,state,tick) : 82,401 4 54,495 0,574 250,961 b0 i299775743
359489,6 rx src=FPKEAECEOPE len=24 F5 03 18 00 03 99 14 00 01 9D 0D 00 B3 00 06 51 15 40 00 CB 10 1A 15 01 
359508,3 rx src=FPKEAECEOPE len=14 F5 03 0E 00 04 4B 02 40 00 E6 0D 01 40 01 
359508,3 rx src=FPKEAECEOPE len=6 F5 0F 06 00 02 00 
359523,8 rx src=FPKEAECEOPE len=34 F5 03 22 00 03 99 14 00 01 9E 0D 00 B3 00 05 7F 01 40 00 55 0E FC 62 04 06 5E 15 40 00 CB 10 19 18 01 
359523,8 rx src=FPKEAECEOPE len=5 F5 04 05 00 00 
359541,5 tx hdr=0xF5 op=0x2D MOVE(x,y,z,rx,ry,state,tick) : 82,457 4 54,318 0,574 250,811 b8 i299775795
359545,2 rx src=FPKEAECEOPE len=24 F5 03 18 00 00 5A 00 40 00 66 03 09 06 20 02 0A 02 40 00 CB 0F 0A 41 00 
359545,2 rx src=FPKEAECEOPE len=13 F5 0A 0D 00 01 0A 00 01 00 4C 00 40 00 
359573,7 rx src=FPKEAECEOPE len=44 F5 03 2C 00 01 A0 02 40 00 20 13 2F 40 08 04 6D 02 40 00 E5 0D 01 40 01 05 69 01 40 00 3F 0E FC 62 04 06 6D 15 40 00 CB 10 19 19 01 
359590,8 tx hdr=0xF5 op=0x2D MOVE(x,y,z,rx,ry,state,tick) : 82,407 4 54,038 0,574 250,811 b9 i299775844
359591,1 rx src=FPKEAECEOPE len=24 F5 03 18 00 00 5A 00 40 00 66 03 09 06 20 03 99 14 00 01 9F 0D 00 B2 00 
359606,6 rx src=FPKEAECEOPE len=5 F5 04 05 00 00 
359610,7 rx src=FPKEAECEOPE len=24 F5 03 18 00 02 10 02 40 00 D3 0F 0B 46 00 04 8E 02 40 00 E4 0D 01 40 01 
359623,5 rx src=FPKEAECEOPE len=34 F5 03 22 00 00 5A 00 40 00 66 03 09 06 20 05 52 01 40 00 29 0E FC 63 04 06 7F 15 40 00 CB 10 18 1B 01 
359640,0 tx hdr=0xF5 op=0x2D MOVE(x,y,z,rx,ry,state,tick) : 82,407 4 53,695 0,574 250,811 b9 i299775894
359643,8 rx src=FPKEAECEOPE len=24 F5 03 18 00 02 14 02 40 00 D7 0F 0C 4B 00 03 9D 14 00 01 94 0D 00 B2 08 
359672,6 rx src=FPKEAECEOPE len=44 F5 03 2C 00 00 5A 00 40 00 66 03 09 06 20 04 AF 02 40 00 E3 0D 01 40 01 05 3A 01 40 00 14 0E FC 63 04 06 93 15 40 00 CB 10 17 1E 01 
359686,1 tx hdr=0xF5 op=0x2D MOVE(x,y,z,rx,ry,state,tick) : 82,407 4 53,425 0,574 250,811 b1 i299775940
359686,4 rx src=FPKEAECEOPE len=14 F5 03 0E 00 03 9A 14 00 01 82 0D 00 B2 09 
359707,8 rx src=FPKEAECEOPE len=24 F5 03 18 00 02 16 02 40 00 D9 0F 0D 4F 00 04 D0 02 40 00 E3 0D 01 40 01 
359723,0 rx src=FPKEAECEOPE len=34 F5 03 22 00 00 5A 00 40 00 66 03 09 06 20 05 2B 01 40 00 FB 0D FC 63 05 06 A9 15 40 00 E5 10 16 1E 01 
359730,2 tx hdr=0xF5 op=0x2D MOVE(x,y,z,rx,ry,state,tick) : 82,407 4 53,263 0,574 250,811 b0 i299775984
359745,8 rx src=FPKEAECEOPE len=24 F5 03 18 00 02 18 02 40 00 DB 0F 0E 54 00 03 9A 14 00 01 6C 0D 00 B2 09 
359765,4 rx src=FPKEAECEOPE len=24 F5 03 18 00 04 F2 02 40 00 E3 0D 01 3F 01 05 21 01 40 00 DF 0D FD 62 05 
359780,2 tx hdr=0xF5 op=0x2D MOVE(x,y,z,rx,ry,state,tick) : 82,407 4 53,166 0,574 250,811 b0 i299776034
359790,8 rx src=FPKEAECEOPE len=34 F5 03 22 00 00 5A 00 40 00 66 03 0A 06 20 03 9A 14 00 01 5B 0D 00 B2 01 06 BE 15 40 00 00 11 15 1D 01 
359810,4 rx src=FPKEAECEOPE len=24 F5 03 18 00 02 19 02 40 00 DC 0F 0E 55 00 04 13 03 40 00 E3 0D 02 3E 01 
359839,3 tx hdr=0xF5 op=0x2D MOVE(x,y,z,rx,ry,state,tick) : 82,407 4 53,108 0,574 250,811 b0 i299776093
359839,7 rx src=FPKEAECEOPE len=44 F5 03 2C 00 00 5A 00 40 00 66 03 0A 06 20 03 9A 14 00 01 50 0D 00 B2 00 05 1A 01 40 00 C1 0D FD 61 05 06 D4 15 40 00 1B 11 13 1A 01 
359855,2 rx src=FPKEAECEOPE len=14 F5 03 0E 00 02 19 02 40 00 DD 0F 0E 55 00 
359868,7 rx src=FPKEAECEOPE len=34 F5 03 22 00 04 34 03 40 00 E4 0D 02 3E 01 05 16 01 40 00 A3 0D FD 60 05 06 E8 15 40 00 37 11 12 15 01 
359882,6 tx hdr=0xF5 op=0x2D MOVE(x,y,z,rx,ry,state,tick) : 82,407 4 53,073 0,574 251,111 b0 i299776136
359891,0 rx src=FPKEAECEOPE len=34 F5 03 22 00 00 5A 00 40 00 66 03 0A 06 20 02 19 02 40 00 DD 0F 0E 55 00 03 9A 14 00 01 4A 0D 00 B2 00 
359911,3 rx src=FPKEAECEOPE len=14 F5 03 0E 00 04 55 03 40 00 E5 0D 02 3D 01 
359927,5 rx src=FPKEAECEOPE len=34 F5 03 22 00 00 5A 00 40 00 66 03 0A 06 20 05 14 01 40 00 83 0D FE 60 05 06 F8 15 40 00 55 11 11 0D 01 
359927,5 rx src=FPKEAECEOPE len=6 F5 0F 06 00 01 00 
359939,2 tx hdr=0xF5 op=0x2D MOVE(x,y,z,rx,ry,state,tick) : 82,407 4 53,052 0,574 253,961 b0 i299776193
359943,5 rx src=FPKEAECEOPE len=14 F5 03 0E 00 03 9A 14 00 01 46 0D 00 B2 00 
359971,8 rx src=FPKEAECEOPE len=44 F5 03 2C 00 02 19 02 40 00 DD 0F 0E 55 00 04 77 03 40 00 E7 0D 02 3D 01 05 13 01 40 00 64 0D FE 5E 05 06 04 16 40 00 74 11 10 06 01 
359989,9 tx hdr=0xF5 op=0x2D MOVE(x,y,z,rx,ry,state,tick) : 82,407 4 53,04 0,574 259,961 b0 i299776243
359990,2 rx src=FPKEAECEOPE len=34 F5 03 22 00 00 5A 00 40 00 66 03 0A 06 20 01 8C 02 40 00 0B 13 1F 40 00 03 9A 14 00 01 44 0D 00 B2 00 
360011,8 rx src=FPKEAECEOPE len=24 F5 03 18 00 02 19 02 40 00 DD 0F 0E 55 00 04 98 03 40 00 E8 0D 02 3D 01 
360025,6 rx src=FPKEAECEOPE len=34 F5 03 22 00 00 5A 00 40 00 66 03 0A 06 20 05 14 01 78 00 44 0D FF 5A 15 06 0D 16 40 00 95 11 10 05 01 
360030,1 tx hdr=0xF5 op=0x2D MOVE(x,y,z,rx,ry,state,tick) : 82,407 4 53,032 0,574 265,511 b0 i299776284
360046,9 rx src=FPKEAECEOPE len=24 F5 03 18 00 02 19 02 40 00 DD 0F 0E 55 00 03 9A 14 00 01 43 0D 00 B4 00 
360073,7 rx src=FPKEAECEOPE len=44 F5 03 2C 00 01 94 02 40 00 12 13 1F 40 00 04 B9 03 40 00 EA 0D 02 3D 01 05 15 01 A1 00 25 0D 00 53 14 06 14 16 40 00 B6 11 10 05 01 
360088,9 tx hdr=0xF5 op=0x2D MOVE(x,y,z,rx,ry,state,tick) : 82,407 4 53,032 0,574 269,261 b0 i299776342
360093,1 rx src=FPKEAECEOPE len=34 F5 03 22 00 00 5A 00 40 00 66 03 0A 06 20 01 98 02 40 00 17 13 1F 40 00 03 9A 14 00 01 42 0D 00 B8 00 
360110,1 rx src=FPKEAECEOPE len=24 F5 03 18 00 02 19 02 40 00 DD 0F 0E 55 00 04 DA 03 40 00 EC 0D 02 3D 01 
360135,2 tx hdr=0xF5 op=0x2D MOVE(x,y,z,rx,ry,state,tick) : 82,407 4 53,032 0,574 269,561 b0 i299776389
360135,5 rx src=FPKEAECEOPE len=34 F5 03 22 00 00 5A 00 40 00 66 03 0A 06 20 03 9A 14 00 01 42 0D 00 BC 00 05 16 01 BA 00 05 0D 01 49 14 
360149,6 rx src=FPKEAECEOPE len=24 F5 03 18 00 02 19 02 40 00 DD 0F 0E 55 00 04 FC 03 40 00 EE 0D 02 3D 01 
360168,3 rx src=FPKEAECEOPE len=14 F5 03 0E 00 01 9B 02 40 00 19 13 1F 40 00 
360178,2 rx src=FPKEAECEOPE len=12 F5 34 0C 00 56 39 DE 11 B6 39 DE 11 
360183,1 tx hdr=0xF5 op=0x2D MOVE(x,y,z,rx,ry,state,tick) : 82,407 4 53,032 0,574 269,561 b0 i299776442
360193,8 rx src=FPKEAECEOPE len=44 F5 03 2C 00 00 5A 00 40 00 66 03 0A 06 20 03 9A 14 00 01 42 0D 00 BF 00 05 17 01 C5 00 E6 0C 01 3C 14 06 1F 16 40 00 FA 11 0E 03 01 
360207,7 rx src=FPKEAECEOPE len=34 F5 03 22 00 01 9C 02 40 00 1B 13 1F 40 00 02 19 02 40 00 DD 0F 0E 55 00 04 1D 04 40 00 F0 0D 02 3D 01 
360226,5 rx src=FPKEAECEOPE len=44 F5 03 2C 00 00 5A 00 40 00 66 03 0A 06 20 03 9A 14 00 01 42 0D 00 BF 00 05 18 01 C0 00 C6 0C 02 2F 14 06 22 16 40 00 1C 12 0E 00 01 
360238,3 tx hdr=0xF5 op=0x2D MOVE(x,y,z,rx,ry,state,tick) : 82,407 4 52,837 0,574 269,561 b8 i299776498
360255,5 rx src=FPKEAECEOPE len=14 F5 03 0E 00 02 19 02 40 00 DD 0F 0E 55 00 
360270,7 rx src=FPKEAECEOPE len=44 F5 03 2C 00 01 9D 02 40 00 1C 13 1F 40 00 04 3E 04 40 00 F1 0D 02 3D 01 05 19 01 AB 00 A7 0C 03 26 14 06 23 16 40 00 3E 12 0D FE 01 
360285,2 tx hdr=0xF5 op=0x2D MOVE(x,y,z,rx,ry,state,tick) : 82,407 4 52,582 0,574 269,561 b9 i299776544
360285,5 rx src=FPKEAECEOPE len=24 F5 03 18 00 00 5A 00 40 00 66 03 13 01 20 03 9A 14 00 01 42 0D 00 BF 00 
360305,8 rx src=FPKEAECEOPE len=34 F5 03 22 00 01 9E 02 40 00 1C 13 1F 40 00 02 19 02 40 00 DD 0F 0E 55 00 04 5F 04 40 00 F3 0D 02 3D 01 
360322,5 rx src=FPKEAECEOPE len=34 F5 03 22 00 00 5A 00 40 00 66 03 15 01 20 05 1A 01 87 00 87 0C 03 24 18 06 23 16 40 00 61 12 0D FD 01 
360334,8 tx hdr=0xF5 op=0x2D MOVE(x,y,z,rx,ry,state,tick) : 82,407 4 52,291 0,574 269,561 b9 i299776594
360348,1 rx src=FPKEAECEOPE len=24 F5 03 18 00 02 19 02 40 00 DD 0F 0E 55 00 03 9A 14 00 01 35 0D 00 BF 08 
360372,6 rx src=FPKEAECEOPE len=44 F5 03 2C 00 01 9E 02 40 00 1C 13 1F 40 00 04 80 04 40 00 F5 0D 02 3D 01 05 1B 01 54 00 67 0C 03 23 18 06 22 16 40 00 83 12 0D FC 01 
360387,1 tx hdr=0xF5 op=0x2D MOVE(x,y,z,rx,ry,state,tick) : 82,407 4 51,922 0,574 269,561 b8 i299776646
360391,2 rx src=FPKEAECEOPE len=34 F5 03 22 00 00 5A 00 40 00 66 03 15 01 20 02 19 02 40 00 DD 0F 0E 55 00 03 9A 14 00 01 25 0D 00 BF 09 
360407,2 rx src=FPKEAECEOPE len=24 F5 03 18 00 01 9E 02 40 00 1C 13 1F 40 00 04 A2 04 40 00 F7 0D 02 3D 01 
360431,5 tx hdr=0xF5 op=0x2D MOVE(x,y,z,rx,ry,state,tick) : 82,407 4 51,701 0,574 269,561 b0 i299776691
360431,7 rx src=FPKEAECEOPE len=44 F5 03 2C 00 00 5A 00 40 00 66 03 15 01 20 03 9A 14 00 01 12 0D 00 BF 09 05 1C 01 40 00 48 0C 03 23 08 06 1F 16 40 00 A6 12 0D FB 01 
360445,0 rx src=FPKEAECEOPE len=24 F5 03 18 00 02 19 02 40 00 DD 0F 0E 55 00 04 C3 04 40 00 F9 0D 02 3D 01 
360476,7 rx src=FPKEAECEOPE len=24 F5 03 18 00 00 5A 00 40 00 66 03 16 01 20 01 9E 02 40 00 1C 13 1F 40 00 
360476,7 rx src=FPKEAECEOPE len=34 F5 03 22 00 01 9E 02 40 00 1C 13 1F 40 00 03 9A 14 00 01 FA 0C 00 BF 08 05 14 01 40 00 3F 0C 03 23 08 
360480,9 tx hdr=0xF5 op=0x2D MOVE(x,y,z,rx,ry,state,tick) : 82,407 4 51,568 0,574 269,561 b0 i299776740
360510,1 rx src=FPKEAECEOPE len=34 F5 03 22 00 02 19 02 40 00 DD 0F 0E 55 00 04 E4 04 40 00 FB 0D 02 3D 01 06 1C 16 40 00 C8 12 0D FA 01 
360537,3 tx hdr=0xF5 op=0x2D MOVE(x,y,z,rx,ry,state,tick) : 82,407 4 51,488 0,574 269,561 b0 i299776797
360537,5 rx src=FPKEAECEOPE len=44 F5 03 2C 00 00 5A 00 40 00 66 03 23 FE 20 03 9A 14 00 01 EC 0C 00 BF 00 05 07 01 40 00 43 0C 03 23 08 06 18 16 40 00 EA 12 0D F9 01 
360553,5 rx src=FPKEAECEOPE len=44 F5 03 2C 00 01 9E 02 40 00 1C 13 1F 40 00 02 19 02 40 00 DD 0F 0E 55 00 04 05 05 40 00 FD 0D 02 3D 01 05 F8 00 40 00 4F 0C 02 25 08 
360580,8 tx hdr=0xF5 op=0x2D MOVE(x,y,z,rx,ry,state,tick) : 82,407 4 51,44 0,574 269,561 b0 i299776840
360595,2 rx src=FPKEAECEOPE len=54 F5 03 36 00 00 5A 00 40 00 66 03 24 FD 20 01 A0 02 40 00 29 13 1D 47 08 02 19 02 40 00 DD 0F 0E 55 00 03 9A 14 00 01 E4 0C 00 BF 00 06 13 16 40 00 0C 13 0C F8 01 
360608,5 rx src=FPKEAECEOPE len=14 F5 03 0E 00 04 27 05 40 00 FF 0D 02 3D 01 
360627,0 rx src=FPKEAECEOPE len=34 F5 03 22 00 00 5A 00 40 00 66 03 24 FD 20 05 F0 00 40 00 59 0C 02 28 28 06 0D 16 40 00 2E 13 0C F7 01 
360638,3 tx hdr=0xF5 op=0x2D MOVE(x,y,z,rx,ry,state,tick) : 82,407 4 51,411 0,574 269,561 b0 i299776898
360653,1 rx src=FPKEAECEOPE len=44 F5 03 2C 00 01 AA 02 40 00 39 13 10 5D 08 02 19 02 40 00 DD 0F 0B 56 00 03 9A 14 00 01 DF 0C 00 BF 00 04 48 05 40 00 01 0E 02 3D 01 
360669,9 rx src=FPKEAECEOPE len=34 F5 03 22 00 00 5A 00 40 00 66 03 24 FD 20 05 E8 00 40 00 64 0C 02 2A 28 06 05 16 40 00 50 13 0C F5 01 
360684,1 tx hdr=0xF5 op=0x2D MOVE(x,y,z,rx,ry,state,tick) : 82,401 4 51,394 0,574 269,561 b0 i299776943
360684,3 rx src=FPKEAECEOPE len=24 F5 03 18 00 02 19 02 40 00 DD 0F 01 57 00 03 9A 14 00 01 DC 0C 00 BF 00 
360713,0 rx src=FPKEAECEOPE len=24 F5 03 18 00 01 BA 02 40 00 4B 13 09 66 08 04 69 05 40 00 03 0E 02 3D 01 
360726,3 rx src=FPKEAECEOPE len=34 F5 03 22 00 00 5A 00 40 00 66 03 24 FD 20 05 D8 00 40 00 7C 0C 02 2A 08 06 FD 15 40 00 72 13 0C F4 01 
360736,9 tx hdr=0xF5 op=0x2D MOVE(x,y,z,rx,ry,state,tick) : 82,401 4 51,384 0,574 269,561 b0 i299776996
360753,3 rx src=FPKEAECEOPE len=34 F5 03 22 00 01 CE 02 40 00 5C 13 08 67 08 02 19 02 40 00 DD 0F F4 53 00 03 9A 14 00 01 DA 0C 00 BF 00 
360769,4 rx src=FPKEAECEOPE len=24 F5 03 18 00 05 C9 00 40 00 96 0C 02 2E 08 06 F5 15 40 00 93 13 0C F4 01 
360784,5 tx hdr=0xF5 op=0x2D MOVE(x,y,z,rx,ry,state,tick) : 82,401 4 51,384 0,574 269,561 b0 i299777044
360784,9 rx src=FPKEAECEOPE len=24 F5 03 18 00 00 5A 00 40 00 66 03 24 FD 20 03 99 14 00 01 D9 0C 00 BF 00 
360814,3 rx src=FPKEAECEOPE len=34 F5 03 22 00 01 E5 02 40 00 6D 13 07 6A 08 02 19 02 40 00 DD 0F EF 4F 00 04 AB 05 40 00 06 0E 02 3D 01 
360827,9 rx src=FPKEAECEOPE len=34 F5 03 22 00 00 5A 00 40 00 66 03 24 FD 20 05 C4 00 40 00 B2 0C 02 2F 09 06 EC 15 40 00 B4 13 0C F4 01 
360836,5 tx hdr=0xF5 op=0x2D MOVE(x,y,z,rx,ry,state,tick) : 82,401 4 51,186 0,574 269,561 b8 i299777096
360841,0 rx src=FPKEAECEOPE len=24 F5 03 18 00 01 FD 02 40 00 7D 13 06 6B 08 03 99 14 00 01 D8 0C 00 BF 00 
360866,5 rx src=FPKEAECEOPE len=44 F5 03 2C 00 02 19 02 40 00 DD 0F ED 4E 00 04 CD 05 40 00 09 0E 02 3C 01 05 C7 00 40 00 CE 0C 02 30 09 06 E2 15 40 00 D6 13 0C F4 01 
360882,4 tx hdr=0xF5 op=0x2D MOVE(x,y,z,rx,ry,state,tick) : 82,401 4 51,068 0,574 269,561 b0 i299777142
360882,9 rx src=FPKEAECEOPE len=24 F5 03 18 00 00 5A 00 40 00 66 03 24 FD 20 03 99 14 00 01 D8 0C 00 BF 00 
360911,1 rx src=FPKEAECEOPE len=44 F5 03 2C 00 01 18 03 40 00 8C 13 03 6E 08 02 19 02 40 00 DD 0F EB 4B 00 04 EE 05 40 00 0C 0E 02 3A 01 05 CE 00 40 00 EA 0C 02 32 09 
360926,5 rx src=FPKEAECEOPE len=24 F5 03 18 00 00 5A 00 40 00 66 03 24 FD 20 06 D7 15 40 00 F6 13 0C EF 01 
360930,5 tx hdr=0xF5 op=0x2D MOVE(x,y,z,rx,ry,state,tick) : 82,401 4 50,996 0,574 269,561 b0 i299777190
360955,3 rx src=FPKEAECEOPE len=44 F5 03 2C 00 01 33 03 40 00 9A 13 03 6F 08 02 19 02 40 00 DD 0F E9 45 00 03 99 14 00 01 CB 0C 00 BF 08 04 0E 06 40 00 11 0E 04 35 01 
360969,1 rx src=FPKEAECEOPE len=14 F5 03 0E 00 06 C9 15 40 00 15 14 0B E8 01 
360986,6 tx hdr=0xF5 op=0x2D MOVE(x,y,z,rx,ry,state,tick) : 82,401 4 50,954 0,574 269,561 b0 i299777246
360986,9 rx src=FPKEAECEOPE len=34 F5 03 22 00 00 5A 00 40 00 66 03 24 FD 20 03 99 14 00 01 C4 0C 00 BF 00 05 D8 00 40 00 07 0D 02 34 09 
361004,8 tx hdr=0xF5 op=0x04 HIT_REPORT(pos,seq,hits[]) : 82,401 6,392 50,986 i299777264 b5 b1 3,583 2,988 51,317
361009,1 rx src=FPKEAECEOPE len=44 F5 03 2C 00 01 4F 03 40 00 A7 13 02 70 08 02 19 02 40 00 DD 0F E9 41 00 04 2E 06 40 00 1B 0E 06 2B 01 05 E5 00 40 00 23 0D 02 35 09 
361036,7 tx hdr=0xF5 op=0x2D MOVE(x,y,z,rx,ry,state,tick) : 82,402 4 50,928 1,944 270,497 b0 i299777296
361037,1 rx src=FPKEAECEOPE len=34 F5 03 22 00 00 59 00 40 00 66 03 24 FD 21 03 99 14 00 01 BF 0C 00 BF 00 06 B7 15 40 00 32 14 0A E0 01 
361052,1 rx src=FPKEAECEOPE len=24 F5 03 18 00 02 19 02 40 00 DD 0F E8 3F 00 05 F4 00 40 00 3E 0D 01 36 09 
361072,6 rx src=FPKEAECEOPE len=34 F5 03 22 00 01 6B 03 40 00 A8 13 01 95 08 04 49 06 40 00 1B 0E 08 1C 01 06 A1 15 40 00 4B 14 09 DA 01 
361080,4 tx hdr=0xF5 op=0x2D MOVE(x,y,z,rx,ry,state,tick) : 82,402 4 50,913 1,528 270,795 b0 i299777340
361087,2 rx src=FPKEAECEOPE len=34 F5 03 22 00 00 59 00 40 00 66 03 24 FD 21 01 7E 03 40 00 9D 13 FF B6 08 03 99 14 00 01 BD 0C 00 BF 00 
361087,2 rx src=FPKEAECEOPE len=7 F5 04 07 00 03 05 21 
361110,2 rx src=FPKEAECEOPE len=34 F5 03 22 00 02 19 02 40 00 DD 0F E7 3F 00 04 5F 06 40 00 1B 0E 08 10 01 05 04 01 40 00 59 0D 01 3A 09 
361131,2 tx hdr=0xF5 op=0x2D MOVE(x,y,z,rx,ry,state,tick) : 82,402 4 50,913 1,474 270,795 b0 i299777390
361131,5 rx src=FPKEAECEOPE len=34 F5 03 22 00 00 59 00 40 00 66 03 24 FD 21 03 99 14 00 01 BB 0C 01 C0 00 06 87 15 40 00 61 14 09 D5 01 
361143,0 rx src=FPKEAECEOPE len=14 F5 03 0E 00 01 88 03 40 00 8A 13 FD C7 08 
361174,7 rx src=FPKEAECEOPE len=54 F5 03 36 00 00 59 00 40 00 66 03 24 FD 21 02 19 02 40 00 DD 0F E5 3B 00 04 6D 06 40 00 1B 0E 08 03 01 05 15 01 40 00 73 0D 01 3B 09 06 6C 15 40 00 74 14 09 D2 01 
361174,7 rx src=FPKEAECEOPE len=12 F5 34 0C 00 3C 3D DE 11 9C 3D DE 11 
361179,1 tx hdr=0xF5 op=0x2D MOVE(x,y,z,rx,ry,state,tick) : 82,402 4 50,913 1,729 270,795 b0 i299777440
361188,5 rx src=FPKEAECEOPE len=14 F5 03 0E 00 03 99 14 00 01 BA 0C 01 C0 00 
361207,8 rx src=FPKEAECEOPE len=44 F5 03 2C 00 01 8B 03 40 00 72 13 FD C7 08 02 19 02 40 00 DD 0F E3 36 00 04 75 06 40 00 1B 0E 08 FE 01 05 28 01 40 00 8D 0D 01 3B 09 
361223,2 rx src=FPKEAECEOPE len=34 F5 03 22 00 00 59 00 40 00 66 03 24 FD 21 03 99 14 00 01 BA 0C 01 C0 00 06 4E 15 40 00 85 14 09 D0 01 
361235,3 tx hdr=0xF5 op=0x2D MOVE(x,y,z,rx,ry,state,tick) : 82,402 4 50,913 2,035 270,795 b0 i299777496
361235,6 rx src=FPKEAECEOPE len=5 F5 04 05 00 05 
361251,8 rx src=FPKEAECEOPE len=34 F5 03 22 00 01 8B 03 40 00 57 13 FD C7 08 02 19 02 40 00 DD 0F E3 34 00 05 40 01 40 00 9E 0D 01 3B 01 
361265,5 rx src=FPKEAECEOPE len=24 F5 03 18 00 04 78 06 40 00 1B 0E 08 FA 01 06 30 15 40 00 94 14 09 CE 01 
361280,3 tx hdr=0xF5 op=0x2D MOVE(x,y,z,rx,ry,state,tick) : 82,402 4 50,913 2,274 270,795 b0 i299777541
361307,6 rx src=FPKEAECEOPE len=34 F5 03 22 00 00 59 00 40 00 66 03 24 FD 21 02 19 02 40 00 DD 0F E3 34 00 03 99 14 00 01 BA 0C 01 C0 00 
361318,8 rx src=FPKEAECEOPE len=54 F5 03 36 00 00 59 00 40 00 66 03 24 FD 21 01 88 03 40 00 3B 13 FD C7 08 04 77 06 40 00 1B 0E 08 F7 01 05 58 01 40 00 A0 0D 01 3B 05 06 10 15 40 00 A1 14 09 CB 01 
361318,8 rx src=FPKEAECEOPE len=7 F5 04 07 00 05 04 80 
361331,7 tx hdr=0xF5 op=0x2D MOVE(x,y,z,rx,ry,state,tick) : 82,402 4 50,913 2,407 270,795 b0 i299777593
361331,9 rx src=FPKEAECEOPE len=5 F5 04 05 00 02 
361332,0 rx src=FPKEAECEOPE len=50 F5 01 32 00 07 D0 94 D0 90 D0 AE D0 92 D0 A0 D0 9E D0 A2 D0 91 D0 A0 D0 90 D0 A2 D0 A3 00 02 02 00 01 01 00 01 0C C8 07 00 00 01 00 00 00 00 00 00 00 
361341,9 rx src=FPKEAECEOPE len=13 F5 12 0D 00 07 00 00 00 00 00 00 00 00 
361341,9 rx src=FPKEAECEOPE len=10 F5 5D 0A 00 07 09 F1 1D 00 00 
361357,4 rx src=FPKEAECEOPE len=54 F5 03 36 00 01 84 03 40 00 1E 13 FD C7 08 02 19 02 40 00 DD 0F E3 34 00 03 99 14 00 01 BA 0C 01 C0 00 04 7D 06 40 00 1B 0E 07 F4 05 05 71 01 40 00 99 0D 00 3B 05 
361372,2 rx src=FPKEAECEOPE len=14 F5 03 0E 00 00 59 00 40 00 66 03 24 FD 21 
361386,8 tx hdr=0xF5 op=0x2D MOVE(x,y,z,rx,ry,state,tick) : 82,402 4 50,913 2,429 270,795 b0 i299777648
361387,1 rx src=FPKEAECEOPE len=24 F5 03 18 00 03 99 14 00 01 BA 0C 01 C0 00 06 F0 14 40 00 AB 14 09 C8 01 
361407,6 rx src=FPKEAECEOPE len=44 F5 03 2C 00 01 81 03 40 00 00 13 FD C4 08 02 19 02 40 00 DD 0F E3 34 00 04 85 06 40 00 1B 0E 07 ED 05 05 88 01 40 00 9F 0D 00 3B 09 
361418,7 rx src=FPKEAECEOPE len=24 F5 03 18 00 00 59 00 40 00 66 03 24 FD 21 06 CF 14 40 00 B4 14 09 C5 01 
361434,3 tx hdr=0xF5 op=0x2D MOVE(x,y,z,rx,ry,state,tick) : 82,402 4 50,913 2,448 270,795 b0 i299777695
361434,6 rx src=FPKEAECEOPE len=7 F5 04 07 00 05 04 21 
361452,2 rx src=FPKEAECEOPE len=54 F5 03 36 00 01 83 03 40 00 E2 12 00 B2 08 02 19 02 40 00 DD 0F E2 34 00 03 99 14 00 01 BA 0C 01 C0 00 04 81 06 40 00 1B 0E 05 E3 01 05 94 01 40 00 AF 0D 00 3B 08 
361472,5 rx src=FPKEAECEOPE len=24 F5 03 18 00 00 59 00 40 00 66 03 24 FD 21 06 AD 14 40 00 BA 14 08 C2 01 
361485,1 tx hdr=0xF5 op=0x2D MOVE(x,y,z,rx,ry,state,tick) : 82,402 4 50,719 2,468 270,795 b8 i299777746
361489,3 rx src=FPKEAECEOPE len=14 F5 03 0E 00 03 99 14 00 01 BA 0C 01 C0 00 
361506,0 rx src=FPKEAECEOPE len=44 F5 03 2C 00 01 8F 03 40 00 CA 12 02 94 08 02 19 02 40 00 DD 0F E4 35 00 04 7F 06 40 00 1B 0E 03 DC 00 05 9A 01 40 00 C5 0D 00 3B 08 
361534,2 tx hdr=0xF5 op=0x2D MOVE(x,y,z,rx,ry,state,tick) : 82,402 4 50,602 2,475 270,795 b0 i299777795
361534,5 rx src=FPKEAECEOPE len=34 F5 03 22 00 00 59 00 40 00 66 03 24 FD 21 03 99 14 00 01 BA 0C 01 C0 00 06 8B 14 40 00 BD 14 08 BE 01 
361549,5 rx src=FPKEAECEOPE len=14 F5 03 0E 00 02 19 02 40 00 DD 0F E6 35 00 
361549,5 rx src=FPKEAECEOPE len=5 F5 04 05 00 05 
361569,0 rx src=FPKEAECEOPE len=44 F5 03 2C 00 01 A2 03 40 00 B8 12 02 8B 08 04 7E 06 40 00 25 0E 00 D9 00 05 9F 01 40 00 C6 0D 00 3B 04 06 69 14 40 00 BC 14 07 B9 01 
361584,8 tx hdr=0xF5 op=0x2D MOVE(x,y,z,rx,ry,state,tick) : 82,401 4 50,532 2,475 270,795 b0 i299777846
361589,0 rx src=FPKEAECEOPE len=34 F5 03 22 00 00 59 00 40 00 66 03 24 FD 21 01 BA 03 40 00 AA 12 02 89 08 03 99 14 00 01 AD 0C 01 C0 08 
361618,2 rx src=FPKEAECEOPE len=24 F5 03 18 00 02 19 02 40 00 DD 0F E7 36 00 05 A3 01 40 00 BA 0D 00 3B 04 
361622,3 rx src=FPKEAECEOPE len=34 F5 03 22 00 00 59 00 40 00 66 03 24 FD 21 04 7D 06 40 00 25 0E FF D8 00 06 47 14 40 00 B9 14 07 B5 01 
361634,0 tx hdr=0xF5 op=0x2D MOVE(x,y,z,rx,ry,state,tick) : 82,401 4 50,49 2,475 270,795 b0 i299777895
361638,9 rx src=FPKEAECEOPE len=24 F5 03 18 00 03 99 14 00 01 A6 0C 01 C0 00 04 7C 06 40 00 25 0E FF D7 00 
361638,9 rx src=FPKEAECEOPE len=7 F5 0B 07 00 04 05 01 
361639,1 rx src=FPKEAECEOPE len=8 F5 0C 08 00 05 04 00 01 
361642,3 rx src=FPKEAECEOPE len=10 F5 13 0A 00 04 01 11 00 39 00 
361642,3 rx src=FPKEAECEOPE len=10 F5 13 0A 00 05 00 01 00 01 00 
361642,3 rx src=FPKEAECEOPE len=7 F5 04 07 00 05 04 11 
361664,6 rx src=FPKEAECEOPE len=54 F5 03 36 00 00 59 00 40 00 66 03 24 FD 21 01 BC 03 40 00 A5 12 02 88 04 02 19 02 40 00 DD 0F E8 36 00 05 A5 01 40 00 BF 0D 00 3B 08 06 25 14 40 00 B3 14 07 B4 01 
361664,6 rx src=FPKEAECEOPE len=5 F5 04 05 00 02 
361680,2 tx hdr=0xF5 op=0x2D MOVE(x,y,z,rx,ry,state,tick) : 82,4 4 50,465 2,475 270,795 b0 i299777941
361689,8 rx src=FPKEAECEOPE len=24 F5 03 18 00 02 19 02 40 00 DD 0F E8 37 00 03 99 14 00 01 A2 0C 01 C0 00 
361709,6 rx src=FPKEAECEOPE len=14 F5 03 0E 00 05 A4 01 40 00 CF 0D 00 3B 08 
361721,0 rx src=FPKEAECEOPE len=34 F5 03 22 00 00 59 00 40 00 66 03 24 FD 21 01 B1 03 40 00 A4 12 02 88 04 06 04 14 40 00 AB 14 07 B4 01 
361739,0 tx hdr=0xF5 op=0x2D MOVE(x,y,z,rx,ry,state,tick) : 82,4 4 50,45 2,475 270,945 b0 i299778000
361754,6 rx src=FPKEAECEOPE len=34 F5 03 22 00 01 9E 03 40 00 A6 12 02 88 04 02 19 02 40 00 DD 0F E8 37 00 03 99 14 00 01 9F 0C 01 C0 00 
361754,7 rx src=FPKEAECEOPE len=5 F5 04 05 00 05 
361770,5 rx src=FPKEAECEOPE len=14 F5 03 0E 00 05 A5 01 40 00 CC 0D 00 3B 04 
361785,6 tx hdr=0xF5 op=0x2D MOVE(x,y,z,rx,ry,state,tick) : 82,4 4 50,45 2,625 271,395 b0 i299778046
361785,9 rx src=FPKEAECEOPE len=34 F5 03 22 00 00 59 00 40 00 66 03 24 FD 21 03 99 14 00 01 9D 0C 01 C0 00 06 E3 13 40 00 A3 14 07 B4 01 
361806,1 rx src=FPKEAECEOPE len=34 F5 03 22 00 01 86 03 40 00 AA 12 02 88 04 02 19 02 40 00 DD 0F E8 37 00 05 A7 01 40 00 BE 0D 00 3B 04 
361821,5 rx src=FPKEAECEOPE len=24 F5 03 18 00 00 59 00 40 00 66 03 24 FD 21 06 C1 13 40 00 9A 14 07 B4 01 
361833,2 tx hdr=0xF5 op=0x2D MOVE(x,y,z,rx,ry,state,tick) : 82,4 4 50,45 2,625 271,545 b0 i299778094
361850,6 rx src=FPKEAECEOPE len=24 F5 03 18 00 02 19 02 40 00 DD 0F ED 30 00 03 99 14 00 01 9C 0C 01 C0 00 
361850,6 rx src=FPKEAECEOPE len=6 F5 02 06 00 07 00 
361864,3 rx src=FPKEAECEOPE len=130 F5 0E 82 00 07 00 77 00 70 70 73 68 00 D0 9F D0 9F D0 A8 00 00 09 02 00 00 00 57 00 72 73 68 31 32 00 D0 A0 D0 A8 2D 31 32 00 01 00 01 00 00 00 44 00 73 68 6F 76 65 6C 00 D0 9B D0 BE D0 BF D0 B0 D1 82 D0 B0 00 02 00 01 00 00 00 45 00 62 6C 6F 63 6B 00 D0 91 D0 BB D0 BE D0 BA 00 03 00 01 
361864,3 rx src=FPKEAECEOPE len=13 F5 0A 0D 00 07 55 00 01 00 2F 00 C0 00 
361885,0 rx src=FPKEAECEOPE len=5 F5 04 05 00 05 
361889,7 tx hdr=0xF5 op=0x2D MOVE(x,y,z,rx,ry,state,tick) : 82,4 4 50,45 2,625 271,545 b0 i299778150
361889,9 rx src=FPKEAECEOPE len=34 F5 03 22 00 05 A7 01 40 00 C2 0D 00 3B 08 06 A0 13 40 00 91 14 07 B4 01 07 60 15 40 00 E0 0B FA C0 01 
361889,9 rx src=FPKEAECEOPE len=34 F5 03 22 00 00 60 00 40 00 66 03 24 FD 24 01 6C 03 40 00 AF 12 02 88 04 03 99 14 00 01 9C 0C 01 C0 00 
361917,6 rx src=FPKEAECEOPE len=34 F5 03 22 00 01 50 03 40 00 B4 12 02 88 04 02 19 02 40 00 DD 0F F3 17 00 05 A6 01 40 00 D1 0D 00 3B 08 
361932,8 tx hdr=0xF5 op=0x2D MOVE(x,y,z,rx,ry,state,tick) : 82,4 4 50,45 2,625 271,545 b0 i299778194
361933,2 rx src=FPKEAECEOPE len=44 F5 03 2C 00 00 60 00 40 00 66 03 24 FD 24 03 99 14 00 01 9C 0C 01 C1 00 06 7F 13 40 00 88 14 07 B3 01 07 60 15 40 00 E0 0B 07 43 10 
361933,2 rx src=FPKEAECEOPE len=6 F5 0F 06 00 07 00 
361949,7 rx src=FPKEAECEOPE len=24 F5 03 18 00 01 33 03 40 00 BA 12 02 88 04 02 19 02 40 00 DD 0F F6 07 00 
361970,8 rx src=FPKEAECEOPE len=34 F5 03 22 00 05 A6 01 40 00 CD 0D 00 3B 04 06 5E 13 40 00 7E 14 07 B3 01 07 60 15 40 00 E0 0B 07 C3 00 
361970,8 rx src=FPKEAECEOPE len=5 F5 04 05 00 05 
361981,9 tx hdr=0xF5 op=0x2D MOVE(x,y,z,rx,ry,state,tick) : 82,4 4 50,45 2,625 271,545 b0 i299778243
361982,3 rx src=FPKEAECEOPE len=14 F5 03 0E 00 00 60 00 40 00 66 03 24 FD 24 
362010,9 rx src=FPKEAECEOPE len=44 F5 03 2C 00 01 15 03 40 00 C0 12 01 87 04 02 19 02 40 00 DD 0F F9 F8 00 03 99 14 00 01 9C 0C 01 C1 00 05 A8 01 40 00 BE 0D 00 3B 04 
362033,4 tx hdr=0xF5 op=0x2D MOVE(x,y,z,rx,ry,state,tick) : 82,4 4 50,45 2,625 271,545 b0 i299778294
362033,6 rx src=FPKEAECEOPE len=44 F5 03 2C 00 00 60 00 40 00 66 03 24 FD 24 03 99 14 00 01 9C 0C 01 C1 00 06 3D 13 40 00 74 14 07 B3 01 07 60 15 40 00 E0 0B 07 C3 00 
362049,6 rx src=FPKEAECEOPE len=14 F5 03 0E 00 05 AA 01 40 00 A8 0D 00 3B 04 
362065,9 rx src=FPKEAECEOPE len=34 F5 03 22 00 01 F6 02 40 00 C6 12 01 87 04 02 16 02 40 00 E9 0F FA F5 01 07 60 15 40 00 E0 0B 07 C3 00 
362069,9 rx src=FPKEAECEOPE len=5 F5 04 05 00 05 
362081,0 tx hdr=0xF5 op=0x2D MOVE(x,y,z,rx,ry,state,tick) : 82,4 4 50,45 2,625 271,395 b0 i299778342
362086,4 rx src=FPKEAECEOPE len=34 F5 03 22 00 00 60 00 40 00 66 03 24 FD 24 03 99 14 00 01 9C 0C 01 C1 00 06 1B 13 40 00 6A 14 07 B4 01 
362112,1 rx src=FPKEAECEOPE len=34 F5 03 22 00 01 D8 02 40 00 CB 12 01 87 04 02 0F 02 40 00 FE 0F FC F2 01 05 AA 01 40 00 A8 0D 00 3B 08 
362127,2 rx src=FPKEAECEOPE len=44 F5 03 2C 00 00 60 00 40 00 66 03 24 FD 24 03 99 14 00 01 9C 0C 01 C1 00 06 FA 12 40 00 62 14 07 B8 01 07 60 15 40 00 E0 0B 07 C3 00 
362134,9 tx hdr=0xF5 op=0x2D MOVE(x,y,z,rx,ry,state,tick) : 82,4 4 50,45 2,475 270,945 b0 i299778396
362149,3 rx src=FPKEAECEOPE len=14 F5 03 0E 00 05 A9 01 40 00 B5 0D 00 3B 08 
362167,8 rx src=FPKEAECEOPE len=44 F5 03 2C 00 01 B9 02 40 00 D1 12 01 87 04 02 07 02 40 00 16 10 FF F2 01 06 D8 12 40 00 5C 14 06 BC 01 07 60 15 40 00 E0 0B 07 C3 00 
362167,9 rx src=FPKEAECEOPE len=12 F5 34 0C 00 26 41 DE 11 80 41 DE 11 
362183,2 tx hdr=0xF5 op=0x2D MOVE(x,y,z,rx,ry,state,tick) : 82,4 4 50,45 2,475 270,945 b0 i299778447
362183,4 rx src=FPKEAECEOPE len=24 F5 03 18 00 00 60 00 40 00 66 03 24 FD 24 03 99 14 00 01 9C 0C 01 C0 00 
362183,4 rx src=FPKEAECEOPE len=5 F5 04 05 00 05 
362204,7 rx src=FPKEAECEOPE len=24 F5 03 18 00 02 FD 01 40 00 32 10 03 F1 01 05 A9 01 40 00 B0 0D 00 3B 04 
362232,5 tx hdr=0xF5 op=0x2D MOVE(x,y,z,rx,ry,state,tick) : 82,4 4 50,45 2,475 270,945 b0 i299778496
362232,7 rx src=FPKEAECEOPE len=54 F5 03 36 00 00 60 00 40 00 66 03 24 FD 24 01 9B 02 40 00 D6 12 01 87 04 03 99 14 00 01 9C 0C 01 C0 00 06 B6 12 40 00 57 14 06 BC 01 07 60 15 40 00 E0 0B 07 C3 00 
362232,8 rx src=FPKEAECEOPE len=6 F5 0F 06 00 02 02 
362246,2 rx src=FPKEAECEOPE len=14 F5 03 0E 00 01 7C 02 40 00 DC 12 01 87 04 
362266,8 rx src=FPKEAECEOPE len=44 F5 03 2C 00 00 60 00 40 00 66 03 24 FD 24 02 F1 01 40 00 53 10 03 F1 01 05 AB 01 40 00 A0 0D 00 3B 04 07 60 15 40 00 E0 0B 07 C1 00 
362280,7 tx hdr=0xF5 op=0x2D MOVE(x,y,z,rx,ry,state,tick) : 82,4 4 50,45 2,475 270,945 b0 i299778544
362287,4 rx src=FPKEAECEOPE len=14 F5 03 0E 00 03 99 14 00 01 9C 0C 01 C0 00 
362301,6 rx src=FPKEAECEOPE len=5 F5 04 05 00 05 
362306,8 rx src=FPKEAECEOPE len=14 F5 03 0E 00 02 E5 01 00 00 75 10 03 F1 11 
362332,0 tx hdr=0xF5 op=0x2D MOVE(x,y,z,rx,ry,state,tick) : 82,4 4 50,45 2,475 270,945 b0 i299778596
362332,4 rx src=FPKEAECEOPE len=54 F5 03 36 00 00 60 00 40 00 66 03 24 FD 24 03 99 14 00 01 9C 0C 01 C0 00 05 AB 01 40 00 A2 0D 00 3B 28 06 94 12 40 00 53 14 06 BC 01 07 60 15 40 00 E0 0B 07 BF 00 
362352,6 rx src=FPKEAECEOPE len=24 F5 03 18 00 01 5D 02 40 00 E1 12 00 86 04 02 DE 01 00 00 87 10 03 F1 01 
362363,5 rx src=FPKEAECEOPE len=24 F5 03 18 00 00 60 00 40 00 66 03 24 FD 24 07 60 15 40 00 E0 0B 07 BE 00 
362383,3 tx hdr=0xF5 op=0x2D MOVE(x,y,z,rx,ry,state,tick) : 82,4 4 50,45 2,475 270,945 b0 i299778647
362393,1 rx src=FPKEAECEOPE len=34 F5 03 22 00 03 99 14 00 01 9C 0C 01 C0 00 05 AB 01 40 00 9C 0D 00 3B 24 06 72 12 40 00 4F 14 05 BC 01 
362400,3 rx src=FPKEAECEOPE len=5 F5 04 05 00 05 
362406,7 rx src=FPKEAECEOPE len=24 F5 03 18 00 01 3E 02 40 00 E6 12 00 85 04 02 D8 01 40 00 98 10 03 F1 01 
362425,7 rx src=FPKEAECEOPE len=54 F5 03 36 00 00 60 00 40 00 66 03 24 FD 24 03 99 14 00 01 9C 0C 01 C0 00 05 AD 01 40 00 89 0D 00 3B 04 06 4F 12 40 00 4C 14 05 BC 01 07 60 15 40 00 E0 0B 07 BE 00 
362433,3 tx hdr=0xF5 op=0x2D MOVE(x,y,z,rx,ry,state,tick) : 82,4 4 50,45 2,475 270,945 b0 i299778697
362455,6 rx src=FPKEAECEOPE len=14 F5 03 0E 00 02 CA 01 00 00 BB 10 03 F1 11 
362469,6 rx src=FPKEAECEOPE len=24 F5 03 18 00 01 2B 02 40 00 EA 12 00 84 00 05 AD 01 40 00 8A 0D 00 3B 08 
362484,6 tx hdr=0xF5 op=0x2D MOVE(x,y,z,rx,ry,state,tick) : 82,4 4 50,45 2,475 270,945 b0 i299778748
362484,9 rx src=FPKEAECEOPE len=44 F5 03 2C 00 00 60 00 40 00 66 03 24 FD 20 03 99 14 00 01 9C 0C 01 C0 00 06 2D 12 40 00 48 14 04 BC 01 07 60 15 40 00 E0 0B 07 BE 00 
362515,1 rx src=FPKEAECEOPE len=34 F5 03 22 00 01 20 02 40 00 EB 12 00 84 00 02 C4 01 00 00 CD 10 03 F1 01 05 AC 01 40 00 98 0D 00 3B 08 
362524,5 rx src=FPKEAECEOPE len=34 F5 03 22 00 00 66 00 40 00 66 03 24 FD 20 06 0A 12 40 00 46 14 03 BD 01 07 60 15 40 00 E0 0B 06 C0 00 
362531,7 tx hdr=0xF5 op=0x2D MOVE(x,y,z,rx,ry,state,tick) : 82,4 4 50,45 2,475 270,945 b0 i299778795
362551,1 rx src=FPKEAECEOPE len=24 F5 03 18 00 02 BD 01 00 00 DF 10 02 F2 01 03 99 14 00 01 9C 0C 01 C0 00 
362566,4 rx src=FPKEAECEOPE len=24 F5 03 18 00 01 1A 02 40 00 EC 12 00 83 00 05 A9 01 40 00 AC 0D 01 3B 08 
362582,2 tx hdr=0xF5 op=0x2D MOVE(x,y,z,rx,ry,state,tick) : 82,4 4 50,45 2,475 270,945 b0 i299778846
362582,4 rx src=FPKEAECEOPE len=44 F5 03 2C 00 00 66 00 40 00 66 03 24 FD 20 03 99 14 00 01 9C 0C 01 C0 00 06 E8 11 40 00 43 14 02 BE 01 07 60 15 40 00 E0 0B 02 D2 00 
362603,0 rx src=FPKEAECEOPE len=24 F5 03 18 00 02 B7 01 00 00 F1 10 02 F3 01 05 A5 01 40 00 C5 0D 01 37 08 
362628,0 rx src=FPKEAECEOPE len=54 F5 03 36 00 00 66 00 40 00 66 03 24 FD 20 01 16 02 40 00 ED 12 00 83 00 03 99 14 00 01 9C 0C 01 C0 00 06 C5 11 40 00 42 14 02 BE 01 07 60 15 40 00 E0 0B FE F0 00 
362633,6 tx hdr=0xF5 op=0x2D MOVE(x,y,z,rx,ry,state,tick) : 82,4 4 50,45 2,475 270,945 b0 i299778897
362643,2 rx src=FPKEAECEOPE len=34 F5 03 22 00 01 13 02 40 00 ED 12 00 83 00 02 B1 01 38 00 03 11 02 F3 11 05 9E 01 40 00 E0 0D 02 2F 08 
362670,5 rx src=FPKEAECEOPE len=24 F5 03 18 00 00 66 00 40 00 66 03 24 FD 20 07 60 15 40 00 E0 0B FD F5 00 
362679,1 tx hdr=0xF5 op=0x2D MOVE(x,y,z,rx,ry,state,tick) : 82,4 4 50,45 2,475 270,945 b0 i299778943
362679,4 rx src=FPKEAECEOPE len=24 F5 03 18 00 03 99 14 00 01 9C 0C 01 C0 00 06 A3 11 40 00 40 14 02 BE 01 
362712,0 rx src=FPKEAECEOPE len=34 F5 03 22 00 01 05 02 40 00 EF 12 00 83 04 02 A5 01 61 00 27 11 02 F3 11 05 94 01 40 00 FB 0D 02 2D 08 
362738,4 tx hdr=0xF5 op=0x2D MOVE(x,y,z,rx,ry,state,tick) : 82,4 4 50,45 2,475 270,945 b0 i299779002
362738,9 rx src=FPKEAECEOPE len=44 F5 03 2C 00 00 66 00 40 00 66 03 24 FD 20 03 99 14 00 01 9C 0C 01 C0 00 06 80 11 40 00 3E 14 02 BE 01 07 60 15 40 00 E0 0B FD F5 00 
362752,8 rx src=FPKEAECEOPE len=24 F5 03 18 00 02 99 01 7A 00 4C 11 02 F3 11 05 88 01 40 00 17 0E 02 2D 08 
362767,9 rx src=FPKEAECEOPE len=24 F5 03 18 00 01 F0 01 40 00 F1 12 00 83 04 07 60 15 40 00 E0 0B FD F5 00 
362785,6 tx hdr=0xF5 op=0x2D MOVE(x,y,z,rx,ry,state,tick) : 82,4 4 50,45 2,475 270,945 b0 i299779049
362785,9 rx src=FPKEAECEOPE len=34 F5 03 22 00 00 66 00 40 00 66 03 24 FD 20 03 99 14 00 01 9C 0C 01 C0 00 06 5E 11 40 00 3D 14 02 BE 01 
362815,1 rx src=FPKEAECEOPE len=24 F5 03 18 00 01 D7 01 40 00 F3 12 00 83 04 02 8D 01 85 00 70 11 02 F3 11 
362830,6 tx hdr=0xF5 op=0x2D MOVE(x,y,z,rx,ry,state,tick) : 82,4 4 50,45 2,475 270,945 b0 i299779094
362830,9 rx src=FPKEAECEOPE len=44 F5 03 2C 00 00 66 00 40 00 66 03 24 FD 20 05 7B 01 40 00 34 0E 02 2D 08 06 3B 11 40 00 3C 14 02 BE 01 07 60 15 40 00 E0 0B FD F5 00 
362845,1 rx src=FPKEAECEOPE len=24 F5 03 18 00 02 80 01 80 00 94 11 02 F3 11 03 99 14 00 01 9C 0C 01 C0 00 
362873,0 rx src=FPKEAECEOPE len=34 F5 03 22 00 00 66 00 40 00 66 03 24 FD 20 01 C8 01 40 00 F4 12 01 82 00 07 60 15 40 00 E0 0B FD F5 00 
362878,8 tx hdr=0xF5 op=0x2D MOVE(x,y,z,rx,ry,state,tick) : 82,4 4 50,45 2,475 270,945 b0 i299779142
362888,3 rx src=FPKEAECEOPE len=34 F5 03 22 00 03 99 14 00 01 9C 0C 01 C0 00 05 6E 01 40 00 50 0E 02 2D 08 06 19 11 40 00 3A 14 01 BE 01 
362917,7 rx src=FPKEAECEOPE len=14 F5 03 0E 00 02 74 01 6B 00 B8 11 02 F3 11 
362931,5 tx hdr=0xF5 op=0x2D MOVE(x,y,z,rx,ry,state,tick) : 82,4 4 50,45 2,475 270,945 b0 i299779195
362931,7 rx src=FPKEAECEOPE len=54 F5 03 36 00 00 66 00 40 00 66 03 24 FD 20 01 BF 01 40 00 F5 12 01 82 00 03 99 14 00 01 9C 0C 01 C0 00 06 F6 10 40 00 39 14 01 BE 01 07 60 15 40 00 E0 0B FD F5 00 
362931,7 rx src=FPKEAECEOPE len=10 F5 14 0A 00 18 00 1E 00 0A 00 
362947,2 rx src=FPKEAECEOPE len=34 F5 03 22 00 01 BA 01 40 00 F6 12 01 82 00 02 68 01 47 00 DD 11 FE F3 11 05 53 01 40 00 89 0E 02 2E 08 
362982,3 tx hdr=0xF5 op=0x2D MOVE(x,y,z,rx,ry,state,tick) : 82,4 4 50,45 2,475 270,945 b0 i299779246
362989,2 rx src=FPKEAECEOPE len=54 F5 03 36 00 00 66 00 40 00 66 03 24 FD 20 02 5C 01 40 00 01 12 F6 F1 05 03 99 14 00 01 9C 0C 01 C0 00 06 D4 10 40 00 38 14 01 BF 01 07 60 15 40 00 E0 0B FD F5 00 
363013,7 rx src=FPKEAECEOPE len=24 F5 03 18 00 01 B7 01 40 00 F6 12 01 81 00 05 45 01 40 00 A6 0E 02 2E 08 
363018,6 rx src=FPKEAECEOPE len=34 F5 03 22 00 00 66 00 40 00 66 03 24 FD 20 06 B1 10 40 00 37 14 01 BF 01 07 60 15 40 00 E0 0B FD F5 00 
363033,4 tx hdr=0xF5 op=0x2D MOVE(x,y,z,rx,ry,state,tick) : 82,4 4 50,45 2,475 270,945 b0 i299779297
363056,7 rx src=FPKEAECEOPE len=34 F5 03 22 00 02 5B 01 40 00 25 12 F1 F0 05 03 99 14 00 01 9C 0C 01 C0 00 05 38 01 40 00 C4 0E 02 30 08 
363071,4 rx src=FPKEAECEOPE len=14 F5 03 0E 00 01 B5 01 40 00 F6 12 01 81 00 
363076,9 rx src=FPKEAECEOPE len=44 F5 03 2C 00 00 66 00 40 00 66 03 24 FD 20 03 99 14 00 01 9C 0C 01 C0 00 06 8F 10 40 00 36 14 01 BF 01 07 60 15 40 00 E0 0B FD F5 00 
363086,4 tx hdr=0xF5 op=0x2D MOVE(x,y,z,rx,ry,state,tick) : 82,4 4 50,45 2,475 270,945 b0 i299779350
363118,8 rx src=FPKEAECEOPE len=24 F5 03 18 00 01 B4 01 40 00 F6 12 01 80 00 02 5F 01 40 00 49 12 F0 EE 05 
363118,8 rx src=FPKEAECEOPE len=44 F5 03 2C 00 00 66 00 40 00 66 03 24 FD 20 05 2E 01 40 00 E1 0E 02 35 08 06 6C 10 40 00 36 14 01 BF 01 07 60 15 40 00 E0 0B FD F5 00 
363133,2 tx hdr=0xF5 op=0x2D MOVE(x,y,z,rx,ry,state,tick) : 82,4 4 50,45 2,475 270,945 b0 i299779397
363148,1 rx src=FPKEAECEOPE len=34 F5 03 22 00 02 65 01 40 00 6D 12 EE E8 05 03 99 14 00 01 9C 0C 01 C0 00 05 2B 01 40 00 00 0F 00 4D 08 
363164,3 rx src=FPKEAECEOPE len=14 F5 03 0E 00 01 B3 01 40 00 F6 12 01 7E 00 
363168,8 rx src=FPKEAECEOPE len=12 F5 34 0C 00 16 45 DE 11 68 45 DE 11 
363180,6 tx hdr=0xF5 op=0x2D MOVE(x,y,z,rx,ry,state,tick) : 82,4 4 50,45 2,475 270,945 b0 i299779443
363185,0 rx src=FPKEAECEOPE len=44 F5 03 2C 00 00 66 00 40 00 66 03 24 FD 20 03 99 14 00 01 9C 0C 01 C0 00 06 49 10 40 00 35 14 01 BF 01 07 60 15 40 00 E0 0B FD F5 00 
363213,0 rx src=FPKEAECEOPE len=34 F5 03 22 00 01 B3 01 40 00 F6 12 01 7E 00 02 6B 01 40 00 93 12 EF E6 05 05 33 01 40 00 1A 0F FF 62 08 
363229,9 tx hdr=0xF5 op=0x2D MOVE(x,y,z,rx,ry,state,tick) : 82,4 4 50,45 2,475 270,945 b0 i299779493
363230,2 rx src=FPKEAECEOPE len=34 F5 03 22 00 00 66 00 40 00 66 03 24 FD 20 06 27 10 40 00 34 14 01 BF 01 07 60 15 40 00 E0 0B FD F5 00 
363244,4 rx src=FPKEAECEOPE len=34 F5 03 22 00 02 71 01 40 00 B8 12 EF E6 05 03 99 14 00 01 9C 0C 01 C0 00 05 2C 01 40 00 25 0F FF 6D 04 
363271,9 rx src=FPKEAECEOPE len=24 F5 03 18 00 00 66 00 40 00 66 03 24 FD 20 07 60 15 40 00 E0 0B FD F5 00 
363271,9 rx src=FPKEAECEOPE len=10 F5 06 0A 00 08 00 02 00 34 00 
363278,1 rx src=FPKEAECEOPE len=5 F5 04 05 00 01 
363287,1 tx hdr=0xF5 op=0x2D MOVE(x,y,z,rx,ry,state,tick) : 82,4 4 50,45 2,475 270,945 b0 i299779550
363291,6 rx src=FPKEAECEOPE len=24 F5 03 18 00 01 A6 01 40 00 F6 12 01 7D 04 03 99 14 00 01 9C 0C 01 C0 00 
363306,0 rx src=FPKEAECEOPE len=34 F5 03 22 00 01 92 01 40 00 F5 12 00 7D 04 02 79 01 40 00 DD 12 F3 EA 05 05 23 01 40 00 1F 0F 00 72 05 
363331,0 tx hdr=0xF5 op=0x2D MOVE(x,y,z,rx,ry,state,tick) : 82,4 4 50,45 2,475 270,945 b0 i299779594
363331,3 rx src=FPKEAECEOPE len=44 F5 03 2C 00 00 66 00 40 00 66 03 24 FD 20 03 99 14 00 01 9C 0C 01 C0 00 06 E2 0F 40 00 33 14 00 BE 01 07 60 15 40 00 E0 0B FD F4 00 
363346,9 rx src=FPKEAECEOPE len=24 F5 03 18 00 02 82 01 40 00 02 13 F7 ED 05 05 17 01 40 00 11 0F 00 73 05 
363380,1 tx hdr=0xF5 op=0x2D MOVE(x,y,z,rx,ry,state,tick) : 82,4 4 50,45 2,475 270,945 b0 i299779643
363380,4 rx src=FPKEAECEOPE len=14 F5 03 0E 00 01 79 01 40 00 F3 12 00 7D 04 
363380,4 rx src=FPKEAECEOPE len=34 F5 03 22 00 00 66 00 40 00 66 03 24 FD 20 06 BF 0F 40 00 32 14 00 BE 01 07 6C 15 40 00 E4 0B FE F2 04 
363407,1 rx src=FPKEAECEOPE len=44 F5 03 2C 00 01 5E 01 40 00 F2 12 00 7D 04 02 8F 01 40 00 26 13 FF F3 05 03 99 14 00 01 9C 0C 01 C0 00 05 0A 01 40 00 FD 0E 00 73 05 
363437,1 tx hdr=0xF5 op=0x2D MOVE(x,y,z,rx,ry,state,tick) : 82,4 4 50,45 2,475 270,945 b0 i299779700
363437,4 rx src=FPKEAECEOPE len=44 F5 03 2C 00 00 66 00 40 00 66 03 24 FD 20 03 99 14 00 01 9C 0C 01 C0 00 06 9D 0F 40 00 31 14 00 BE 01 07 79 15 40 00 F2 0B FE F0 05 
363441,7 rx src=FPKEAECEOPE len=14 F5 03 0E 00 05 FC 00 40 00 E6 0E 00 73 05 
363471,2 rx src=FPKEAECEOPE len=34 F5 03 22 00 00 66 00 40 00 66 03 24 FD 20 01 4E 01 40 00 F1 12 00 7D 00 02 9F 01 40 00 48 13 02 F6 05 
363481,9 tx hdr=0xF5 op=0x2D MOVE(x,y,z,rx,ry,state,tick) : 82,4 4 50,45 2,475 270,945 b0 i299779745
363486,4 rx src=FPKEAECEOPE len=34 F5 03 22 00 03 99 14 00 01 9C 0C 01 C0 00 06 7A 0F 40 00 30 14 00 BE 01 07 85 15 40 00 07 0C FE EE 05 
363514,6 rx src=FPKEAECEOPE len=24 F5 03 18 00 02 B2 01 40 00 6A 13 05 F9 05 05 EE 00 40 00 CC 0E 00 73 05 
363528,9 tx hdr=0xF5 op=0x2D MOVE(x,y,z,rx,ry,state,tick) : 82,4 4 50,45 2,475 270,945 b0 i299779792
363529,2 rx src=FPKEAECEOPE len=44 F5 03 2C 00 00 66 00 40 00 66 03 24 FD 20 01 44 01 40 00 F1 12 00 7D 00 06 58 0F 40 00 2E 14 00 BE 01 07 90 15 40 00 20 0C FF EC 05 
363550,5 rx src=FPKEAECEOPE len=44 F5 03 2C 00 01 3E 01 40 00 F0 12 00 7D 00 02 C6 01 40 00 8A 13 06 FA 05 03 99 14 00 01 9C 0C 01 C0 00 05 E0 00 40 00 B2 0E 00 73 05 
363581,8 tx hdr=0xF5 op=0x2D MOVE(x,y,z,rx,ry,state,tick) : 82,4 4 50,45 2,475 270,945 b0 i299779844
363582,0 rx src=FPKEAECEOPE len=44 F5 03 2C 00 00 66 00 40 00 66 03 24 FD 20 03 99 14 00 01 9C 0C 01 C0 00 06 35 0F 40 00 2D 14 00 BE 01 07 9B 15 40 00 20 0C FF EC 05 
363582,1 rx src=FPKEAECEOPE len=6 F5 0F 06 00 00 02 
363615,1 rx src=FPKEAECEOPE len=34 F5 03 22 00 01 3A 01 40 00 F0 12 00 7D 00 02 DC 01 40 00 A9 13 07 FB 05 05 D1 00 40 00 97 0E 00 73 05 
363629,6 tx hdr=0xF5 op=0x2D MOVE(x,y,z,rx,ry,state,tick) : 82,4 4 50,45 2,475 270,945 b0 i299779892
363629,8 rx src=FPKEAECEOPE len=44 F5 03 2C 00 00 66 00 40 00 66 03 24 FD 20 03 99 14 00 01 9C 0C 01 C0 00 06 13 0F 40 00 2C 14 00 BE 01 07 A5 15 40 00 20 0C FF EC 05 
363659,0 rx src=FPKEAECEOPE len=13 F5 0A 0D 00 04 58 00 01 00 2F 00 C0 00 
363672,9 rx src=FPKEAECEOPE len=44 F5 03 2C 00 01 38 01 40 00 F0 12 01 7D 00 02 E9 01 40 00 CB 13 09 00 01 04 20 16 40 00 E0 0B FF C0 00 05 C3 00 40 00 7A 0E 00 70 05 
363680,2 tx hdr=0xF5 op=0x2D MOVE(x,y,z,rx,ry,state,tick) : 82,4 4 50,45 2,475 270,945 b0 i299779943
363686,2 rx src=FPKEAECEOPE len=44 F5 03 2C 00 00 66 00 40 00 66 03 24 FD 20 03 99 14 00 01 9C 0C 01 C0 00 06 F0 0E 40 00 2A 14 00 BE 01 07 A2 15 40 00 20 0C FF E2 01 
363707,9 rx src=FPKEAECEOPE len=34 F5 03 22 00 01 37 01 40 00 F0 12 01 7D 00 02 F2 01 40 00 EF 13 09 01 01 05 B7 00 40 00 5D 0E 00 6B 05 
363708,0 rx src=FPKEAECEOPE len=5 F5 04 05 00 02 
363728,6 tx hdr=0xF5 op=0x2D MOVE(x,y,z,rx,ry,state,tick) : 82,4 4 50,45 2,475 270,945 b0 i299779991
363728,8 rx src=FPKEAECEOPE len=44 F5 03 2C 00 00 66 00 40 00 66 03 24 FD 20 03 99 14 00 01 9C 0C 01 C0 00 06 CE 0E 40 00 29 14 00 BE 01 07 97 15 40 00 20 0C FF DA 01 
363767,3 rx src=FPKEAECEOPE len=54 F5 03 36 00 00 66 00 40 00 66 03 24 FD 20 01 36 01 40 00 F0 12 01 7D 00 02 F7 01 40 00 14 14 09 01 01 05 AE 00 40 00 3F 0E FF 67 05 07 85 15 40 00 20 0C FF D8 01 
363781,4 tx hdr=0xF5 op=0x2D MOVE(x,y,z,rx,ry,state,tick) : 82,4 4 50,45 2,475 270,945 b0 i299780044
363789,4 rx src=FPKEAECEOPE len=24 F5 03 18 00 03 99 14 00 01 9C 0C 01 C0 00 06 AB 0E 40 00 27 14 00 BE 01 
363808,8 rx src=FPKEAECEOPE len=34 F5 03 22 00 01 36 01 40 00 F0 12 01 7C 00 02 FB 01 40 00 39 14 09 01 01 05 A7 00 40 00 20 0E FF 62 05 
363829,9 tx hdr=0xF5 op=0x2D MOVE(x,y,z,rx,ry,state,tick) : 82,4 4 50,45 2,475 270,945 b0 i299780093
363830,2 rx src=FPKEAECEOPE len=44 F5 03 2C 00 00 66 00 40 00 66 03 24 FD 20 03 99 14 00 01 9C 0C 01 C0 00 06 88 0E 40 00 26 14 00 BE 01 07 6F 15 40 00 20 0C FF D8 01 
363840,4 tx hdr=0xF5 op=0x65 ? :
363840,6 rx src=FPKEAECEOPE len=6 F5 0F 06 00 04 00 
363853,8 # net: TcpClient.Connected = True
363859,5 rx src=FPKEAECEOPE len=5 F5 04 05 00 00 
363867,8 rx src=FPKEAECEOPE len=24 F5 03 18 00 02 FE 01 40 00 5F 14 09 01 01 05 A4 00 40 00 01 0E FF 5D 05 
363881,4 tx hdr=0xF5 op=0x2D MOVE(x,y,z,rx,ry,state,tick) : 82,4 4 50,45 2,475 270,945 b0 i299780144
363885,4 rx src=FPKEAECEOPE len=64 F5 03 40 00 00 66 00 40 00 66 03 24 FD 20 01 36 01 40 00 F0 12 01 7A 00 03 99 14 00 01 9C 0C 01 C0 00 04 20 16 40 00 E0 0B FF C0 00 06 66 0E 40 00 24 14 00 BE 01 07 58 15 40 00 20 0C FF D8 01 
363910,9 rx src=FPKEAECEOPE len=24 F5 03 18 00 01 36 01 40 00 F0 12 01 7A 00 05 A4 00 40 00 E2 0D FE 59 05 
363929,7 tx hdr=0xF5 op=0x2D MOVE(x,y,z,rx,ry,state,tick) : 82,4 4 50,45 2,475 270,945 b0 i299780192
363929,9 rx src=FPKEAECEOPE len=64 F5 03 40 00 00 66 00 40 00 66 03 24 FD 20 02 01 02 40 00 85 14 09 01 01 03 99 14 00 01 9C 0C 01 C0 00 04 20 16 40 00 E0 0B FF C0 00 06 43 0E 40 00 23 14 00 BE 01 07 4A 15 40 00 20 0C FF D8 00 
363944,7 rx src=FPKEAECEOPE len=34 F5 03 22 00 01 36 01 40 00 F0 12 01 7A 00 02 03 02 40 00 AB 14 08 02 01 05 A7 00 40 00 C2 0D FE 56 05 
363968,0 rx src=FPKEAECEOPE len=14 F5 03 0E 00 00 66 00 40 00 66 03 24 FD 20 
363968,0 rx src=FPKEAECEOPE len=6 F5 0F 06 00 02 00 
363982,6 tx hdr=0xF5 op=0x2D MOVE(x,y,z,rx,ry,state,tick) : 82,4 4 50,45 2,475 270,945 b0 i299780245
363997,3 rx src=FPKEAECEOPE len=44 F5 03 2C 00 03 99 14 00 01 9C 0C 01 C0 00 04 20 16 40 00 E0 0B FF C0 00 06 21 0E 40 00 21 14 00 BE 01 07 41 15 40 00 20 0C FF D8 00 
363997,3 rx src=FPKEAECEOPE len=14 F5 03 0E 00 05 AD 00 40 00 A3 0D FE 54 05 
364012,8 rx src=FPKEAECEOPE len=5 F5 04 05 00 01 
364031,1 tx hdr=0xF5 op=0x2D MOVE(x,y,z,rx,ry,state,tick) : 82,4 4 50,45 2,475 270,945 b0 i299780294
364031,4 rx src=FPKEAECEOPE len=74 F5 03 4A 00 00 66 00 40 00 66 03 24 FD 20 01 36 01 40 00 F0 12 01 7A 00 02 06 02 40 00 CD 14 07 04 01 03 99 14 00 01 9C 0C 01 C0 00 04 20 16 40 00 E0 0B FF C0 00 06 FE 0D 40 00 20 14 00 BD 01 07 3C 15 40 00 24 0C FF D8 00 
364057,0 rx src=FPKEAECEOPE len=34 F5 03 22 00 01 36 01 40 00 F0 12 00 7A 00 02 09 02 40 00 EE 14 07 05 01 05 B5 00 40 00 85 0D FD 51 05 
364057,0 rx src=FPKEAECEOPE len=10 F5 06 0A 00 01 00 01 00 0E 00 
364058,1 rx src=FPKEAECEOPE len=5 F5 04 05 00 00 
364083,9 tx hdr=0xF5 op=0x2D MOVE(x,y,z,rx,ry,state,tick) : 82,4 4 50,45 2,475 270,945 b0 i299780347
364091,0 rx src=FPKEAECEOPE len=54 F5 03 36 00 00 66 00 40 00 66 03 24 FD 20 03 99 14 00 01 9C 0C 01 C0 00 04 20 16 40 00 E0 0B FF C0 00 06 DC 0D 40 00 1E 14 01 BD 01 07 39 15 40 00 24 0C FF D8 00 
364111,6 rx src=FPKEAECEOPE len=34 F5 03 22 00 01 36 01 40 00 F0 12 00 7A 00 02 0D 02 40 00 0F 15 07 05 01 05 BF 00 40 00 67 0D FD 4B 05 
364133,0 tx hdr=0xF5 op=0x2D MOVE(x,y,z,rx,ry,state,tick) : 82,4 4 50,45 2,475 270,945 b0 i299780396
364133,3 rx src=FPKEAECEOPE len=54 F5 03 36 00 00 66 00 40 00 66 03 24 FD 20 03 99 14 00 01 9C 0C 01 C0 00 04 20 16 40 00 E0 0B FF C0 00 06 B9 0D 40 00 1C 14 01 BD 01 07 42 15 40 00 1F 0C FF D8 02 
364147,6 rx src=FPKEAECEOPE len=14 F5 03 0E 00 05 CC 00 40 00 4A 0D FD 49 05 
364166,4 rx src=FPKEAECEOPE len=24 F5 03 18 00 01 36 01 40 00 F0 12 00 7A 00 02 10 02 40 00 30 15 07 05 01 
364166,4 rx src=FPKEAECEOPE len=12 F5 34 0C 00 FB 48 DE 11 4F 49 DE 11 
364181,3 tx hdr=0xF5 op=0x2D MOVE(x,y,z,rx,ry,state,tick) : 82,4 4 50,45 2,475 270,945 b0 i299780445
364193,5 rx src=FPKEAECEOPE len=54 F5 03 36 00 00 66 00 40 00 66 03 24 FD 20 03 99 14 00 01 9C 0C 01 C0 00 04 20 16 40 00 E0 0B FF C0 00 06 97 0D 40 00 1A 14 01 BD 01 07 52 15 40 00 14 0C FF D8 02 
364212,4 rx src=FPKEAECEOPE len=24 F5 03 18 00 02 14 02 40 00 51 15 07 05 01 05 DB 00 40 00 2E 0D FD 49 05 
364220,2 rx src=FPKEAECEOPE len=44 F5 03 2C 00 00 66 00 40 00 66 03 24 FD 20 01 36 01 40 00 F0 12 00 7A 00 06 74 0D 40 00 17 14 01 BD 01 07 66 15 40 00 06 0C FF D8 02 
364236,2 tx hdr=0xF5 op=0x2D MOVE(x,y,z,rx,ry,state,tick) : 82,4 4 50,45 2,475 270,645 b0 i299780500
364252,2 rx src=FPKEAECEOPE len=34 F5 03 22 00 02 18 02 40 00 72 15 07 05 01 03 99 14 00 01 9C 0C 01 C0 00 04 20 16 40 00 E0 0B FF C0 00 
364268,1 rx src=FPKEAECEOPE len=54 F5 03 36 00 00 66 00 40 00 66 03 24 FD 20 01 36 01 40 00 F0 12 00 7A 00 05 EA 00 40 00 13 0D FD 49 05 06 52 0D 40 00 15 14 01 BD 01 07 7D 15 40 00 F6 0B FF D8 02 
364283,4 tx hdr=0xF5 op=0x2D MOVE(x,y,z,rx,ry,state,tick) : 82,4 4 50,45 2,475 268,995 b0 i299780547
364297,7 rx src=FPKEAECEOPE len=24 F5 03 18 00 03 99 14 00 01 9C 0C 01 C0 00 04 20 16 40 00 E0 0B FF C0 00 
364314,0 rx src=FPKEAECEOPE len=24 F5 03 18 00 01 36 01 40 00 F0 12 00 7A 00 05 FB 00 40 00 F7 0C FD 48 05 
364333,4 tx hdr=0xF5 op=0x2D MOVE(x,y,z,rx,ry,state,tick) : 82,4 4 50,45 2,325 267,645 b0 i299780597
364333,7 rx src=FPKEAECEOPE len=44 F5 03 2C 00 00 66 00 40 00 66 03 24 FD 20 02 1C 02 40 00 93 15 07 05 01 06 2F 0D 40 00 13 14 01 BF 01 07 96 15 40 00 E5 0B FF D8 02 
364333,7 rx src=FPKEAECEOPE len=5 F5 04 05 00 01 
364338,3 rx src=FPKEAECEOPE len=5 F5 04 05 00 00 
364348,4 rx src=FPKEAECEOPE len=34 F5 03 22 00 02 20 02 40 00 B4 15 07 05 01 03 99 14 00 01 9C 0C 01 C0 00 04 20 16 40 00 E0 0B FF C0 00 
364367,9 rx src=FPKEAECEOPE len=34 F5 03 22 00 00 66 00 40 00 66 03 24 FD 20 01 36 01 40 00 F0 12 00 7B 00 05 0D 01 40 00 DD 0C FB 43 05 
364378,7 tx hdr=0xF5 op=0x2D MOVE(x,y,z,rx,ry,state,tick) : 82,4 4 50,45 2,175 267,345 b0 i299780643
364393,1 rx src=FPKEAECEOPE len=44 F5 03 2C 00 03 99 14 00 01 9C 0C 01 BF 00 04 20 16 40 00 E0 0B FF C0 00 06 0D 0D 40 00 12 14 01 C0 01 07 B0 15 40 00 D4 0B FF D8 02 
364409,7 rx src=FPKEAECEOPE len=24 F5 03 18 00 02 24 02 40 00 D5 15 07 05 01 05 21 01 40 00 D7 0C FA 3F 09 
364423,1 rx src=FPKEAECEOPE len=44 F5 03 2C 00 00 66 00 40 00 66 03 24 FD 20 01 36 01 40 00 F0 12 00 7B 00 06 EA 0C 40 00 12 14 01 C0 01 07 CA 15 40 00 C2 0B FF D8 02 
364436,7 tx hdr=0xF5 op=0x2D MOVE(x,y,z,rx,ry,state,tick) : 82,4 4 50,45 2,175 267,345 b0 i299780701
364449,6 rx src=FPKEAECEOPE len=54 F5 03 36 00 01 36 01 40 00 F0 12 00 7B 00 02 28 02 40 00 F6 15 06 04 01 03 99 14 00 01 9C 0C 01 BE 00 04 20 16 40 00 E0 0B FF C0 00 05 2C 01 40 00 DF 0C FA 3E 08 
364481,5 tx hdr=0xF5 op=0x2D MOVE(x,y,z,rx,ry,state,tick) : 82,4 4 50,45 2,175 267,345 b0 i299780746
364489,8 rx src=FPKEAECEOPE len=44 F5 03 2C 00 00 66 00 40 00 66 03 24 FD 20 03 99 14 00 01 9C 0C 01 BE 00 04 20 16 40 00 E0 0B FF C0 00 07 E4 15 40 00 B0 0B FF D8 02 
364510,4 rx src=FPKEAECEOPE len=44 F5 03 2C 00 01 36 01 40 00 F0 12 00 7B 00 02 34 02 40 00 13 16 02 00 05 05 33 01 40 00 F1 0C F9 3E 08 06 C8 0C 40 00 12 14 01 C0 01 
364510,4 rx src=FPKEAECEOPE len=38 F5 16 26 00 05 20 1E 00 00 00 D9 46 97 40 56 E4 59 40 16 49 4E 42 44 10 7C 3F 34 0E 30 3E 20 7A FD 3C 6E 66 B0 42 
364522,6 rx src=FPKEAECEOPE len=34 F5 03 22 00 00 66 00 40 00 66 03 24 FD 20 06 A5 0C 40 00 12 14 01 C0 01 07 FF 15 40 00 9D 0B FF D8 02 
364531,6 tx hdr=0xF5 op=0x2D MOVE(x,y,z,rx,ry,state,tick) : 82,4 4 50,45 2,175 267,345 b0 i299780796
364545,8 rx src=FPKEAECEOPE len=34 F5 03 22 00 02 44 02 40 00 2E 16 01 FE 05 03 99 14 00 01 9C 0C 01 BE 00 04 20 16 40 00 E0 0B FF C0 00 
364576,5 rx src=FPKEAECEOPE len=44 F5 03 2C 00 00 66 00 40 00 66 03 24 FD 20 01 2A 01 40 00 EE 12 00 7B 04 05 36 01 40 00 09 0D F8 3F 08 07 19 16 40 00 8B 0B FF D8 02 
364581,1 tx hdr=0xF5 op=0x2D MOVE(x,y,z,rx,ry,state,tick) : 82,4 4 50,45 2,175 267,345 b0 i299780845
364592,6 rx src=FPKEAECEOPE len=34 F5 03 22 00 03 99 14 00 01 9C 0C 01 BE 00 04 12 16 40 00 E0 0B FF C0 01 06 83 0C 40 00 12 14 01 C0 01 
364592,6 rx src=FPKEAECEOPE len=5 F5 04 05 00 01 
364605,8 rx src=FPKEAECEOPE len=24 F5 03 18 00 02 56 02 40 00 49 16 FF FC 05 05 38 01 40 00 24 0D F8 3F 08 
364626,6 rx src=FPKEAECEOPE len=34 F5 03 22 00 00 66 00 40 00 66 03 24 FD 20 01 16 01 40 00 EC 12 00 7B 04 07 22 16 40 00 75 0B FF D8 08 
364633,4 tx hdr=0xF5 op=0x2D MOVE(x,y,z,rx,ry,state,tick) : 82,4 4 50,45 2,175 267,345 b0 i299780898
364647,2 rx src=FPKEAECEOPE len=64 F5 03 40 00 01 FD 00 40 00 E9 12 00 7B 04 02 69 02 40 00 64 16 FF FA 05 03 99 14 00 01 9C 0C 01 BE 00 04 FD 15 40 00 E0 0B FF C0 01 05 39 01 40 00 41 0D F8 3F 08 06 60 0C 40 00 12 14 01 C2 01 
364680,5 tx hdr=0xF5 op=0x2D MOVE(x,y,z,rx,ry,state,tick) : 82,4 4 50,45 2,175 267,345 b0 i299780945
364689,2 rx src=FPKEAECEOPE len=54 F5 03 36 00 00 66 00 40 00 66 03 24 FD 20 03 99 14 00 01 9C 0C 01 BE 00 04 E3 15 40 00 E0 0B FF C0 01 06 3E 0C 40 00 14 14 01 C4 01 07 22 16 40 00 5C 0B FE D1 08 
364704,1 rx src=FPKEAECEOPE len=14 F5 03 0E 00 02 7C 02 40 00 7E 16 FF FA 05 
364726,3 rx src=FPKEAECEOPE len=64 F5 03 40 00 00 66 00 40 00 66 03 24 FD 20 01 E3 00 40 00 E2 12 02 6D 04 03 99 14 00 01 9C 0C 01 BE 00 05 3A 01 40 00 5F 0D F8 3F 08 06 1B 0C 40 00 18 14 02 C8 01 07 27 16 40 00 41 0B FF AF 08 
364731,7 tx hdr=0xF5 op=0x2D MOVE(x,y,z,rx,ry,state,tick) : 82,4 4 50,45 2,175 267,345 b0 i299780996
364744,7 rx src=FPKEAECEOPE len=24 F5 03 18 00 02 90 02 40 00 99 16 FF FA 05 04 C6 15 40 00 E0 0B 00 C1 01 
364761,9 rx src=FPKEAECEOPE len=24 F5 03 18 00 00 66 00 40 00 66 03 24 FD 20 05 37 01 40 00 7E 0D FB 35 08 
364787,3 tx hdr=0xF5 op=0x2D MOVE(x,y,z,rx,ry,state,tick) : 82,4 4 50,45 3,375 267,495 b0 i299781051
364787,6 rx src=FPKEAECEOPE len=54 F5 03 36 00 01 DB 00 40 00 D3 12 02 25 04 03 99 14 00 01 9C 0C 01 BE 00 04 A7 15 40 00 E2 0B 01 C5 01 06 FA 0B 40 00 1F 14 03 CC 01 07 34 16 40 00 29 0B FF 9C 08 
364810,9 rx src=FPKEAECEOPE len=34 F5 03 22 00 01 E3 00 40 00 CA 12 02 03 04 02 A9 02 40 00 AA 16 00 FD 04 05 2D 01 40 00 99 0D FE 22 08 
364825,7 rx src=FPKEAECEOPE len=44 F5 03 2C 00 00 66 00 40 00 66 03 24 FD 20 03 99 14 00 01 9C 0C 01 BE 00 04 88 15 40 00 E6 0B 01 C6 01 07 46 16 40 00 12 0B FF 9B 08 
364831,4 tx hdr=0xF5 op=0x2D MOVE(x,y,z,rx,ry,state,tick) : 82,4 4 50,45 5,325 268,245 b0 i299781096
364850,9 rx src=FPKEAECEOPE len=24 F5 03 18 00 01 E8 00 40 00 C4 12 06 D2 00 06 D9 0B 40 00 29 14 04 D1 01 
364871,9 rx src=FPKEAECEOPE len=24 F5 03 18 00 00 65 00 40 00 6D 03 24 FD 21 05 1C 01 40 00 B1 0D 00 17 08 
364878,4 tx hdr=0xF5 op=0x2D MOVE(x,y,z,rx,ry,state,tick) : 82,4 4 50,45 5,775 268,545 b0 i299781142
364892,4 rx src=FPKEAECEOPE len=44 F5 03 2C 00 03 99 14 00 01 9C 0C 02 BE 00 04 68 15 40 00 EA 0B 01 C6 01 06 B9 0B 40 00 35 14 05 D3 01 07 51 16 40 00 04 0B FF 9B 00 
364910,4 rx src=FPKEAECEOPE len=34 F5 03 22 00 01 EA 00 40 00 C0 12 07 BD 00 02 C5 02 40 00 B4 16 01 FF 04 05 07 01 40 00 C5 0D 01 14 08 
364927,8 rx src=FPKEAECEOPE len=44 F5 03 2C 00 00 65 00 40 00 78 03 24 FD 21 02 E4 02 40 00 BB 16 01 FF 04 03 99 14 00 01 9C 0C 03 BE 00 07 4F 16 40 00 F1 0A FF 9B 01 
364932,4 tx hdr=0xF5 op=0x2D MOVE(x,y,z,rx,ry,state,tick) : 82,4 4 50,45 5,775 268,545 b0 i299781197
364947,8 rx src=FPKEAECEOPE len=34 F5 03 22 00 01 F0 00 40 00 B2 12 07 B4 08 04 4B 15 40 00 E4 0B 04 C1 09 06 9A 0B 40 00 43 14 05 D3 01 
364964,3 rx src=FPKEAECEOPE len=24 F5 03 18 00 00 64 00 40 00 7F 03 24 FD 20 05 EF 00 40 00 D8 0D 01 14 08 
364980,8 tx hdr=0xF5 op=0x2D MOVE(x,y,z,rx,ry,state,tick) : 82,4 4 50,45 5,775 268,545 b0 i299781245
364987,4 rx src=FPKEAECEOPE len=54 F5 03 36 00 02 03 03 40 00 BF 16 03 FF 04 03 99 14 00 01 9C 0C 04 BE 00 04 31 15 40 00 D6 0B 05 BD 09 06 7B 0B 40 00 51 14 05 D3 01 07 46 16 40 00 DC 0A FF 9B 01 
365018,1 rx src=FPKEAECEOPE len=24 F5 03 18 00 02 23 03 40 00 C1 16 05 00 04 05 D5 00 40 00 E9 0D 01 14 08 
365023,0 rx src=FPKEAECEOPE len=44 F5 03 2C 00 00 64 00 40 00 83 03 24 FD 20 01 F7 00 40 00 9E 12 07 B3 08 03 99 14 00 01 9C 0C 04 BE 00 07 38 16 40 00 C5 0A FF 9B 01 
365035,5 tx hdr=0xF5 op=0x2D MOVE(x,y,z,rx,ry,state,tick) : 82,4 4 50,45 5,775 268,545 b0 i299781300
365043,0 rx src=FPKEAECEOPE len=24 F5 03 18 00 04 31 15 40 00 C3 0B 05 BC 09 06 5C 0B 40 00 61 14 05 D3 01 
365069,3 rx src=FPKEAECEOPE len=34 F5 03 22 00 01 FF 00 40 00 86 12 07 B3 08 02 44 03 40 00 C0 16 08 07 04 05 C2 00 40 00 FF 0D 01 14 09 
365085,7 tx hdr=0xF5 op=0x2D MOVE(x,y,z,rx,ry,state,tick) : 82,4 4 50,45 5,775 268,545 b0 i299781350
365092,3 rx src=FPKEAECEOPE len=54 F5 03 36 00 00 64 00 40 00 85 03 24 FD 20 03 99 14 00 01 9C 0C 04 BE 00 04 19 15 40 00 AE 0B 05 BC 09 06 3D 0B 40 00 70 14 05 D3 01 07 27 16 40 00 AE 0A FF 9C 01 
365110,1 rx src=FPKEAECEOPE len=24 F5 03 18 00 01 07 01 40 00 6B 12 07 B2 08 05 B3 00 40 00 19 0E 01 14 09 
365122,7 rx src=FPKEAECEOPE len=34 F5 03 22 00 00 64 00 40 00 87 03 24 FD 20 02 62 03 40 00 B8 16 0D 19 04 07 12 16 40 00 99 0A 02 AA 01 
365140,2 tx hdr=0xF5 op=0x2D MOVE(x,y,z,rx,ry,state,tick) : 82,4 4 50,45 5,775 268,545 b0 i299781404
365145,7 rx src=FPKEAECEOPE len=44 F5 03 2C 00 03 99 14 00 01 9C 0C 04 BE 00 04 19 15 40 00 97 0B 05 BC 09 05 A6 00 40 00 35 0E 01 14 09 06 1E 0B 40 00 80 14 05 D3 01 
365172,5 rx src=FPKEAECEOPE len=24 F5 03 18 00 01 0D 01 40 00 4F 12 06 BE 08 02 7B 03 40 00 A8 16 0E 29 04 
365172,5 rx src=FPKEAECEOPE len=12 F5 34 0C 00 E6 4C DE 11 3C 4D DE 11 
365188,1 tx hdr=0xF5 op=0x2D MOVE(x,y,z,rx,ry,state,tick) : 82,4 4 50,45 5,775 268,545 b0 i299781451
365188,4 rx src=FPKEAECEOPE len=54 F5 03 36 00 00 64 00 40 00 88 03 24 FD 20 03 99 14 00 01 9C 0C 04 BE 00 04 19 15 40 00 7F 0B 05 BC 09 06 00 0B 40 00 90 14 05 D3 01 07 F8 15 40 00 8C 0A 05 BE 01 
365204,8 rx src=FPKEAECEOPE len=34 F5 03 22 00 01 05 01 40 00 42 12 06 ED 09 02 95 03 40 00 96 16 0B 37 05 05 9B 00 40 00 51 0E 01 14 09 
365236,2 tx hdr=0xF5 op=0x2D MOVE(x,y,z,rx,ry,state,tick) : 82,4 4 50,45 5,775 268,545 b0 i299781499
365236,5 rx src=FPKEAECEOPE len=34 F5 03 22 00 04 19 15 40 00 66 0B 05 BC 09 05 90 00 40 00 6F 0E 01 14 09 07 DC 15 40 00 84 0A 05 BF 01 
365242,9 rx src=FPKEAECEOPE len=24 F5 03 18 00 00 64 00 40 00 88 03 24 FD 20 06 E1 0A 40 00 A0 14 05 D3 01 
365267,0 rx src=FPKEAECEOPE len=44 F5 03 2C 00 01 02 01 40 00 47 12 06 07 01 02 AE 03 40 00 82 16 09 42 05 03 99 14 00 01 9C 0C 04 BE 00 07 BE 15 40 00 7F 0A 05 BF 01 
365282,4 tx hdr=0xF5 op=0x2D MOVE(x,y,z,rx,ry,state,tick) : 82,4 4 50,45 5,775 268,545 b0 i299781545
365282,6 rx src=FPKEAECEOPE len=24 F5 03 18 00 00 64 00 40 00 88 03 24 FD 20 04 19 15 40 00 4D 0B 05 BC 09 
365313,9 rx src=FPKEAECEOPE len=44 F5 03 2C 00 01 05 01 40 00 55 12 06 0F 01 03 99 14 00 01 9C 0C 04 BE 00 05 87 00 40 00 8D 0E 00 14 09 06 C3 0A 40 00 B0 14 05 D3 01 
365325,8 rx src=FPKEAECEOPE len=24 F5 03 18 00 00 64 00 40 00 88 03 24 FD 20 07 9E 15 40 00 7B 0A 05 BF 01 
365330,7 tx hdr=0xF5 op=0x2D MOVE(x,y,z,rx,ry,state,tick) : 82,4 4 50,45 5,775 268,545 b0 i299781594
365342,3 rx src=FPKEAECEOPE len=54 F5 03 36 00 02 CA 03 40 00 75 16 09 44 01 03 99 14 00 01 9C 0C 04 BE 00 04 19 15 40 00 34 0B 05 BC 09 05 7D 00 40 00 AB 0E 00 14 09 06 A4 0A 40 00 C0 14 05 D3 01 
365363,6 rx src=FPKEAECEOPE len=24 F5 03 18 00 01 0D 01 40 00 68 12 05 15 01 02 E8 03 40 00 6B 16 09 44 01 
365380,2 tx hdr=0xF5 op=0x2D MOVE(x,y,z,rx,ry,state,tick) : 82,4 4 50,45 5,775 268,545 b0 i299781643
365392,1 rx src=FPKEAECEOPE len=64 F5 03 40 00 00 64 00 40 00 88 03 24 FD 20 03 99 14 00 01 9C 0C 04 BE 00 04 04 15 40 00 1A 0B 05 BC 09 05 75 00 40 00 CA 0E 00 15 09 06 85 0A 40 00 D0 14 05 D3 01 07 7F 15 40 00 79 0A 05 BF 01 
365426,9 rx src=FPKEAECEOPE len=24 F5 03 18 00 01 19 01 40 00 7F 12 05 17 01 02 07 04 40 00 64 16 09 44 01 
365431,1 tx hdr=0xF5 op=0x2D MOVE(x,y,z,rx,ry,state,tick) : 82,4 4 50,45 5,775 268,545 b0 i299781694
365431,4 rx src=FPKEAECEOPE len=34 F5 03 22 00 00 64 00 40 00 88 03 24 FD 20 03 99 14 00 01 9C 0C 04 BE 00 07 5F 15 40 00 78 0A 05 BF 01 
365443,7 rx src=FPKEAECEOPE len=44 F5 03 2C 00 02 27 04 40 00 5F 16 09 44 01 04 EF 14 40 00 01 0B 05 BC 09 05 6C 00 40 00 E9 0E 00 16 09 06 67 0A 40 00 E1 14 05 D3 01 
365474,1 rx src=FPKEAECEOPE len=24 F5 03 18 00 01 27 01 40 00 96 12 05 18 01 07 3E 15 40 00 77 0A 05 BF 01 
365479,1 tx hdr=0xF5 op=0x2D MOVE(x,y,z,rx,ry,state,tick) : 82,4 4 50,45 5,775 268,545 b0 i299781742
365491,4 rx src=FPKEAECEOPE len=44 F5 03 2C 00 00 64 00 40 00 88 03 24 FD 20 03 99 14 00 01 9C 0C 04 BE 00 04 D9 14 40 00 E7 0A 04 BD 09 06 48 0A 40 00 F1 14 05 D3 01 
365509,1 rx src=FPKEAECEOPE len=24 F5 03 18 00 02 48 04 40 00 5A 16 09 44 01 05 65 00 40 00 08 0F 00 17 09 
365530,5 tx hdr=0xF5 op=0x2D MOVE(x,y,z,rx,ry,state,tick) : 82,4 4 50,45 5,775 268,545 b0 i299781793
365530,7 rx src=FPKEAECEOPE len=54 F5 03 36 00 00 64 00 40 00 88 03 24 FD 20 01 37 01 40 00 AF 12 05 18 01 03 99 14 00 01 9C 0C 04 BE 00 05 5E 00 40 00 27 0F 00 19 09 07 1E 15 40 00 76 0A 04 BF 01 
365547,6 rx src=FPKEAECEOPE len=34 F5 03 22 00 02 68 04 40 00 5A 16 09 44 01 04 C4 14 40 00 CE 0A 04 BD 09 06 2A 0A 40 00 01 15 05 D3 01 
365563,8 rx src=FPKEAECEOPE len=24 F5 03 18 00 01 47 01 40 00 C8 12 04 18 01 07 FD 14 40 00 75 0A 03 BF 01 
365579,4 tx hdr=0xF5 op=0x2D MOVE(x,y,z,rx,ry,state,tick) : 82,4 4 50,45 5,775 268,545 b0 i299781842
365591,4 rx src=FPKEAECEOPE len=44 F5 03 2C 00 00 64 00 40 00 88 03 24 FD 20 03 99 14 00 01 9C 0C 04 BE 00 04 AE 14 40 00 B5 0A 04 BD 09 06 0B 0A 40 00 11 15 05 D3 01 
365608,6 rx src=FPKEAECEOPE len=24 F5 03 18 00 02 89 04 40 00 5A 16 09 44 01 05 5A 00 40 00 47 0F 00 1E 09 
365628,5 tx hdr=0xF5 op=0x2D MOVE(x,y,z,rx,ry,state,tick) : 82,4 4 50,45 5,775 268,545 b0 i299781891
365643,2 rx src=FPKEAECEOPE len=44 F5 03 2C 00 00 64 00 40 00 88 03 24 FD 20 01 58 01 40 00 E1 12 03 18 01 03 99 14 00 01 9C 0C 04 BE 00 07 E0 14 40 00 6C 0A 02 C0 09 
365646,5 rx src=FPKEAECEOPE len=44 F5 03 2C 00 02 AA 04 40 00 5A 16 09 44 01 04 97 14 40 00 9D 0A 03 BF 09 05 57 00 40 00 66 0F 00 20 09 06 ED 09 40 00 21 15 05 D3 01 
365662,9 rx src=FPKEAECEOPE len=14 F5 03 0E 00 01 60 01 40 00 FD 12 03 18 09 
365679,4 tx hdr=0xF5 op=0x2D MOVE(x,y,z,rx,ry,state,tick) : 82,4 4 50,45 5,775 268,545 b0 i299781942
365690,1 rx src=FPKEAECEOPE len=54 F5 03 36 00 00 64 00 40 00 88 03 21 FF 20 03 99 14 00 01 9C 0C 04 BE 00 04 7D 14 40 00 8E 0A 02 C0 01 05 57 00 40 00 86 0F 00 24 09 07 C5 14 40 00 5E 0A 00 C2 09 
365710,7 rx src=FPKEAECEOPE len=24 F5 03 18 00 02 CB 04 40 00 5A 16 09 43 01 06 CE 09 40 00 31 15 05 D3 01 
365740,3 tx hdr=0xF5 op=0x2D MOVE(x,y,z,rx,ry,state,tick) : 82,4 4 50,45 5,775 268,545 b0 i299782003
365740,6 rx src=FPKEAECEOPE len=64 F5 03 40 00 00 64 00 40 00 88 03 1A 06 20 01 63 01 40 00 19 13 03 18 09 03 99 14 00 01 9C 0C 04 BE 00 04 5F 14 40 00 86 0A 02 C1 01 05 62 00 40 00 A0 0F 00 2A 01 07 AA 14 40 00 4E 0A FF C7 09 
365744,9 rx src=FPKEAECEOPE len=14 F5 03 0E 00 06 B0 09 40 00 42 15 05 D3 01 
365772,6 rx src=FPKEAECEOPE len=34 F5 03 22 00 00 64 00 40 00 88 03 15 0A 20 01 62 01 40 00 37 13 03 18 09 02 EC 04 40 00 5A 16 09 43 01 
365789,6 tx hdr=0xF5 op=0x2D MOVE(x,y,z,rx,ry,state,tick) : 82,4 4 50,45 5,775 268,545 b0 i299782053
365789,8 rx src=FPKEAECEOPE len=64 F5 03 40 00 02 0E 05 40 00 5A 16 09 43 01 03 99 14 00 01 9C 0C 04 BE 00 04 40 14 40 00 82 0A 01 C2 01 05 69 00 40 00 AF 0F FF 3A 00 06 91 09 40 00 51 15 05 D2 01 07 8F 14 40 00 3E 0A FF CA 09 
365823,6 rx src=FPKEAECEOPE len=34 F5 03 22 00 00 64 00 40 00 88 03 15 0A 20 01 5F 01 40 00 55 13 03 18 09 07 73 14 40 00 2D 0A FF CA 09 
365828,4 tx hdr=0xF5 op=0x2D MOVE(x,y,z,rx,ry,state,tick) : 82,4 4 50,45 5,775 268,545 b0 i299782091
365857,0 rx src=FPKEAECEOPE len=64 F5 03 40 00 01 5B 01 40 00 74 13 03 18 09 02 2F 05 40 00 5A 16 09 43 01 03 99 14 00 01 9C 0C 04 BE 00 04 21 14 40 00 80 0A 01 C2 01 05 6D 00 40 00 B8 0F FD 4A 00 06 72 09 40 00 61 15 05 D2 01 
365888,9 tx hdr=0xF5 op=0x2D MOVE(x,y,z,rx,ry,state,tick) : 82,4 4 50,45 5,775 268,545 b0 i299782152
365889,2 rx src=FPKEAECEOPE len=54 F5 03 36 00 00 64 00 40 00 88 03 15 0A 20 03 99 14 00 01 9C 0C 04 BE 00 04 00 14 40 00 80 0A 01 C2 01 06 53 09 40 00 70 15 05 D1 01 07 57 14 40 00 1D 0A FF CA 09 
365908,5 rx src=FPKEAECEOPE len=34 F5 03 22 00 01 56 01 40 00 92 13 03 18 09 02 50 05 40 00 5A 16 09 43 01 05 6F 00 40 00 BE 0F FD 5B 00 
365932,3 tx hdr=0xF5 op=0x2D MOVE(x,y,z,rx,ry,state,tick) : 82,4 4 50,45 5,775 268,545 b0 i299782195
365932,5 rx src=FPKEAECEOPE len=34 F5 03 22 00 00 64 00 40 00 88 03 15 0A 20 03 99 14 00 01 9C 0C 04 BE 00 07 3B 14 40 00 0C 0A FF CA 09 
365940,3 rx src=FPKEAECEOPE len=34 F5 03 22 00 04 DF 13 40 00 81 0A 00 C3 01 05 71 00 40 00 C1 0F FD 5F 00 06 34 09 40 00 7F 15 05 D1 01 
365974,4 rx src=FPKEAECEOPE len=44 F5 03 2C 00 00 64 00 40 00 88 03 14 09 20 01 51 01 40 00 B1 13 03 18 09 02 71 05 40 00 5A 16 09 43 01 07 1F 14 40 00 FC 09 FF CA 09 
365981,2 tx hdr=0xF5 op=0x2D MOVE(x,y,z,rx,ry,state,tick) : 82,4 4 50,45 5,775 268,545 b0 i299782244
365989,7 rx src=FPKEAECEOPE len=44 F5 03 2C 00 03 99 14 00 01 9C 0C 04 BE 00 04 BF 13 40 00 83 0A 00 C4 01 05 72 00 40 00 C3 0F FD 5F 00 06 14 09 40 00 8D 15 05 D0 01 
366006,8 rx src=FPKEAECEOPE len=6 F5 0F 06 00 00 03 
366006,8 rx src=FPKEAECEOPE len=14 F5 03 0E 00 02 85 05 40 00 5A 16 09 43 00 
366025,5 rx src=FPKEAECEOPE len=54 F5 03 36 00 00 64 00 40 00 88 03 14 08 20 01 4D 01 40 00 D0 13 02 1A 09 03 99 14 00 01 9C 0C 04 BE 00 04 9E 13 40 00 85 0A 00 C4 01 07 03 14 40 00 EC 09 FF CA 09 
366030,0 tx hdr=0xF5 op=0x2D MOVE(x,y,z,rx,ry,state,tick) : 82,4 4 50,45 5,775 268,545 b0 i299782293
366058,3 rx src=FPKEAECEOPE len=34 F5 03 22 00 01 48 01 40 00 EF 13 01 1B 09 05 72 00 40 00 C4 0F FD 5F 00 06 F5 08 40 00 9B 15 05 D0 01 
366072,3 rx src=FPKEAECEOPE len=14 F5 03 0E 00 02 91 05 40 00 5A 16 09 43 00 
366085,2 tx hdr=0xF5 op=0x2D MOVE(x,y,z,rx,ry,state,tick) : 82,4 4 50,45 5,775 268,545 b0 i299782348
366085,5 rx src=FPKEAECEOPE len=54 F5 03 36 00 00 64 00 40 00 88 03 14 08 20 03 99 14 00 01 9C 0C 04 BE 00 04 7D 13 40 00 88 0A 00 C4 01 05 72 00 40 00 C5 0F FD 5F 00 07 E6 13 40 00 DB 09 FF CA 09 
366114,1 rx src=FPKEAECEOPE len=34 F5 03 22 00 01 45 01 40 00 0E 14 01 1C 09 02 98 05 40 00 59 16 09 43 00 06 D5 08 40 00 A9 15 05 D0 01 
366129,3 tx hdr=0xF5 op=0x2D MOVE(x,y,z,rx,ry,state,tick) : 82,4 4 50,45 5,775 268,545 b0 i299782392
366129,6 rx src=FPKEAECEOPE len=24 F5 03 18 00 00 64 00 40 00 88 03 14 08 20 07 CA 13 40 00 CB 09 FF CA 09 
366148,3 rx src=FPKEAECEOPE len=44 F5 03 2C 00 03 99 14 00 01 9C 0C 04 BE 00 04 5C 13 40 00 8B 0A 00 C4 01 05 72 00 40 00 C5 0F FD 5F 00 06 B5 08 40 00 B7 15 05 D0 01 
366172,8 rx src=FPKEAECEOPE len=24 F5 03 18 00 01 44 01 40 00 2D 14 01 23 09 02 9C 05 40 00 59 16 09 43 00 
366172,8 rx src=FPKEAECEOPE len=12 F5 34 0C 00 CC 50 DE 11 24 51 DE 11 
366184,7 tx hdr=0xF5 op=0x2D MOVE(x,y,z,rx,ry,state,tick) : 82,4 4 50,45 5,775 268,545 b0 i299782447
366184,9 rx src=FPKEAECEOPE len=54 F5 03 36 00 00 64 00 40 00 88 03 14 08 20 03 99 14 00 01 9C 0C 04 BE 00 04 3A 13 40 00 8E 0A 00 C4 01 05 72 00 40 00 C5 0F FE 5C 00 07 AD 13 40 00 C4 09 FF CA 01 
366206,5 rx src=FPKEAECEOPE len=24 F5 03 18 00 02 9F 05 40 00 59 16 09 43 00 06 A2 08 40 00 BF 15 05 D0 00 
366232,3 tx hdr=0xF5 op=0x2D MOVE(x,y,z,rx,ry,state,tick) : 82,4 4 50,45 5,775 268,545 b0 i299782495
366232,6 rx src=FPKEAECEOPE len=44 F5 03 2C 00 00 64 00 40 00 88 03 14 08 20 01 46 01 40 00 4C 14 01 2B 09 03 99 14 00 01 9C 0C 04 BE 00 07 8F 13 40 00 C4 09 FE CB 01 
366239,5 rx src=FPKEAECEOPE len=34 F5 03 22 00 04 19 13 40 00 91 0A 00 C4 01 05 72 00 40 00 C5 0F 04 47 00 06 97 08 40 00 C4 15 05 D0 00 
366273,7 rx src=FPKEAECEOPE len=34 F5 03 22 00 01 4D 01 40 00 6A 14 00 30 09 02 A0 05 40 00 59 16 09 43 00 07 70 13 40 00 C8 09 FE CC 01 
366280,0 tx hdr=0xF5 op=0x2D MOVE(x,y,z,rx,ry,state,tick) : 82,4 4 50,45 5,775 268,545 b0 i299782543
366289,5 rx src=FPKEAECEOPE len=44 F5 03 2C 00 00 64 00 40 00 88 03 14 08 20 03 99 14 00 01 9C 0C 04 BE 00 04 F8 12 40 00 95 0A 00 C4 01 06 90 08 40 00 C7 15 05 D0 00 
366310,8 rx src=FPKEAECEOPE len=34 F5 03 22 00 01 56 01 40 00 87 14 00 30 09 02 A1 05 40 00 59 16 09 43 00 05 72 00 40 00 C5 0F 08 37 00 
366324,1 rx src=FPKEAECEOPE len=24 F5 03 18 00 03 99 14 00 01 9C 0C 04 BE 00 07 51 13 40 00 CE 09 FE CC 01 
366328,9 tx hdr=0xF5 op=0x2D MOVE(x,y,z,rx,ry,state,tick) : 82,4 4 50,45 5,775 268,545 b0 i299782592
366346,9 rx src=FPKEAECEOPE len=44 F5 03 2C 00 00 64 00 40 00 88 03 14 08 20 02 A1 05 40 00 59 16 09 43 00 04 D7 12 40 00 98 0A 00 C4 01 05 72 00 40 00 C5 0F 08 35 00 
366374,0 rx src=FPKEAECEOPE len=34 F5 03 22 00 00 64 00 40 00 88 03 13 09 20 01 60 01 40 00 A4 14 00 31 09 07 32 13 40 00 D5 09 FE CC 01 
366379,7 tx hdr=0xF5 op=0x2D MOVE(x,y,z,rx,ry,state,tick) : 82,4 4 50,45 5,775 268,545 b0 i299782642
366389,8 rx src=FPKEAECEOPE len=44 F5 03 2C 00 03 99 14 00 01 9C 0C 04 BE 00 04 B6 12 40 00 9B 0A 00 C4 01 05 72 00 40 00 C5 0F 08 35 00 06 8C 08 40 00 C9 15 05 CF 00 
366406,8 rx src=FPKEAECEOPE len=24 F5 03 18 00 02 A1 05 40 00 59 16 09 45 00 06 8A 08 40 00 CA 15 06 CE 00 
366429,3 tx hdr=0xF5 op=0x2D MOVE(x,y,z,rx,ry,state,tick) : 82,4 4 50,45 5,775 268,545 b0 i299782692
366429,5 rx src=FPKEAECEOPE len=44 F5 03 2C 00 00 64 00 40 00 88 03 0E 0F 20 01 6C 01 40 00 C1 14 00 31 09 03 99 14 00 01 9C 0C 04 BE 00 07 19 13 40 00 E5 09 FE C9 05 
366444,2 rx src=FPKEAECEOPE len=24 F5 03 18 00 04 95 12 40 00 9E 0A 00 C4 01 06 88 08 40 00 CB 15 07 CE 00 
366473,5 rx src=FPKEAECEOPE len=44 F5 03 2C 00 00 64 00 40 00 88 03 0D 12 20 01 78 01 40 00 DE 14 00 31 09 02 A1 05 40 00 59 16 08 52 00 03 99 14 00 01 9C 0C 04 BE 00 
366478,2 tx hdr=0xF5 op=0x2D MOVE(x,y,z,rx,ry,state,tick) : 82,4 4 50,45 5,775 268,545 b0 i299782741
366490,5 rx src=FPKEAECEOPE len=44 F5 03 2C 00 04 74 12 40 00 A2 0A 00 C4 01 05 72 00 40 00 C5 0F 09 35 00 06 87 08 40 00 CB 15 07 CE 00 07 02 13 40 00 F9 09 FE C6 05 
366507,5 rx src=FPKEAECEOPE len=24 F5 03 18 00 01 84 01 40 00 FB 14 00 31 09 02 A1 05 40 00 59 16 08 56 00 
366529,3 tx hdr=0xF5 op=0x2D MOVE(x,y,z,rx,ry,state,tick) : 82,4 4 50,45 5,775 268,545 b0 i299782792
366529,5 rx src=FPKEAECEOPE len=24 F5 03 18 00 03 99 14 00 01 9C 0C 04 BE 00 07 EC 12 40 00 10 0A FE C5 05 
366541,0 rx src=FPKEAECEOPE len=44 F5 03 2C 00 00 64 00 40 00 88 03 0D 12 20 04 53 12 40 00 A6 0A 00 C4 01 05 72 00 40 00 C5 0F 09 35 00 06 7A 08 40 00 D0 15 07 CE 01 
366573,4 rx src=FPKEAECEOPE len=34 F5 03 22 00 01 87 01 40 00 18 15 00 31 08 02 A1 05 40 00 59 16 08 56 00 03 99 14 00 01 9C 0C 04 BE 00 
366579,4 tx hdr=0xF5 op=0x2D MOVE(x,y,z,rx,ry,state,tick) : 82,4 4 50,45 5,775 268,545 b0 i299782842
366589,4 rx src=FPKEAECEOPE len=44 F5 03 2C 00 04 32 12 40 00 A9 0A 00 C5 01 05 72 00 40 00 C5 0F 09 35 00 06 65 08 40 00 D8 15 07 CE 01 07 D8 12 40 00 27 0A FE C5 05 
366606,7 rx src=FPKEAECEOPE len=34 F5 03 22 00 00 64 00 40 00 88 03 0D 12 20 01 84 01 40 00 35 15 00 31 08 02 AD 05 40 00 59 16 08 56 01 
366628,0 rx src=FPKEAECEOPE len=24 F5 03 18 00 03 99 14 00 01 9C 0C 04 BE 00 07 C3 12 40 00 40 0A FE C5 05 
366640,0 tx hdr=0xF5 op=0x2D MOVE(x,y,z,rx,ry,state,tick) : 82,4 4 50,45 5,775 268,545 b0 i299782903
366657,6 rx src=FPKEAECEOPE len=64 F5 03 40 00 00 64 00 40 00 88 03 0D 12 20 01 7E 01 40 00 52 15 00 31 08 02 C0 05 40 00 59 16 07 52 01 04 11 12 40 00 AD 0A 00 C5 01 05 72 00 40 00 C5 0F 09 35 00 06 4B 08 40 00 E1 15 07 CE 01 
366673,7 rx src=FPKEAECEOPE len=14 F5 03 0E 00 03 99 14 00 01 9C 0C 04 BE 00 
366678,4 tx hdr=0xF5 op=0x2D MOVE(x,y,z,rx,ry,state,tick) : 82,4 4 50,45 5,775 268,545 b0 i299782941
366689,5 rx src=FPKEAECEOPE len=44 F5 03 2C 00 04 F0 11 40 00 B1 0A 00 C5 01 05 72 00 40 00 C5 0F 09 35 00 06 2E 08 40 00 EB 15 07 CE 01 07 AF 12 40 00 5A 0A FE C5 05 
366708,1 rx src=FPKEAECEOPE len=34 F5 03 22 00 00 64 00 40 00 88 03 0D 12 20 01 76 01 40 00 6F 15 00 31 08 02 D8 05 40 00 59 16 07 47 01 
366729,7 tx hdr=0xF5 op=0x2D MOVE(x,y,z,rx,ry,state,tick) : 82,4 4 50,45 5,775 268,545 b0 i299782992
366729,9 rx src=FPKEAECEOPE len=24 F5 03 18 00 00 64 00 40 00 88 03 0D 12 20 07 9C 12 40 00 73 0A FE C5 05 
366758,3 rx src=FPKEAECEOPE len=44 F5 03 2C 00 03 99 14 00 01 9C 0C 04 BE 00 04 CF 11 40 00 B6 0A 00 C5 01 05 72 00 40 00 C5 0F 09 35 00 06 1D 08 40 00 F1 15 07 CE 00 
366763,5 rx src=FPKEAECEOPE len=24 F5 03 18 00 01 6E 01 40 00 8D 15 00 33 08 02 F4 05 40 00 59 16 07 44 01 
366779,2 tx hdr=0xF5 op=0x2D MOVE(x,y,z,rx,ry,state,tick) : 82,4 4 50,45 5,775 268,545 b0 i299783042
366789,8 rx src=FPKEAECEOPE len=44 F5 03 2C 00 03 99 14 00 01 9C 0C 04 BE 00 04 AE 11 40 00 BA 0A FF C5 01 05 72 00 40 00 C5 0F 09 35 00 07 88 12 40 00 8D 0A FE C4 05 
366811,2 rx src=FPKEAECEOPE len=34 F5 03 22 00 00 64 00 40 00 88 03 0D 12 20 02 12 06 40 00 59 16 07 44 01 06 13 08 40 00 F5 15 07 CE 00 
366822,6 rx src=FPKEAECEOPE len=44 F5 03 2C 00 00 64 00 40 00 88 03 0D 12 20 01 66 01 40 00 AB 15 00 37 08 03 99 14 00 01 9C 0C 04 BE 00 07 73 12 40 00 A6 0A FE C3 05 
366839,2 tx hdr=0xF5 op=0x2D MOVE(x,y,z,rx,ry,state,tick) : 82,4 4 50,45 5,775 268,545 b0 i299783102
366845,2 rx src=FPKEAECEOPE len=54 F5 03 36 00 01 5F 01 40 00 C9 15 00 37 08 02 31 06 40 00 59 16 07 44 01 04 8D 11 40 00 BE 0A FF C5 01 05 72 00 40 00 C5 0F 09 35 00 06 0D 08 40 00 F7 15 07 CD 00 
366874,5 rx src=FPKEAECEOPE len=14 F5 03 0E 00 03 99 14 00 01 9C 0C 04 BE 00 
366874,5 rx src=FPKEAECEOPE len=34 F5 19 22 00 36 00 34 36 00 35 36 00 36 37 00 34 37 00 35 37 00 36 38 00 34 38 00 35 38 00 36 38 01 35 
366876,6 rx src=FPKEAECEOPE len=20 F5 18 14 00 20 1E 00 00 15 6C 5E 42 75 CD 8C 3F 5E AE 54 42 
366891,2 tx hdr=0xF5 op=0x2D MOVE(x,y,z,rx,ry,state,tick) : 82,4 4 50,45 5,775 268,545 b0 i299783154
366891,5 rx src=FPKEAECEOPE len=54 F5 03 36 00 00 64 00 40 00 88 03 0D 12 20 04 6C 11 40 00 C2 0A FF C5 01 05 72 00 40 00 C5 0F 09 35 00 06 09 08 40 00 F8 15 07 CC 00 07 5E 12 40 00 BF 0A FF C2 05 
366913,4 rx src=FPKEAECEOPE len=24 F5 03 18 00 01 62 01 00 00 E5 15 00 39 19 02 51 06 40 00 59 16 07 44 01 
366924,7 rx src=FPKEAECEOPE len=24 F5 03 18 00 00 64 00 40 00 88 03 0D 12 20 07 49 12 40 00 D8 0A FF C1 05 
366930,6 tx hdr=0xF5 op=0x2D MOVE(x,y,z,rx,ry,state,tick) : 82,4 4 50,45 5,775 268,545 b0 i299783193
366947,2 rx src=FPKEAECEOPE len=44 F5 03 2C 00 03 99 14 00 01 9C 0C 04 BE 00 04 4B 11 40 00 C6 0A FF C5 01 05 72 00 40 00 C5 0F 09 35 00 06 07 08 40 00 F9 15 07 C9 00 
366974,6 rx src=FPKEAECEOPE len=44 F5 03 2C 00 00 64 00 40 00 88 03 0D 12 20 01 64 01 00 00 F4 15 00 3A 09 02 71 06 40 00 59 16 07 44 01 07 33 12 40 00 F0 0A 00 C0 05 
366980,7 tx hdr=0xF5 op=0x2D MOVE(x,y,z,rx,ry,state,tick) : 82,4 4 50,45 5,775 268,545 b0 i299783243
366980,9 rx src=FPKEAECEOPE len=44 F5 03 2C 00 03 99 14 00 01 9C 0C 04 BE 00 04 2A 11 40 00 CA 0A FF C5 01 05 72 00 40 00 C5 0F 09 35 00 06 06 08 40 00 FA 15 07 C8 00 
367004,2 rx src=FPKEAECEOPE len=24 F5 03 18 00 01 69 01 00 00 01 16 00 3B 09 02 92 06 40 00 59 16 07 44 01 
367026,0 rx src=FPKEAECEOPE len=24 F5 03 18 00 03 99 14 00 01 9C 0C 04 BE 00 07 1D 12 40 00 08 0B 00 C0 05 
367036,6 tx hdr=0xF5 op=0x2D MOVE(x,y,z,rx,ry,state,tick) : 82,4 4 50,45 5,775 268,545 b0 i299783299
367052,6 rx src=FPKEAECEOPE len=54 F5 03 36 00 00 64 00 40 00 88 03 0D 12 20 02 B3 06 40 00 55 16 07 44 01 04 08 11 40 00 CE 0A FF C5 01 05 72 00 40 00 C5 0F 09 35 00 06 05 08 40 00 FA 15 05 C8 00 
367069,2 rx src=FPKEAECEOPE len=14 F5 03 0E 00 01 6F 01 00 00 0E 16 00 3C 09 
367087,3 tx hdr=0xF5 op=0x2D MOVE(x,y,z,rx,ry,state,tick) : 82,4 4 50,45 5,775 268,545 b0 i299783350
367087,8 rx src=FPKEAECEOPE len=54 F5 03 36 00 03 99 14 00 01 9C 0C 04 BE 00 04 E7 10 40 00 D3 0A FF C5 01 05 72 00 40 00 C5 0F 09 35 00 06 05 08 40 00 FA 15 05 C8 00 07 06 12 40 00 1F 0B 00 BF 05 
367105,8 rx src=FPKEAECEOPE len=6 F5 0F 06 00 02 02 
367110,0 rx src=FPKEAECEOPE len=24 F5 03 18 00 00 64 00 40 00 88 03 0D 12 20 02 D4 06 40 00 51 16 07 45 01 
367139,1 tx hdr=0xF5 op=0x2D MOVE(x,y,z,rx,ry,state,tick) : 82,4 4 50,45 5,775 268,545 b0 i299783402
367139,4 rx src=FPKEAECEOPE len=54 F5 03 36 00 00 64 00 40 00 88 03 0D 12 20 01 78 01 00 00 1A 16 00 3D 09 03 99 14 00 01 9C 0C 04 BE 00 04 C6 10 40 00 D7 0A FF C5 01 07 EF 11 40 00 36 0B 00 BF 05 
367155,5 rx src=FPKEAECEOPE len=44 F5 03 2C 00 01 81 01 00 00 26 16 00 3E 09 02 FA 06 40 00 4C 16 07 46 01 05 72 00 40 00 C5 0F 09 35 00 06 05 08 40 00 FA 15 05 C8 00 
367171,9 rx src=FPKEAECEOPE len=12 F5 34 0C 00 B6 54 DE 11 0C 55 DE 11 
367187,8 tx hdr=0xF5 op=0x2D MOVE(x,y,z,rx,ry,state,tick) : 82,4 4 50,45 5,775 268,545 b0 i299783451
367188,1 rx src=FPKEAECEOPE len=64 F5 03 40 00 00 64 00 40 00 88 03 0D 12 20 03 99 14 00 01 9C 0C 04 BE 00 04 A5 10 40 00 DB 0A FF C5 01 05 72 00 40 00 C5 0F 09 35 00 06 05 08 40 00 FA 15 05 C8 00 07 D8 11 40 00 4D 0B 00 BF 05 
367204,6 rx src=FPKEAECEOPE len=24 F5 03 18 00 01 8B 01 00 00 32 16 00 3F 09 02 20 07 40 00 46 16 07 46 01 
367236,4 tx hdr=0xF5 op=0x2D MOVE(x,y,z,rx,ry,state,tick) : 82,4 4 50,45 5,775 268,545 b0 i299783500
367236,6 rx src=FPKEAECEOPE len=14 F5 03 0E 00 07 C1 11 40 00 64 0B 00 BF 05 
367253,4 rx src=FPKEAECEOPE len=64 F5 03 40 00 00 64 00 40 00 88 03 0D 12 20 02 45 07 40 00 40 16 06 47 01 03 99 14 00 01 9C 0C 04 BE 00 04 84 10 40 00 DF 0A FF C5 01 05 72 00 40 00 C5 0F 09 35 00 06 05 08 40 00 FA 15 04 C8 00 
367286,2 tx hdr=0xF5 op=0x2D MOVE(x,y,z,rx,ry,state,tick) : 82,4 4 50,45 5,775 268,545 b0 i299783550
367286,5 rx src=FPKEAECEOPE len=74 F5 03 4A 00 00 64 00 40 00 88 03 0D 12 20 01 95 01 00 00 3D 16 00 42 09 03 99 14 00 01 9C 0C 04 BE 00 04 63 10 40 00 E3 0A FF C5 01 05 72 00 40 00 C5 0F 09 35 00 06 05 08 40 00 FA 15 04 C8 00 07 B3 11 40 00 7F 0B 00 BF 04 
367303,5 rx src=FPKEAECEOPE len=14 F5 03 0E 00 02 6B 07 40 00 38 16 05 4B 01 
367324,6 rx src=FPKEAECEOPE len=54 F5 03 36 00 00 64 00 40 00 88 03 0D 12 20 01 A1 01 00 00 48 16 00 44 09 04 42 10 40 00 E8 0A FF C5 01 05 72 00 40 00 C5 0F 09 35 00 07 AA 11 40 00 9C 0B 00 BF 04 
367337,5 tx hdr=0xF5 op=0x2D MOVE(x,y,z,rx,ry,state,tick) : 82,4 4 50,45 5,775 268,545 b0 i299783601
367337,8 rx src=FPKEAECEOPE len=7 F5 0B 07 00 06 02 01 
367338,1 rx src=FPKEAECEOPE len=8 F5 0C 08 00 02 06 02 01 
367341,4 rx src=FPKEAECEOPE len=10 F5 13 0A 00 06 01 0C 00 06 00 
367341,4 rx src=FPKEAECEOPE len=7 F5 04 07 00 02 06 11 
367347,7 rx src=FPKEAECEOPE len=24 F5 03 18 00 02 90 07 40 00 2F 16 04 4C 01 03 99 14 00 01 9C 0C 04 BE 00 
367378,5 tx hdr=0xF5 op=0x2D MOVE(x,y,z,rx,ry,state,tick) : 82,4 4 50,45 5,775 268,545 b0 i299783642
367392,2 rx src=FPKEAECEOPE len=54 F5 03 36 00 00 64 00 40 00 88 03 0D 12 20 01 AC 01 40 00 52 16 00 46 09 03 99 14 00 01 9C 0C 04 BE 00 04 21 10 40 00 EC 0A FF C5 01 07 A5 11 40 00 BB 0B 00 BF 04 
367400,2 rx src=FPKEAECEOPE len=7 F5 04 07 00 06 02 80 
367408,2 rx src=FPKEAECEOPE len=24 F5 03 18 00 01 C5 01 00 00 65 16 00 47 19 02 B4 07 40 00 23 16 02 52 01 
367422,4 rx src=FPKEAECEOPE len=14 F5 03 0E 00 07 A1 11 40 00 DA 0B 00 BE 04 
367428,1 tx hdr=0xF5 op=0x2D MOVE(x,y,z,rx,ry,state,tick) : 82,4 4 50,45 5,775 268,545 b0 i299783692
367442,3 rx src=FPKEAECEOPE len=34 F5 03 22 00 00 64 00 40 00 88 03 0D 12 20 03 99 14 00 01 9C 0C 04 BE 00 04 00 10 40 00 F0 0A FF C5 01 
367473,2 rx src=FPKEAECEOPE len=44 F5 03 2C 00 01 D1 01 00 00 6F 16 00 48 09 02 D7 07 40 00 23 16 02 55 01 03 99 14 00 01 9C 0C 04 BE 00 07 9E 11 40 00 FA 0B 00 BD 04 
367487,0 tx hdr=0xF5 op=0x0E weapon_select/14 : b1
367487,4 tx hdr=0xF5 op=0x2D MOVE(x,y,z,rx,ry,state,tick) : 82,4 4 50,45 5,775 268,545 b0 i299783751
367487,7 rx src=FPKEAECEOPE len=7 F5 04 07 00 06 02 80 
367518,9 rx src=FPKEAECEOPE len=34 F5 03 22 00 00 64 00 40 00 88 03 0D 12 20 01 DE 01 00 00 78 16 00 48 09 02 F5 07 40 00 0D 16 02 66 01 
367534,5 tx hdr=0xF5 op=0x2D MOVE(x,y,z,rx,ry,state,tick) : 82,4 4 50,45 5,775 268,545 b0 i299783798
367534,9 rx src=FPKEAECEOPE len=34 F5 03 22 00 03 99 14 00 01 9C 0C 04 BE 00 04 DF 0F 40 00 F4 0A FF C5 01 07 9B 11 40 00 1A 0C 00 BC 04 
367534,9 rx src=FPKEAECEOPE len=5 F5 04 05 00 02 
367541,3 rx src=FPKEAECEOPE len=24 F5 03 18 00 00 64 00 40 00 88 03 0D 12 20 04 BE 0F 40 00 F8 0A FF C5 01 
367566,8 rx src=FPKEAECEOPE len=24 F5 03 18 00 01 EC 01 40 00 7C 16 00 48 01 02 10 08 40 00 F4 15 02 67 01 
367566,8 rx src=FPKEAECEOPE len=7 F5 04 07 00 06 02 40 
367581,8 tx hdr=0xF5 op=0x2D MOVE(x,y,z,rx,ry,state,tick) : 82,4 4 50,45 5,775 268,545 b0 i299783845
367586,8 rx src=FPKEAECEOPE len=44 F5 03 2C 00 00 64 00 40 00 88 03 0D 12 20 03 99 14 00 01 9C 0C 04 BE 00 04 9D 0F 40 00 FC 0A FF C5 01 07 90 11 40 00 36 0C 00 BC 05 
367611,7 rx src=FPKEAECEOPE len=24 F5 03 18 00 01 08 02 40 00 7F 16 00 49 01 02 19 08 40 00 F2 15 02 6C 02 
367625,1 rx src=FPKEAECEOPE len=34 F5 03 22 00 00 64 00 40 00 88 03 0D 12 20 03 99 14 00 01 9C 0C 04 BE 00 07 7C 11 40 00 46 0C 00 BC 01 
367631,5 tx hdr=0xF5 op=0x2D MOVE(x,y,z,rx,ry,state,tick) : 82,4 4 50,45 5,775 268,545 b0 i299783895
367645,3 rx src=FPKEAECEOPE len=7 F5 04 07 00 06 02 40 
367645,7 rx src=FPKEAECEOPE len=14 F5 03 0E 00 04 7C 0F 40 00 01 0B FF C5 01 
367664,9 rx src=FPKEAECEOPE len=24 F5 03 18 00 01 26 02 40 00 7D 16 00 4A 01 02 18 08 40 00 FF 15 02 6F 02 
367679,2 tx hdr=0xF5 op=0x2D MOVE(x,y,z,rx,ry,state,tick) : 82,4 4 50,45 5,775 268,545 b0 i299783943
367693,3 rx src=FPKEAECEOPE len=44 F5 03 2C 00 00 64 00 40 00 88 03 0D 12 20 03 99 14 00 01 9C 0C 04 BE 00 04 5B 0F 40 00 05 0B FF C5 01 07 63 11 40 00 4E 0C 00 BC 01 
367720,4 rx src=FPKEAECEOPE len=24 F5 03 18 00 01 43 02 40 00 78 16 00 4B 01 02 12 08 40 00 15 16 02 6F 02 
367720,4 rx src=FPKEAECEOPE len=5 F5 04 05 00 02 
367725,1 rx src=FPKEAECEOPE len=14 F5 03 0E 00 03 99 14 00 01 9C 0C 04 BE 00 
367735,4 tx hdr=0xF5 op=0x2D MOVE(x,y,z,rx,ry,state,tick) : 82,4 4 50,45 5,775 268,545 b0 i299783999
367741,0 rx src=FPKEAECEOPE len=34 F5 03 22 00 00 64 00 40 00 88 03 0D 12 20 04 3A 0F 40 00 09 0B FF C5 01 07 4B 11 40 00 49 0C 00 BC 09 
367768,2 rx src=FPKEAECEOPE len=14 F5 03 0E 00 02 08 08 40 00 31 16 02 6F 02 
367784,9 tx hdr=0xF5 op=0x2D MOVE(x,y,z,rx,ry,state,tick) : 82,4 4 50,45 5,775 268,545 b0 i299784048
367785,3 rx src=FPKEAECEOPE len=44 F5 03 2C 00 01 5F 02 40 00 6D 16 00 5C 01 03 99 14 00 01 9C 0C 04 BE 00 04 19 0F 40 00 0D 0B FF C5 01 07 35 11 40 00 3C 0C 00 BC 09 
367806,1 rx src=FPKEAECEOPE len=34 F5 03 22 00 00 64 00 40 00 88 03 0D 12 20 01 6C 02 40 00 5A 16 00 69 05 02 09 08 40 00 33 16 04 6C 01 
367822,1 rx src=FPKEAECEOPE len=24 F5 03 18 00 00 64 00 40 00 88 03 0D 12 20 07 1F 11 40 00 2A 0C 00 BC 09 
367833,7 tx hdr=0xF5 op=0x2D MOVE(x,y,z,rx,ry,state,tick) : 82,4 4 50,45 7,575 264,345 b0 i299784097
367848,0 rx src=FPKEAECEOPE len=24 F5 03 18 00 03 99 14 00 01 9C 0C 04 BE 00 04 F8 0E 40 00 11 0B FF C5 01 
367878,9 tx hdr=0xF5 op=0x2D MOVE(x,y,z,rx,ry,state,tick) : 82,4 4 50,45 10,425 254,895 b0 i299784142
367879,3 rx src=FPKEAECEOPE len=34 F5 03 22 00 01 6D 02 40 00 5A 16 00 78 05 02 12 08 40 00 28 16 05 67 01 07 09 11 40 00 16 0C 00 BC 09 
367894,1 rx src=FPKEAECEOPE len=34 F5 03 22 00 00 64 00 40 00 88 03 0D 12 20 03 99 14 00 01 9C 0C 04 BE 00 04 D7 0E 40 00 15 0B FF C5 01 
367907,1 rx src=FPKEAECEOPE len=24 F5 03 18 00 01 65 02 40 00 44 16 00 7C 05 02 27 08 40 00 1F 16 05 67 09 
367921,2 rx src=FPKEAECEOPE len=24 F5 03 18 00 00 64 00 40 00 88 03 0D 12 20 07 F3 10 40 00 00 0C 00 BC 09 
367934,4 tx hdr=0xF5 op=0x2D MOVE(x,y,z,rx,ry,state,tick) : 82,4 4 50,45 14,175 238,095 b0 i299784198
367942,2 rx src=FPKEAECEOPE len=10 F5 14 0A 00 18 00 1E 00 05 00 
367947,5 rx src=FPKEAECEOPE len=34 F5 03 22 00 02 43 08 40 00 16 16 05 67 09 03 99 14 00 01 9C 0C 05 BB 00 04 B6 0E 40 00 1A 0B FF C5 01 
367988,0 tx hdr=0xF5 op=0x2D MOVE(x,y,z,rx,ry,state,tick) : 82,4 4 50,45 16,125 233,595 b0 i299784252
367988,4 rx src=FPKEAECEOPE len=54 F5 03 36 00 00 64 00 40 00 88 03 0D 12 20 01 59 02 40 00 2D 16 00 7C 05 03 99 14 00 01 9C 0C 07 B5 00 04 95 0E 40 00 1E 0B FF C5 01 07 DA 10 40 00 F1 0B 00 BC 01 
368003,3 rx src=FPKEAECEOPE len=24 F5 03 18 00 01 49 02 40 00 15 16 00 7D 05 02 62 08 40 00 0E 16 04 67 09 
368035,0 tx hdr=0xF5 op=0x2D MOVE(x,y,z,rx,ry,state,tick) : 82,4 4 50,45 16,125 233,595 b0 i299784299
368035,4 rx src=FPKEAECEOPE len=24 F5 03 18 00 00 64 00 40 00 88 03 0D 12 20 07 C0 10 40 00 F1 0B 00 BC 05 
368051,6 rx src=FPKEAECEOPE len=24 F5 03 18 00 03 99 14 00 01 9C 0C 0A A9 00 04 74 0E 40 00 22 0B FF C5 01 
368067,2 rx src=FPKEAECEOPE len=24 F5 03 18 00 01 37 02 40 00 FE 15 00 7D 05 02 85 08 40 00 07 16 03 67 09 
368083,6 tx hdr=0xF5 op=0x2D MOVE(x,y,z,rx,ry,state,tick) : 82,4 4 50,45 16,125 233,595 b0 i299784347
368087,5 rx src=FPKEAECEOPE len=44 F5 03 2C 00 00 64 00 40 00 88 03 0D 12 20 03 99 14 00 01 9C 0C 0B A6 00 04 53 0E 40 00 26 0B FF C5 01 07 A7 10 40 00 F9 0B 00 BC 05 
368117,2 rx src=FPKEAECEOPE len=14 F5 03 0E 00 02 A8 08 40 00 FF 15 03 67 09 
368120,9 rx src=FPKEAECEOPE len=24 F5 03 18 00 01 24 02 40 00 E6 15 00 7D 05 07 8D 10 40 00 06 0C 00 BB 05 
368133,8 tx hdr=0xF5 op=0x2D MOVE(x,y,z,rx,ry,state,tick) : 82,4 4 50,45 16,125 233,595 b0 i299784397
368141,1 rx src=FPKEAECEOPE len=34 F5 03 22 00 00 64 00 40 00 88 03 0D 12 20 01 11 02 40 00 CF 15 00 7D 05 03 99 14 00 01 9C 0C 0B A6 00 
368167,3 rx src=FPKEAECEOPE len=24 F5 03 18 00 02 CD 08 40 00 F8 15 03 68 09 04 32 0E 40 00 2B 0B FF C5 01 
368167,3 rx src=FPKEAECEOPE len=12 F5 34 0C 00 9B 58 DE 11 EF 58 DE 11 
368183,9 tx hdr=0xF5 op=0x2D MOVE(x,y,z,rx,ry,state,tick) : 82,4 4 50,45 16,125 233,595 b0 i299784447
368184,1 rx src=FPKEAECEOPE len=44 F5 03 2C 00 00 64 00 40 00 88 03 0D 12 20 03 99 14 00 01 9C 0C 0B A6 00 04 11 0E 40 00 2F 0B FF C5 01 07 74 10 40 00 16 0C 00 BB 05 
368218,1 rx src=FPKEAECEOPE len=24 F5 03 18 00 01 06 02 40 00 B4 15 00 7D 01 02 F1 08 40 00 EF 15 03 6B 09 
368234,0 tx hdr=0xF5 op=0x2D MOVE(x,y,z,rx,ry,state,tick) : 82,4 4 50,45 16,125 233,595 b0 i299784497
368234,3 rx src=FPKEAECEOPE len=24 F5 03 18 00 03 99 14 00 01 9C 0C 0B A6 00 04 F0 0D 40 00 33 0B FF C5 01 
368251,0 rx src=FPKEAECEOPE len=24 F5 03 18 00 00 64 00 40 00 88 03 0D 12 20 07 5A 10 40 00 28 0C 00 BA 05 
368268,2 rx src=FPKEAECEOPE len=24 F5 03 18 00 01 00 02 40 00 98 15 00 7D 01 02 11 09 40 00 DE 15 02 81 09 
368284,9 tx hdr=0xF5 op=0x2D MOVE(x,y,z,rx,ry,state,tick) : 82,4 4 50,45 16,125 233,595 b0 i299784548
368290,3 rx src=FPKEAECEOPE len=44 F5 03 2C 00 00 64 00 40 00 88 03 0D 12 20 03 99 14 00 01 9C 0C 0B A6 00 04 CF 0D 40 00 38 0B FF C5 01 07 40 10 40 00 3A 0C 00 BA 05 
368319,5 rx src=FPKEAECEOPE len=14 F5 03 0E 00 02 22 09 40 00 C5 15 02 86 01 
368324,3 rx src=FPKEAECEOPE len=34 F5 03 22 00 01 FE 01 40 00 7A 15 00 7D 01 03 99 14 00 01 9C 0C 0B A6 00 07 26 10 40 00 4D 0C 00 BA 05 
368335,6 tx hdr=0xF5 op=0x2D MOVE(x,y,z,rx,ry,state,tick) : 82,4 4 50,45 16,125 233,595 b0 i299784599
368341,9 rx src=FPKEAECEOPE len=34 F5 03 22 00 00 64 00 40 00 88 03 0D 12 20 01 FD 01 40 00 5C 15 00 7D 01 04 AE 0D 40 00 3C 0B 00 C5 01 
368371,3 rx src=FPKEAECEOPE len=14 F5 03 0E 00 02 2A 09 40 00 A7 15 02 86 01 
368387,8 tx hdr=0xF5 op=0x2D MOVE(x,y,z,rx,ry,state,tick) : 82,4 4 50,45 16,125 233,595 b0 i299784651
368388,0 rx src=FPKEAECEOPE len=34 F5 03 22 00 03 99 14 00 01 9C 0C 0B A6 00 04 8D 0D 40 00 41 0B 00 C5 01 07 0C 10 40 00 60 0C 00 BA 05 
368404,1 rx src=FPKEAECEOPE len=24 F5 03 18 00 00 64 00 40 00 88 03 0D 12 20 01 FD 01 40 00 3D 15 00 7D 01 
368420,6 rx src=FPKEAECEOPE len=14 F5 03 0E 00 02 2D 09 40 00 85 15 02 85 01 
368436,0 tx hdr=0xF5 op=0x2D MOVE(x,y,z,rx,ry,state,tick) : 82,4 4 50,45 16,125 233,595 b0 i299784699
368442,1 rx src=FPKEAECEOPE len=44 F5 03 2C 00 00 64 00 40 00 88 03 0D 12 20 03 99 14 00 01 9C 0C 0B A6 00 04 6C 0D 40 00 45 0B 00 C5 01 07 F2 0F 40 00 73 0C 00 BA 05 
368471,6 rx src=FPKEAECEOPE len=24 F5 03 18 00 01 FE 01 40 00 1E 15 00 7F 01 02 2C 09 40 00 62 15 02 85 01 
368485,2 tx hdr=0xF5 op=0x2D MOVE(x,y,z,rx,ry,state,tick) : 82,4 4 50,45 16,125 233,595 b0 i299784748
368485,5 rx src=FPKEAECEOPE len=44 F5 03 2C 00 00 64 00 40 00 88 03 0D 12 20 03 99 14 00 01 9C 0C 0B A6 00 04 4B 0D 40 00 4A 0B 00 C5 01 07 D8 0F 40 00 87 0C 00 BA 05 
368519,8 rx src=FPKEAECEOPE len=14 F5 03 0E 00 02 2A 09 40 00 3E 15 02 84 01 
368524,4 rx src=FPKEAECEOPE len=24 F5 03 18 00 01 FE 01 40 00 FF 14 00 80 01 07 BC 0F 40 00 90 0C 00 BA 01 
368537,6 tx hdr=0xF5 op=0x2D MOVE(x,y,z,rx,ry,state,tick) : 82,4 4 50,45 16,125 233,595 b0 i299784801
368542,9 rx src=FPKEAECEOPE len=34 F5 03 22 00 00 64 00 40 00 88 03 0D 12 20 03 99 14 00 01 9C 0C 0B A6 00 04 2A 0D 40 00 4E 0B 00 C5 01 
368571,8 rx src=FPKEAECEOPE len=14 F5 03 0E 00 02 27 09 40 00 19 15 02 84 01 
368588,6 tx hdr=0xF5 op=0x2D MOVE(x,y,z,rx,ry,state,tick) : 82,4 4 50,45 16,125 233,595 b0 i299784852
368596,0 rx src=FPKEAECEOPE len=44 F5 03 2C 00 00 64 00 40 00 88 03 0D 12 20 01 F5 01 40 00 E3 14 00 80 05 03 99 14 00 01 9C 0C 0B A6 00 07 9E 0F 40 00 94 0C 00 BA 01 
368613,5 rx src=FPKEAECEOPE len=34 F5 03 22 00 01 E7 01 40 00 CA 14 00 80 05 02 23 09 40 00 F3 14 02 84 01 04 09 0D 40 00 53 0B 00 C5 01 
368625,3 rx src=FPKEAECEOPE len=24 F5 03 18 00 04 E8 0C 40 00 58 0B 00 C5 01 07 84 0F 40 00 8C 0C 00 BA 09 
368629,3 tx hdr=0xF5 op=0x2D MOVE(x,y,z,rx,ry,state,tick) : 82,4 4 50,45 16,125 233,595 b0 i299784892
368642,6 rx src=FPKEAECEOPE len=24 F5 03 18 00 00 64 00 40 00 88 03 0D 12 20 03 99 14 00 01 9C 0C 0B A6 00 
368676,6 rx src=FPKEAECEOPE len=24 F5 03 18 00 01 D5 01 40 00 B2 14 00 80 05 02 1F 09 40 00 CD 14 02 84 01 
368684,5 tx hdr=0xF5 op=0x2D MOVE(x,y,z,rx,ry,state,tick) : 82,4 4 50,45 16,125 233,595 b0 i299784948
368684,7 rx src=FPKEAECEOPE len=44 F5 03 2C 00 00 64 00 40 00 88 03 0D 12 20 03 99 14 00 01 9C 0C 0B A6 00 04 C7 0C 40 00 5C 0B 00 C5 01 07 6C 0F 40 00 7D 0C 00 BA 09 
368718,5 rx src=FPKEAECEOPE len=24 F5 03 18 00 01 C2 01 40 00 9B 14 00 80 05 02 1F 09 40 00 A7 14 02 7A 01 
368723,6 rx src=FPKEAECEOPE len=24 F5 03 18 00 03 99 14 00 01 9C 0C 0B A6 00 07 57 0F 40 00 69 0C 00 BA 09 
368735,4 tx hdr=0xF5 op=0x2D MOVE(x,y,z,rx,ry,state,tick) : 82,4 4 50,45 16,125 233,595 b0 i299784999
368752,2 rx src=FPKEAECEOPE len=34 F5 03 22 00 00 64 00 40 00 88 03 0D 12 20 02 21 09 40 00 81 14 02 5C 05 04 A7 0C 40 00 61 0B 00 C5 01 
368769,8 rx src=FPKEAECEOPE len=14 F5 03 0E 00 01 AD 01 40 00 84 14 00 80 05 
368787,7 tx hdr=0xF5 op=0x2D MOVE(x,y,z,rx,ry,state,tick) : 82,4 4 50,45 16,125 233,595 b0 i299785051
368791,9 rx src=FPKEAECEOPE len=34 F5 03 22 00 03 99 14 00 01 9C 0C 0B A6 00 04 86 0C 40 00 66 0B FF C5 01 07 3D 0F 40 00 5B 0C 00 BA 01 
368805,7 rx src=FPKEAECEOPE len=24 F5 03 18 00 00 64 00 40 00 88 03 0D 12 20 02 20 09 40 00 5B 14 02 44 04 
368827,1 rx src=FPKEAECEOPE len=34 F5 03 22 00 01 98 01 40 00 6E 14 00 80 05 03 99 14 00 01 9C 0C 0B A6 00 07 20 0F 40 00 51 0C 00 BA 01 
368838,6 tx hdr=0xF5 op=0x2D MOVE(x,y,z,rx,ry,state,tick) : 82,4 4 50,45 16,125 233,595 b0 i299785102
368842,7 rx src=FPKEAECEOPE len=34 F5 03 22 00 00 64 00 40 00 88 03 0D 12 20 01 82 01 40 00 57 14 00 80 05 04 65 0C 40 00 6A 0B FF C5 01 
368859,2 # net: TcpClient.Connected = True
368868,7 rx src=FPKEAECEOPE len=14 F5 03 0E 00 02 1E 09 40 00 35 14 01 42 04 
368883,9 tx hdr=0xF5 op=0x2D MOVE(x,y,z,rx,ry,state,tick) : 82,4 4 50,45 16,125 233,595 b0 i299785147
368900,6 rx src=FPKEAECEOPE len=44 F5 03 2C 00 00 64 00 40 00 88 03 0D 12 20 03 99 14 00 01 9C 0C 0B A6 00 04 44 0C 40 00 6F 0B FF C6 01 07 05 0F 40 00 53 0C 00 BA 05 
368900,6 rx src=FPKEAECEOPE len=14 F5 03 0E 00 01 6C 01 40 00 41 14 00 80 05 
368930,9 tx hdr=0xF5 op=0x2D MOVE(x,y,z,rx,ry,state,tick) : 82,4 4 50,45 16,125 233,595 b0 i299785194
368931,1 rx src=FPKEAECEOPE len=14 F5 03 0E 00 02 1C 09 40 00 0F 14 01 42 04 
368951,0 rx src=FPKEAECEOPE len=44 F5 03 2C 00 00 64 00 40 00 88 03 0D 12 20 03 99 14 00 01 9C 0C 0B A6 00 04 23 0C 40 00 74 0B FF C6 01 07 EA 0E 40 00 5B 0C 00 B9 05 
368966,5 rx src=FPKEAECEOPE len=24 F5 03 18 00 01 56 01 40 00 2B 14 00 80 05 02 1A 09 40 00 E9 13 01 42 04 
368982,1 tx hdr=0xF5 op=0x2D MOVE(x,y,z,rx,ry,state,tick) : 82,4 4 50,45 16,125 233,595 b0 i299785245
368998,6 rx src=FPKEAECEOPE len=44 F5 03 2C 00 00 64 00 40 00 88 03 0D 12 20 03 99 14 00 01 9C 0C 0B A6 00 04 02 0C 40 00 79 0B FF C6 01 07 CE 0E 40 00 68 0C 00 B7 05 
369014,2 rx src=FPKEAECEOPE len=14 F5 03 0E 00 02 18 09 40 00 C2 13 01 42 04 
369032,4 tx hdr=0xF5 op=0x2D MOVE(x,y,z,rx,ry,state,tick) : 82,4 4 50,45 16,125 233,595 b0 i299785296
369032,8 rx src=FPKEAECEOPE len=44 F5 03 2C 00 00 64 00 40 00 88 03 0D 12 20 01 40 01 40 00 15 14 00 80 05 03 99 14 00 01 9C 0C 0B A6 00 07 B2 0E 40 00 75 0C 01 B3 05 
369038,4 rx src=FPKEAECEOPE len=14 F5 03 0E 00 04 E1 0B 40 00 7E 0B FF C6 01 
369051,4 tx hdr=0xF5 op=0x02 req/2 : b1
369067,2 rx src=FPKEAECEOPE len=24 F5 03 18 00 01 33 01 40 00 FB 13 00 80 01 02 15 09 40 00 9C 13 01 42 04 
369082,7 tx hdr=0xF5 op=0x2D MOVE(x,y,z,rx,ry,state,tick) : 82,4 4 50,45 16,125 233,595 b0 i299785346
369082,9 rx src=FPKEAECEOPE len=34 F5 03 22 00 03 99 14 00 01 9C 0C 0B A6 00 04 C0 0B 40 00 83 0B FF C6 01 07 96 0E 40 00 82 0C 01 B1 05 
369114,5 rx src=FPKEAECEOPE len=34 F5 03 22 00 00 64 00 40 00 88 03 0D 12 20 01 2B 01 40 00 DF 13 00 80 01 02 13 09 40 00 76 13 01 42 04 
369130,2 tx hdr=0xF5 op=0x2D MOVE(x,y,z,rx,ry,state,tick) : 82,4 4 50,45 16,125 233,595 b0 i299785393
369130,4 rx src=FPKEAECEOPE len=24 F5 03 18 00 03 99 14 00 01 9C 0C 0B A6 00 07 79 0E 40 00 90 0C 01 B1 05 
369144,9 rx src=FPKEAECEOPE len=6 F5 02 06 00 03 01 
369151,9 rx src=FPKEAECEOPE len=156 F5 0E 9C 00 03 01 1C 00 6B 72 69 73 73 5F 76 65 63 74 6F 72 00 4B 52 49 53 53 20 56 65 63 74 6F 72 00 00 00 01 00 00 00 17 00 62 65 72 65 74 74 61 39 32 00 42 65 72 65 74 74 61 20 39 32 00 01 00 01 00 00 00 44 00 73 68 6F 76 65 6C 00 D0 9B D0 BE D0 BF D0 B0 D1 82 D0 B0 00 02 00 01 00 00 
369152,0 rx src=FPKEAECEOPE len=13 F5 0A 0D 00 03 0A 00 01 00 4F 00 40 01 
369192,3 tx hdr=0xF5 op=0x0F slot/15 : b0
369195,9 rx src=FPKEAECEOPE len=34 F5 03 22 00 00 64 00 40 00 88 03 0D 12 20 03 A0 02 40 00 E0 13 0B 40 00 04 9F 0B 40 00 88 0B FF C6 01 
369207,2 tx hdr=0xF5 op=0x2D MOVE(x,y,z,rx,ry,state,tick) : 10 1 79 16,125 90 b0 i299785470
369207,5 rx src=FPKEAECEOPE len=24 F5 03 18 00 01 26 01 40 00 C2 13 00 80 01 02 0B 09 40 00 51 13 01 4F 04 
369207,5 rx src=FPKEAECEOPE len=12 F5 34 0C 00 82 5C DE 11 D8 5C DE 11 
369207,5 rx src=FPKEAECEOPE len=10 F5 3B 0A 00 A0 02 40 00 E0 13 
369207,5 rx src=FPKEAECEOPE len=44 F5 03 2C 00 00 64 00 40 00 88 03 0D 12 20 03 A0 02 40 00 E0 13 0B A6 00 04 7E 0B 40 00 8D 0B FF C6 01 07 5B 0E 40 00 9E 0C 01 B1 05 
369223,4 rx src=FPKEAECEOPE len=24 F5 03 18 00 01 23 01 40 00 A3 13 00 80 01 02 02 09 40 00 2C 13 01 6B 05 
369223,4 rx src=FPKEAECEOPE len=10 F5 3B 0A 00 A0 02 40 00 E0 13 
369237,8 tx hdr=0xF5 op=0x2D MOVE(x,y,z,rx,ry,state,tick) : 10,5 1 79,5 16,125 90 b0 i299785462
369238,1 rx src=FPKEAECEOPE len=34 F5 03 22 00 00 64 00 40 00 88 03 0D 12 20 03 A0 02 40 00 E0 13 0B A6 00 07 3E 0E 40 00 AC 0C 01 B1 05 
369253,4 rx src=FPKEAECEOPE len=24 F5 03 18 00 02 F4 08 40 00 09 13 01 7A 05 04 5D 0B 40 00 92 0B FF C6 01 
369268,5 rx src=FPKEAECEOPE len=14 F5 03 0E 00 01 23 01 40 00 85 13 FE 7A 01 
369280,6 tx hdr=0xF5 op=0x2D MOVE(x,y,z,rx,ry,state,tick) : 10,5 1 79,5 16,125 90 b0 i299785505
369280,9 rx src=FPKEAECEOPE len=6 F5 0F 06 00 03 00 
369285,8 rx src=FPKEAECEOPE len=34 F5 03 22 00 00 64 00 40 00 88 03 0D 12 20 04 3D 0B 40 00 97 0B FF C6 01 07 21 0E 40 00 BA 0C 01 B1 05 
369297,7 rx src=FPKEAECEOPE len=10 F5 3B 0A 00 A0 02 40 00 E0 13 
369302,1 rx src=FPKEAECEOPE len=14 F5 03 0E 00 03 A0 02 40 00 E0 13 0B 40 00 
369330,6 tx hdr=0xF5 op=0x2D MOVE(x,y,z,rx,ry,state,tick) : 10,5 1 79,5 16,125 90 b0 i299785555
369330,8 rx src=FPKEAECEOPE len=34 F5 03 22 00 01 25 01 40 00 66 13 FE 78 01 02 ED 08 40 00 E5 12 01 7B 01 07 03 0E 40 00 C7 0C 01 B1 05 
369352,2 rx src=FPKEAECEOPE len=34 F5 03 22 00 00 64 00 40 00 88 03 0D 12 20 03 A0 02 40 00 E0 13 0B 40 00 04 1C 0B 40 00 9C 0B FF C6 01 
369352,2 rx src=FPKEAECEOPE len=13 F5 0A 0D 00 06 5B 00 01 00 2F 00 C0 00 
369368,3 rx src=FPKEAECEOPE len=34 F5 03 22 00 01 28 01 40 00 47 13 FE 78 01 02 EA 08 40 00 C1 12 01 7B 01 06 E0 16 40 00 E0 0B 04 C0 00 
369380,2 tx hdr=0xF5 op=0x2D MOVE(x,y,z,rx,ry,state,tick) : 10,5 1 79,5 16,125 90,15 b0 i299785604
369385,1 rx src=FPKEAECEOPE len=34 F5 03 22 00 00 64 00 40 00 88 03 0D 12 20 03 A0 02 40 00 E0 13 0B 40 00 07 E6 0D 40 00 D5 0C 01 B1 05 
369415,2 rx src=FPKEAECEOPE len=34 F5 03 22 00 01 23 01 40 00 2B 13 FE 78 05 02 EA 08 40 00 9B 12 01 7B 01 04 FB 0A 40 00 A1 0B FF C6 01 
369433,5 tx hdr=0xF5 op=0x2D MOVE(x,y,z,rx,ry,state,tick) : 10,5 1 79,5 16,125 91,8 b0 i299785658
369433,7 rx src=FPKEAECEOPE len=24 F5 03 18 00 03 A0 02 40 00 E0 13 0B 40 00 04 DA 0A 40 00 A6 0B FF C6 01 
369450,0 rx src=FPKEAECEOPE len=34 F5 03 22 00 00 64 00 40 00 88 03 0D 12 20 02 EC 08 40 00 75 12 01 7B 01 07 C8 0D 40 00 D9 0C 01 B1 01 
369485,1 tx hdr=0xF5 op=0x2D MOVE(x,y,z,rx,ry,state,tick) : 10,5 1 79,5 16,125 96,15 b0 i299785709
369485,3 rx src=FPKEAECEOPE len=44 F5 03 2C 00 01 19 01 40 00 0F 13 FE 78 05 03 A0 02 40 00 E0 13 0B 40 00 04 B9 0A 40 00 AC 0B FF C6 01 07 A9 0D 40 00 D7 0C 01 B1 01 
369508,6 rx src=FPKEAECEOPE len=24 F5 03 18 00 00 64 00 40 00 88 03 0D 12 20 02 EF 08 40 00 50 12 01 7B 01 
369520,8 rx src=FPKEAECEOPE len=14 F5 03 0E 00 07 8B 0D 40 00 D1 0C 01 B1 01 
369538,5 tx hdr=0xF5 op=0x2D MOVE(x,y,z,rx,ry,state,tick) : 10,5 1 79,5 15,525 102,9 b0 i299785762
369556,9 rx src=FPKEAECEOPE len=54 F5 03 36 00 00 64 00 40 00 88 03 0D 12 20 01 0B 01 40 00 F4 12 FE 78 05 02 F2 08 40 00 2A 12 01 7B 01 03 A0 02 40 00 E0 13 0B 41 00 04 98 0A 40 00 B1 0B FF C6 01 
369581,9 tx hdr=0xF5 op=0x2D MOVE(x,y,z,rx,ry,state,tick) : 10,5 1 79,5 14,625 107,1 b0 i299785806
369592,3 rx src=FPKEAECEOPE len=54 F5 03 36 00 00 64 00 40 00 88 03 0D 12 20 01 FC 00 40 00 DA 12 FE 78 05 03 A0 02 40 00 E0 13 0B 44 00 04 77 0A 40 00 B6 0B FF C6 01 07 6D 0D 40 00 C9 0C 01 B0 01 
369609,9 rx src=FPKEAECEOPE len=24 F5 03 18 00 01 EC 00 40 00 BF 12 FE 77 05 02 F5 08 40 00 04 12 01 7B 01 
369626,9 rx src=FPKEAECEOPE len=14 F5 03 0E 00 07 4E 0D 40 00 BF 0C 01 AE 01 
369631,5 tx hdr=0xF5 op=0x2D MOVE(x,y,z,rx,ry,state,tick) : 10,5 1 79,5 13,575 112,2 b0 i299785855
369650,4 rx src=FPKEAECEOPE len=34 F5 03 22 00 00 64 00 40 00 88 03 0D 12 20 03 A0 02 40 00 E0 13 0B 49 00 04 56 0A 40 00 BB 0B FF C6 01 
369666,7 rx src=FPKEAECEOPE len=14 F5 03 0E 00 02 03 09 40 00 E3 11 01 7B 09 
369682,5 tx hdr=0xF5 op=0x2D MOVE(x,y,z,rx,ry,state,tick) : 10,5 1 79,5 12,375 117,15 b0 i299785907
369692,0 rx src=FPKEAECEOPE len=54 F5 03 36 00 00 64 00 40 00 88 03 0D 12 20 01 DF 00 40 00 A4 12 FF 6C 05 03 A0 02 40 00 E0 13 0A 4C 00 04 35 0A 40 00 C0 0B FF C6 01 07 30 0D 40 00 BD 0C 01 AE 05 
369692,1 rx src=FPKEAECEOPE len=6 F5 0F 06 00 06 00 
369715,2 rx src=FPKEAECEOPE len=24 F5 03 18 00 01 D5 00 40 00 87 12 00 64 05 02 19 09 40 00 C8 11 01 75 09 
369725,5 rx src=FPKEAECEOPE len=24 F5 03 18 00 03 A0 02 40 00 E0 13 09 4F 00 06 E0 16 40 00 E0 0B 04 C0 00 
369729,9 tx hdr=0xF5 op=0x2D MOVE(x,y,z,rx,ry,state,tick) : 10,5 1 79,5 11,775 119,7 b0 i299785954
369747,9 rx src=FPKEAECEOPE len=34 F5 03 22 00 00 64 00 40 00 88 03 0D 12 20 04 14 0A 40 00 C5 0B FF C6 01 07 11 0D 40 00 C1 0C 01 AD 05 
369747,9 rx src=FPKEAECEOPE len=6 F5 0F 06 00 02 01 
369763,9 rx src=FPKEAECEOPE len=14 F5 03 0E 00 02 30 09 40 00 B3 11 01 75 09 
369782,8 tx hdr=0xF5 op=0x2D MOVE(x,y,z,rx,ry,state,tick) : 10,5 1 79,5 11,775 120,6 b0 i299786007
369792,2 rx src=FPKEAECEOPE len=64 F5 03 40 00 00 64 00 40 00 88 03 0D 12 20 01 D1 00 40 00 69 12 01 5C 05 03 A0 02 40 00 E0 13 08 53 00 04 F4 09 40 00 CA 0B FF C6 01 06 E0 16 40 00 E0 0B 04 C0 00 07 F3 0C 40 00 C7 0C 01 AD 05 
369809,8 rx src=FPKEAECEOPE len=24 F5 03 18 00 01 CF 00 40 00 4A 12 01 5C 05 02 41 09 40 00 99 11 01 76 01 
369826,9 rx src=FPKEAECEOPE len=44 F5 03 2C 00 00 64 00 40 00 88 03 0D 12 20 03 A0 02 40 00 E0 13 08 55 00 06 E0 16 40 00 E0 0B 04 C0 00 07 D4 0C 40 00 CE 0C 01 AC 05 
369830,9 tx hdr=0xF5 op=0x2D MOVE(x,y,z,rx,ry,state,tick) : 10,5 1 79,5 11,775 124,2 b0 i299786055
369844,2 rx src=FPKEAECEOPE len=14 F5 03 0E 00 04 D3 09 40 00 CF 0B FF C6 01 
369865,4 rx src=FPKEAECEOPE len=24 F5 03 18 00 01 CF 00 40 00 2B 12 01 5C 05 02 4E 09 40 00 7D 11 01 77 01 
369882,8 tx hdr=0xF5 op=0x2D MOVE(x,y,z,rx,ry,state,tick) : 10,5 1 79,5 11,775 126,15 b0 i299786107
369889,0 rx src=FPKEAECEOPE len=54 F5 03 36 00 00 64 00 40 00 88 03 0D 12 20 03 A0 02 40 00 E0 13 08 55 00 04 B2 09 40 00 D4 0B FF C6 01 06 E0 16 40 00 E0 0B 04 C0 00 07 B5 0C 40 00 D7 0C 01 AC 05 
369904,1 rx src=FPKEAECEOPE len=14 F5 03 0E 00 02 58 09 40 00 5F 11 00 77 01 
369929,6 tx hdr=0xF5 op=0x2D MOVE(x,y,z,rx,ry,state,tick) : 10,5 1 79,5 11,775 126,3 b0 i299786154
369929,9 rx src=FPKEAECEOPE len=44 F5 03 2C 00 01 CF 00 40 00 19 12 02 5B 00 03 A0 02 40 00 E0 13 08 58 00 06 E0 16 40 00 E0 0B 04 C0 00 07 96 0C 40 00 E0 0C 01 AC 05 
369929,9 rx src=FPKEAECEOPE len=7 F5 04 07 00 02 04 21 
369945,8 rx src=FPKEAECEOPE len=24 F5 03 18 00 00 64 00 40 00 88 03 0D 12 20 04 91 09 40 00 D9 0B FF C6 01 
369966,7 rx src=FPKEAECEOPE len=24 F5 03 18 00 01 CF 00 40 00 0E 12 02 5B 00 02 61 09 40 00 40 11 FF 77 01 
369978,7 tx hdr=0xF5 op=0x2D MOVE(x,y,z,rx,ry,state,tick) : 10,5 1 79,5 11,775 126,3 b0 i299786203
369995,2 rx src=FPKEAECEOPE len=54 F5 03 36 00 00 64 00 40 00 88 03 0D 12 20 03 A0 02 40 00 E0 13 08 59 00 04 70 09 40 00 DE 0B FF C6 01 06 E0 16 40 00 E0 0B 04 C0 00 07 77 0C 40 00 E9 0C 01 AB 05 
370011,5 rx src=FPKEAECEOPE len=14 F5 03 0E 00 02 5A 09 40 00 2A 11 FF 77 04 
370028,2 tx hdr=0xF5 op=0x2D MOVE(x,y,z,rx,ry,state,tick) : 10,5 1 79,5 11,775 126,3 b0 i299786252
370028,4 rx src=FPKEAECEOPE len=34 F5 03 22 00 01 CF 00 40 00 07 12 02 5B 00 03 A0 02 40 00 E0 13 08 59 00 07 58 0C 40 00 F3 0C 01 AB 05 
370046,9 rx src=FPKEAECEOPE len=7 F5 0B 07 00 04 02 01 
370047,2 rx src=FPKEAECEOPE len=8 F5 0C 08 00 02 04 01 01 
370052,4 rx src=FPKEAECEOPE len=10 F5 13 0A 00 04 01 12 00 39 00 
370052,4 rx src=FPKEAECEOPE len=10 F5 13 0A 00 02 00 01 00 01 00 
370052,4 rx src=FPKEAECEOPE len=7 F5 04 07 00 02 04 11 
370052,6 rx src=FPKEAECEOPE len=14 F5 03 0E 00 00 64 00 40 00 88 03 0D 12 20 
370071,0 rx src=FPKEAECEOPE len=24 F5 03 18 00 01 CF 00 40 00 03 12 02 5C 00 02 48 09 40 00 1C 11 00 7A 04 
370081,8 tx hdr=0xF5 op=0x2D MOVE(x,y,z,rx,ry,state,tick) : 10,5 1 79,5 11,475 126,45 b0 i299786306
370086,0 rx src=FPKEAECEOPE len=44 F5 03 2C 00 00 64 00 40 00 88 03 0D 12 20 03 A0 02 40 00 E0 13 08 59 00 06 E0 16 40 00 E0 0B 04 C0 00 07 38 0C 40 00 FB 0C 01 A9 05 
370113,6 rx src=FPKEAECEOPE len=6 F5 0F 06 00 00 00 
370113,7 rx src=FPKEAECEOPE len=14 F5 03 0E 00 02 30 09 40 00 12 11 00 7B 04 
370128,4 tx hdr=0xF5 op=0x2D MOVE(x,y,z,rx,ry,state,tick) : 10,5 1 79,5 11,325 126,45 b0 i299786352
370128,6 rx src=FPKEAECEOPE len=44 F5 03 2C 00 01 D0 00 40 00 01 12 03 5D 00 03 A0 02 40 00 E0 13 08 59 00 06 E0 16 40 00 E0 0B 04 C0 00 07 18 0C 40 00 02 0D 01 A6 05 
370145,1 rx src=FPKEAECEOPE len=24 F5 03 18 00 00 64 00 40 00 88 03 0D 12 20 01 D0 00 40 00 FF 11 03 5E 00 
370161,5 rx src=FPKEAECEOPE len=5 F5 04 05 00 02 
370166,6 rx src=FPKEAECEOPE len=14 F5 03 0E 00 02 15 09 40 00 0A 11 00 7A 04 
370166,6 rx src=FPKEAECEOPE len=12 F5 34 0C 00 42 60 DE 11 BF 60 DE 11 
370178,6 tx hdr=0xF5 op=0x2D MOVE(x,y,z,rx,ry,state,tick) : 10,5 1 79,5 11,325 126,45 b0 i299786443
370195,8 rx src=FPKEAECEOPE len=44 F5 03 2C 00 00 64 00 40 00 88 03 0D 12 20 03 A0 02 40 00 E0 13 08 59 00 06 E0 16 40 00 E0 0B 04 C0 00 07 F8 0B 40 00 07 0D 02 A3 05 
370213,0 rx src=FPKEAECEOPE len=14 F5 03 0E 00 02 F7 08 40 00 03 11 00 7A 04 
370229,6 tx hdr=0xF5 op=0x2D MOVE(x,y,z,rx,ry,state,tick) : 10,5 1 79,5 10,725 125,7 b0 i299786493
370229,8 rx src=FPKEAECEOPE len=44 F5 03 2C 00 01 D0 00 40 00 FF 11 03 5E 00 03 A0 02 40 00 E0 13 08 59 00 06 E0 16 40 00 E0 0B 04 C0 00 07 D8 0B 40 00 0C 0D 02 A2 05 
370247,8 rx src=FPKEAECEOPE len=14 F5 03 0E 00 00 64 00 40 00 88 03 0D 12 20 
370270,3 rx src=FPKEAECEOPE len=24 F5 03 18 00 02 D8 08 40 00 FE 10 00 7A 04 03 A0 02 40 00 E0 13 08 59 00 
370284,7 tx hdr=0xF5 op=0x2D MOVE(x,y,z,rx,ry,state,tick) : 10,5 1 79,5 9,525 117,6 b0 i299786549
370285,0 rx src=FPKEAECEOPE len=34 F5 03 22 00 01 D0 00 40 00 FF 11 03 5E 00 06 E0 16 40 00 E0 0B 04 C0 00 07 B8 0B 40 00 0F 0D 02 A2 05 
370285,0 rx src=FPKEAECEOPE len=5 F5 04 05 00 02 
370309,8 rx src=FPKEAECEOPE len=34 F5 03 22 00 00 64 00 40 00 88 03 0D 12 20 01 D0 00 40 00 FF 11 03 5E 00 02 B8 08 40 00 F8 10 00 7A 04 
370329,6 tx hdr=0xF5 op=0x2D MOVE(x,y,z,rx,ry,state,tick) : 10,5 1 79,5 9,525 109,35 b0 i299786593
370329,8 rx src=FPKEAECEOPE len=34 F5 03 22 00 03 A0 02 40 00 E0 13 07 59 00 06 E0 16 40 00 E0 0B 04 C0 00 07 97 0B 40 00 12 0D 02 A3 05 
370346,9 rx src=FPKEAECEOPE len=14 F5 03 0E 00 00 64 00 40 00 88 03 0D 12 20 
370375,1 rx src=FPKEAECEOPE len=14 F5 03 0E 00 02 98 08 40 00 F3 10 00 7A 04 
370375,1 rx src=FPKEAECEOPE len=5 F5 04 05 00 01 
370382,1 tx hdr=0xF5 op=0x2D MOVE(x,y,z,rx,ry,state,tick) : 10,5 1 79,5 9,375 104,7 b0 i299786646
370392,8 rx src=FPKEAECEOPE len=44 F5 03 2C 00 01 D0 00 40 00 FF 11 03 5E 00 03 A0 02 40 00 E0 13 06 53 00 06 E0 16 40 00 E0 0B 04 C0 00 07 78 0B 40 00 0E 0D 01 AB 01 
370398,5 rx src=FPKEAECEOPE len=5 F5 04 05 00 02 
370398,6 rx src=FPKEAECEOPE len=24 F5 03 18 00 00 64 00 40 00 88 03 0D 12 20 01 D0 00 40 00 FF 11 02 5E 00 
370428,6 tx hdr=0xF5 op=0x2D MOVE(x,y,z,rx,ry,state,tick) : 10,5 1 79,5 9,075 103,95 b0 i299786693
370428,9 rx src=FPKEAECEOPE len=34 F5 03 22 00 02 77 08 40 00 EF 10 00 7B 04 03 A0 02 40 00 E0 13 06 4D 00 07 62 0B 40 00 FE 0C 00 AB 09 
370453,6 rx src=FPKEAECEOPE len=24 F5 03 18 00 00 64 00 40 00 88 03 0D 12 20 02 71 08 40 00 ED 10 00 7C 08 
370467,4 rx src=FPKEAECEOPE len=14 F5 03 0E 00 06 E0 16 40 00 E0 0B 04 C0 00 
370479,9 tx hdr=0xF5 op=0x2D MOVE(x,y,z,rx,ry,state,tick) : 10,5 1 79,5 9,075 103,95 b0 i299786744
370495,1 rx src=FPKEAECEOPE len=54 F5 03 36 00 00 64 00 40 00 88 03 0D 12 20 01 D0 00 40 00 FF 11 02 5E 00 03 A0 02 40 00 E0 13 06 4A 00 06 E0 16 40 00 E0 0B 02 C0 00 07 56 0B 40 00 E8 0C 01 9D 09 
370510,0 rx src=FPKEAECEOPE len=14 F5 03 0E 00 02 7B 08 40 00 EE 10 00 7B 08 
370510,0 rx src=FPKEAECEOPE len=5 F5 04 05 00 02 
370528,6 tx hdr=0xF5 op=0x2D MOVE(x,y,z,rx,ry,state,tick) : 10,5 1 79,5 9,075 103,95 b0 i299786792
370528,9 rx src=FPKEAECEOPE len=34 F5 03 22 00 01 D0 00 40 00 FF 11 02 5E 00 03 A0 02 40 00 E0 13 06 49 00 07 5B 0B 40 00 DD 0C 02 77 08 
370546,5 rx src=FPKEAECEOPE len=24 F5 03 18 00 00 64 00 40 00 88 03 0D 12 20 06 E0 16 40 00 E0 0B 00 BD 00 
370578,0 tx hdr=0xF5 op=0x2D MOVE(x,y,z,rx,ry,state,tick) : 10,5 1 79,5 9,075 103,95 b0 i299786842
370578,3 rx src=FPKEAECEOPE len=24 F5 03 18 00 02 8E 08 40 00 F0 10 00 7B 08 03 A0 02 40 00 E0 13 06 49 00 
370593,1 rx src=FPKEAECEOPE len=44 F5 03 2C 00 00 64 00 40 00 88 03 0D 12 20 01 D0 00 40 00 FF 11 02 5E 00 06 E0 16 40 00 E0 0B FF B8 00 07 6B 0B 40 00 D3 0C 01 6C 09 
370606,8 rx src=FPKEAECEOPE len=14 F5 03 0E 00 02 A6 08 40 00 F3 10 00 79 08 
370629,5 tx hdr=0xF5 op=0x2D MOVE(x,y,z,rx,ry,state,tick) : 10,5 1 79,5 9,075 103,95 b0 i299786893
370629,7 rx src=FPKEAECEOPE len=24 F5 03 18 00 01 D0 00 40 00 FF 11 03 5E 00 03 A0 02 40 00 E0 13 06 49 00 
370644,8 rx src=FPKEAECEOPE len=5 F5 04 05 00 01 
370654,4 rx src=FPKEAECEOPE len=34 F5 03 22 00 00 64 00 40 00 88 03 06 07 20 06 E0 16 40 00 E0 0B FF B8 00 07 7A 0B 40 00 C1 0C 01 6C 01 
370664,2 rx src=FPKEAECEOPE len=14 F5 03 0E 00 02 C1 08 40 00 F9 10 01 71 08 
370679,7 tx hdr=0xF5 op=0x2D MOVE(x,y,z,rx,ry,state,tick) : 10,5 1 79,5 9,075 103,65 b0 i299786944
370685,6 rx src=FPKEAECEOPE len=54 F5 03 36 00 00 64 00 40 00 88 03 00 FF 20 01 D0 00 40 00 FF 11 02 5E 00 03 A0 02 40 00 E0 13 06 49 00 06 E0 16 40 00 E0 0B FF B8 00 07 90 0B 40 00 B3 0C 01 6C 09 
370715,3 rx src=FPKEAECEOPE len=24 F5 03 18 00 01 D0 00 40 00 FF 11 02 5E 00 02 DE 08 40 00 FA 10 01 6B 09 
370730,3 tx hdr=0xF5 op=0x2D MOVE(x,y,z,rx,ry,state,tick) : 10,5 1 79,5 9,975 101,1 b0 i299786994
370730,6 rx src=FPKEAECEOPE len=24 F5 03 18 00 03 A0 02 40 00 E0 13 06 49 00 07 AA 0B 40 00 A6 0C 01 6C 09 
370752,1 rx src=FPKEAECEOPE len=24 F5 03 18 00 00 64 00 40 00 88 03 00 FE 20 06 E0 16 40 00 E0 0B FF B8 00 
370767,0 rx src=FPKEAECEOPE len=14 F5 03 0E 00 02 FD 08 40 00 F6 10 01 6B 09 
370780,0 tx hdr=0xF5 op=0x2D MOVE(x,y,z,rx,ry,state,tick) : 10,5 1 79,5 10,275 97,5 b0 i299787044
370794,7 rx src=FPKEAECEOPE len=54 F5 03 36 00 00 5F 00 40 00 8C 03 00 FE 29 01 D0 00 40 00 FF 11 02 5E 00 03 A0 02 40 00 E0 13 06 49 00 06 E0 16 40 00 E0 0B FF B8 00 07 C2 0B 40 00 96 0C 01 7E 09 
370800,2 rx src=FPKEAECEOPE len=14 F5 03 0E 00 01 D0 00 40 00 FF 11 02 5E 00 
370826,8 rx src=FPKEAECEOPE len=14 F5 03 0E 00 02 1C 09 40 00 F0 10 01 6B 09 
370830,2 tx hdr=0xF5 op=0x2D MOVE(x,y,z,rx,ry,state,tick) : 10,5 1 79,5 10,275 92,4 b0 i299787094
370860,4 rx src=FPKEAECEOPE len=44 F5 03 2C 00 00 5F 00 40 00 94 03 00 FE 29 03 A0 02 40 00 E0 13 07 47 00 06 E0 16 40 00 E0 0B FF B7 00 07 CD 0B 40 00 7F 0C 03 AC 09 
370882,1 tx hdr=0xF5 op=0x2D MOVE(x,y,z,rx,ry,state,tick) : 10,5 1 79,5 10,275 88,65 b0 i299787146
370894,2 rx src=FPKEAECEOPE len=64 F5 03 40 00 00 5A 00 40 00 A0 03 00 FE 21 01 D0 00 40 00 FF 11 03 5E 00 02 35 09 40 00 E1 10 01 6B 01 03 A0 02 40 00 E0 13 07 45 00 06 E0 16 40 00 E0 0B FF B6 00 07 D5 0B 78 00 65 0C 04 BB 18 
370901,1 rx src=FPKEAECEOPE len=10 F5 06 0A 00 0C 00 02 00 3E 00 
370910,7 rx src=FPKEAECEOPE len=14 F5 03 0E 00 02 4A 09 40 00 CC 10 01 6B 01 
370910,7 rx src=FPKEAECEOPE len=5 F5 04 05 00 01 
370926,7 rx src=FPKEAECEOPE len=34 F5 03 22 00 01 D0 00 40 00 FF 11 02 5E 00 03 A0 02 40 00 E0 13 07 41 00 07 DD 0B A1 00 4A 0C 03 CB 18 
370932,6 tx hdr=0xF5 op=0x2D MOVE(x,y,z,rx,ry,state,tick) : 10,5 1 79,5 10,425 85,95 b0 i299787196
370949,1 rx src=FPKEAECEOPE len=24 F5 03 18 00 00 5A 00 40 00 A0 03 00 FE 21 06 E0 16 40 00 E0 0B FE B4 00 
370963,2 rx src=FPKEAECEOPE len=14 F5 03 0E 00 02 64 09 40 00 BC 10 01 6B 09 
370980,5 tx hdr=0xF5 op=0x2D MOVE(x,y,z,rx,ry,state,tick) : 10,5 1 79,5 10,725 84,75 b0 i299787244
370996,9 rx src=FPKEAECEOPE len=54 F5 03 36 00 00 5A 00 40 00 A0 03 00 FE 21 01 D0 00 40 00 FF 11 02 5E 00 03 A0 02 40 00 E0 13 07 3F 00 06 E0 16 40 00 E0 0B FC B3 00 07 E5 0B BA 00 30 0C 03 DC 18 
371011,0 rx src=FPKEAECEOPE len=24 F5 03 18 00 01 D0 00 40 00 FF 11 02 5E 00 02 80 09 40 00 AE 10 01 6C 09 
371025,6 rx src=FPKEAECEOPE len=14 F5 03 0E 00 03 A0 02 40 00 E0 13 07 3D 00 
371031,1 tx hdr=0xF5 op=0x2D MOVE(x,y,z,rx,ry,state,tick) : 10,5 1 79,5 10,725 84,6 b0 i299787295
371045,8 rx src=FPKEAECEOPE len=34 F5 03 22 00 00 5A 00 40 00 A0 03 00 FE 21 06 E0 16 40 00 E0 0B FC B2 00 07 ED 0B C5 00 16 0C 03 DF 1A 
371067,9 rx src=FPKEAECEOPE len=14 F5 03 0E 00 02 9D 09 40 00 A2 10 01 6D 09 
371078,4 tx hdr=0xF5 op=0x2D MOVE(x,y,z,rx,ry,state,tick) : 10,5 1 79,5 10,875 84,45 b0 i299787342
371095,5 rx src=FPKEAECEOPE len=54 F5 03 36 00 00 59 00 40 00 A0 03 00 FE 20 01 D0 00 40 00 FF 11 02 5E 00 03 A0 02 40 00 E0 13 07 3C 00 06 E0 16 40 00 E0 0B FB B1 00 07 F5 0B C0 00 FB 0B 03 E1 1A 
371112,1 rx src=FPKEAECEOPE len=14 F5 03 0E 00 01 D0 00 40 00 FF 11 02 5E 00 
371129,3 tx hdr=0xF5 op=0x2D MOVE(x,y,z,rx,ry,state,tick) : 10,5 1 79,5 10,875 84,45 b0 i299787393
371129,5 rx src=FPKEAECEOPE len=44 F5 03 2C 00 02 BC 09 40 00 9C 10 02 79 08 03 A0 02 40 00 E0 13 07 3C 00 06 E0 16 40 00 E0 0B FB B0 00 07 FD 0B AB 00 E1 0B 03 E1 1A 
371145,9 rx src=FPKEAECEOPE len=5 F5 04 05 00 01 
371146,0 rx src=FPKEAECEOPE len=14 F5 03 0E 00 00 59 00 40 00 A5 03 00 FE 20 
371167,9 rx src=FPKEAECEOPE len=24 F5 03 18 00 01 D0 00 40 00 FF 11 02 5E 00 02 DC 09 40 00 98 10 01 81 08 
371167,9 rx src=FPKEAECEOPE len=12 F5 34 0C 00 4E 64 DE 11 A5 64 DE 11 
371178,7 tx hdr=0xF5 op=0x2D MOVE(x,y,z,rx,ry,state,tick) : 10,5 1 79,5 10,875 84,45 b0 i299787439
371192,9 rx src=FPKEAECEOPE len=44 F5 03 2C 00 00 59 00 40 00 A5 03 00 FE 20 03 A0 02 40 00 E0 13 07 3C 00 06 E0 16 40 00 E0 0B FD AE 00 07 05 0C 87 00 C6 0B 03 E1 1A 
371220,0 rx src=FPKEAECEOPE len=24 F5 03 18 00 01 D0 00 40 00 FF 11 02 5E 00 02 E1 09 40 00 96 10 01 81 04 
371227,0 rx src=FPKEAECEOPE len=34 F5 03 22 00 03 A0 02 40 00 E0 13 07 3C 00 06 E0 16 40 00 E0 0B FD AE 00 07 0D 0C 54 00 AC 0B 02 E4 1A 
371234,6 tx hdr=0xF5 op=0x2D MOVE(x,y,z,rx,ry,state,tick) : 10,5 1 79,5 10,875 84,45 b0 i299787495
371248,7 rx src=FPKEAECEOPE len=24 F5 03 18 00 00 59 00 40 00 A5 03 01 00 20 02 D7 09 40 00 96 10 01 81 04 
371263,7 rx src=FPKEAECEOPE len=14 F5 03 0E 00 01 D0 00 40 00 FF 11 02 5E 00 
371279,9 tx hdr=0xF5 op=0x2D MOVE(x,y,z,rx,ry,state,tick) : 10,5 1 79,5 10,875 84,45 b0 i299787540
371291,1 rx src=FPKEAECEOPE len=44 F5 03 2C 00 00 59 00 40 00 A5 03 03 0D 20 03 A0 02 40 00 E0 13 07 3C 00 06 E0 16 40 00 E0 0B FD AE 00 07 15 0C 40 00 91 0B 02 E7 0A 
371308,6 rx src=FPKEAECEOPE len=24 F5 03 18 00 01 D0 00 40 00 FF 11 02 5E 00 02 C4 09 40 00 95 10 01 7F 04 
371329,3 tx hdr=0xF5 op=0x2D MOVE(x,y,z,rx,ry,state,tick) : 10,5 1 79,5 10,875 84,45 b0 i299787590
371346,3 rx src=FPKEAECEOPE len=44 F5 03 2C 00 00 5F 00 40 00 A3 03 03 11 24 03 A0 02 40 00 E0 13 07 3C 00 06 E0 16 40 00 E0 0B FD AE 00 07 16 0C 40 00 75 0B 02 EA 0A 
371374,7 rx src=FPKEAECEOPE len=24 F5 03 18 00 01 D0 00 40 00 FF 11 02 5E 00 02 AB 09 40 00 95 10 01 7F 04 
371380,9 tx hdr=0xF5 op=0x2D MOVE(x,y,z,rx,ry,state,tick) : 10,5 1 79,5 10,875 84,45 b0 i299787642
371390,9 rx src=FPKEAECEOPE len=34 F5 03 22 00 03 A0 02 40 00 E0 13 07 3C 00 06 E0 16 40 00 E0 0B FD AE 00 07 13 0C 40 00 57 0B 02 EB 0A 
371408,4 rx src=FPKEAECEOPE len=14 F5 03 0E 00 00 69 00 40 00 9F 03 03 11 24 
371408,4 rx src=FPKEAECEOPE len=5 F5 04 05 00 01 
371429,8 tx hdr=0xF5 op=0x2D MOVE(x,y,z,rx,ry,state,tick) : 10,5 1 79,5 10,875 84,45 b0 i299787690
371430,2 rx src=FPKEAECEOPE len=44 F5 03 2C 00 01 D0 00 40 00 FF 11 02 5E 00 02 8F 09 40 00 94 10 01 7F 04 03 A0 02 40 00 E0 13 07 3C 00 06 D3 16 40 00 DA 0B FD AE 01 
371447,1 rx src=FPKEAECEOPE len=24 F5 03 18 00 00 76 00 40 00 9A 03 03 11 24 07 0D 0C 40 00 39 0B 02 EC 0A 
371465,9 rx src=FPKEAECEOPE len=24 F5 03 18 00 01 D0 00 40 00 FF 11 02 5E 00 02 71 09 40 00 93 10 01 7E 04 
371478,8 tx hdr=0xF5 op=0x2D MOVE(x,y,z,rx,ry,state,tick) : 10,5 1 79,5 10,875 84,45 b0 i299787739
371497,8 rx src=FPKEAECEOPE len=24 F5 03 18 00 03 A0 02 40 00 E0 13 07 3C 00 07 06 0C 40 00 1B 0B 02 ED 0A 
371514,5 rx src=FPKEAECEOPE len=34 F5 03 22 00 00 83 00 40 00 9A 03 03 11 24 02 51 09 40 00 92 10 01 7C 04 06 C0 16 40 00 CF 0B 05 A9 01 
371530,6 tx hdr=0xF5 op=0x2D MOVE(x,y,z,rx,ry,state,tick) : 10,5 1 79,5 10,875 84,45 b0 i299787791
371530,8 rx src=FPKEAECEOPE len=34 F5 03 22 00 01 D0 00 40 00 FF 11 02 5E 00 03 A0 02 40 00 E0 13 07 3C 00 07 F5 0B 40 00 04 0B 01 F0 08 
371547,6 rx src=FPKEAECEOPE len=24 F5 03 18 00 00 92 00 40 00 9A 03 03 11 24 06 A9 16 40 00 C1 0B 08 A8 01 
371565,0 rx src=FPKEAECEOPE len=24 F5 03 18 00 01 D0 00 40 00 FF 11 02 5E 00 02 31 09 40 00 8F 10 02 79 04 
371581,7 tx hdr=0xF5 op=0x2D MOVE(x,y,z,rx,ry,state,tick) : 10,5 1 79,5 10,875 84,45 b0 i299787842
371587,6 rx src=FPKEAECEOPE len=34 F5 03 22 00 03 A0 02 40 00 E0 13 07 3C 00 06 8F 16 40 00 B0 0B 08 A8 01 07 DF 0B 40 00 F2 0A 00 F2 08 
371617,8 rx src=FPKEAECEOPE len=14 F5 03 0E 00 00 A1 00 40 00 9A 03 03 11 24 
371635,2 tx hdr=0xF5 op=0x2D MOVE(x,y,z,rx,ry,state,tick) : 10,5 1 79,5 10,875 84,45 b0 i299787896
371635,5 rx src=FPKEAECEOPE len=44 F5 03 2C 00 01 D0 00 40 00 FF 11 02 5E 00 02 11 09 40 00 8B 10 02 79 04 03 A0 02 40 00 E0 13 07 3C 00 06 75 16 40 00 9F 0B 08 A8 01 
371642,8 rx src=FPKEAECEOPE len=24 F5 03 18 00 00 B0 00 40 00 9A 03 03 11 24 07 C5 0B 40 00 E3 0A 00 F3 08 
371659,4 rx src=FPKEAECEOPE len=5 F5 04 05 00 01 
371667,8 rx src=FPKEAECEOPE len=24 F5 03 18 00 01 D0 00 40 00 FF 11 02 5E 00 02 0B 09 40 00 8B 10 02 79 08 
371684,4 tx hdr=0xF5 op=0x2D MOVE(x,y,z,rx,ry,state,tick) : 10,5 1 79,5 10,875 84,45 b0 i299787945
371692,6 rx src=FPKEAECEOPE len=44 F5 03 2C 00 00 B9 00 40 00 9A 03 03 11 20 03 A0 02 40 00 E0 13 07 3C 00 06 59 16 40 00 8E 0B 08 A9 01 07 A9 0B 40 00 D6 0A 00 F3 08 
371709,6 rx src=FPKEAECEOPE len=14 F5 03 0E 00 02 14 09 40 00 8D 10 02 79 08 
371709,6 rx src=FPKEAECEOPE len=5 F5 04 05 00 07 
371726,1 rx src=FPKEAECEOPE len=44 F5 03 2C 00 01 D0 00 40 00 FF 11 02 5E 00 03 A0 02 40 00 E0 13 07 3C 00 06 3C 16 40 00 7C 0B 07 AA 01 07 8B 0B 40 00 CB 0A 00 F4 08 
371732,3 tx hdr=0xF5 op=0x2D MOVE(x,y,z,rx,ry,state,tick) : 10,5 1 79,5 10,875 84,45 b0 i299787993
371761,0 rx src=FPKEAECEOPE len=14 F5 03 0E 00 00 BE 00 40 00 9A 03 03 11 20 
371778,0 tx hdr=0xF5 op=0x2D MOVE(x,y,z,rx,ry,state,tick) : 10,5 1 79,5 10,875 84,45 b0 i299788039
371778,2 rx src=FPKEAECEOPE len=24 F5 03 18 00 01 D0 00 40 00 FF 11 02 5E 00 02 27 09 40 00 90 10 02 79 08 
371795,0 rx src=FPKEAECEOPE len=34 F5 03 22 00 00 C8 00 40 00 9A 03 03 11 24 03 A0 02 40 00 E0 13 07 3C 00 07 6D 0B 40 00 C0 0A 00 F4 08 
371795,0 rx src=FPKEAECEOPE len=5 F5 04 05 00 07 
371811,0 rx src=FPKEAECEOPE len=24 F5 03 18 00 02 3F 09 40 00 94 10 02 79 08 06 1F 16 40 00 6A 0B 06 AA 01 
371828,5 tx hdr=0xF5 op=0x2D MOVE(x,y,z,rx,ry,state,tick) : 10,5 1 79,5 10,875 84,45 b0 i299788089
371828,8 rx src=FPKEAECEOPE len=24 F5 03 18 00 01 D0 00 40 00 FF 11 02 5E 00 03 A0 02 40 00 E0 13 07 3C 00 
371846,3 rx src=FPKEAECEOPE len=34 F5 03 22 00 00 D4 00 40 00 9A 03 03 11 24 06 02 16 40 00 59 0B 06 AA 01 07 4F 0B 40 00 B7 0A FF F4 08 
371863,0 rx src=FPKEAECEOPE len=14 F5 03 0E 00 02 5B 09 78 00 99 10 02 79 18 
371880,2 tx hdr=0xF5 op=0x2D MOVE(x,y,z,rx,ry,state,tick) : 10,5 1 79,5 10,875 84,45 b0 i299788141
371880,4 rx src=FPKEAECEOPE len=5 F5 04 05 00 07 
371897,0 rx src=FPKEAECEOPE len=44 F5 03 2C 00 01 D0 00 40 00 FF 11 02 5E 00 03 A0 02 40 00 E0 13 07 3C 00 06 E4 15 40 00 47 0B 06 A9 01 07 30 0B 40 00 AD 0A 00 F3 08 
371912,5 rx src=FPKEAECEOPE len=14 F5 03 0E 00 00 E2 00 40 00 93 03 03 11 24 
371927,4 tx hdr=0xF5 op=0x2D MOVE(x,y,z,rx,ry,state,tick) : 10,5 1 79,5 10,875 84,45 b0 i299788188
371927,7 rx src=FPKEAECEOPE len=34 F5 03 22 00 01 C7 00 40 00 F5 11 02 5E 04 02 77 09 A1 00 9E 10 02 79 18 03 A0 02 40 00 E0 13 07 3C 00 
371946,1 rx src=FPKEAECEOPE len=34 F5 03 22 00 00 F0 00 40 00 8D 03 03 11 24 06 C7 15 40 00 35 0B 06 A9 01 07 11 0B 40 00 A2 0A 00 F1 08 
371963,2 rx src=FPKEAECEOPE len=5 F5 04 05 00 07 
371980,2 tx hdr=0xF5 op=0x2D MOVE(x,y,z,rx,ry,state,tick) : 10,5 1 79,5 10,875 84,45 b0 i299788241
371980,5 rx src=FPKEAECEOPE len=14 F5 03 0E 00 02 93 09 BA 00 A2 10 03 78 18 
371997,2 rx src=FPKEAECEOPE len=44 F5 03 2C 00 01 B9 00 40 00 E7 11 03 5E 04 03 A0 02 40 00 E0 13 07 3C 00 06 A9 15 40 00 23 0B 07 A9 01 07 0B 0B 40 00 A1 0A 00 F0 04 
372014,3 rx src=FPKEAECEOPE len=34 F5 03 22 00 00 FF 00 40 00 86 03 03 11 24 01 A8 00 40 00 D5 11 03 5F 04 02 AF 09 C5 00 A7 10 03 78 18 
372031,1 tx hdr=0xF5 op=0x2D MOVE(x,y,z,rx,ry,state,tick) : 10,5 1 79,5 10,875 84,45 b0 i299788292
372031,3 rx src=FPKEAECEOPE len=34 F5 03 22 00 00 0E 01 40 00 7F 03 03 11 24 03 A0 02 40 00 E0 13 07 3C 00 07 13 0B 40 00 A4 0A 00 F0 04 
372037,2 rx src=FPKEAECEOPE len=5 F5 04 05 00 07 
372049,1 rx src=FPKEAECEOPE len=14 F5 03 0E 00 06 8C 15 40 00 12 0B 08 AB 01 
372049,1 rx src=FPKEAECEOPE len=13 F5 0A 0D 00 04 52 00 01 00 19 00 C0 00 
372066,9 rx src=FPKEAECEOPE len=24 F5 03 18 00 02 CA 09 C0 00 AC 10 03 78 10 04 A0 14 40 00 60 06 FF C0 01 
372082,4 tx hdr=0xF5 op=0x2D MOVE(x,y,z,rx,ry,state,tick) : 10,5 1 79,5 10,875 84,45 b0 i299788343
372090,9 rx src=FPKEAECEOPE len=44 F5 03 2C 00 01 93 00 40 00 C4 11 03 6A 04 03 A0 02 40 00 E0 13 07 3C 00 06 6D 15 40 00 02 0B 08 AE 01 07 24 0B 40 00 AC 0A 00 F0 04 
372107,4 rx src=FPKEAECEOPE len=34 F5 03 22 00 00 1D 01 40 00 78 03 03 11 24 01 83 00 40 00 AE 11 03 6A 05 02 E6 09 AB 00 B1 10 03 78 10 
372124,5 rx src=FPKEAECEOPE len=5 F5 04 05 00 07 
372129,6 tx hdr=0xF5 op=0x2D MOVE(x,y,z,rx,ry,state,tick) : 10,5 1 79,5 10,875 84,45 b0 i299788390
372129,8 rx src=FPKEAECEOPE len=24 F5 03 18 00 03 A0 02 40 00 E0 13 07 3C 00 06 4E 15 40 00 F3 0A 08 AF 01 
372147,1 rx src=FPKEAECEOPE len=14 F5 03 0E 00 07 3B 0B 40 00 B5 0A 00 F0 04 
372172,3 rx src=FPKEAECEOPE len=24 F5 03 18 00 00 2D 01 40 00 70 03 03 11 24 02 02 0A 87 00 B5 10 03 77 11 
372172,3 rx src=FPKEAECEOPE len=12 F5 34 0C 00 37 68 DE 11 90 68 DE 11 
372178,5 tx hdr=0xF5 op=0x2D MOVE(x,y,z,rx,ry,state,tick) : 10,5 1 79,5 10,875 84,45 b0 i299788438
372191,2 rx src=FPKEAECEOPE len=44 F5 03 2C 00 01 76 00 40 00 94 11 03 6C 05 03 A0 02 40 00 E0 13 07 3C 00 06 2E 15 40 00 E5 0A 08 B2 01 07 55 0B 40 00 BF 0A 00 F1 04 
372207,6 rx src=FPKEAECEOPE len=5 F5 04 05 00 07 
372212,8 rx src=FPKEAECEOPE len=34 F5 03 22 00 00 3C 01 40 00 69 03 03 11 24 01 69 00 40 00 79 11 03 6F 05 02 1E 0A 54 00 BA 10 02 77 11 
372229,7 tx hdr=0xF5 op=0x2D MOVE(x,y,z,rx,ry,state,tick) : 10,5 1 79,5 10,875 84,45 b0 i299788489
372229,9 rx src=FPKEAECEOPE len=24 F5 03 18 00 03 A0 02 40 00 E0 13 07 3C 00 06 0E 15 40 00 DA 0A 08 B7 01 
372246,0 rx src=FPKEAECEOPE len=24 F5 03 18 00 00 46 01 40 00 65 03 03 11 20 07 70 0B 40 00 C9 0A 00 F2 04 
372246,0 rx src=FPKEAECEOPE len=6 F5 0F 06 00 04 00 
372273,1 rx src=FPKEAECEOPE len=24 F5 03 18 00 02 39 0A 40 00 BF 10 01 77 05 03 A0 02 40 00 E0 13 07 3C 00 
372273,1 rx src=FPKEAECEOPE len=7 F5 04 07 00 02 07 80 
372277,6 tx hdr=0xF5 op=0x2D MOVE(x,y,z,rx,ry,state,tick) : 10,5 1 79,5 10,875 84,45 b0 i299788537
372289,4 rx src=FPKEAECEOPE len=5 F5 04 05 00 07 
372289,5 rx src=FPKEAECEOPE len=34 F5 03 22 00 00 4B 01 40 00 62 03 03 11 20 01 5C 00 40 00 5E 11 03 72 05 06 ED 14 40 00 D2 0A 07 BA 01 
372306,2 rx src=FPKEAECEOPE len=34 F5 03 22 00 01 4F 00 40 00 42 11 03 72 05 04 A0 14 40 00 60 06 FF C0 00 07 8D 0B 40 00 D3 0A 00 F3 04 
372338,9 tx hdr=0xF5 op=0x2D MOVE(x,y,z,rx,ry,state,tick) : 10,5 1 79,5 10,875 84,45 b0 i299788598
372339,1 rx src=FPKEAECEOPE len=34 F5 03 22 00 02 3D 0A 40 00 BF 10 01 77 04 03 A0 02 40 00 E0 13 07 3C 00 06 CB 14 40 00 CB 0A 07 BC 01 
372343,1 rx src=FPKEAECEOPE len=24 F5 03 18 00 00 4F 01 40 00 61 03 03 11 20 07 92 0B 40 00 D6 0A FE F5 08 
372372,2 rx src=FPKEAECEOPE len=34 F5 03 22 00 01 42 00 40 00 26 11 03 72 05 02 32 0A 40 00 BC 10 01 77 04 04 A0 14 40 00 60 06 FF C0 00 
372372,2 rx src=FPKEAECEOPE len=5 F5 04 05 00 07 
372388,5 tx hdr=0xF5 op=0x2D MOVE(x,y,z,rx,ry,state,tick) : 10,5 1 79,5 10,875 84,45 b0 i299788648
372388,8 rx src=FPKEAECEOPE len=24 F5 03 18 00 03 A0 02 40 00 E0 13 07 3C 00 07 88 0B 40 00 D6 0A FD F7 08 
372410,6 rx src=FPKEAECEOPE len=34 F5 03 22 00 00 51 01 40 00 60 03 03 11 20 04 A0 14 40 00 60 06 FF C0 00 06 A9 14 40 00 C6 0A 07 BC 01 
372410,7 rx src=FPKEAECEOPE len=5 F5 04 05 00 02 
372425,8 rx src=FPKEAECEOPE len=24 F5 03 18 00 01 34 00 40 00 0A 11 03 72 05 02 1F 0A 40 00 B7 10 01 76 04 
372433,5 tx hdr=0xF5 op=0x2D MOVE(x,y,z,rx,ry,state,tick) : 10,5 1 79,5 10,875 84,45 b0 i299788693
372448,2 rx src=FPKEAECEOPE len=34 F5 03 22 00 03 A0 02 40 00 E0 13 07 3C 00 06 87 14 40 00 C2 0A 07 BC 01 07 75 0B 40 00 D3 0A FD F8 08 
372448,2 rx src=FPKEAECEOPE len=5 F5 04 05 00 07 
372471,5 rx src=FPKEAECEOPE len=44 F5 03 2C 00 00 55 01 40 00 65 03 03 11 21 01 27 00 40 00 EE 10 03 72 05 02 06 0A 40 00 B2 10 01 77 04 04 A0 14 40 00 60 06 FF C0 00 
372477,2 tx hdr=0xF5 op=0x2D MOVE(x,y,z,rx,ry,state,tick) : 10,5 1 79,5 10,875 84,45 b0 i299788736
372492,8 rx src=FPKEAECEOPE len=34 F5 03 22 00 00 5A 01 40 00 6F 03 03 11 21 03 A0 02 40 00 E0 13 07 3C 00 07 5D 0B 40 00 CE 0A FD F8 08 
372507,1 rx src=FPKEAECEOPE len=14 F5 03 0E 00 06 65 14 40 00 BF 0A 07 BC 01 
372507,1 rx src=FPKEAECEOPE len=7 F5 04 07 00 02 07 40 
372533,2 tx hdr=0xF5 op=0x2D MOVE(x,y,z,rx,ry,state,tick) : 10,5 1 79,5 10,875 84,45 b0 i299788792
372533,4 rx src=FPKEAECEOPE len=54 F5 03 36 00 01 23 00 40 00 D1 10 03 72 01 02 EA 09 78 00 AC 10 01 77 14 03 A0 02 40 00 E0 13 07 3C 00 04 A0 14 40 00 60 06 FF C0 00 07 42 0B 40 00 CA 0A FD F8 08 
372533,4 rx src=FPKEAECEOPE len=5 F5 04 05 00 07 
372547,5 rx src=FPKEAECEOPE len=34 F5 03 22 00 00 60 01 40 00 7B 03 03 11 21 04 A0 14 40 00 60 06 FF C0 00 06 42 14 40 00 BB 0A 06 BD 01 
372562,6 rx src=FPKEAECEOPE len=14 F5 03 0E 00 02 CE 09 A1 00 A6 10 01 78 14 
372579,0 tx hdr=0xF5 op=0x2D MOVE(x,y,z,rx,ry,state,tick) : 10,5 1 79,5 10,875 84,45 b0 i299788838
372589,5 rx src=FPKEAECEOPE len=44 F5 03 2C 00 01 24 00 40 00 B4 10 03 72 01 03 A0 02 40 00 E0 13 07 3C 00 06 20 14 40 00 B9 0A 06 BD 01 07 25 0B 40 00 C5 0A FE F9 08 
372610,4 rx src=FPKEAECEOPE len=34 F5 03 22 00 00 67 01 40 00 89 03 03 11 21 02 B2 09 BA 00 A0 10 03 7B 14 04 92 14 40 00 60 06 FF C0 01 
372610,4 rx src=FPKEAECEOPE len=5 F5 04 05 00 07 
372622,8 rx src=FPKEAECEOPE len=14 F5 03 0E 00 01 2A 00 40 00 97 10 03 72 01 
372622,8 rx src=FPKEAECEOPE len=5 F5 04 05 00 02 
372628,3 tx hdr=0xF5 op=0x2D MOVE(x,y,z,rx,ry,state,tick) : 10,5 1 79,5 10,875 84,45 b0 i299788887
372656,6 rx src=FPKEAECEOPE len=54 F5 03 36 00 00 6E 01 40 00 97 03 03 11 21 03 A0 02 40 00 E0 13 07 3C 00 04 92 14 40 00 60 06 FF C0 01 06 FD 13 40 00 B7 0A 05 BE 01 07 06 0B 40 00 C0 0A FF F9 08 
372661,0 rx src=FPKEAECEOPE len=24 F5 03 18 00 01 31 00 40 00 79 10 03 72 01 02 97 09 C5 00 9A 10 03 7A 14 
372678,5 tx hdr=0xF5 op=0x2D MOVE(x,y,z,rx,ry,state,tick) : 10,5 1 79,5 10,875 84,45 b0 i299788938
372689,3 rx src=FPKEAECEOPE len=34 F5 03 22 00 00 75 01 40 00 A6 03 03 11 21 03 A0 02 40 00 E0 13 07 3C 00 07 E7 0A 40 00 BB 0A 01 FA 08 
372692,7 rx src=FPKEAECEOPE len=5 F5 04 05 00 07 
372706,5 rx src=FPKEAECEOPE len=34 F5 03 22 00 02 7B 09 C0 00 94 10 03 77 14 04 92 14 40 00 60 06 FF C0 01 06 DB 13 40 00 B5 0A 04 BF 01 
372727,5 tx hdr=0xF5 op=0x2D MOVE(x,y,z,rx,ry,state,tick) : 10,5 1 79,5 10,875 84,45 b0 i299788987
372727,7 rx src=FPKEAECEOPE len=34 F5 03 22 00 01 39 00 40 00 5C 10 03 72 01 03 A0 02 40 00 E0 13 07 3C 00 07 E7 0A 40 00 B6 0A 02 FA 08 
372740,2 rx src=FPKEAECEOPE len=5 F5 04 05 00 02 
372757,7 rx src=FPKEAECEOPE len=34 F5 03 22 00 00 7C 01 40 00 B5 03 03 11 21 04 92 14 40 00 60 06 FF C0 01 06 B8 13 40 00 B5 0A 04 C1 01 
372763,3 rx src=FPKEAECEOPE len=14 F5 03 0E 00 02 5F 09 AB 00 8E 10 03 74 14 
372779,4 tx hdr=0xF5 op=0x2D MOVE(x,y,z,rx,ry,state,tick) : 10,5 1 79,5 10,875 84,45 b0 i299789039
372792,2 rx src=FPKEAECEOPE len=44 F5 03 2C 00 00 83 01 40 00 C5 03 03 11 21 01 4A 00 40 00 45 10 03 72 09 03 A0 02 40 00 E0 13 07 3C 00 06 96 13 40 00 B6 0A 03 C2 01 
372792,2 rx src=FPKEAECEOPE len=5 F5 04 05 00 07 
372809,9 rx src=FPKEAECEOPE len=44 F5 03 2C 00 01 5F 00 40 00 31 10 03 72 09 02 43 09 87 00 88 10 03 72 14 04 7D 14 40 00 60 06 00 C0 01 07 E7 0A 40 00 B2 0A 02 FA 08 
372827,2 tx hdr=0xF5 op=0x2D MOVE(x,y,z,rx,ry,state,tick) : 10,5 1 79,5 10,875 84,45 b0 i299789086
372850,1 rx src=FPKEAECEOPE len=44 F5 03 2C 00 00 8A 01 40 00 D4 03 03 11 21 03 A0 02 40 00 E0 13 07 3C 00 06 73 13 40 00 B9 0A 03 C7 01 07 E7 0A 40 00 AD 0A 02 FA 08 
372850,1 rx src=FPKEAECEOPE len=7 F5 04 07 00 02 07 20 
372866,4 rx src=FPKEAECEOPE len=24 F5 03 18 00 02 27 09 54 00 82 10 03 71 14 04 63 14 40 00 5F 06 01 BF 01 
372866,4 rx src=FPKEAECEOPE len=5 F5 04 05 00 07 
372878,3 tx hdr=0xF5 op=0x2D MOVE(x,y,z,rx,ry,state,tick) : 10,5 1 79,5 10,875 84,45 b0 i299789137
372895,1 rx src=FPKEAECEOPE len=54 F5 03 36 00 00 92 01 40 00 E4 03 03 11 21 01 77 00 40 00 20 10 03 72 09 03 A0 02 40 00 E0 13 07 3C 00 06 52 13 40 00 BF 0A 04 CE 01 07 E7 0A 40 00 A8 0A 01 F8 08 
372913,3 rx src=FPKEAECEOPE len=14 F5 03 0E 00 04 47 14 40 00 5A 06 0C B0 01 
372930,6 tx hdr=0xF5 op=0x2D MOVE(x,y,z,rx,ry,state,tick) : 10,5 1 79,5 10,875 84,45 b0 i299789190
372930,8 rx src=FPKEAECEOPE len=44 F5 03 2C 00 01 90 00 40 00 11 10 03 72 09 02 0B 09 40 00 7C 10 01 71 04 03 A0 02 40 00 E0 13 07 3C 00 06 32 13 40 00 CA 0A 04 D2 01 
372939,4 rx src=FPKEAECEOPE len=5 F5 04 05 00 07 
372943,8 rx src=FPKEAECEOPE len=14 F5 03 0E 00 07 E7 0A 40 00 A3 0A 00 F8 08 
372943,8 rx src=FPKEAECEOPE len=10 F5 14 0A 00 18 00 1F 00 00 00 
372943,9 rx src=FPKEAECEOPE len=5 F5 27 05 00 01 
372978,8 tx hdr=0xF5 op=0x2D MOVE(x,y,z,rx,ry,state,tick) : 10,5 1 79,5 10,875 84,45 b0 i299789238
372988,4 tx hdr=0xF5 op=0x2D MOVE(x,y,z,rx,ry,state,tick) : 10,5 1 79,5 10,875 84,45 b0 i299789248
372998,0 tx hdr=0xF5 op=0x2D MOVE(x,y,z,rx,ry,state,tick) : 10,5 1 79,5 10,875 84,45 b0 i299789257
373004,4 tx hdr=0xF5 op=0x2D MOVE(x,y,z,rx,ry,state,tick) : 10,5 1 79,5 10,875 84,45 b0 i299789264
373014,2 tx hdr=0xF5 op=0x2D MOVE(x,y,z,rx,ry,state,tick) : 10,5 1 79,5 10,875 84,45 b0 i299789273
373021,0 tx hdr=0xF5 op=0x2D MOVE(x,y,z,rx,ry,state,tick) : 10,5 1 79,5 10,875 84,45 b0 i299789280
373030,9 tx hdr=0xF5 op=0x2D MOVE(x,y,z,rx,ry,state,tick) : 10,5 1 79,5 10,875 84,45 b0 i299789290
373038,3 tx hdr=0xF5 op=0x2D MOVE(x,y,z,rx,ry,state,tick) : 10,5 1 79,5 10,875 84,45 b0 i299789298
373046,2 tx hdr=0xF5 op=0x2D MOVE(x,y,z,rx,ry,state,tick) : 10,5 1 79,5 10,875 84,45 b0 i299789305
373053,9 tx hdr=0xF5 op=0x2D MOVE(x,y,z,rx,ry,state,tick) : 10,5 1 79,5 10,875 84,45 b0 i299789313
373060,5 tx hdr=0xF5 op=0x2D MOVE(x,y,z,rx,ry,state,tick) : 10,5 1 79,5 10,875 84,45 b0 i299789320
373070,2 tx hdr=0xF5 op=0x2D MOVE(x,y,z,rx,ry,state,tick) : 10,5 1 79,5 10,875 84,45 b0 i299789329
373074,5 tx hdr=0xF5 op=0x2D MOVE(x,y,z,rx,ry,state,tick) : 10,5 1 79,5 10,875 84,45 b0 i299789334
373086,6 tx hdr=0xF5 op=0x2D MOVE(x,y,z,rx,ry,state,tick) : 10,5 1 79,5 10,875 84,45 b0 i299789346
373091,2 tx hdr=0xF5 op=0x2D MOVE(x,y,z,rx,ry,state,tick) : 10,5 1 79,5 10,875 84,45 b0 i299789350
373103,4 tx hdr=0xF5 op=0x2D MOVE(x,y,z,rx,ry,state,tick) : 10,5 1 79,5 10,875 84,45 b0 i299789363
373107,0 tx hdr=0xF5 op=0x2D MOVE(x,y,z,rx,ry,state,tick) : 10,5 1 79,5 10,875 84,45 b0 i299789366
373119,9 tx hdr=0xF5 op=0x2D MOVE(x,y,z,rx,ry,state,tick) : 10,5 1 79,5 10,875 84,45 b0 i299789379
373123,9 tx hdr=0xF5 op=0x2D MOVE(x,y,z,rx,ry,state,tick) : 10,5 1 79,5 10,875 84,45 b0 i299789383
373136,6 tx hdr=0xF5 op=0x2D MOVE(x,y,z,rx,ry,state,tick) : 10,5 1 79,5 10,875 84,45 b0 i299789396
373140,1 tx hdr=0xF5 op=0x2D MOVE(x,y,z,rx,ry,state,tick) : 10,5 1 79,5 10,875 84,45 b0 i299789399
373153,0 tx hdr=0xF5 op=0x2D MOVE(x,y,z,rx,ry,state,tick) : 10,5 1 79,5 10,875 84,45 b0 i299789412
373157,4 tx hdr=0xF5 op=0x2D MOVE(x,y,z,rx,ry,state,tick) : 10,5 1 79,5 10,875 84,45 b0 i299789417
373169,7 tx hdr=0xF5 op=0x2D MOVE(x,y,z,rx,ry,state,tick) : 10,5 1 79,5 10,875 84,45 b0 i299789429
373173,7 tx hdr=0xF5 op=0x2D MOVE(x,y,z,rx,ry,state,tick) : 10,5 1 79,5 10,875 84,45 b0 i299789433
373186,9 tx hdr=0xF5 op=0x2D MOVE(x,y,z,rx,ry,state,tick) : 10,5 1 79,5 10,875 84,45 b0 i299789446
373190,2 tx hdr=0xF5 op=0x2D MOVE(x,y,z,rx,ry,state,tick) : 10,5 1 79,5 10,875 84,45 b0 i299789449
373203,6 tx hdr=0xF5 op=0x2D MOVE(x,y,z,rx,ry,state,tick) : 10,5 1 79,5 10,875 84,45 b0 i299789463
373207,0 tx hdr=0xF5 op=0x2D MOVE(x,y,z,rx,ry,state,tick) : 10,5 1 79,5 10,875 84,45 b0 i299789466
373218,9 tx hdr=0xF5 op=0x2D MOVE(x,y,z,rx,ry,state,tick) : 10,5 1 79,5 10,875 84,45 b0 i299789478
373224,8 tx hdr=0xF5 op=0x2D MOVE(x,y,z,rx,ry,state,tick) : 10,5 1 79,5 10,875 84,45 b0 i299789484
373234,2 tx hdr=0xF5 op=0x2D MOVE(x,y,z,rx,ry,state,tick) : 10,5 1 79,5 10,875 84,45 b0 i299789493
373239,5 tx hdr=0xF5 op=0x2D MOVE(x,y,z,rx,ry,state,tick) : 10,5 1 79,5 10,875 84,45 b0 i299789499
373248,0 tx hdr=0xF5 op=0x2D MOVE(x,y,z,rx,ry,state,tick) : 10,5 1 79,5 10,875 84,45 b0 i299789507
373254,5 tx hdr=0xF5 op=0x2D MOVE(x,y,z,rx,ry,state,tick) : 10,5 1 79,5 10,875 84,45 b0 i299789514
373264,5 tx hdr=0xF5 op=0x2D MOVE(x,y,z,rx,ry,state,tick) : 10,5 1 79,5 10,875 84,45 b0 i299789524
373271,5 tx hdr=0xF5 op=0x2D MOVE(x,y,z,rx,ry,state,tick) : 10,5 1 79,5 10,875 84,45 b0 i299789531
373279,3 tx hdr=0xF5 op=0x2D MOVE(x,y,z,rx,ry,state,tick) : 10,5 1 79,5 10,875 84,45 b0 i299789539
373286,8 tx hdr=0xF5 op=0x2D MOVE(x,y,z,rx,ry,state,tick) : 10,5 1 79,5 10,875 84,45 b0 i299789546
373292,6 tx hdr=0xF5 op=0x2D MOVE(x,y,z,rx,ry,state,tick) : 10,5 1 79,5 10,875 84,45 b0 i299789552
373300,1 tx hdr=0xF5 op=0x2D MOVE(x,y,z,rx,ry,state,tick) : 10,5 1 79,5 10,875 84,45 b0 i299789559
373306,1 tx hdr=0xF5 op=0x2D MOVE(x,y,z,rx,ry,state,tick) : 10,5 1 79,5 10,875 84,45 b0 i299789565
373314,4 tx hdr=0xF5 op=0x2D MOVE(x,y,z,rx,ry,state,tick) : 10,5 1 79,5 10,875 84,45 b0 i299789574
373322,3 tx hdr=0xF5 op=0x2D MOVE(x,y,z,rx,ry,state,tick) : 10,5 1 79,5 10,875 84,45 b0 i299789582
373327,7 tx hdr=0xF5 op=0x2D MOVE(x,y,z,rx,ry,state,tick) : 10,5 1 79,5 10,875 84,45 b0 i299789587
373336,5 tx hdr=0xF5 op=0x2D MOVE(x,y,z,rx,ry,state,tick) : 10,5 1 79,5 10,875 84,45 b0 i299789596
373340,9 tx hdr=0xF5 op=0x2D MOVE(x,y,z,rx,ry,state,tick) : 10,5 1 79,5 10,875 84,45 b0 i299789600
373353,0 tx hdr=0xF5 op=0x2D MOVE(x,y,z,rx,ry,state,tick) : 10,5 1 79,5 10,875 84,45 b0 i299789612
373357,0 tx hdr=0xF5 op=0x2D MOVE(x,y,z,rx,ry,state,tick) : 10,5 1 79,5 10,875 84,45 b0 i299789616
373369,5 tx hdr=0xF5 op=0x2D MOVE(x,y,z,rx,ry,state,tick) : 10,5 1 79,5 10,875 84,45 b0 i299789629
373373,1 tx hdr=0xF5 op=0x2D MOVE(x,y,z,rx,ry,state,tick) : 10,5 1 79,5 10,875 84,45 b0 i299789632
373386,9 tx hdr=0xF5 op=0x2D MOVE(x,y,z,rx,ry,state,tick) : 10,5 1 79,5 10,875 84,45 b0 i299789646
373389,7 tx hdr=0xF5 op=0x2D MOVE(x,y,z,rx,ry,state,tick) : 10,5 1 79,5 10,875 84,45 b0 i299789649
373403,1 tx hdr=0xF5 op=0x2D MOVE(x,y,z,rx,ry,state,tick) : 10,5 1 79,5 10,875 84,45 b0 i299789662
373406,6 tx hdr=0xF5 op=0x2D MOVE(x,y,z,rx,ry,state,tick) : 10,5 1 79,5 10,875 84,45 b0 i299789666
373419,2 tx hdr=0xF5 op=0x2D MOVE(x,y,z,rx,ry,state,tick) : 10,5 1 79,5 10,875 84,45 b0 i299789678
373422,6 tx hdr=0xF5 op=0x2D MOVE(x,y,z,rx,ry,state,tick) : 10,5 1 79,5 10,875 84,45 b0 i299789682
373436,2 tx hdr=0xF5 op=0x2D MOVE(x,y,z,rx,ry,state,tick) : 10,5 1 79,5 10,875 84,45 b0 i299789695
373438,8 tx hdr=0xF5 op=0x2D MOVE(x,y,z,rx,ry,state,tick) : 10,5 1 79,5 10,875 84,45 b0 i299789698
373449,1 tx hdr=0xF5 op=0x2D MOVE(x,y,z,rx,ry,state,tick) : 10,5 1 79,5 10,875 84,45 b0 i299789708
373456,3 tx hdr=0xF5 op=0x2D MOVE(x,y,z,rx,ry,state,tick) : 10,5 1 79,5 10,875 84,45 b0 i299789715
373463,7 tx hdr=0xF5 op=0x2D MOVE(x,y,z,rx,ry,state,tick) : 10,5 1 79,5 10,875 84,45 b0 i299789723
373470,6 tx hdr=0xF5 op=0x2D MOVE(x,y,z,rx,ry,state,tick) : 10,5 1 79,5 10,875 84,45 b0 i299789730
373477,8 tx hdr=0xF5 op=0x2D MOVE(x,y,z,rx,ry,state,tick) : 10,5 1 79,5 10,875 84,45 b0 i299789737
373485,6 tx hdr=0xF5 op=0x2D MOVE(x,y,z,rx,ry,state,tick) : 10,5 1 79,5 10,875 84,45 b0 i299789745
373493,2 tx hdr=0xF5 op=0x2D MOVE(x,y,z,rx,ry,state,tick) : 10,5 1 79,5 10,875 84,45 b0 i299789752
373503,1 tx hdr=0xF5 op=0x2D MOVE(x,y,z,rx,ry,state,tick) : 10,5 1 79,5 10,875 84,45 b0 i299789762
373507,2 tx hdr=0xF5 op=0x2D MOVE(x,y,z,rx,ry,state,tick) : 10,5 1 79,5 10,875 84,45 b0 i299789766
373519,1 tx hdr=0xF5 op=0x2D MOVE(x,y,z,rx,ry,state,tick) : 10,5 1 79,5 10,875 84,45 b0 i299789778
373522,2 tx hdr=0xF5 op=0x2D MOVE(x,y,z,rx,ry,state,tick) : 10,5 1 79,5 10,875 84,45 b0 i299789781
373535,1 tx hdr=0xF5 op=0x2D MOVE(x,y,z,rx,ry,state,tick) : 10,5 1 79,5 10,875 84,45 b0 i299789794
373539,3 tx hdr=0xF5 op=0x2D MOVE(x,y,z,rx,ry,state,tick) : 10,5 1 79,5 10,875 84,45 b0 i299789799
373551,9 tx hdr=0xF5 op=0x2D MOVE(x,y,z,rx,ry,state,tick) : 10,5 1 79,5 10,875 84,45 b0 i299789811
373555,1 tx hdr=0xF5 op=0x2D MOVE(x,y,z,rx,ry,state,tick) : 10,5 1 79,5 10,875 84,45 b0 i299789814
373566,0 tx hdr=0xF5 op=0x2D MOVE(x,y,z,rx,ry,state,tick) : 10,5 1 79,5 10,875 84,45 b0 i299789825
373571,9 tx hdr=0xF5 op=0x2D MOVE(x,y,z,rx,ry,state,tick) : 10,5 1 79,5 10,875 84,45 b0 i299789831
373580,6 tx hdr=0xF5 op=0x2D MOVE(x,y,z,rx,ry,state,tick) : 10,5 1 79,5 10,875 84,45 b0 i299789840
373586,7 tx hdr=0xF5 op=0x2D MOVE(x,y,z,rx,ry,state,tick) : 10,5 1 79,5 10,875 84,45 b0 i299789846
373594,4 tx hdr=0xF5 op=0x2D MOVE(x,y,z,rx,ry,state,tick) : 10,5 1 79,5 10,875 84,45 b0 i299789854
373602,7 tx hdr=0xF5 op=0x2D MOVE(x,y,z,rx,ry,state,tick) : 10,5 1 79,5 10,875 84,45 b0 i299789862
373607,0 tx hdr=0xF5 op=0x2D MOVE(x,y,z,rx,ry,state,tick) : 10,5 1 79,5 10,875 84,45 b0 i299789866
373620,4 tx hdr=0xF5 op=0x2D MOVE(x,y,z,rx,ry,state,tick) : 10,5 1 79,5 10,875 84,3 b0 i299789880
373623,2 tx hdr=0xF5 op=0x2D MOVE(x,y,z,rx,ry,state,tick) : 10,5 1 79,5 10,875 84,3 b0 i299789882
373635,0 tx hdr=0xF5 op=0x2D MOVE(x,y,z,rx,ry,state,tick) : 10,5 1 79,5 10,875 84,3 b0 i299789894
373639,5 tx hdr=0xF5 op=0x2D MOVE(x,y,z,rx,ry,state,tick) : 10,5 1 79,5 10,875 84,3 b0 i299789899
373652,8 tx hdr=0xF5 op=0x2D MOVE(x,y,z,rx,ry,state,tick) : 10,5 1 79,5 10,875 84,15 b0 i299789912
373657,6 tx hdr=0xF5 op=0x2D MOVE(x,y,z,rx,ry,state,tick) : 10,5 1 79,5 10,875 84 b0 i299789917
373669,7 tx hdr=0xF5 op=0x2D MOVE(x,y,z,rx,ry,state,tick) : 10,5 1 79,5 10,875 83,85 b0 i299789929
373672,7 tx hdr=0xF5 op=0x2D MOVE(x,y,z,rx,ry,state,tick) : 10,5 1 79,5 10,875 83,85 b0 i299789932
373685,9 tx hdr=0xF5 op=0x2D MOVE(x,y,z,rx,ry,state,tick) : 10,5 1 79,5 10,875 83,85 b0 i299789945
373689,2 tx hdr=0xF5 op=0x2D MOVE(x,y,z,rx,ry,state,tick) : 10,5 1 79,5 10,875 83,85 b0 i299789948
373702,2 tx hdr=0xF5 op=0x2D MOVE(x,y,z,rx,ry,state,tick) : 10,5 1 79,5 10,875 83,85 b0 i299789961
373705,6 tx hdr=0xF5 op=0x2D MOVE(x,y,z,rx,ry,state,tick) : 10,5 1 79,5 10,875 83,85 b0 i299789965
373718,8 tx hdr=0xF5 op=0x2D MOVE(x,y,z,rx,ry,state,tick) : 10,5 1 79,5 10,875 83,85 b0 i299789978
373723,5 tx hdr=0xF5 op=0x2D MOVE(x,y,z,rx,ry,state,tick) : 10,5 1 79,5 10,875 83,7 b0 i299789983
373737,4 tx hdr=0xF5 op=0x2D MOVE(x,y,z,rx,ry,state,tick) : 10,5 1 79,5 10,875 83,4 b0 i299789997
373740,5 tx hdr=0xF5 op=0x2D MOVE(x,y,z,rx,ry,state,tick) : 10,5 1 79,5 10,875 83,4 b0 i299790000
373751,4 tx hdr=0xF5 op=0x2D MOVE(x,y,z,rx,ry,state,tick) : 10,5 1 79,5 10,875 83,4 b0 i299790011
373756,8 tx hdr=0xF5 op=0x2D MOVE(x,y,z,rx,ry,state,tick) : 10,5 1 79,5 10,875 83,4 b0 i299790016
373765,4 tx hdr=0xF5 op=0x2D MOVE(x,y,z,rx,ry,state,tick) : 10,5 1 79,5 10,875 83,4 b0 i299790025
373773,3 tx hdr=0xF5 op=0x2D MOVE(x,y,z,rx,ry,state,tick) : 10,5 1 79,5 10,875 83,25 b0 i299790033
373782,9 tx hdr=0xF5 op=0x2D MOVE(x,y,z,rx,ry,state,tick) : 10,5 1 79,5 10,875 83,1 b0 i299790042
373788,4 tx hdr=0xF5 op=0x2D MOVE(x,y,z,rx,ry,state,tick) : 10,5 1 79,5 10,875 83,1 b0 i299790048
373797,3 tx hdr=0xF5 op=0x2D MOVE(x,y,z,rx,ry,state,tick) : 10,5 1 79,5 10,875 83,1 b0 i299790057
373803,9 tx hdr=0xF5 op=0x2D MOVE(x,y,z,rx,ry,state,tick) : 10,5 1 79,5 10,875 82,95 b0 i299790063
373811,4 tx hdr=0xF5 op=0x2D MOVE(x,y,z,rx,ry,state,tick) : 10,5 1 79,5 10,875 82,95 b0 i299790071
373819,1 tx hdr=0xF5 op=0x2D MOVE(x,y,z,rx,ry,state,tick) : 10,5 1 79,5 10,875 82,95 b0 i299790078
373826,6 tx hdr=0xF5 op=0x2D MOVE(x,y,z,rx,ry,state,tick) : 10,5 1 79,5 10,875 82,8 b0 i299790086
373836,8 tx hdr=0xF5 op=0x2D MOVE(x,y,z,rx,ry,state,tick) : 10,5 1 79,5 10,875 82,65 b0 i299790096
373841,9 tx hdr=0xF5 op=0x2D MOVE(x,y,z,rx,ry,state,tick) : 10,5 1 79,5 10,875 82,5 b0 i299790101
373851,1 tx hdr=0xF5 op=0x2D MOVE(x,y,z,rx,ry,state,tick) : 10,5 1 79,5 10,875 82,5 b0 i299790110
373857,9 tx hdr=0xF5 op=0x2D MOVE(x,y,z,rx,ry,state,tick) : 10,5 1 79,5 10,875 82,35 b0 i299790117
373865,2 tx hdr=0xF5 op=0x2D MOVE(x,y,z,rx,ry,state,tick) : 10,5 1 79,5 10,875 82,2 b0 i299790124
373865,3 # net: TcpClient.Connected = False
373872,2 tx hdr=0xF5 op=0x2D MOVE(x,y,z,rx,ry,state,tick) : 10,5 1 79,5 10,875 82,2 b0 i299790131
373879,5 tx hdr=0xF5 op=0x2D MOVE(x,y,z,rx,ry,state,tick) : 10,5 1 79,5 10,875 82,2 b0 i299790139
373885,7 tx hdr=0xF5 op=0x2D MOVE(x,y,z,rx,ry,state,tick) : 10,5 1 79,5 10,875 82,2 b0 i299790145
373893,8 tx hdr=0xF5 op=0x2D MOVE(x,y,z,rx,ry,state,tick) : 10,5 1 79,5 10,875 82,2 b0 i299790153
373904,0 tx hdr=0xF5 op=0x2D MOVE(x,y,z,rx,ry,state,tick) : 10,5 1 79,5 10,875 82,05 b0 i299790163
373907,4 tx hdr=0xF5 op=0x2D MOVE(x,y,z,rx,ry,state,tick) : 10,5 1 79,5 10,875 82,05 b0 i299790167
373919,4 tx hdr=0xF5 op=0x2D MOVE(x,y,z,rx,ry,state,tick) : 10,5 1 79,5 10,875 82,05 b0 i299790179
373923,1 tx hdr=0xF5 op=0x2D MOVE(x,y,z,rx,ry,state,tick) : 10,5 1 79,5 10,875 82,05 b0 i299790182
373934,5 tx hdr=0xF5 op=0x2D MOVE(x,y,z,rx,ry,state,tick) : 10,5 1 79,5 10,875 82,05 b0 i299790194
373940,1 tx hdr=0xF5 op=0x2D MOVE(x,y,z,rx,ry,state,tick) : 10,5 1 79,5 10,875 82,05 b0 i299790199

373940,1 ==== CAPTURE OFF ====
