# Blockpost room-protocol capture, started 2026-08-23 14:18:40
# tx: <ms> tx hdr=0xNN op=0xNN <name> : <fields>    rx: <ms> rx len=N <hex>
72624,4 ==== FIELDWATCH ON ====
72639,7 # net: TcpClient.Connected = True
72657,8 # fieldwatch player: 51 numeric fields on KBBBHJDINCB
72657,9 # fieldwatch Controll.static: 74 numeric fields on Controll
72658,1 # fieldwatch Controll: 28 numeric fields on Controll
72663,0 # fieldwatch weapon: 3 numeric fields on CGJPBNDDPIN
72664,2 # fieldwatch activeEntry: 8 numeric fields on FPNENMKEFBB
72699,0 fw Controll.static DGNDKAKOEPD         1419449 -> 1422581
72699,0 fw Controll.static BEJBLGGGOCC       338999694 -> 339002809
72699,0 fw Controll.static JELGPAKAJPE             102 -> 120
72699,0 fw Controll.static EENJPDHGGGC         69.2764 -> 72.4085
72709,3 fw Controll.static MKFDGFOCKNO         72.3863 -> 72.4363
72709,3 fw Controll.static LEKCBKLAILO         72.4363 -> 72.4863
72709,3 fw Controll.static OFJKHAFJIMA          0.0259 -> 0.0058
72725,5 fw Controll.static GIPNIMALPEG          0.7662 -> 0.444
72756,5 fw Controll.static OFJKHAFJIMA          0.0058 -> 0.003
72761,6 fw Controll.static GIPNIMALPEG           0.444 -> 0.1655
72780,0 fw Controll.static MKFDGFOCKNO         72.4363 -> 72.4863
72780,0 fw Controll.static LEKCBKLAILO         72.4863 -> 72.5363
72789,7 fw Controll.static GIPNIMALPEG          0.1655 -> 0.7269
72807,3 fw Controll.static MKFDGFOCKNO         72.4863 -> 72.5363
72807,3 fw Controll.static LEKCBKLAILO         72.5363 -> 72.5863
72807,3 fw Controll.static OFJKHAFJIMA           0.003 -> 0.0037
72814,2 fw Controll.static GIPNIMALPEG          0.7269 -> 0.2178
72841,0 fw Controll.static GIPNIMALPEG          0.2178 -> 0.7536
72857,6 fw Controll.static MKFDGFOCKNO         72.5363 -> 72.5863
72857,6 fw Controll.static LEKCBKLAILO         72.5863 -> 72.6363
72857,6 fw Controll.static OFJKHAFJIMA          0.0037 -> 0.0041
72865,8 fw Controll.static GIPNIMALPEG          0.7536 -> 0.2497
72890,7 fw Controll.static GIPNIMALPEG          0.2497 -> 0.7467
72907,4 fw Controll.static MKFDGFOCKNO         72.5863 -> 72.6363
72907,4 fw Controll.static LEKCBKLAILO         72.6363 -> 72.6863
72907,4 fw Controll.static OFJKHAFJIMA          0.0041 -> 0.0039
72915,5 fw Controll.static GIPNIMALPEG          0.7467 -> 0.2427
72942,0 fw Controll.static GIPNIMALPEG          0.2427 -> 0.7737
72957,8 fw Controll.static MKFDGFOCKNO         72.6363 -> 72.6863
72957,8 fw Controll.static LEKCBKLAILO         72.6863 -> 72.7363
72957,8 fw Controll.static OFJKHAFJIMA          0.0039 -> 0.0042
72965,8 fw Controll.static GIPNIMALPEG          0.7737 -> 0.248
72989,4 fw Controll.static GIPNIMALPEG           0.248 -> 0.7197
73005,8 fw Controll.static MKFDGFOCKNO         72.6863 -> 72.7364
73005,8 fw Controll.static LEKCBKLAILO         72.7363 -> 72.7864
73005,8 fw Controll.static OFJKHAFJIMA          0.0042 -> 0.0022
73011,3 fw Controll.static GIPNIMALPEG          0.7197 -> 0.1579
73044,9 fw Controll.static GIPNIMALPEG          0.1579 -> 0.8305
73053,7 fw Controll.static MKFDGFOCKNO         72.7364 -> 72.7864
73053,7 fw Controll.static LEKCBKLAILO         72.7864 -> 72.8364
73060,7 fw Controll.static OFJKHAFJIMA          0.0022 -> 0.0001
73069,5 fw Controll.static GIPNIMALPEG          0.8305 -> 0.3225
73091,7 fw Controll.static GIPNIMALPEG          0.3225 -> 0.7658
73107,9 fw Controll.static MKFDGFOCKNO         72.7864 -> 72.8364
73107,9 fw Controll.static LEKCBKLAILO         72.8364 -> 72.8864
73108,0 fw Controll.static OFJKHAFJIMA          0.0001 -> 0.0043
73119,0 fw Controll.static GIPNIMALPEG          0.7658 -> 0.313
73141,8 fw Controll.static GIPNIMALPEG           0.313 -> 0.7691
73158,0 fw Controll.static MKFDGFOCKNO         72.8364 -> 72.8864
73158,1 fw Controll.static LEKCBKLAILO         72.8864 -> 72.9364
73169,7 fw Controll.static GIPNIMALPEG          0.7691 -> 0.325
73192,9 fw Controll.static GIPNIMALPEG           0.325 -> 0.79
73209,4 fw Controll.static MKFDGFOCKNO         72.8864 -> 72.9364
73209,4 fw Controll.static LEKCBKLAILO         72.9364 -> 72.9864
73209,4 fw Controll.static OFJKHAFJIMA          0.0043 -> 0.0057
73218,8 fw Controll.static GIPNIMALPEG            0.79 -> 0.308
73241,1 fw Controll.static GIPNIMALPEG           0.308 -> 0.754
73258,8 fw Controll.static MKFDGFOCKNO         72.9364 -> 72.9864
73258,8 fw Controll.static LEKCBKLAILO         72.9864 -> 73.0364
73258,8 fw Controll.static OFJKHAFJIMA          0.0057 -> 0.0052
73269,1 fw Controll.static GIPNIMALPEG           0.754 -> 0.3146
73290,9 fw Controll.static GIPNIMALPEG          0.3146 -> 0.7493
73307,7 fw Controll.static MKFDGFOCKNO         72.9864 -> 73.0364
73307,7 fw Controll.static LEKCBKLAILO         73.0364 -> 73.0864
73307,7 fw Controll.static OFJKHAFJIMA          0.0052 -> 0.0041
73319,2 fw Controll.static GIPNIMALPEG          0.7493 -> 0.3167
73351,5 fw Controll.static GIPNIMALPEG          0.3167 -> 0.9626
73357,8 fw Controll.static MKFDGFOCKNO         73.0364 -> 73.0864
73357,8 fw Controll.static LEKCBKLAILO         73.0864 -> 73.1364
73373,5 fw Controll.static GIPNIMALPEG          0.9626 -> 0.4028
73402,3 fw Controll.static GIPNIMALPEG          0.4028 -> 0.977
73418,2 fw Controll.static MKFDGFOCKNO         73.0864 -> 73.1364
73418,2 fw Controll.static LEKCBKLAILO         73.1364 -> 73.1864
73418,2 fw Controll.static OFJKHAFJIMA          0.0041 -> 0.0052
73426,2 fw Controll.static GIPNIMALPEG           0.977 -> 0.4553
73453,8 fw Controll.static GIPNIMALPEG          0.4553 -> 0.0083
73453,9 fw Controll.static LCMOBPPHLLM               0 -> 0.485
73453,9 fw Controll.static IGLCENGMMMJ          0.5768 -> 0.4268
73458,8 fw Controll.static JEOINCHFPCC               0 -> -1
73470,5 fw Controll.static MKFDGFOCKNO         73.1364 -> 73.1864
73470,5 fw Controll.static LEKCBKLAILO         73.1864 -> 73.2364
73470,5 fw Controll.static OFJKHAFJIMA          0.0052 -> 0.0002
73475,8 fw Controll.static GIPNIMALPEG          0.0083 -> 0.4487
73475,9 fw Controll.static NAKNALFCOIF               0 -> -0.15
73486,6 fw Controll.static IGLCENGMMMJ          0.4268 -> 0.2768
73502,5 fw Controll.static GIPNIMALPEG          0.4487 -> 0.9821
73518,2 fw player          FGFKPMPLNKO         67.6419 -> 68.7032
73518,2 fw Controll.static MKFDGFOCKNO         73.1864 -> 73.2364
73518,2 fw Controll.static LEKCBKLAILO         73.2364 -> 73.2864
73518,2 fw Controll.static OFJKHAFJIMA          0.0002 -> 0.0057
73527,7 fw Controll.static GIPNIMALPEG          0.9821 -> 0.4855
73551,5 fw Controll.static GIPNIMALPEG          0.4855 -> 0.9608
73557,7 fw Controll.static EPEEFBDJAHO               0 -> 1
73569,2 fw Controll.static MKFDGFOCKNO         73.2364 -> 73.2864
73569,2 fw Controll.static LEKCBKLAILO         73.2864 -> 73.3364
73569,2 fw Controll.static OFJKHAFJIMA          0.0057 -> 0.0041
73573,8 fw Controll.static GIPNIMALPEG          0.9608 -> 0.4075
73586,9 fw Controll.static NAKNALFCOIF           -0.15 -> 0
73586,9 fw Controll.static IGLCENGMMMJ          0.2768 -> 0.4268
73605,0 fw player          CLOEJLAOIGI               0 -> 1
73605,0 fw Controll.static GIPNIMALPEG          0.4075 -> 0.0305
73609,7 fw player          HIDMDLLHEKO               0 -> 1
73609,7 fw Controll.static NAKNALFCOIF               0 -> 0.3
73609,7 fw Controll.static IGLCENGMMMJ          0.4268 -> 0.5768
73619,8 fw Controll.static GLGCAOADGMN               1 -> 0
73619,9 fw Controll.static MKFDGFOCKNO         73.2864 -> 73.3365
73619,9 fw Controll.static LEKCBKLAILO         73.3364 -> 73.3865
73619,9 fw Controll.static OFJKHAFJIMA          0.0041 -> 0.0013
73627,2 fw Controll.static GIPNIMALPEG          0.0305 -> 0.4745
73635,8 fw player          ACAIGMNLLEC               0 -> 255
73635,8 fw player          HEADELMLILF               0 -> 1
73658,9 fw Controll.static GIPNIMALPEG          0.4745 -> 0.1092
73668,7 fw Controll.static MKFDGFOCKNO         73.3365 -> 73.3865
73668,7 fw Controll.static LEKCBKLAILO         73.3865 -> 73.4365
73673,0 fw Controll.static OFJKHAFJIMA          0.0013 -> 0.0053
73684,9 fw Controll.static GIPNIMALPEG          0.1092 -> 0.6278
73702,6 fw Controll        MJPKOOHJOPA          62.363 -> 68.7209
73706,9 fw player          HEADELMLILF               1 -> 0
73707,0 fw Controll.static MNHBPCOOMLE         1422594 -> 1423808
73707,0 fw Controll.static GIPNIMALPEG          0.6278 -> 0.0695
73707,0 fw Controll.static DGNDKAKOEPD         1422581 -> 1423590
73707,0 fw Controll.static BEJBLGGGOCC       339002809 -> 339003827
73718,6 fw Controll.static JELGPAKAJPE             120 -> 127
73718,6 fw Controll.static EENJPDHGGGC         72.4085 -> 73.4181
73718,7 fw Controll.static GLGCAOADGMN               0 -> 1
73725,5 fw player          ACAIGMNLLEC             255 -> 0
73725,5 fw player          HEADELMLILF               0 -> 1
73725,5 fw Controll.static MKFDGFOCKNO         73.3865 -> 73.4365
73725,5 fw Controll.static LEKCBKLAILO         73.4365 -> 73.4865
73725,5 fw Controll.static OFJKHAFJIMA          0.0053 -> 0.0033
73734,2 fw Controll.static GIPNIMALPEG          0.0695 -> 0.6144
73755,9 fw Controll.static GIPNIMALPEG          0.6144 -> 0.0482
73772,1 fw Controll.static MKFDGFOCKNO         73.4365 -> 73.4865
73772,1 fw Controll.static LEKCBKLAILO         73.4865 -> 73.5365
73772,1 fw Controll.static OFJKHAFJIMA          0.0033 -> 0.0022
73785,1 fw Controll.static GIPNIMALPEG          0.0482 -> 0.6321
73785,1 fw Controll.static NAKNALFCOIF             0.3 -> 0.45
73804,5 fw Controll.static MKFDGFOCKNO         73.4865 -> 73.5365
73804,5 fw Controll.static LEKCBKLAILO         73.5365 -> 73.5865
73804,5 fw Controll.static OFJKHAFJIMA          0.0022 -> 0.0008
73810,0 fw player          HEADELMLILF               1 -> 0
73810,1 fw Controll.static GIPNIMALPEG          0.6321 -> 0.1309
73822,7 fw Controll.static NAKNALFCOIF            0.45 -> 1.05
73828,0 fw player          HOJIIOCKKLO              -1 -> 1
73828,1 fw Controll.static GLGCAOADGMN               1 -> 0
73840,7 fw Controll.static GIPNIMALPEG          0.1309 -> 0.7441
73846,1 fw Controll.static NAKNALFCOIF            1.05 -> 2.25
73858,9 fw Controll.static MKFDGFOCKNO         73.5365 -> 73.5865
73858,9 fw Controll.static LEKCBKLAILO         73.5865 -> 73.6365
73858,9 fw Controll.static OFJKHAFJIMA          0.0008 -> 0.0052
73864,1 fw player          LNIDBHIAJJI               0 -> 255
73864,2 fw Controll.static GIPNIMALPEG          0.7441 -> 0.2122
73875,4 fw Controll.static NAKNALFCOIF            2.25 -> 3
73889,1 fw Controll.static GIPNIMALPEG          0.2122 -> 0.7118
73902,8 fw Controll.static BFEOOOMMGLK               0 -> 1
73902,8 fw Controll        MJPKOOHJOPA         68.7209 -> 68.9215
73908,0 fw Controll.static GLGCAOADGMN               0 -> 1
73908,0 fw Controll.static MKFDGFOCKNO         73.5865 -> 73.6365
73908,0 fw Controll.static LEKCBKLAILO         73.6365 -> 73.6865
73908,0 fw Controll.static OFJKHAFJIMA          0.0052 -> 0.0043
73918,6 fw Controll.static MNHBPCOOMLE         1423808 -> 1424008
73918,6 fw Controll.static GIPNIMALPEG          0.7118 -> 0.3007
73935,2 fw Controll.static BFEOOOMMGLK               1 -> 0
73942,4 fw Controll.static GIPNIMALPEG          0.3007 -> 0.778
73959,6 fw Controll.static GLGCAOADGMN               1 -> 0
73959,6 fw Controll.static MKFDGFOCKNO         73.6365 -> 73.6865
73959,6 fw Controll.static LEKCBKLAILO         73.6865 -> 73.7365
73959,6 fw Controll.static OFJKHAFJIMA          0.0043 -> 0.006
73974,7 fw Controll.static GIPNIMALPEG           0.778 -> 0.424
73986,5 fw player          FGFKPMPLNKO         68.7032 -> 69.1688
73989,9 fw player          ACAIGMNLLEC               0 -> 1
74003,0 fw player          HEADELMLILF               0 -> 1
74003,0 fw Controll.static GIPNIMALPEG           0.424 -> 0.9899
74003,0 fw Controll.static NAKNALFCOIF               3 -> 3.15
74003,0 fw Controll.static IGLCENGMMMJ          0.5768 -> 0.7268
74018,3 fw Controll.static MKFDGFOCKNO         73.6865 -> 73.7365
74018,3 fw Controll.static LEKCBKLAILO         73.7365 -> 73.7866
74018,3 fw Controll.static OFJKHAFJIMA           0.006 -> 0.0045
74025,1 fw Controll.static GIPNIMALPEG          0.9899 -> 0.4316
74035,1 fw player          ACAIGMNLLEC               1 -> 2
74051,4 fw Controll.static GIPNIMALPEG          0.4316 -> 0.9564
74070,2 fw Controll.static MKFDGFOCKNO         73.7365 -> 73.7866
74070,2 fw Controll.static LEKCBKLAILO         73.7866 -> 73.8366
74070,2 fw Controll.static OFJKHAFJIMA          0.0045 -> 0.0049
74074,7 fw Controll.static GIPNIMALPEG          0.9564 -> 0.4237
74074,8 fw Controll.static NAKNALFCOIF            3.15 -> 3
74074,8 fw Controll.static IGLCENGMMMJ          0.7268 -> 1.4768
74103,5 fw player          HEADELMLILF               1 -> 0
74103,6 fw Controll.static MNHBPCOOMLE         1424008 -> 1424208
74103,6 fw Controll.static GIPNIMALPEG          0.4237 -> 0.9997
74103,6 fw Controll.static NAKNALFCOIF               3 -> 2.55
74107,7 fw Controll.static IGLCENGMMMJ          1.4768 -> 3.4268
74107,7 fw Controll.static GLGCAOADGMN               0 -> 1
74107,7 fw Controll        MJPKOOHJOPA         68.9215 -> 69.1216
74119,2 fw Controll.static MKFDGFOCKNO         73.7866 -> 73.8366
74119,2 fw Controll.static LEKCBKLAILO         73.8366 -> 73.8866
74119,2 fw Controll.static OFJKHAFJIMA          0.0049 -> 0.0039
74128,8 fw Controll.static GIPNIMALPEG          0.9997 -> 0.5045
74134,4 fw Controll.static NAKNALFCOIF            2.55 -> 1.95
74134,4 fw Controll.static IGLCENGMMMJ          3.4268 -> 5.0768
74144,1 fw Controll.static GLGCAOADGMN               1 -> 0
74151,9 fw Controll.static GIPNIMALPEG          0.5045 -> 0.9652
74159,4 fw Controll.static NAKNALFCOIF            1.95 -> 1.35
74159,4 fw Controll.static IGLCENGMMMJ          5.0768 -> 6.4268
74159,4 fw Controll.static JEOINCHFPCC              -1 -> 0
74170,6 fw Controll.static MKFDGFOCKNO         73.8366 -> 73.8866
74170,6 fw Controll.static LEKCBKLAILO         73.8866 -> 73.9366
74170,6 fw Controll.static OFJKHAFJIMA          0.0039 -> 0.0055
74174,5 fw player          BDHNEDFEHBA              64 -> 128
74174,6 fw Controll.static GIPNIMALPEG          0.9652 -> 0.4182
74187,0 fw Controll.static NAKNALFCOIF            1.35 -> 1.05
74187,0 fw Controll.static IGLCENGMMMJ          6.4268 -> 7.1768
74205,4 fw Controll.static GIPNIMALPEG          0.4182 -> 0.0358
74208,7 fw Controll.static NAKNALFCOIF            1.05 -> 0.9
74208,7 fw Controll.static IGLCENGMMMJ          7.1768 -> 7.7768
74221,3 fw Controll.static MKFDGFOCKNO         73.8866 -> 73.9366
74221,3 fw Controll.static LEKCBKLAILO         73.9366 -> 73.9866
74221,3 fw Controll.static OFJKHAFJIMA          0.0055 -> 0.0016
74226,3 fw player          LNIDBHIAJJI             255 -> 1
74226,3 fw player          ACAIGMNLLEC               2 -> 1
74226,3 fw player          HEADELMLILF               0 -> 1
74226,3 fw Controll.static GIPNIMALPEG          0.0358 -> 0.4539
74236,9 fw Controll.static NAKNALFCOIF             0.9 -> 0.6
74236,9 fw Controll.static IGLCENGMMMJ          7.7768 -> 8.3768
74253,9 fw Controll.static GIPNIMALPEG          0.4539 -> 0.0047
74259,9 fw Controll.static NAKNALFCOIF             0.6 -> 0.45
74259,9 fw Controll.static IGLCENGMMMJ          8.3768 -> 9.5768
74272,0 fw Controll.static MKFDGFOCKNO         73.9366 -> 73.9866
74272,0 fw Controll.static LEKCBKLAILO         73.9866 -> 74.0366
74272,0 fw Controll.static OFJKHAFJIMA          0.0016 -> 0.0001
74288,4 fw Controll.static GIPNIMALPEG          0.0047 -> 0.6948
74288,4 fw Controll.static NAKNALFCOIF            0.45 -> 0.15
74288,4 fw Controll.static IGLCENGMMMJ          9.5768 -> 10.3268
74293,3 fw player          HOJIIOCKKLO               1 -> -1
74293,3 fw player          LNIDBHIAJJI               1 -> 3
74304,1 fw player          ACAIGMNLLEC               1 -> 0
74304,1 fw Controll.static OFJKHAFJIMA          0.0001 -> 0.0003
74308,9 fw Controll.static GIPNIMALPEG          0.6948 -> 0.1051
74308,9 fw Controll.static IGLCENGMMMJ         10.3268 -> 10.4768
74326,1 fw Controll.static MKFDGFOCKNO         73.9866 -> 74.0367
74326,1 fw Controll.static LEKCBKLAILO         74.0366 -> 74.0867
74336,9 fw player          BDHNEDFEHBA             128 -> 192
74336,9 fw player          LNIDBHIAJJI               3 -> 4
74336,9 fw player          HEADELMLILF               1 -> 0
74336,9 fw Controll.static GIPNIMALPEG          0.1051 -> 0.664
74336,9 fw Controll.static NAKNALFCOIF            0.15 -> -0
74336,9 fw Controll.static IGLCENGMMMJ         10.4768 -> 10.6268
74355,9 fw Controll.static MKFDGFOCKNO         74.0367 -> 74.0867
74355,9 fw Controll.static LEKCBKLAILO         74.0867 -> 74.1367
74355,9 fw Controll.static OFJKHAFJIMA          0.0003 -> 0.0021
74356,0 fw Controll        MJPKOOHJOPA         69.1216 -> 69.3728
74363,5 fw Controll.static MNHBPCOOMLE         1424208 -> 1424460
74363,5 fw Controll.static GIPNIMALPEG           0.664 -> 0.1965
74363,5 fw Controll.static NAKNALFCOIF              -0 -> -0.3
74363,5 fw Controll.static IGLCENGMMMJ         10.6268 -> 11.3768
74374,4 fw player          LNIDBHIAJJI               4 -> 5
74374,4 fw Controll.static GLGCAOADGMN               0 -> 1
74389,9 fw Controll.static GIPNIMALPEG          0.1965 -> 0.7237
74389,9 fw Controll.static NAKNALFCOIF            -0.3 -> -0.45
74389,9 fw Controll.static IGLCENGMMMJ         11.3768 -> 12.1268
74402,1 fw Controll.static GLGCAOADGMN               1 -> 0
74407,1 fw Controll.static MKFDGFOCKNO         74.0867 -> 74.1367
74407,1 fw Controll.static LEKCBKLAILO         74.1367 -> 74.1867
74407,1 fw Controll.static OFJKHAFJIMA          0.0021 -> 0.0032
74418,6 fw Controll.static GIPNIMALPEG          0.7237 -> 0.2975
74424,2 fw Controll.static IGLCENGMMMJ         12.1268 -> 13.3268
74441,4 fw player          BDHNEDFEHBA             192 -> 256
74441,4 fw player          LNIDBHIAJJI               5 -> 6
74441,4 fw Controll.static GIPNIMALPEG          0.2975 -> 0.7545
74452,4 fw player          FGFKPMPLNKO         69.1688 -> 69.6373
74452,4 fw Controll.static IGLCENGMMMJ         13.3268 -> 13.6268
74458,6 fw Controll.static MKFDGFOCKNO         74.1367 -> 74.1867
74458,6 fw Controll.static LEKCBKLAILO         74.1867 -> 74.2367
74458,6 fw Controll.static OFJKHAFJIMA          0.0032 -> 0.0047
74468,4 fw Controll.static GIPNIMALPEG          0.7545 -> 0.2935
74475,1 fw Controll.static IGLCENGMMMJ         13.6268 -> 13.7768
74490,7 fw Controll.static GIPNIMALPEG          0.2935 -> 0.7391
74502,8 fw player          LNIDBHIAJJI               6 -> 7
74502,8 fw player          ACAIGMNLLEC               0 -> 255
74502,8 fw player          HEADELMLILF               0 -> 1
74502,8 fw Controll.static NAKNALFCOIF           -0.45 -> -0.3
74502,8 fw Controll.static IGLCENGMMMJ         13.7768 -> 14.0768
74509,2 fw Controll.static MKFDGFOCKNO         74.1867 -> 74.2367
74509,2 fw Controll.static LEKCBKLAILO         74.2367 -> 74.2867
74509,2 fw Controll.static OFJKHAFJIMA          0.0047 -> 0.0053
74518,4 fw Controll.static GIPNIMALPEG          0.7391 -> 0.2937
74526,0 fw Controll.static NAKNALFCOIF            -0.3 -> 0.45
74526,0 fw Controll.static IGLCENGMMMJ         14.0768 -> 14.5268
74541,9 fw Controll.static GIPNIMALPEG          0.2937 -> 0.7639
74551,0 fw player          LNIDBHIAJJI               7 -> 8
74551,0 fw player          HEADELMLILF               1 -> 0
74551,0 fw Controll.static NAKNALFCOIF            0.45 -> 1.5
74551,1 fw Controll.static IGLCENGMMMJ         14.5268 -> 15.2768
74558,3 fw Controll.static MKFDGFOCKNO         74.2367 -> 74.2867
74558,3 fw Controll.static LEKCBKLAILO         74.2867 -> 74.3367
74558,3 fw Controll.static OFJKHAFJIMA          0.0053 -> 0.0044
74566,9 fw Controll.static GIPNIMALPEG          0.7639 -> 0.2639
74574,5 fw Controll.static NAKNALFCOIF             1.5 -> 2.1
74574,5 fw Controll.static IGLCENGMMMJ         15.2768 -> 16.1768
74574,5 fw Controll.static EPEEFBDJAHO               1 -> 0
74599,6 fw Controll.static GIPNIMALPEG          0.2639 -> 0.9168
74599,6 fw Controll.static NAKNALFCOIF             2.1 -> 2.4
74599,6 fw Controll.static IGLCENGMMMJ         16.1768 -> 17.0768
74606,2 fw Controll.static MKFDGFOCKNO         74.2867 -> 74.3368
74606,2 fw Controll.static LEKCBKLAILO         74.3367 -> 74.3868
74617,7 fw Controll.static OFJKHAFJIMA          0.0044 -> 0.0023
74622,4 fw Controll.static GIPNIMALPEG          0.9168 -> 0.3733
74622,4 fw Controll.static NAKNALFCOIF             2.4 -> 2.85
74622,5 fw Controll.static IGLCENGMMMJ         17.0768 -> 17.9768
74651,6 fw Controll.static GIPNIMALPEG          0.3733 -> 0.9568
74651,6 fw Controll.static IGLCENGMMMJ         17.9768 -> 18.1268
74657,0 fw player          LNIDBHIAJJI               8 -> 9
74657,0 fw player          ACAIGMNLLEC             255 -> 0
74657,0 fw player          HEADELMLILF               0 -> 1
74668,0 fw Controll.static MKFDGFOCKNO         74.3368 -> 74.3868
74668,0 fw Controll.static LEKCBKLAILO         74.3868 -> 74.4368
74668,0 fw Controll.static OFJKHAFJIMA          0.0023 -> 0.003
74674,1 fw Controll.static GIPNIMALPEG          0.9568 -> 0.4067
74674,1 fw Controll.static IGLCENGMMMJ         18.1268 -> 18.2768
74683,8 fw Controll.static DGNDKAKOEPD         1423590 -> 1424574
74683,8 fw Controll.static BEJBLGGGOCC       339003827 -> 339004819
74683,8 fw Controll.static JELGPAKAJPE             127 -> 110
74683,8 fw Controll.static EENJPDHGGGC         73.4181 -> 74.4013
74699,2 fw Controll.static GIPNIMALPEG          0.4067 -> 0.9083
74699,2 fw Controll.static IGLCENGMMMJ         18.2768 -> 18.4268
74716,2 fw Controll.static MKFDGFOCKNO         74.3868 -> 74.4368
74716,2 fw Controll.static LEKCBKLAILO         74.4368 -> 74.4868
74716,2 fw Controll.static OFJKHAFJIMA           0.003 -> 0.0046
74725,1 fw Controll.static GIPNIMALPEG          0.9083 -> 0.4244
74742,3 fw player          HOJIIOCKKLO              -1 -> 1
74749,2 fw Controll.static GIPNIMALPEG          0.4244 -> 0.9084
74766,6 fw Controll.static MKFDGFOCKNO         74.4368 -> 74.4868
74766,6 fw Controll.static LEKCBKLAILO         74.4868 -> 74.5368
74766,6 fw Controll.static OFJKHAFJIMA          0.0046 -> 0.0036
74772,4 fw Controll.static GIPNIMALPEG          0.9084 -> 0.3713
74799,1 fw Controll.static GIPNIMALPEG          0.3713 -> 0.9062
74806,7 fw Controll.static DJACNOGOCKD               0 -> 1
74814,9 fw Controll.static MKFDGFOCKNO         74.4868 -> 74.5368
74814,9 fw Controll.static LEKCBKLAILO         74.5368 -> 74.5868
74814,9 fw Controll.static OFJKHAFJIMA          0.0036 -> 0.0028
74821,9 fw Controll.static FBINCNDDPAO         63.2356 -> 69.5252
74821,9 fw Controll.static ILGHFLMKMCO         64.4688 -> 71.5252
74821,9 fw Controll.static JADIDAJFOGK            0.29 -> 0.26
74821,9 fw Controll.static GIPNIMALPEG          0.9062 -> 0.3617
74848,1 fw Controll.static GIPNIMALPEG          0.3617 -> 0.8865
74865,0 fw Controll.static MKFDGFOCKNO         74.5368 -> 74.5868
74865,0 fw Controll.static LEKCBKLAILO         74.5868 -> 74.6368
74865,0 fw Controll.static OFJKHAFJIMA          0.0028 -> 0.011
74869,9 fw Controll.static GIPNIMALPEG          0.8865 -> 0.3213
74905,5 fw Controll.static GIPNIMALPEG          0.3213 -> 0.0329
74905,5 fw Controll.static LCMOBPPHLLM           0.485 -> 0
74905,5 fw Controll.static IGLCENGMMMJ         18.4268 -> 18.5768
74914,3 fw player          HIDMDLLHEKO               1 -> 0
74914,3 fw Controll.static MKFDGFOCKNO         74.5868 -> 74.6368
74914,3 fw Controll.static LEKCBKLAILO         74.6368 -> 74.6868
74920,7 fw player          LNIDBHIAJJI               9 -> 12
74920,7 fw player          ACAIGMNLLEC               0 -> 1
74920,7 fw player          HEADELMLILF               1 -> 0
74920,8 fw Controll.static OFJKHAFJIMA           0.011 -> 0.0015
74930,9 fw Controll.static GIPNIMALPEG          0.0329 -> 0.5418
74952,5 fw Controll.static GIPNIMALPEG          0.5418 -> 0.9725
74968,7 fw player          LNIDBHIAJJI              12 -> 13
74968,7 fw player          ACAIGMNLLEC               1 -> 2
74968,7 fw player          HEADELMLILF               0 -> 1
74968,7 fw Controll.static MKFDGFOCKNO         74.6368 -> 74.6868
74968,7 fw Controll.static LEKCBKLAILO         74.6868 -> 74.7368
74968,7 fw Controll.static OFJKHAFJIMA          0.0015 -> 0.0105
74982,0 fw Controll.static GIPNIMALPEG          0.9725 -> 0.563
74998,4 fw player          HEADELMLILF               1 -> 0
75004,5 fw Controll.static GIPNIMALPEG           0.563 -> 0.0125
75004,5 fw Controll.static IGLCENGMMMJ         18.5768 -> 18.8768
75019,6 fw Controll.static MKFDGFOCKNO         74.6868 -> 74.7368
75019,6 fw Controll.static LEKCBKLAILO         74.7368 -> 74.7868
75019,6 fw Controll.static OFJKHAFJIMA          0.0105 -> 0.0005
75030,8 fw Controll.static GIPNIMALPEG          0.0125 -> 0.539
75051,6 fw Controll.static GIPNIMALPEG           0.539 -> 0.9559
75064,2 fw player          CLOEJLAOIGI               1 -> 0
75068,2 fw Controll.static MKFDGFOCKNO         74.7368 -> 74.7869
75068,2 fw Controll.static LEKCBKLAILO         74.7868 -> 74.8369
75068,2 fw Controll.static OFJKHAFJIMA          0.0005 -> 0.0101
75081,6 fw Controll.static GIPNIMALPEG          0.9559 -> 0.5547
75086,1 fw Controll.static NAKNALFCOIF            2.85 -> 3
75086,1 fw Controll.static IGLCENGMMMJ         18.8768 -> 19.0268
75103,1 fw Controll.static GIPNIMALPEG          0.5547 -> 0.9854
75114,9 fw Controll.static NAKNALFCOIF               3 -> 3.3
75118,8 fw Controll.static MKFDGFOCKNO         74.7869 -> 74.8369
75118,8 fw Controll.static LEKCBKLAILO         74.8369 -> 74.8869
75118,8 fw Controll.static OFJKHAFJIMA          0.0101 -> 0.0108
75131,4 fw Controll.static GIPNIMALPEG          0.9854 -> 0.5497
75136,4 fw Controll.static NAKNALFCOIF             3.3 -> 3.9
75153,1 fw Controll.static GIPNIMALPEG          0.5497 -> 0.9844
75165,3 fw Controll.static NAKNALFCOIF             3.9 -> 4.95
75165,3 fw Controll.static IGLCENGMMMJ         19.0268 -> 18.7268
75170,5 fw Controll.static MKFDGFOCKNO         74.8369 -> 74.8869
75170,5 fw Controll.static LEKCBKLAILO         74.8869 -> 74.9369
75170,5 fw Controll.static OFJKHAFJIMA          0.0108 -> 0.0113
75182,9 fw Controll.static GIPNIMALPEG          0.9844 -> 0.5807
75188,3 fw Controll.static NAKNALFCOIF            4.95 -> 6.6
75216,7 fw Controll.static GIPNIMALPEG          0.5807 -> 0.2563
75216,7 fw Controll.static NAKNALFCOIF             6.6 -> 8.55
75221,6 fw Controll.static MKFDGFOCKNO         74.8869 -> 74.9369
75221,6 fw Controll.static LEKCBKLAILO         74.9369 -> 74.9869
75232,3 fw Controll.static OFJKHAFJIMA          0.0113 -> 0.0006
75237,5 fw Controll.static GIPNIMALPEG          0.2563 -> 0.6718
75237,5 fw Controll.static NAKNALFCOIF            8.55 -> 9.45
75255,2 fw Controll.static MKFDGFOCKNO         74.9369 -> 74.9869
75255,2 fw Controll.static LEKCBKLAILO         74.9869 -> 75.0369
75255,2 fw Controll.static OFJKHAFJIMA          0.0006 -> 0.0011
75266,1 fw Controll.static GIPNIMALPEG          0.6718 -> 0.2427
75266,1 fw Controll.static NAKNALFCOIF            9.45 -> 10.65
75288,3 fw Controll.static GIPNIMALPEG          0.2427 -> 0.6883
75288,3 fw Controll.static NAKNALFCOIF           10.65 -> 11.4
75304,8 fw Controll.static MKFDGFOCKNO         74.9869 -> 75.0369
75304,8 fw Controll.static LEKCBKLAILO         75.0369 -> 75.0869
75304,8 fw Controll.static OFJKHAFJIMA          0.0011 -> 0.0007
75314,3 fw Controll.static GIPNIMALPEG          0.6883 -> 0.2081
75314,3 fw Controll.static NAKNALFCOIF            11.4 -> 11.7
75314,3 fw Controll.static IGLCENGMMMJ         18.7268 -> 18.5768
75334,7 fw Controll.static GIPNIMALPEG          0.2081 -> 0.6149
75346,9 fw player          ACAIGMNLLEC               2 -> 3
75346,9 fw player          HEADELMLILF               0 -> 1
75364,7 fw Controll.static GIPNIMALPEG          0.6149 -> 0.2143
75381,0 fw player          ACAIGMNLLEC               3 -> 5
75381,0 fw Controll.static MKFDGFOCKNO         75.0369 -> 75.0869
75381,0 fw Controll.static LEKCBKLAILO         75.0869 -> 75.1369
75381,0 fw Controll.static OFJKHAFJIMA          0.0007 -> 0.0105
75385,5 fw Controll.static GIPNIMALPEG          0.2143 -> 0.631
75410,6 fw Controll.static GIPNIMALPEG           0.631 -> 0.1336
75426,1 fw Controll.static MKFDGFOCKNO         75.0869 -> 75.1369
75426,1 fw Controll.static LEKCBKLAILO         75.1369 -> 75.1869
75426,1 fw Controll.static OFJKHAFJIMA          0.0105 -> 0.0065
75432,6 fw player          ACAIGMNLLEC               5 -> 7
75432,6 fw Controll.static GIPNIMALPEG          0.1336 -> 0.5737
75457,8 fw Controll.static GIPNIMALPEG          0.5737 -> 0.0768
75473,6 fw Controll.static MKFDGFOCKNO         75.1369 -> 75.1869
75473,6 fw Controll.static LEKCBKLAILO         75.1869 -> 75.2369
75473,6 fw Controll.static OFJKHAFJIMA          0.0065 -> 0.0037
75480,9 fw player          ACAIGMNLLEC               7 -> 8
75480,9 fw Controll.static GIPNIMALPEG          0.0768 -> 0.5387
75513,9 fw Controll.static GIPNIMALPEG          0.5387 -> 0.1983
75513,9 fw Controll.static NAKNALFCOIF            11.7 -> 12.15
75513,9 fw Controll.static IGLCENGMMMJ         18.5768 -> 18.2768
75518,0 fw Controll.static MKFDGFOCKNO         75.1869 -> 75.237
75518,0 fw Controll.static LEKCBKLAILO         75.2369 -> 75.287
75531,0 fw Controll.static OFJKHAFJIMA          0.0037 -> 0.0097
75535,5 fw Controll.static GIPNIMALPEG          0.1983 -> 0.6303
75551,9 fw player          HEADELMLILF               1 -> 0
75564,2 fw Controll.static GIPNIMALPEG          0.6303 -> 0.2027
75564,2 fw Controll.static NAKNALFCOIF           12.15 -> 12.3
75564,2 fw Controll.static IGLCENGMMMJ         18.2768 -> 17.9768
75579,4 fw Controll.static MKFDGFOCKNO          75.237 -> 75.287
75579,4 fw Controll.static LEKCBKLAILO          75.287 -> 75.337
75579,4 fw Controll.static OFJKHAFJIMA          0.0097 -> 0.01
75585,9 fw Controll.static GIPNIMALPEG          0.2027 -> 0.6396
75586,0 fw Controll.static IGLCENGMMMJ         17.9768 -> 17.8268
75613,9 fw Controll.static GIPNIMALPEG          0.6396 -> 0.1991
75613,9 fw Controll.static IGLCENGMMMJ         17.8268 -> 17.6768
75632,0 fw Controll.static MKFDGFOCKNO          75.287 -> 75.337
75632,0 fw Controll.static LEKCBKLAILO          75.337 -> 75.387
75632,0 fw Controll.static OFJKHAFJIMA            0.01 -> 0.0097
75635,9 fw Controll.static GIPNIMALPEG          0.1991 -> 0.6393
75648,0 fw Controll.static IGLCENGMMMJ         17.6768 -> 17.3768
75663,9 fw Controll.static GIPNIMALPEG          0.6393 -> 0.1991
75678,9 fw Controll.static MKFDGFOCKNO          75.337 -> 75.387
75678,9 fw Controll.static LEKCBKLAILO          75.387 -> 75.437
75684,8 fw Controll.static GIPNIMALPEG          0.1991 -> 0.6159
75713,1 fw Controll.static GIPNIMALPEG          0.6159 -> 0.1817
75729,5 fw player          LNIDBHIAJJI              13 -> 12
75729,5 fw Controll.static MKFDGFOCKNO          75.387 -> 75.437
75729,5 fw Controll.static LEKCBKLAILO          75.437 -> 75.487
75729,5 fw Controll.static OFJKHAFJIMA          0.0097 -> 0.0089
75733,5 fw Controll.static GIPNIMALPEG          0.1817 -> 0.5895
75745,8 fw Controll.static DGNDKAKOEPD         1424574 -> 1425635
75745,8 fw Controll.static BEJBLGGGOCC       339004819 -> 339005819
75745,8 fw Controll.static JELGPAKAJPE             110 -> 166
75745,8 fw Controll.static EENJPDHGGGC         74.4013 -> 75.4626
75763,5 fw Controll.static GIPNIMALPEG          0.5895 -> 0.1898
75779,0 fw Controll.static MKFDGFOCKNO          75.437 -> 75.487
75779,0 fw Controll.static LEKCBKLAILO          75.487 -> 75.537
75779,0 fw Controll.static OFJKHAFJIMA          0.0089 -> 0.0092
75784,5 fw Controll.static GIPNIMALPEG          0.1898 -> 0.6095
75817,1 fw Controll.static GIPNIMALPEG          0.6095 -> 0.2627
75817,1 fw Controll.static JBKBOPCCIBM               0 -> 2
75829,1 fw Controll.static MKFDGFOCKNO          75.487 -> 75.537
75829,1 fw Controll.static LEKCBKLAILO          75.537 -> 75.587
75833,9 fw Controll.static OFJKHAFJIMA          0.0092 -> 0.0082
75833,9 fw Controll.static CKLMDECPAGK         64.7688 -> 0
75833,9 fw Controll.static DBMGNKNGFLL               1 -> 0
75833,9 fw Controll.static OINJNFHMDFE           0.321 -> 0.2557
75833,9 fw Controll.static _JFKCDODJALP_k__BackingField            0 -> 2
75846,5 fw Controll.static GIPNIMALPEG          0.2627 -> 0.8495
75862,5 fw Controll.static MKFDGFOCKNO          75.537 -> 75.587
75862,5 fw Controll.static LEKCBKLAILO          75.587 -> 75.637
75862,5 fw Controll.static OFJKHAFJIMA          0.0082 -> 0.0083
75866,9 fw Controll.static GIPNIMALPEG          0.8495 -> 0.2586
75895,6 fw Controll.static GIPNIMALPEG          0.2586 -> 0.8325
75912,0 fw Controll.static MKFDGFOCKNO          75.587 -> 75.637
75912,0 fw Controll.static LEKCBKLAILO          75.637 -> 75.687
75912,0 fw Controll.static OFJKHAFJIMA          0.0083 -> 0.0079
75917,4 fw Controll.static GIPNIMALPEG          0.8325 -> 0.2685
75945,3 fw Controll.static GIPNIMALPEG          0.2685 -> 0.8262
75962,8 fw Controll.static MKFDGFOCKNO          75.637 -> 75.687
75962,8 fw Controll.static LEKCBKLAILO          75.687 -> 75.737
75962,8 fw Controll.static OFJKHAFJIMA          0.0079 -> 0.0085
75966,9 fw Controll.static GIPNIMALPEG          0.8262 -> 0.2581
75994,3 fw Controll.static GIPNIMALPEG          0.2581 -> 0.8061
76011,9 fw Controll.static MKFDGFOCKNO          75.687 -> 75.737
76011,9 fw Controll.static LEKCBKLAILO          75.737 -> 75.787
76011,9 fw Controll.static OFJKHAFJIMA          0.0085 -> 0.0077
76016,0 fw Controll.static GIPNIMALPEG          0.8061 -> 0.2392
76045,2 fw Controll.static GIPNIMALPEG          0.2392 -> 0.8232
76062,2 fw Controll.static MKFDGFOCKNO          75.737 -> 75.787
76062,2 fw Controll.static LEKCBKLAILO          75.787 -> 75.837
76062,2 fw Controll.static OFJKHAFJIMA          0.0077 -> 0.008
76066,5 fw Controll.static GIPNIMALPEG          0.8232 -> 0.25
76094,7 fw Controll.static GIPNIMALPEG            0.25 -> 0.8138
76112,2 fw Controll.static MKFDGFOCKNO          75.787 -> 75.837
76112,2 fw Controll.static LEKCBKLAILO          75.837 -> 75.887
76128,3 fw Controll.static GIPNIMALPEG          0.8138 -> 0.485
76148,6 fw Controll.static GIPNIMALPEG           0.485 -> 0.8909
76166,1 fw Controll.static MKFDGFOCKNO          75.837 -> 75.887
76166,1 fw Controll.static LEKCBKLAILO          75.887 -> 75.937
76166,1 fw Controll.static OFJKHAFJIMA           0.008 -> 0.0078
76177,7 fw Controll.static GIPNIMALPEG          0.8909 -> 0.4725
76198,1 fw Controll.static GIPNIMALPEG          0.4725 -> 0.8801
76215,2 fw Controll.static MKFDGFOCKNO          75.887 -> 75.937
76215,2 fw Controll.static LEKCBKLAILO          75.937 -> 75.9871
76215,3 fw Controll.static OFJKHAFJIMA          0.0078 -> 0.0074
76228,4 fw Controll.static GIPNIMALPEG          0.8801 -> 0.4864
76249,7 fw Controll.static GIPNIMALPEG          0.4864 -> 0.913
76249,7 fw Controll.static NAKNALFCOIF            12.3 -> 12.6
76261,7 fw Controll.static IGLCENGMMMJ         17.3768 -> 16.7768
76266,2 fw Controll.static MKFDGFOCKNO          75.937 -> 75.9871
76266,2 fw Controll.static LEKCBKLAILO         75.9871 -> 76.0371
76277,3 fw Controll.static GIPNIMALPEG           0.913 -> 0.464
76282,3 fw Controll.static NAKNALFCOIF            12.6 -> 13.8
76282,3 fw Controll.static IGLCENGMMMJ         16.7768 -> 16.1769
76298,4 fw Controll.static GIPNIMALPEG           0.464 -> 0.8866
76311,9 fw Controll.static NAKNALFCOIF            13.8 -> 14.85
76311,9 fw Controll.static IGLCENGMMMJ         16.1769 -> 15.5769
76316,4 fw Controll.static MKFDGFOCKNO         75.9871 -> 76.0371
76316,4 fw Controll.static LEKCBKLAILO         76.0371 -> 76.0871
76316,4 fw Controll.static OFJKHAFJIMA          0.0074 -> 0.0076
76328,4 fw Controll.static GIPNIMALPEG          0.8866 -> 0.4859
76334,2 fw Controll.static NAKNALFCOIF           14.85 -> 15.75
76334,2 fw Controll.static IGLCENGMMMJ         15.5769 -> 15.1269
76348,9 fw Controll.static GIPNIMALPEG          0.4859 -> 0.8955
76362,3 fw Controll.static NAKNALFCOIF           15.75 -> 16.35
76362,3 fw Controll.static IGLCENGMMMJ         15.1269 -> 14.6769
76365,4 fw Controll.static MKFDGFOCKNO         76.0371 -> 76.0871
76365,4 fw Controll.static LEKCBKLAILO         76.0871 -> 76.1371
76365,4 fw Controll.static OFJKHAFJIMA          0.0076 -> 0.008
76378,3 fw Controll.static GIPNIMALPEG          0.8955 -> 0.4843
76383,1 fw Controll.static NAKNALFCOIF           16.35 -> 16.5
76383,1 fw Controll.static IGLCENGMMMJ         14.6769 -> 14.5269
76395,2 fw player          LNIDBHIAJJI              12 -> 11
76395,2 fw player          ACAIGMNLLEC               8 -> 9
76400,9 fw player          HEADELMLILF               0 -> 1
76401,0 fw Controll.static GIPNIMALPEG          0.4843 -> 0.9376
76412,4 fw Controll.static NAKNALFCOIF            16.5 -> 16.95
76412,4 fw Controll.static IGLCENGMMMJ         14.5269 -> 14.3769
76415,9 fw Controll.static MKFDGFOCKNO         76.0871 -> 76.1371
76415,9 fw Controll.static LEKCBKLAILO         76.1371 -> 76.1871
76415,9 fw Controll.static OFJKHAFJIMA           0.008 -> 0.0082
76432,6 fw player          ACAIGMNLLEC               9 -> 10
76432,6 fw Controll.static GIPNIMALPEG          0.9376 -> 0.5702
76432,6 fw Controll.static NAKNALFCOIF           16.95 -> 17.1
76432,6 fw Controll.static IGLCENGMMMJ         14.3769 -> 14.2269
76461,2 fw Controll.static GIPNIMALPEG          0.5702 -> 0.1414
76477,2 fw Controll.static MKFDGFOCKNO         76.1371 -> 76.1871
76477,2 fw Controll.static LEKCBKLAILO         76.1871 -> 76.2371
76477,2 fw Controll.static OFJKHAFJIMA          0.0082 -> 0.0069
76482,2 fw player          LBKINNIDKEC               1 -> 0
76482,2 fw player          LNIDBHIAJJI              11 -> 10
76482,2 fw player          ACAIGMNLLEC              10 -> 11
76482,2 fw Controll.static GIPNIMALPEG          0.1414 -> 0.5619
76510,4 fw Controll.static GIPNIMALPEG          0.5619 -> 0.1272
76528,0 fw Controll.static MKFDGFOCKNO         76.1871 -> 76.2371
76528,0 fw Controll.static LEKCBKLAILO         76.2371 -> 76.2871
76528,0 fw Controll.static OFJKHAFJIMA          0.0069 -> 0.0061
76532,2 fw Controll.static GIPNIMALPEG          0.1272 -> 0.5616
76532,2 fw Controll.static NAKNALFCOIF            17.1 -> 17.25
76532,2 fw Controll.static IGLCENGMMMJ         14.2269 -> 14.0769
76562,3 fw player          ACAIGMNLLEC              11 -> 12
76562,3 fw Controll.static GIPNIMALPEG          0.5616 -> 0.1628
76562,3 fw Controll.static NAKNALFCOIF           17.25 -> 17.4
76578,9 fw Controll.static MKFDGFOCKNO         76.2371 -> 76.2871
76578,9 fw Controll.static LEKCBKLAILO         76.2871 -> 76.3371
76578,9 fw Controll.static OFJKHAFJIMA          0.0061 -> 0.0078
76584,0 fw Controll.static GIPNIMALPEG          0.1628 -> 0.5972
76593,9 fw player          HEADELMLILF               1 -> 0
76593,9 fw Controll.static NAKNALFCOIF            17.4 -> 17.7
76593,9 fw Controll.static IGLCENGMMMJ         14.0769 -> 13.7769
76610,8 fw Controll.static GIPNIMALPEG          0.5972 -> 0.1335
76628,8 fw Controll.static MKFDGFOCKNO         76.2871 -> 76.3371
76628,8 fw Controll.static LEKCBKLAILO         76.3371 -> 76.3871
76628,8 fw Controll.static OFJKHAFJIMA          0.0078 -> 0.0065
76633,0 fw Controll.static GIPNIMALPEG          0.1335 -> 0.577
76645,8 fw Controll.static NAKNALFCOIF            17.7 -> 18.6
76645,8 fw Controll.static IGLCENGMMMJ         13.7769 -> 13.4769
76662,1 fw Controll.static GIPNIMALPEG           0.577 -> 0.16
76666,5 fw Controll.static NAKNALFCOIF            18.6 -> 19.5
76666,5 fw Controll.static IGLCENGMMMJ         13.4769 -> 13.0269
76666,5 fw Controll.static DGNDKAKOEPD         1425635 -> 1426568
76666,5 fw Controll.static BEJBLGGGOCC       339005819 -> 339006812
76666,5 fw Controll.static JELGPAKAJPE             166 -> 100
76666,5 fw Controll.static EENJPDHGGGC         75.4626 -> 76.3953
76677,3 fw Controll.static MKFDGFOCKNO         76.3371 -> 76.3871
76677,3 fw Controll.static LEKCBKLAILO         76.3871 -> 76.4371
76677,3 fw Controll.static OFJKHAFJIMA          0.0065 -> 0.0078
76682,8 fw Controll.static GIPNIMALPEG            0.16 -> 0.5724
76693,2 fw Controll.static NAKNALFCOIF            19.5 -> 20.4
76693,2 fw Controll.static IGLCENGMMMJ         13.0269 -> 12.5769
76711,7 fw Controll.static GIPNIMALPEG          0.5724 -> 0.1505
76716,8 fw Controll.static NAKNALFCOIF            20.4 -> 21.45
76716,8 fw Controll.static IGLCENGMMMJ         12.5769 -> 12.1269
76728,4 fw Controll.static MKFDGFOCKNO         76.3871 -> 76.4371
76728,4 fw Controll.static LEKCBKLAILO         76.4371 -> 76.4871
76728,4 fw Controll.static OFJKHAFJIMA          0.0078 -> 0.0074
76733,1 fw player          LNIDBHIAJJI              10 -> 9
76745,2 fw Controll.static GIPNIMALPEG          0.1505 -> 0.8206
76745,2 fw Controll.static NAKNALFCOIF           21.45 -> 22.35
76745,2 fw Controll.static IGLCENGMMMJ         12.1269 -> 11.6769
76762,7 fw Controll.static OFJKHAFJIMA          0.0074 -> 0.0083
76767,2 fw Controll.static GIPNIMALPEG          0.8206 -> 0.2612
76767,2 fw Controll.static NAKNALFCOIF           22.35 -> 22.8
76767,2 fw Controll.static IGLCENGMMMJ         11.6769 -> 11.3769
76785,6 fw player          ACAIGMNLLEC              12 -> 13
76785,6 fw player          HEADELMLILF               0 -> 1
76785,6 fw Controll.static MKFDGFOCKNO         76.4371 -> 76.4871
76785,6 fw Controll.static LEKCBKLAILO         76.4871 -> 76.5371
76796,2 fw Controll.static GIPNIMALPEG          0.2612 -> 0.8404
76796,2 fw Controll.static NAKNALFCOIF            22.8 -> 23.4
76796,2 fw Controll.static IGLCENGMMMJ         11.3769 -> 10.7769
76811,7 fw Controll.static MKFDGFOCKNO         76.4871 -> 76.5371
76811,7 fw Controll.static LEKCBKLAILO         76.5371 -> 76.5872
76811,7 fw Controll.static OFJKHAFJIMA          0.0083 -> 0.0074
76811,7 fw Controll.static _JFKCDODJALP_k__BackingField            2 -> 0
76817,3 fw Controll.static GIPNIMALPEG          0.8404 -> 0.2635
76817,3 fw Controll.static JBKBOPCCIBM               2 -> 0
76817,3 fw Controll.static NAKNALFCOIF            23.4 -> 23.55
76817,3 fw Controll.static IGLCENGMMMJ         10.7769 -> 10.6269
76828,8 fw Controll.static DJACNOGOCKD               1 -> 0
76833,4 fw player          LNIDBHIAJJI               9 -> 8
76845,1 fw player          ACAIGMNLLEC              13 -> 15
76845,2 fw Controll.static GIPNIMALPEG          0.2635 -> 0.8204
76845,2 fw Controll.static NAKNALFCOIF           23.55 -> 23.7
76845,2 fw Controll.static IGLCENGMMMJ         10.6269 -> 10.4769
76863,0 fw Controll.static MKFDGFOCKNO         76.5371 -> 76.5872
76863,0 fw Controll.static LEKCBKLAILO         76.5872 -> 76.6372
76863,0 fw Controll.static OFJKHAFJIMA          0.0074 -> 0.0087
76868,5 fw Controll.static GIPNIMALPEG          0.8204 -> 0.2862
76893,6 fw player          ACAIGMNLLEC              15 -> 16
76893,6 fw Controll.static GIPNIMALPEG          0.2862 -> 0.7894
76910,6 fw Controll.static MKFDGFOCKNO         76.5872 -> 76.6372
76910,6 fw Controll.static LEKCBKLAILO         76.6372 -> 76.6872
76910,6 fw Controll.static OFJKHAFJIMA          0.0087 -> 0.0063
76915,4 fw Controll.static GIPNIMALPEG          0.7894 -> 0.2233
76944,6 fw player          LNIDBHIAJJI               8 -> 7
76944,6 fw player          HEADELMLILF               1 -> 0
76944,7 fw Controll.static GIPNIMALPEG          0.2233 -> 0.8099
76961,1 fw Controll.static MKFDGFOCKNO         76.6372 -> 76.6872
76961,1 fw Controll.static LEKCBKLAILO         76.6872 -> 76.7372
76961,1 fw Controll.static OFJKHAFJIMA          0.0063 -> 0.0067
76966,4 fw Controll.static GIPNIMALPEG          0.8099 -> 0.2438
76992,7 fw Controll.static GIPNIMALPEG          0.2438 -> 0.7707
77009,7 fw Controll.static MKFDGFOCKNO         76.6872 -> 76.7372
77009,7 fw Controll.static LEKCBKLAILO         76.7372 -> 76.7872
77009,7 fw Controll.static OFJKHAFJIMA          0.0067 -> 0.0053
77014,3 fw Controll.static GIPNIMALPEG          0.7707 -> 0.203
77048,1 fw Controll.static GIPNIMALPEG           0.203 -> 0.8775
77058,5 fw Controll.static MKFDGFOCKNO         76.7372 -> 76.7872
77058,5 fw Controll.static LEKCBKLAILO         76.7872 -> 76.8372
77065,1 fw Controll.static OFJKHAFJIMA          0.0053 -> 0.0042
77075,2 fw Controll.static GIPNIMALPEG          0.8775 -> 0.4206
77097,0 fw Controll.static GIPNIMALPEG          0.4206 -> 0.8567
77114,2 fw Controll.static MKFDGFOCKNO         76.7872 -> 76.8372
77114,2 fw Controll.static LEKCBKLAILO         76.8372 -> 76.8872
77114,2 fw Controll.static OFJKHAFJIMA          0.0042 -> 0.0046
77127,4 fw Controll.static GIPNIMALPEG          0.8567 -> 0.4649
77148,9 fw Controll.static GIPNIMALPEG          0.4649 -> 0.893
77166,4 fw Controll.static MKFDGFOCKNO         76.8372 -> 76.8872
77166,4 fw Controll.static LEKCBKLAILO         76.8872 -> 76.9372
77166,4 fw Controll.static OFJKHAFJIMA          0.0046 -> 0.0068
77178,6 fw Controll.static GIPNIMALPEG           0.893 -> 0.4872
77178,6 fw Controll.static NAKNALFCOIF            23.7 -> 23.85
77203,0 fw Controll.static GIPNIMALPEG          0.4872 -> 0.9747
77212,1 fw Controll.static NAKNALFCOIF           23.85 -> 24.15
77218,7 fw Controll.static MKFDGFOCKNO         76.8872 -> 76.9372
77218,7 fw Controll.static LEKCBKLAILO         76.9372 -> 76.9872
77218,7 fw Controll.static OFJKHAFJIMA          0.0068 -> 0.0077
77229,1 fw Controll.static GIPNIMALPEG          0.9747 -> 0.4981
77233,5 fw Controll.static NAKNALFCOIF           24.15 -> 24.45
77233,5 fw Controll.static IGLCENGMMMJ         10.4769 -> 10.6269
77251,4 fw Controll.static GIPNIMALPEG          0.4981 -> 0.9428
77264,1 fw Controll.static NAKNALFCOIF           24.45 -> 24.75
77264,1 fw Controll.static IGLCENGMMMJ         10.6269 -> 10.9269
77268,8 fw Controll.static MKFDGFOCKNO         76.9372 -> 76.9872
77268,8 fw Controll.static LEKCBKLAILO         76.9872 -> 77.0372
77268,8 fw Controll.static OFJKHAFJIMA          0.0077 -> 0.0097
77279,7 fw Controll.static GIPNIMALPEG          0.9428 -> 0.51
77286,2 fw Controll.static NAKNALFCOIF           24.75 -> 24.9
77286,2 fw Controll.static IGLCENGMMMJ         10.9269 -> 11.3769
77302,0 fw Controll.static GIPNIMALPEG            0.51 -> 0.9545
77313,2 fw Controll.static NAKNALFCOIF            24.9 -> 25.2
77313,2 fw Controll.static IGLCENGMMMJ         11.3769 -> 11.9769
77318,8 fw Controll.static MKFDGFOCKNO         76.9872 -> 77.0372
77318,8 fw Controll.static LEKCBKLAILO         77.0372 -> 77.0872
77318,8 fw Controll.static OFJKHAFJIMA          0.0097 -> 0.0088
77331,2 fw Controll.static GIPNIMALPEG          0.9545 -> 0.5401
77336,0 fw Controll.static IGLCENGMMMJ         11.9769 -> 12.2769
77353,8 fw player          ACAIGMNLLEC              16 -> 17
77353,8 fw player          HEADELMLILF               0 -> 1
77367,5 fw Controll.static GIPNIMALPEG          0.5401 -> 0.265
77371,8 fw Controll.static GLGCAOADGMN               0 -> 1
77371,8 fw Controll.static MKFDGFOCKNO         77.0372 -> 77.0872
77371,8 fw Controll.static LEKCBKLAILO         77.0872 -> 77.1372
77371,8 fw Controll        MJPKOOHJOPA         69.3728 -> 72.3843
77385,5 fw Controll.static OFJKHAFJIMA          0.0088 -> 0.0132
77385,5 fw Controll.static MNHBPCOOMLE         1424460 -> 1427472
77392,3 fw Controll.static GIPNIMALPEG           0.265 -> 0.7615
77392,3 fw Controll.static IGLCENGMMMJ         12.2769 -> 12.7269
77405,8 fw player          HEADELMLILF               1 -> 0
77411,4 fw Controll.static MKFDGFOCKNO         77.0872 -> 77.1372
77411,4 fw Controll.static LEKCBKLAILO         77.1372 -> 77.1872
77411,4 fw Controll.static OFJKHAFJIMA          0.0132 -> 0.0013
77426,0 fw Controll.static GIPNIMALPEG          0.7615 -> 0.4354
77426,0 fw Controll.static IGLCENGMMMJ         12.7269 -> 13.4769
77447,6 fw Controll.static GIPNIMALPEG          0.4354 -> 0.8663
77447,6 fw Controll.static IGLCENGMMMJ         13.4769 -> 13.9269
77460,3 fw player          LNIDBHIAJJI               7 -> 8
77460,3 fw Controll.static GLGCAOADGMN               1 -> 0
77467,0 fw Controll.static MKFDGFOCKNO         77.1372 -> 77.1873
77467,0 fw Controll.static LEKCBKLAILO         77.1872 -> 77.2373
77467,0 fw Controll.static OFJKHAFJIMA          0.0013 -> 0.0059
77476,9 fw Controll.static GIPNIMALPEG          0.8663 -> 0.4525
77499,4 fw Controll.static GIPNIMALPEG          0.4525 -> 0.9034
77516,2 fw Controll.static MKFDGFOCKNO         77.1873 -> 77.2373
77516,2 fw Controll.static LEKCBKLAILO         77.2373 -> 77.2873
77516,2 fw Controll.static OFJKHAFJIMA          0.0059 -> 0.0055
77526,3 fw Controll.static GIPNIMALPEG          0.9034 -> 0.4408
77548,3 fw Controll.static GIPNIMALPEG          0.4408 -> 0.8811
77565,5 fw Controll.static MKFDGFOCKNO         77.2373 -> 77.2873
77565,5 fw Controll.static LEKCBKLAILO         77.2873 -> 77.3373
77565,5 fw Controll.static OFJKHAFJIMA          0.0055 -> 0.0043
77575,4 fw Controll.static MNHBPCOOMLE         1427472 -> 1427680
77575,4 fw Controll.static GIPNIMALPEG          0.8811 -> 0.422
77575,4 fw Controll        MJPKOOHJOPA         72.3843 -> 72.5949
77581,3 fw player          LNIDBHIAJJI               8 -> 9
77591,6 fw Controll.static GLGCAOADGMN               0 -> 1
77599,2 fw Controll.static GIPNIMALPEG           0.422 -> 0.8975
77608,5 fw Controll.static IGLCENGMMMJ         13.9269 -> 14.0769
77613,4 fw Controll.static GLGCAOADGMN               1 -> 0
77613,4 fw Controll.static MKFDGFOCKNO         77.2873 -> 77.3373
77613,4 fw Controll.static LEKCBKLAILO         77.3373 -> 77.3873
77613,4 fw Controll.static OFJKHAFJIMA          0.0043 -> 0.0041
77625,3 # net: TcpClient.Connected = True
77625,4 fw Controll.static GIPNIMALPEG          0.8975 -> 0.4202
77649,6 fw Controll.static GIPNIMALPEG          0.4202 -> 0.906
77666,1 fw Controll.static MKFDGFOCKNO         77.3373 -> 77.3873
77666,1 fw Controll.static LEKCBKLAILO         77.3873 -> 77.4373
77666,2 fw Controll.static OFJKHAFJIMA          0.0041 -> 0.0069
77683,4 fw Controll.static GIPNIMALPEG           0.906 -> 0.5821
77683,4 fw Controll.static DGNDKAKOEPD         1426568 -> 1427567
77683,4 fw Controll.static BEJBLGGGOCC       339006812 -> 339007810
77683,4 fw Controll.static JELGPAKAJPE             100 -> 103
77683,4 fw Controll.static EENJPDHGGGC         76.3953 -> 77.3945
77711,1 fw Controll.static GIPNIMALPEG          0.5821 -> 0.1368
77711,1 fw Controll.static NAKNALFCOIF            25.2 -> 24.9
77711,1 fw Controll.static IGLCENGMMMJ         14.0769 -> 14.5269
77729,9 fw Controll.static MKFDGFOCKNO         77.3873 -> 77.4373
77729,9 fw Controll.static LEKCBKLAILO         77.4373 -> 77.4873
77729,9 fw Controll.static OFJKHAFJIMA          0.0069 -> 0.0067
77733,3 fw Controll.static GIPNIMALPEG          0.1368 -> 0.5795
77733,3 fw Controll.static IGLCENGMMMJ         14.5269 -> 14.9769
77765,7 fw Controll.static GIPNIMALPEG          0.5795 -> 0.2279
77783,1 fw Controll.static MKFDGFOCKNO         77.4373 -> 77.4873
77783,1 fw Controll.static LEKCBKLAILO         77.4873 -> 77.5373
77783,1 fw Controll.static OFJKHAFJIMA          0.0067 -> 0.0112
77791,2 fw Controll.static GIPNIMALPEG          0.2279 -> 0.7363
77802,3 fw Controll.static DJACNOGOCKD               0 -> 1
77807,9 fw Controll.static MKFDGFOCKNO         77.4873 -> 77.5373
77807,9 fw Controll.static LEKCBKLAILO         77.5373 -> 77.5873
77807,9 fw Controll.static OFJKHAFJIMA          0.0112 -> 0.0034
77807,9 fw Controll.static FBINCNDDPAO         69.5252 -> 72.5203
77807,9 fw Controll.static ILGHFLMKMCO         71.5252 -> 74.5203
77807,9 fw Controll.static JADIDAJFOGK            0.26 -> 0.42
77817,3 fw Controll.static GIPNIMALPEG          0.7363 -> 0.259
77841,8 fw Controll.static GIPNIMALPEG           0.259 -> 0.7496
77858,0 fw Controll.static MKFDGFOCKNO         77.5373 -> 77.5873
77858,0 fw Controll.static LEKCBKLAILO         77.5873 -> 77.6373
77864,7 fw Controll.static GIPNIMALPEG          0.7496 -> 0.2085
77889,8 fw Controll.static GIPNIMALPEG          0.2085 -> 0.7102
77907,7 fw player          LNIDBHIAJJI               9 -> 10
77907,7 fw Controll.static MKFDGFOCKNO         77.5873 -> 77.6373
77907,7 fw Controll.static LEKCBKLAILO         77.6373 -> 77.6873
77907,7 fw Controll.static OFJKHAFJIMA          0.0034 -> 0.0032
77914,1 fw Controll.static GIPNIMALPEG          0.7102 -> 0.1959
77943,4 fw Controll.static GIPNIMALPEG          0.1959 -> 0.7809
77958,8 fw Controll.static MKFDGFOCKNO         77.6373 -> 77.6873
77958,8 fw Controll.static LEKCBKLAILO         77.6873 -> 77.7373
77958,9 fw Controll.static OFJKHAFJIMA          0.0032 -> 0.0043
77964,8 fw Controll.static GIPNIMALPEG          0.7809 -> 0.2099
77995,8 fw Controll.static GIPNIMALPEG          0.2099 -> 0.8303
78007,6 fw Controll.static MKFDGFOCKNO         77.6873 -> 77.7373
78007,6 fw Controll.static LEKCBKLAILO         77.7373 -> 77.7873
78012,0 fw Controll.static OFJKHAFJIMA          0.0043 -> 0.0031
78023,8 fw Controll.static GIPNIMALPEG          0.8303 -> 0.3896
78045,3 fw Controll.static GIPNIMALPEG          0.3896 -> 0.8187
78061,4 fw Controll.static MKFDGFOCKNO         77.7373 -> 77.7873
78061,4 fw Controll.static LEKCBKLAILO         77.7873 -> 77.8373
78061,4 fw Controll.static OFJKHAFJIMA          0.0031 -> 0.0014
78072,6 fw Controll.static GIPNIMALPEG          0.8187 -> 0.3645
78094,2 fw Controll.static GIPNIMALPEG          0.3645 -> 0.7974
78094,2 fw Controll.static NAKNALFCOIF            24.9 -> 24.75
78094,2 fw Controll.static IGLCENGMMMJ         14.9769 -> 15.1269
78111,7 fw Controll.static MKFDGFOCKNO         77.7873 -> 77.8373
78111,7 fw Controll.static LEKCBKLAILO         77.8373 -> 77.8873
78111,7 fw Controll.static OFJKHAFJIMA          0.0014 -> 0.0024
78123,6 fw Controll.static GIPNIMALPEG          0.7974 -> 0.3857
78147,3 fw Controll.static GIPNIMALPEG          0.3857 -> 0.8587
78157,0 fw Controll.static NAKNALFCOIF           24.75 -> 24.45
78157,0 fw Controll.static IGLCENGMMMJ         15.1269 -> 15.4269
78162,6 fw Controll.static MKFDGFOCKNO         77.8373 -> 77.8873
78162,6 fw Controll.static LEKCBKLAILO         77.8873 -> 77.9373
78172,1 fw Controll.static GIPNIMALPEG          0.8587 -> 0.3553
78193,4 fw Controll.static GIPNIMALPEG          0.3553 -> 0.78
78211,4 fw Controll.static MKFDGFOCKNO         77.8873 -> 77.9374
78211,4 fw Controll.static LEKCBKLAILO         77.9373 -> 77.9874
78211,4 fw Controll.static OFJKHAFJIMA          0.0024 -> 0.0034
78224,4 fw Controll.static GIPNIMALPEG            0.78 -> 0.4006
78245,9 fw Controll.static GIPNIMALPEG          0.4006 -> 0.8314
78260,8 fw Controll.static MKFDGFOCKNO         77.9374 -> 77.9874
78260,8 fw Controll.static LEKCBKLAILO         77.9874 -> 78.0374
78260,8 fw Controll.static OFJKHAFJIMA          0.0034 -> 0.0013
78272,3 fw Controll.static GIPNIMALPEG          0.8314 -> 0.3575
78306,6 fw Controll.static GIPNIMALPEG          0.3575 -> 0.0439
78310,4 fw Controll.static MKFDGFOCKNO         77.9874 -> 78.0374
78310,4 fw Controll.static LEKCBKLAILO         78.0374 -> 78.0874
78323,9 fw Controll.static OFJKHAFJIMA          0.0013 -> 0.002
78327,9 fw Controll.static GIPNIMALPEG          0.0439 -> 0.4704
78355,2 fw Controll.static GIPNIMALPEG          0.4704 -> 0.0169
78372,9 fw Controll.static MKFDGFOCKNO         78.0374 -> 78.0874
78372,9 fw Controll.static LEKCBKLAILO         78.0874 -> 78.1374
78372,9 fw Controll.static OFJKHAFJIMA           0.002 -> 0.0007
78376,5 fw Controll.static GIPNIMALPEG          0.0169 -> 0.4434
78407,6 fw Controll.static GIPNIMALPEG          0.4434 -> 0.064
78407,6 fw Controll.static NAKNALFCOIF           24.45 -> 24.3
78423,9 fw Controll.static MKFDGFOCKNO         78.0874 -> 78.1374
78423,9 fw Controll.static LEKCBKLAILO         78.1374 -> 78.1874
78423,9 fw Controll.static OFJKHAFJIMA          0.0007 -> 0.003
78428,9 fw Controll.static GIPNIMALPEG           0.064 -> 0.4896
78428,9 fw Controll.static NAKNALFCOIF            24.3 -> 24.15
78455,7 fw Controll.static GIPNIMALPEG          0.4896 -> 0.0266
78471,6 fw Controll.static MKFDGFOCKNO         78.1374 -> 78.1874
78471,6 fw Controll.static LEKCBKLAILO         78.1874 -> 78.2374
78471,6 fw Controll.static OFJKHAFJIMA           0.003 -> 0.0011
78476,1 fw Controll.static GIPNIMALPEG          0.0266 -> 0.4333
78506,5 fw Controll.static GIPNIMALPEG          0.4333 -> 0.0408
78522,6 fw Controll.static MKFDGFOCKNO         78.1874 -> 78.2374
78522,6 fw Controll.static LEKCBKLAILO         78.2374 -> 78.2874
78522,6 fw Controll.static OFJKHAFJIMA          0.0011 -> 0.0019
78526,9 fw Controll.static GIPNIMALPEG          0.0408 -> 0.4499
78538,1 fw Controll.static NAKNALFCOIF           24.15 -> 23.85
78538,1 fw Controll.static IGLCENGMMMJ         15.4269 -> 15.5769
78555,1 fw Controll.static GIPNIMALPEG          0.4499 -> 0.0134
78572,4 fw Controll.static MKFDGFOCKNO         78.2374 -> 78.2874
78572,4 fw Controll.static LEKCBKLAILO         78.2874 -> 78.3374
78572,4 fw Controll.static OFJKHAFJIMA          0.0019 -> 0.0005
78577,5 fw Controll.static GIPNIMALPEG          0.0134 -> 0.4623
78588,5 fw Controll.static NAKNALFCOIF           23.85 -> 23.7
78610,2 fw Controll.static GIPNIMALPEG          0.4623 -> 0.1145
78621,5 fw Controll.static MKFDGFOCKNO         78.2874 -> 78.3374
78621,5 fw Controll.static LEKCBKLAILO         78.3374 -> 78.3874
78626,1 fw Controll.static OFJKHAFJIMA          0.0005 -> 0.0017
78637,6 fw Controll.static GIPNIMALPEG          0.1145 -> 0.6631
78658,7 fw Controll.static GIPNIMALPEG          0.6631 -> 0.0854
78671,3 fw Controll.static JELGPAKAJPE             103 -> 104
78671,3 fw Controll.static EENJPDHGGGC         77.3945 -> 78.3919
78674,9 fw Controll.static MKFDGFOCKNO         78.3374 -> 78.3874
78674,9 fw Controll.static LEKCBKLAILO         78.3874 -> 78.4374
78674,9 fw Controll.static OFJKHAFJIMA          0.0017 -> 0.0041
78688,5 fw Controll.static GIPNIMALPEG          0.0854 -> 0.6803
78692,2 fw player          LNIDBHIAJJI              10 -> 11
78692,2 fw Controll.static DGNDKAKOEPD         1427567 -> 1428564
78692,2 fw Controll.static BEJBLGGGOCC       339007810 -> 339008803
78705,5 fw player          ACAIGMNLLEC              17 -> 16
78705,5 fw player          HEADELMLILF               0 -> 1
78705,5 fw Controll.static MKFDGFOCKNO         78.3874 -> 78.4374
78705,5 fw Controll.static LEKCBKLAILO         78.4374 -> 78.4874
78705,5 fw Controll.static OFJKHAFJIMA          0.0041 -> 0.0008
78709,3 fw Controll.static GIPNIMALPEG          0.6803 -> 0.0967
78738,0 fw player          HEADELMLILF               1 -> 0
78738,0 fw Controll.static GIPNIMALPEG          0.0967 -> 0.6707
78759,3 fw Controll.static GIPNIMALPEG          0.6707 -> 0.0979
78776,4 fw Controll.static MKFDGFOCKNO         78.4374 -> 78.4874
78776,4 fw Controll.static LEKCBKLAILO         78.4874 -> 78.5374
78776,4 fw Controll.static OFJKHAFJIMA          0.0008 -> 0.0046
78788,8 fw Controll.static GIPNIMALPEG          0.0979 -> 0.6857
78805,5 fw Controll.static MKFDGFOCKNO         78.4874 -> 78.5374
78805,6 fw Controll.static LEKCBKLAILO         78.5374 -> 78.5874
78805,6 fw Controll.static OFJKHAFJIMA          0.0046 -> 0.0009
78810,3 fw Controll.static GIPNIMALPEG          0.6857 -> 0.1179
78838,0 fw Controll.static GIPNIMALPEG          0.1179 -> 0.6698
78858,8 fw Controll.static GIPNIMALPEG          0.6698 -> 0.0869
78874,7 fw Controll.static MKFDGFOCKNO         78.5374 -> 78.5874
78874,8 fw Controll.static LEKCBKLAILO         78.5874 -> 78.6375
78874,8 fw Controll.static OFJKHAFJIMA          0.0009 -> 0.0041
78888,1 fw Controll.static GIPNIMALPEG          0.0869 -> 0.6719
78905,0 fw Controll.static MKFDGFOCKNO         78.5874 -> 78.6375
78905,0 fw Controll.static LEKCBKLAILO         78.6375 -> 78.6875
78905,1 fw Controll.static OFJKHAFJIMA          0.0041 -> 0.0004
78921,4 fw Controll.static GIPNIMALPEG          0.6719 -> 0.3393
78943,2 fw Controll.static GIPNIMALPEG          0.3393 -> 0.7745
78959,1 fw Controll.static MKFDGFOCKNO         78.6375 -> 78.6875
78959,1 fw Controll.static LEKCBKLAILO         78.6875 -> 78.7375
78959,1 fw Controll.static OFJKHAFJIMA          0.0004 -> 0.0045
78968,2 fw Controll.static GIPNIMALPEG          0.7745 -> 0.2738
78991,3 fw Controll.static GIPNIMALPEG          0.2738 -> 0.7366
79008,4 fw Controll.static MKFDGFOCKNO         78.6875 -> 78.7375
79008,4 fw Controll.static LEKCBKLAILO         78.7375 -> 78.7875
79008,4 fw Controll.static OFJKHAFJIMA          0.0045 -> 0.0038
79014,1 fw Controll.static GIPNIMALPEG          0.7366 -> 0.1924
79041,1 fw Controll.static GIPNIMALPEG          0.1924 -> 0.7331
79056,1 fw Controll.static MKFDGFOCKNO         78.7375 -> 78.7875
79056,1 fw Controll.static LEKCBKLAILO         78.7875 -> 78.8375
79056,1 fw Controll.static OFJKHAFJIMA          0.0038 -> 0.0015
79062,1 fw Controll.static GIPNIMALPEG          0.7331 -> 0.1525
79087,9 fw Controll.static GIPNIMALPEG          0.1525 -> 0.668
79108,6 fw Controll.static GIPNIMALPEG           0.668 -> 0.0834
79125,2 fw Controll.static MKFDGFOCKNO         78.7875 -> 78.8375
79125,2 fw Controll.static LEKCBKLAILO         78.8375 -> 78.8875
79125,2 fw Controll.static OFJKHAFJIMA          0.0015 -> 0.004
79139,4 fw Controll.static ILGHFLMKMCO         74.5203 -> 73.9575
79139,4 fw Controll.static CKLMDECPAGK               0 -> 74.2575
79139,4 fw Controll.static DBMGNKNGFLL               0 -> 1
79139,4 fw Controll.static OINJNFHMDFE          0.2557 -> 0.447
79139,4 fw Controll.static _JFKCDODJALP_k__BackingField            0 -> 1
79139,4 fw Controll.static GIPNIMALPEG          0.0834 -> 0.6973
79139,5 fw Controll.static JBKBOPCCIBM               0 -> 1
79155,2 fw Controll.static MKFDGFOCKNO         78.8375 -> 78.8875
79155,2 fw Controll.static LEKCBKLAILO         78.8875 -> 78.9375
79155,2 fw Controll.static OFJKHAFJIMA           0.004 -> 0.0006
79161,0 fw Controll.static GIPNIMALPEG          0.6973 -> 0.1301
79187,3 fw Controll.static GIPNIMALPEG          0.1301 -> 0.6561
79219,7 fw Controll.static GIPNIMALPEG          0.6561 -> 0.3036
79226,0 fw Controll.static MKFDGFOCKNO         78.8875 -> 78.9375
79226,0 fw Controll.static LEKCBKLAILO         78.9375 -> 78.9875
79235,9 fw Controll.static OFJKHAFJIMA          0.0006 -> 0.0041
79241,0 fw Controll.static GIPNIMALPEG          0.3036 -> 0.7311
79241,0 fw Controll.static JBKBOPCCIBM               1 -> 0
79253,7 fw Controll.static DJACNOGOCKD               1 -> 0
79257,7 fw Controll.static MKFDGFOCKNO         78.9375 -> 78.9875
79257,7 fw Controll.static LEKCBKLAILO         78.9875 -> 79.0375
79257,7 fw Controll.static OFJKHAFJIMA          0.0041 -> 0.003
79257,7 fw Controll.static _JFKCDODJALP_k__BackingField            1 -> 0
79270,1 fw Controll.static GIPNIMALPEG          0.7311 -> 0.312
79291,3 fw Controll.static GIPNIMALPEG           0.312 -> 0.7359
79308,7 fw Controll.static MKFDGFOCKNO         78.9875 -> 79.0375
79308,7 fw Controll.static LEKCBKLAILO         79.0375 -> 79.0875
79308,7 fw Controll.static OFJKHAFJIMA           0.003 -> 0.004
79319,8 fw Controll.static GIPNIMALPEG          0.7359 -> 0.3051
79343,8 fw Controll.static GIPNIMALPEG          0.3051 -> 0.7862
79358,1 fw Controll.static MKFDGFOCKNO         79.0375 -> 79.0875
79358,1 fw Controll.static LEKCBKLAILO         79.0875 -> 79.1375
79358,1 fw Controll.static OFJKHAFJIMA           0.004 -> 0.0034
79370,0 fw Controll.static GIPNIMALPEG          0.7862 -> 0.3089
79391,6 fw Controll.static GIPNIMALPEG          0.3089 -> 0.7426
79409,0 fw Controll.static MKFDGFOCKNO         79.0875 -> 79.1375
79409,0 fw Controll.static LEKCBKLAILO         79.1375 -> 79.1875
79409,0 fw Controll.static OFJKHAFJIMA          0.0034 -> 0.0043
79420,0 fw Controll.static GIPNIMALPEG          0.7426 -> 0.3089
79441,9 fw Controll.static GIPNIMALPEG          0.3089 -> 0.7481
79459,4 fw Controll.static MKFDGFOCKNO         79.1375 -> 79.1875
79459,4 fw Controll.static LEKCBKLAILO         79.1875 -> 79.2375
79459,4 fw Controll.static OFJKHAFJIMA          0.0043 -> 0.0047
79470,1 fw Controll.static GIPNIMALPEG          0.7481 -> 0.3117
79492,5 fw Controll.static GIPNIMALPEG          0.3117 -> 0.7591
79509,7 fw Controll.static MKFDGFOCKNO         79.1875 -> 79.2375
79509,7 fw Controll.static LEKCBKLAILO         79.2375 -> 79.2875
79509,7 fw Controll.static OFJKHAFJIMA          0.0047 -> 0.005
79526,0 fw Controll.static GIPNIMALPEG          0.7591 -> 0.4289
79552,1 fw Controll.static GIPNIMALPEG          0.4289 -> 0.9521
79569,4 fw Controll.static MKFDGFOCKNO         79.2375 -> 79.2875
79569,4 fw Controll.static LEKCBKLAILO         79.2875 -> 79.3375
79569,4 fw Controll.static OFJKHAFJIMA           0.005 -> 0.0031
79573,3 fw Controll.static GIPNIMALPEG          0.9521 -> 0.3744
79602,2 fw Controll.static GIPNIMALPEG          0.3744 -> 0.9524
79618,5 fw Controll.static MKFDGFOCKNO         79.2875 -> 79.3375
79618,5 fw Controll.static LEKCBKLAILO         79.3375 -> 79.3875
79618,5 fw Controll.static OFJKHAFJIMA          0.0031 -> 0.0026
79624,5 fw Controll.static GIPNIMALPEG          0.9524 -> 0.3983
79652,3 fw Controll.static GIPNIMALPEG          0.3983 -> 0.9539
79656,6 fw Controll.static DGNDKAKOEPD         1428564 -> 1429558
79656,7 fw Controll.static BEJBLGGGOCC       339008803 -> 339009804
79656,7 fw Controll.static JELGPAKAJPE             104 -> 95
79656,7 fw Controll.static EENJPDHGGGC         78.3919 -> 79.3855
79669,3 fw Controll.static MKFDGFOCKNO         79.3375 -> 79.3876
79669,3 fw Controll.static LEKCBKLAILO         79.3875 -> 79.4376
79669,3 fw Controll.static OFJKHAFJIMA          0.0026 -> 0.0019
79673,7 fw Controll.static GIPNIMALPEG          0.9539 -> 0.3826
79703,0 fw Controll.static GIPNIMALPEG          0.3826 -> 0.9681
79718,6 fw Controll.static MKFDGFOCKNO         79.3876 -> 79.4376
79718,6 fw Controll.static LEKCBKLAILO         79.4376 -> 79.4876
79718,6 fw Controll.static OFJKHAFJIMA          0.0019 -> 0.0031
79724,7 fw Controll.static GIPNIMALPEG          0.9681 -> 0.402
79751,6 fw Controll.static GIPNIMALPEG           0.402 -> 0.9393
79768,9 fw Controll.static MKFDGFOCKNO         79.4376 -> 79.4876
79768,9 fw Controll.static LEKCBKLAILO         79.4876 -> 79.5376
79768,9 fw Controll.static OFJKHAFJIMA          0.0031 -> 0.0016
79772,5 fw Controll.static GIPNIMALPEG          0.9393 -> 0.3588
79803,0 fw Controll.static GIPNIMALPEG          0.3588 -> 0.9684
79818,6 fw Controll.static MKFDGFOCKNO         79.4876 -> 79.5376
79818,6 fw Controll.static LEKCBKLAILO         79.5376 -> 79.5876
79818,6 fw Controll.static OFJKHAFJIMA          0.0016 -> 0.0029
79834,8 fw Controll.static GIPNIMALPEG          0.9684 -> 0.6054
79857,5 fw Controll.static GIPNIMALPEG          0.6054 -> 0.0585
79873,9 fw Controll.static MKFDGFOCKNO         79.5376 -> 79.5876
79873,9 fw Controll.static LEKCBKLAILO         79.5876 -> 79.6376
79873,9 fw Controll.static OFJKHAFJIMA          0.0029 -> 0.0027
79885,6 fw Controll.static GIPNIMALPEG          0.0585 -> 0.6202
79907,4 fw Controll.static GIPNIMALPEG          0.6202 -> 0.0558
79924,7 fw Controll.static MKFDGFOCKNO         79.5876 -> 79.6376
79924,7 fw Controll.static LEKCBKLAILO         79.6376 -> 79.6876
79924,7 fw Controll.static OFJKHAFJIMA          0.0027 -> 0.0026
79934,7 fw Controll.static GIPNIMALPEG          0.0558 -> 0.6017
79956,8 fw Controll.static GIPNIMALPEG          0.6017 -> 0.044
79972,9 fw Controll.static MKFDGFOCKNO         79.6376 -> 79.6876
79972,9 fw Controll.static LEKCBKLAILO         79.6876 -> 79.7376
79972,9 fw Controll.static OFJKHAFJIMA          0.0026 -> 0.002
79984,8 fw Controll.static GIPNIMALPEG           0.044 -> 0.6036
80007,5 fw Controll.static GIPNIMALPEG          0.6036 -> 0.0569
80024,2 fw Controll.static MKFDGFOCKNO         79.6876 -> 79.7376
80024,2 fw Controll.static LEKCBKLAILO         79.7376 -> 79.7876
80024,2 fw Controll.static OFJKHAFJIMA           0.002 -> 0.0026
80034,2 fw Controll.static GIPNIMALPEG          0.0569 -> 0.5909
80056,7 fw Controll.static GIPNIMALPEG          0.5909 -> 0.0424
80069,5 fw Controll.static NAKNALFCOIF            23.7 -> 23.85
80069,5 fw Controll.static IGLCENGMMMJ         15.5769 -> 15.7269
80075,4 fw Controll.static MKFDGFOCKNO         79.7376 -> 79.7876
80075,5 fw Controll.static LEKCBKLAILO         79.7876 -> 79.8376
80075,5 fw Controll.static OFJKHAFJIMA          0.0026 -> 0.0019
80087,3 fw Controll.static GIPNIMALPEG          0.0424 -> 0.6532
80092,3 fw Controll.static NAKNALFCOIF           23.85 -> 24
80092,3 fw Controll.static IGLCENGMMMJ         15.7269 -> 15.8769
80110,6 fw Controll.static GIPNIMALPEG          0.6532 -> 0.1188
80118,9 fw Controll.static NAKNALFCOIF              24 -> 24.75
80118,9 fw Controll.static IGLCENGMMMJ         15.8769 -> 16.0269
80127,4 fw Controll.static MKFDGFOCKNO         79.7876 -> 79.8376
80127,4 fw Controll.static LEKCBKLAILO         79.8376 -> 79.8876
80127,4 fw Controll.static OFJKHAFJIMA          0.0019 -> 0.0058
80142,9 fw Controll.static GIPNIMALPEG          0.1188 -> 0.7655
80142,9 fw Controll.static NAKNALFCOIF           24.75 -> 25.2
80158,7 fw Controll.static OFJKHAFJIMA          0.0058 -> 0.0038
80170,2 fw Controll.static GIPNIMALPEG          0.7655 -> 0.3123
80170,2 fw Controll.static NAKNALFCOIF            25.2 -> 25.65
80186,8 fw Controll.static MKFDGFOCKNO         79.8376 -> 79.8876
80186,8 fw Controll.static LEKCBKLAILO         79.8876 -> 79.9376
80191,8 fw Controll.static GIPNIMALPEG          0.3123 -> 0.7435
80191,8 fw Controll.static NAKNALFCOIF           25.65 -> 26.25
80191,8 fw Controll.static IGLCENGMMMJ         16.0269 -> 16.1769
80210,7 fw Controll.static MKFDGFOCKNO         79.8876 -> 79.9376
80210,7 fw Controll.static LEKCBKLAILO         79.9376 -> 79.9876
80210,7 fw Controll.static OFJKHAFJIMA          0.0038 -> 0.0058
80221,7 fw Controll.static GIPNIMALPEG          0.7435 -> 0.3419
80221,7 fw Controll.static NAKNALFCOIF           26.25 -> 27.3
80221,7 fw Controll.static IGLCENGMMMJ         16.1769 -> 16.3269
80243,6 fw Controll.static GIPNIMALPEG          0.3419 -> 0.78
80243,6 fw Controll.static NAKNALFCOIF            27.3 -> 29.55
80243,6 fw Controll.static IGLCENGMMMJ         16.3269 -> 16.0269
80253,7 fw player          ACAIGMNLLEC              16 -> 17
80253,7 fw player          HEADELMLILF               0 -> 1
80262,3 fw Controll.static MKFDGFOCKNO         79.9376 -> 79.9876
80262,3 fw Controll.static LEKCBKLAILO         79.9876 -> 80.0376
80262,3 fw Controll.static OFJKHAFJIMA          0.0058 -> 0.0072
80269,1 fw Controll.static GIPNIMALPEG            0.78 -> 0.2882
80269,1 fw Controll.static NAKNALFCOIF           29.55 -> 33.3
80278,1 fw Controll.static IGLCENGMMMJ         16.0269 -> 14.5269
80286,7 fw player          ACAIGMNLLEC              17 -> 18
80294,5 fw Controll.static GIPNIMALPEG          0.2882 -> 0.7969
80304,0 fw Controll.static NAKNALFCOIF            33.3 -> 39.45
80304,0 fw Controll.static IGLCENGMMMJ         14.5269 -> 13.4769
80311,1 fw Controll.static MKFDGFOCKNO         79.9876 -> 80.0377
80311,1 fw Controll.static LEKCBKLAILO         80.0376 -> 80.0877
80311,1 fw Controll.static OFJKHAFJIMA          0.0072 -> 0.0063
80319,0 fw Controll.static GIPNIMALPEG          0.7969 -> 0.2868
80328,6 fw Controll.static NAKNALFCOIF           39.45 -> 47.1
80328,6 fw Controll.static IGLCENGMMMJ         13.4769 -> 11.9769
80345,1 fw Controll.static GIPNIMALPEG          0.2868 -> 0.8091
80353,8 fw player          HEADELMLILF               1 -> 0
80353,8 fw Controll.static NAKNALFCOIF            47.1 -> 52.5
80353,8 fw Controll.static IGLCENGMMMJ         11.9769 -> 11.2269
80362,7 fw Controll.static MKFDGFOCKNO         80.0377 -> 80.0877
80362,7 fw Controll.static LEKCBKLAILO         80.0877 -> 80.1377
80362,7 fw Controll.static OFJKHAFJIMA          0.0063 -> 0.0076
80370,8 fw Controll.static GIPNIMALPEG          0.8091 -> 0.3222
80380,1 fw player          HEADELMLILF               0 -> 1
80380,2 fw Controll.static NAKNALFCOIF            52.5 -> 56.25
80380,2 fw Controll.static IGLCENGMMMJ         11.2269 -> 10.9269
80388,7 fw player          LNIDBHIAJJI              11 -> 10
80401,7 fw player          ACAIGMNLLEC              18 -> 22
80401,7 fw Controll.static GIPNIMALPEG          0.3222 -> 0.9409
80408,6 fw Controll.static NAKNALFCOIF           56.25 -> 60
80418,7 fw Controll.static MKFDGFOCKNO         80.0877 -> 80.1377
80418,8 fw Controll.static LEKCBKLAILO         80.1377 -> 80.1877
80418,8 fw Controll.static OFJKHAFJIMA          0.0076 -> 0.0038
80426,8 fw Controll.static GIPNIMALPEG          0.9409 -> 0.4415
80436,6 fw Controll.static NAKNALFCOIF              60 -> 61.2
80436,6 fw Controll.static IGLCENGMMMJ         10.9269 -> 10.7769
80451,9 fw player          LNIDBHIAJJI              10 -> 9
80451,9 fw player          ACAIGMNLLEC              22 -> 29
80462,2 fw Controll.static GIPNIMALPEG          0.4415 -> 0.1499
80462,2 fw Controll.static NAKNALFCOIF            61.2 -> 61.5
80462,2 fw Controll.static IGLCENGMMMJ         10.7769 -> 10.6269
80472,6 fw Controll.static MKFDGFOCKNO         80.1377 -> 80.1877
80472,6 fw Controll.static LEKCBKLAILO         80.1877 -> 80.2377
80479,2 fw Controll.static OFJKHAFJIMA          0.0038 -> 0.0073
80490,4 fw player          LNIDBHIAJJI               9 -> 7
80490,4 fw player          ACAIGMNLLEC              29 -> 38
80490,4 fw Controll.static GIPNIMALPEG          0.1499 -> 0.7148
80490,4 fw Controll.static NAKNALFCOIF            61.5 -> 62.4
80490,4 fw Controll.static IGLCENGMMMJ         10.6269 -> 10.4769
80507,5 fw Controll.static MKFDGFOCKNO         80.1877 -> 80.2377
80507,5 fw Controll.static LEKCBKLAILO         80.2377 -> 80.2877
80507,5 fw Controll.static OFJKHAFJIMA          0.0073 -> 0.0026
80516,5 fw Controll.static GIPNIMALPEG          0.7148 -> 0.2352
80516,5 fw Controll.static NAKNALFCOIF            62.4 -> 62.55
80523,9 fw player          ACAIGMNLLEC              38 -> 42
80539,0 fw Controll.static GIPNIMALPEG          0.2352 -> 0.6867
80539,0 fw Controll.static NAKNALFCOIF           62.55 -> 62.85
80557,4 fw Controll.static MKFDGFOCKNO         80.2377 -> 80.2877
80557,4 fw Controll.static LEKCBKLAILO         80.2877 -> 80.3377
80568,3 fw Controll.static GIPNIMALPEG          0.6867 -> 0.272
80592,5 fw Controll.static GIPNIMALPEG           0.272 -> 0.7572
80602,1 fw player          ACAIGMNLLEC              42 -> 43
80609,5 fw Controll.static MKFDGFOCKNO         80.2877 -> 80.3377
80609,5 fw Controll.static LEKCBKLAILO         80.3377 -> 80.3877
80609,5 fw Controll.static OFJKHAFJIMA          0.0026 -> 0.0046
80618,3 fw Controll.static GIPNIMALPEG          0.7572 -> 0.2726
80629,1 fw Controll.static BFEOOOMMGLK               0 -> 1
80629,1 fw Controll        MJPKOOHJOPA         72.5949 -> 75.646
80634,8 fw Controll.static GLGCAOADGMN               0 -> 1
80645,7 fw Controll.static MNHBPCOOMLE         1427680 -> 1430734
80645,7 fw Controll.static GIPNIMALPEG          0.2726 -> 0.8195
80654,1 fw player          ACAIGMNLLEC              43 -> 44
80654,1 fw Controll.static BFEOOOMMGLK               1 -> 0
80667,3 fw Controll.static MKFDGFOCKNO         80.3377 -> 80.3877
80667,3 fw Controll.static LEKCBKLAILO         80.3877 -> 80.4377
80667,3 fw Controll.static OFJKHAFJIMA          0.0046 -> 0.0123
80671,2 fw Controll.static GIPNIMALPEG          0.8195 -> 0.33
80686,2 fw Controll.static DGNDKAKOEPD         1429558 -> 1430573
80686,2 fw Controll.static BEJBLGGGOCC       339009804 -> 339010808
80686,2 fw Controll.static JELGPAKAJPE              95 -> 111
80686,2 fw Controll.static EENJPDHGGGC         79.3855 -> 80.4005
80704,2 fw player          HEADELMLILF               1 -> 0
80704,2 fw Controll.static GIPNIMALPEG            0.33 -> 0.9905
80710,2 fw Controll.static EPEEFBDJAHO               0 -> 1
80721,5 fw Controll.static MKFDGFOCKNO         80.3877 -> 80.4377
80721,5 fw Controll.static LEKCBKLAILO         80.4377 -> 80.4877
80721,5 fw Controll.static OFJKHAFJIMA          0.0123 -> 0.0053
80729,2 fw Controll.static GIPNIMALPEG          0.9905 -> 0.4899
80737,9 fw Controll.static LCMOBPPHLLM               0 -> 0.485
80754,2 fw Controll.static GIPNIMALPEG          0.4899 -> 0.9889
80772,8 fw Controll.static MKFDGFOCKNO         80.4377 -> 80.4877
80772,8 fw Controll.static LEKCBKLAILO         80.4877 -> 80.5377
80772,8 fw Controll.static OFJKHAFJIMA          0.0053 -> 0.0123
80783,7 fw player          FGFKPMPLNKO         69.6373 -> 75.9577
80791,2 fw Controll.static GIPNIMALPEG          0.9889 -> 0.7295
80809,0 fw Controll.static OFJKHAFJIMA          0.0123 -> 0.0041
80818,0 fw Controll.static GIPNIMALPEG          0.7295 -> 0.2656
80835,5 fw Controll.static MKFDGFOCKNO         80.4877 -> 80.5377
80835,5 fw Controll.static LEKCBKLAILO         80.5377 -> 80.5877
80843,1 fw player          HIDMDLLHEKO               0 -> 1
80843,1 fw player          LNIDBHIAJJI               7 -> 6
80843,1 fw Controll.static GIPNIMALPEG          0.2656 -> 0.7673
80843,1 fw Controll.static NAKNALFCOIF           62.85 -> 63
80843,1 fw Controll.static IGLCENGMMMJ         10.4769 -> 10.6269
80851,8 fw player          CLOEJLAOIGI               0 -> 1
80861,2 fw Controll.static MKFDGFOCKNO         80.5377 -> 80.5877
80861,2 fw Controll.static LEKCBKLAILO         80.5877 -> 80.6377
80861,2 fw Controll.static OFJKHAFJIMA          0.0041 -> 0.0062
80870,0 fw Controll.static GIPNIMALPEG          0.7673 -> 0.3065
80870,1 fw Controll.static NAKNALFCOIF              63 -> 63.15
80870,1 fw Controll.static IGLCENGMMMJ         10.6269 -> 11.0769
80893,5 fw Controll.static GIPNIMALPEG          0.3065 -> 0.7752
80893,5 fw Controll.static IGLCENGMMMJ         11.0769 -> 11.6769
80909,9 fw Controll.static MKFDGFOCKNO         80.5877 -> 80.6377
80909,9 fw Controll.static LEKCBKLAILO         80.6377 -> 80.6878
80909,9 fw Controll.static OFJKHAFJIMA          0.0062 -> 0.0003
80922,3 fw Controll.static GIPNIMALPEG          0.7752 -> 0.3513
80934,0 fw Controll.static IGLCENGMMMJ         11.6769 -> 12.5769
80951,4 fw Controll.static GIPNIMALPEG          0.3513 -> 0.9323
80959,1 fw Controll.static IGLCENGMMMJ         12.5769 -> 13.3269
80969,4 fw Controll.static MKFDGFOCKNO         80.6377 -> 80.6878
80969,4 fw Controll.static LEKCBKLAILO         80.6878 -> 80.7378
80969,4 fw Controll.static OFJKHAFJIMA          0.0003 -> 0.0041
80974,7 fw Controll.static GIPNIMALPEG          0.9323 -> 0.3996
80985,5 fw Controll.static IGLCENGMMMJ         13.3269 -> 14.0769
80993,2 fw player          LNIDBHIAJJI               6 -> 7
81002,3 fw Controll.static GIPNIMALPEG          0.3996 -> 0.95
81010,7 fw Controll.static IGLCENGMMMJ         14.0769 -> 14.6769
81010,7 fw Controll.static EPEEFBDJAHO               1 -> 0
81018,5 fw Controll.static MKFDGFOCKNO         80.6878 -> 80.7378
81018,5 fw Controll.static LEKCBKLAILO         80.7378 -> 80.7878
81018,5 fw Controll.static OFJKHAFJIMA          0.0041 -> 0.0057
81027,3 fw Controll.static GIPNIMALPEG            0.95 -> 0.4511
81034,7 fw Controll.static IGLCENGMMMJ         14.6769 -> 14.9769
81052,2 fw player          LNIDBHIAJJI               7 -> 8
81052,2 fw Controll.static GIPNIMALPEG          0.4511 -> 0.9493
81062,4 fw player          HOJIIOCKKLO               1 -> -1
81062,4 fw Controll.static IGLCENGMMMJ         14.9769 -> 15.4269
81067,5 fw Controll.static MKFDGFOCKNO         80.7378 -> 80.7878
81067,5 fw Controll.static LEKCBKLAILO         80.7878 -> 80.8378
81067,5 fw Controll.static OFJKHAFJIMA          0.0057 -> 0.0074
81077,6 fw Controll.static GIPNIMALPEG          0.9493 -> 0.456
81088,6 fw player          LNIDBHIAJJI               8 -> 9
81088,7 fw Controll.static IGLCENGMMMJ         15.4269 -> 15.5768
81115,0 fw Controll.static GIPNIMALPEG           0.456 -> 0.2049
81115,0 fw Controll.static IGLCENGMMMJ         15.5768 -> 15.8768
81122,2 fw player          HIDMDLLHEKO               1 -> 0
81122,2 fw player          LNIDBHIAJJI               9 -> 10
81122,2 fw Controll.static MKFDGFOCKNO         80.7878 -> 80.8378
81122,2 fw Controll.static LEKCBKLAILO         80.8378 -> 80.8878
81132,2 fw Controll.static OFJKHAFJIMA          0.0074 -> 0.0017
81138,3 fw Controll.static GIPNIMALPEG          0.2049 -> 0.671
81138,3 fw Controll.static IGLCENGMMMJ         15.8768 -> 16.3268
81155,4 fw Controll.static MKFDGFOCKNO         80.8378 -> 80.8878
81155,4 fw Controll.static LEKCBKLAILO         80.8878 -> 80.9378
81155,4 fw Controll.static OFJKHAFJIMA          0.0017 -> 0.0005
81164,7 fw Controll.static GIPNIMALPEG           0.671 -> 0.1986
81164,7 fw Controll.static NAKNALFCOIF           63.15 -> 63
81164,7 fw Controll.static IGLCENGMMMJ         16.3268 -> 16.4768
81164,7 fw Controll.static EPEEFBDJAHO               0 -> -1
81187,9 fw Controll.static GIPNIMALPEG          0.1986 -> 0.6623
81187,9 fw Controll.static IGLCENGMMMJ         16.4768 -> 16.6268
81214,5 fw Controll.static GIPNIMALPEG          0.6623 -> 0.1931
81231,3 fw player          LNIDBHIAJJI              10 -> 11
81231,3 fw Controll.static MKFDGFOCKNO         80.8878 -> 80.9378
81231,3 fw Controll.static LEKCBKLAILO         80.9378 -> 80.9878
81231,3 fw Controll.static OFJKHAFJIMA          0.0005 -> 0.0095
81238,8 fw player          FGFKPMPLNKO         75.9577 -> 76.4238
81238,8 fw Controll.static GIPNIMALPEG          0.1931 -> 0.6796
81255,7 fw Controll.static MKFDGFOCKNO         80.9378 -> 80.9878
81255,7 fw Controll.static LEKCBKLAILO         80.9878 -> 81.0378
81255,7 fw Controll.static OFJKHAFJIMA          0.0095 -> 0.0006
81265,7 fw Controll.static GIPNIMALPEG          0.6796 -> 0.2171
81270,2 fw Controll.static NAKNALFCOIF              63 -> 62.85
81270,2 fw Controll.static IGLCENGMMMJ         16.6268 -> 16.7768
81288,2 fw Controll.static GIPNIMALPEG          0.2171 -> 0.6666
81298,8 fw player          HIDMDLLHEKO               0 -> 1
81298,8 fw Controll.static NAKNALFCOIF           62.85 -> 62.55
81298,8 fw Controll.static IGLCENGMMMJ         16.7768 -> 17.0768
81307,3 fw Controll.static MKFDGFOCKNO         80.9878 -> 81.0378
81307,4 fw Controll.static LEKCBKLAILO         81.0378 -> 81.0878
81307,4 fw Controll.static OFJKHAFJIMA          0.0006 -> 0.0024
81315,4 fw Controll.static GIPNIMALPEG          0.6666 -> 0.2114
81324,8 fw Controll.static NAKNALFCOIF           62.55 -> 62.25
81324,8 fw Controll.static IGLCENGMMMJ         17.0768 -> 17.3768
81331,3 fw Controll.static GLGCAOADGMN               1 -> 0
81339,6 fw Controll.static GIPNIMALPEG          0.2114 -> 0.6948
81350,5 fw Controll.static NAKNALFCOIF           62.25 -> 62.1
81350,5 fw Controll.static IGLCENGMMMJ         17.3768 -> 17.6768
81355,4 fw Controll.static MKFDGFOCKNO         81.0378 -> 81.0879
81355,4 fw Controll.static LEKCBKLAILO         81.0878 -> 81.1379
81355,4 fw Controll.static OFJKHAFJIMA          0.0024 -> 0.0004
81367,9 fw Controll.static GIPNIMALPEG          0.6948 -> 0.2615
81373,5 fw Controll.static NAKNALFCOIF            62.1 -> 61.95
81373,5 fw Controll.static IGLCENGMMMJ         17.6768 -> 18.1268
81389,9 fw Controll.static GIPNIMALPEG          0.2615 -> 0.7017
81402,1 fw Controll.static NAKNALFCOIF           61.95 -> 61.5
81402,1 fw Controll.static IGLCENGMMMJ         18.1268 -> 18.5768
81407,3 fw Controll.static MKFDGFOCKNO         81.0879 -> 81.1379
81407,3 fw Controll.static LEKCBKLAILO         81.1379 -> 81.1879
81407,3 fw Controll.static OFJKHAFJIMA          0.0004 -> 0.0021
81419,7 fw Controll.static MNHBPCOOMLE         1430734 -> 1431525
81419,7 fw Controll        MJPKOOHJOPA          75.646 -> 76.4377
81424,6 fw Controll.static GIPNIMALPEG          0.7017 -> 0.3948
81424,7 fw Controll.static NAKNALFCOIF            61.5 -> 61.35
81424,7 fw Controll.static IGLCENGMMMJ         18.5768 -> 18.7268
81435,7 fw Controll.static GLGCAOADGMN               0 -> 1
81452,7 fw player          LNIDBHIAJJI              11 -> 12
81452,7 fw Controll.static GIPNIMALPEG          0.3948 -> 0.9562
81452,7 fw Controll.static IGLCENGMMMJ         18.7268 -> 19.0268
81469,2 fw Controll.static MKFDGFOCKNO         81.1379 -> 81.1879
81469,2 fw Controll.static LEKCBKLAILO         81.1879 -> 81.2379
81469,2 fw Controll.static OFJKHAFJIMA          0.0021 -> 0.0043
81476,1 fw Controll.static GIPNIMALPEG          0.9562 -> 0.4241
81476,1 fw Controll.static NAKNALFCOIF           61.35 -> 61.2
81476,1 fw Controll.static IGLCENGMMMJ         19.0268 -> 19.1768
81503,5 fw Controll.static GIPNIMALPEG          0.4241 -> 0.9716
81503,5 fw Controll.static IGLCENGMMMJ         19.1768 -> 19.4768
81510,4 fw Controll.static GLGCAOADGMN               1 -> 0
81519,7 fw player          HOJIIOCKKLO              -1 -> 1
81519,7 fw player          LNIDBHIAJJI              12 -> 13
81519,7 fw player          ACAIGMNLLEC              44 -> 43
81519,7 fw player          HEADELMLILF               0 -> 1
81519,7 fw Controll.static MKFDGFOCKNO         81.1879 -> 81.2379
81519,7 fw Controll.static LEKCBKLAILO         81.2379 -> 81.2879
81519,7 fw Controll.static OFJKHAFJIMA          0.0043 -> 0.0054
81530,6 fw Controll.static GIPNIMALPEG          0.9716 -> 0.5148
81530,6 fw Controll.static EPEEFBDJAHO              -1 -> 0
81552,9 fw Controll.static GIPNIMALPEG          0.5148 -> 0.9593
81565,7 fw Controll.static IGLCENGMMMJ         19.4768 -> 19.7768
81572,2 fw Controll.static MKFDGFOCKNO         81.2379 -> 81.2879
81572,2 fw Controll.static LEKCBKLAILO         81.2879 -> 81.3379
81572,2 fw Controll.static OFJKHAFJIMA          0.0054 -> 0.0107
81582,4 fw player          HEADELMLILF               1 -> 0
81582,4 fw Controll.static GIPNIMALPEG          0.9593 -> 0.5502
81588,7 fw Controll.static NAKNALFCOIF            61.2 -> 61.05
81588,7 fw Controll.static IGLCENGMMMJ         19.7768 -> 20.2268
81608,5 fw Controll.static GIPNIMALPEG          0.5502 -> 0.0714
81615,9 fw Controll.static NAKNALFCOIF           61.05 -> 60.9
81615,9 fw Controll.static IGLCENGMMMJ         20.2268 -> 21.2768
81625,8 fw player          HIDMDLLHEKO               1 -> 0
81625,8 fw Controll.static GLGCAOADGMN               0 -> 1
81625,8 fw Controll.static MKFDGFOCKNO         81.2879 -> 81.3379
81625,8 fw Controll.static LEKCBKLAILO         81.3379 -> 81.3879
81625,8 fw Controll.static OFJKHAFJIMA          0.0107 -> 0.0033
81633,6 fw Controll.static MNHBPCOOMLE         1431525 -> 1431731
81633,6 fw Controll.static GIPNIMALPEG          0.0714 -> 0.5728
81633,6 fw Controll        MJPKOOHJOPA         76.4377 -> 76.6437
81645,0 fw Controll.static NAKNALFCOIF            60.9 -> 61.35
81645,0 fw Controll.static IGLCENGMMMJ         21.2768 -> 24.2768
81649,9 fw Controll.static GLGCAOADGMN               1 -> 0
81660,2 fw Controll.static GIPNIMALPEG          0.5728 -> 0.1035
81668,6 fw Controll.static NAKNALFCOIF           61.35 -> 62.4
81668,6 fw Controll.static IGLCENGMMMJ         24.2768 -> 26.8268
81668,6 fw Controll.static DGNDKAKOEPD         1430573 -> 1431566
81668,6 fw Controll.static BEJBLGGGOCC       339010808 -> 339011817
81668,6 fw Controll.static JELGPAKAJPE             111 -> 94
81668,6 fw Controll.static EENJPDHGGGC         80.4005 -> 81.3934
81676,4 fw Controll.static MKFDGFOCKNO         81.3379 -> 81.3879
81676,4 fw Controll.static LEKCBKLAILO         81.3879 -> 81.4379
81676,4 fw Controll.static OFJKHAFJIMA          0.0033 -> 0.005
81685,6 fw Controll.static GIPNIMALPEG          0.1035 -> 0.6132
81692,7 fw Controll.static NAKNALFCOIF            62.4 -> 63.45
81692,7 fw Controll.static IGLCENGMMMJ         26.8268 -> 28.6268
81708,5 fw Controll.static GIPNIMALPEG          0.6132 -> 0.0718
81717,7 fw player          LNIDBHIAJJI              13 -> 14
81717,7 fw Controll.static NAKNALFCOIF           63.45 -> 63.9
81717,7 fw Controll.static IGLCENGMMMJ         28.6268 -> 29.3768
81725,4 fw Controll.static MKFDGFOCKNO         81.3879 -> 81.438
81725,4 fw Controll.static LEKCBKLAILO         81.4379 -> 81.488
81725,4 fw Controll.static OFJKHAFJIMA           0.005 -> 0.0035
81741,3 fw Controll.static GIPNIMALPEG          0.0718 -> 0.7266
81741,3 fw Controll.static NAKNALFCOIF            63.9 -> 64.35
81741,3 fw Controll.static IGLCENGMMMJ         29.3768 -> 30.1268
81756,2 fw Controll.static OFJKHAFJIMA          0.0035 -> 0.001
81767,2 fw Controll.static GIPNIMALPEG          0.7266 -> 0.2451
81767,2 fw Controll.static NAKNALFCOIF           64.35 -> 65.1
81767,2 fw Controll.static IGLCENGMMMJ         30.1268 -> 32.2268
81783,3 fw Controll.static MKFDGFOCKNO          81.438 -> 81.488
81783,3 fw Controll.static LEKCBKLAILO          81.488 -> 81.538
81791,6 fw player          LNIDBHIAJJI              14 -> 17
81791,6 fw player          ACAIGMNLLEC              43 -> 44
81791,7 fw player          HEADELMLILF               0 -> 1
81791,7 fw Controll.static GIPNIMALPEG          0.2451 -> 0.7339
81791,7 fw Controll.static NAKNALFCOIF            65.1 -> 66.9
81791,7 fw Controll.static IGLCENGMMMJ         32.2268 -> 34.7768
81807,3 fw Controll.static MKFDGFOCKNO          81.488 -> 81.538
81807,3 fw Controll.static LEKCBKLAILO          81.538 -> 81.588
81807,3 fw Controll.static OFJKHAFJIMA           0.001 -> 0.0021
81817,2 fw Controll.static GIPNIMALPEG          0.7339 -> 0.2448
81817,2 fw Controll.static NAKNALFCOIF            66.9 -> 69.6
81817,2 fw Controll.static IGLCENGMMMJ         34.7768 -> 36.7268
81822,9 fw player          LNIDBHIAJJI              17 -> 20
81822,9 fw player          ACAIGMNLLEC              44 -> 45
81840,1 fw Controll.static GIPNIMALPEG          0.2448 -> 0.7023
81840,1 fw Controll.static NAKNALFCOIF            69.6 -> 71.1
81840,2 fw Controll.static IGLCENGMMMJ         36.7268 -> 37.4768
81856,8 fw Controll.static MKFDGFOCKNO          81.538 -> 81.588
81856,8 fw Controll.static LEKCBKLAILO          81.588 -> 81.638
81856,8 fw Controll.static OFJKHAFJIMA          0.0021 -> 0.0016
81867,4 fw Controll.static MNHBPCOOMLE         1431731 -> 1431972
81867,4 fw Controll.static GIPNIMALPEG          0.7023 -> 0.2482
81867,4 fw Controll.static LCMOBPPHLLM           0.485 -> 0
81867,4 fw Controll.static NAKNALFCOIF            71.1 -> 72.15
81867,4 fw Controll        MJPKOOHJOPA         76.6437 -> 76.8852
81870,9 fw Controll.static IGLCENGMMMJ         37.4768 -> 38.2268
81870,9 fw Controll.static GLGCAOADGMN               0 -> 1
81888,1 fw Controll.static GIPNIMALPEG          0.2482 -> 0.6631
81897,6 fw player          LNIDBHIAJJI              20 -> 21
81897,6 fw player          ACAIGMNLLEC              45 -> 46
81897,6 fw player          CLOEJLAOIGI               1 -> 0
81897,6 fw Controll.static NAKNALFCOIF           72.15 -> 74.4
81897,6 fw Controll.static IGLCENGMMMJ         38.2268 -> 40.0268
81905,7 fw Controll.static MKFDGFOCKNO          81.588 -> 81.638
81905,7 fw Controll.static LEKCBKLAILO          81.638 -> 81.688
81905,7 fw Controll.static OFJKHAFJIMA          0.0016 -> 0.0005
81913,2 fw Controll.static GIPNIMALPEG          0.6631 -> 0.1649
81921,1 fw Controll.static NAKNALFCOIF            74.4 -> 78.3
81921,1 fw Controll.static IGLCENGMMMJ         40.0268 -> 41.5268
81930,3 fw player          LNIDBHIAJJI              21 -> 24
81930,3 fw player          ACAIGMNLLEC              46 -> 48
81930,3 fw player          CLOEJLAOIGI               0 -> 1
81930,3 fw Controll.static GLGCAOADGMN               1 -> 0
81934,9 fw Controll.static GIPNIMALPEG          0.1649 -> 0.5985
81946,6 fw Controll.static NAKNALFCOIF            78.3 -> 84.45
81946,6 fw Controll.static IGLCENGMMMJ         41.5268 -> 42.8768
81962,9 fw Controll.static GIPNIMALPEG          0.5985 -> 0.1576
81966,1 fw Controll.static NAKNALFCOIF           84.45 -> 88.65
81966,1 fw Controll.static IGLCENGMMMJ         42.8768 -> 43.3268
81979,0 fw Controll.static MKFDGFOCKNO          81.638 -> 81.688
81979,0 fw Controll.static LEKCBKLAILO          81.688 -> 81.738
81979,0 fw Controll.static OFJKHAFJIMA          0.0005 -> 0.0078
81982,8 fw Controll.static GIPNIMALPEG          0.1576 -> 0.5547
81992,8 fw player          LNIDBHIAJJI              24 -> 26
81992,8 fw Controll.static NAKNALFCOIF           88.65 -> 92.25
81998,5 fw player          ACAIGMNLLEC              48 -> 51
81998,5 fw player          CLOEJLAOIGI               1 -> 0
82007,5 fw Controll.static GIPNIMALPEG          0.5547 -> 0.0483
82015,8 fw Controll.static NAKNALFCOIF           92.25 -> 92.7
82015,8 fw Controll.static IGLCENGMMMJ         43.3268 -> 43.4768
82020,9 fw Controll.static MKFDGFOCKNO          81.688 -> 81.738
82020,9 fw Controll.static LEKCBKLAILO          81.738 -> 81.788
82020,9 fw Controll.static OFJKHAFJIMA          0.0078 -> 0.0021
82029,6 fw player          LNIDBHIAJJI              26 -> 28
82029,6 fw player          ACAIGMNLLEC              51 -> 53
82034,4 fw Controll.static GIPNIMALPEG          0.0483 -> 0.5876
82065,5 fw Controll.static GIPNIMALPEG          0.5876 -> 0.2085
82065,5 fw Controll.static NAKNALFCOIF            92.7 -> 93.15
82065,5 fw Controll.static IGLCENGMMMJ         43.4768 -> 43.7768
82079,1 fw Controll.static MKFDGFOCKNO          81.738 -> 81.788
82079,1 fw Controll.static LEKCBKLAILO          81.788 -> 81.838
82079,1 fw Controll.static OFJKHAFJIMA          0.0021 -> 0.0102
82084,4 fw Controll.static GIPNIMALPEG          0.2085 -> 0.5877
82084,4 fw Controll.static NAKNALFCOIF           93.15 -> 93.45
82084,4 fw Controll.static IGLCENGMMMJ         43.7768 -> 43.9268
82095,3 fw player          LNIDBHIAJJI              28 -> 29
82095,3 fw player          ACAIGMNLLEC              53 -> 63
82110,0 fw Controll.static GIPNIMALPEG          0.5877 -> 0.0984
82124,4 fw player          LNIDBHIAJJI              29 -> 30
82124,4 fw Controll.static MKFDGFOCKNO          81.788 -> 81.838
82124,4 fw Controll.static LEKCBKLAILO          81.838 -> 81.888
82124,4 fw Controll.static OFJKHAFJIMA          0.0102 -> 0.0046
82131,3 fw player          ACAIGMNLLEC              63 -> 65
82131,3 fw Controll.static MNHBPCOOMLE         1431972 -> 1432236
82131,3 fw Controll.static GIPNIMALPEG          0.0984 -> 0.5259
82137,8 fw Controll.static GLGCAOADGMN               0 -> 1
82137,9 fw Controll        MJPKOOHJOPA         76.8852 -> 77.1499
82151,0 fw Controll.static GIPNIMALPEG          0.5259 -> 0.9193
82164,9 fw Controll.static MKFDGFOCKNO          81.838 -> 81.888
82164,9 fw Controll.static LEKCBKLAILO          81.888 -> 81.938
82164,9 fw Controll.static OFJKHAFJIMA          0.0046 -> 0.007
82179,4 fw Controll.static GIPNIMALPEG          0.9193 -> 0.4858
82196,4 fw player          ACAIGMNLLEC              65 -> 66
82196,4 fw Controll.static GLGCAOADGMN               1 -> 0
82198,8 fw Controll.static GIPNIMALPEG          0.4858 -> 0.8761
82212,7 fw Controll.static NAKNALFCOIF           93.45 -> 93.75
82212,7 fw Controll.static IGLCENGMMMJ         43.9268 -> 44.0768
82215,5 fw Controll.static MKFDGFOCKNO          81.888 -> 81.938
82215,5 fw Controll.static LEKCBKLAILO          81.938 -> 81.9881
82215,6 fw Controll.static OFJKHAFJIMA           0.007 -> 0.0074
82229,0 fw Controll.static GIPNIMALPEG          0.8761 -> 0.4788
82249,2 fw player          HEADELMLILF               1 -> 0
82249,3 fw Controll.static GIPNIMALPEG          0.4788 -> 0.8842
82265,2 fw Controll.static MKFDGFOCKNO          81.938 -> 81.9881
82265,2 fw Controll.static LEKCBKLAILO         81.9881 -> 82.0381
82265,2 fw Controll.static OFJKHAFJIMA          0.0074 -> 0.0073
82279,3 fw Controll.static GIPNIMALPEG          0.8842 -> 0.4846
82298,4 fw Controll.static GIPNIMALPEG          0.4846 -> 0.8662
82310,3 fw Controll.static NAKNALFCOIF           93.75 -> 93.6
82310,3 fw Controll.static IGLCENGMMMJ         44.0768 -> 44.5268
82314,7 fw Controll.static MKFDGFOCKNO         81.9881 -> 82.0381
82314,7 fw Controll.static LEKCBKLAILO         82.0381 -> 82.0881
82314,7 fw Controll.static OFJKHAFJIMA          0.0073 -> 0.0051
82329,5 fw Controll.static GIPNIMALPEG          0.8662 -> 0.4888
82329,5 fw Controll.static NAKNALFCOIF            93.6 -> 93.15
82329,5 fw Controll.static IGLCENGMMMJ         44.5268 -> 45.1269
82337,3 fw Controll.static BFEOOOMMGLK               0 -> 1
82337,3 fw Controll.static GLGCAOADGMN               0 -> 1
82337,4 fw Controll        MJPKOOHJOPA         77.1499 -> 77.3568
82347,6 fw Controll.static MNHBPCOOMLE         1432236 -> 1432442
82350,8 fw Controll.static GIPNIMALPEG          0.4888 -> 0.9158
82350,8 fw Controll.static NAKNALFCOIF           93.15 -> 92.85
82350,9 fw Controll.static IGLCENGMMMJ         45.1269 -> 45.5769
82362,4 fw Controll.static BFEOOOMMGLK               1 -> 0
82362,4 fw Controll.static GLGCAOADGMN               1 -> 0
82366,1 fw Controll.static MKFDGFOCKNO         82.0381 -> 82.0881
82366,1 fw Controll.static LEKCBKLAILO         82.0881 -> 82.1381
82366,1 fw Controll.static OFJKHAFJIMA          0.0051 -> 0.0071
82377,7 fw Controll.static GIPNIMALPEG          0.9158 -> 0.4525
82377,7 fw Controll.static NAKNALFCOIF           92.85 -> 92.7
82377,7 fw Controll.static IGLCENGMMMJ         45.5769 -> 45.7269
82397,9 fw Controll.static GIPNIMALPEG          0.4525 -> 0.8576
82398,0 fw Controll.static NAKNALFCOIF            92.7 -> 92.55
82414,8 fw Controll.static MKFDGFOCKNO         82.0881 -> 82.1381
82414,9 fw Controll.static LEKCBKLAILO         82.1381 -> 82.1881
82414,9 fw Controll.static OFJKHAFJIMA          0.0071 -> 0.0063
82426,1 fw Controll.static GIPNIMALPEG          0.8576 -> 0.42
82451,1 fw player          LNIDBHIAJJI              30 -> 31
82451,1 fw Controll.static GIPNIMALPEG            0.42 -> 0.9205
82451,1 fw Controll.static NAKNALFCOIF           92.55 -> 91.95
82454,5 fw Controll.static IGLCENGMMMJ         45.7269 -> 46.1769
82466,8 fw Controll.static MKFDGFOCKNO         82.1381 -> 82.1881
82466,8 fw Controll.static LEKCBKLAILO         82.1881 -> 82.2381
82466,8 fw Controll.static OFJKHAFJIMA          0.0063 -> 0.0115
82470,2 fw Controll.static GIPNIMALPEG          0.9205 -> 0.3031
82482,4 fw Controll.static NAKNALFCOIF           91.95 -> 91.35
82482,4 fw Controll.static IGLCENGMMMJ         46.1769 -> 46.7769
82496,8 fw player          ACAIGMNLLEC              66 -> 65
82496,8 fw player          HEADELMLILF               0 -> 1
82496,8 fw Controll.static GIPNIMALPEG          0.3031 -> 0.8351
82502,1 fw Controll.static NAKNALFCOIF           91.35 -> 91.2
82502,1 fw Controll.static IGLCENGMMMJ         46.7769 -> 46.9269
82511,0 fw Controll.static MKFDGFOCKNO         82.1881 -> 82.2381
82511,0 fw Controll.static LEKCBKLAILO         82.2381 -> 82.2881
82511,0 fw Controll.static OFJKHAFJIMA          0.0115 -> 0.0057
82515,7 fw player          HEADELMLILF               1 -> 0
82515,8 fw Controll.static GIPNIMALPEG          0.8351 -> 0.2136
82538,3 fw Controll.static GIPNIMALPEG          0.2136 -> 0.6632
82548,7 fw Controll.static BFEOOOMMGLK               0 -> 1
82548,7 fw Controll        MJPKOOHJOPA         77.3568 -> 77.5656
82552,3 fw Controll.static GLGCAOADGMN               0 -> 1
82563,7 fw Controll.static MNHBPCOOMLE         1432442 -> 1432654
82563,7 fw Controll.static GIPNIMALPEG          0.6632 -> 0.1722
82577,2 fw Controll.static BFEOOOMMGLK               1 -> 0
82577,2 fw Controll.static MKFDGFOCKNO         82.2381 -> 82.2881
82577,2 fw Controll.static LEKCBKLAILO         82.2881 -> 82.3381
82577,2 fw Controll.static OFJKHAFJIMA          0.0057 -> 0.0084
82583,0 fw Controll.static GIPNIMALPEG          0.1722 -> 0.5576
82590,8 fw player          LNIDBHIAJJI              31 -> 32
82612,3 fw Controll.static GIPNIMALPEG          0.5576 -> 0.1431
82612,3 fw Controll.static NAKNALFCOIF            91.2 -> 91.05
82612,3 fw Controll.static IGLCENGMMMJ         46.9269 -> 47.0769
82618,5 fw Controll.static MKFDGFOCKNO         82.2881 -> 82.3381
82618,5 fw Controll.static LEKCBKLAILO         82.3381 -> 82.3881
82629,3 # net: TcpClient.Connected = True
82629,4 fw Controll.static OFJKHAFJIMA          0.0084 -> 0.0069
82632,9 fw Controll.static GIPNIMALPEG          0.1431 -> 0.5552
82632,9 fw Controll.static IGLCENGMMMJ         47.0769 -> 47.2269
82645,0 fw player          HEADELMLILF               0 -> 1
82645,1 fw Controll.static GLGCAOADGMN               1 -> 0
82661,3 fw player          ACAIGMNLLEC              65 -> 64
82661,4 fw Controll.static GIPNIMALPEG          0.5552 -> 0.1241
82664,6 fw Controll.static JELGPAKAJPE              94 -> 98
82664,6 fw Controll.static EENJPDHGGGC         81.3934 -> 82.3946
82677,1 fw Controll.static MKFDGFOCKNO         82.3381 -> 82.3881
82677,1 fw Controll.static LEKCBKLAILO         82.3881 -> 82.4381
82677,1 fw Controll.static OFJKHAFJIMA          0.0069 -> 0.0061
82681,2 fw Controll.static GIPNIMALPEG          0.1241 -> 0.5219
82692,1 fw player          HEADELMLILF               1 -> 0
82692,1 fw Controll.static DGNDKAKOEPD         1431566 -> 1432567
82692,1 fw Controll.static BEJBLGGGOCC       339011817 -> 339012818
82706,1 fw Controll.static GIPNIMALPEG          0.5219 -> 0.0189
82720,9 fw Controll.static MKFDGFOCKNO         82.3881 -> 82.4381
82720,9 fw Controll.static LEKCBKLAILO         82.4381 -> 82.4881
82720,9 fw Controll.static OFJKHAFJIMA          0.0061 -> 0.0008
82727,3 fw Controll.static GIPNIMALPEG          0.0189 -> 0.4427
82749,6 fw Controll.static GIPNIMALPEG          0.4427 -> 0.8891
82764,1 fw Controll.static MKFDGFOCKNO         82.4381 -> 82.4881
82764,1 fw Controll.static LEKCBKLAILO         82.4881 -> 82.5381
82764,1 fw Controll.static OFJKHAFJIMA          0.0008 -> 0.0087
82767,5 fw Controll.static GIPNIMALPEG          0.8891 -> 0.2471
82793,5 fw Controll.static GIPNIMALPEG          0.2471 -> 0.767
82808,3 fw Controll.static MKFDGFOCKNO         82.4881 -> 82.5381
82808,3 fw Controll.static LEKCBKLAILO         82.5381 -> 82.5881
82808,3 fw Controll.static OFJKHAFJIMA          0.0087 -> 0.0027
82813,2 fw Controll.static GIPNIMALPEG           0.767 -> 0.1617
82839,1 fw Controll.static MNHBPCOOMLE         1432654 -> 1432944
82839,1 fw Controll.static GIPNIMALPEG          0.1617 -> 0.6776
82839,1 fw Controll        MJPKOOHJOPA         77.5656 -> 77.8573
82854,9 fw Controll.static GLGCAOADGMN               0 -> 1
82863,0 fw Controll.static GIPNIMALPEG          0.6776 -> 0.1556
82876,8 fw Controll.static MKFDGFOCKNO         82.5381 -> 82.5882
82876,8 fw Controll.static LEKCBKLAILO         82.5881 -> 82.6382
82876,8 fw Controll.static OFJKHAFJIMA          0.0027 -> 0.0076
82892,7 fw player          LNIDBHIAJJI              32 -> 33
82892,7 fw Controll.static GIPNIMALPEG          0.1556 -> 0.7514
82897,4 fw Controll.static GLGCAOADGMN               1 -> 0
82907,6 fw Controll.static OFJKHAFJIMA          0.0076 -> 0.0021
82912,1 fw Controll.static GIPNIMALPEG          0.7514 -> 0.1391
82927,3 fw Controll.static MKFDGFOCKNO         82.5882 -> 82.6382
82927,3 fw Controll.static LEKCBKLAILO         82.6382 -> 82.6882
82935,3 fw Controll.static GIPNIMALPEG          0.1391 -> 0.6033
82956,4 fw Controll.static GIPNIMALPEG          0.6033 -> 0.0248
82969,8 fw Controll.static MKFDGFOCKNO         82.6382 -> 82.6882
82969,8 fw Controll.static LEKCBKLAILO         82.6882 -> 82.7382
82969,8 fw Controll.static OFJKHAFJIMA          0.0021 -> 0.0011
82978,7 fw Controll.static GIPNIMALPEG          0.0248 -> 0.4695
82996,4 fw Controll.static GIPNIMALPEG          0.4695 -> 0.8248
83011,6 fw Controll.static MKFDGFOCKNO         82.6882 -> 82.7382
83011,6 fw Controll.static LEKCBKLAILO         82.7382 -> 82.7882
83011,6 fw Controll.static OFJKHAFJIMA          0.0011 -> 0.0003
83018,9 fw Controll.static GIPNIMALPEG          0.8248 -> 0.2747
83027,1 fw player          LNIDBHIAJJI              33 -> 32
83042,3 fw Controll.static MNHBPCOOMLE         1432944 -> 1433147
83042,3 fw Controll.static GIPNIMALPEG          0.2747 -> 0.7417
83042,3 fw Controll        MJPKOOHJOPA         77.8573 -> 78.0601
83046,8 fw Controll.static IGLCENGMMMJ         47.2269 -> 47.3769
83058,4 fw Controll.static MKFDGFOCKNO         82.7382 -> 82.7882
83058,4 fw Controll.static LEKCBKLAILO         82.7882 -> 82.8382
83058,4 fw Controll.static OFJKHAFJIMA          0.0003 -> 0.003
83062,9 fw Controll.static GIPNIMALPEG          0.7417 -> 0.1537
83072,3 fw Controll.static NAKNALFCOIF           91.05 -> 91.2
83072,3 fw Controll.static IGLCENGMMMJ         47.3769 -> 47.5269
83087,8 fw Controll.static GIPNIMALPEG          0.1537 -> 0.6519
83109,6 fw Controll.static GIPNIMALPEG          0.6519 -> 0.0881
83123,6 fw Controll.static MKFDGFOCKNO         82.7882 -> 82.8382
83123,6 fw Controll.static LEKCBKLAILO         82.8382 -> 82.8882
83123,6 fw Controll.static OFJKHAFJIMA           0.003 -> 0.0042
83130,0 fw Controll.static GIPNIMALPEG          0.0881 -> 0.4966
83136,8 fw player          LNIDBHIAJJI              32 -> 33
83159,4 fw Controll.static GIPNIMALPEG          0.4966 -> 0.0846
83164,8 fw Controll.static MKFDGFOCKNO         82.8382 -> 82.8882
83164,8 fw Controll.static LEKCBKLAILO         82.8882 -> 82.9382
83172,6 fw Controll.static OFJKHAFJIMA          0.0042 -> 0.004
83178,6 fw Controll.static GIPNIMALPEG          0.0846 -> 0.4682
83178,6 fw Controll.static NAKNALFCOIF            91.2 -> 91.35
83178,6 fw Controll.static IGLCENGMMMJ         47.5269 -> 47.6769
83201,1 fw Controll.static GIPNIMALPEG          0.4682 -> 0.9171
83215,1 fw Controll.static MKFDGFOCKNO         82.8882 -> 82.9382
83215,1 fw Controll.static LEKCBKLAILO         82.9382 -> 82.9882
83215,1 fw Controll.static OFJKHAFJIMA           0.004 -> 0.0053
83228,0 fw Controll.static GIPNIMALPEG          0.9171 -> 0.454
83247,5 fw Controll.static GIPNIMALPEG           0.454 -> 0.8453
83263,7 fw Controll.static MKFDGFOCKNO         82.9382 -> 82.9882
83263,7 fw Controll.static LEKCBKLAILO         82.9882 -> 83.0382
83263,7 fw Controll.static OFJKHAFJIMA          0.0053 -> 0.0042
83278,3 fw Controll.static MNHBPCOOMLE         1433147 -> 1433382
83278,3 fw Controll.static GIPNIMALPEG          0.8453 -> 0.4612
83278,3 fw Controll        MJPKOOHJOPA         78.0601 -> 78.2954
83281,8 fw player          LNIDBHIAJJI              33 -> 32
83281,8 fw Controll.static GLGCAOADGMN               0 -> 1
83296,8 fw Controll.static GIPNIMALPEG          0.4612 -> 0.832
83311,9 fw Controll.static MKFDGFOCKNO         82.9882 -> 83.0382
83311,9 fw Controll.static LEKCBKLAILO         83.0382 -> 83.0882
83311,9 fw Controll.static OFJKHAFJIMA          0.0042 -> 0.0008
83319,9 fw Controll.static GIPNIMALPEG           0.832 -> 0.2918
83334,4 fw Controll.static GLGCAOADGMN               1 -> 0
83334,4 fw Controll        KOPOBDGHLFL               0 -> 1
83334,4 fw Controll        CLEHDNFKJPB         60.4751 -> 78.3032
83343,1 fw Controll.static GIPNIMALPEG          0.2918 -> 0.758
83346,6 fw player          LNIDBHIAJJI              32 -> 33
83358,8 fw Controll.static MKFDGFOCKNO         83.0382 -> 83.0882
83358,9 fw Controll.static LEKCBKLAILO         83.0882 -> 83.1382
83358,9 fw Controll.static OFJKHAFJIMA          0.0008 -> 0.0034
83362,4 fw Controll.static GIPNIMALPEG           0.758 -> 0.1426
83385,8 fw Controll.static GIPNIMALPEG          0.1426 -> 0.6112
83406,4 fw Controll.static GIPNIMALPEG          0.6112 -> 0.0224
83419,4 fw Controll.static MKFDGFOCKNO         83.0882 -> 83.1382
83419,4 fw Controll.static LEKCBKLAILO         83.1382 -> 83.1882
83419,4 fw Controll.static OFJKHAFJIMA          0.0034 -> 0.0008
83433,6 fw Controll.static GIPNIMALPEG          0.0224 -> 0.5663
83458,6 fw Controll.static GIPNIMALPEG          0.5663 -> 0.0666
83473,4 fw Controll.static MKFDGFOCKNO         83.1382 -> 83.1883
83473,4 fw Controll.static LEKCBKLAILO         83.1882 -> 83.2383
83473,4 fw Controll.static OFJKHAFJIMA          0.0008 -> 0.0031
83478,3 fw Controll.static GIPNIMALPEG          0.0666 -> 0.4612
83498,9 fw Controll.static GIPNIMALPEG          0.4612 -> 0.8735
83511,7 fw Controll.static MKFDGFOCKNO         83.1883 -> 83.2383
83511,7 fw Controll.static LEKCBKLAILO         83.2383 -> 83.2883
83522,1 fw Controll.static GIPNIMALPEG          0.8735 -> 0.3352
83542,8 fw Controll.static MNHBPCOOMLE         1433382 -> 1433698
83542,8 fw Controll.static GIPNIMALPEG          0.3352 -> 0.7507
83546,2 fw Controll.static GLGCAOADGMN               0 -> 1
83557,7 fw Controll.static MKFDGFOCKNO         83.2383 -> 83.2883
83557,7 fw Controll.static LEKCBKLAILO         83.2883 -> 83.3383
83557,7 fw Controll.static OFJKHAFJIMA          0.0031 -> 0.0022
83562,7 fw Controll.static GIPNIMALPEG          0.7507 -> 0.1473
83584,1 fw Controll.static JADIDAJFOGK            0.42 -> 0.45
83584,1 fw Controll.static GIPNIMALPEG          0.1473 -> 0.5772
83584,2 fw Controll        KOPOBDGHLFL               1 -> 0
83591,5 fw Controll.static IGLCENGMMMJ         47.6769 -> 47.8269
83591,5 fw Controll.static DJACNOGOCKD               0 -> 1
83598,5 fw Controll.static FBINCNDDPAO         72.5203 -> 78.3033
83605,6 fw Controll.static ILGHFLMKMCO         73.9575 -> 80.3033
83605,6 fw Controll.static GIPNIMALPEG          0.5772 -> 0.0068
83612,2 fw Controll.static NAKNALFCOIF           91.35 -> 91.05
83612,2 fw Controll.static IGLCENGMMMJ         47.8269 -> 48.2769
83612,2 fw Controll        KOPOBDGHLFL               0 -> 1
83612,2 fw Controll        CLEHDNFKJPB         78.3032 -> 78.5807
83618,2 fw Controll.static GLGCAOADGMN               1 -> 0
83618,2 fw Controll.static MKFDGFOCKNO         83.2883 -> 83.3383
83618,2 fw Controll.static LEKCBKLAILO         83.3383 -> 83.3883
83618,2 fw Controll.static OFJKHAFJIMA          0.0022 -> 0.0001
83626,4 fw Controll.static GIPNIMALPEG          0.0068 -> 0.4211
83644,9 fw Controll.static GIPNIMALPEG          0.4211 -> 0.7929
83661,2 fw Controll.static MKFDGFOCKNO         83.3383 -> 83.3883
83661,2 fw Controll.static LEKCBKLAILO         83.3883 -> 83.4383
83661,2 fw Controll.static OFJKHAFJIMA          0.0001 -> 0.0057
83668,3 fw Controll.static GIPNIMALPEG          0.7929 -> 0.2596
83675,7 fw Controll.static DGNDKAKOEPD         1432567 -> 1433567
83675,7 fw Controll.static BEJBLGGGOCC       339012818 -> 339013807
83675,7 fw Controll.static JELGPAKAJPE              98 -> 104
83675,7 fw Controll.static EENJPDHGGGC         82.3946 -> 83.3943
83695,6 fw Controll.static GIPNIMALPEG          0.2596 -> 0.8061
83709,4 fw Controll.static OFJKHAFJIMA          0.0057 -> 0.0039
83718,6 fw Controll.static GIPNIMALPEG          0.8061 -> 0.2668
83731,4 fw Controll.static MKFDGFOCKNO         83.3883 -> 83.4383
83731,4 fw Controll.static LEKCBKLAILO         83.4383 -> 83.4883
83741,3 fw Controll.static GIPNIMALPEG          0.2668 -> 0.7194
83760,9 fw Controll.static GIPNIMALPEG          0.7194 -> 0.1119
83774,5 fw Controll.static MKFDGFOCKNO         83.4383 -> 83.4883
83774,5 fw Controll.static LEKCBKLAILO         83.4883 -> 83.5383
83774,5 fw Controll.static OFJKHAFJIMA          0.0039 -> 0.0054
83780,6 fw Controll.static GIPNIMALPEG          0.1119 -> 0.5052
83791,0 fw player          LNIDBHIAJJI              33 -> 34
83804,1 fw Controll.static GIPNIMALPEG          0.5052 -> 0.9748
83817,0 fw Controll.static MKFDGFOCKNO         83.4883 -> 83.5383
83817,0 fw Controll.static LEKCBKLAILO         83.5383 -> 83.5883
83817,0 fw Controll.static OFJKHAFJIMA          0.0054 -> 0.0039
83824,6 fw Controll.static GIPNIMALPEG          0.9748 -> 0.386
83843,8 fw Controll.static GIPNIMALPEG           0.386 -> 0.7685
83857,7 fw Controll.static MKFDGFOCKNO         83.5383 -> 83.5883
83857,7 fw Controll.static LEKCBKLAILO         83.5883 -> 83.6383
83857,7 fw Controll.static OFJKHAFJIMA          0.0039 -> 0.0022
83862,8 fw Controll.static GIPNIMALPEG          0.7685 -> 0.1481
83871,0 fw Controll        KOPOBDGHLFL               1 -> 0
83885,2 fw Controll.static GIPNIMALPEG          0.1481 -> 0.5963
83907,6 fw Controll.static GIPNIMALPEG          0.5963 -> 0.0448
83921,0 fw Controll.static MKFDGFOCKNO         83.5883 -> 83.6384
83921,0 fw Controll.static LEKCBKLAILO         83.6383 -> 83.6884
83926,3 fw Controll.static GIPNIMALPEG          0.0448 -> 0.4188
83957,5 fw Controll.static GIPNIMALPEG          0.4188 -> 0.0414
83957,5 fw Controll.static NAKNALFCOIF           91.05 -> 90.75
83957,5 fw Controll.static IGLCENGMMMJ         48.2769 -> 48.1269
83960,8 fw Controll.static MKFDGFOCKNO         83.6384 -> 83.6884
83960,8 fw Controll.static LEKCBKLAILO         83.6884 -> 83.7384
83970,6 fw Controll.static OFJKHAFJIMA          0.0022 -> 0.0019
83976,6 fw Controll.static GIPNIMALPEG          0.0414 -> 0.4246
83976,6 fw Controll.static NAKNALFCOIF           90.75 -> 90.6
83976,6 fw Controll.static IGLCENGMMMJ         48.1269 -> 47.9769
83996,4 fw Controll.static GIPNIMALPEG          0.4246 -> 0.8207
83996,4 fw Controll.static NAKNALFCOIF            90.6 -> 90.45
83996,4 fw Controll.static IGLCENGMMMJ         47.9769 -> 47.8269
84010,4 fw Controll.static MKFDGFOCKNO         83.6884 -> 83.7384
84010,4 fw Controll.static LEKCBKLAILO         83.7384 -> 83.7884
84010,4 fw Controll.static OFJKHAFJIMA          0.0019 -> 0.0048
84018,6 fw Controll.static GIPNIMALPEG          0.8207 -> 0.2645
84018,6 fw Controll.static NAKNALFCOIF           90.45 -> 89.7
84018,6 fw Controll.static IGLCENGMMMJ         47.8269 -> 47.5269
84039,9 fw Controll.static GIPNIMALPEG          0.2645 -> 0.6902
84039,9 fw Controll.static NAKNALFCOIF            89.7 -> 89.4
84039,9 fw Controll.static IGLCENGMMMJ         47.5269 -> 47.3769
84059,6 fw Controll.static GIPNIMALPEG          0.6902 -> 0.0845
84059,6 fw Controll.static NAKNALFCOIF            89.4 -> 88.95
84067,6 fw Controll.static IGLCENGMMMJ         47.3769 -> 46.9268
84074,7 fw Controll.static MKFDGFOCKNO         83.7384 -> 83.7884
84074,7 fw Controll.static LEKCBKLAILO         83.7884 -> 83.8384
84074,7 fw Controll.static OFJKHAFJIMA          0.0048 -> 0.004
84082,2 fw Controll.static GIPNIMALPEG          0.0845 -> 0.5361
84087,3 fw Controll.static NAKNALFCOIF           88.95 -> 88.35
84087,3 fw Controll.static IGLCENGMMMJ         46.9268 -> 46.7768
84101,6 fw Controll.static GIPNIMALPEG          0.5361 -> 0.9242
84112,2 fw Controll.static NAKNALFCOIF           88.35 -> 87.45
84112,2 fw Controll.static IGLCENGMMMJ         46.7768 -> 46.3268
84115,9 fw Controll.static MKFDGFOCKNO         83.7884 -> 83.8384
84115,9 fw Controll.static LEKCBKLAILO         83.8384 -> 83.8884
84115,9 fw Controll.static OFJKHAFJIMA           0.004 -> 0.0066
84127,1 fw Controll.static GIPNIMALPEG          0.9242 -> 0.4339
84131,2 fw Controll.static NAKNALFCOIF           87.45 -> 87.1499
84131,2 fw Controll.static IGLCENGMMMJ         46.3268 -> 46.0268
84146,8 fw Controll.static GIPNIMALPEG          0.4339 -> 0.8283
84156,3 fw Controll.static NAKNALFCOIF         87.1499 -> 86.5499
84156,3 fw Controll.static IGLCENGMMMJ         46.0268 -> 45.7268
84160,8 fw player          LNIDBHIAJJI              34 -> 33
84160,8 fw player          ACAIGMNLLEC              64 -> 63
84160,8 fw player          HEADELMLILF               0 -> 1
84160,8 fw Controll.static MKFDGFOCKNO         83.8384 -> 83.8884
84160,8 fw Controll.static LEKCBKLAILO         83.8884 -> 83.9384
84160,8 fw Controll.static OFJKHAFJIMA          0.0066 -> 0.0007
84174,2 fw Controll.static GIPNIMALPEG          0.8283 -> 0.3758
84177,9 fw Controll.static NAKNALFCOIF         86.5499 -> 85.7999
84177,9 fw Controll.static IGLCENGMMMJ         45.7268 -> 45.2768
84194,3 fw player          HEADELMLILF               1 -> 0
84194,3 fw Controll.static GIPNIMALPEG          0.3758 -> 0.778
84207,8 fw Controll.static NAKNALFCOIF         85.7999 -> 85.3499
84207,8 fw Controll.static IGLCENGMMMJ         45.2768 -> 44.9768
84211,5 fw Controll.static MKFDGFOCKNO         83.8884 -> 83.9384
84211,5 fw Controll.static LEKCBKLAILO         83.9384 -> 83.9884
84211,5 fw Controll.static OFJKHAFJIMA          0.0007 -> 0.0022
84226,0 fw Controll.static GIPNIMALPEG           0.778 -> 0.4116
84226,0 fw Controll.static NAKNALFCOIF         85.3499 -> 85.1999
84226,0 fw Controll.static IGLCENGMMMJ         44.9768 -> 44.8268
84243,8 fw player          LNIDBHIAJJI              33 -> 32
84243,8 fw player          ACAIGMNLLEC              63 -> 62
84254,5 fw player          HEADELMLILF               0 -> 1
84254,6 fw Controll.static GIPNIMALPEG          0.4116 -> 0.9825
84254,6 fw Controll.static NAKNALFCOIF         85.1999 -> 84.7499
84254,6 fw Controll.static IGLCENGMMMJ         44.8268 -> 44.6768
84268,5 fw Controll.static MKFDGFOCKNO         83.9384 -> 83.9884
84268,5 fw Controll.static LEKCBKLAILO         83.9884 -> 84.0384
84268,5 fw Controll.static OFJKHAFJIMA          0.0022 -> 0.0052
84275,0 fw Controll.static GIPNIMALPEG          0.9825 -> 0.3921
84275,0 fw Controll.static NAKNALFCOIF         84.7499 -> 84.4499
84275,0 fw Controll.static IGLCENGMMMJ         44.6768 -> 44.3768
84294,9 fw player          ACAIGMNLLEC              62 -> 61
84295,0 fw Controll.static GIPNIMALPEG          0.3921 -> 0.7908
84295,0 fw Controll.static NAKNALFCOIF         84.4499 -> 84.1499
84295,0 fw Controll.static IGLCENGMMMJ         44.3768 -> 44.2268
84309,8 fw Controll.static MKFDGFOCKNO         83.9884 -> 84.0384
84309,8 fw Controll.static LEKCBKLAILO         84.0384 -> 84.0884
84309,8 fw Controll.static OFJKHAFJIMA          0.0052 -> 0.0042
84317,6 fw Controll.static GIPNIMALPEG          0.7908 -> 0.2435
84325,4 fw player          LNIDBHIAJJI              32 -> 31
84325,4 fw player          ACAIGMNLLEC              61 -> 60
84338,9 fw Controll.static GIPNIMALPEG          0.2435 -> 0.6689
84338,9 fw Controll.static NAKNALFCOIF         84.1499 -> 83.9999
84346,7 fw Controll.static IGLCENGMMMJ         44.2268 -> 44.0768
84360,0 fw Controll.static GIPNIMALPEG          0.6689 -> 0.0924
84365,4 fw Controll.static NAKNALFCOIF         83.9999 -> 83.8499
84373,4 fw Controll.static MKFDGFOCKNO         84.0384 -> 84.0884
84373,4 fw Controll.static LEKCBKLAILO         84.0884 -> 84.1384
84373,4 fw Controll.static OFJKHAFJIMA          0.0042 -> 0.0044
84378,2 fw Controll.static GIPNIMALPEG          0.0924 -> 0.4551
84390,3 fw player          HEADELMLILF               1 -> 0
84390,3 fw Controll.static NAKNALFCOIF         83.8499 -> 83.6999
84390,3 fw Controll.static IGLCENGMMMJ         44.0768 -> 43.9268
84406,2 fw Controll.static GIPNIMALPEG          0.4551 -> 0.0149
84423,7 fw Controll.static MKFDGFOCKNO         84.0884 -> 84.1384
84423,7 fw Controll.static LEKCBKLAILO         84.1384 -> 84.1884
84423,7 fw Controll.static OFJKHAFJIMA          0.0044 -> 0.0006
84427,0 fw Controll.static GIPNIMALPEG          0.0149 -> 0.4308
84452,4 fw player          ACAIGMNLLEC              60 -> 59
84452,4 fw player          HEADELMLILF               0 -> 1
84452,5 fw Controll.static GIPNIMALPEG          0.4308 -> 0.9403
84466,0 fw Controll.static MKFDGFOCKNO         84.1384 -> 84.1884
84466,0 fw Controll.static LEKCBKLAILO         84.1884 -> 84.2384
84466,0 fw Controll.static OFJKHAFJIMA          0.0006 -> 0.0029
84472,6 fw Controll.static GIPNIMALPEG          0.9403 -> 0.3425
84499,8 fw player          HEADELMLILF               1 -> 0
84499,9 fw Controll.static GIPNIMALPEG          0.3425 -> 0.8883
84509,0 fw Controll.static MKFDGFOCKNO         84.1884 -> 84.2384
84509,0 fw Controll.static LEKCBKLAILO         84.2384 -> 84.2885
84513,3 fw Controll.static OFJKHAFJIMA          0.0029 -> 0.0032
84524,9 fw Controll.static GIPNIMALPEG          0.8883 -> 0.3898
84544,0 fw Controll.static GIPNIMALPEG          0.3898 -> 0.7705
84544,0 fw Controll.static NAKNALFCOIF         83.6999 -> 83.5499
84559,6 fw Controll.static MKFDGFOCKNO         84.2384 -> 84.2885
84559,6 fw Controll.static LEKCBKLAILO         84.2885 -> 84.3385
84559,6 fw Controll.static OFJKHAFJIMA          0.0032 -> 0.004
84568,6 fw Controll.static GIPNIMALPEG          0.7705 -> 0.2638
84590,5 fw Controll.static GIPNIMALPEG          0.2638 -> 0.6997
84606,3 fw Controll.static MKFDGFOCKNO         84.2885 -> 84.3385
84606,3 fw Controll.static LEKCBKLAILO         84.3385 -> 84.3885
84606,3 fw Controll.static OFJKHAFJIMA           0.004 -> 0.0006
84610,0 fw Controll.static GIPNIMALPEG          0.6997 -> 0.0895
84634,7 fw Controll.static GIPNIMALPEG          0.0895 -> 0.5853
84656,4 fw Controll.static GIPNIMALPEG          0.5853 -> 0.0184
84662,8 fw Controll.static DGNDKAKOEPD         1433567 -> 1434562
84662,8 fw Controll.static BEJBLGGGOCC       339013807 -> 339014813
84662,8 fw Controll.static JELGPAKAJPE             104 -> 97
84662,8 fw Controll.static EENJPDHGGGC         83.3943 -> 84.3896
84671,7 fw Controll.static MKFDGFOCKNO         84.3385 -> 84.3885
84671,7 fw Controll.static LEKCBKLAILO         84.3885 -> 84.4385
84671,7 fw Controll.static OFJKHAFJIMA          0.0006 -> 0.0008
84674,8 fw Controll.static GIPNIMALPEG          0.0184 -> 0.3864
84699,1 fw Controll.static GIPNIMALPEG          0.3864 -> 0.8706
84713,2 fw Controll.static MKFDGFOCKNO         84.3885 -> 84.4385
84713,2 fw Controll.static LEKCBKLAILO         84.4385 -> 84.4885
84713,2 fw Controll.static OFJKHAFJIMA          0.0008 -> 0.0012
84722,1 fw Controll.static GIPNIMALPEG          0.8706 -> 0.3327
84742,0 fw Controll.static GIPNIMALPEG          0.3327 -> 0.7296
84756,3 fw Controll.static MKFDGFOCKNO         84.4385 -> 84.4885
84756,3 fw Controll.static LEKCBKLAILO         84.4885 -> 84.5385
84756,3 fw Controll.static OFJKHAFJIMA          0.0012 -> 0.0005
84772,4 fw Controll.static GIPNIMALPEG          0.7296 -> 0.3387
84793,2 fw Controll.static GIPNIMALPEG          0.3387 -> 0.7542
84807,6 fw Controll.static MKFDGFOCKNO         84.4885 -> 84.5385
84807,6 fw Controll.static LEKCBKLAILO         84.5385 -> 84.5885
84807,6 fw Controll.static OFJKHAFJIMA          0.0005 -> 0.002
84814,6 fw Controll.static GIPNIMALPEG          0.7542 -> 0.1832
84838,7 fw Controll.static GIPNIMALPEG          0.1832 -> 0.6637
84858,4 fw Controll.static GIPNIMALPEG          0.6637 -> 0.0591
84874,2 fw Controll.static MKFDGFOCKNO         84.5385 -> 84.5885
84874,2 fw Controll.static LEKCBKLAILO         84.5885 -> 84.6385
84874,2 fw Controll.static OFJKHAFJIMA           0.002 -> 0.0028
84882,7 fw Controll.static GIPNIMALPEG          0.0591 -> 0.5436
84905,1 fw Controll.static GIPNIMALPEG          0.5436 -> 0.9919
84922,3 fw Controll.static MKFDGFOCKNO         84.5885 -> 84.6385
84922,3 fw Controll.static LEKCBKLAILO         84.6385 -> 84.6885
84922,4 fw Controll.static OFJKHAFJIMA          0.0028 -> 0.004
84925,6 fw Controll.static GIPNIMALPEG          0.9919 -> 0.4019
84956,9 fw Controll.static ILGHFLMKMCO         80.3033 -> 79.7578
84956,9 fw Controll.static CKLMDECPAGK         74.2575 -> 80.0578
84956,9 fw Controll.static DBMGNKNGFLL               1 -> 2
84956,9 fw Controll.static OINJNFHMDFE           0.447 -> 0.4587
84956,9 fw Controll.static _JFKCDODJALP_k__BackingField            0 -> 1
84956,9 fw Controll.static GIPNIMALPEG          0.4019 -> 0.0276
84956,9 fw Controll.static JBKBOPCCIBM               0 -> 1
84971,2 fw Controll.static MKFDGFOCKNO         84.6385 -> 84.6885
84971,2 fw Controll.static LEKCBKLAILO         84.6885 -> 84.7385
84971,2 fw Controll.static OFJKHAFJIMA           0.004 -> 0.0011
84975,3 fw Controll.static GIPNIMALPEG          0.0276 -> 0.3956
84997,9 fw Controll.static GIPNIMALPEG          0.3956 -> 0.8483
85010,6 fw Controll.static MKFDGFOCKNO         84.6885 -> 84.7385
85010,6 fw Controll.static LEKCBKLAILO         84.7385 -> 84.7885
85010,6 fw Controll.static OFJKHAFJIMA          0.0011 -> 0.0004
85020,7 fw Controll.static GIPNIMALPEG          0.8483 -> 0.3037
85041,0 fw Controll.static _JFKCDODJALP_k__BackingField            1 -> 0
85047,9 fw Controll.static GIPNIMALPEG          0.3037 -> 0.8473
85047,9 fw Controll.static JBKBOPCCIBM               1 -> 0
85055,4 fw Controll.static DJACNOGOCKD               1 -> 0
85063,4 fw Controll.static OFJKHAFJIMA          0.0004 -> 0.0077
85071,2 fw Controll.static GIPNIMALPEG          0.8473 -> 0.3124
85084,7 fw Controll.static MKFDGFOCKNO         84.7385 -> 84.7885
85084,7 fw Controll.static LEKCBKLAILO         84.7885 -> 84.8385
85091,4 fw Controll.static GIPNIMALPEG          0.3124 -> 0.718
85107,4 fw Controll.static MKFDGFOCKNO         84.7885 -> 84.8385
85107,4 fw Controll.static LEKCBKLAILO         84.8385 -> 84.8885
85107,4 fw Controll.static OFJKHAFJIMA          0.0077 -> 0.0017
85111,9 fw Controll.static GIPNIMALPEG           0.718 -> 0.1266
85136,6 fw Controll.static GIPNIMALPEG          0.1266 -> 0.6223
85156,1 fw Controll.static GIPNIMALPEG          0.6223 -> 0.0114
85170,9 fw Controll.static MKFDGFOCKNO         84.8385 -> 84.8885
85170,9 fw Controll.static LEKCBKLAILO         84.8885 -> 84.9385
85170,9 fw Controll.static OFJKHAFJIMA          0.0017 -> 0.0004
85176,8 fw Controll.static GIPNIMALPEG          0.0114 -> 0.4261
85197,7 fw Controll.static GIPNIMALPEG          0.4261 -> 0.8442
85210,6 fw Controll.static MKFDGFOCKNO         84.8885 -> 84.9385
85210,6 fw Controll.static LEKCBKLAILO         84.9385 -> 84.9885
85210,6 fw Controll.static OFJKHAFJIMA          0.0004 -> 0.0002
85220,6 fw Controll.static GIPNIMALPEG          0.8442 -> 0.3019
85241,1 fw Controll.static GIPNIMALPEG          0.3019 -> 0.7113
85258,1 fw Controll.static MKFDGFOCKNO         84.9385 -> 84.9885
85258,1 fw Controll.static LEKCBKLAILO         84.9885 -> 85.0385
85258,1 fw Controll.static OFJKHAFJIMA          0.0002 -> 0.0023
85271,0 fw Controll.static GIPNIMALPEG          0.7113 -> 0.3094
85290,7 fw Controll.static GIPNIMALPEG          0.3094 -> 0.7023
85307,2 fw Controll.static MKFDGFOCKNO         84.9885 -> 85.0385
85307,2 fw Controll.static LEKCBKLAILO         85.0385 -> 85.0885
85307,2 fw Controll.static OFJKHAFJIMA          0.0023 -> 0.0015
85323,3 fw Controll.static GIPNIMALPEG          0.7023 -> 0.3555
85342,3 fw Controll.static GIPNIMALPEG          0.3555 -> 0.7353
85357,9 fw Controll.static MKFDGFOCKNO         85.0385 -> 85.0886
85357,9 fw Controll.static LEKCBKLAILO         85.0885 -> 85.1386
85357,9 fw Controll.static OFJKHAFJIMA          0.0015 -> 0.0022
85363,7 fw Controll.static GIPNIMALPEG          0.7353 -> 0.1626
85386,7 fw Controll.static GIPNIMALPEG          0.1626 -> 0.6228
85407,9 fw Controll.static GIPNIMALPEG          0.6228 -> 0.0456
85423,9 fw Controll.static MKFDGFOCKNO         85.0886 -> 85.1386
85423,9 fw Controll.static LEKCBKLAILO         85.1386 -> 85.1886
85423,9 fw Controll.static OFJKHAFJIMA          0.0022 -> 0.002
85432,6 fw Controll.static GIPNIMALPEG          0.0456 -> 0.541
85453,3 fw Controll.static GIPNIMALPEG           0.541 -> 0.9554
85467,0 fw Controll.static MKFDGFOCKNO         85.1386 -> 85.1886
85467,0 fw Controll.static LEKCBKLAILO         85.1886 -> 85.2386
85467,0 fw Controll.static OFJKHAFJIMA           0.002 -> 0.0035
85473,5 fw Controll.static GIPNIMALPEG          0.9554 -> 0.3576
85494,0 fw Controll.static GIPNIMALPEG          0.3576 -> 0.7691
85507,1 fw Controll.static MKFDGFOCKNO         85.1886 -> 85.2386
85507,1 fw Controll.static LEKCBKLAILO         85.2386 -> 85.2886
85507,1 fw Controll.static OFJKHAFJIMA          0.0035 -> 0.0014
85516,2 fw Controll.static GIPNIMALPEG          0.7691 -> 0.2131
85537,1 fw Controll.static GIPNIMALPEG          0.2131 -> 0.631
85557,2 fw Controll.static GIPNIMALPEG           0.631 -> 0.032
85571,3 fw Controll.static MKFDGFOCKNO         85.2386 -> 85.2886
85571,3 fw Controll.static LEKCBKLAILO         85.2886 -> 85.3386
85586,6 fw Controll.static GIPNIMALPEG           0.032 -> 0.6196
85606,0 fw Controll.static GIPNIMALPEG          0.6196 -> 0.0085
85623,4 fw Controll.static MKFDGFOCKNO         85.2886 -> 85.3386
85623,4 fw Controll.static LEKCBKLAILO         85.3386 -> 85.3886
85623,4 fw Controll.static OFJKHAFJIMA          0.0014 -> 0.0002
85629,2 fw Controll.static GIPNIMALPEG          0.0085 -> 0.4731
85652,5 fw Controll.static GIPNIMALPEG          0.4731 -> 0.939
85656,9 fw Controll.static DGNDKAKOEPD         1434562 -> 1435558
85656,9 fw Controll.static BEJBLGGGOCC       339014813 -> 339015803
85656,9 fw Controll.static JELGPAKAJPE              97 -> 96
85656,9 fw Controll.static EENJPDHGGGC         84.3896 -> 85.3857
85665,7 fw Controll.static MKFDGFOCKNO         85.3386 -> 85.3886
85665,7 fw Controll.static LEKCBKLAILO         85.3886 -> 85.4386
85665,7 fw Controll.static OFJKHAFJIMA          0.0002 -> 0.0011
85671,9 fw Controll.static GIPNIMALPEG           0.939 -> 0.3254
85693,3 fw Controll.static GIPNIMALPEG          0.3254 -> 0.7545
85707,2 fw Controll.static MKFDGFOCKNO         85.3886 -> 85.4386
85707,2 fw Controll.static LEKCBKLAILO         85.4386 -> 85.4886
85707,2 fw Controll.static OFJKHAFJIMA          0.0011 -> 0.0015
85719,2 fw Controll.static GIPNIMALPEG          0.7545 -> 0.2715
85723,9 fw Controll.static BFEOOOMMGLK               0 -> 1
85723,9 fw Controll        MJPKOOHJOPA         78.2954 -> 80.7419
85731,7 fw Controll.static GLGCAOADGMN               0 -> 1
85738,5 fw Controll.static MNHBPCOOMLE         1433698 -> 1435829
85738,5 fw Controll.static GIPNIMALPEG          0.2715 -> 0.6577
85746,7 fw Controll.static NAKNALFCOIF         83.5499 -> 83.3999
85746,7 fw Controll.static BFEOOOMMGLK               1 -> 0
85759,9 fw Controll.static GIPNIMALPEG          0.6577 -> 0.0866
85770,4 fw Controll.static NAKNALFCOIF         83.3999 -> 83.2499
85773,5 fw Controll.static MKFDGFOCKNO         85.4386 -> 85.4886
85773,5 fw Controll.static LEKCBKLAILO         85.4886 -> 85.5386
85773,5 fw Controll.static OFJKHAFJIMA          0.0015 -> 0.0041
85787,8 fw Controll.static GIPNIMALPEG          0.0866 -> 0.6449
85791,0 fw Controll.static NAKNALFCOIF         83.2499 -> 83.0999
85806,5 fw Controll.static GLGCAOADGMN               1 -> 0
85806,5 fw Controll.static MKFDGFOCKNO         85.4886 -> 85.5386
85806,5 fw Controll.static LEKCBKLAILO         85.5386 -> 85.5886
85806,5 fw Controll.static OFJKHAFJIMA          0.0041 -> 0.0006
85809,5 fw Controll.static GIPNIMALPEG          0.6449 -> 0.0771
85822,2 fw Controll.static NAKNALFCOIF         83.0999 -> 82.6499
85836,0 fw Controll.static GIPNIMALPEG          0.0771 -> 0.6083
85864,9 fw Controll.static GIPNIMALPEG          0.6083 -> 0.1858
85870,9 fw Controll.static MKFDGFOCKNO         85.5386 -> 85.5886
85870,9 fw Controll.static LEKCBKLAILO         85.5886 -> 85.6386
85878,2 fw Controll.static OFJKHAFJIMA          0.0006 -> 0.001
85886,0 fw Controll.static GIPNIMALPEG          0.1858 -> 0.6077
85904,8 fw Controll.static GIPNIMALPEG          0.6077 -> 0.9841
85923,8 fw Controll.static MKFDGFOCKNO         85.5886 -> 85.6386
85923,8 fw Controll.static LEKCBKLAILO         85.6386 -> 85.6886
85923,8 fw Controll.static OFJKHAFJIMA           0.001 -> 0.0128
85923,8 fw Controll        MJPKOOHJOPA         80.7419 -> 80.9428
85935,5 fw Controll.static MNHBPCOOMLE         1435829 -> 1436029
85935,5 fw Controll.static GIPNIMALPEG          0.9841 -> 0.5966
85939,0 fw Controll.static GLGCAOADGMN               0 -> 1
85955,9 fw player          LNIDBHIAJJI              31 -> 30
85955,9 fw Controll.static GIPNIMALPEG          0.5966 -> 0.0068
85970,5 fw Controll.static GLGCAOADGMN               1 -> 0
85972,9 fw Controll.static MKFDGFOCKNO         85.6386 -> 85.6886
85972,9 fw Controll.static LEKCBKLAILO         85.6886 -> 85.7386
85972,9 fw Controll.static OFJKHAFJIMA          0.0128 -> 0.0002
85986,3 fw Controll.static GIPNIMALPEG          0.0068 -> 0.6143
85986,3 fw Controll.static NAKNALFCOIF         82.6499 -> 82.4999
85989,4 fw player          ACAIGMNLLEC              59 -> 58
85989,4 fw player          HEADELMLILF               0 -> 1
86006,1 fw Controll.static GIPNIMALPEG          0.6143 -> 0.0096
86019,0 fw Controll.static NAKNALFCOIF         82.4999 -> 82.3499
86019,0 fw Controll.static IGLCENGMMMJ         43.9268 -> 43.4768
86022,6 fw Controll.static MKFDGFOCKNO         85.6886 -> 85.7386
86022,6 fw Controll.static LEKCBKLAILO         85.7386 -> 85.7886
86022,6 fw Controll.static OFJKHAFJIMA          0.0002 -> 0.0003
86035,7 fw player          HEADELMLILF               1 -> 0
86035,7 fw Controll.static GIPNIMALPEG          0.0096 -> 0.6022
86038,9 fw Controll.static IGLCENGMMMJ         43.4768 -> 42.8768
86056,5 fw Controll.static GIPNIMALPEG          0.6022 -> 0.0178
86070,1 fw Controll.static IGLCENGMMMJ         42.8768 -> 41.8268
86076,0 fw Controll.static MKFDGFOCKNO         85.7386 -> 85.7886
86076,0 fw Controll.static LEKCBKLAILO         85.7886 -> 85.8386
86076,0 fw Controll.static OFJKHAFJIMA          0.0003 -> 0.0006
86085,6 fw Controll.static GIPNIMALPEG          0.0178 -> 0.5996
86090,6 fw Controll.static IGLCENGMMMJ         41.8268 -> 41.2268
86106,2 fw Controll.static GIPNIMALPEG          0.5996 -> 0.0102
86118,9 fw Controll.static NAKNALFCOIF         82.3499 -> 81.8999
86118,9 fw Controll.static IGLCENGMMMJ         41.2268 -> 40.4768
86122,7 fw Controll.static MKFDGFOCKNO         85.7886 -> 85.8386
86122,7 fw Controll.static LEKCBKLAILO         85.8386 -> 85.8886
86122,7 fw Controll.static OFJKHAFJIMA          0.0006 -> 0.0003
86136,3 fw Controll.static MNHBPCOOMLE         1436029 -> 1436241
86136,3 fw Controll.static GIPNIMALPEG          0.0102 -> 0.6127
86139,9 fw Controll.static NAKNALFCOIF         81.8999 -> 81.7499
86139,9 fw Controll.static IGLCENGMMMJ         40.4768 -> 39.8768
86140,0 fw Controll        MJPKOOHJOPA         80.9428 -> 81.1545
86169,1 fw Controll.static GIPNIMALPEG          0.6127 -> 0.2693
86169,1 fw Controll.static NAKNALFCOIF         81.7499 -> 81.5999
86169,1 fw Controll.static IGLCENGMMMJ         39.8768 -> 39.4268
86174,0 fw Controll.static MKFDGFOCKNO         85.8386 -> 85.8886
86174,0 fw Controll.static LEKCBKLAILO         85.8886 -> 85.9386
86186,2 fw Controll.static OFJKHAFJIMA          0.0003 -> 0.0012
86191,0 fw Controll.static GIPNIMALPEG          0.2693 -> 0.7061
86208,3 fw Controll.static MKFDGFOCKNO         85.8886 -> 85.9387
86208,3 fw Controll.static LEKCBKLAILO         85.9386 -> 85.9887
86208,3 fw Controll.static OFJKHAFJIMA          0.0012 -> 0.0025
86218,6 fw Controll.static GIPNIMALPEG          0.7061 -> 0.2587
86218,6 fw Controll.static IGLCENGMMMJ         39.4268 -> 39.2768
86239,0 fw player          LNIDBHIAJJI              30 -> 29
86239,0 fw Controll.static GIPNIMALPEG          0.2587 -> 0.6675
86239,0 fw Controll.static IGLCENGMMMJ         39.2768 -> 39.1268
86268,6 fw Controll.static GIPNIMALPEG          0.6675 -> 0.2596
86284,6 fw Controll.static MKFDGFOCKNO         85.9387 -> 85.9887
86284,6 fw Controll.static LEKCBKLAILO         85.9887 -> 86.0387
86284,6 fw Controll.static OFJKHAFJIMA          0.0025 -> 0.0128
86288,6 fw player          LNIDBHIAJJI              29 -> 28
86288,6 fw Controll.static GIPNIMALPEG          0.2596 -> 0.6581
86307,8 fw Controll.static MKFDGFOCKNO         85.9887 -> 86.0387
86307,8 fw Controll.static LEKCBKLAILO         86.0387 -> 86.0887
86307,8 fw Controll.static OFJKHAFJIMA          0.0128 -> 0.002
86317,9 fw Controll.static GIPNIMALPEG          0.6581 -> 0.2453
86338,7 fw Controll.static GIPNIMALPEG          0.2453 -> 0.6611
86350,8 fw player          LNIDBHIAJJI              28 -> 27
86369,3 fw Controll.static MNHBPCOOMLE         1436241 -> 1436474
86369,3 fw Controll.static GIPNIMALPEG          0.6611 -> 0.2731
86372,2 fw Controll        MJPKOOHJOPA         81.1545 -> 81.3871
86384,6 fw Controll.static GLGCAOADGMN               0 -> 1
86384,7 fw Controll.static MKFDGFOCKNO         86.0387 -> 86.0887
86384,7 fw Controll.static LEKCBKLAILO         86.0887 -> 86.1387
86384,7 fw Controll.static OFJKHAFJIMA           0.002 -> 0.0136
86389,0 fw Controll.static GIPNIMALPEG          0.2731 -> 0.666
86417,0 fw Controll.static GIPNIMALPEG           0.666 -> 0.227
86433,8 fw Controll.static MKFDGFOCKNO         86.0887 -> 86.1387
86433,8 fw Controll.static LEKCBKLAILO         86.1387 -> 86.1887
86433,8 fw Controll.static OFJKHAFJIMA          0.0136 -> 0.0112
86438,6 fw Controll.static GIPNIMALPEG           0.227 -> 0.6579
86472,2 fw Controll.static GIPNIMALPEG          0.6579 -> 0.3312
86484,8 fw Controll.static GLGCAOADGMN               1 -> 0
86484,8 fw Controll.static MKFDGFOCKNO         86.1387 -> 86.1887
86484,8 fw Controll.static LEKCBKLAILO         86.1887 -> 86.2387
86489,8 fw Controll.static OFJKHAFJIMA          0.0112 -> 0.0137
86500,9 fw Controll.static GIPNIMALPEG          0.3312 -> 0.9051
86516,8 fw Controll.static MKFDGFOCKNO         86.1887 -> 86.2387
86516,8 fw Controll.static LEKCBKLAILO         86.2387 -> 86.2887
86516,8 fw Controll.static OFJKHAFJIMA          0.0137 -> 0.0109
86523,7 fw Controll.static GIPNIMALPEG          0.9051 -> 0.36
86523,7 fw Controll.static NAKNALFCOIF         81.5999 -> 81.7499
86523,7 fw Controll.static IGLCENGMMMJ         39.1268 -> 38.9768
86550,6 fw Controll.static GIPNIMALPEG            0.36 -> 0.8988
86550,6 fw Controll.static NAKNALFCOIF         81.7499 -> 82.0499
86550,7 fw Controll.static IGLCENGMMMJ         38.9768 -> 39.1268
86569,5 fw Controll.static MKFDGFOCKNO         86.2387 -> 86.2887
86569,5 fw Controll.static LEKCBKLAILO         86.2887 -> 86.3387
86569,5 fw Controll.static OFJKHAFJIMA          0.0109 -> 0.0137
86569,5 fw Controll        MJPKOOHJOPA         81.3871 -> 81.5866
86573,9 fw Controll.static MNHBPCOOMLE         1436474 -> 1436674
86573,9 fw Controll.static GIPNIMALPEG          0.8988 -> 0.3634
86573,9 fw Controll.static NAKNALFCOIF         82.0499 -> 82.3499
86573,9 fw Controll.static IGLCENGMMMJ         39.1268 -> 39.4268
86586,0 fw Controll.static GLGCAOADGMN               0 -> 1
86601,1 fw Controll.static GIPNIMALPEG          0.3634 -> 0.9071
86601,1 fw Controll.static NAKNALFCOIF         82.3499 -> 83.0999
86606,2 fw Controll.static IGLCENGMMMJ         39.4268 -> 39.7268
86617,1 fw Controll.static MKFDGFOCKNO         86.2887 -> 86.3387
86617,1 fw Controll.static LEKCBKLAILO         86.3387 -> 86.3887
86617,1 fw Controll.static OFJKHAFJIMA          0.0137 -> 0.0003
86622,6 fw Controll.static GIPNIMALPEG          0.9071 -> 0.3385
86635,3 fw Controll.static NAKNALFCOIF         83.0999 -> 84.4499
86635,3 fw Controll.static IGLCENGMMMJ         39.7268 -> 39.8768
86637,8 fw Controll.static GLGCAOADGMN               1 -> 0
86651,5 fw player          LNIDBHIAJJI              27 -> 26
86651,6 fw Controll.static GIPNIMALPEG          0.3385 -> 0.917
86654,8 fw Controll.static NAKNALFCOIF         84.4499 -> 84.7499
86667,9 fw Controll.static MKFDGFOCKNO         86.3387 -> 86.3887
86667,9 fw Controll.static LEKCBKLAILO         86.3887 -> 86.4387
86667,9 fw Controll.static OFJKHAFJIMA          0.0003 -> 0.012
86673,1 fw Controll.static GIPNIMALPEG           0.917 -> 0.3477
86684,0 fw player          LNIDBHIAJJI              26 -> 27
86684,0 fw Controll.static NAKNALFCOIF         84.7499 -> 85.0499
86699,8 fw Controll.static GIPNIMALPEG          0.3477 -> 0.8817
86706,0 fw Controll.static DGNDKAKOEPD         1435558 -> 1436605
86706,0 fw Controll.static BEJBLGGGOCC       339015803 -> 339016818
86706,0 fw Controll.static JELGPAKAJPE              96 -> 131
86706,0 fw Controll.static EENJPDHGGGC         85.3857 -> 86.4331
86715,7 fw Controll.static MKFDGFOCKNO         86.3887 -> 86.4387
86715,7 fw Controll.static LEKCBKLAILO         86.4387 -> 86.4887
86715,7 fw Controll.static OFJKHAFJIMA           0.012 -> 0.0001
86721,4 fw Controll.static GIPNIMALPEG          0.8817 -> 0.3132
86731,2 fw Controll.static NAKNALFCOIF         85.0499 -> 85.4999
86731,2 fw Controll.static IGLCENGMMMJ         39.8768 -> 40.1768
86746,6 fw Controll.static GIPNIMALPEG          0.3132 -> 0.8167
86754,1 fw Controll.static NAKNALFCOIF         85.4999 -> 85.7999
86759,0 fw Controll.static MKFDGFOCKNO         86.4387 -> 86.4887
86759,0 fw Controll.static LEKCBKLAILO         86.4887 -> 86.5387
86759,0 fw Controll.static OFJKHAFJIMA          0.0001 -> 0.0032
86773,2 fw Controll.static GIPNIMALPEG          0.8167 -> 0.3503
86773,3 fw Controll.static NAKNALFCOIF         85.7999 -> 86.0999
86799,6 fw Controll.static GIPNIMALPEG          0.3503 -> 0.8759
86799,6 fw Controll.static NAKNALFCOIF         86.0999 -> 86.2499
86813,1 fw player          ACAIGMNLLEC              58 -> 59
86813,1 fw player          HEADELMLILF               0 -> 1
86813,1 fw Controll.static MKFDGFOCKNO         86.4887 -> 86.5387
86813,1 fw Controll.static LEKCBKLAILO         86.5387 -> 86.5887
86813,1 fw Controll.static OFJKHAFJIMA          0.0032 -> 0.0002
86821,3 fw Controll.static GIPNIMALPEG          0.8759 -> 0.3095
86830,0 fw Controll.static BFEOOOMMGLK               0 -> 1
86830,0 fw Controll.static GLGCAOADGMN               0 -> 1
86830,0 fw Controll        MJPKOOHJOPA         81.5866 -> 81.8478
86844,6 fw Controll.static MNHBPCOOMLE         1436674 -> 1436935
86844,6 fw Controll.static GIPNIMALPEG          0.3095 -> 0.7766
86850,8 fw Controll.static BFEOOOMMGLK               1 -> 0
86859,3 fw Controll.static MKFDGFOCKNO         86.5387 -> 86.5887
86859,3 fw Controll.static LEKCBKLAILO         86.5887 -> 86.6387
86859,3 fw Controll.static OFJKHAFJIMA          0.0002 -> 0.0034
86867,7 fw player          ACAIGMNLLEC              59 -> 60
86867,7 fw player          HEADELMLILF               1 -> 0
86867,7 fw Controll.static GIPNIMALPEG          0.7766 -> 0.2389
86887,4 fw Controll.static GIPNIMALPEG          0.2389 -> 0.6323
86887,4 fw Controll.static NAKNALFCOIF         86.2499 -> 86.5499
86901,0 fw player          LNIDBHIAJJI              27 -> 28
86901,0 fw player          ACAIGMNLLEC              60 -> 61
86901,0 fw player          HEADELMLILF               0 -> 1
86901,0 fw Controll.static IGLCENGMMMJ         40.1768 -> 40.4768
86901,0 fw Controll.static GLGCAOADGMN               1 -> 0
86917,2 fw Controll.static GIPNIMALPEG          0.6323 -> 0.2279
86921,6 fw Controll.static NAKNALFCOIF         86.5499 -> 86.8499
86921,6 fw Controll.static IGLCENGMMMJ         40.4768 -> 40.6268
86932,5 fw player          HEADELMLILF               1 -> 0
86932,5 fw Controll.static MKFDGFOCKNO         86.5887 -> 86.6388
86932,5 fw Controll.static LEKCBKLAILO         86.6387 -> 86.6888
86932,5 fw Controll.static OFJKHAFJIMA          0.0034 -> 0.0112
86936,5 fw Controll.static GIPNIMALPEG          0.2279 -> 0.6156
86966,9 fw Controll.static GIPNIMALPEG          0.6156 -> 0.2207
86983,0 fw Controll.static MKFDGFOCKNO         86.6388 -> 86.6888
86983,0 fw Controll.static LEKCBKLAILO         86.6888 -> 86.7388
86983,0 fw Controll.static OFJKHAFJIMA          0.0112 -> 0.0108
86988,2 fw Controll.static GIPNIMALPEG          0.2207 -> 0.649
87015,8 fw Controll.static GIPNIMALPEG           0.649 -> 0.2003
87032,9 fw Controll.static BFEOOOMMGLK               0 -> 1
87032,9 fw Controll.static GLGCAOADGMN               0 -> 1
87032,9 fw Controll.static MKFDGFOCKNO         86.6888 -> 86.7388
87032,9 fw Controll.static LEKCBKLAILO         86.7388 -> 86.7888
87032,9 fw Controll.static OFJKHAFJIMA          0.0108 -> 0.0098
87033,0 fw Controll        MJPKOOHJOPA         81.8478 -> 82.0517
87036,2 fw Controll.static MNHBPCOOMLE         1436935 -> 1437138
87036,2 fw Controll.static GIPNIMALPEG          0.2003 -> 0.6086
87053,3 fw Controll.static BFEOOOMMGLK               1 -> 0
87053,3 fw Controll.static GLGCAOADGMN               1 -> 0
87070,2 fw Controll.static GIPNIMALPEG          0.6086 -> 0.2882
87070,2 fw Controll.static NAKNALFCOIF         86.8499 -> 86.9999
87070,2 fw Controll.static IGLCENGMMMJ         40.6268 -> 40.7768
87082,8 fw Controll.static MKFDGFOCKNO         86.7388 -> 86.7888
87082,8 fw Controll.static LEKCBKLAILO         86.7888 -> 86.8388
87086,8 fw Controll.static OFJKHAFJIMA          0.0098 -> 0.0107
87098,8 fw Controll.static GIPNIMALPEG          0.2882 -> 0.8616
87116,8 fw Controll.static MKFDGFOCKNO         86.7888 -> 86.8388
87116,8 fw Controll.static LEKCBKLAILO         86.8388 -> 86.8888
87116,9 fw Controll.static OFJKHAFJIMA          0.0107 -> 0.0108
87119,5 fw Controll.static GIPNIMALPEG          0.8616 -> 0.2757
87146,0 fw Controll.static GIPNIMALPEG          0.2757 -> 0.8041
87160,9 fw Controll.static MKFDGFOCKNO         86.8388 -> 86.8888
87160,9 fw Controll.static LEKCBKLAILO         86.8888 -> 86.9388
87160,9 fw Controll.static OFJKHAFJIMA          0.0108 -> 0.0049
87168,4 fw Controll.static GIPNIMALPEG          0.8041 -> 0.2519
87189,0 fw Controll.static GIPNIMALPEG          0.2519 -> 0.664
87201,3 fw Controll.static IGLCENGMMMJ         40.7768 -> 40.9268
87216,4 fw Controll.static GIPNIMALPEG           0.664 -> 0.2131
87221,8 fw Controll.static NAKNALFCOIF         86.9999 -> 87.1499
87221,8 fw Controll.static IGLCENGMMMJ         40.9268 -> 41.0768
87231,9 fw Controll.static MKFDGFOCKNO         86.8888 -> 86.9388
87231,9 fw Controll.static LEKCBKLAILO         86.9388 -> 86.9888
87231,9 fw Controll.static OFJKHAFJIMA          0.0049 -> 0.0105
87235,8 fw Controll.static GIPNIMALPEG          0.2131 -> 0.6004
87265,5 fw Controll.static GIPNIMALPEG          0.6004 -> 0.1942
87283,4 fw Controll.static GLGCAOADGMN               0 -> 1
87283,4 fw Controll.static MKFDGFOCKNO         86.9388 -> 86.9888
87283,4 fw Controll.static LEKCBKLAILO         86.9888 -> 87.0388
87283,4 fw Controll.static OFJKHAFJIMA          0.0105 -> 0.0095
87283,4 fw Controll        MJPKOOHJOPA         82.0517 -> 82.3015
87286,2 fw Controll.static MNHBPCOOMLE         1437138 -> 1437388
87286,2 fw Controll.static GIPNIMALPEG          0.1942 -> 0.608
87311,4 fw Controll.static GIPNIMALPEG           0.608 -> 0.1115
87326,7 fw Controll.static MKFDGFOCKNO         86.9888 -> 87.0388
87326,7 fw Controll.static LEKCBKLAILO         87.0388 -> 87.0888
87326,7 fw Controll.static OFJKHAFJIMA          0.0095 -> 0.0054
87333,5 fw Controll.static GIPNIMALPEG          0.1115 -> 0.5544
87366,1 fw Controll.static GIPNIMALPEG          0.5544 -> 0.2055
87371,5 fw Controll.static GLGCAOADGMN               1 -> 0
87371,5 fw Controll.static MKFDGFOCKNO         87.0388 -> 87.0888
87371,5 fw Controll.static LEKCBKLAILO         87.0888 -> 87.1388
87381,6 fw Controll.static OFJKHAFJIMA          0.0054 -> 0.0019
87384,7 fw Controll.static GIPNIMALPEG          0.2055 -> 0.5772
87414,7 fw Controll.static GIPNIMALPEG          0.5772 -> 0.1779
87431,8 fw Controll.static MKFDGFOCKNO         87.0888 -> 87.1388
87431,8 fw Controll.static LEKCBKLAILO         87.1388 -> 87.1888
87431,8 fw Controll.static OFJKHAFJIMA          0.0019 -> 0.0087
87435,0 fw Controll.static GIPNIMALPEG          0.1779 -> 0.5834
87465,2 fw Controll.static GIPNIMALPEG          0.5834 -> 0.187
87481,7 fw Controll.static MKFDGFOCKNO         87.1388 -> 87.1888
87481,7 fw Controll.static LEKCBKLAILO         87.1888 -> 87.2388
87481,7 fw Controll.static OFJKHAFJIMA          0.0087 -> 0.0092
87485,8 fw Controll.static MNHBPCOOMLE         1437388 -> 1437591
87485,8 fw Controll.static GIPNIMALPEG           0.187 -> 0.5987
87485,8 fw Controll        MJPKOOHJOPA         82.3015 -> 82.5054
87497,5 fw Controll.static GLGCAOADGMN               0 -> 1
87514,2 fw Controll.static GIPNIMALPEG          0.5987 -> 0.1666
87528,4 fw Controll.static GLGCAOADGMN               1 -> 0
87528,4 fw Controll.static MKFDGFOCKNO         87.1888 -> 87.2388
87528,4 fw Controll.static LEKCBKLAILO         87.2388 -> 87.2888
87528,4 fw Controll.static OFJKHAFJIMA          0.0092 -> 0.0082
87533,9 fw Controll.static GIPNIMALPEG          0.1666 -> 0.561
87556,9 fw Controll.static GIPNIMALPEG           0.561 -> 0.0211
87570,5 fw Controll.static MKFDGFOCKNO         87.2388 -> 87.2888
87570,5 fw Controll.static LEKCBKLAILO         87.2888 -> 87.3388
87570,5 fw Controll.static OFJKHAFJIMA          0.0082 -> 0.0008
87581,9 fw Controll.static GIPNIMALPEG          0.0211 -> 0.5218
87601,9 fw Controll.static GIPNIMALPEG          0.5218 -> 0.9205
87617,5 fw Controll.static MKFDGFOCKNO         87.2888 -> 87.3388
87617,5 fw Controll.static LEKCBKLAILO         87.3388 -> 87.3888
87617,5 fw Controll.static OFJKHAFJIMA          0.0008 -> 0.0083
87630,7 # net: TcpClient.Connected = True
87630,7 fw Controll.static GIPNIMALPEG          0.9205 -> 0.4958
87664,9 fw Controll.static GIPNIMALPEG          0.4958 -> 0.1812
87664,9 fw Controll.static DGNDKAKOEPD         1436605 -> 1437553
87664,9 fw Controll.static BEJBLGGGOCC       339016818 -> 339017803
87664,9 fw Controll.static JELGPAKAJPE             131 -> 91
87664,9 fw Controll.static EENJPDHGGGC         86.4331 -> 87.381
87667,8 fw Controll.static MKFDGFOCKNO         87.3388 -> 87.3889
87667,8 fw Controll.static LEKCBKLAILO         87.3888 -> 87.4389
87681,5 fw Controll.static OFJKHAFJIMA          0.0083 -> 0.0089
87685,4 fw Controll.static GIPNIMALPEG          0.1812 -> 0.5914
87710,8 fw Controll.static GIPNIMALPEG          0.5914 -> 0.0977
87727,8 fw Controll.static MKFDGFOCKNO         87.3889 -> 87.4389
87727,8 fw Controll.static LEKCBKLAILO         87.4389 -> 87.4889
87727,8 fw Controll.static OFJKHAFJIMA          0.0089 -> 0.0047
87727,9 fw Controll        MJPKOOHJOPA         82.5054 -> 82.7456
87733,2 fw Controll.static MNHBPCOOMLE         1437591 -> 1437833
87733,2 fw Controll.static GIPNIMALPEG          0.0977 -> 0.5467
87742,1 fw Controll.static GLGCAOADGMN               0 -> 1
87756,7 fw Controll.static GIPNIMALPEG          0.5467 -> 0.0161
87771,8 fw Controll.static MKFDGFOCKNO         87.4389 -> 87.4889
87771,8 fw Controll.static LEKCBKLAILO         87.4889 -> 87.5389
87771,8 fw Controll.static OFJKHAFJIMA          0.0047 -> 0.0006
87779,9 fw Controll.static GIPNIMALPEG          0.0161 -> 0.4807
87786,5 fw Controll.static GLGCAOADGMN               1 -> 0
87786,5 fw Controll        KOPOBDGHLFL               0 -> 1
87786,5 fw Controll        CLEHDNFKJPB         78.5807 -> 82.7546
87801,1 fw Controll.static GIPNIMALPEG          0.4807 -> 0.9046
87816,6 fw Controll.static MKFDGFOCKNO         87.4889 -> 87.5389
87816,6 fw Controll.static LEKCBKLAILO         87.5389 -> 87.5889
87816,6 fw Controll.static OFJKHAFJIMA          0.0006 -> 0.0015
87822,9 fw Controll.static GIPNIMALPEG          0.9046 -> 0.3396
87847,4 fw Controll.static GIPNIMALPEG          0.3396 -> 0.8305
87864,3 fw Controll.static MKFDGFOCKNO         87.5389 -> 87.5889
87864,3 fw Controll.static LEKCBKLAILO         87.5889 -> 87.6389
87864,3 fw Controll.static OFJKHAFJIMA          0.0015 -> 0.0081
87868,7 fw Controll.static GIPNIMALPEG          0.8305 -> 0.2563
87893,1 fw Controll.static GIPNIMALPEG          0.2563 -> 0.7437
87908,0 fw Controll.static MKFDGFOCKNO         87.5889 -> 87.6389
87908,0 fw Controll.static LEKCBKLAILO         87.6389 -> 87.6889
87908,0 fw Controll.static OFJKHAFJIMA          0.0081 -> 0.002
87914,8 fw Controll.static GIPNIMALPEG          0.7437 -> 0.1782
87930,8 fw Controll.static GLGCAOADGMN               0 -> 1
87937,7 fw Controll.static MNHBPCOOMLE         1437833 -> 1438086
87948,4 fw Controll.static GIPNIMALPEG          0.1782 -> 0.8511
87952,8 fw Controll.static GLGCAOADGMN               1 -> 0
87964,2 fw Controll.static OFJKHAFJIMA           0.002 -> 0.0081
87967,5 fw Controll.static GIPNIMALPEG          0.8511 -> 0.2331
87984,8 fw Controll.static MKFDGFOCKNO         87.6389 -> 87.6889
87984,8 fw Controll.static LEKCBKLAILO         87.6889 -> 87.7389
87992,6 fw Controll.static GIPNIMALPEG          0.2331 -> 0.7334
88007,5 fw Controll.static MKFDGFOCKNO         87.6889 -> 87.7389
88007,5 fw Controll.static LEKCBKLAILO         87.7389 -> 87.7889
88007,5 fw Controll.static OFJKHAFJIMA          0.0081 -> 0.0014
88014,3 fw Controll.static GIPNIMALPEG          0.7334 -> 0.1685
88036,3 fw Controll.static GIPNIMALPEG          0.1685 -> 0.6071
88036,3 fw Controll        KOPOBDGHLFL               1 -> 0
88044,1 fw Controll.static DJACNOGOCKD               0 -> 1
88050,4 fw Controll.static FBINCNDDPAO         78.3033 -> 82.7558
88050,4 fw Controll.static ILGHFLMKMCO         79.7578 -> 84.7558
88050,4 fw Controll.static JADIDAJFOGK            0.45 -> 0.36
88059,8 fw Controll.static GIPNIMALPEG          0.6071 -> 0.0771
88073,8 fw Controll.static MKFDGFOCKNO         87.7389 -> 87.7889
88073,8 fw Controll.static LEKCBKLAILO         87.7889 -> 87.8389
88073,8 fw Controll.static OFJKHAFJIMA          0.0014 -> 0.0037
88081,7 fw Controll.static GIPNIMALPEG          0.0771 -> 0.516
88103,2 fw Controll.static GIPNIMALPEG           0.516 -> 0.9461
88115,8 fw player          LNIDBHIAJJI              28 -> 29
88115,8 fw Controll.static MKFDGFOCKNO         87.7889 -> 87.8389
88115,8 fw Controll.static LEKCBKLAILO         87.8389 -> 87.8889
88115,8 fw Controll.static OFJKHAFJIMA          0.0037 -> 0.007
88129,7 fw Controll.static GIPNIMALPEG          0.9461 -> 0.4757
88150,6 fw Controll.static GIPNIMALPEG          0.4757 -> 0.8927
88167,1 fw Controll.static MKFDGFOCKNO         87.8389 -> 87.8889
88167,1 fw Controll.static LEKCBKLAILO         87.8889 -> 87.9389
88179,3 fw Controll.static GIPNIMALPEG          0.8927 -> 0.4661
88198,8 fw Controll.static GIPNIMALPEG          0.4661 -> 0.8557
88215,5 fw Controll.static MKFDGFOCKNO         87.8889 -> 87.939
88215,5 fw Controll.static LEKCBKLAILO         87.9389 -> 87.989
88215,5 fw Controll.static OFJKHAFJIMA           0.007 -> 0.0037
88231,4 fw Controll.static GIPNIMALPEG          0.8557 -> 0.5087
88250,2 fw Controll.static GIPNIMALPEG          0.5087 -> 0.8845
88266,5 fw Controll.static MKFDGFOCKNO          87.939 -> 87.989
88266,5 fw Controll.static LEKCBKLAILO          87.989 -> 88.039
88266,5 fw Controll.static OFJKHAFJIMA          0.0037 -> 0.0062
88279,1 fw Controll.static GIPNIMALPEG          0.8845 -> 0.4624
88299,7 fw Controll.static GIPNIMALPEG          0.4624 -> 0.8746
88316,2 fw Controll.static MKFDGFOCKNO          87.989 -> 88.039
88316,2 fw Controll.static LEKCBKLAILO          88.039 -> 88.089
88316,2 fw Controll.static OFJKHAFJIMA          0.0062 -> 0.0067
88329,3 fw Controll.static GIPNIMALPEG          0.8746 -> 0.4667
88350,3 fw Controll.static GIPNIMALPEG          0.4667 -> 0.8868
88366,4 fw Controll.static MKFDGFOCKNO          88.039 -> 88.089
88366,4 fw Controll.static LEKCBKLAILO          88.089 -> 88.139
88366,4 fw Controll.static OFJKHAFJIMA          0.0067 -> 0.0069
88378,6 fw Controll.static GIPNIMALPEG          0.8868 -> 0.453
88399,1 fw Controll.static GIPNIMALPEG           0.453 -> 0.8631
88413,4 fw Controll.static MKFDGFOCKNO          88.089 -> 88.139
88413,4 fw Controll.static LEKCBKLAILO          88.139 -> 88.189
88413,4 fw Controll.static OFJKHAFJIMA          0.0069 -> 0
88421,1 fw Controll.static GIPNIMALPEG          0.8631 -> 0.3022
88445,6 fw Controll.static GIPNIMALPEG          0.3022 -> 0.7922
88462,1 fw Controll.static MKFDGFOCKNO          88.139 -> 88.189
88462,1 fw Controll.static LEKCBKLAILO          88.189 -> 88.239
88462,1 fw Controll.static OFJKHAFJIMA               0 -> 0.0059
88465,2 fw Controll.static GIPNIMALPEG          0.7922 -> 0.1838
88495,1 fw Controll.static GIPNIMALPEG          0.1838 -> 0.782
88498,7 fw Controll.static NAKNALFCOIF         87.1499 -> 86.8499
88498,8 fw Controll.static IGLCENGMMMJ         41.0768 -> 40.9268
88512,4 fw Controll.static MKFDGFOCKNO          88.189 -> 88.239
88512,4 fw Controll.static LEKCBKLAILO          88.239 -> 88.289
88512,4 fw Controll.static OFJKHAFJIMA          0.0059 -> 0.0062
88528,7 fw Controll.static GIPNIMALPEG           0.782 -> 0.4527
88549,9 fw Controll.static GIPNIMALPEG          0.4527 -> 0.8775
88549,9 fw Controll.static NAKNALFCOIF         86.8499 -> 86.6999
88549,9 fw Controll.static IGLCENGMMMJ         40.9268 -> 40.7768
88566,1 fw Controll.static MKFDGFOCKNO          88.239 -> 88.289
88566,1 fw Controll.static LEKCBKLAILO          88.289 -> 88.339
88566,1 fw Controll.static OFJKHAFJIMA          0.0062 -> 0.0061
88579,0 fw Controll.static GIPNIMALPEG          0.8775 -> 0.4586
88598,2 fw Controll.static GIPNIMALPEG          0.4586 -> 0.843
88614,5 fw Controll.static MKFDGFOCKNO          88.289 -> 88.339
88614,5 fw Controll.static LEKCBKLAILO          88.339 -> 88.389
88614,5 fw Controll.static OFJKHAFJIMA          0.0061 -> 0.0056
88627,8 fw Controll.static GIPNIMALPEG           0.843 -> 0.4362
88647,4 fw Controll.static GIPNIMALPEG          0.4362 -> 0.8277
88647,4 fw Controll.static NAKNALFCOIF         86.6999 -> 86.3999
88655,5 fw Controll.static IGLCENGMMMJ         40.7768 -> 40.6268
88655,5 fw Controll.static DGNDKAKOEPD         1437553 -> 1438553
88655,5 fw Controll.static BEJBLGGGOCC       339017803 -> 339018802
88655,5 fw Controll.static JELGPAKAJPE              91 -> 85
88655,5 fw Controll.static EENJPDHGGGC          87.381 -> 88.3806
88663,7 fw player          LNIDBHIAJJI              29 -> 28
88663,8 fw Controll.static MKFDGFOCKNO          88.339 -> 88.389
88663,8 fw Controll.static LEKCBKLAILO          88.389 -> 88.439
88663,8 fw Controll.static OFJKHAFJIMA          0.0056 -> 0.0075
88669,3 fw Controll.static GIPNIMALPEG          0.8277 -> 0.2645
88679,0 fw Controll.static NAKNALFCOIF         86.3999 -> 86.2499
88694,4 fw Controll.static GIPNIMALPEG          0.2645 -> 0.767
88709,6 fw Controll.static MKFDGFOCKNO          88.389 -> 88.439
88709,6 fw Controll.static LEKCBKLAILO          88.439 -> 88.4891
88709,6 fw Controll.static OFJKHAFJIMA          0.0075 -> 0.0034
88714,3 fw Controll.static GIPNIMALPEG           0.767 -> 0.1649
88723,5 fw Controll.static NAKNALFCOIF         86.2499 -> 85.9499
88723,5 fw Controll.static IGLCENGMMMJ         40.6268 -> 40.4768
88737,7 fw Controll.static GIPNIMALPEG          0.1649 -> 0.6326
88761,7 fw Controll.static GIPNIMALPEG          0.6326 -> 0.1124
88779,3 fw Controll.static MKFDGFOCKNO          88.439 -> 88.4891
88779,3 fw Controll.static LEKCBKLAILO         88.4891 -> 88.5391
88779,3 fw Controll.static OFJKHAFJIMA          0.0034 -> 0.0054
88783,0 fw Controll.static GIPNIMALPEG          0.1124 -> 0.5392
88795,3 fw Controll.static NAKNALFCOIF         85.9499 -> 85.7999
88795,3 fw Controll.static IGLCENGMMMJ         40.4768 -> 40.3268
88814,8 fw Controll.static GIPNIMALPEG          0.5392 -> 0.1739
88827,5 fw Controll.static MKFDGFOCKNO         88.4891 -> 88.5391
88827,5 fw Controll.static LEKCBKLAILO         88.5391 -> 88.5891
88830,6 fw Controll.static OFJKHAFJIMA          0.0054 -> 0.0051
88844,2 fw Controll.static GIPNIMALPEG          0.1739 -> 0.7617
88857,6 fw Controll.static MKFDGFOCKNO         88.5391 -> 88.5891
88857,6 fw Controll.static LEKCBKLAILO         88.5891 -> 88.6391
88857,6 fw Controll.static OFJKHAFJIMA          0.0051 -> 0.0014
88864,2 fw Controll.static GIPNIMALPEG          0.7617 -> 0.1631
88884,8 fw Controll.static GIPNIMALPEG          0.1631 -> 0.5749
88908,4 fw Controll.static GIPNIMALPEG          0.5749 -> 0.0454
88923,0 fw Controll.static MKFDGFOCKNO         88.5891 -> 88.6391
88923,0 fw Controll.static LEKCBKLAILO         88.6391 -> 88.6891
88923,0 fw Controll.static OFJKHAFJIMA          0.0014 -> 0.0021
88931,7 fw Controll.static GIPNIMALPEG          0.0454 -> 0.5114
88931,7 fw Controll.static NAKNALFCOIF         85.7999 -> 85.6499
88951,7 fw Controll.static GIPNIMALPEG          0.5114 -> 0.913
88965,1 fw Controll.static MKFDGFOCKNO         88.6391 -> 88.6891
88965,1 fw Controll.static LEKCBKLAILO         88.6891 -> 88.7391
88965,1 fw Controll.static OFJKHAFJIMA          0.0021 -> 0.0048
88973,9 fw Controll.static GIPNIMALPEG           0.913 -> 0.3561
88995,8 fw Controll.static GIPNIMALPEG          0.3561 -> 0.7949
89010,5 fw Controll.static MKFDGFOCKNO         88.6891 -> 88.7391
89010,5 fw Controll.static LEKCBKLAILO         88.7391 -> 88.7891
89010,5 fw Controll.static OFJKHAFJIMA          0.0048 -> 0.0042
89015,4 fw Controll.static GIPNIMALPEG          0.7949 -> 0.1859
89038,6 fw Controll.static GIPNIMALPEG          0.1859 -> 0.65
89061,1 fw Controll.static GIPNIMALPEG            0.65 -> 0.1003
89076,4 fw Controll.static MKFDGFOCKNO         88.7391 -> 88.7891
89076,4 fw Controll.static LEKCBKLAILO         88.7891 -> 88.8391
89076,4 fw Controll.static OFJKHAFJIMA          0.0042 -> 0.0048
89090,0 fw player          ACAIGMNLLEC              61 -> 60
89090,0 fw player          HEADELMLILF               0 -> 1
89090,0 fw Controll.static GIPNIMALPEG          0.1003 -> 0.6774
89110,5 fw Controll.static GIPNIMALPEG          0.6774 -> 0.0887
89127,2 fw player          HEADELMLILF               1 -> 0
89127,2 fw Controll.static MKFDGFOCKNO         88.7891 -> 88.8391
89127,2 fw Controll.static LEKCBKLAILO         88.8391 -> 88.8891
89127,2 fw Controll.static OFJKHAFJIMA          0.0048 -> 0.0043
89130,9 fw Controll.static GIPNIMALPEG          0.0887 -> 0.4957
89160,1 fw Controll.static GIPNIMALPEG          0.4957 -> 0.0804
89173,7 fw Controll.static MKFDGFOCKNO         88.8391 -> 88.8891
89173,7 fw Controll.static LEKCBKLAILO         88.8891 -> 88.9391
89173,7 fw Controll.static OFJKHAFJIMA          0.0043 -> 0.0038
89181,9 fw Controll.static GIPNIMALPEG          0.0804 -> 0.5154
89181,9 fw Controll.static NAKNALFCOIF         85.6499 -> 85.4999
89202,6 fw Controll.static GIPNIMALPEG          0.5154 -> 0.9281
89202,6 fw Controll.static NAKNALFCOIF         85.4999 -> 85.3499
89214,8 fw Controll.static MKFDGFOCKNO         88.8891 -> 88.9391
89214,8 fw Controll.static LEKCBKLAILO         88.9391 -> 88.9891
89214,8 fw Controll.static OFJKHAFJIMA          0.0038 -> 0.0035
89223,2 fw Controll.static GIPNIMALPEG          0.9281 -> 0.3407
89245,6 fw Controll.static GIPNIMALPEG          0.3407 -> 0.7893
89260,6 fw Controll.static MKFDGFOCKNO         88.9391 -> 88.9891
89260,6 fw Controll.static LEKCBKLAILO         88.9891 -> 89.0391
89260,6 fw Controll.static OFJKHAFJIMA          0.0035 -> 0.0044
89264,6 fw Controll.static ILGHFLMKMCO         84.7558 -> 84.0794
89264,6 fw Controll.static CKLMDECPAGK         80.0578 -> 84.3794
89264,6 fw Controll.static DBMGNKNGFLL               2 -> 3
89264,6 fw Controll.static OINJNFHMDFE          0.4587 -> 0.3743
89264,6 fw Controll.static _JFKCDODJALP_k__BackingField            0 -> 1
89264,6 fw Controll.static GIPNIMALPEG          0.7893 -> 0.1687
89264,6 fw Controll.static JBKBOPCCIBM               0 -> 1
89290,7 fw Controll.static GIPNIMALPEG          0.1687 -> 0.6904
89296,2 fw Controll.static NAKNALFCOIF         85.3499 -> 85.1999
89311,9 fw Controll.static GIPNIMALPEG          0.6904 -> 0.1154
89327,6 fw Controll.static MKFDGFOCKNO         88.9891 -> 89.0391
89327,6 fw Controll.static LEKCBKLAILO         89.0391 -> 89.0891
89327,6 fw Controll.static OFJKHAFJIMA          0.0044 -> 0.0055
89332,4 fw Controll.static GIPNIMALPEG          0.1154 -> 0.5248
89343,9 fw Controll.static NAKNALFCOIF         85.1999 -> 84.8999
89343,9 fw Controll.static IGLCENGMMMJ         40.3268 -> 40.1768
89363,8 fw Controll.static GIPNIMALPEG          0.5248 -> 0.1524
89363,8 fw Controll.static JBKBOPCCIBM               1 -> 0
89375,9 fw Controll.static DJACNOGOCKD               1 -> 0
89376,0 fw Controll.static MKFDGFOCKNO         89.0391 -> 89.0891
89376,0 fw Controll.static LEKCBKLAILO         89.0891 -> 89.1391
89381,8 fw Controll.static OFJKHAFJIMA          0.0055 -> 0.003
89381,8 fw Controll.static _JFKCDODJALP_k__BackingField            1 -> 0
89392,6 fw Controll.static GIPNIMALPEG          0.1524 -> 0.7289
89407,9 fw Controll.static MKFDGFOCKNO         89.0891 -> 89.1391
89407,9 fw Controll.static LEKCBKLAILO         89.1391 -> 89.1891
89407,9 fw Controll.static OFJKHAFJIMA           0.003 -> 0.0016
89411,9 fw Controll.static GIPNIMALPEG          0.7289 -> 0.1148
89411,9 fw Controll.static NAKNALFCOIF         84.8999 -> 84.7499
89436,4 fw Controll.static GIPNIMALPEG          0.1148 -> 0.6049
89459,1 fw Controll.static GIPNIMALPEG          0.6049 -> 0.059
89472,3 fw Controll.static MKFDGFOCKNO         89.1391 -> 89.1892
89472,3 fw Controll.static LEKCBKLAILO         89.1891 -> 89.2392
89472,3 fw Controll.static OFJKHAFJIMA          0.0016 -> 0.0028
89479,8 fw Controll.static GIPNIMALPEG           0.059 -> 0.4727
89500,8 fw Controll.static GIPNIMALPEG          0.4727 -> 0.8927
89510,1 fw Controll.static NAKNALFCOIF         84.7499 -> 84.4499
89512,8 fw Controll.static MKFDGFOCKNO         89.1892 -> 89.2392
89512,8 fw Controll.static LEKCBKLAILO         89.2392 -> 89.2892
89512,8 fw Controll.static OFJKHAFJIMA          0.0028 -> 0.0038
89525,8 fw Controll.static GIPNIMALPEG          0.8927 -> 0.3921
89546,6 fw Controll.static GIPNIMALPEG          0.3921 -> 0.8094
89562,0 fw Controll.static MKFDGFOCKNO         89.2392 -> 89.2892
89562,0 fw Controll.static LEKCBKLAILO         89.2892 -> 89.3392
89562,1 fw Controll.static OFJKHAFJIMA          0.0038 -> 0.0057
89568,8 fw Controll.static GIPNIMALPEG          0.8094 -> 0.2522
89591,6 fw Controll.static GIPNIMALPEG          0.2522 -> 0.7075
89612,1 fw Controll.static GIPNIMALPEG          0.7075 -> 0.1179
89619,5 fw Controll.static NAKNALFCOIF         84.4499 -> 84.2999
89627,2 fw Controll.static MKFDGFOCKNO         89.2892 -> 89.3392
89627,2 fw Controll.static LEKCBKLAILO         89.3392 -> 89.3892
89642,3 fw Controll.static GIPNIMALPEG          0.1179 -> 0.7221
89658,1 fw Controll.static OFJKHAFJIMA          0.0057 -> 0.0018
89662,8 fw Controll.static GIPNIMALPEG          0.7221 -> 0.1319
89662,8 fw Controll.static DGNDKAKOEPD         1438553 -> 1439564
89662,8 fw Controll.static BEJBLGGGOCC       339018802 -> 339019813
89662,8 fw Controll.static JELGPAKAJPE              85 -> 96
89662,8 fw Controll.static EENJPDHGGGC         88.3806 -> 89.3913
89677,8 fw Controll.static MKFDGFOCKNO         89.3392 -> 89.3892
89677,8 fw Controll.static LEKCBKLAILO         89.3892 -> 89.4392
89687,3 fw Controll.static GIPNIMALPEG          0.1319 -> 0.6223
89687,3 fw Controll.static NAKNALFCOIF         84.2999 -> 83.9999
89711,0 fw Controll.static GIPNIMALPEG          0.6223 -> 0.0955
89711,0 fw Controll.static NAKNALFCOIF         83.9999 -> 83.6999
89725,9 fw Controll.static MKFDGFOCKNO         89.3892 -> 89.4392
89725,9 fw Controll.static LEKCBKLAILO         89.4392 -> 89.4892
89725,9 fw Controll.static OFJKHAFJIMA          0.0018 -> 0.0046
89731,2 fw Controll.static GIPNIMALPEG          0.0955 -> 0.5003
89731,2 fw Controll.static NAKNALFCOIF         83.6999 -> 83.2499
89759,5 fw Controll.static GIPNIMALPEG          0.5003 -> 0.0657
89759,6 fw Controll.static NAKNALFCOIF         83.2499 -> 82.7999
89763,7 fw Controll.static IGLCENGMMMJ         40.1768 -> 40.0268
89774,6 fw Controll.static MKFDGFOCKNO         89.4392 -> 89.4892
89774,6 fw Controll.static LEKCBKLAILO         89.4892 -> 89.5392
89774,6 fw Controll.static OFJKHAFJIMA          0.0046 -> 0.0029
89779,9 fw player          ACAIGMNLLEC              60 -> 59
89779,9 fw player          HEADELMLILF               0 -> 1
89779,9 fw Controll.static GIPNIMALPEG          0.0657 -> 0.4737
89790,2 fw Controll.static NAKNALFCOIF         82.7999 -> 81.4499
89790,2 fw Controll.static IGLCENGMMMJ         40.0268 -> 39.7268
89805,5 fw Controll.static GIPNIMALPEG          0.4737 -> 0.985
89810,5 fw Controll.static NAKNALFCOIF         81.4499 -> 80.0999
89810,5 fw Controll.static IGLCENGMMMJ         39.7268 -> 39.4268
89818,9 fw Controll.static MKFDGFOCKNO         89.4892 -> 89.5392
89818,9 fw Controll.static LEKCBKLAILO         89.5392 -> 89.5892
89818,9 fw Controll.static OFJKHAFJIMA          0.0029 -> 0.0041
89828,0 fw Controll.static GIPNIMALPEG           0.985 -> 0.4353
89834,5 fw Controll.static NAKNALFCOIF         80.0999 -> 78.5999
89834,5 fw Controll.static IGLCENGMMMJ         39.4268 -> 39.1268
89841,9 fw player          HEADELMLILF               1 -> 0
89847,9 fw Controll.static GIPNIMALPEG          0.4353 -> 0.8326
89858,3 fw Controll.static NAKNALFCOIF         78.5999 -> 77.0999
89858,3 fw Controll.static IGLCENGMMMJ         39.1268 -> 38.5268
89862,4 fw Controll.static MKFDGFOCKNO         89.5392 -> 89.5892
89862,4 fw Controll.static LEKCBKLAILO         89.5892 -> 89.6393
89862,4 fw Controll.static OFJKHAFJIMA          0.0041 -> 0.0019
89874,6 fw Controll.static GIPNIMALPEG          0.8326 -> 0.3663
89877,9 fw Controll.static NAKNALFCOIF         77.0999 -> 76.0499
89877,9 fw Controll.static IGLCENGMMMJ         38.5268 -> 38.0768
89896,4 fw player          ACAIGMNLLEC              59 -> 58
89896,4 fw player          HEADELMLILF               0 -> 1
89896,4 fw Controll.static GIPNIMALPEG          0.3663 -> 0.8036
89903,9 fw Controll.static NAKNALFCOIF         76.0499 -> 74.8499
89903,9 fw Controll.static IGLCENGMMMJ         38.0768 -> 37.6268
89913,2 fw Controll.static MKFDGFOCKNO         89.5892 -> 89.6393
89913,2 fw Controll.static LEKCBKLAILO         89.6393 -> 89.6893
89913,2 fw Controll.static OFJKHAFJIMA          0.0019 -> 0.0067
89927,4 fw Controll.static GIPNIMALPEG          0.8036 -> 0.4235
89927,4 fw Controll.static NAKNALFCOIF         74.8499 -> 74.6999
89927,4 fw Controll.static IGLCENGMMMJ         37.6268 -> 37.4768
89942,6 fw player          ACAIGMNLLEC              58 -> 56
89949,5 fw Controll.static GIPNIMALPEG          0.4235 -> 0.8651
89949,5 fw Controll.static IGLCENGMMMJ         37.4768 -> 37.1768
89964,4 fw Controll.static MKFDGFOCKNO         89.6393 -> 89.6893
89964,4 fw Controll.static LEKCBKLAILO         89.6893 -> 89.7393
89964,4 fw Controll.static OFJKHAFJIMA          0.0067 -> 0.0021
89973,8 fw Controll.static GIPNIMALPEG          0.8651 -> 0.3513
89973,8 fw Controll.static IGLCENGMMMJ         37.1768 -> 36.7268
89994,6 fw Controll.static GIPNIMALPEG          0.3513 -> 0.7667
90009,8 fw Controll.static MKFDGFOCKNO         89.6893 -> 89.7393
90009,8 fw Controll.static LEKCBKLAILO         89.7393 -> 89.7893
90009,8 fw Controll.static OFJKHAFJIMA          0.0021 -> 0.0034
90016,6 fw player          LNIDBHIAJJI              28 -> 27
90016,6 fw Controll.static GIPNIMALPEG          0.7667 -> 0.2067
90025,8 fw player          ACAIGMNLLEC              56 -> 54
90041,4 fw player          LNIDBHIAJJI              27 -> 26
90041,4 fw player          ACAIGMNLLEC              54 -> 53
90041,4 fw Controll.static GIPNIMALPEG          0.2067 -> 0.7021
90057,9 fw Controll.static MKFDGFOCKNO         89.7393 -> 89.7893
90057,9 fw Controll.static LEKCBKLAILO         89.7893 -> 89.8393
90057,9 fw Controll.static OFJKHAFJIMA          0.0034 -> 0.0014
90063,0 fw Controll.static GIPNIMALPEG          0.7021 -> 0.1338
90090,8 fw Controll.static GIPNIMALPEG          0.1338 -> 0.6913
90108,0 fw player          HEADELMLILF               1 -> 0
90108,0 fw Controll.static MKFDGFOCKNO         89.7893 -> 89.8393
90108,0 fw Controll.static LEKCBKLAILO         89.8393 -> 89.8893
90108,0 fw Controll.static OFJKHAFJIMA          0.0014 -> 0.0015
90113,2 fw Controll.static GIPNIMALPEG          0.6913 -> 0.138
90140,6 fw Controll.static GIPNIMALPEG           0.138 -> 0.687
90162,5 fw Controll.static GIPNIMALPEG           0.687 -> 0.1234
90177,9 fw Controll.static MKFDGFOCKNO         89.8393 -> 89.8893
90177,9 fw Controll.static LEKCBKLAILO         89.8893 -> 89.9393
90177,9 fw Controll.static OFJKHAFJIMA          0.0015 -> 0.0059
90185,8 fw Controll.static GIPNIMALPEG          0.1234 -> 0.5891
90215,1 fw Controll.static GIPNIMALPEG          0.5891 -> 0.1762
90223,8 fw Controll.static MKFDGFOCKNO         89.8893 -> 89.9393
90223,8 fw Controll.static LEKCBKLAILO         89.9393 -> 89.9893
90229,6 fw Controll.static OFJKHAFJIMA          0.0059 -> 0.0017
90239,8 fw Controll.static GIPNIMALPEG          0.1762 -> 0.6707
90261,2 fw Controll.static GIPNIMALPEG          0.6707 -> 0.0984
90276,4 fw Controll.static MKFDGFOCKNO         89.9393 -> 89.9893
90276,4 fw Controll.static LEKCBKLAILO         89.9893 -> 90.0393
90276,4 fw Controll.static OFJKHAFJIMA          0.0017 -> 0.0048
90282,6 fw Controll.static GIPNIMALPEG          0.0984 -> 0.5261
90306,9 fw Controll.static GIPNIMALPEG          0.5261 -> 0.012
90323,5 fw Controll.static MKFDGFOCKNO         89.9893 -> 90.0393
90323,5 fw Controll.static LEKCBKLAILO         90.0393 -> 90.0893
90323,5 fw Controll.static OFJKHAFJIMA          0.0048 -> 0.0004
90327,0 fw Controll.static GIPNIMALPEG           0.012 -> 0.413
90356,2 fw Controll.static GIPNIMALPEG           0.413 -> 0.9985
90369,7 fw Controll.static MKFDGFOCKNO         90.0393 -> 90.0893
90369,7 fw Controll.static LEKCBKLAILO         90.0893 -> 90.1393
90369,7 fw Controll.static OFJKHAFJIMA          0.0004 -> 0.0047
90377,2 fw Controll.static GIPNIMALPEG          0.9985 -> 0.4179
90398,5 fw Controll.static GIPNIMALPEG          0.4179 -> 0.8425
90414,3 fw Controll.static MKFDGFOCKNO         90.0893 -> 90.1393
90414,3 fw Controll.static LEKCBKLAILO         90.1393 -> 90.1893
90414,3 fw Controll.static OFJKHAFJIMA          0.0047 -> 0.0028
90423,9 fw Controll.static GIPNIMALPEG          0.8425 -> 0.3521
90446,4 fw Controll.static GIPNIMALPEG          0.3521 -> 0.8021
90461,3 fw Controll.static MKFDGFOCKNO         90.1393 -> 90.1893
90461,3 fw Controll.static LEKCBKLAILO         90.1893 -> 90.2393
90461,3 fw Controll.static OFJKHAFJIMA          0.0028 -> 0.0048
90473,0 fw Controll.static GIPNIMALPEG          0.8021 -> 0.3318
90506,8 fw Controll.static GIPNIMALPEG          0.3318 -> 0.01
90510,3 fw Controll.static MKFDGFOCKNO         90.1893 -> 90.2393
90510,3 fw Controll.static LEKCBKLAILO         90.2393 -> 90.2893
90523,8 fw Controll.static OFJKHAFJIMA          0.0048 -> 0.0003
90528,1 fw Controll.static GIPNIMALPEG            0.01 -> 0.4348
90556,2 fw Controll.static GIPNIMALPEG          0.4348 -> 0.9976
90572,7 fw Controll.static MKFDGFOCKNO         90.2393 -> 90.2893
90572,7 fw Controll.static LEKCBKLAILO         90.2893 -> 90.3393
90572,7 fw Controll.static OFJKHAFJIMA          0.0003 -> 0.0047
90575,9 fw Controll.static GIPNIMALPEG          0.9976 -> 0.3915
90606,8 fw Controll.static GIPNIMALPEG          0.3915 -> 0.008
90622,9 fw Controll.static MKFDGFOCKNO         90.2893 -> 90.3393
90622,9 fw Controll.static LEKCBKLAILO         90.3393 -> 90.3894
90622,9 fw Controll.static OFJKHAFJIMA          0.0047 -> 0.0002
90626,7 fw Controll.static GIPNIMALPEG           0.008 -> 0.4073
90656,1 fw Controll.static GIPNIMALPEG          0.4073 -> 0.994
90661,0 fw Controll.static DGNDKAKOEPD         1439564 -> 1440562
90661,0 fw Controll.static BEJBLGGGOCC       339019813 -> 339020806
90661,0 fw Controll.static JELGPAKAJPE              96 -> 95
90661,0 fw Controll.static EENJPDHGGGC         89.3913 -> 90.3893
90669,4 fw Controll.static MKFDGFOCKNO         90.3393 -> 90.3894
90669,4 fw Controll.static LEKCBKLAILO         90.3894 -> 90.4394
90669,4 fw Controll.static OFJKHAFJIMA          0.0002 -> 0.0045
90676,9 fw Controll.static GIPNIMALPEG           0.994 -> 0.4102
90699,5 fw Controll.static GIPNIMALPEG          0.4102 -> 0.8634
90714,4 fw Controll.static MKFDGFOCKNO         90.3894 -> 90.4394
90714,4 fw Controll.static LEKCBKLAILO         90.4394 -> 90.4894
90714,4 fw Controll.static OFJKHAFJIMA          0.0045 -> 0.0017
90723,3 fw Controll.static GIPNIMALPEG          0.8634 -> 0.3385
90744,6 fw Controll.static GIPNIMALPEG          0.3385 -> 0.7647
90761,2 ==== FIELDWATCH OFF ====
