# Blockpost room-protocol capture, started 2026-08-23 14:35:13
# tx: <ms> tx hdr=0xNN op=0xNN <name> : <fields>    rx: <ms> rx len=N <hex>
58612,9 ==== FIELDWATCH ON ====
58622,1 # net: TcpClient.Connected = True
58646,5 #   player nonzero: _LCEIAGLFFJN_k__BackingField=1 GLFBKBKFPCL=2063882 CCINALOJCNH=2 LDKMPMIANCE=5 PFGNALDDNDB=2 HOJIIOCKKLO=1 BCACFHNPIBP=45 CIPOBFGAMOP=49.467 HJLHOFPDEAA=1804 OLOOMMIKDPJ=49.467 BDHNEDFEHBA=1536 LNIDBHIAJJI=5 ACAIGMNLLEC=6 LCPGFBMKNHJ=999 APFNBGHAJMD=1 HEADELMLILF=1 CGHKKDBILGF=1 HIECLOJIFIL=1
58652,4 #   player.GPBAJMJILMA len=2 [7,03125, 7,03125]
58652,6 #   player.JNBMIDFBOHD len=2 [7,03125, 0]
58652,8 #   player.JPDHFNADBKI len=2 [7,03125, 8,4375]
58657,2 #   player.GDEMINMDJAC len=4 [0, 0, 0, 0]
58657,3 #   player.DDKPBGMMNIA len=10 [0, 0, 0, 1, 0, 1, 0, 0, 0, 0]
58657,4 #   player.PPOOANLEBNI len=40 [0, 0, 0, 0, 0, 0, 0, 0, 0, 0, 0, 0]
58657,9 # fieldwatch player: 51 numeric fields, 6 arrays (GPBAJMJILMA,JNBMIDFBOHD,JPDHFNADBKI,GDEMINMDJAC,DDKPBGMMNIA,PPOOANLEBNI) on KBBBHJDINCB
58665,1 #   Controll.static nonzero: BIAHHOIOFKG=0.5 BNHEPNNOAIK=2.4 BNALIDHMCIG=2.75 JOJODHNJNGO=3 AJKDGEACHKD=3 NAKNALFCOIF=11.1 IGLCENGMMMJ=12.15 HKPMJHCGMDE=0.4 DGNDKAKOEPD=2400760 BEJBLGGGOCC=339980087 JELGPAKAJPE=103 EENJPDHGGGC=57.847 ONGHDHKFEBG=-1 PBICPLCFAGG=1 ILFOFIOFBAM=-1 CFACCGMPPOE=1 CMGGPFHFKCM=2.4 MKFDGFOCKNO=58.34 LEKCBKLAILO=58.39 CIDLIJFIKPG=0.05 OFJKHAFJIMA=0.009 GKNJELHPMDE=-1 GAMBHJPMDON=1 MNHBPCOOMLE=2398714 KMJLDLGDMGK=1 GIPNIMALPEG=0.185
58667,6 #   Controll.static.DDOHELGGICN len=6 [(normal:(0.78, -0.16, 0.61), distance:-42.98), (normal:(-0.49, -0.16, 0.85), distance:-53.34), (normal:(0.13, 0.71, 0.69), distance:-68.08), (normal:(0.07, -0.94, 0.34), distance:0.12), (normal:(0.19, -0.21, 0.96), distance:-63.25), (normal:(-0.19, 0.21, -0.96), distance:318.97)]
58667,6 # fieldwatch Controll.static: 74 numeric fields, 1 arrays (DDOHELGGICN) on Controll
58670,6 #   Controll nonzero: IFFKNMHKCKD=0.05 NIJLEBGNMAK=0.001 DKMDNEBPDLN=100000000 CJIOKPOOHIC=-1 CLEHDNFKJPB=48.523 CAFJCKPAKIB=1 CGNEAAGAMKC=50 MCOGBCDKDJD=10 DJJBAKDOCPN=-1 MJPKOOHJOPA=51.718 useGUILayout=1 enabled=1 isActiveAndEnabled=1
58670,6 # fieldwatch Controll: 28 numeric fields, 0 arrays () on Controll
58674,0 #   weapon nonzero: OCDNCKANJPB=1
58674,0 # fieldwatch weapon: 3 numeric fields, 0 arrays () on CGJPBNDDPIN
58675,7 #   activeEntry nonzero: PICIILNDDJO=1 NIKINLIKGCP=15 MOGDFDEMPLE=45
58679,4 #   activeEntry.COAAKMDBKJM len=3 [0, 0, 0]
58679,4 # fieldwatch activeEntry: 8 numeric fields, 1 arrays (COAAKMDBKJM) on FPNENMKEFBB
58680,8 #   PLH.static nonzero: LCKKCAHAPEF=2.08 IFFKNMHKCKD=0.05 EHHGKJHIGIL=1 ADJMBEDDHLB=58.334 CFIMEAFDJFM=54.14 KMLIIIGJAEK=4 EDLPNENMJFF=50 EKHCENHLMAM=1
58680,8 # fieldwatch PLH.static: 11 numeric fields, 0 arrays () on PLH
58680,8 # fieldwatch: PLH.LPCJFAOOIKA is null
58691,5 #   HUD.static nonzero: CBFLNECJIFF=1 MMEPGJJAHCI=78.706 EHBHDOAHOAO=19 CGDKPLKDION=12 GONEFAMEMOJ=175 DJBNLINNLOJ=-1 DIIAFKMNANI=50.667 NIHKFABDHPH=100 LCJPDJJKNDM=1 FJMNBAGNAIH=49.967 OOIBIGCALAA=0.5 IICPDHNGAKC=1
58693,4 #   HUD.static.DPOPNDPLFMN len=8 [(x:773.49, y:43.38, width:40.48, height:40.48), (x:727.22, y:43.38, width:40.48, height:40.48), (x:680.95, y:43.38, width:40.48, height:40.48), (x:634.69, y:43.38, width:40.48, height:40.48), (x:588.42, y:43.38, width:40.48, height:40.48), (x:542.15, y:43.38, width:40.48, height:40.48), (x:495.89, y:43.38, width:40.48, height:40.48), (x:449.62, y:43.38, width:40.48, height:40.48)]
58693,6 #   HUD.static.MGJBGOOFALD len=8 [(x:1106.03, y:43.38, width:40.48, height:40.48), (x:1152.30, y:43.38, width:40.48, height:40.48), (x:1198.56, y:43.38, width:40.48, height:40.48), (x:1244.83, y:43.38, width:40.48, height:40.48), (x:1291.10, y:43.38, width:40.48, height:40.48), (x:1337.36, y:43.38, width:40.48, height:40.48), (x:1383.63, y:43.38, width:40.48, height:40.48), (x:1429.90, y:43.38, width:40.48, height:40.48)]
58693,8 #   HUD.static.FBJDJBJOIJD len=16 [(x:773.49, y:20.24, width:40.48, height:40.48), (x:727.22, y:20.24, width:40.48, height:40.48), (x:680.95, y:20.24, width:40.48, height:40.48), (x:634.69, y:20.24, width:40.48, height:40.48), (x:588.42, y:20.24, width:40.48, height:40.48), (x:542.15, y:20.24, width:40.48, height:40.48), (x:495.89, y:20.24, width:40.48, height:40.48), (x:449.62, y:20.24, width:40.48, height:40.48), (x:773.49, y:66.51, width:40.48, height:40.48), (x:727.22, y:66.51, width:40.48, height:40.48), (x:680.95, y:66.51, width:40.48, height:40.48), (x:634.69, y:66.51, width:40.48, height:40.48)]
58694,0 #   HUD.static.HPCDGLNGIJJ len=16 [(x:1106.03, y:20.24, width:40.48, height:40.48), (x:1152.30, y:20.24, width:40.48, height:40.48), (x:1198.56, y:20.24, width:40.48, height:40.48), (x:1244.83, y:20.24, width:40.48, height:40.48), (x:1291.10, y:20.24, width:40.48, height:40.48), (x:1337.36, y:20.24, width:40.48, height:40.48), (x:1383.63, y:20.24, width:40.48, height:40.48), (x:1429.90, y:20.24, width:40.48, height:40.48), (x:1106.03, y:66.51, width:40.48, height:40.48), (x:1152.30, y:66.51, width:40.48, height:40.48), (x:1198.56, y:66.51, width:40.48, height:40.48), (x:1244.83, y:66.51, width:40.48, height:40.48)]
58694,1 #   HUD.static.JNAIOMMAIJG len=128 [0, 0, 0, 0, 0, 0, 0, 0, 0, 0, 0, 0]
58694,1 # fieldwatch HUD.static: 32 numeric fields, 5 arrays (DPOPNDPLFMN,MGJBGOOFALD,FBJDJBJOIJD,HPCDGLNGIJJ,JNAIOMMAIJG) on HUD
58695,1 #   HUD nonzero: LCANLDDJLFB=1 IMPGDAPCBJF=108 useGUILayout=1 enabled=1 isActiveAndEnabled=1
58695,1 # fieldwatch HUD: 11 numeric fields, 0 arrays () on HUD
58697,8 #   GUIInv.static nonzero: PNMFBNFKNAP=1 EFBFIHJMABF=1 LALEHGDILEB=9 INCDIECCFMC=7 LOILCIEIHHF=8
58698,0 #   GUIInv.static.MHCPNENABCD len=9 [0, 0, 0, 1, 1, 0, 0, 0, 0]
58698,1 #   GUIInv.static.CLKDEHIHPAJ len=31 [0, 0, 1, 1, 1, 1, 1, 1, 1, 1, 1, 1]
58698,2 #   GUIInv.static.EKNEPPFAEME len=30 [0, 0, 0, 1, 1, 1, 1, 1, 1, 1, 1, 1]
58698,3 #   GUIInv.static.ODBDHJLHOGP len=29 [0, 0, 1, 1, 1, 1, 1, 1, 1, 1, 1, 1]
58698,4 #   GUIInv.static.JGFMOAHNPDN len=3 [0, 1, 1]
58698,4 # fieldwatch GUIInv.static: 25 numeric fields, 5 arrays (MHCPNENABCD,CLKDEHIHPAJ,EKNEPPFAEME,ODBDHJLHOGP,JGFMOAHNPDN) on GUIInv
58698,7 #   GUIInv nonzero: 
58698,7 # fieldwatch GUIInv: 2 numeric fields, 0 arrays () on BIMFEOACIDM
58706,0 fw PLH.static      ADJMBEDDHLB         58.3337 -> 58.4373
58706,0 fw PLH.static      CFIMEAFDJFM         54.1398 -> 54.1633
58715,6 fw PLH.static      ADJMBEDDHLB         58.4373 -> 58.4431
58740,1 fw PLH.static      ADJMBEDDHLB         58.4431 -> 58.4528
58740,1 fw PLH.static      CFIMEAFDJFM         54.1633 -> 54.2701
58745,3 fw PLH.static      ADJMBEDDHLB         58.4528 -> 58.4773
58745,3 fw PLH.static      CFIMEAFDJFM         54.2701 -> 54.295
58756,3 fw PLH.static      ADJMBEDDHLB         58.4773 -> 58.4824
58760,3 fw Controll.static NAKNALFCOIF            11.1 -> 11.4
58760,4 fw PLH.static      ADJMBEDDHLB         58.4824 -> 58.4935
58760,4 fw PLH.static      CFIMEAFDJFM          54.295 -> 54.3118
58772,1 fw Controll.static IGLCENGMMMJ           12.15 -> 12.6
58772,2 fw PLH.static      ADJMBEDDHLB         58.4935 -> 58.4975
58772,2 fw PLH.static      CFIMEAFDJFM         54.3118 -> 54.3163
58776,6 fw PLH.static      ADJMBEDDHLB         58.4975 -> 58.5094
58789,9 fw Controll.static MKFDGFOCKNO         58.4427 -> 58.4927
58789,9 fw Controll.static LEKCBKLAILO         58.4927 -> 58.5427
58789,9 fw Controll.static OFJKHAFJIMA               0 -> 0.0001
58790,0 fw PLH.static      ADJMBEDDHLB         58.5094 -> 58.5137
58793,0 fw PLH.static      ADJMBEDDHLB         58.5137 -> 58.5273
58793,0 fw PLH.static      CFIMEAFDJFM         54.3163 -> 54.3441
58806,5 fw PLH.static      ADJMBEDDHLB         58.5273 -> 58.5302
58810,3 fw Controll.static GIPNIMALPEG          0.0096 -> 0.0907
58810,4 fw PLH.static      ADJMBEDDHLB         58.5302 -> 58.5438
58810,4 fw PLH.static      CFIMEAFDJFM         54.3441 -> 54.3613
58823,2 fw Controll.static NAKNALFCOIF            11.4 -> 11.85
58823,2 fw Controll.static IGLCENGMMMJ            12.6 -> 12.15
58823,3 fw PLH.static      ADJMBEDDHLB         58.5438 -> 58.5475
58827,2 fw PLH.static      ADJMBEDDHLB         58.5475 -> 58.5605
58827,2 fw PLH.static      CFIMEAFDJFM         54.3613 -> 54.3783
58838,3 fw Controll.static MKFDGFOCKNO         58.4927 -> 58.5427
58838,3 fw Controll.static LEKCBKLAILO         58.5427 -> 58.5927
58838,4 fw PLH.static      ADJMBEDDHLB         58.5605 -> 58.5643
58842,4 fw Controll.static OFJKHAFJIMA          0.0001 -> 0.0003
58842,4 fw PLH.static      ADJMBEDDHLB         58.5643 -> 58.5756
58842,4 fw PLH.static      CFIMEAFDJFM         54.3783 -> 54.3943
58854,4 fw PLH.static      ADJMBEDDHLB         58.5756 -> 58.5796
58857,5 fw Controll.static GIPNIMALPEG          0.0907 -> 0.0342
58857,5 fw PLH.static      ADJMBEDDHLB         58.5796 -> 58.5916
58857,5 fw PLH.static      CFIMEAFDJFM         54.3943 -> 54.4098
58869,2 fw Controll.static NAKNALFCOIF           11.85 -> 12
58869,2 fw Controll.static IGLCENGMMMJ           12.15 -> 11.85
58869,3 fw PLH.static      ADJMBEDDHLB         58.5916 -> 58.5947
58873,4 fw player          ACAIGMNLLEC               7 -> 8
58873,5 fw player          HEADELMLILF               0 -> 1
58873,5 fw PLH.static      ADJMBEDDHLB         58.5947 -> 58.6065
58873,5 fw PLH.static      CFIMEAFDJFM         54.4098 -> 54.4236
58883,0 fw PLH.static      ADJMBEDDHLB         58.6065 -> 58.6107
58883,0 fw PLH.static      CFIMEAFDJFM         54.4236 -> 54.4295
58890,2 fw Controll.static MKFDGFOCKNO         58.5427 -> 58.5927
58890,2 fw Controll.static LEKCBKLAILO         58.5927 -> 58.6427
58890,2 fw Controll.static OFJKHAFJIMA          0.0003 -> 0.0015
58890,2 fw PLH.static      ADJMBEDDHLB         58.6107 -> 58.6201
58890,2 fw PLH.static      CFIMEAFDJFM         54.4295 -> 54.4389
58896,0 fw PLH.static      ADJMBEDDHLB         58.6201 -> 58.6274
58896,0 fw PLH.static      CFIMEAFDJFM         54.4389 -> 54.4457
58906,2 fw Controll.static GIPNIMALPEG          0.0342 -> 0.0083
58906,3 fw PLH.static      ADJMBEDDHLB         58.6274 -> 58.6331
58909,8 fw Controll.static IGLCENGMMMJ           11.85 -> 11.55
58909,8 fw PLH.static      ADJMBEDDHLB         58.6331 -> 58.6435
58909,8 fw PLH.static      CFIMEAFDJFM         54.4457 -> 54.4604
58922,6 fw PLH.static      ADJMBEDDHLB         58.6435 -> 58.647
58927,3 fw PLH.static      ADJMBEDDHLB          58.647 -> 58.6599
58927,3 fw PLH.static      CFIMEAFDJFM         54.4604 -> 54.4784
58939,7 fw Controll.static MKFDGFOCKNO         58.5927 -> 58.6427
58939,7 fw Controll.static LEKCBKLAILO         58.6427 -> 58.6927
58939,7 fw Controll.static OFJKHAFJIMA          0.0015 -> 0.0001
58939,8 fw PLH.static      ADJMBEDDHLB         58.6599 -> 58.6645
58939,8 fw PLH.static      CFIMEAFDJFM         54.4784 -> 54.4828
58942,8 fw player          HEADELMLILF               1 -> 0
58942,9 fw PLH.static      ADJMBEDDHLB         58.6645 -> 58.677
58942,9 fw PLH.static      CFIMEAFDJFM         54.4828 -> 54.4943
58954,2 fw Controll.static GIPNIMALPEG          0.0083 -> 0.9687
58954,2 fw PLH.static      ADJMBEDDHLB          58.677 -> 58.68
58958,8 fw Controll.static NAKNALFCOIF              12 -> 11.85
58958,8 fw Controll.static IGLCENGMMMJ           11.55 -> 11.25
58958,9 fw PLH.static      ADJMBEDDHLB           58.68 -> 58.6913
58970,3 fw PLH.static      ADJMBEDDHLB         58.6913 -> 58.696
58974,0 fw PLH.static      ADJMBEDDHLB          58.696 -> 58.7074
58974,0 fw PLH.static      CFIMEAFDJFM         54.4943 -> 54.5259
58982,5 fw Controll.static MKFDGFOCKNO         58.6427 -> 58.6927
58982,5 fw Controll.static LEKCBKLAILO         58.6927 -> 58.7427
58982,5 fw Controll.static OFJKHAFJIMA          0.0001 -> 0.0028
58982,5 fw PLH.static      ADJMBEDDHLB         58.7074 -> 58.7111
58989,8 fw PLH.static      ADJMBEDDHLB         58.7111 -> 58.7196
58989,8 fw PLH.static      CFIMEAFDJFM         54.5259 -> 54.5385
58995,5 fw Controll.static GIPNIMALPEG          0.9687 -> 0.7946
58995,5 fw PLH.static      ADJMBEDDHLB         58.7196 -> 58.727
59003,9 fw PLH.static      ADJMBEDDHLB          58.727 -> 58.7327
59003,9 fw PLH.static      CFIMEAFDJFM         54.5385 -> 54.5515
59008,9 fw PLH.static      ADJMBEDDHLB         58.7327 -> 58.741
59016,7 fw PLH.static      ADJMBEDDHLB          58.741 -> 58.7461
59023,2 fw Controll.static MKFDGFOCKNO         58.6927 -> 58.7427
59023,2 fw Controll.static LEKCBKLAILO         58.7427 -> 58.7927
59023,2 fw Controll.static OFJKHAFJIMA          0.0028 -> 0.003
59023,3 fw PLH.static      ADJMBEDDHLB         58.7461 -> 58.7538
59023,3 fw PLH.static      CFIMEAFDJFM         54.5515 -> 54.5727
59030,6 fw PLH.static      ADJMBEDDHLB         58.7538 -> 58.7604
59030,6 fw PLH.static      CFIMEAFDJFM         54.5727 -> 54.5793
59037,5 fw Controll.static GIPNIMALPEG          0.7946 -> 0.6352
59037,7 fw PLH.static      ADJMBEDDHLB         58.7604 -> 58.7677
59037,7 fw PLH.static      CFIMEAFDJFM         54.5793 -> 54.5861
59043,2 fw PLH.static      ADJMBEDDHLB         58.7677 -> 58.7748
59054,1 fw PLH.static      ADJMBEDDHLB         58.7748 -> 58.7803
59054,1 fw PLH.static      CFIMEAFDJFM         54.5861 -> 54.5991
59057,3 fw PLH.static      ADJMBEDDHLB         58.7803 -> 58.7912
59070,3 fw Controll.static MKFDGFOCKNO         58.7427 -> 58.7927
59070,3 fw Controll.static LEKCBKLAILO         58.7927 -> 58.8427
59070,3 fw Controll.static OFJKHAFJIMA           0.003 -> 0.0013
59070,3 fw PLH.static      ADJMBEDDHLB         58.7912 -> 58.7944
59073,0 fw PLH.static      ADJMBEDDHLB         58.7944 -> 58.8075
59073,0 fw PLH.static      CFIMEAFDJFM         54.5991 -> 54.6259
59083,4 fw PLH.static      ADJMBEDDHLB         58.8075 -> 58.8101
59083,4 fw PLH.static      CFIMEAFDJFM         54.6259 -> 54.6291
59090,4 fw Controll.static GIPNIMALPEG          0.6352 -> 0.6934
59090,5 fw PLH.static      ADJMBEDDHLB         58.8101 -> 58.8206
59090,5 fw PLH.static      CFIMEAFDJFM         54.6291 -> 54.6393
59096,8 fw PLH.static      ADJMBEDDHLB         58.8206 -> 58.8277
59105,2 fw PLH.static      ADJMBEDDHLB         58.8277 -> 58.8339
59105,2 fw PLH.static      CFIMEAFDJFM         54.6393 -> 54.6527
59109,4 fw Controll.static MKFDGFOCKNO         58.7927 -> 58.8428
59109,4 fw Controll.static LEKCBKLAILO         58.8427 -> 58.8927
59109,4 fw PLH.static      ADJMBEDDHLB         58.8339 -> 58.8423
59119,9 fw Controll.static OFJKHAFJIMA          0.0013 -> 0.0034
59120,0 fw PLH.static      ADJMBEDDHLB         58.8423 -> 58.8466
59120,0 fw PLH.static      CFIMEAFDJFM         54.6527 -> 54.6653
59125,4 fw PLH.static      ADJMBEDDHLB         58.8466 -> 58.8572
59125,4 fw PLH.static      CFIMEAFDJFM         54.6653 -> 54.6759
59132,3 fw Controll.static GIPNIMALPEG          0.6934 -> 0.5313
59132,4 fw PLH.static      ADJMBEDDHLB         58.8572 -> 58.8625
59132,4 fw PLH.static      CFIMEAFDJFM         54.6759 -> 54.6809
59139,3 fw PLH.static      ADJMBEDDHLB         58.8625 -> 58.8695
59139,3 fw PLH.static      CFIMEAFDJFM         54.6809 -> 54.6884
59146,3 fw PLH.static      ADJMBEDDHLB         58.8695 -> 58.8764
59146,3 fw PLH.static      CFIMEAFDJFM         54.6884 -> 54.6953
59153,9 fw PLH.static      ADJMBEDDHLB         58.8764 -> 58.8834
59159,0 fw Controll.static MKFDGFOCKNO         58.8428 -> 58.8928
59159,0 fw Controll.static LEKCBKLAILO         58.8927 -> 58.9428
59159,0 fw Controll.static OFJKHAFJIMA          0.0034 -> 0.003
59159,0 fw PLH.static      ADJMBEDDHLB         58.8834 -> 58.8911
59159,0 fw PLH.static      CFIMEAFDJFM         54.6953 -> 54.7099
59167,0 fw PLH.static      ADJMBEDDHLB         58.8911 -> 58.8962
59172,6 fw Controll.static GIPNIMALPEG          0.5313 -> 0.3372
59172,7 fw PLH.static      ADJMBEDDHLB         58.8962 -> 58.9042
59172,7 fw PLH.static      CFIMEAFDJFM         54.7099 -> 54.7225
59180,4 fw Controll.static DGNDKAKOEPD         2400760 -> 2401809
59180,4 fw Controll.static BEJBLGGGOCC       339980087 -> 339981137
59180,4 fw PLH.static      ADJMBEDDHLB         58.9042 -> 58.9098
59180,5 fw PLH.static      CFIMEAFDJFM         54.7225 -> 54.7287
59187,7 fw Controll.static JELGPAKAJPE             103 -> 102
59187,7 fw Controll.static EENJPDHGGGC         57.8466 -> 58.8962
59187,7 fw PLH.static      ADJMBEDDHLB         58.9098 -> 58.9177
59187,7 fw PLH.static      CFIMEAFDJFM         54.7287 -> 54.7364
59193,0 fw PLH.static      ADJMBEDDHLB         58.9177 -> 58.9249
59200,1 fw PLH.static      ADJMBEDDHLB         58.9249 -> 58.9302
59207,3 fw PLH.static      ADJMBEDDHLB         58.9302 -> 58.9373
59207,3 fw PLH.static      CFIMEAFDJFM         54.7364 -> 54.756
59214,2 fw Controll.static GIPNIMALPEG          0.3372 -> 0.1682
59214,2 fw PLH.static      ADJMBEDDHLB         58.9373 -> 58.9444
59214,2 fw PLH.static      CFIMEAFDJFM          54.756 -> 54.7627
59221,0 fw PLH.static      ADJMBEDDHLB         58.9444 -> 58.9514
59221,0 fw PLH.static      CFIMEAFDJFM         54.7627 -> 54.7703
59228,2 fw PLH.static      ADJMBEDDHLB         58.9514 -> 58.9582
59228,2 fw PLH.static      CFIMEAFDJFM         54.7703 -> 54.777
59236,0 fw PLH.static      ADJMBEDDHLB         58.9582 -> 58.9654
59236,0 fw PLH.static      CFIMEAFDJFM          54.777 -> 54.7837
59240,8 fw Controll.static MKFDGFOCKNO         58.8928 -> 58.9428
59240,8 fw Controll.static LEKCBKLAILO         58.9428 -> 58.9928
59240,8 fw Controll.static OFJKHAFJIMA           0.003 -> 0.0013
59240,9 fw PLH.static      ADJMBEDDHLB         58.9654 -> 58.9732
59249,3 fw PLH.static      ADJMBEDDHLB         58.9732 -> 58.978
59255,4 fw Controll.static GIPNIMALPEG          0.1682 -> 0.9922
59255,4 fw PLH.static      ADJMBEDDHLB          58.978 -> 58.9865
59255,4 fw PLH.static      CFIMEAFDJFM         54.7837 -> 54.8046
59263,2 fw PLH.static      ADJMBEDDHLB         58.9865 -> 58.9926
59271,0 fw PLH.static      ADJMBEDDHLB         58.9926 -> 59.0004
59271,0 fw PLH.static      CFIMEAFDJFM         54.8046 -> 54.8189
59277,0 fw PLH.static      ADJMBEDDHLB         59.0004 -> 59.0081
59277,0 fw PLH.static      CFIMEAFDJFM         54.8189 -> 54.8265
59286,8 fw Controll.static MKFDGFOCKNO         58.9428 -> 58.9928
59286,8 fw Controll.static LEKCBKLAILO         58.9928 -> 59.0428
59286,8 fw Controll.static OFJKHAFJIMA          0.0013 -> 0.0072
59286,9 fw PLH.static      ADJMBEDDHLB         59.0081 -> 59.0141
59286,9 fw PLH.static      CFIMEAFDJFM         54.8265 -> 54.8329
59289,8 fw PLH.static      ADJMBEDDHLB         59.0141 -> 59.024
59289,8 fw PLH.static      CFIMEAFDJFM         54.8329 -> 54.8423
59303,0 fw Controll.static GIPNIMALPEG          0.9922 -> 0.9441
59303,1 fw PLH.static      ADJMBEDDHLB          59.024 -> 59.0269
59307,6 fw PLH.static      ADJMBEDDHLB         59.0269 -> 59.0404
59307,6 fw PLH.static      CFIMEAFDJFM         54.8423 -> 54.8589
59319,4 fw PLH.static      ADJMBEDDHLB         59.0404 -> 59.0448
59322,6 fw PLH.static      ADJMBEDDHLB         59.0448 -> 59.0565
59322,6 fw PLH.static      CFIMEAFDJFM         54.8589 -> 54.8753
59333,3 fw Controll.static MKFDGFOCKNO         58.9928 -> 59.0428
59333,3 fw Controll.static LEKCBKLAILO         59.0428 -> 59.0928
59333,3 fw Controll.static OFJKHAFJIMA          0.0072 -> 0.0016
59333,5 fw PLH.static      ADJMBEDDHLB         59.0565 -> 59.0597
59339,1 fw PLH.static      ADJMBEDDHLB         59.0597 -> 59.0708
59339,1 fw PLH.static      CFIMEAFDJFM         54.8753 -> 54.8884
59348,7 fw PLH.static      ADJMBEDDHLB         59.0708 -> 59.0762
59355,0 fw Controll.static GIPNIMALPEG          0.9441 -> 0.9834
59355,0 fw PLH.static      ADJMBEDDHLB         59.0762 -> 59.0859
59355,0 fw PLH.static      CFIMEAFDJFM         54.8884 -> 54.9042
59362,3 fw PLH.static      ADJMBEDDHLB         59.0859 -> 59.0922
59369,7 fw PLH.static      ADJMBEDDHLB         59.0922 -> 59.0994
59375,0 fw Controll.static MKFDGFOCKNO         59.0428 -> 59.0928
59375,1 fw Controll.static LEKCBKLAILO         59.0928 -> 59.1428
59375,1 fw PLH.static      ADJMBEDDHLB         59.0994 -> 59.1068
59375,1 fw PLH.static      CFIMEAFDJFM         54.9042 -> 54.9252
59382,6 fw Controll.static OFJKHAFJIMA          0.0016 -> 0.0062
59382,6 fw PLH.static      ADJMBEDDHLB         59.1068 -> 59.1123
59382,6 fw PLH.static      CFIMEAFDJFM         54.9252 -> 54.931
59389,6 fw PLH.static      ADJMBEDDHLB         59.1123 -> 59.1198
59389,6 fw PLH.static      CFIMEAFDJFM          54.931 -> 54.9386
59395,6 fw Controll.static GIPNIMALPEG          0.9834 -> 0.797
59395,7 fw PLH.static      ADJMBEDDHLB         59.1198 -> 59.1268
59403,3 fw PLH.static      ADJMBEDDHLB         59.1268 -> 59.1329
59403,3 fw PLH.static      CFIMEAFDJFM         54.9386 -> 54.9516
59409,5 fw PLH.static      ADJMBEDDHLB         59.1329 -> 59.1404
59418,6 fw PLH.static      ADJMBEDDHLB         59.1404 -> 59.1466
59418,6 fw PLH.static      CFIMEAFDJFM         54.9516 -> 54.9649
59422,1 fw Controll.static MKFDGFOCKNO         59.0928 -> 59.1428
59422,1 fw Controll.static LEKCBKLAILO         59.1428 -> 59.1928
59422,1 fw Controll.static OFJKHAFJIMA          0.0062 -> 0.0035
59422,1 fw PLH.static      ADJMBEDDHLB         59.1466 -> 59.1558
59422,1 fw PLH.static      CFIMEAFDJFM         54.9649 -> 54.9746
59432,8 fw PLH.static      ADJMBEDDHLB         59.1558 -> 59.1593
59432,8 fw PLH.static      CFIMEAFDJFM         54.9746 -> 54.9782
59439,2 fw Controll.static GIPNIMALPEG           0.797 -> 0.6677
59439,2 fw PLH.static      ADJMBEDDHLB         59.1593 -> 59.17
59439,2 fw PLH.static      CFIMEAFDJFM         54.9782 -> 54.9881
59447,2 fw PLH.static      ADJMBEDDHLB           59.17 -> 59.1763
59447,2 fw PLH.static      CFIMEAFDJFM         54.9881 -> 54.9952
59453,6 fw PLH.static      ADJMBEDDHLB         59.1763 -> 59.1844
59461,2 fw PLH.static      ADJMBEDDHLB         59.1844 -> 59.1908
59467,1 fw Controll.static MKFDGFOCKNO         59.1428 -> 59.1928
59467,1 fw Controll.static LEKCBKLAILO         59.1928 -> 59.2428
59467,1 fw Controll.static OFJKHAFJIMA          0.0035 -> 0.0049
59467,2 fw PLH.static      ADJMBEDDHLB         59.1908 -> 59.1984
59467,2 fw PLH.static      CFIMEAFDJFM         54.9952 -> 55.0166
59475,4 fw PLH.static      ADJMBEDDHLB         59.1984 -> 59.2044
59475,4 fw PLH.static      CFIMEAFDJFM         55.0166 -> 55.0224
59480,1 fw Controll.static GIPNIMALPEG          0.6677 -> 0.4861
59480,2 fw PLH.static      ADJMBEDDHLB         59.2044 -> 59.2126
59480,2 fw PLH.static      CFIMEAFDJFM         55.0224 -> 55.0313
59489,1 fw PLH.static      ADJMBEDDHLB         59.2126 -> 59.2173
59494,1 fw PLH.static      ADJMBEDDHLB         59.2173 -> 59.2263
59494,1 fw PLH.static      CFIMEAFDJFM         55.0313 -> 55.0446
59502,6 fw PLH.static      ADJMBEDDHLB         59.2263 -> 59.2312
59502,6 fw PLH.static      CFIMEAFDJFM         55.0446 -> 55.05
59507,9 fw Controll.static MKFDGFOCKNO         59.1928 -> 59.2428
59507,9 fw Controll.static LEKCBKLAILO         59.2428 -> 59.2928
59507,9 fw Controll.static OFJKHAFJIMA          0.0049 -> 0.002
59508,0 fw PLH.static      ADJMBEDDHLB         59.2312 -> 59.2398
59519,3 fw PLH.static      ADJMBEDDHLB         59.2398 -> 59.2451
59519,3 fw PLH.static      CFIMEAFDJFM           55.05 -> 55.0633
59521,7 fw Controll.static GIPNIMALPEG          0.4861 -> 0.3181
59521,7 fw PLH.static      ADJMBEDDHLB         59.2451 -> 59.2565
59521,7 fw PLH.static      CFIMEAFDJFM         55.0633 -> 55.0744
59534,5 fw Controll.static NAKNALFCOIF           11.85 -> 12.15
59534,5 fw Controll.static IGLCENGMMMJ           11.25 -> 10.8
59534,6 fw PLH.static      ADJMBEDDHLB         59.2565 -> 59.2589
59539,0 fw PLH.static      ADJMBEDDHLB         59.2589 -> 59.2719
59539,0 fw PLH.static      CFIMEAFDJFM         55.0744 -> 55.0883
59549,6 fw PLH.static      ADJMBEDDHLB         59.2719 -> 59.2762
59549,6 fw PLH.static      CFIMEAFDJFM         55.0883 -> 55.095
59555,1 fw PLH.static      ADJMBEDDHLB         59.2762 -> 59.2868
59562,7 fw PLH.static      ADJMBEDDHLB         59.2868 -> 59.2922
59570,0 fw Controll.static GIPNIMALPEG          0.3181 -> 0.2838
59570,0 fw PLH.static      ADJMBEDDHLB         59.2922 -> 59.2999
59570,0 fw PLH.static      CFIMEAFDJFM          55.095 -> 55.1183
59575,9 fw Controll.static NAKNALFCOIF           12.15 -> 12.45
59575,9 fw PLH.static      ADJMBEDDHLB         59.2999 -> 59.3072
59575,9 fw PLH.static      CFIMEAFDJFM         55.1183 -> 55.1255
59585,4 fw Controll.static IGLCENGMMMJ            10.8 -> 10.5
59585,5 fw PLH.static      ADJMBEDDHLB         59.3072 -> 59.313
59588,5 fw PLH.static      ADJMBEDDHLB          59.313 -> 59.3226
59588,5 fw PLH.static      CFIMEAFDJFM         55.1255 -> 55.1409
59598,7 fw Controll.static MKFDGFOCKNO         59.2428 -> 59.2928
59598,7 fw Controll.static LEKCBKLAILO         59.2928 -> 59.3428
59598,7 fw Controll.static OFJKHAFJIMA           0.002 -> 0.0066
59598,8 fw PLH.static      ADJMBEDDHLB         59.3226 -> 59.3256
59605,9 fw PLH.static      ADJMBEDDHLB         59.3256 -> 59.3359
59605,9 fw PLH.static      CFIMEAFDJFM         55.1409 -> 55.1547
59612,4 fw PLH.static      ADJMBEDDHLB         59.3359 -> 59.343
59621,0 fw Controll.static GIPNIMALPEG          0.2838 -> 0.3034
59621,0 fw PLH.static      ADJMBEDDHLB          59.343 -> 59.3495
59626,2 fw Controll.static NAKNALFCOIF           12.45 -> 12.6
59626,2 fw Controll.static IGLCENGMMMJ            10.5 -> 10.35
59626,2 fw PLH.static      ADJMBEDDHLB         59.3495 -> 59.3582
59626,2 fw PLH.static      CFIMEAFDJFM         55.1547 -> 55.176
59634,6 fw PLH.static      ADJMBEDDHLB         59.3582 -> 59.3633
59634,6 fw PLH.static      CFIMEAFDJFM          55.176 -> 55.1817
59640,0 fw Controll.static MKFDGFOCKNO         59.2928 -> 59.3428
59640,1 fw Controll.static LEKCBKLAILO         59.3428 -> 59.3928
59640,1 fw PLH.static      ADJMBEDDHLB         59.3633 -> 59.3718
59647,7 fw Controll.static OFJKHAFJIMA          0.0066 -> 0.0061
59647,8 fw PLH.static      ADJMBEDDHLB         59.3718 -> 59.3772
59653,9 fw PLH.static      ADJMBEDDHLB         59.3772 -> 59.385
59664,0 fw Controll.static GIPNIMALPEG          0.3034 -> 0.1637
59664,1 fw PLH.static      ADJMBEDDHLB          59.385 -> 59.3911
59670,1 fw Controll.static NAKNALFCOIF            12.6 -> 12.9
59670,2 fw PLH.static      ADJMBEDDHLB         59.3911 -> 59.4012
59676,8 fw PLH.static      ADJMBEDDHLB         59.4012 -> 59.4073
59676,8 fw PLH.static      CFIMEAFDJFM         55.1817 -> 55.2256
59686,9 fw PLH.static      ADJMBEDDHLB         59.4073 -> 59.4139
59690,5 fw Controll.static MKFDGFOCKNO         59.3428 -> 59.3928
59690,5 fw Controll.static LEKCBKLAILO         59.3928 -> 59.4428
59690,5 fw Controll.static OFJKHAFJIMA          0.0061 -> 0.0079
59690,6 fw PLH.static      ADJMBEDDHLB         59.4139 -> 59.4241
59690,6 fw PLH.static      CFIMEAFDJFM         55.2256 -> 55.2422
59701,8 fw PLH.static      ADJMBEDDHLB         59.4241 -> 59.4277
59708,1 fw player          LNIDBHIAJJI               8 -> 7
59708,1 fw Controll.static GIPNIMALPEG          0.1637 -> 0.0454
59708,2 fw PLH.static      ADJMBEDDHLB         59.4277 -> 59.439
59708,2 fw PLH.static      CFIMEAFDJFM         55.2422 -> 55.2578
59714,7 fw PLH.static      ADJMBEDDHLB          59.439 -> 59.4454
59714,7 fw PLH.static      CFIMEAFDJFM         55.2578 -> 55.2632
59721,3 fw PLH.static      ADJMBEDDHLB         59.4454 -> 59.4518
59728,0 fw PLH.static      ADJMBEDDHLB         59.4518 -> 59.4584
59728,0 fw PLH.static      CFIMEAFDJFM         55.2632 -> 55.2772
59736,1 fw Controll.static MKFDGFOCKNO         59.3928 -> 59.4428
59736,1 fw Controll.static LEKCBKLAILO         59.4428 -> 59.4928
59736,1 fw Controll.static OFJKHAFJIMA          0.0079 -> 0.002
59736,1 fw PLH.static      ADJMBEDDHLB         59.4584 -> 59.4651
59736,1 fw PLH.static      CFIMEAFDJFM         55.2772 -> 55.2834
59742,0 fw PLH.static      ADJMBEDDHLB         59.4651 -> 59.4733
59752,1 fw Controll.static GIPNIMALPEG          0.0454 -> 0.925
59752,1 fw PLH.static      ADJMBEDDHLB         59.4733 -> 59.4792
59752,1 fw PLH.static      CFIMEAFDJFM         55.2834 -> 55.298
59755,5 fw PLH.static      ADJMBEDDHLB         59.4792 -> 59.4893
59766,0 fw PLH.static      ADJMBEDDHLB         59.4893 -> 59.4926
59772,4 fw PLH.static      ADJMBEDDHLB         59.4926 -> 59.5033
59772,4 fw PLH.static      CFIMEAFDJFM          55.298 -> 55.3212
59779,4 fw Controll.static MKFDGFOCKNO         59.4428 -> 59.4928
59779,4 fw Controll.static LEKCBKLAILO         59.4928 -> 59.5428
59779,4 fw Controll.static OFJKHAFJIMA           0.002 -> 0.0099
59779,5 fw PLH.static      ADJMBEDDHLB         59.5033 -> 59.5095
59779,5 fw PLH.static      CFIMEAFDJFM         55.3212 -> 55.3284
59787,6 fw PLH.static      ADJMBEDDHLB         59.5095 -> 59.5167
59787,6 fw PLH.static      CFIMEAFDJFM         55.3284 -> 55.3354
59793,1 fw Controll.static GIPNIMALPEG           0.925 -> 0.7454
59793,1 fw PLH.static      ADJMBEDDHLB         59.5167 -> 59.5247
59801,9 fw player          ACAIGMNLLEC               8 -> 9
59801,9 fw player          HEADELMLILF               0 -> 1
59802,0 fw PLH.static      ADJMBEDDHLB         59.5247 -> 59.5304
59802,0 fw PLH.static      CFIMEAFDJFM         55.3354 -> 55.3492
59802,0 fw HUD.static      PHNGEPIGKIO               0 -> 1
59802,0 fw HUD.static      FJMNBAGNAIH         49.9675 -> 55.5992
59802,0 fw HUD.static      OOIBIGCALAA             0.5 -> 0.25
59802,0 fw HUD.static      IICPDHNGAKC               1 -> 0.5
59807,0 fw player          FDOJDJLIGLF               0 -> 100
59807,1 fw PLH.static      ADJMBEDDHLB         59.5304 -> 59.5392
59818,5 fw PLH.static      ADJMBEDDHLB         59.5392 -> 59.5442
59822,3 fw Controll.static MKFDGFOCKNO         59.4928 -> 59.5428
59822,3 fw Controll.static LEKCBKLAILO         59.5428 -> 59.5928
59822,3 fw Controll.static OFJKHAFJIMA          0.0099 -> 0.001
59822,3 fw PLH.static      ADJMBEDDHLB         59.5442 -> 59.5557
59822,3 fw PLH.static      CFIMEAFDJFM         55.3492 -> 55.3745
59835,6 fw player          HEADELMLILF               1 -> 0
59835,6 fw PLH.static      ADJMBEDDHLB         59.5557 -> 59.5594
59839,2 fw Controll.static GIPNIMALPEG          0.7454 -> 0.6684
59839,3 fw PLH.static      ADJMBEDDHLB         59.5594 -> 59.5728
59839,3 fw PLH.static      CFIMEAFDJFM         55.3745 -> 55.3909
59852,3 fw PLH.static      ADJMBEDDHLB         59.5728 -> 59.5764
59856,8 fw PLH.static      ADJMBEDDHLB         59.5764 -> 59.5894
59856,8 fw PLH.static      CFIMEAFDJFM         55.3909 -> 55.4076
59869,0 fw PLH.static      ADJMBEDDHLB         59.5894 -> 59.594
59872,5 fw Controll.static MKFDGFOCKNO         59.5428 -> 59.5928
59872,5 fw Controll.static LEKCBKLAILO         59.5928 -> 59.6428
59872,5 fw Controll.static OFJKHAFJIMA           0.001 -> 0.0007
59872,5 fw PLH.static      ADJMBEDDHLB          59.594 -> 59.6061
59872,5 fw PLH.static      CFIMEAFDJFM         55.4076 -> 55.4244
59884,8 fw PLH.static      ADJMBEDDHLB         59.6061 -> 59.6096
59889,6 fw PLH.static      ADJMBEDDHLB         59.6096 -> 59.6219
59889,6 fw PLH.static      CFIMEAFDJFM         55.4244 -> 55.4403
59900,8 fw Controll.static GIPNIMALPEG          0.6684 -> 0.8985
59900,8 fw PLH.static      ADJMBEDDHLB         59.6219 -> 59.6269
59900,8 fw PLH.static      CFIMEAFDJFM         55.4403 -> 55.4455
59905,7 fw PLH.static      ADJMBEDDHLB         59.6269 -> 59.638
59905,7 fw HUD.static      FJMNBAGNAIH         55.5992 -> 55.6955
59915,5 fw PLH.static      ADJMBEDDHLB          59.638 -> 59.6429
59922,8 fw Controll.static MKFDGFOCKNO         59.5928 -> 59.6428
59922,8 fw Controll.static LEKCBKLAILO         59.6428 -> 59.6928
59922,9 fw PLH.static      ADJMBEDDHLB         59.6429 -> 59.6527
59922,9 fw PLH.static      CFIMEAFDJFM         55.4455 -> 55.471
59930,7 fw Controll.static OFJKHAFJIMA          0.0007 -> 0.0092
59930,8 fw PLH.static      ADJMBEDDHLB         59.6527 -> 59.66
59930,8 fw PLH.static      CFIMEAFDJFM          55.471 -> 55.4787
59937,6 fw PLH.static      ADJMBEDDHLB           59.66 -> 59.668
59947,1 fw Controll.static GIPNIMALPEG          0.8985 -> 0.8241
59947,1 fw PLH.static      ADJMBEDDHLB          59.668 -> 59.6747
59947,1 fw PLH.static      CFIMEAFDJFM         55.4787 -> 55.4927
59952,4 fw Controll.static NAKNALFCOIF            12.9 -> 13.2
59952,4 fw PLH.static      ADJMBEDDHLB         59.6747 -> 59.6844
59952,4 fw PLH.static      CFIMEAFDJFM         55.4927 -> 55.5013
59960,8 fw PLH.static      ADJMBEDDHLB         59.6844 -> 59.6895
59969,0 fw PLH.static      ADJMBEDDHLB         59.6895 -> 59.698
59969,0 fw PLH.static      CFIMEAFDJFM         55.5013 -> 55.5166
59974,1 fw Controll.static MKFDGFOCKNO         59.6428 -> 59.6928
59974,1 fw Controll.static LEKCBKLAILO         59.6928 -> 59.7428
59974,1 fw Controll.static OFJKHAFJIMA          0.0092 -> 0.0048
59974,1 fw PLH.static      ADJMBEDDHLB          59.698 -> 59.7062
59974,1 fw PLH.static      CFIMEAFDJFM         55.5166 -> 55.5243
59984,7 fw PLH.static      ADJMBEDDHLB         59.7062 -> 59.7113
59984,7 fw PLH.static      CFIMEAFDJFM         55.5243 -> 55.5301
59988,6 fw Controll.static GIPNIMALPEG          0.8241 -> 0.6548
59988,6 fw PLH.static      ADJMBEDDHLB         59.7113 -> 59.722
59988,6 fw PLH.static      CFIMEAFDJFM         55.5301 -> 55.5402
59988,6 fw HUD.static      FJMNBAGNAIH         55.6955 -> 55.7902
59997,8 fw PLH.static      ADJMBEDDHLB          59.722 -> 59.7258
60006,1 fw PLH.static      ADJMBEDDHLB         59.7258 -> 59.7349
60006,1 fw PLH.static      CFIMEAFDJFM         55.5402 -> 55.5538
60012,2 fw player          FDOJDJLIGLF             100 -> 70
60012,2 fw PLH.static      ADJMBEDDHLB         59.7349 -> 59.7433
60020,7 fw Controll.static MKFDGFOCKNO         59.6928 -> 59.7428
60020,7 fw Controll.static LEKCBKLAILO         59.7428 -> 59.7928
60020,7 fw Controll.static OFJKHAFJIMA          0.0048 -> 0
60020,7 fw PLH.static      ADJMBEDDHLB         59.7433 -> 59.7494
60020,7 fw PLH.static      CFIMEAFDJFM         55.5538 -> 55.5674
60026,4 fw PLH.static      ADJMBEDDHLB         59.7494 -> 59.7579
60026,4 fw PLH.static      CFIMEAFDJFM         55.5674 -> 55.5765
60035,3 fw Controll.static GIPNIMALPEG          0.6548 -> 0.5898
60035,4 fw PLH.static      ADJMBEDDHLB         59.7579 -> 59.7636
60041,0 fw Controll.static NAKNALFCOIF            13.2 -> 13.35
60041,1 fw PLH.static      ADJMBEDDHLB         59.7636 -> 59.7725
60041,1 fw PLH.static      CFIMEAFDJFM         55.5765 -> 55.5914
60052,7 fw PLH.static      ADJMBEDDHLB         59.7725 -> 59.7782
60056,8 fw PLH.static      ADJMBEDDHLB         59.7782 -> 59.79
60056,8 fw PLH.static      CFIMEAFDJFM         55.5914 -> 55.6081
60069,3 fw Controll.static MKFDGFOCKNO         59.7428 -> 59.7928
60069,3 fw Controll.static LEKCBKLAILO         59.7928 -> 59.8428
60069,3 fw Controll.static OFJKHAFJIMA               0 -> 0.0007
60069,3 fw PLH.static      ADJMBEDDHLB           59.79 -> 59.7939
60073,9 fw PLH.static      ADJMBEDDHLB         59.7939 -> 59.8065
60073,9 fw PLH.static      CFIMEAFDJFM         55.6081 -> 55.6241
60085,4 fw Controll.static GIPNIMALPEG          0.5898 -> 0.5901
60085,4 fw PLH.static      ADJMBEDDHLB         59.8065 -> 59.8114
60085,4 fw PLH.static      CFIMEAFDJFM         55.6241 -> 55.6298
60089,2 fw Controll.static NAKNALFCOIF           13.35 -> 13.8
60089,2 fw Controll.static IGLCENGMMMJ           10.35 -> 10.2
60089,2 fw PLH.static      ADJMBEDDHLB         59.8114 -> 59.8226
60089,2 fw PLH.static      CFIMEAFDJFM         55.6298 -> 55.6401
60089,2 fw HUD.static      FJMNBAGNAIH         55.7902 -> 55.8798
60101,2 fw PLH.static      ADJMBEDDHLB         59.8226 -> 59.8263
60106,3 fw PLH.static      ADJMBEDDHLB         59.8263 -> 59.8383
60106,3 fw PLH.static      CFIMEAFDJFM         55.6401 -> 55.6571
60106,4 fw HUD.static      GONEFAMEMOJ             175 -> 170
60106,4 fw HUD.static      DIIAFKMNANI         50.6666 -> 55.6571
60117,0 fw Controll.static MKFDGFOCKNO         59.7928 -> 59.8428
60117,0 fw Controll.static LEKCBKLAILO         59.8428 -> 59.8928
60117,0 fw Controll.static OFJKHAFJIMA          0.0007 -> 0.0003
60117,1 fw PLH.static      ADJMBEDDHLB         59.8383 -> 59.8435
60121,8 fw PLH.static      ADJMBEDDHLB         59.8435 -> 59.8542
60121,8 fw PLH.static      CFIMEAFDJFM         55.6571 -> 55.6731
60131,2 fw Controll.static GIPNIMALPEG          0.5901 -> 0.5074
60131,3 fw PLH.static      ADJMBEDDHLB         59.8542 -> 59.859
60131,3 fw PLH.static      CFIMEAFDJFM         55.6731 -> 55.6778
60137,4 fw PLH.static      ADJMBEDDHLB          59.859 -> 59.8685
60137,4 fw PLH.static      CFIMEAFDJFM         55.6778 -> 55.6864
60146,0 fw PLH.static      ADJMBEDDHLB         59.8685 -> 59.8745
60153,9 fw PLH.static      ADJMBEDDHLB         59.8745 -> 59.8832
60153,9 fw PLH.static      CFIMEAFDJFM         55.6864 -> 55.7012
60159,7 fw Controll.static MKFDGFOCKNO         59.8428 -> 59.8929
60159,7 fw Controll.static LEKCBKLAILO         59.8928 -> 59.9429
60159,7 fw Controll.static OFJKHAFJIMA          0.0003 -> 0.0036
60159,8 fw PLH.static      ADJMBEDDHLB         59.8832 -> 59.8913
60159,8 fw PLH.static      CFIMEAFDJFM         55.7012 -> 55.7098
60170,2 fw PLH.static      ADJMBEDDHLB         59.8913 -> 59.897
60175,4 fw player          FDOJDJLIGLF              70 -> 30
60175,5 fw PLH.static      ADJMBEDDHLB          59.897 -> 59.9074
60175,5 fw PLH.static      CFIMEAFDJFM         55.7098 -> 55.7255
60175,5 fw HUD.static      FJMNBAGNAIH         55.8798 -> 55.9598
60185,9 fw Controll.static GIPNIMALPEG          0.5074 -> 0.5998
60186,0 fw PLH.static      ADJMBEDDHLB         59.9074 -> 59.9126
60186,0 fw PLH.static      CFIMEAFDJFM         55.7255 -> 55.7314
60191,1 fw Controll.static DGNDKAKOEPD         2401809 -> 2402804
60191,1 fw Controll.static BEJBLGGGOCC       339981137 -> 339982137
60191,1 fw Controll.static JELGPAKAJPE             102 -> 98
60191,1 fw Controll.static EENJPDHGGGC         58.8962 -> 59.8913
60191,1 fw PLH.static      ADJMBEDDHLB         59.9126 -> 59.9231
60191,1 fw PLH.static      CFIMEAFDJFM         55.7314 -> 55.7413
60201,0 fw PLH.static      ADJMBEDDHLB         59.9231 -> 59.9283
60206,5 fw Controll.static MKFDGFOCKNO         59.8929 -> 59.9429
60206,6 fw Controll.static LEKCBKLAILO         59.9429 -> 59.9929
60206,6 fw PLH.static      ADJMBEDDHLB         59.9283 -> 59.9381
60206,6 fw PLH.static      CFIMEAFDJFM         55.7413 -> 55.757
60218,9 fw Controll.static OFJKHAFJIMA          0.0036 -> 0.0004
60218,9 fw PLH.static      ADJMBEDDHLB         59.9381 -> 59.9438
60222,5 fw PLH.static      ADJMBEDDHLB         59.9438 -> 59.9561
60222,5 fw PLH.static      CFIMEAFDJFM          55.757 -> 55.7748
60235,0 fw Controll.static GIPNIMALPEG          0.5998 -> 0.5824
60235,0 fw PLH.static      ADJMBEDDHLB         59.9561 -> 59.9597
60235,0 fw PLH.static      CFIMEAFDJFM         55.7748 -> 55.7785
60240,7 fw player          FDOJDJLIGLF              30 -> 10
60240,7 fw Controll.static NAKNALFCOIF            13.8 -> 13.95
60240,8 fw Controll.static IGLCENGMMMJ            10.2 -> 10.05
60240,8 fw PLH.static      ADJMBEDDHLB         59.9597 -> 59.9724
60240,8 fw PLH.static      CFIMEAFDJFM         55.7785 -> 55.7903
60240,9 fw HUD.static      FJMNBAGNAIH         55.9598 -> 56.0403
60252,0 fw PLH.static      ADJMBEDDHLB         59.9724 -> 59.978
60257,2 fw PLH.static      ADJMBEDDHLB          59.978 -> 59.9892
60257,2 fw PLH.static      CFIMEAFDJFM         55.7903 -> 55.8074
60267,7 fw Controll.static MKFDGFOCKNO         59.9429 -> 59.9929
60267,7 fw Controll.static LEKCBKLAILO         59.9929 -> 60.0429
60267,7 fw Controll.static OFJKHAFJIMA          0.0004 -> 0.001
60267,8 fw PLH.static      ADJMBEDDHLB         59.9892 -> 59.9944
60272,4 fw PLH.static      ADJMBEDDHLB         59.9944 -> 60.005
60272,4 fw PLH.static      CFIMEAFDJFM         55.8074 -> 55.8233
60284,8 fw Controll.static GIPNIMALPEG          0.5824 -> 0.5782
60284,9 fw PLH.static      ADJMBEDDHLB          60.005 -> 60.0095
60288,6 fw PLH.static      ADJMBEDDHLB         60.0095 -> 60.022
60288,6 fw PLH.static      CFIMEAFDJFM         55.8233 -> 55.8403
60301,1 fw PLH.static      ADJMBEDDHLB          60.022 -> 60.0258
60308,0 fw PLH.static      ADJMBEDDHLB         60.0258 -> 60.0382
60308,0 fw PLH.static      CFIMEAFDJFM         55.8403 -> 55.857
60316,8 fw Controll.static MKFDGFOCKNO         59.9929 -> 60.0429
60316,8 fw Controll.static LEKCBKLAILO         60.0429 -> 60.0929
60316,8 fw Controll.static OFJKHAFJIMA           0.001 -> 0.0019
60316,8 fw PLH.static      ADJMBEDDHLB         60.0382 -> 60.0451
60316,8 fw PLH.static      CFIMEAFDJFM          55.857 -> 55.8631
60321,1 fw PLH.static      ADJMBEDDHLB         60.0451 -> 60.0541
60321,1 fw PLH.static      CFIMEAFDJFM         55.8631 -> 55.8728
60335,2 fw player          MHCOJFIAGLP               0 -> 1
60335,2 fw Controll.static GIPNIMALPEG          0.5782 -> 0.3048
60335,3 fw PLH.static      ADJMBEDDHLB         60.0541 -> 60.062
60335,3 fw PLH.static      CFIMEAFDJFM         55.8728 -> 55.8772
60335,3 fw HUD.static      FJMNBAGNAIH         56.0403 -> 56.1272
60341,0 fw PLH.static      ADJMBEDDHLB          60.062 -> 60.0725
60341,0 fw PLH.static      CFIMEAFDJFM         55.8772 -> 55.8904
60353,7 fw PLH.static      ADJMBEDDHLB         60.0725 -> 60.0781
60359,3 fw Controll.static JGNLBAMNEBA               0 -> 1
60359,3 fw Controll.static HCOLPFEEENG               0 -> 1
60359,3 fw Controll.static EGDKJEFGFIC               0 -> 1
60359,4 fw PLH.static      ADJMBEDDHLB         60.0781 -> 60.0909
60359,4 fw PLH.static      CFIMEAFDJFM         55.8904 -> 55.9086
60370,5 fw player          HIDMDLLHEKO               0 -> 5
60370,5 fw Controll.static OFJKHAFJIMA          0.0019 -> 0.0146
60370,5 fw PLH.static      ADJMBEDDHLB         60.0909 -> 60.0966
60376,0 fw PLH.static      ADJMBEDDHLB         60.0966 -> 60.1076
60376,0 fw PLH.static      CFIMEAFDJFM         55.9086 -> 55.9257
60388,2 fw PLH.static      ADJMBEDDHLB         60.1076 -> 60.1131
60393,9 fw PLH.static      ADJMBEDDHLB         60.1131 -> 60.1255
60393,9 fw PLH.static      CFIMEAFDJFM         55.9257 -> 55.9423
60404,2 fw PLH.static      ADJMBEDDHLB         60.1255 -> 60.1311
60404,2 fw PLH.static      CFIMEAFDJFM         55.9423 -> 55.9488
60410,4 fw PLH.static      ADJMBEDDHLB         60.1311 -> 60.1415
60420,1 fw Controll.static OFJKHAFJIMA          0.0146 -> 0
60420,1 fw PLH.static      ADJMBEDDHLB         60.1415 -> 60.1475
60427,7 fw PLH.static      ADJMBEDDHLB         60.1475 -> 60.1573
60427,7 fw PLH.static      CFIMEAFDJFM         55.9488 -> 55.9752
60439,1 fw PLH.static      ADJMBEDDHLB         60.1573 -> 60.1648
60439,1 fw PLH.static      CFIMEAFDJFM         55.9752 -> 55.9817
60443,4 fw PLH.static      ADJMBEDDHLB         60.1648 -> 60.1763
60455,6 fw PLH.static      ADJMBEDDHLB         60.1763 -> 60.1806
60459,5 fw PLH.static      ADJMBEDDHLB         60.1806 -> 60.1934
60459,5 fw PLH.static      CFIMEAFDJFM         55.9817 -> 56.0098
60473,1 fw PLH.static      ADJMBEDDHLB         60.1934 -> 60.1967
60476,7 fw PLH.static      ADJMBEDDHLB         60.1967 -> 60.2103
60476,7 fw PLH.static      CFIMEAFDJFM         56.0098 -> 56.0269
60488,7 fw PLH.static      ADJMBEDDHLB         60.2103 -> 60.2138
60488,7 fw PLH.static      CFIMEAFDJFM         56.0269 -> 56.0327
60492,7 fw PLH.static      ADJMBEDDHLB         60.2138 -> 60.2259
60492,7 fw PLH.static      CFIMEAFDJFM         56.0327 -> 56.0437
60503,1 fw PLH.static      ADJMBEDDHLB         60.2259 -> 60.2298
60509,1 fw PLH.static      ADJMBEDDHLB         60.2298 -> 60.2402
60516,6 fw PLH.static      ADJMBEDDHLB         60.2402 -> 60.2463
60523,0 fw PLH.static      ADJMBEDDHLB         60.2463 -> 60.2537
60533,2 fw PLH.static      ADJMBEDDHLB         60.2537 -> 60.2601
60533,2 fw PLH.static      CFIMEAFDJFM         56.0437 -> 56.0791
60536,1 fw PLH.static      ADJMBEDDHLB         60.2601 -> 60.2705
60536,1 fw PLH.static      CFIMEAFDJFM         56.0791 -> 56.0883
60550,8 fw PLH.static      ADJMBEDDHLB         60.2705 -> 60.2732
60553,5 fw PLH.static      ADJMBEDDHLB         60.2732 -> 60.288
60553,5 fw PLH.static      CFIMEAFDJFM         56.0883 -> 56.105
60567,3 fw PLH.static      ADJMBEDDHLB          60.288 -> 60.2906
60570,2 fw PLH.static      ADJMBEDDHLB         60.2906 -> 60.3045
60583,4 fw PLH.static      ADJMBEDDHLB         60.3045 -> 60.3075
60583,4 fw PLH.static      CFIMEAFDJFM          56.105 -> 56.1263
60587,6 fw PLH.static      ADJMBEDDHLB         60.3075 -> 60.3205
60587,6 fw PLH.static      CFIMEAFDJFM         56.1263 -> 56.1385
60601,0 fw PLH.static      ADJMBEDDHLB         60.3205 -> 60.3248
60601,1 fw HUD.static      PHNGEPIGKIO               1 -> 0
60605,3 fw PLH.static      ADJMBEDDHLB         60.3248 -> 60.3383
60605,3 fw PLH.static      CFIMEAFDJFM         56.1385 -> 56.1556
60616,7 fw PLH.static      ADJMBEDDHLB         60.3383 -> 60.3425
60621,4 fw PLH.static      ADJMBEDDHLB         60.3425 -> 60.3538
60621,4 fw PLH.static      CFIMEAFDJFM         56.1556 -> 56.1727
60633,4 fw PLH.static      ADJMBEDDHLB         60.3538 -> 60.3585
60633,4 fw PLH.static      CFIMEAFDJFM         56.1727 -> 56.1774
60636,7 fw PLH.static      ADJMBEDDHLB         60.3585 -> 60.3706
60636,7 fw PLH.static      CFIMEAFDJFM         56.1774 -> 56.1887
60649,7 fw PLH.static      ADJMBEDDHLB         60.3706 -> 60.3739
60652,8 fw PLH.static      ADJMBEDDHLB         60.3739 -> 60.3869
60652,8 fw PLH.static      CFIMEAFDJFM         56.1887 -> 56.2049
60666,2 fw PLH.static      ADJMBEDDHLB         60.3869 -> 60.3899
60669,3 fw PLH.static      ADJMBEDDHLB         60.3899 -> 60.4035
60669,3 fw PLH.static      CFIMEAFDJFM         56.2049 -> 56.2215
60683,5 fw PLH.static      ADJMBEDDHLB         60.4035 -> 60.4065
60686,8 fw PLH.static      ADJMBEDDHLB         60.4065 -> 60.4206
60686,8 fw PLH.static      CFIMEAFDJFM         56.2215 -> 56.2385
60698,8 fw PLH.static      ADJMBEDDHLB         60.4206 -> 60.424
60701,7 fw PLH.static      ADJMBEDDHLB          60.424 -> 60.436
60701,7 fw PLH.static      CFIMEAFDJFM         56.2385 -> 56.2549
60712,6 fw PLH.static      ADJMBEDDHLB          60.436 -> 60.4388
60720,0 fw PLH.static      ADJMBEDDHLB         60.4388 -> 60.4497
60720,0 fw PLH.static      CFIMEAFDJFM         56.2549 -> 56.2678
60726,6 fw PLH.static      ADJMBEDDHLB         60.4497 -> 60.4572
60726,6 fw PLH.static      CFIMEAFDJFM         56.2678 -> 56.2743
60733,9 fw PLH.static      ADJMBEDDHLB         60.4572 -> 60.4638
60733,9 fw PLH.static      CFIMEAFDJFM         56.2743 -> 56.2817
60740,6 fw PLH.static      ADJMBEDDHLB         60.4638 -> 60.471
60750,2 fw PLH.static      ADJMBEDDHLB          60.471 -> 60.4777
60750,2 fw PLH.static      CFIMEAFDJFM         56.2817 -> 56.2966
60753,1 fw PLH.static      ADJMBEDDHLB         60.4777 -> 60.4873
60767,1 fw PLH.static      ADJMBEDDHLB         60.4873 -> 60.4902
60770,7 fw PLH.static      ADJMBEDDHLB         60.4902 -> 60.5042
60782,7 fw PLH.static      ADJMBEDDHLB         60.5042 -> 60.5079
60786,9 fw PLH.static      ADJMBEDDHLB         60.5079 -> 60.5198
60786,9 fw PLH.static      CFIMEAFDJFM         56.2966 -> 56.3379
60798,8 fw PLH.static      ADJMBEDDHLB         60.5198 -> 60.524
60802,3 fw PLH.static      ADJMBEDDHLB          60.524 -> 60.5359
60814,3 fw PLH.static      ADJMBEDDHLB         60.5359 -> 60.5395
60814,3 fw PLH.static      CFIMEAFDJFM         56.3379 -> 56.3583
60819,7 fw PLH.static      ADJMBEDDHLB         60.5395 -> 60.5516
60832,7 fw PLH.static      ADJMBEDDHLB         60.5516 -> 60.5569
60832,7 fw PLH.static      CFIMEAFDJFM         56.3583 -> 56.3747
60835,8 fw PLH.static      ADJMBEDDHLB         60.5569 -> 60.5699
60835,8 fw PLH.static      CFIMEAFDJFM         56.3747 -> 56.3878
60850,1 fw PLH.static      ADJMBEDDHLB         60.5699 -> 60.573
60850,1 fw PLH.static      CFIMEAFDJFM         56.3878 -> 56.3919
60852,7 fw PLH.static      ADJMBEDDHLB          60.573 -> 60.5873
60852,7 fw PLH.static      CFIMEAFDJFM         56.3919 -> 56.4043
60865,6 fw PLH.static      ADJMBEDDHLB         60.5873 -> 60.5898
60868,6 fw PLH.static      ADJMBEDDHLB         60.5898 -> 60.6028
60868,6 fw PLH.static      CFIMEAFDJFM         56.4043 -> 56.4208
60882,9 fw PLH.static      ADJMBEDDHLB         60.6028 -> 60.6058
60886,3 fw PLH.static      ADJMBEDDHLB         60.6058 -> 60.62
60886,3 fw PLH.static      CFIMEAFDJFM         56.4208 -> 56.4376
60898,6 fw PLH.static      ADJMBEDDHLB           60.62 -> 60.6234
60901,5 fw PLH.static      ADJMBEDDHLB         60.6234 -> 60.6358
60901,5 fw PLH.static      CFIMEAFDJFM         56.4376 -> 56.4546
60912,4 fw PLH.static      ADJMBEDDHLB         60.6358 -> 60.6387
60917,9 fw PLH.static      ADJMBEDDHLB         60.6387 -> 60.6495
60926,3 fw PLH.static      ADJMBEDDHLB         60.6495 -> 60.655
60932,8 fw PLH.static      ADJMBEDDHLB          60.655 -> 60.6634
60932,8 fw PLH.static      CFIMEAFDJFM         56.4546 -> 56.4816
60940,4 fw PLH.static      ADJMBEDDHLB         60.6634 -> 60.6699
60940,4 fw PLH.static      CFIMEAFDJFM         56.4816 -> 56.4888
60950,6 fw PLH.static      ADJMBEDDHLB         60.6699 -> 60.6775
60953,1 fw PLH.static      ADJMBEDDHLB         60.6775 -> 60.6877
60953,1 fw PLH.static      CFIMEAFDJFM         56.4888 -> 56.5044
60965,4 fw PLH.static      ADJMBEDDHLB         60.6877 -> 60.6902
60968,7 fw PLH.static      ADJMBEDDHLB         60.6902 -> 60.7025
60982,3 fw PLH.static      ADJMBEDDHLB         60.7025 -> 60.7059
60985,6 fw PLH.static      ADJMBEDDHLB         60.7059 -> 60.7195
60985,6 fw PLH.static      CFIMEAFDJFM         56.5044 -> 56.5383
60998,3 fw PLH.static      ADJMBEDDHLB         60.7195 -> 60.7227
60998,3 fw PLH.static      CFIMEAFDJFM         56.5383 -> 56.5411
61001,5 fw PLH.static      ADJMBEDDHLB         60.7227 -> 60.7354
61013,1 fw PLH.static      ADJMBEDDHLB         60.7354 -> 60.7386
61013,1 fw PLH.static      CFIMEAFDJFM         56.5411 -> 56.5576
61018,6 fw PLH.static      ADJMBEDDHLB         60.7386 -> 60.7504
61018,6 fw PLH.static      CFIMEAFDJFM         56.5576 -> 56.5679
61028,9 fw PLH.static      ADJMBEDDHLB         60.7504 -> 60.7557
61028,9 fw PLH.static      CFIMEAFDJFM         56.5679 -> 56.5746
61034,2 fw PLH.static      ADJMBEDDHLB         60.7557 -> 60.766
61034,2 fw PLH.static      CFIMEAFDJFM         56.5746 -> 56.5838
61043,6 fw PLH.static      ADJMBEDDHLB          60.766 -> 60.7713
61051,1 fw PLH.static      ADJMBEDDHLB         60.7713 -> 60.7807
61051,1 fw PLH.static      CFIMEAFDJFM         56.5838 -> 56.5994
61056,9 fw PLH.static      ADJMBEDDHLB         60.7807 -> 60.7883
61065,3 fw PLH.static      ADJMBEDDHLB         60.7883 -> 60.7941
61069,7 fw PLH.static      ADJMBEDDHLB         60.7941 -> 60.8025
61081,1 fw PLH.static      ADJMBEDDHLB         60.8025 -> 60.8069
61081,1 fw PLH.static      CFIMEAFDJFM         56.5994 -> 56.6258
61086,1 fw PLH.static      ADJMBEDDHLB         60.8069 -> 60.8195
61086,1 fw PLH.static      CFIMEAFDJFM         56.6258 -> 56.6369
61097,6 fw PLH.static      ADJMBEDDHLB         60.8195 -> 60.8232
61100,8 fw PLH.static      ADJMBEDDHLB         60.8232 -> 60.8347
61100,8 fw PLH.static      CFIMEAFDJFM         56.6369 -> 56.6536
61112,1 fw PLH.static      ADJMBEDDHLB         60.8347 -> 60.838
61117,1 fw PLH.static      ADJMBEDDHLB          60.838 -> 60.8492
61132,4 fw PLH.static      ADJMBEDDHLB         60.8492 -> 60.8542
61137,7 fw PLH.static      ADJMBEDDHLB         60.8542 -> 60.8697
61137,7 fw PLH.static      CFIMEAFDJFM         56.6536 -> 56.6816
61146,2 fw PLH.static      ADJMBEDDHLB         60.8697 -> 60.8749
61157,6 fw PLH.static      ADJMBEDDHLB         60.8749 -> 60.8834
61157,6 fw PLH.static      CFIMEAFDJFM         56.6816 -> 56.7013
61165,0 fw PLH.static      ADJMBEDDHLB         60.8834 -> 60.8948
61172,3 fw PLH.static      ADJMBEDDHLB         60.8948 -> 60.9021
61177,4 fw PLH.static      ADJMBEDDHLB         60.9021 -> 60.9097
61177,4 fw PLH.static      CFIMEAFDJFM         56.7013 -> 56.7276
61189,0 fw PLH.static      ADJMBEDDHLB         60.9097 -> 60.9147
61189,0 fw PLH.static      CFIMEAFDJFM         56.7276 -> 56.7333
61192,2 fw PLH.static      ADJMBEDDHLB         60.9147 -> 60.9262
61192,2 fw PLH.static      CFIMEAFDJFM         56.7333 -> 56.7426
61203,3 fw PLH.static      ADJMBEDDHLB         60.9262 -> 60.9296
61210,9 fw PLH.static      ADJMBEDDHLB         60.9296 -> 60.9405
61211,0 fw PLH.static      CFIMEAFDJFM         56.7426 -> 56.7591
61218,9 fw PLH.static      ADJMBEDDHLB         60.9405 -> 60.9481
61225,3 fw PLH.static      ADJMBEDDHLB         60.9481 -> 60.956
61234,6 fw PLH.static      ADJMBEDDHLB          60.956 -> 60.9625
61234,6 fw PLH.static      CFIMEAFDJFM         56.7591 -> 56.7805
61239,7 fw PLH.static      ADJMBEDDHLB         60.9625 -> 60.9717
61239,7 fw PLH.static      CFIMEAFDJFM         56.7805 -> 56.7898
61254,4 fw PLH.static      ADJMBEDDHLB         60.9717 -> 60.9768
61257,6 fw PLH.static      ADJMBEDDHLB         60.9768 -> 60.9917
61269,6 fw PLH.static      ADJMBEDDHLB         60.9917 -> 60.9948
61269,6 fw PLH.static      CFIMEAFDJFM         56.7898 -> 56.8137
61275,6 fw PLH.static      ADJMBEDDHLB         60.9948 -> 61.0067
61275,6 fw PLH.static      CFIMEAFDJFM         56.8137 -> 56.825
61285,6 fw PLH.static      ADJMBEDDHLB         61.0067 -> 61.0128
61285,6 fw PLH.static      CFIMEAFDJFM          56.825 -> 56.8316
61292,0 fw PLH.static      ADJMBEDDHLB         61.0128 -> 61.0227
61322,2 fw PLH.static      ADJMBEDDHLB         61.0227 -> 61.0292
61326,4 fw PLH.static      ADJMBEDDHLB         61.0292 -> 61.0593
61326,4 fw PLH.static      CFIMEAFDJFM         56.8316 -> 56.8772
61341,3 fw PLH.static      ADJMBEDDHLB         61.0593 -> 61.0635
61341,4 fw PLH.static      CFIMEAFDJFM         56.8772 -> 56.8813
61345,8 fw PLH.static      ADJMBEDDHLB         61.0635 -> 61.0786
61356,6 fw PLH.static      ADJMBEDDHLB         61.0786 -> 61.083
61360,1 fw PLH.static      ADJMBEDDHLB          61.083 -> 61.0937
61360,1 fw PLH.static      CFIMEAFDJFM         56.8813 -> 56.9126
61373,8 fw PLH.static      ADJMBEDDHLB         61.0937 -> 61.0973
61377,9 fw PLH.static      ADJMBEDDHLB         61.0973 -> 61.111
61377,9 fw PLH.static      CFIMEAFDJFM         56.9126 -> 56.9289
61390,0 fw PLH.static      ADJMBEDDHLB          61.111 -> 61.1152
61390,0 fw PLH.static      CFIMEAFDJFM         56.9289 -> 56.934
61393,5 fw PLH.static      ADJMBEDDHLB         61.1152 -> 61.1272
61409,7 fw PLH.static      ADJMBEDDHLB         61.1272 -> 61.1306
61421,0 fw PLH.static      ADJMBEDDHLB         61.1306 -> 61.1469
61421,0 fw PLH.static      CFIMEAFDJFM          56.934 -> 56.9651
61424,5 fw PLH.static      ADJMBEDDHLB         61.1469 -> 61.1582
61439,6 fw PLH.static      ADJMBEDDHLB         61.1582 -> 61.1616
61443,3 fw PLH.static      ADJMBEDDHLB         61.1616 -> 61.1768
61443,3 fw PLH.static      CFIMEAFDJFM         56.9651 -> 56.9955
61454,9 fw PLH.static      ADJMBEDDHLB         61.1768 -> 61.1805
61454,9 fw PLH.static      CFIMEAFDJFM         56.9955 -> 56.9994
61458,9 fw PLH.static      ADJMBEDDHLB         61.1805 -> 61.192
61475,1 fw PLH.static      ADJMBEDDHLB          61.192 -> 61.196
61475,1 fw PLH.static      CFIMEAFDJFM         56.9994 -> 57.0149
61478,0 fw PLH.static      ADJMBEDDHLB          61.196 -> 61.2123
61489,6 fw PLH.static      ADJMBEDDHLB         61.2123 -> 61.2152
61493,7 fw PLH.static      ADJMBEDDHLB         61.2152 -> 61.2268
61493,7 fw PLH.static      CFIMEAFDJFM         57.0149 -> 57.0449
61506,2 fw PLH.static      ADJMBEDDHLB         61.2268 -> 61.2308
61506,2 fw PLH.static      CFIMEAFDJFM         57.0449 -> 57.0498
61509,7 fw PLH.static      ADJMBEDDHLB         61.2308 -> 61.2434
61509,7 fw PLH.static      CFIMEAFDJFM         57.0498 -> 57.0614
61520,6 fw PLH.static      ADJMBEDDHLB         61.2434 -> 61.2468
61525,5 fw PLH.static      ADJMBEDDHLB         61.2468 -> 61.2577
61525,5 fw PLH.static      CFIMEAFDJFM         57.0614 -> 57.0766
61538,5 fw PLH.static      ADJMBEDDHLB         61.2577 -> 61.2626
61541,2 fw PLH.static      ADJMBEDDHLB         61.2626 -> 61.2757
61541,2 fw PLH.static      CFIMEAFDJFM         57.0766 -> 57.0945
61556,0 fw PLH.static      ADJMBEDDHLB         61.2757 -> 61.2783
61559,2 fw PLH.static      ADJMBEDDHLB         61.2783 -> 61.2932
61559,2 fw PLH.static      CFIMEAFDJFM         57.0945 -> 57.1094
61572,7 fw PLH.static      ADJMBEDDHLB         61.2932 -> 61.2963
61576,4 fw PLH.static      ADJMBEDDHLB         61.2963 -> 61.3098
61576,4 fw PLH.static      CFIMEAFDJFM         57.1094 -> 57.1278
61589,5 fw PLH.static      ADJMBEDDHLB         61.3098 -> 61.3136
61589,5 fw PLH.static      CFIMEAFDJFM         57.1278 -> 57.1325
61593,3 fw PLH.static      ADJMBEDDHLB         61.3136 -> 61.3266
61593,3 fw PLH.static      CFIMEAFDJFM         57.1325 -> 57.1445
61607,3 fw PLH.static      ADJMBEDDHLB         61.3266 -> 61.3305
61607,3 fw PLH.static      CFIMEAFDJFM         57.1445 -> 57.1494
61611,5 fw PLH.static      ADJMBEDDHLB         61.3305 -> 61.3446
61611,5 fw PLH.static      CFIMEAFDJFM         57.1494 -> 57.1623
61622,5 fw PLH.static      ADJMBEDDHLB         61.3446 -> 61.3486
61622,5 fw PLH.static      CFIMEAFDJFM         57.1623 -> 57.1671
61627,4 fw PLH.static      ADJMBEDDHLB         61.3486 -> 61.3596
61638,5 fw PLH.static      ADJMBEDDHLB         61.3596 -> 61.3646
61638,5 fw PLH.static      CFIMEAFDJFM         57.1671 -> 57.1826
61642,4 fw PLH.static      ADJMBEDDHLB         61.3646 -> 61.3757
61642,5 fw PLH.static      CFIMEAFDJFM         57.1826 -> 57.1945
61654,2 fw PLH.static      ADJMBEDDHLB         61.3757 -> 61.3796
61654,2 fw PLH.static      CFIMEAFDJFM         57.1945 -> 57.1984
61657,7 fw PLH.static      ADJMBEDDHLB         61.3796 -> 61.3914
61657,7 fw PLH.static      CFIMEAFDJFM         57.1984 -> 57.2096
61672,5 fw PLH.static      ADJMBEDDHLB         61.3914 -> 61.3948
61675,3 fw PLH.static      ADJMBEDDHLB         61.3948 -> 61.4097
61675,3 fw PLH.static      CFIMEAFDJFM         57.2096 -> 57.2272
61687,1 fw PLH.static      ADJMBEDDHLB         61.4097 -> 61.4124
61690,8 fw PLH.static      ADJMBEDDHLB         61.4124 -> 61.4242
61690,8 fw PLH.static      CFIMEAFDJFM         57.2272 -> 57.2421
61705,6 fw PLH.static      ADJMBEDDHLB         61.4242 -> 61.428
61708,5 fw PLH.static      ADJMBEDDHLB          61.428 -> 61.4427
61708,5 fw PLH.static      CFIMEAFDJFM         57.2421 -> 57.2606
61719,9 fw PLH.static      ADJMBEDDHLB         61.4427 -> 61.4456
61724,6 fw PLH.static      ADJMBEDDHLB         61.4456 -> 61.4571
61724,6 fw PLH.static      CFIMEAFDJFM         57.2606 -> 57.276
61737,6 fw PLH.static      ADJMBEDDHLB         61.4571 -> 61.4618
61740,9 fw PLH.static      ADJMBEDDHLB         61.4618 -> 61.4748
61740,9 fw PLH.static      CFIMEAFDJFM          57.276 -> 57.2935
61753,3 fw PLH.static      ADJMBEDDHLB         61.4748 -> 61.478
61756,5 fw PLH.static      ADJMBEDDHLB          61.478 -> 61.4905
61756,5 fw PLH.static      CFIMEAFDJFM         57.2935 -> 57.3085
61771,3 fw PLH.static      ADJMBEDDHLB         61.4905 -> 61.4936
61774,3 fw PLH.static      ADJMBEDDHLB         61.4936 -> 61.5085
61774,3 fw PLH.static      CFIMEAFDJFM         57.3085 -> 57.3263
61788,0 fw PLH.static      ADJMBEDDHLB         61.5085 -> 61.5114
61788,0 fw PLH.static      CFIMEAFDJFM         57.3263 -> 57.3304
61792,3 fw PLH.static      ADJMBEDDHLB         61.5114 -> 61.5253
61792,3 fw PLH.static      CFIMEAFDJFM         57.3304 -> 57.3429
61808,1 fw PLH.static      ADJMBEDDHLB         61.5253 -> 61.5295
61811,8 fw PLH.static      ADJMBEDDHLB         61.5295 -> 61.5454
61811,8 fw PLH.static      CFIMEAFDJFM         57.3429 -> 57.3631
61822,0 fw PLH.static      ADJMBEDDHLB         61.5454 -> 61.5489
61827,9 fw PLH.static      ADJMBEDDHLB         61.5489 -> 61.5591
61827,9 fw PLH.static      CFIMEAFDJFM         57.3631 -> 57.378
61839,3 fw PLH.static      ADJMBEDDHLB         61.5591 -> 61.565
61839,3 fw PLH.static      CFIMEAFDJFM          57.378 -> 57.3831
61842,8 fw PLH.static      ADJMBEDDHLB          61.565 -> 61.5765
61854,8 fw PLH.static      ADJMBEDDHLB         61.5765 -> 61.58
61858,3 fw PLH.static      ADJMBEDDHLB           61.58 -> 61.5919
61858,3 fw PLH.static      CFIMEAFDJFM         57.3831 -> 57.41
61872,9 fw PLH.static      ADJMBEDDHLB         61.5919 -> 61.5954
61875,8 fw PLH.static      ADJMBEDDHLB         61.5954 -> 61.6101
61875,8 fw PLH.static      CFIMEAFDJFM           57.41 -> 57.4275
61888,2 fw PLH.static      ADJMBEDDHLB         61.6101 -> 61.6129
61891,4 fw PLH.static      ADJMBEDDHLB         61.6129 -> 61.6253
61891,4 fw PLH.static      CFIMEAFDJFM         57.4275 -> 57.4433
61906,0 fw PLH.static      ADJMBEDDHLB         61.6253 -> 61.6286
61908,8 fw PLH.static      ADJMBEDDHLB         61.6286 -> 61.6431
61908,8 fw PLH.static      CFIMEAFDJFM         57.4433 -> 57.4612
61919,8 fw PLH.static      ADJMBEDDHLB         61.6431 -> 61.6459
61925,2 fw PLH.static      ADJMBEDDHLB         61.6459 -> 61.6569
61937,6 fw PLH.static      ADJMBEDDHLB         61.6569 -> 61.6623
61941,8 fw PLH.static      ADJMBEDDHLB         61.6623 -> 61.6748
61941,8 fw PLH.static      CFIMEAFDJFM         57.4612 -> 57.4935
61953,4 fw PLH.static      ADJMBEDDHLB         61.6748 -> 61.679
61957,6 fw PLH.static      ADJMBEDDHLB          61.679 -> 61.6905
61957,6 fw PLH.static      CFIMEAFDJFM         57.4935 -> 57.5088
61972,4 fw PLH.static      ADJMBEDDHLB         61.6905 -> 61.6947
61976,3 fw PLH.static      ADJMBEDDHLB         61.6947 -> 61.7097
61976,3 fw PLH.static      CFIMEAFDJFM         57.5088 -> 57.5271
61988,4 fw PLH.static      ADJMBEDDHLB         61.7097 -> 61.7136
61992,1 fw PLH.static      ADJMBEDDHLB         61.7136 -> 61.7256
61992,1 fw PLH.static      CFIMEAFDJFM         57.5271 -> 57.5434
62007,4 fw PLH.static      ADJMBEDDHLB         61.7256 -> 61.7293
62020,8 fw PLH.static      ADJMBEDDHLB         61.7293 -> 61.7446
62020,8 fw PLH.static      CFIMEAFDJFM         57.5434 -> 57.5627
62024,7 fw PLH.static      ADJMBEDDHLB         61.7446 -> 61.7579
62037,2 fw PLH.static      ADJMBEDDHLB         61.7579 -> 61.7619
62040,6 fw PLH.static      ADJMBEDDHLB         61.7619 -> 61.7744
62054,3 fw PLH.static      ADJMBEDDHLB         61.7744 -> 61.7878
62054,3 fw PLH.static      CFIMEAFDJFM         57.5627 -> 57.5967
62071,5 fw PLH.static      ADJMBEDDHLB         61.7878 -> 61.7915
62071,5 fw PLH.static      CFIMEAFDJFM         57.5967 -> 57.6096
62074,3 fw PLH.static      ADJMBEDDHLB         61.7915 -> 61.8086
62074,3 fw PLH.static      CFIMEAFDJFM         57.6096 -> 57.6266
62086,5 fw PLH.static      ADJMBEDDHLB         61.8086 -> 61.8115
62090,3 fw PLH.static      ADJMBEDDHLB         61.8115 -> 61.8237
62090,3 fw PLH.static      CFIMEAFDJFM         57.6266 -> 57.6417
62104,0 fw PLH.static      ADJMBEDDHLB         61.8237 -> 61.8275
62104,0 fw PLH.static      CFIMEAFDJFM         57.6417 -> 57.6463
62109,1 fw PLH.static      ADJMBEDDHLB         61.8275 -> 61.842
62109,1 fw PLH.static      CFIMEAFDJFM         57.6463 -> 57.6598
62119,5 fw PLH.static      ADJMBEDDHLB          61.842 -> 61.8462
62123,6 fw PLH.static      ADJMBEDDHLB         61.8462 -> 61.8566
62123,6 fw PLH.static      CFIMEAFDJFM         57.6598 -> 57.6755
62138,5 fw PLH.static      ADJMBEDDHLB         61.8566 -> 61.8607
62138,5 fw PLH.static      CFIMEAFDJFM         57.6755 -> 57.6796
62141,6 fw PLH.static      ADJMBEDDHLB         61.8607 -> 61.8756
62141,6 fw PLH.static      CFIMEAFDJFM         57.6796 -> 57.6935
62153,4 fw PLH.static      ADJMBEDDHLB         61.8756 -> 61.8788
62157,4 fw PLH.static      ADJMBEDDHLB         61.8788 -> 61.8905
62157,5 fw PLH.static      CFIMEAFDJFM         57.6935 -> 57.7086
62174,3 fw PLH.static      ADJMBEDDHLB         61.8905 -> 61.8946
62178,0 fw PLH.static      ADJMBEDDHLB         61.8946 -> 61.9116
62189,6 fw PLH.static      ADJMBEDDHLB         61.9116 -> 61.9152
62193,6 fw PLH.static      ADJMBEDDHLB         61.9152 -> 61.9268
62205,8 fw PLH.static      ADJMBEDDHLB         61.9268 -> 61.9307
62209,6 fw PLH.static      ADJMBEDDHLB         61.9307 -> 61.943
62209,6 fw PLH.static      CFIMEAFDJFM         57.7086 -> 57.7612
62220,6 fw PLH.static      ADJMBEDDHLB          61.943 -> 61.9467
62226,2 fw PLH.static      ADJMBEDDHLB         61.9467 -> 61.9577
62226,2 fw PLH.static      CFIMEAFDJFM         57.7612 -> 57.7766
62237,3 fw PLH.static      ADJMBEDDHLB         61.9577 -> 61.9633
62241,5 fw PLH.static      ADJMBEDDHLB         61.9633 -> 61.9744
62253,2 fw PLH.static      ADJMBEDDHLB         61.9744 -> 61.9786
62256,9 fw PLH.static      ADJMBEDDHLB         61.9786 -> 61.9904
62256,9 fw PLH.static      CFIMEAFDJFM         57.7766 -> 57.8086
62272,4 fw PLH.static      ADJMBEDDHLB         61.9904 -> 61.994
62275,4 fw PLH.static      ADJMBEDDHLB          61.994 -> 62.0098
62275,4 fw PLH.static      CFIMEAFDJFM         57.8086 -> 57.8272
62287,3 fw PLH.static      ADJMBEDDHLB         62.0098 -> 62.0126
62287,3 fw PLH.static      CFIMEAFDJFM         57.8272 -> 57.8315
62291,2 fw PLH.static      ADJMBEDDHLB         62.0126 -> 62.0244
62291,2 fw PLH.static      CFIMEAFDJFM         57.8315 -> 57.8424
62305,7 fw PLH.static      ADJMBEDDHLB         62.0244 -> 62.0283
62308,8 fw PLH.static      ADJMBEDDHLB         62.0283 -> 62.0429
62308,8 fw PLH.static      CFIMEAFDJFM         57.8424 -> 57.8608
62319,3 fw PLH.static      ADJMBEDDHLB         62.0429 -> 62.0459
62324,9 fw PLH.static      ADJMBEDDHLB         62.0459 -> 62.0571
62324,9 fw PLH.static      CFIMEAFDJFM         57.8608 -> 57.8753
62339,3 fw PLH.static      ADJMBEDDHLB         62.0571 -> 62.062
62355,5 fw PLH.static      ADJMBEDDHLB          62.062 -> 62.0765
62355,5 fw PLH.static      CFIMEAFDJFM         57.8753 -> 57.8953
62378,2 fw Controll.static GIPNIMALPEG          0.3048 -> 0.004
62378,3 fw PLH.static      ADJMBEDDHLB         62.0765 -> 62.1024
62378,3 fw PLH.static      CFIMEAFDJFM         57.8953 -> 57.9096
62386,6 fw player          HIDMDLLHEKO               5 -> 0
62386,6 fw player          CIPOBFGAMOP         49.4675 -> 57.9096
62386,6 fw player          OLOOMMIKDPJ         49.4675 -> 57.9096
62386,6 fw Controll.static NAKNALFCOIF           13.95 -> 180
62386,7 fw Controll.static ONGHDHKFEBG              -1 -> 0
62386,7 fw PLH.static      ADJMBEDDHLB         62.1024 -> 62.1155
62386,7 fw PLH.static      CFIMEAFDJFM         57.9096 -> 57.9241
62386,7 fw HUD.static      PHNGEPIGKIO               0 -> 1
62386,7 fw HUD.static      FJMNBAGNAIH         56.1272 -> 58.4096
62401,8 fw player          LBKINNIDKEC               0 -> 1
62401,8 fw player          ACAIGMNLLEC               9 -> 128
62401,8 fw player          CLOEJLAOIGI               0 -> 1
62401,8 fw player          HEADELMLILF               0 -> 1
62401,8 fw Controll.static JGNLBAMNEBA               1 -> 0
62401,8 fw Controll.static HCOLPFEEENG               1 -> 0
62401,8 fw Controll.static EGDKJEFGFIC               1 -> 0
62401,9 fw PLH.static      ADJMBEDDHLB         62.1155 -> 62.1238
62401,9 fw HUD.static      OOIBIGCALAA            0.25 -> 0.5
62401,9 fw HUD.static      IICPDHNGAKC             0.5 -> 1
62406,4 fw Controll.static MKFDGFOCKNO         60.0429 -> 62.115
62406,4 fw Controll.static LEKCBKLAILO         60.0929 -> 62.165
62406,5 fw PLH.static      ADJMBEDDHLB         62.1238 -> 62.139
62406,5 fw PLH.static      CFIMEAFDJFM         57.9241 -> 57.9578
62418,3 fw PLH.static      ADJMBEDDHLB          62.139 -> 62.1436
62425,0 fw Controll.static MNHBPCOOMLE         2398714 -> 2405257
62425,1 fw PLH.static      ADJMBEDDHLB         62.1436 -> 62.1555
62425,1 fw PLH.static      CFIMEAFDJFM         57.9578 -> 57.9743
62436,7 fw Controll.static GIPNIMALPEG           0.004 -> 0.1727
62436,7 fw PLH.static      ADJMBEDDHLB         62.1555 -> 62.1623
62436,7 fw PLH.static      CFIMEAFDJFM         57.9743 -> 57.9804
62440,8 fw PLH.static      ADJMBEDDHLB         62.1623 -> 62.1738
62440,8 fw PLH.static      CFIMEAFDJFM         57.9804 -> 57.9925
62453,7 fw PLH.static      ADJMBEDDHLB         62.1738 -> 62.1779
62459,2 fw PLH.static      ADJMBEDDHLB         62.1779 -> 62.1908
62459,2 fw PLH.static      CFIMEAFDJFM         57.9925 -> 58.009
62471,5 fw Controll.static MKFDGFOCKNO          62.115 -> 62.165
62471,6 fw Controll.static LEKCBKLAILO          62.165 -> 62.215
62471,6 fw Controll.static OFJKHAFJIMA               0 -> 0.0084
62471,6 fw PLH.static      ADJMBEDDHLB         62.1908 -> 62.1963
62485,3 fw player          HEADELMLILF               1 -> 0
62485,4 fw PLH.static      ADJMBEDDHLB         62.1963 -> 62.2087
62485,4 fw PLH.static      CFIMEAFDJFM          58.009 -> 58.0271
62489,6 fw Controll.static GIPNIMALPEG          0.1727 -> 0.2307
62489,6 fw PLH.static      ADJMBEDDHLB         62.2087 -> 62.2226
62489,6 fw PLH.static      CFIMEAFDJFM         58.0271 -> 58.0405
62503,9 fw PLH.static      ADJMBEDDHLB         62.2226 -> 62.2268
62509,7 fw PLH.static      ADJMBEDDHLB         62.2268 -> 62.2411
62509,7 fw PLH.static      CFIMEAFDJFM         58.0405 -> 58.0599
62521,5 fw player          CLOEJLAOIGI               1 -> 0
62521,6 fw PLH.static      ADJMBEDDHLB         62.2411 -> 62.2469
62557,5 fw Controll.static MKFDGFOCKNO          62.165 -> 62.265
62557,5 fw Controll.static LEKCBKLAILO          62.215 -> 62.315
62557,5 fw Controll.static OFJKHAFJIMA          0.0084 -> 0.0293
62557,5 fw PLH.static      ADJMBEDDHLB         62.2469 -> 62.2894
62557,5 fw PLH.static      CFIMEAFDJFM         58.0599 -> 58.0775
62569,6 fw PLH.static      ADJMBEDDHLB         62.2894 -> 62.2947
62569,6 fw PLH.static      CFIMEAFDJFM         58.0775 -> 58.1122
62574,8 fw Controll.static GIPNIMALPEG          0.2307 -> 0.9349
62574,8 fw PLH.static      ADJMBEDDHLB         62.2947 -> 62.3068
62574,8 fw PLH.static      CFIMEAFDJFM         58.1122 -> 58.125
62588,2 fw PLH.static      ADJMBEDDHLB         62.3068 -> 62.3119
62600,2 fw PLH.static      ADJMBEDDHLB         62.3119 -> 62.3254
62600,2 fw PLH.static      CFIMEAFDJFM          58.125 -> 58.1434
62603,9 fw PLH.static      ADJMBEDDHLB         62.3254 -> 62.3373
62603,9 fw PLH.static      CFIMEAFDJFM         58.1434 -> 58.1562
62619,7 fw Controll.static MKFDGFOCKNO          62.265 -> 62.315
62619,7 fw Controll.static LEKCBKLAILO          62.315 -> 62.365
62619,7 fw Controll.static OFJKHAFJIMA          0.0293 -> 0.0099
62619,8 fw PLH.static      ADJMBEDDHLB         62.3373 -> 62.341
62623,7 fw PLH.static      ADJMBEDDHLB          62.341 -> 62.3569
62623,7 fw PLH.static      CFIMEAFDJFM         58.1562 -> 58.1752
62636,8 fw Controll.static GIPNIMALPEG          0.9349 -> 0.1763
62636,9 fw PLH.static      ADJMBEDDHLB         62.3569 -> 62.3609
62642,3 fw PLH.static      ADJMBEDDHLB         62.3609 -> 62.374
62642,3 fw PLH.static      CFIMEAFDJFM         58.1752 -> 58.1921
62655,1 fw PLH.static      ADJMBEDDHLB          62.374 -> 62.3794
62667,6 fw PLH.static      ADJMBEDDHLB         62.3794 -> 62.3923
62671,3 fw Controll.static MKFDGFOCKNO          62.315 -> 62.365
62671,3 fw Controll.static LEKCBKLAILO          62.365 -> 62.415
62671,3 fw Controll.static OFJKHAFJIMA          0.0099 -> 0.0086
62671,4 fw PLH.static      ADJMBEDDHLB         62.3923 -> 62.4047
62687,3 fw PLH.static      ADJMBEDDHLB         62.4047 -> 62.4085
62692,0 fw Controll.static GIPNIMALPEG          0.1763 -> 0.2788
62692,1 fw PLH.static      ADJMBEDDHLB         62.4085 -> 62.4245
62692,1 fw PLH.static      CFIMEAFDJFM         58.1921 -> 58.2422
62705,9 fw PLH.static      ADJMBEDDHLB         62.4245 -> 62.4294
62705,9 fw PLH.static      CFIMEAFDJFM         58.2422 -> 58.248
62720,3 fw PLH.static      ADJMBEDDHLB         62.4294 -> 62.4447
62720,3 fw PLH.static      CFIMEAFDJFM          58.248 -> 58.2608
62727,3 fw PLH.static      ADJMBEDDHLB         62.4447 -> 62.4575
62727,3 fw PLH.static      CFIMEAFDJFM         58.2608 -> 58.2763
62738,9 fw Controll.static MKFDGFOCKNO          62.365 -> 62.465
62738,9 fw Controll.static LEKCBKLAILO          62.415 -> 62.515
62738,9 fw Controll.static OFJKHAFJIMA          0.0086 -> 0.0107
62738,9 fw PLH.static      ADJMBEDDHLB         62.4575 -> 62.4644
62738,9 fw PLH.static      CFIMEAFDJFM         58.2763 -> 58.2827
62752,9 fw PLH.static      ADJMBEDDHLB         62.4644 -> 62.476
62752,9 fw PLH.static      CFIMEAFDJFM         58.2827 -> 58.2948
62757,8 fw PLH.static      ADJMBEDDHLB          62.476 -> 62.4901
62757,8 fw PLH.static      CFIMEAFDJFM         58.2948 -> 58.3082
62770,9 fw Controll.static GIPNIMALPEG          0.2788 -> 0.8574
62770,9 fw PLH.static      ADJMBEDDHLB         62.4901 -> 62.4949
62770,9 fw PLH.static      CFIMEAFDJFM         58.3082 -> 58.3138
62786,6 fw PLH.static      ADJMBEDDHLB         62.4949 -> 62.5082
62786,6 fw PLH.static      CFIMEAFDJFM         58.3138 -> 58.3264
62791,2 fw PLH.static      ADJMBEDDHLB         62.5082 -> 62.5238
62791,2 fw PLH.static      CFIMEAFDJFM         58.3264 -> 58.3416
62803,1 fw Controll.static MKFDGFOCKNO          62.465 -> 62.515
62803,1 fw Controll.static LEKCBKLAILO          62.515 -> 62.565
62803,2 fw PLH.static      ADJMBEDDHLB         62.5238 -> 62.5283
62819,8 fw Controll.static OFJKHAFJIMA          0.0107 -> 0.0083
62819,8 fw PLH.static      ADJMBEDDHLB         62.5283 -> 62.5403
62819,8 fw PLH.static      CFIMEAFDJFM         58.3416 -> 58.3592
62825,3 fw PLH.static      ADJMBEDDHLB         62.5403 -> 62.557
62825,3 fw PLH.static      CFIMEAFDJFM         58.3592 -> 58.3751
62837,1 fw Controll.static GIPNIMALPEG          0.8574 -> 0.1808
62837,1 fw PLH.static      ADJMBEDDHLB          62.557 -> 62.5624
62837,1 fw PLH.static      CFIMEAFDJFM         58.3751 -> 58.3806
62843,0 fw PLH.static      ADJMBEDDHLB         62.5624 -> 62.5743
62843,0 fw PLH.static      CFIMEAFDJFM         58.3806 -> 58.393
62857,3 fw PLH.static      ADJMBEDDHLB         62.5743 -> 62.5802
62857,3 fw PLH.static      CFIMEAFDJFM          58.393 -> 58.399
62869,5 fw PLH.static      ADJMBEDDHLB         62.5802 -> 62.5945
62874,3 fw Controll.static MKFDGFOCKNO          62.515 -> 62.565
62874,3 fw Controll.static LEKCBKLAILO          62.565 -> 62.615
62874,3 fw Controll.static OFJKHAFJIMA          0.0083 -> 0.0089
62874,4 fw PLH.static      ADJMBEDDHLB         62.5945 -> 62.6067
62874,4 fw PLH.static      CFIMEAFDJFM          58.399 -> 58.4249
62874,4 fw HUD.static      PHNGEPIGKIO               1 -> 0
62888,2 fw PLH.static      ADJMBEDDHLB         62.6067 -> 62.6116
62888,2 fw PLH.static      CFIMEAFDJFM         58.4249 -> 58.4303
62892,8 fw Controll.static GIPNIMALPEG          0.1808 -> 0.2948
62892,9 fw PLH.static      ADJMBEDDHLB         62.6116 -> 62.6253
62892,9 fw PLH.static      CFIMEAFDJFM         58.4303 -> 58.4431
62917,7 fw PLH.static      ADJMBEDDHLB         62.6253 -> 62.6301
62917,7 fw PLH.static      CFIMEAFDJFM         58.4431 -> 58.4488
62922,9 fw PLH.static      ADJMBEDDHLB         62.6301 -> 62.6549
62922,9 fw PLH.static      CFIMEAFDJFM         58.4488 -> 58.4731
62935,9 fw PLH.static      ADJMBEDDHLB         62.6549 -> 62.6601
62935,9 fw PLH.static      CFIMEAFDJFM         58.4731 -> 58.4787
62941,3 fw Controll.static MKFDGFOCKNO          62.565 -> 62.665
62941,3 fw Controll.static LEKCBKLAILO          62.615 -> 62.715
62941,3 fw Controll.static OFJKHAFJIMA          0.0089 -> 0.0076
62941,4 fw PLH.static      ADJMBEDDHLB         62.6601 -> 62.6731
62941,4 fw PLH.static      CFIMEAFDJFM         58.4787 -> 58.4912
62953,9 fw PLH.static      ADJMBEDDHLB         62.6731 -> 62.6786
62958,5 fw Controll.static GIPNIMALPEG          0.2948 -> 0.6077
62958,6 fw PLH.static      ADJMBEDDHLB         62.6786 -> 62.691
62958,6 fw PLH.static      CFIMEAFDJFM         58.4912 -> 58.5092
62972,4 fw PLH.static      ADJMBEDDHLB          62.691 -> 62.6958
62972,4 fw PLH.static      CFIMEAFDJFM         58.5092 -> 58.5145
62977,8 fw PLH.static      ADJMBEDDHLB         62.6958 -> 62.7097
62977,8 fw PLH.static      CFIMEAFDJFM         58.5145 -> 58.5278
62989,6 fw PLH.static      ADJMBEDDHLB         62.7097 -> 62.715
62989,6 fw PLH.static      CFIMEAFDJFM         58.5278 -> 58.5338
62994,7 fw Controll.static MKFDGFOCKNO          62.665 -> 62.715
62994,7 fw Controll.static LEKCBKLAILO          62.715 -> 62.765
62994,7 fw Controll.static OFJKHAFJIMA          0.0076 -> 0.0112
62994,8 fw PLH.static      ADJMBEDDHLB          62.715 -> 62.7267
62994,8 fw PLH.static      CFIMEAFDJFM         58.5338 -> 58.5447
63006,4 fw PLH.static      ADJMBEDDHLB         62.7267 -> 62.732
63006,4 fw PLH.static      CFIMEAFDJFM         58.5447 -> 58.5508
63011,8 fw Controll.static GIPNIMALPEG          0.6077 -> 0.6724
63011,8 fw PLH.static      ADJMBEDDHLB          62.732 -> 62.7436
63011,8 fw PLH.static      CFIMEAFDJFM         58.5508 -> 58.5617
63022,9 fw PLH.static      ADJMBEDDHLB         62.7436 -> 62.749
63022,9 fw PLH.static      CFIMEAFDJFM         58.5617 -> 58.5677
63029,6 fw PLH.static      ADJMBEDDHLB          62.749 -> 62.7602
63029,6 fw PLH.static      CFIMEAFDJFM         58.5677 -> 58.5788
63039,7 fw PLH.static      ADJMBEDDHLB         62.7602 -> 62.7668
63039,7 fw PLH.static      CFIMEAFDJFM         58.5788 -> 58.5849
63047,1 fw Controll.static MKFDGFOCKNO          62.715 -> 62.7651
63047,1 fw Controll.static LEKCBKLAILO          62.765 -> 62.8151
63047,1 fw Controll.static OFJKHAFJIMA          0.0112 -> 0.0013
63047,2 fw PLH.static      ADJMBEDDHLB         62.7668 -> 62.777
63047,2 fw PLH.static      CFIMEAFDJFM         58.5849 -> 58.5953
63058,0 fw PLH.static      ADJMBEDDHLB          62.777 -> 62.7844
63058,0 fw PLH.static      CFIMEAFDJFM         58.5953 -> 58.6027
63064,6 fw Controll.static GIPNIMALPEG          0.6724 -> 0.7308
63064,6 fw PLH.static      ADJMBEDDHLB         62.7844 -> 62.7952
63064,6 fw PLH.static      CFIMEAFDJFM         58.6027 -> 58.614
63073,3 fw PLH.static      ADJMBEDDHLB         62.7952 -> 62.8018
63073,3 fw PLH.static      CFIMEAFDJFM          58.614 -> 58.6202
63080,3 fw PLH.static      ADJMBEDDHLB         62.8018 -> 62.8104
63080,3 fw PLH.static      CFIMEAFDJFM         58.6202 -> 58.6292
63092,6 fw PLH.static      ADJMBEDDHLB         62.8104 -> 62.8174
63092,6 fw PLH.static      CFIMEAFDJFM         58.6292 -> 58.6359
63097,9 fw Controll.static MKFDGFOCKNO         62.7651 -> 62.8151
63097,9 fw Controll.static LEKCBKLAILO         62.8151 -> 62.8651
63097,9 fw Controll.static OFJKHAFJIMA          0.0013 -> 0.0019
63098,1 fw PLH.static      ADJMBEDDHLB         62.8174 -> 62.8298
63098,1 fw PLH.static      CFIMEAFDJFM         58.6359 -> 58.6479
63117,7 fw PLH.static      ADJMBEDDHLB         62.8298 -> 62.8353
63117,7 fw PLH.static      CFIMEAFDJFM         58.6479 -> 58.6539
63126,6 fw PLH.static      ADJMBEDDHLB         62.8353 -> 62.8567
63126,6 fw PLH.static      CFIMEAFDJFM         58.6539 -> 58.673
63138,1 fw Controll.static GIPNIMALPEG          0.7308 -> 0.2007
63138,2 fw PLH.static      ADJMBEDDHLB         62.8567 -> 62.8637
63138,2 fw PLH.static      CFIMEAFDJFM          58.673 -> 58.6819
63145,7 fw PLH.static      ADJMBEDDHLB         62.8637 -> 62.8753
63145,7 fw PLH.static      CFIMEAFDJFM         58.6819 -> 58.694
63154,2 fw PLH.static      ADJMBEDDHLB         62.8753 -> 62.8828
63154,2 fw PLH.static      CFIMEAFDJFM          58.694 -> 58.7007
63160,6 fw Controll.static MKFDGFOCKNO         62.8151 -> 62.8651
63160,6 fw Controll.static LEKCBKLAILO         62.8651 -> 62.9151
63160,7 fw PLH.static      ADJMBEDDHLB         62.8828 -> 62.8913
63160,7 fw PLH.static      CFIMEAFDJFM         58.7007 -> 58.7102
63170,2 fw Controll.static OFJKHAFJIMA          0.0019 -> 0.0098
63170,2 fw PLH.static      ADJMBEDDHLB         62.8913 -> 62.8979
63170,2 fw PLH.static      CFIMEAFDJFM         58.7102 -> 58.7165
63175,9 fw PLH.static      ADJMBEDDHLB         62.8979 -> 62.9073
63175,9 fw PLH.static      CFIMEAFDJFM         58.7165 -> 58.7257
63187,3 fw Controll.static GIPNIMALPEG          0.2007 -> 0.1847
63187,4 fw PLH.static      ADJMBEDDHLB         62.9073 -> 62.913
63187,4 fw PLH.static      CFIMEAFDJFM         58.7257 -> 58.732
63192,4 fw PLH.static      ADJMBEDDHLB          62.913 -> 62.9246
63192,4 fw PLH.static      CFIMEAFDJFM          58.732 -> 58.7427
63203,8 fw PLH.static      ADJMBEDDHLB         62.9246 -> 62.9295
63210,7 fw PLH.static      ADJMBEDDHLB         62.9295 -> 62.941
63210,7 fw PLH.static      CFIMEAFDJFM         58.7427 -> 58.7597
63222,7 fw Controll.static MKFDGFOCKNO         62.8651 -> 62.9151
63222,7 fw Controll.static LEKCBKLAILO         62.9151 -> 62.9651
63222,7 fw Controll.static OFJKHAFJIMA          0.0098 -> 0.009
63222,8 fw PLH.static      ADJMBEDDHLB          62.941 -> 62.9479
63227,4 fw PLH.static      ADJMBEDDHLB         62.9479 -> 62.9599
63227,4 fw PLH.static      CFIMEAFDJFM         58.7597 -> 58.7787
63238,1 fw Controll.static GIPNIMALPEG          0.1847 -> 0.2003
63238,1 fw PLH.static      ADJMBEDDHLB         62.9599 -> 62.9645
63245,2 fw PLH.static      ADJMBEDDHLB         62.9645 -> 62.9753
63245,2 fw PLH.static      CFIMEAFDJFM         58.7787 -> 58.794
63253,0 fw PLH.static      ADJMBEDDHLB         62.9753 -> 62.9823
63253,0 fw PLH.static      CFIMEAFDJFM          58.794 -> 58.8007
63259,3 fw PLH.static      ADJMBEDDHLB         62.9823 -> 62.9903
63259,3 fw PLH.static      CFIMEAFDJFM         58.8007 -> 58.8088
63270,7 fw Controll.static MKFDGFOCKNO         62.9151 -> 62.9651
63270,7 fw Controll.static LEKCBKLAILO         62.9651 -> 63.0151
63270,7 fw Controll.static OFJKHAFJIMA           0.009 -> 0.0098
63270,7 fw PLH.static      ADJMBEDDHLB         62.9903 -> 62.9965
63276,4 fw PLH.static      ADJMBEDDHLB         62.9965 -> 63.0079
63276,4 fw PLH.static      CFIMEAFDJFM         58.8088 -> 58.8261
63288,0 fw Controll.static GIPNIMALPEG          0.2003 -> 0.1973
63288,1 fw PLH.static      ADJMBEDDHLB         63.0079 -> 63.0136
63288,1 fw PLH.static      CFIMEAFDJFM         58.8261 -> 58.8325
63292,5 fw PLH.static      ADJMBEDDHLB         63.0136 -> 63.0253
63292,5 fw PLH.static      CFIMEAFDJFM         58.8325 -> 58.8429
63303,6 fw Controll.static DGNDKAKOEPD         2402804 -> 2405938
63303,6 fw Controll.static BEJBLGGGOCC       339982137 -> 339985272
63303,6 fw Controll.static JELGPAKAJPE              98 -> 101
63303,6 fw Controll.static EENJPDHGGGC         59.8913 -> 63.0252
63303,7 fw PLH.static      ADJMBEDDHLB         63.0253 -> 63.0296
63310,1 fw PLH.static      ADJMBEDDHLB         63.0296 -> 63.0408
63310,1 fw PLH.static      CFIMEAFDJFM         58.8429 -> 58.8597
63318,1 fw Controll.static MKFDGFOCKNO         62.9651 -> 63.0151
63318,1 fw Controll.static LEKCBKLAILO         63.0151 -> 63.0651
63318,1 fw Controll.static OFJKHAFJIMA          0.0098 -> 0.0096
63318,2 fw PLH.static      ADJMBEDDHLB         63.0408 -> 63.0472
63318,2 fw PLH.static      CFIMEAFDJFM         58.8597 -> 58.8657
63325,2 fw PLH.static      ADJMBEDDHLB         63.0472 -> 63.0553
63333,0 fw Controll.static GIPNIMALPEG          0.1973 -> 0.0984
63333,0 fw PLH.static      ADJMBEDDHLB         63.0553 -> 63.0623
63333,0 fw PLH.static      CFIMEAFDJFM         58.8657 -> 58.8808
63339,8 fw PLH.static      ADJMBEDDHLB         63.0623 -> 63.0702
63339,8 fw PLH.static      CFIMEAFDJFM         58.8808 -> 58.8889
63348,0 fw PLH.static      ADJMBEDDHLB         63.0702 -> 63.077
63348,0 fw PLH.static      CFIMEAFDJFM         58.8889 -> 58.8959
63353,5 fw PLH.static      ADJMBEDDHLB          63.077 -> 63.0851
63353,5 fw PLH.static      CFIMEAFDJFM         58.8959 -> 58.9035
63362,7 fw Controll.static MKFDGFOCKNO         63.0151 -> 63.0651
63362,7 fw Controll.static LEKCBKLAILO         63.0651 -> 63.1151
63362,7 fw Controll.static OFJKHAFJIMA          0.0096 -> 0.0047
63362,7 fw PLH.static      ADJMBEDDHLB         63.0851 -> 63.0906
63362,7 fw PLH.static      CFIMEAFDJFM         58.9035 -> 58.9096
63369,6 fw PLH.static      ADJMBEDDHLB         63.0906 -> 63.0999
63369,6 fw PLH.static      CFIMEAFDJFM         58.9096 -> 58.9188
63377,5 fw Controll.static GIPNIMALPEG          0.0984 -> 0.9877
63377,5 fw PLH.static      ADJMBEDDHLB         63.0999 -> 63.1067
63385,1 fw PLH.static      ADJMBEDDHLB         63.1067 -> 63.1146
63385,1 fw PLH.static      CFIMEAFDJFM         58.9188 -> 58.9335
63392,3 fw PLH.static      ADJMBEDDHLB         63.1146 -> 63.1222
63392,3 fw PLH.static      CFIMEAFDJFM         58.9335 -> 58.9404
63400,7 fw PLH.static      ADJMBEDDHLB         63.1222 -> 63.1295
63400,7 fw PLH.static      CFIMEAFDJFM         58.9404 -> 58.9483
63407,9 fw Controll.static MKFDGFOCKNO         63.0651 -> 63.1151
63407,9 fw Controll.static LEKCBKLAILO         63.1151 -> 63.1651
63407,9 fw Controll.static OFJKHAFJIMA          0.0047 -> 0.0068
63408,0 fw PLH.static      ADJMBEDDHLB         63.1295 -> 63.1379
63408,0 fw PLH.static      CFIMEAFDJFM         58.9483 -> 58.9567
63415,5 fw PLH.static      ADJMBEDDHLB         63.1379 -> 63.1451
63415,5 fw PLH.static      CFIMEAFDJFM         58.9567 -> 58.9635
63421,7 fw PLH.static      ADJMBEDDHLB         63.1451 -> 63.1526
63421,7 fw PLH.static      CFIMEAFDJFM         58.9635 -> 58.9716
63431,7 fw Controll.static GIPNIMALPEG          0.9877 -> 0.0725
63431,8 fw PLH.static      ADJMBEDDHLB         63.1526 -> 63.1588
63437,6 fw PLH.static      ADJMBEDDHLB         63.1588 -> 63.1689
63437,6 fw PLH.static      CFIMEAFDJFM         58.9716 -> 58.987
63447,7 fw PLH.static      ADJMBEDDHLB         63.1689 -> 63.1748
63447,7 fw PLH.static      CFIMEAFDJFM          58.987 -> 58.9936
63452,7 fw Controll.static MKFDGFOCKNO         63.1151 -> 63.1651
63452,7 fw Controll.static LEKCBKLAILO         63.1651 -> 63.2151
63452,8 fw PLH.static      ADJMBEDDHLB         63.1748 -> 63.1848
63452,8 fw PLH.static      CFIMEAFDJFM         58.9936 -> 59.0028
63462,8 fw Controll.static OFJKHAFJIMA          0.0068 -> 0.0034
63462,9 fw PLH.static      ADJMBEDDHLB         63.1848 -> 63.19
63462,9 fw PLH.static      CFIMEAFDJFM         59.0028 -> 59.0088
63469,6 fw PLH.static      ADJMBEDDHLB           63.19 -> 63.2
63469,6 fw PLH.static      CFIMEAFDJFM         59.0088 -> 59.0189
63479,8 fw Controll.static GIPNIMALPEG          0.0725 -> 0.0339
63479,9 fw PLH.static      ADJMBEDDHLB            63.2 -> 63.2067
63485,9 fw PLH.static      ADJMBEDDHLB         63.2067 -> 63.2171
63485,9 fw PLH.static      CFIMEAFDJFM         59.0189 -> 59.0352
63494,2 fw PLH.static      ADJMBEDDHLB         63.2171 -> 63.223
63494,2 fw PLH.static      CFIMEAFDJFM         59.0352 -> 59.0413
63500,8 fw PLH.static      ADJMBEDDHLB          63.223 -> 63.2313
63500,9 fw PLH.static      CFIMEAFDJFM         59.0413 -> 59.0502
63508,8 fw Controll.static MKFDGFOCKNO         63.1651 -> 63.2151
63508,8 fw Controll.static LEKCBKLAILO         63.2151 -> 63.2651
63508,8 fw Controll.static OFJKHAFJIMA          0.0034 -> 0.0014
63508,9 fw PLH.static      ADJMBEDDHLB         63.2313 -> 63.238
63516,2 fw PLH.static      ADJMBEDDHLB          63.238 -> 63.246
63516,2 fw PLH.static      CFIMEAFDJFM         59.0502 -> 59.0643
63523,5 fw Controll.static GIPNIMALPEG          0.0339 -> 0.9069
63523,5 fw PLH.static      ADJMBEDDHLB          63.246 -> 63.2534
63523,5 fw PLH.static      CFIMEAFDJFM         59.0643 -> 59.0722
63532,2 fw PLH.static      ADJMBEDDHLB         63.2534 -> 63.2606
63532,2 fw PLH.static      CFIMEAFDJFM         59.0722 -> 59.0795
63537,5 fw PLH.static      ADJMBEDDHLB         63.2606 -> 63.2693
63537,5 fw PLH.static      CFIMEAFDJFM         59.0795 -> 59.0875
63547,9 fw PLH.static      ADJMBEDDHLB         63.2693 -> 63.2747
63553,5 fw Controll.static MKFDGFOCKNO         63.2151 -> 63.2651
63553,5 fw Controll.static LEKCBKLAILO         63.2651 -> 63.3151
63553,5 fw Controll.static OFJKHAFJIMA          0.0014 -> 0.0039
63553,6 fw PLH.static      ADJMBEDDHLB         63.2747 -> 63.285
63553,6 fw PLH.static      CFIMEAFDJFM         59.0875 -> 59.1034
63562,0 fw PLH.static      ADJMBEDDHLB          63.285 -> 63.2907
63562,0 fw PLH.static      CFIMEAFDJFM         59.1034 -> 59.1096
63569,7 fw Controll.static GIPNIMALPEG          0.9069 -> 0.8309
63569,7 fw PLH.static      ADJMBEDDHLB         63.2907 -> 63.2991
63569,7 fw PLH.static      CFIMEAFDJFM         59.1096 -> 59.118
63575,7 fw PLH.static      ADJMBEDDHLB         63.2991 -> 63.3069
63575,7 fw PLH.static      CFIMEAFDJFM          59.118 -> 59.1252
63585,4 fw PLH.static      ADJMBEDDHLB         63.3069 -> 63.3128
63585,4 fw PLH.static      CFIMEAFDJFM         59.1252 -> 59.1318
63590,7 fw PLH.static      ADJMBEDDHLB         63.3128 -> 63.3225
63590,7 fw PLH.static      CFIMEAFDJFM         59.1318 -> 59.1407
63600,7 fw Controll.static MKFDGFOCKNO         63.2651 -> 63.3151
63600,7 fw Controll.static LEKCBKLAILO         63.3151 -> 63.3651
63600,7 fw Controll.static OFJKHAFJIMA          0.0039 -> 0.007
63600,8 fw PLH.static      ADJMBEDDHLB         63.3225 -> 63.3278
63607,5 fw PLH.static      ADJMBEDDHLB         63.3278 -> 63.338
63607,5 fw PLH.static      CFIMEAFDJFM         59.1407 -> 59.1567
63616,6 # net: TcpClient.Connected = True
63616,6 fw Controll.static GIPNIMALPEG          0.8309 -> 0.7692
63616,7 fw PLH.static      ADJMBEDDHLB          63.338 -> 63.3447
63616,7 fw PLH.static      CFIMEAFDJFM         59.1567 -> 59.163
63623,6 fw PLH.static      ADJMBEDDHLB         63.3447 -> 63.3539
63623,6 fw PLH.static      CFIMEAFDJFM          59.163 -> 59.1726
63633,2 fw PLH.static      ADJMBEDDHLB         63.3539 -> 63.3607
63633,2 fw PLH.static      CFIMEAFDJFM         59.1726 -> 59.1796
63638,8 fw PLH.static      ADJMBEDDHLB         63.3607 -> 63.3703
63638,8 fw PLH.static      CFIMEAFDJFM         59.1796 -> 59.1884
63649,7 fw Controll.static MKFDGFOCKNO         63.3151 -> 63.3651
63649,7 fw Controll.static LEKCBKLAILO         63.3651 -> 63.4151
63649,7 fw Controll.static OFJKHAFJIMA           0.007 -> 0.0049
63649,7 fw PLH.static      ADJMBEDDHLB         63.3703 -> 63.3759
63649,7 fw PLH.static      CFIMEAFDJFM         59.1884 -> 59.1944
63657,2 fw PLH.static      ADJMBEDDHLB         63.3759 -> 63.3868
63657,2 fw PLH.static      CFIMEAFDJFM         59.1944 -> 59.2051
63666,6 fw Controll.static GIPNIMALPEG          0.7692 -> 0.7701
63666,7 fw PLH.static      ADJMBEDDHLB         63.3868 -> 63.3943
63666,7 fw PLH.static      CFIMEAFDJFM         59.2051 -> 59.2132
63674,7 fw PLH.static      ADJMBEDDHLB         63.3943 -> 63.4038
63674,7 fw PLH.static      CFIMEAFDJFM         59.2132 -> 59.2222
63681,2 fw PLH.static      ADJMBEDDHLB         63.4038 -> 63.4119
63681,2 fw PLH.static      CFIMEAFDJFM         59.2222 -> 59.2308
63689,4 fw PLH.static      ADJMBEDDHLB         63.4119 -> 63.4183
63689,4 fw PLH.static      CFIMEAFDJFM         59.2308 -> 59.2371
63695,3 fw Controll.static MKFDGFOCKNO         63.3651 -> 63.4151
63695,3 fw Controll.static LEKCBKLAILO         63.4151 -> 63.4651
63695,3 fw Controll.static OFJKHAFJIMA          0.0049 -> 0.0029
63695,3 fw PLH.static      ADJMBEDDHLB         63.4183 -> 63.4265
63704,9 fw PLH.static      ADJMBEDDHLB         63.4265 -> 63.4325
63704,9 fw PLH.static      CFIMEAFDJFM         59.2371 -> 59.2513
63711,3 fw PLH.static      ADJMBEDDHLB         63.4325 -> 63.442
63711,3 fw PLH.static      CFIMEAFDJFM         59.2513 -> 59.2603
63719,2 fw Controll.static GIPNIMALPEG          0.7701 -> 0.8203
63719,2 fw PLH.static      ADJMBEDDHLB          63.442 -> 63.4484
63719,2 fw PLH.static      CFIMEAFDJFM         59.2603 -> 59.2673
63725,9 fw PLH.static      ADJMBEDDHLB         63.4484 -> 63.4563
63725,9 fw PLH.static      CFIMEAFDJFM         59.2673 -> 59.2751
63734,5 fw PLH.static      ADJMBEDDHLB         63.4563 -> 63.463
63734,5 fw PLH.static      CFIMEAFDJFM         59.2751 -> 59.2814
63741,3 fw Controll.static MKFDGFOCKNO         63.4151 -> 63.4651
63741,3 fw Controll.static LEKCBKLAILO         63.4651 -> 63.5151
63741,3 fw PLH.static      ADJMBEDDHLB          63.463 -> 63.4717
63741,3 fw PLH.static      CFIMEAFDJFM         59.2814 -> 59.2903
63749,4 fw Controll.static OFJKHAFJIMA          0.0029 -> 0.0062
63749,4 fw PLH.static      ADJMBEDDHLB         63.4717 -> 63.4784
63756,1 fw PLH.static      ADJMBEDDHLB         63.4784 -> 63.4866
63756,1 fw PLH.static      CFIMEAFDJFM         59.2903 -> 59.3047
63765,2 fw Controll.static GIPNIMALPEG          0.8203 -> 0.7406
63765,2 fw PLH.static      ADJMBEDDHLB         63.4866 -> 63.4932
63771,3 fw PLH.static      ADJMBEDDHLB         63.4932 -> 63.5024
63771,3 fw PLH.static      CFIMEAFDJFM         59.3047 -> 59.3206
63780,6 fw PLH.static      ADJMBEDDHLB         63.5024 -> 63.5085
63780,6 fw PLH.static      CFIMEAFDJFM         59.3206 -> 59.3274
63787,4 fw PLH.static      ADJMBEDDHLB         63.5085 -> 63.5178
63787,5 fw PLH.static      CFIMEAFDJFM         59.3274 -> 59.3365
63794,1 fw Controll.static MKFDGFOCKNO         63.4651 -> 63.5151
63794,1 fw Controll.static LEKCBKLAILO         63.5151 -> 63.5651
63794,1 fw Controll.static OFJKHAFJIMA          0.0062 -> 0.0022
63794,1 fw PLH.static      ADJMBEDDHLB         63.5178 -> 63.5246
63802,7 fw PLH.static      ADJMBEDDHLB         63.5246 -> 63.5313
63802,7 fw PLH.static      CFIMEAFDJFM         59.3365 -> 59.3502
63810,4 fw Controll.static GIPNIMALPEG          0.7406 -> 0.6463
63810,5 fw PLH.static      ADJMBEDDHLB         63.5313 -> 63.5398
63810,5 fw PLH.static      CFIMEAFDJFM         59.3502 -> 59.3587
63816,4 fw PLH.static      ADJMBEDDHLB         63.5398 -> 63.5476
63825,8 fw PLH.static      ADJMBEDDHLB         63.5476 -> 63.5536
63825,8 fw PLH.static      CFIMEAFDJFM         59.3587 -> 59.3725
63831,6 fw PLH.static      ADJMBEDDHLB         63.5536 -> 63.5629
63831,6 fw PLH.static      CFIMEAFDJFM         59.3725 -> 59.3813
63840,5 fw Controll.static MKFDGFOCKNO         63.5151 -> 63.5651
63840,5 fw Controll.static LEKCBKLAILO         63.5651 -> 63.6151
63840,6 fw Controll.static OFJKHAFJIMA          0.0022 -> 0.0033
63840,6 fw PLH.static      ADJMBEDDHLB         63.5629 -> 63.5688
63840,6 fw PLH.static      CFIMEAFDJFM         59.3813 -> 59.3875
63848,0 fw PLH.static      ADJMBEDDHLB         63.5688 -> 63.5777
63854,4 fw Controll.static GIPNIMALPEG          0.6463 -> 0.5251
63854,4 fw PLH.static      ADJMBEDDHLB         63.5777 -> 63.5851
63854,4 fw PLH.static      CFIMEAFDJFM         59.3875 -> 59.4035
63862,5 fw PLH.static      ADJMBEDDHLB         63.5851 -> 63.5916
63862,5 fw PLH.static      CFIMEAFDJFM         59.4035 -> 59.4104
63870,3 fw PLH.static      ADJMBEDDHLB         63.5916 -> 63.5996
63870,3 fw PLH.static      CFIMEAFDJFM         59.4104 -> 59.4185
63876,6 fw PLH.static      ADJMBEDDHLB         63.5996 -> 63.6075
63876,6 fw PLH.static      CFIMEAFDJFM         59.4185 -> 59.4259
63887,1 fw Controll.static MKFDGFOCKNO         63.5651 -> 63.6151
63887,1 fw Controll.static LEKCBKLAILO         63.6151 -> 63.6651
63887,1 fw Controll.static OFJKHAFJIMA          0.0033 -> 0.0089
63887,2 fw PLH.static      ADJMBEDDHLB         63.6075 -> 63.6137
63892,7 fw PLH.static      ADJMBEDDHLB         63.6137 -> 63.6243
63892,7 fw PLH.static      CFIMEAFDJFM         59.4259 -> 59.4425
63903,2 fw Controll.static GIPNIMALPEG          0.5251 -> 0.5006
63903,2 fw PLH.static      ADJMBEDDHLB         63.6243 -> 63.6298
63903,2 fw PLH.static      CFIMEAFDJFM         59.4425 -> 59.4487
63909,7 fw PLH.static      ADJMBEDDHLB         63.6298 -> 63.6404
63909,7 fw PLH.static      CFIMEAFDJFM         59.4487 -> 59.4593
63919,6 fw PLH.static      ADJMBEDDHLB         63.6404 -> 63.6468
63925,6 fw PLH.static      ADJMBEDDHLB         63.6468 -> 63.6569
63925,6 fw PLH.static      CFIMEAFDJFM         59.4593 -> 59.4755
63934,1 fw Controll.static MKFDGFOCKNO         63.6151 -> 63.6651
63934,1 fw Controll.static LEKCBKLAILO         63.6651 -> 63.7151
63934,1 fw Controll.static OFJKHAFJIMA          0.0089 -> 0.0058
63934,1 fw PLH.static      ADJMBEDDHLB         63.6569 -> 63.6627
63940,0 fw PLH.static      ADJMBEDDHLB         63.6627 -> 63.6713
63940,0 fw PLH.static      CFIMEAFDJFM         59.4755 -> 59.49
63949,5 fw Controll.static GIPNIMALPEG          0.5006 -> 0.4263
63949,5 fw PLH.static      ADJMBEDDHLB         63.6713 -> 63.6771
63949,5 fw PLH.static      CFIMEAFDJFM           59.49 -> 59.496
63955,4 fw PLH.static      ADJMBEDDHLB         63.6771 -> 63.6867
63955,4 fw PLH.static      CFIMEAFDJFM          59.496 -> 59.5051
63964,6 fw PLH.static      ADJMBEDDHLB         63.6867 -> 63.6925
63964,6 fw PLH.static      CFIMEAFDJFM         59.5051 -> 59.5115
63970,9 fw PLH.static      ADJMBEDDHLB         63.6925 -> 63.7018
63970,9 fw PLH.static      CFIMEAFDJFM         59.5115 -> 59.5202
63980,2 fw Controll.static MKFDGFOCKNO         63.6651 -> 63.7151
63980,2 fw Controll.static LEKCBKLAILO         63.7151 -> 63.7651
63980,2 fw Controll.static OFJKHAFJIMA          0.0058 -> 0.0019
63980,2 fw PLH.static      ADJMBEDDHLB         63.7018 -> 63.7081
63980,2 fw PLH.static      CFIMEAFDJFM         59.5202 -> 59.527
63987,4 fw PLH.static      ADJMBEDDHLB         63.7081 -> 63.7173
63987,4 fw PLH.static      CFIMEAFDJFM          59.527 -> 59.5361
63994,4 fw PLH.static      ADJMBEDDHLB         63.7173 -> 63.7245
63994,4 fw PLH.static      CFIMEAFDJFM         59.5361 -> 59.5428
64001,5 fw Controll.static GIPNIMALPEG          0.4263 -> 0.4668
64001,5 fw PLH.static      ADJMBEDDHLB         63.7245 -> 63.7315
64001,5 fw PLH.static      CFIMEAFDJFM         59.5428 -> 59.5505
64009,8 fw PLH.static      ADJMBEDDHLB         63.7315 -> 63.7386
64015,9 fw PLH.static      ADJMBEDDHLB         63.7386 -> 63.7469
64015,9 fw PLH.static      CFIMEAFDJFM         59.5505 -> 59.5652
64025,1 fw PLH.static      ADJMBEDDHLB         63.7469 -> 63.7531
64031,1 fw Controll.static OFJKHAFJIMA          0.0019 -> 0.0027
64031,1 fw PLH.static      ADJMBEDDHLB         63.7531 -> 63.7622
64031,1 fw PLH.static      CFIMEAFDJFM         59.5652 -> 59.5805
64041,1 fw PLH.static      ADJMBEDDHLB         63.7622 -> 63.7683
64041,1 fw PLH.static      CFIMEAFDJFM         59.5805 -> 59.5869
64048,2 fw Controll.static GIPNIMALPEG          0.4668 -> 0.4013
64048,3 fw PLH.static      ADJMBEDDHLB         63.7683 -> 63.7782
64048,3 fw PLH.static      CFIMEAFDJFM         59.5869 -> 59.5971
64055,6 fw PLH.static      ADJMBEDDHLB         63.7782 -> 63.7858
64055,6 fw PLH.static      CFIMEAFDJFM         59.5971 -> 59.6032
64063,4 fw PLH.static      ADJMBEDDHLB         63.7858 -> 63.7929
64063,4 fw PLH.static      CFIMEAFDJFM         59.6032 -> 59.6115
64071,6 fw PLH.static      ADJMBEDDHLB         63.7929 -> 63.8005
64071,6 fw PLH.static      CFIMEAFDJFM         59.6115 -> 59.6194
64077,5 fw Controll.static MKFDGFOCKNO         63.7151 -> 63.7651
64077,5 fw Controll.static LEKCBKLAILO         63.7651 -> 63.8151
64077,5 fw PLH.static      ADJMBEDDHLB         63.8005 -> 63.8087
64077,5 fw PLH.static      CFIMEAFDJFM         59.6194 -> 59.627
64086,9 fw PLH.static      ADJMBEDDHLB         63.8087 -> 63.8146
64092,8 fw Controll.static GIPNIMALPEG          0.4013 -> 0.292
64092,8 fw PLH.static      ADJMBEDDHLB         63.8146 -> 63.824
64092,8 fw PLH.static      CFIMEAFDJFM          59.627 -> 59.6422
64101,5 fw PLH.static      ADJMBEDDHLB          63.824 -> 63.831
64101,5 fw PLH.static      CFIMEAFDJFM         59.6422 -> 59.6488
64108,1 fw PLH.static      ADJMBEDDHLB          63.831 -> 63.8386
64116,2 fw PLH.static      ADJMBEDDHLB         63.8386 -> 63.8452
64123,8 fw Controll.static MKFDGFOCKNO         63.7651 -> 63.8151
64123,8 fw Controll.static LEKCBKLAILO         63.8151 -> 63.8651
64123,8 fw Controll.static OFJKHAFJIMA          0.0027 -> 0.0085
64123,9 fw PLH.static      ADJMBEDDHLB         63.8452 -> 63.8534
64123,9 fw PLH.static      CFIMEAFDJFM         59.6488 -> 59.6723
64131,2 fw PLH.static      ADJMBEDDHLB         63.8534 -> 63.861
64131,2 fw PLH.static      CFIMEAFDJFM         59.6723 -> 59.6799
64139,0 fw Controll.static GIPNIMALPEG           0.292 -> 0.2176
64139,1 fw PLH.static      ADJMBEDDHLB          63.861 -> 63.8683
64146,3 fw PLH.static      ADJMBEDDHLB         63.8683 -> 63.8762
64146,3 fw PLH.static      CFIMEAFDJFM         59.6799 -> 59.6951
64153,8 fw PLH.static      ADJMBEDDHLB         63.8762 -> 63.8834
64161,0 fw PLH.static      ADJMBEDDHLB         63.8834 -> 63.891
64161,0 fw PLH.static      CFIMEAFDJFM         59.6951 -> 59.7098
64170,8 fw Controll.static MKFDGFOCKNO         63.8151 -> 63.8651
64170,8 fw Controll.static LEKCBKLAILO         63.8651 -> 63.9151
64170,8 fw Controll.static OFJKHAFJIMA          0.0085 -> 0.0028
64170,9 fw PLH.static      ADJMBEDDHLB          63.891 -> 63.8982
64175,8 fw PLH.static      ADJMBEDDHLB         63.8982 -> 63.908
64175,8 fw PLH.static      CFIMEAFDJFM         59.7098 -> 59.7263
64186,9 fw Controll.static GIPNIMALPEG          0.2176 -> 0.174
64186,9 fw PLH.static      ADJMBEDDHLB          63.908 -> 63.9129
64186,9 fw PLH.static      CFIMEAFDJFM         59.7263 -> 59.7318
64192,6 fw PLH.static      ADJMBEDDHLB         63.9129 -> 63.924
64192,6 fw PLH.static      CFIMEAFDJFM         59.7318 -> 59.7418
64202,5 fw PLH.static      ADJMBEDDHLB          63.924 -> 63.9297
64202,5 fw PLH.static      CFIMEAFDJFM         59.7418 -> 59.7486
64209,9 fw PLH.static      ADJMBEDDHLB         63.9297 -> 63.9397
64209,9 fw PLH.static      CFIMEAFDJFM         59.7486 -> 59.7585
64217,5 fw Controll.static MKFDGFOCKNO         63.8651 -> 63.9152
64217,5 fw Controll.static LEKCBKLAILO         63.9151 -> 63.9652
64217,5 fw Controll.static OFJKHAFJIMA          0.0028 -> 0.0085
64217,5 fw PLH.static      ADJMBEDDHLB         63.9397 -> 63.947
64217,5 fw PLH.static      CFIMEAFDJFM         59.7585 -> 59.7654
64223,7 fw PLH.static      ADJMBEDDHLB          63.947 -> 63.9547
64223,7 fw PLH.static      CFIMEAFDJFM         59.7654 -> 59.7735
64232,9 fw Controll.static GIPNIMALPEG           0.174 -> 0.0934
64232,9 fw PLH.static      ADJMBEDDHLB         63.9547 -> 63.9608
64238,4 fw PLH.static      ADJMBEDDHLB         63.9608 -> 63.9701
64238,4 fw PLH.static      CFIMEAFDJFM         59.7735 -> 59.7882
64249,0 fw PLH.static      ADJMBEDDHLB         63.9701 -> 63.9756
64249,0 fw PLH.static      CFIMEAFDJFM         59.7882 -> 59.7944
64254,7 fw PLH.static      ADJMBEDDHLB         63.9756 -> 63.9861
64254,7 fw PLH.static      CFIMEAFDJFM         59.7944 -> 59.8045
64263,8 fw Controll.static MKFDGFOCKNO         63.9152 -> 63.9652
64263,8 fw Controll.static LEKCBKLAILO         63.9652 -> 64.0152
64263,8 fw Controll.static OFJKHAFJIMA          0.0085 -> 0.0044
64263,9 fw PLH.static      ADJMBEDDHLB         63.9861 -> 63.9918
64270,2 fw PLH.static      ADJMBEDDHLB         63.9918 -> 64.001
64270,2 fw PLH.static      CFIMEAFDJFM         59.8045 -> 59.8198
64278,8 fw PLH.static      ADJMBEDDHLB          64.001 -> 64.0074
64286,5 fw Controll.static GIPNIMALPEG          0.0934 -> 0.1653
64286,5 fw PLH.static      ADJMBEDDHLB         64.0074 -> 64.016
64293,5 fw PLH.static      ADJMBEDDHLB          64.016 -> 64.0236
64293,5 fw PLH.static      CFIMEAFDJFM         59.8198 -> 59.842
64302,4 fw PLH.static      ADJMBEDDHLB         64.0236 -> 64.0307
64302,4 fw PLH.static      CFIMEAFDJFM          59.842 -> 59.8495
64309,5 fw Controll.static MKFDGFOCKNO         63.9652 -> 64.0152
64309,5 fw Controll.static LEKCBKLAILO         64.0152 -> 64.0652
64309,6 fw PLH.static      ADJMBEDDHLB         64.0307 -> 64.0396
64309,6 fw PLH.static      CFIMEAFDJFM         59.8495 -> 59.8584
64316,0 fw Controll.static OFJKHAFJIMA          0.0044 -> 0.0004
64316,1 fw PLH.static      ADJMBEDDHLB         64.0396 -> 64.0467
64316,1 fw PLH.static      CFIMEAFDJFM         59.8584 -> 59.865
64324,7 fw PLH.static      ADJMBEDDHLB         64.0467 -> 64.0532
64331,1 fw Controll.static GIPNIMALPEG          0.1653 -> 0.0573
64331,1 fw PLH.static      ADJMBEDDHLB         64.0532 -> 64.0618
64331,1 fw PLH.static      CFIMEAFDJFM          59.865 -> 59.8803
64338,9 fw Controll.static DGNDKAKOEPD         2405938 -> 2406944
64338,9 fw Controll.static BEJBLGGGOCC       339985272 -> 339986267
64338,9 fw Controll.static JELGPAKAJPE             101 -> 107
64338,9 fw Controll.static EENJPDHGGGC         63.0252 -> 64.0307
64339,0 fw PLH.static      ADJMBEDDHLB         64.0618 -> 64.0682
64339,0 fw PLH.static      CFIMEAFDJFM         59.8803 -> 59.8869
64346,1 fw PLH.static      ADJMBEDDHLB         64.0682 -> 64.0761
64346,1 fw PLH.static      CFIMEAFDJFM         59.8869 -> 59.895
64353,0 fw PLH.static      ADJMBEDDHLB         64.0761 -> 64.0833
64353,0 fw PLH.static      CFIMEAFDJFM          59.895 -> 59.9017
64360,7 fw Controll.static MKFDGFOCKNO         64.0152 -> 64.0652
64360,7 fw Controll.static LEKCBKLAILO         64.0652 -> 64.1152
64360,7 fw Controll.static OFJKHAFJIMA          0.0004 -> 0.0027
64360,8 fw PLH.static      ADJMBEDDHLB         64.0833 -> 64.0901
64360,8 fw PLH.static      CFIMEAFDJFM         59.9017 -> 59.909
64368,4 fw PLH.static      ADJMBEDDHLB         64.0901 -> 64.0979
64368,4 fw PLH.static      CFIMEAFDJFM          59.909 -> 59.9168
64374,1 fw Controll.static GIPNIMALPEG          0.0573 -> 0.9191
64374,2 fw PLH.static      ADJMBEDDHLB         64.0979 -> 64.1055
64382,6 fw PLH.static      ADJMBEDDHLB         64.1055 -> 64.1113
64382,7 fw PLH.static      CFIMEAFDJFM         59.9168 -> 59.9302
64389,6 fw PLH.static      ADJMBEDDHLB         64.1113 -> 64.1198
64389,6 fw PLH.static      CFIMEAFDJFM         59.9302 -> 59.9385
64397,2 fw PLH.static      ADJMBEDDHLB         64.1198 -> 64.1267
64397,2 fw PLH.static      CFIMEAFDJFM         59.9385 -> 59.9451
64403,8 fw Controll.static MKFDGFOCKNO         64.0652 -> 64.1152
64403,8 fw Controll.static LEKCBKLAILO         64.1152 -> 64.1652
64403,8 fw Controll.static OFJKHAFJIMA          0.0027 -> 0.0042
64403,9 fw PLH.static      ADJMBEDDHLB         64.1267 -> 64.1344
64403,9 fw PLH.static      CFIMEAFDJFM         59.9451 -> 59.9533
64412,6 fw PLH.static      ADJMBEDDHLB         64.1344 -> 64.141
64412,6 fw PLH.static      CFIMEAFDJFM         59.9533 -> 59.9599
64418,4 fw Controll.static GIPNIMALPEG          0.9191 -> 0.8039
64418,4 fw PLH.static      ADJMBEDDHLB          64.141 -> 64.1498
64418,4 fw PLH.static      CFIMEAFDJFM         59.9599 -> 59.968
64429,5 fw PLH.static      ADJMBEDDHLB         64.1498 -> 64.1556
64429,5 fw PLH.static      CFIMEAFDJFM          59.968 -> 59.9745
64434,7 fw PLH.static      ADJMBEDDHLB         64.1556 -> 64.1667
64434,7 fw PLH.static      CFIMEAFDJFM         59.9745 -> 59.9846
64445,5 fw PLH.static      ADJMBEDDHLB         64.1667 -> 64.1718
64445,5 fw PLH.static      CFIMEAFDJFM         59.9846 -> 59.9906
64450,7 fw Controll.static MKFDGFOCKNO         64.1152 -> 64.1652
64450,7 fw Controll.static LEKCBKLAILO         64.1652 -> 64.2152
64450,7 fw Controll.static OFJKHAFJIMA          0.0042 -> 0.001
64450,8 fw PLH.static      ADJMBEDDHLB         64.1718 -> 64.1827
64450,8 fw PLH.static      CFIMEAFDJFM         59.9906 -> 60.001
64461,1 fw PLH.static      ADJMBEDDHLB         64.1827 -> 64.188
64467,3 fw Controll.static GIPNIMALPEG          0.8039 -> 0.7813
64467,3 fw PLH.static      ADJMBEDDHLB          64.188 -> 64.1983
64467,3 fw PLH.static      CFIMEAFDJFM          60.001 -> 60.0172
64476,0 fw PLH.static      ADJMBEDDHLB         64.1983 -> 64.2044
64476,0 fw PLH.static      CFIMEAFDJFM         60.0172 -> 60.0228
64483,5 fw PLH.static      ADJMBEDDHLB         64.2044 -> 64.2132
64483,5 fw PLH.static      CFIMEAFDJFM         60.0228 -> 60.032
64490,0 fw PLH.static      ADJMBEDDHLB         64.2132 -> 64.2206
64490,0 fw PLH.static      CFIMEAFDJFM          60.032 -> 60.0393
64497,7 fw Controll.static MKFDGFOCKNO         64.1652 -> 64.2152
64497,7 fw Controll.static LEKCBKLAILO         64.2152 -> 64.2652
64497,7 fw Controll.static OFJKHAFJIMA           0.001 -> 0.005
64497,7 fw PLH.static      ADJMBEDDHLB         64.2206 -> 64.2271
64497,7 fw PLH.static      CFIMEAFDJFM         60.0393 -> 60.0454
64505,5 fw PLH.static      ADJMBEDDHLB         64.2271 -> 64.2348
64505,5 fw PLH.static      CFIMEAFDJFM         60.0454 -> 60.0537
64512,1 fw Controll.static GIPNIMALPEG          0.7813 -> 0.6765
64512,1 fw PLH.static      ADJMBEDDHLB         64.2348 -> 64.2427
64512,1 fw PLH.static      CFIMEAFDJFM         60.0537 -> 60.061
64520,0 fw PLH.static      ADJMBEDDHLB         64.2427 -> 64.2492
64520,1 fw PLH.static      CFIMEAFDJFM          60.061 -> 60.0681
64527,2 fw PLH.static      ADJMBEDDHLB         64.2492 -> 64.2572
64527,2 fw PLH.static      CFIMEAFDJFM         60.0681 -> 60.0761
64535,4 fw PLH.static      ADJMBEDDHLB         64.2572 -> 64.2643
64535,4 fw PLH.static      CFIMEAFDJFM         60.0761 -> 60.0827
64541,3 fw Controll.static MKFDGFOCKNO         64.2152 -> 64.2652
64541,3 fw Controll.static LEKCBKLAILO         64.2652 -> 64.3152
64541,3 fw Controll.static OFJKHAFJIMA           0.005 -> 0.0069
64541,4 fw PLH.static      ADJMBEDDHLB         64.2643 -> 64.2731
64541,4 fw PLH.static      CFIMEAFDJFM         60.0827 -> 60.0911
64551,7 fw PLH.static      ADJMBEDDHLB         64.2731 -> 64.2785
64557,2 fw PLH.static      ADJMBEDDHLB         64.2785 -> 64.2888
64557,2 fw PLH.static      CFIMEAFDJFM         60.0911 -> 60.1072
64567,5 fw Controll.static GIPNIMALPEG          0.6765 -> 0.7849
64567,5 fw PLH.static      ADJMBEDDHLB         64.2888 -> 64.2944
64567,5 fw PLH.static      CFIMEAFDJFM         60.1072 -> 60.1131
64573,2 fw PLH.static      ADJMBEDDHLB         64.2944 -> 64.3046
64573,2 fw PLH.static      CFIMEAFDJFM         60.1131 -> 60.123
64583,5 fw PLH.static      ADJMBEDDHLB         64.3046 -> 64.3103
64590,6 fw Controll.static MKFDGFOCKNO         64.2652 -> 64.3152
64590,6 fw Controll.static LEKCBKLAILO         64.3152 -> 64.3652
64590,6 fw PLH.static      ADJMBEDDHLB         64.3103 -> 64.3206
64590,6 fw PLH.static      CFIMEAFDJFM          60.123 -> 60.1393
64597,8 fw Controll.static OFJKHAFJIMA          0.0069 -> 0.005
64597,8 fw PLH.static      ADJMBEDDHLB         64.3206 -> 64.3277
64597,8 fw PLH.static      CFIMEAFDJFM         60.1393 -> 60.1462
64604,7 fw PLH.static      ADJMBEDDHLB         64.3277 -> 64.335
64604,7 fw PLH.static      CFIMEAFDJFM         60.1462 -> 60.1539
64611,9 fw Controll.static GIPNIMALPEG          0.7849 -> 0.669
64611,9 fw PLH.static      ADJMBEDDHLB          64.335 -> 64.3419
64611,9 fw PLH.static      CFIMEAFDJFM         60.1539 -> 60.1603
64620,4 fw PLH.static      ADJMBEDDHLB         64.3419 -> 64.3491
64620,4 fw PLH.static      CFIMEAFDJFM         60.1603 -> 60.1678
64627,4 fw PLH.static      ADJMBEDDHLB         64.3491 -> 64.3575
64635,8 fw PLH.static      ADJMBEDDHLB         64.3575 -> 64.3645
64635,8 fw PLH.static      CFIMEAFDJFM         60.1678 -> 60.1828
64641,3 fw Controll.static MKFDGFOCKNO         64.3152 -> 64.3652
64641,3 fw Controll.static LEKCBKLAILO         64.3652 -> 64.4152
64641,3 fw Controll.static OFJKHAFJIMA           0.005 -> 0.0073
64641,4 fw PLH.static      ADJMBEDDHLB         64.3645 -> 64.3729
64641,4 fw PLH.static      CFIMEAFDJFM         60.1828 -> 60.1916
64650,5 fw PLH.static      ADJMBEDDHLB         64.3729 -> 64.3785
64657,1 fw Controll.static GIPNIMALPEG           0.669 -> 0.5773
64657,2 fw PLH.static      ADJMBEDDHLB         64.3785 -> 64.3876
64657,2 fw PLH.static      CFIMEAFDJFM         60.1916 -> 60.206
64665,7 fw PLH.static      ADJMBEDDHLB         64.3876 -> 64.3943
64665,7 fw PLH.static      CFIMEAFDJFM          60.206 -> 60.2132
64671,6 fw PLH.static      ADJMBEDDHLB         64.3943 -> 64.4029
64671,6 fw PLH.static      CFIMEAFDJFM         60.2132 -> 60.2212
64680,7 fw PLH.static      ADJMBEDDHLB         64.4029 -> 64.4088
64687,9 fw Controll.static MKFDGFOCKNO         64.3652 -> 64.4152
64687,9 fw Controll.static LEKCBKLAILO         64.4152 -> 64.4652
64687,9 fw Controll.static OFJKHAFJIMA          0.0073 -> 0.0023
64688,0 fw PLH.static      ADJMBEDDHLB         64.4088 -> 64.4179
64688,0 fw PLH.static      CFIMEAFDJFM         60.2212 -> 60.2366
64696,1 fw PLH.static      ADJMBEDDHLB         64.4179 -> 64.4251
64702,9 fw Controll.static GIPNIMALPEG          0.5773 -> 0.4928
64702,9 fw PLH.static      ADJMBEDDHLB         64.4251 -> 64.4333
64702,9 fw PLH.static      CFIMEAFDJFM         60.2366 -> 60.252
64711,3 fw PLH.static      ADJMBEDDHLB         64.4333 -> 64.4401
64711,3 fw PLH.static      CFIMEAFDJFM          60.252 -> 60.259
64717,0 fw PLH.static      ADJMBEDDHLB         64.4401 -> 64.4484
64717,0 fw PLH.static      CFIMEAFDJFM          60.259 -> 60.2669
64726,1 fw PLH.static      ADJMBEDDHLB         64.4484 -> 64.4542
64726,1 fw PLH.static      CFIMEAFDJFM         60.2669 -> 60.273
64732,2 fw Controll.static MKFDGFOCKNO         64.4152 -> 64.4652
64732,2 fw Controll.static LEKCBKLAILO         64.4652 -> 64.5153
64732,2 fw Controll.static OFJKHAFJIMA          0.0023 -> 0.0037
64732,2 fw PLH.static      ADJMBEDDHLB         64.4542 -> 64.4633
64732,2 fw PLH.static      CFIMEAFDJFM          60.273 -> 60.2817
64740,4 fw PLH.static      ADJMBEDDHLB         64.4633 -> 64.4693
64740,4 fw PLH.static      CFIMEAFDJFM         60.2817 -> 60.288
64747,2 fw Controll.static GIPNIMALPEG          0.4928 -> 0.3779
64747,2 fw PLH.static      ADJMBEDDHLB         64.4693 -> 64.4776
64747,2 fw PLH.static      CFIMEAFDJFM          60.288 -> 60.2965
64755,5 fw PLH.static      ADJMBEDDHLB         64.4776 -> 64.4844
64762,9 fw PLH.static      ADJMBEDDHLB         64.4844 -> 64.4927
64762,9 fw PLH.static      CFIMEAFDJFM         60.2965 -> 60.3115
64770,5 fw PLH.static      ADJMBEDDHLB         64.4927 -> 64.5001
64770,5 fw PLH.static      CFIMEAFDJFM         60.3115 -> 60.319
64779,4 fw Controll.static MKFDGFOCKNO         64.4652 -> 64.5153
64779,4 fw Controll.static LEKCBKLAILO         64.5153 -> 64.5653
64779,4 fw Controll.static OFJKHAFJIMA          0.0037 -> 0.0009
64779,4 fw PLH.static      ADJMBEDDHLB         64.5001 -> 64.5076
64779,4 fw PLH.static      CFIMEAFDJFM          60.319 -> 60.3261
64785,9 fw PLH.static      ADJMBEDDHLB         64.5076 -> 64.5166
64785,9 fw PLH.static      CFIMEAFDJFM         60.3261 -> 60.3353
64794,5 fw Controll.static GIPNIMALPEG          0.3779 -> 0.3242
64794,5 fw PLH.static      ADJMBEDDHLB         64.5166 -> 64.5231
64801,6 fw PLH.static      ADJMBEDDHLB         64.5231 -> 64.5316
64809,3 fw PLH.static      ADJMBEDDHLB         64.5316 -> 64.5388
64809,3 fw PLH.static      CFIMEAFDJFM         60.3353 -> 60.3576
64816,3 fw PLH.static      ADJMBEDDHLB         64.5388 -> 64.5464
64816,3 fw PLH.static      CFIMEAFDJFM         60.3576 -> 60.3647
64826,4 fw PLH.static      ADJMBEDDHLB         64.5464 -> 64.5534
64831,6 fw PLH.static      ADJMBEDDHLB         64.5534 -> 64.5635
64831,6 fw PLH.static      CFIMEAFDJFM         60.3647 -> 60.382
64841,3 fw PLH.static      ADJMBEDDHLB         64.5635 -> 64.5687
64841,3 fw PLH.static      CFIMEAFDJFM          60.382 -> 60.3875
64847,4 fw Controll.static GIPNIMALPEG          0.3242 -> 0.3828
64847,5 fw PLH.static      ADJMBEDDHLB         64.5687 -> 64.5784
64847,5 fw PLH.static      CFIMEAFDJFM         60.3875 -> 60.3973
64855,6 fw PLH.static      ADJMBEDDHLB         64.5784 -> 64.5846
64862,7 fw PLH.static      ADJMBEDDHLB         64.5846 -> 64.5927
64862,7 fw PLH.static      CFIMEAFDJFM         60.3973 -> 60.4116
64870,3 fw Controll.static MKFDGFOCKNO         64.5153 -> 64.5653
64870,3 fw Controll.static LEKCBKLAILO         64.5653 -> 64.6153
64870,3 fw PLH.static      ADJMBEDDHLB         64.5927 -> 64.5999
64876,4 fw Controll.static OFJKHAFJIMA          0.0009 -> 0.0031
64876,5 fw PLH.static      ADJMBEDDHLB         64.5999 -> 64.6075
64876,5 fw PLH.static      CFIMEAFDJFM         60.4116 -> 60.4258
64885,5 fw PLH.static      ADJMBEDDHLB         64.6075 -> 64.6136
64885,5 fw PLH.static      CFIMEAFDJFM         60.4258 -> 60.4325
64891,1 fw Controll.static GIPNIMALPEG          0.3828 -> 0.2572
64891,2 fw PLH.static      ADJMBEDDHLB         64.6136 -> 64.6226
64900,2 fw PLH.static      ADJMBEDDHLB         64.6226 -> 64.6283
64900,3 fw PLH.static      CFIMEAFDJFM         60.4325 -> 60.4472
64907,6 fw PLH.static      ADJMBEDDHLB         64.6283 -> 64.6374
64907,6 fw PLH.static      CFIMEAFDJFM         60.4472 -> 60.4562
64914,1 fw PLH.static      ADJMBEDDHLB         64.6374 -> 64.6448
64914,1 fw PLH.static      CFIMEAFDJFM         60.4562 -> 60.4629
64922,5 fw Controll.static MKFDGFOCKNO         64.5653 -> 64.6153
64922,5 fw Controll.static LEKCBKLAILO         64.6153 -> 64.6653
64922,5 fw Controll.static OFJKHAFJIMA          0.0031 -> 0.007
64922,6 fw PLH.static      ADJMBEDDHLB         64.6448 -> 64.6512
64929,6 fw PLH.static      ADJMBEDDHLB         64.6512 -> 64.6597
64929,6 fw PLH.static      CFIMEAFDJFM         60.4629 -> 60.4786
64936,8 fw Controll.static GIPNIMALPEG          0.2572 -> 0.1708
64936,9 fw PLH.static      ADJMBEDDHLB         64.6597 -> 64.6667
64936,9 fw PLH.static      CFIMEAFDJFM         60.4786 -> 60.485
64943,8 fw PLH.static      ADJMBEDDHLB         64.6667 -> 64.674
64943,8 fw PLH.static      CFIMEAFDJFM          60.485 -> 60.4926
64951,7 fw PLH.static      ADJMBEDDHLB          64.674 -> 64.6818
64951,7 fw PLH.static      CFIMEAFDJFM         60.4926 -> 60.4998
64958,8 fw PLH.static      ADJMBEDDHLB         64.6818 -> 64.6889
64971,0 fw Controll.static MKFDGFOCKNO         64.6153 -> 64.6653
64971,0 fw Controll.static LEKCBKLAILO         64.6653 -> 64.7153
64971,0 fw Controll.static OFJKHAFJIMA           0.007 -> 0.0011
64971,1 fw PLH.static      ADJMBEDDHLB         64.6889 -> 64.696
64971,1 fw PLH.static      CFIMEAFDJFM         60.4998 -> 60.5147
64974,7 fw PLH.static      ADJMBEDDHLB          64.696 -> 64.7083
64987,2 fw Controll.static GIPNIMALPEG          0.1708 -> 0.178
64987,2 fw PLH.static      ADJMBEDDHLB         64.7083 -> 64.7118
64992,3 fw PLH.static      ADJMBEDDHLB         64.7118 -> 64.7244
64992,3 fw PLH.static      CFIMEAFDJFM         60.5147 -> 60.5426
65001,9 fw PLH.static      ADJMBEDDHLB         64.7244 -> 64.7294
65001,9 fw PLH.static      CFIMEAFDJFM         60.5426 -> 60.5484
65008,8 fw PLH.static      ADJMBEDDHLB         64.7294 -> 64.7391
65008,8 fw PLH.static      CFIMEAFDJFM         60.5484 -> 60.5579
65016,0 fw Controll.static MKFDGFOCKNO         64.6653 -> 64.7153
65016,0 fw Controll.static LEKCBKLAILO         64.7153 -> 64.7653
65016,0 fw Controll.static OFJKHAFJIMA          0.0011 -> 0.0087
65016,0 fw PLH.static      ADJMBEDDHLB         64.7391 -> 64.7459
65016,0 fw PLH.static      CFIMEAFDJFM         60.5579 -> 60.5643
65023,4 fw PLH.static      ADJMBEDDHLB         64.7459 -> 64.7532
65023,4 fw PLH.static      CFIMEAFDJFM         60.5643 -> 60.5721
65031,4 fw Controll.static GIPNIMALPEG           0.178 -> 0.0623
65031,5 fw PLH.static      ADJMBEDDHLB         64.7532 -> 64.7606
65031,5 fw PLH.static      CFIMEAFDJFM         60.5721 -> 60.5795
65036,6 fw PLH.static      ADJMBEDDHLB         64.7606 -> 64.7686
65036,6 fw PLH.static      CFIMEAFDJFM         60.5795 -> 60.5868
65046,7 fw PLH.static      ADJMBEDDHLB         64.7686 -> 64.7738
65046,7 fw PLH.static      CFIMEAFDJFM         60.5868 -> 60.5927
65052,3 fw PLH.static      ADJMBEDDHLB         64.7738 -> 64.7839
65061,0 fw Controll.static MKFDGFOCKNO         64.7153 -> 64.7653
65061,0 fw Controll.static LEKCBKLAILO         64.7653 -> 64.8153
65061,0 fw Controll.static OFJKHAFJIMA          0.0087 -> 0.0029
65061,0 fw PLH.static      ADJMBEDDHLB         64.7839 -> 64.7895
65061,0 fw PLH.static      CFIMEAFDJFM         60.5927 -> 60.6083
65068,5 fw PLH.static      ADJMBEDDHLB         64.7895 -> 64.7981
65068,5 fw PLH.static      CFIMEAFDJFM         60.6083 -> 60.6171
65074,8 fw Controll.static GIPNIMALPEG          0.0623 -> 0.9298
65074,8 fw PLH.static      ADJMBEDDHLB         64.7981 -> 64.8057
65083,4 fw PLH.static      ADJMBEDDHLB         64.8057 -> 64.812
65083,4 fw PLH.static      CFIMEAFDJFM         60.6171 -> 60.6308
65089,6 fw PLH.static      ADJMBEDDHLB          64.812 -> 64.8207
65089,6 fw PLH.static      CFIMEAFDJFM         60.6308 -> 60.6391
65098,8 fw PLH.static      ADJMBEDDHLB         64.8207 -> 64.8267
65106,2 fw Controll.static MKFDGFOCKNO         64.7653 -> 64.8153
65106,2 fw Controll.static LEKCBKLAILO         64.8153 -> 64.8653
65106,2 fw Controll.static OFJKHAFJIMA          0.0029 -> 0.0048
65106,3 fw PLH.static      ADJMBEDDHLB         64.8267 -> 64.836
65106,3 fw PLH.static      CFIMEAFDJFM         60.6391 -> 60.6548
65113,0 fw PLH.static      ADJMBEDDHLB          64.836 -> 64.8435
65113,0 fw PLH.static      CFIMEAFDJFM         60.6548 -> 60.6617
65113,0 fw HUD.static      CGDKPLKDION              12 -> 13
65113,0 fw HUD.static      GONEFAMEMOJ             170 -> 165
65113,0 fw HUD.static      DIIAFKMNANI         55.6571 -> 60.6617
65120,6 fw PLH.static      ADJMBEDDHLB         64.8435 -> 64.8501
65129,2 fw Controll.static GIPNIMALPEG          0.9298 -> 0.0187
65129,3 fw PLH.static      ADJMBEDDHLB         64.8501 -> 64.8577
65135,2 fw PLH.static      ADJMBEDDHLB         64.8577 -> 64.8664
65135,2 fw PLH.static      CFIMEAFDJFM         60.6617 -> 60.6845
65143,7 fw PLH.static      ADJMBEDDHLB         64.8664 -> 64.8723
65150,7 fw Controll.static MKFDGFOCKNO         64.8153 -> 64.8653
65150,7 fw Controll.static LEKCBKLAILO         64.8653 -> 64.9153
65150,7 fw PLH.static      ADJMBEDDHLB         64.8723 -> 64.8809
65150,7 fw PLH.static      CFIMEAFDJFM         60.6845 -> 60.6998
65158,0 fw Controll.static OFJKHAFJIMA          0.0048 -> 0.0008
65158,1 fw PLH.static      ADJMBEDDHLB         64.8809 -> 64.8878
65158,1 fw PLH.static      CFIMEAFDJFM         60.6998 -> 60.7062
65165,9 fw PLH.static      ADJMBEDDHLB         64.8878 -> 64.8953
65172,6 fw Controll.static GIPNIMALPEG          0.0187 -> 0.8849
65172,6 fw PLH.static      ADJMBEDDHLB         64.8953 -> 64.9031
65181,2 fw PLH.static      ADJMBEDDHLB         64.9031 -> 64.9097
65181,2 fw PLH.static      CFIMEAFDJFM         60.7062 -> 60.7286
65187,5 fw PLH.static      ADJMBEDDHLB         64.9097 -> 64.9183
65187,5 fw PLH.static      CFIMEAFDJFM         60.7286 -> 60.7369
65195,6 fw PLH.static      ADJMBEDDHLB         64.9183 -> 64.9246
65195,6 fw PLH.static      CFIMEAFDJFM         60.7369 -> 60.743
65202,4 fw Controll.static MKFDGFOCKNO         64.8653 -> 64.9153
65202,4 fw Controll.static LEKCBKLAILO         64.9153 -> 64.9653
65202,5 fw Controll.static OFJKHAFJIMA          0.0008 -> 0.0026
65202,5 fw PLH.static      ADJMBEDDHLB         64.9246 -> 64.9327
65202,5 fw PLH.static      CFIMEAFDJFM          60.743 -> 60.7516
65210,6 fw PLH.static      ADJMBEDDHLB         64.9327 -> 64.9396
65210,6 fw PLH.static      CFIMEAFDJFM         60.7516 -> 60.7585
65216,7 fw Controll.static GIPNIMALPEG          0.8849 -> 0.7664
65216,7 fw PLH.static      ADJMBEDDHLB         64.9396 -> 64.9478
65227,0 fw PLH.static      ADJMBEDDHLB         64.9478 -> 64.9539
65227,0 fw PLH.static      CFIMEAFDJFM         60.7585 -> 60.7726
65233,0 fw PLH.static      ADJMBEDDHLB         64.9539 -> 64.9641
65233,1 fw PLH.static      CFIMEAFDJFM         60.7726 -> 60.7824
65241,7 fw PLH.static      ADJMBEDDHLB         64.9641 -> 64.9702
65247,7 fw Controll.static MKFDGFOCKNO         64.9153 -> 64.9653
65247,7 fw Controll.static LEKCBKLAILO         64.9653 -> 65.0153
65247,7 fw Controll.static OFJKHAFJIMA          0.0026 -> 0.0045
65247,8 fw PLH.static      ADJMBEDDHLB         64.9702 -> 64.9791
65247,8 fw PLH.static      CFIMEAFDJFM         60.7824 -> 60.7978
65258,9 fw PLH.static      ADJMBEDDHLB         64.9791 -> 64.9849
65265,8 fw Controll.static GIPNIMALPEG          0.7664 -> 0.7495
65265,9 fw PLH.static      ADJMBEDDHLB         64.9849 -> 64.996
65265,9 fw PLH.static      CFIMEAFDJFM         60.7978 -> 60.8149
65273,8 fw PLH.static      ADJMBEDDHLB          64.996 -> 65.003
65280,6 fw Controll.static DGNDKAKOEPD         2406944 -> 2407924
65280,6 fw Controll.static BEJBLGGGOCC       339986267 -> 339987253
65280,7 fw Controll.static JELGPAKAJPE             107 -> 93
65280,7 fw Controll.static EENJPDHGGGC         64.0307 -> 65.0109
65280,7 fw PLH.static      ADJMBEDDHLB          65.003 -> 65.0109
65280,7 fw PLH.static      CFIMEAFDJFM         60.8149 -> 60.8298
65289,4 fw PLH.static      ADJMBEDDHLB         65.0109 -> 65.0178
65289,4 fw PLH.static      CFIMEAFDJFM         60.8298 -> 60.8365
65294,4 fw Controll.static MKFDGFOCKNO         64.9653 -> 65.0153
65294,5 fw Controll.static LEKCBKLAILO         65.0153 -> 65.0653
65294,5 fw Controll.static OFJKHAFJIMA          0.0045 -> 0.0022
65294,5 fw PLH.static      ADJMBEDDHLB         65.0178 -> 65.0265
65304,5 fw PLH.static      ADJMBEDDHLB         65.0265 -> 65.0316
65304,5 fw PLH.static      CFIMEAFDJFM         60.8365 -> 60.8505
65310,2 fw Controll.static GIPNIMALPEG          0.7495 -> 0.6381
65310,3 fw PLH.static      ADJMBEDDHLB         65.0316 -> 65.0417
65310,3 fw PLH.static      CFIMEAFDJFM         60.8505 -> 60.86
65320,1 fw PLH.static      ADJMBEDDHLB         65.0417 -> 65.0474
65327,7 fw PLH.static      ADJMBEDDHLB         65.0474 -> 65.0572
65334,0 fw PLH.static      ADJMBEDDHLB         65.0572 -> 65.0649
65334,0 fw PLH.static      CFIMEAFDJFM           60.86 -> 60.883
65344,8 fw Controll.static MKFDGFOCKNO         65.0153 -> 65.0653
65344,8 fw Controll.static LEKCBKLAILO         65.0653 -> 65.1153
65344,8 fw Controll.static OFJKHAFJIMA          0.0022 -> 0.0054
65344,8 fw PLH.static      ADJMBEDDHLB         65.0649 -> 65.0711
65344,8 fw PLH.static      CFIMEAFDJFM          60.883 -> 60.8897
65350,0 fw PLH.static      ADJMBEDDHLB         65.0711 -> 65.0819
65350,0 fw PLH.static      CFIMEAFDJFM         60.8897 -> 60.9003
65360,9 fw Controll.static GIPNIMALPEG          0.6381 -> 0.6504
65360,9 fw PLH.static      ADJMBEDDHLB         65.0819 -> 65.0871
65367,2 fw PLH.static      ADJMBEDDHLB         65.0871 -> 65.0981
65367,2 fw PLH.static      CFIMEAFDJFM         60.9003 -> 60.9168
65375,5 fw PLH.static      ADJMBEDDHLB         65.0981 -> 65.1044
65375,5 fw PLH.static      CFIMEAFDJFM         60.9168 -> 60.9226
65383,1 fw PLH.static      ADJMBEDDHLB         65.1044 -> 65.1127
65383,1 fw PLH.static      CFIMEAFDJFM         60.9226 -> 60.9316
65391,5 fw Controll.static MKFDGFOCKNO         65.0653 -> 65.1154
65391,5 fw Controll.static LEKCBKLAILO         65.1153 -> 65.1654
65391,5 fw Controll.static OFJKHAFJIMA          0.0054 -> 0.0046
65391,5 fw PLH.static      ADJMBEDDHLB         65.1127 -> 65.1222
65391,6 fw PLH.static      CFIMEAFDJFM         60.9316 -> 60.9389
65403,2 fw PLH.static      ADJMBEDDHLB         65.1222 -> 65.1287
65403,2 fw PLH.static      CFIMEAFDJFM         60.9389 -> 60.947
65409,4 fw PLH.static      ADJMBEDDHLB         65.1287 -> 65.1403
65409,4 fw PLH.static      CFIMEAFDJFM          60.947 -> 60.9592
65418,2 fw Controll.static GIPNIMALPEG          0.6504 -> 0.7955
65418,2 fw PLH.static      ADJMBEDDHLB         65.1403 -> 65.1465
65423,7 fw PLH.static      ADJMBEDDHLB         65.1465 -> 65.1553
65433,9 fw PLH.static      ADJMBEDDHLB         65.1553 -> 65.1608
65439,7 fw Controll.static MKFDGFOCKNO         65.1154 -> 65.1654
65439,7 fw Controll.static LEKCBKLAILO         65.1654 -> 65.2154
65439,7 fw PLH.static      ADJMBEDDHLB         65.1608 -> 65.171
65439,7 fw PLH.static      CFIMEAFDJFM         60.9592 -> 60.9893
65448,3 fw Controll.static OFJKHAFJIMA          0.0046 -> 0.0053
65448,4 fw PLH.static      ADJMBEDDHLB          65.171 -> 65.1769
65448,4 fw PLH.static      CFIMEAFDJFM         60.9893 -> 60.9957
65454,2 fw PLH.static      ADJMBEDDHLB         65.1769 -> 65.1855
65454,2 fw PLH.static      CFIMEAFDJFM         60.9957 -> 61.0039
65463,1 fw Controll.static GIPNIMALPEG          0.7955 -> 0.6947
65463,2 fw PLH.static      ADJMBEDDHLB         65.1855 -> 65.1914
65463,2 fw PLH.static      CFIMEAFDJFM         61.0039 -> 61.0103
65470,2 fw PLH.static      ADJMBEDDHLB         65.1914 -> 65.2003
65476,9 fw PLH.static      ADJMBEDDHLB         65.2003 -> 65.2073
65486,5 fw PLH.static      ADJMBEDDHLB         65.2073 -> 65.214
65486,5 fw PLH.static      CFIMEAFDJFM         61.0103 -> 61.0329
65492,4 fw Controll.static MKFDGFOCKNO         65.1654 -> 65.2154
65492,4 fw Controll.static LEKCBKLAILO         65.2154 -> 65.2654
65492,4 fw Controll.static OFJKHAFJIMA          0.0053 -> 0.0079
65492,4 fw PLH.static      ADJMBEDDHLB          65.214 -> 65.2237
65492,4 fw PLH.static      CFIMEAFDJFM         61.0329 -> 61.0419
65502,6 fw PLH.static      ADJMBEDDHLB         65.2237 -> 65.2296
65509,7 fw Controll.static GIPNIMALPEG          0.6947 -> 0.6268
65509,8 fw PLH.static      ADJMBEDDHLB         65.2296 -> 65.2398
65509,8 fw PLH.static      CFIMEAFDJFM         61.0419 -> 61.0585
65518,3 fw PLH.static      ADJMBEDDHLB         65.2398 -> 65.2469
65525,4 fw PLH.static      ADJMBEDDHLB         65.2469 -> 65.2554
65525,4 fw PLH.static      CFIMEAFDJFM         61.0585 -> 61.0743
65532,4 fw PLH.static      ADJMBEDDHLB         65.2554 -> 65.2626
65532,4 fw PLH.static      CFIMEAFDJFM         61.0743 -> 61.0809
65542,2 fw Controll.static MKFDGFOCKNO         65.2154 -> 65.2654
65542,2 fw Controll.static LEKCBKLAILO         65.2654 -> 65.3154
65542,2 fw Controll.static OFJKHAFJIMA          0.0079 -> 0.0037
65542,3 fw PLH.static      ADJMBEDDHLB         65.2626 -> 65.2695
65542,3 fw PLH.static      CFIMEAFDJFM         61.0809 -> 61.088
65549,7 fw PLH.static      ADJMBEDDHLB         65.2695 -> 65.2794
65549,7 fw PLH.static      CFIMEAFDJFM          61.088 -> 61.0983
65556,8 fw Controll.static GIPNIMALPEG          0.6268 -> 0.5679
65556,9 fw PLH.static      ADJMBEDDHLB         65.2794 -> 65.2869
65556,9 fw PLH.static      CFIMEAFDJFM         61.0983 -> 61.1051
65565,7 fw PLH.static      ADJMBEDDHLB         65.2869 -> 65.294
65572,1 fw PLH.static      ADJMBEDDHLB          65.294 -> 65.3034
65572,1 fw PLH.static      CFIMEAFDJFM         61.1051 -> 61.1211
65582,2 fw PLH.static      ADJMBEDDHLB         65.3034 -> 65.3092
65587,7 fw Controll.static MKFDGFOCKNO         65.2654 -> 65.3154
65587,7 fw Controll.static LEKCBKLAILO         65.3154 -> 65.3654
65587,7 fw Controll.static OFJKHAFJIMA          0.0037 -> 0.0035
65587,7 fw PLH.static      ADJMBEDDHLB         65.3092 -> 65.3193
65587,7 fw PLH.static      CFIMEAFDJFM         61.1211 -> 61.1374
65597,6 fw PLH.static      ADJMBEDDHLB         65.3193 -> 65.3248
65605,1 fw Controll.static GIPNIMALPEG          0.5679 -> 0.5349
65605,2 fw PLH.static      ADJMBEDDHLB         65.3248 -> 65.3347
65605,2 fw PLH.static      CFIMEAFDJFM         61.1374 -> 61.1536
65611,6 fw PLH.static      ADJMBEDDHLB         65.3347 -> 65.3424
65611,6 fw PLH.static      CFIMEAFDJFM         61.1536 -> 61.1607
65619,2 fw PLH.static      ADJMBEDDHLB         65.3424 -> 65.3487
65626,6 fw PLH.static      ADJMBEDDHLB         65.3487 -> 65.3563
65636,3 fw Controll.static MKFDGFOCKNO         65.3154 -> 65.3654
65636,3 fw Controll.static LEKCBKLAILO         65.3654 -> 65.4154
65636,3 fw Controll.static OFJKHAFJIMA          0.0035 -> 0.0077
65636,4 fw PLH.static      ADJMBEDDHLB         65.3563 -> 65.3638
65636,4 fw PLH.static      CFIMEAFDJFM         61.1607 -> 61.1822
65642,2 fw PLH.static      ADJMBEDDHLB         65.3638 -> 65.3735
65642,2 fw PLH.static      CFIMEAFDJFM         61.1822 -> 61.1922
65652,4 fw Controll.static GIPNIMALPEG          0.5349 -> 0.4794
65652,4 fw PLH.static      ADJMBEDDHLB         65.3735 -> 65.3793
65652,4 fw PLH.static      CFIMEAFDJFM         61.1922 -> 61.1981
65657,5 fw PLH.static      ADJMBEDDHLB         65.3793 -> 65.3899
65657,5 fw PLH.static      CFIMEAFDJFM         61.1981 -> 61.2078
65668,1 fw PLH.static      ADJMBEDDHLB         65.3899 -> 65.3946
65674,0 fw PLH.static      ADJMBEDDHLB         65.3946 -> 65.4053
65682,8 fw Controll.static MKFDGFOCKNO         65.3654 -> 65.4154
65682,8 fw Controll.static LEKCBKLAILO         65.4154 -> 65.4654
65682,8 fw Controll.static OFJKHAFJIMA          0.0077 -> 0.0042
65682,9 fw PLH.static      ADJMBEDDHLB         65.4053 -> 65.4112
65682,9 fw PLH.static      CFIMEAFDJFM         61.2078 -> 61.2301
65689,8 fw PLH.static      ADJMBEDDHLB         65.4112 -> 65.42
65696,7 fw PLH.static      ADJMBEDDHLB           65.42 -> 65.4269
65696,7 fw PLH.static      CFIMEAFDJFM         61.2301 -> 61.2453
65704,9 fw Controll.static GIPNIMALPEG          0.4794 -> 0.5296
65704,9 fw PLH.static      ADJMBEDDHLB         65.4269 -> 65.4338
65710,9 fw PLH.static      ADJMBEDDHLB         65.4338 -> 65.4421
65710,9 fw PLH.static      CFIMEAFDJFM         61.2453 -> 61.2605
65719,5 fw PLH.static      ADJMBEDDHLB         65.4421 -> 65.4481
65719,5 fw PLH.static      CFIMEAFDJFM         61.2605 -> 61.267
65726,6 fw PLH.static      ADJMBEDDHLB         65.4481 -> 65.4566
65726,6 fw PLH.static      CFIMEAFDJFM          61.267 -> 61.2756
65734,3 fw Controll.static OFJKHAFJIMA          0.0042 -> 0.0056
65734,3 fw PLH.static      ADJMBEDDHLB         65.4566 -> 65.4637
65734,3 fw PLH.static      CFIMEAFDJFM         61.2756 -> 61.2821
65740,7 fw PLH.static      ADJMBEDDHLB         65.4637 -> 65.4714
65749,6 fw Controll.static GIPNIMALPEG          0.5296 -> 0.424
65749,7 fw PLH.static      ADJMBEDDHLB         65.4714 -> 65.4779
65755,8 fw PLH.static      ADJMBEDDHLB         65.4779 -> 65.4868
65765,7 fw PLH.static      ADJMBEDDHLB         65.4868 -> 65.4929
65771,4 fw PLH.static      ADJMBEDDHLB         65.4929 -> 65.5028
65771,4 fw PLH.static      CFIMEAFDJFM         61.2821 -> 61.3211
65782,3 fw Controll.static MKFDGFOCKNO         65.4154 -> 65.5154
65782,3 fw Controll.static LEKCBKLAILO         65.4654 -> 65.5654
65782,3 fw Controll.static OFJKHAFJIMA          0.0056 -> 0.0037
65782,4 fw PLH.static      ADJMBEDDHLB         65.5028 -> 65.5085
65788,3 fw PLH.static      ADJMBEDDHLB         65.5085 -> 65.5195
65788,3 fw PLH.static      CFIMEAFDJFM         61.3211 -> 61.3382
65797,5 fw Controll.static GIPNIMALPEG           0.424 -> 0.3808
65797,5 fw PLH.static      ADJMBEDDHLB         65.5195 -> 65.5255
65797,5 fw PLH.static      CFIMEAFDJFM         61.3382 -> 61.3438
65803,5 fw PLH.static      ADJMBEDDHLB         65.5255 -> 65.5347
65803,5 fw PLH.static      CFIMEAFDJFM         61.3438 -> 61.3536
65812,4 fw PLH.static      ADJMBEDDHLB         65.5347 -> 65.5407
65812,4 fw PLH.static      CFIMEAFDJFM         61.3536 -> 61.3595
65818,5 fw PLH.static      ADJMBEDDHLB         65.5407 -> 65.5495
65818,5 fw PLH.static      CFIMEAFDJFM         61.3595 -> 61.368
65828,3 fw PLH.static      ADJMBEDDHLB         65.5495 -> 65.5557
65828,3 fw PLH.static      CFIMEAFDJFM          61.368 -> 61.3746
65834,2 fw PLH.static      ADJMBEDDHLB         65.5557 -> 65.5654
65834,2 fw PLH.static      CFIMEAFDJFM         61.3746 -> 61.3838
65842,7 fw Controll.static GIPNIMALPEG          0.3808 -> 0.2845
65842,7 fw PLH.static      ADJMBEDDHLB         65.5654 -> 65.5713
65849,8 fw PLH.static      ADJMBEDDHLB         65.5713 -> 65.5798
65858,2 fw PLH.static      ADJMBEDDHLB         65.5798 -> 65.587
65858,2 fw PLH.static      CFIMEAFDJFM         61.3838 -> 61.4053
65864,9 fw PLH.static      ADJMBEDDHLB          65.587 -> 65.5954
65864,9 fw PLH.static      CFIMEAFDJFM         61.4053 -> 61.4142
65872,7 fw Controll.static MKFDGFOCKNO         65.5154 -> 65.5654
65872,7 fw Controll.static LEKCBKLAILO         65.5654 -> 65.6154
65872,8 fw Controll.static OFJKHAFJIMA          0.0037 -> 0.0055
65872,8 fw PLH.static      ADJMBEDDHLB         65.5954 -> 65.6021
65872,8 fw PLH.static      CFIMEAFDJFM         61.4142 -> 61.4204
65879,3 fw PLH.static      ADJMBEDDHLB         65.6021 -> 65.6099
65879,3 fw PLH.static      CFIMEAFDJFM         61.4204 -> 61.4288
65888,5 fw Controll.static GIPNIMALPEG          0.2845 -> 0.2017
65888,6 fw PLH.static      ADJMBEDDHLB         65.6099 -> 65.6165
65894,6 fw PLH.static      ADJMBEDDHLB         65.6165 -> 65.6257
65894,6 fw PLH.static      CFIMEAFDJFM         61.4288 -> 61.4441
65904,7 fw PLH.static      ADJMBEDDHLB         65.6257 -> 65.6318
65904,7 fw PLH.static      CFIMEAFDJFM         61.4441 -> 61.4506
65910,3 fw PLH.static      ADJMBEDDHLB         65.6318 -> 65.6418
65910,3 fw PLH.static      CFIMEAFDJFM         61.4506 -> 61.4602
65919,6 fw Controll.static MKFDGFOCKNO         65.5654 -> 65.6154
65919,6 fw Controll.static LEKCBKLAILO         65.6154 -> 65.6654
65919,6 fw Controll.static OFJKHAFJIMA          0.0055 -> 0.0006
65919,7 fw PLH.static      ADJMBEDDHLB         65.6418 -> 65.6474
65919,7 fw PLH.static      CFIMEAFDJFM         61.4602 -> 61.4664
65926,2 fw PLH.static      ADJMBEDDHLB         65.6474 -> 65.6568
65934,9 fw Controll.static GIPNIMALPEG          0.2017 -> 0.1286
65934,9 fw PLH.static      ADJMBEDDHLB         65.6568 -> 65.6633
65934,9 fw PLH.static      CFIMEAFDJFM         61.4664 -> 61.4817
65943,7 fw PLH.static      ADJMBEDDHLB         65.6633 -> 65.6761
65943,7 fw PLH.static      CFIMEAFDJFM         61.4817 -> 61.4908
65955,8 fw PLH.static      ADJMBEDDHLB         65.6761 -> 65.6808
65955,8 fw PLH.static      CFIMEAFDJFM         61.4908 -> 61.4998
65960,9 fw PLH.static      ADJMBEDDHLB         65.6808 -> 65.693
65960,9 fw PLH.static      CFIMEAFDJFM         61.4998 -> 61.5109
65971,2 fw Controll.static MKFDGFOCKNO         65.6154 -> 65.6654
65971,2 fw Controll.static LEKCBKLAILO         65.6654 -> 65.7154
65971,2 fw Controll.static OFJKHAFJIMA          0.0006 -> 0.0063
65971,2 fw PLH.static      ADJMBEDDHLB          65.693 -> 65.698
65971,2 fw PLH.static      CFIMEAFDJFM         61.5109 -> 61.5169
65976,5 fw PLH.static      ADJMBEDDHLB          65.698 -> 65.7083
65987,4 fw PLH.static      ADJMBEDDHLB         65.7083 -> 65.7137
65987,4 fw PLH.static      CFIMEAFDJFM         61.5169 -> 61.5326
65992,7 fw Controll.static GIPNIMALPEG          0.1286 -> 0.2848
65992,7 fw PLH.static      ADJMBEDDHLB         65.7137 -> 65.7253
65992,7 fw PLH.static      CFIMEAFDJFM         61.5326 -> 61.5424
66003,5 fw PLH.static      ADJMBEDDHLB         65.7253 -> 65.7299
66003,5 fw PLH.static      CFIMEAFDJFM         61.5424 -> 61.5488
66010,9 fw PLH.static      ADJMBEDDHLB         65.7299 -> 65.7406
66010,9 fw PLH.static      CFIMEAFDJFM         61.5488 -> 61.5595
66017,1 fw Controll.static MKFDGFOCKNO         65.6654 -> 65.7155
66017,1 fw Controll.static LEKCBKLAILO         65.7154 -> 65.7655
66017,1 fw PLH.static      ADJMBEDDHLB         65.7406 -> 65.748
66026,6 fw Controll.static OFJKHAFJIMA          0.0063 -> 0.0086
66026,7 fw PLH.static      ADJMBEDDHLB          65.748 -> 65.7543
66026,7 fw PLH.static      CFIMEAFDJFM         61.5595 -> 61.5731
66032,2 fw PLH.static      ADJMBEDDHLB         65.7543 -> 65.7638
66032,2 fw PLH.static      CFIMEAFDJFM         61.5731 -> 61.5817
66043,1 fw Controll.static GIPNIMALPEG          0.2848 -> 0.2918
66043,1 fw PLH.static      ADJMBEDDHLB         65.7638 -> 65.7693
66043,1 fw PLH.static      CFIMEAFDJFM         61.5817 -> 61.5881
66050,6 fw PLH.static      ADJMBEDDHLB         65.7693 -> 65.7803
66050,6 fw PLH.static      CFIMEAFDJFM         61.5881 -> 61.5991
66059,4 fw PLH.static      ADJMBEDDHLB         65.7803 -> 65.7877
66059,4 fw PLH.static      CFIMEAFDJFM         61.5991 -> 61.6057
66065,4 fw PLH.static      ADJMBEDDHLB         65.7877 -> 65.7965
66074,3 fw Controll.static MKFDGFOCKNO         65.7155 -> 65.7655
66074,3 fw Controll.static LEKCBKLAILO         65.7655 -> 65.8155
66074,3 fw Controll.static OFJKHAFJIMA          0.0086 -> 0.0035
66074,4 fw PLH.static      ADJMBEDDHLB         65.7965 -> 65.8026
66080,8 fw PLH.static      ADJMBEDDHLB         65.8026 -> 65.8115
66090,3 fw Controll.static GIPNIMALPEG          0.2918 -> 0.2363
66090,3 fw PLH.static      ADJMBEDDHLB         65.8115 -> 65.818
66095,8 fw PLH.static      ADJMBEDDHLB          65.818 -> 65.8275
66105,0 fw PLH.static      ADJMBEDDHLB         65.8275 -> 65.8329
66105,0 fw PLH.static      CFIMEAFDJFM         61.6057 -> 61.6517
66110,5 fw PLH.static      ADJMBEDDHLB         65.8329 -> 65.8422
66110,5 fw PLH.static      CFIMEAFDJFM         61.6517 -> 61.6604
66119,6 fw Controll.static MKFDGFOCKNO         65.7655 -> 65.8155
66119,6 fw Controll.static LEKCBKLAILO         65.8155 -> 65.8655
66119,6 fw Controll.static OFJKHAFJIMA          0.0035 -> 0.0021
66119,7 fw PLH.static      ADJMBEDDHLB         65.8422 -> 65.8476
66127,5 fw PLH.static      ADJMBEDDHLB         65.8476 -> 65.8568
66133,2 fw Controll.static GIPNIMALPEG          0.2363 -> 0.0955
66133,3 fw PLH.static      ADJMBEDDHLB         65.8568 -> 65.8646
66133,3 fw PLH.static      CFIMEAFDJFM         61.6604 -> 61.6827
66142,3 fw PLH.static      ADJMBEDDHLB         65.8646 -> 65.8704
66150,5 fw PLH.static      ADJMBEDDHLB         65.8704 -> 65.8795
66150,5 fw PLH.static      CFIMEAFDJFM         61.6827 -> 61.6983
66156,6 fw PLH.static      ADJMBEDDHLB         65.8795 -> 65.8877
66156,6 fw PLH.static      CFIMEAFDJFM         61.6983 -> 61.7058
66165,8 fw Controll.static MKFDGFOCKNO         65.8155 -> 65.8655
66165,8 fw Controll.static LEKCBKLAILO         65.8655 -> 65.9155
66165,8 fw Controll.static OFJKHAFJIMA          0.0021 -> 0.0046
66165,9 fw PLH.static      ADJMBEDDHLB         65.8877 -> 65.8937
66171,4 fw PLH.static      ADJMBEDDHLB         65.8937 -> 65.9031
66181,2 fw Controll.static GIPNIMALPEG          0.0955 -> 0.0541
66181,2 fw PLH.static      ADJMBEDDHLB         65.9031 -> 65.9086
66181,2 fw PLH.static      CFIMEAFDJFM         61.7058 -> 61.7275
66187,9 fw PLH.static      ADJMBEDDHLB         65.9086 -> 65.9184
66187,9 fw PLH.static      CFIMEAFDJFM         61.7275 -> 61.7371
66196,3 fw PLH.static      ADJMBEDDHLB         65.9184 -> 65.925
66196,3 fw PLH.static      CFIMEAFDJFM         61.7371 -> 61.7431
66203,4 fw PLH.static      ADJMBEDDHLB          65.925 -> 65.9335
66203,4 fw PLH.static      CFIMEAFDJFM         61.7431 -> 61.7524
66211,2 fw Controll.static MKFDGFOCKNO         65.8655 -> 65.9155
66211,2 fw Controll.static LEKCBKLAILO         65.9155 -> 65.9655
66211,2 fw Controll.static OFJKHAFJIMA          0.0046 -> 0.0025
66211,3 fw PLH.static      ADJMBEDDHLB         65.9335 -> 65.9405
66211,3 fw PLH.static      CFIMEAFDJFM         61.7524 -> 61.7594
66216,9 fw PLH.static      ADJMBEDDHLB         65.9405 -> 65.9484
66226,7 fw Controll.static GIPNIMALPEG          0.0541 -> 0.9652
66226,8 fw PLH.static      ADJMBEDDHLB         65.9484 -> 65.954
66232,6 fw PLH.static      ADJMBEDDHLB          65.954 -> 65.964
66232,6 fw PLH.static      CFIMEAFDJFM         61.7594 -> 61.782
66241,3 fw PLH.static      ADJMBEDDHLB          65.964 -> 65.9697
66248,2 fw PLH.static      ADJMBEDDHLB         65.9697 -> 65.9784
66248,2 fw PLH.static      CFIMEAFDJFM          61.782 -> 61.7973
66256,4 fw Controll.static MKFDGFOCKNO         65.9155 -> 65.9655
66256,4 fw Controll.static LEKCBKLAILO         65.9655 -> 66.0155
66256,4 fw Controll.static OFJKHAFJIMA          0.0025 -> 0.0038
66256,5 fw PLH.static      ADJMBEDDHLB         65.9784 -> 65.9854
66256,5 fw PLH.static      CFIMEAFDJFM         61.7973 -> 61.8035
66262,9 fw PLH.static      ADJMBEDDHLB         65.9854 -> 65.9936
66262,9 fw PLH.static      CFIMEAFDJFM         61.8035 -> 61.8124
66272,3 fw PLH.static      ADJMBEDDHLB         65.9936 -> 66.0001
66278,2 fw Controll.static GIPNIMALPEG          0.9652 -> 0.9947
66278,3 fw PLH.static      ADJMBEDDHLB         66.0001 -> 66.0094
66288,7 fw PLH.static      ADJMBEDDHLB         66.0094 -> 66.0154
66293,6 fw PLH.static      ADJMBEDDHLB         66.0154 -> 66.0258
66293,6 fw PLH.static      CFIMEAFDJFM         61.8124 -> 61.8438
66305,2 fw Controll.static MKFDGFOCKNO         65.9655 -> 66.0155
66305,2 fw Controll.static LEKCBKLAILO         66.0155 -> 66.0655
66305,3 fw PLH.static      ADJMBEDDHLB         66.0258 -> 66.0308
66310,8 fw Controll.static OFJKHAFJIMA          0.0038 -> 0.01
66310,9 fw PLH.static      ADJMBEDDHLB         66.0308 -> 66.0424
66310,9 fw PLH.static      CFIMEAFDJFM         61.8438 -> 61.8605
66321,3 fw PLH.static      ADJMBEDDHLB         66.0424 -> 66.0481
66329,6 fw Controll.static GIPNIMALPEG          0.9947 -> 0.0216
66329,7 fw PLH.static      ADJMBEDDHLB         66.0481 -> 66.0584
66335,9 fw Controll.static DGNDKAKOEPD         2407924 -> 2408939
66335,9 fw Controll.static BEJBLGGGOCC       339987253 -> 339988266
66335,9 fw Controll.static JELGPAKAJPE              93 -> 107
66335,9 fw Controll.static EENJPDHGGGC         65.0109 -> 66.0258
66335,9 fw PLH.static      ADJMBEDDHLB         66.0584 -> 66.0668
66335,9 fw PLH.static      CFIMEAFDJFM         61.8605 -> 61.8846
66345,3 fw PLH.static      ADJMBEDDHLB         66.0668 -> 66.0731
66345,3 fw PLH.static      CFIMEAFDJFM         61.8846 -> 61.8919
66350,7 fw PLH.static      ADJMBEDDHLB         66.0731 -> 66.0824
66350,7 fw PLH.static      CFIMEAFDJFM         61.8919 -> 61.9005
66359,5 fw Controll.static MKFDGFOCKNO         66.0155 -> 66.0655
66359,5 fw Controll.static LEKCBKLAILO         66.0655 -> 66.1155
66359,5 fw Controll.static OFJKHAFJIMA            0.01 -> 0.0008
66359,5 fw PLH.static      ADJMBEDDHLB         66.0824 -> 66.0879
66359,6 fw PLH.static      CFIMEAFDJFM         61.9005 -> 61.9068
66367,2 fw PLH.static      ADJMBEDDHLB         66.0879 -> 66.0967
66367,2 fw PLH.static      CFIMEAFDJFM         61.9068 -> 61.9156
66372,6 fw Controll.static GIPNIMALPEG          0.0216 -> 0.882
66372,7 fw PLH.static      ADJMBEDDHLB         66.0967 -> 66.1044
66372,7 fw PLH.static      CFIMEAFDJFM         61.9156 -> 61.9225
66381,6 fw PLH.static      ADJMBEDDHLB         66.1044 -> 66.1098
66381,6 fw PLH.static      CFIMEAFDJFM         61.9225 -> 61.9287
66388,2 fw player          LBKINNIDKEC               1 -> 0
66388,3 fw PLH.static      ADJMBEDDHLB         66.1098 -> 66.1187
66388,3 fw PLH.static      CFIMEAFDJFM         61.9287 -> 61.9374
66396,4 fw PLH.static      ADJMBEDDHLB         66.1187 -> 66.126
66396,4 fw PLH.static      CFIMEAFDJFM         61.9374 -> 61.9435
66402,8 fw Controll.static MKFDGFOCKNO         66.0655 -> 66.1155
66402,8 fw Controll.static LEKCBKLAILO         66.1155 -> 66.1655
66402,8 fw Controll.static OFJKHAFJIMA          0.0008 -> 0.0028
66402,8 fw PLH.static      ADJMBEDDHLB          66.126 -> 66.1336
66412,2 fw PLH.static      ADJMBEDDHLB         66.1336 -> 66.14
66412,2 fw PLH.static      CFIMEAFDJFM         61.9435 -> 61.9589
66417,5 fw Controll.static GIPNIMALPEG           0.882 -> 0.7794
66417,5 fw PLH.static      ADJMBEDDHLB           66.14 -> 66.1494
66427,7 fw PLH.static      ADJMBEDDHLB         66.1494 -> 66.1547
66433,3 fw PLH.static      ADJMBEDDHLB         66.1547 -> 66.1648
66433,3 fw PLH.static      CFIMEAFDJFM         61.9589 -> 61.983
66442,6 fw PLH.static      ADJMBEDDHLB         66.1648 -> 66.1704
66449,9 fw Controll.static MKFDGFOCKNO         66.1155 -> 66.1655
66449,9 fw Controll.static LEKCBKLAILO         66.1655 -> 66.2155
66449,9 fw Controll.static OFJKHAFJIMA          0.0028 -> 0.0046
66449,9 fw PLH.static      ADJMBEDDHLB         66.1704 -> 66.1798
66449,9 fw PLH.static      CFIMEAFDJFM          61.983 -> 61.9987
66457,2 fw PLH.static      ADJMBEDDHLB         66.1798 -> 66.1871
66457,2 fw PLH.static      CFIMEAFDJFM         61.9987 -> 62.0052
66465,9 fw Controll.static GIPNIMALPEG          0.7794 -> 0.747
66465,9 fw PLH.static      ADJMBEDDHLB         66.1871 -> 66.1943
66475,1 fw PLH.static      ADJMBEDDHLB         66.1943 -> 66.2031
66482,4 fw PLH.static      ADJMBEDDHLB         66.2031 -> 66.2123
66482,4 fw PLH.static      CFIMEAFDJFM         62.0052 -> 62.0311
66491,3 fw PLH.static      ADJMBEDDHLB         66.2123 -> 66.2195
66496,7 fw Controll.static MKFDGFOCKNO         66.1655 -> 66.2155
66496,7 fw Controll.static LEKCBKLAILO         66.2155 -> 66.2655
66496,7 fw Controll.static OFJKHAFJIMA          0.0046 -> 0.0036
66496,7 fw PLH.static      ADJMBEDDHLB         66.2195 -> 66.2284
66496,7 fw PLH.static      CFIMEAFDJFM         62.0311 -> 62.0466
66507,3 fw PLH.static      ADJMBEDDHLB         66.2284 -> 66.2338
66513,0 fw Controll.static GIPNIMALPEG           0.747 -> 0.6889
66513,0 fw PLH.static      ADJMBEDDHLB         66.2338 -> 66.2444
66513,0 fw PLH.static      CFIMEAFDJFM         62.0466 -> 62.0625
66521,6 fw PLH.static      ADJMBEDDHLB         66.2444 -> 66.2501
66528,4 fw PLH.static      ADJMBEDDHLB         66.2501 -> 66.2587
66528,4 fw PLH.static      CFIMEAFDJFM         62.0625 -> 62.0777
66536,0 fw PLH.static      ADJMBEDDHLB         66.2587 -> 66.2655
66545,8 fw Controll.static MKFDGFOCKNO         66.2155 -> 66.2655
66545,8 fw Controll.static LEKCBKLAILO         66.2655 -> 66.3155
66545,8 fw Controll.static OFJKHAFJIMA          0.0036 -> 0.0071
66545,8 fw PLH.static      ADJMBEDDHLB         66.2655 -> 66.2731
66551,5 fw PLH.static      ADJMBEDDHLB         66.2731 -> 66.283
66551,5 fw PLH.static      CFIMEAFDJFM         62.0777 -> 62.1007
66561,6 fw PLH.static      ADJMBEDDHLB          66.283 -> 66.2887
66561,6 fw PLH.static      CFIMEAFDJFM         62.1007 -> 62.1076
66568,4 fw Controll.static GIPNIMALPEG          0.6889 -> 0.7966
66568,4 fw PLH.static      ADJMBEDDHLB         66.2887 -> 66.2989
66577,4 fw PLH.static      ADJMBEDDHLB         66.2989 -> 66.3056
66577,4 fw PLH.static      CFIMEAFDJFM         62.1076 -> 62.1237
66583,1 fw PLH.static      ADJMBEDDHLB         66.3056 -> 66.3146
66583,1 fw PLH.static      CFIMEAFDJFM         62.1237 -> 62.1335
66593,3 fw Controll.static MKFDGFOCKNO         66.2655 -> 66.3155
66593,3 fw Controll.static LEKCBKLAILO         66.3155 -> 66.3655
66593,3 fw PLH.static      ADJMBEDDHLB         66.3146 -> 66.3202
66593,3 fw PLH.static      CFIMEAFDJFM         62.1335 -> 62.1389
66599,0 fw Controll.static OFJKHAFJIMA          0.0071 -> 0.0043
66599,1 fw PLH.static      ADJMBEDDHLB         66.3202 -> 66.3305
66599,1 fw PLH.static      CFIMEAFDJFM         62.1389 -> 62.1484
66609,5 fw PLH.static      ADJMBEDDHLB         66.3305 -> 66.3362
66609,5 fw PLH.static      CFIMEAFDJFM         62.1484 -> 62.155
66614,8 fw Controll.static GIPNIMALPEG          0.7966 -> 0.7243
66614,8 fw PLH.static      ADJMBEDDHLB         66.3362 -> 66.3467
66625,4 fw PLH.static      ADJMBEDDHLB         66.3467 -> 66.3519
66625,4 fw PLH.static      CFIMEAFDJFM          62.155 -> 62.1708
66631,0 fw PLH.static      ADJMBEDDHLB         66.3519 -> 66.3626
66631,0 fw PLH.static      CFIMEAFDJFM         62.1708 -> 62.1808
66640,4 fw PLH.static      ADJMBEDDHLB         66.3626 -> 66.3681
66640,4 fw PLH.static      CFIMEAFDJFM         62.1808 -> 62.1869
66647,2 fw Controll.static MKFDGFOCKNO         66.3155 -> 66.3655
66647,2 fw Controll.static LEKCBKLAILO         66.3655 -> 66.4155
66647,2 fw Controll.static OFJKHAFJIMA          0.0043 -> 0.0023
66647,3 fw PLH.static      ADJMBEDDHLB         66.3681 -> 66.3776
66647,3 fw PLH.static      CFIMEAFDJFM         62.1869 -> 62.1964
66654,7 fw PLH.static      ADJMBEDDHLB         66.3776 -> 66.3844
66654,7 fw PLH.static      CFIMEAFDJFM         62.1964 -> 62.2026
66661,6 fw Controll.static GIPNIMALPEG          0.7243 -> 0.6606
66661,6 fw PLH.static      ADJMBEDDHLB         66.3844 -> 66.3919
66661,6 fw PLH.static      CFIMEAFDJFM         62.2026 -> 62.2108
66670,4 fw PLH.static      ADJMBEDDHLB         66.3919 -> 66.3988
66670,4 fw PLH.static      CFIMEAFDJFM         62.2108 -> 62.2177
66675,8 fw PLH.static      ADJMBEDDHLB         66.3988 -> 66.4075
66685,4 fw PLH.static      ADJMBEDDHLB         66.4075 -> 66.413
66685,4 fw PLH.static      CFIMEAFDJFM         62.2177 -> 62.2319
66690,8 fw Controll.static MKFDGFOCKNO         66.3655 -> 66.4155
66690,8 fw Controll.static LEKCBKLAILO         66.4155 -> 66.4655
66690,8 fw Controll.static OFJKHAFJIMA          0.0023 -> 0.0067
66690,8 fw PLH.static      ADJMBEDDHLB          66.413 -> 66.4226
66690,8 fw PLH.static      CFIMEAFDJFM         62.2319 -> 62.2406
66700,6 fw PLH.static      ADJMBEDDHLB         66.4226 -> 66.4279
66708,1 fw Controll.static GIPNIMALPEG          0.6606 -> 0.5912
66708,2 fw PLH.static      ADJMBEDDHLB         66.4279 -> 66.4377
66708,2 fw PLH.static      CFIMEAFDJFM         62.2406 -> 62.2567
66714,3 fw PLH.static      ADJMBEDDHLB         66.4377 -> 66.4454
66722,8 fw PLH.static      ADJMBEDDHLB         66.4454 -> 66.4514
66730,2 fw PLH.static      ADJMBEDDHLB         66.4514 -> 66.46
66740,1 fw Controll.static MKFDGFOCKNO         66.4155 -> 66.4655
66740,1 fw Controll.static LEKCBKLAILO         66.4655 -> 66.5155
66740,1 fw Controll.static OFJKHAFJIMA          0.0067 -> 0.0015
66740,1 fw PLH.static      ADJMBEDDHLB           66.46 -> 66.4673
66740,1 fw PLH.static      CFIMEAFDJFM         62.2567 -> 62.2854
66746,8 fw PLH.static      ADJMBEDDHLB         66.4673 -> 66.4773
66746,8 fw PLH.static      CFIMEAFDJFM         62.2854 -> 62.2961
66756,3 fw Controll.static GIPNIMALPEG          0.5912 -> 0.5538
66756,3 fw PLH.static      ADJMBEDDHLB         66.4773 -> 66.4839
66756,3 fw PLH.static      CFIMEAFDJFM         62.2961 -> 62.302
66761,6 fw PLH.static      ADJMBEDDHLB         66.4839 -> 66.4934
66761,6 fw PLH.static      CFIMEAFDJFM          62.302 -> 62.3123
66772,2 fw PLH.static      ADJMBEDDHLB         66.4934 -> 66.4989
66777,5 fw PLH.static      ADJMBEDDHLB         66.4989 -> 66.5093
66777,6 fw PLH.static      CFIMEAFDJFM         62.3123 -> 62.3275
66787,8 fw Controll.static MKFDGFOCKNO         66.4655 -> 66.5156
66787,8 fw Controll.static LEKCBKLAILO         66.5155 -> 66.5656
66787,9 fw Controll.static OFJKHAFJIMA          0.0015 -> 0.0091
66787,9 fw PLH.static      ADJMBEDDHLB         66.5093 -> 66.5147
66787,9 fw PLH.static      CFIMEAFDJFM         62.3275 -> 62.3336
66793,3 fw PLH.static      ADJMBEDDHLB         66.5147 -> 66.525
66793,3 fw PLH.static      CFIMEAFDJFM         62.3336 -> 62.3431
66803,6 fw Controll.static GIPNIMALPEG          0.5538 -> 0.4998
66803,6 fw PLH.static      ADJMBEDDHLB          66.525 -> 66.5304
66810,8 fw PLH.static      ADJMBEDDHLB         66.5304 -> 66.5415
66810,8 fw PLH.static      CFIMEAFDJFM         62.3431 -> 62.3596
66819,1 fw PLH.static      ADJMBEDDHLB         66.5415 -> 66.5479
66825,4 fw PLH.static      ADJMBEDDHLB         66.5479 -> 66.5563
66834,8 fw Controll.static MKFDGFOCKNO         66.5156 -> 66.5656
66834,8 fw Controll.static LEKCBKLAILO         66.5656 -> 66.6156
66834,8 fw Controll.static OFJKHAFJIMA          0.0091 -> 0.006
66834,8 fw PLH.static      ADJMBEDDHLB         66.5563 -> 66.5625
66834,8 fw PLH.static      CFIMEAFDJFM         62.3596 -> 62.3808
66840,7 fw PLH.static      ADJMBEDDHLB         66.5625 -> 66.572
66840,7 fw PLH.static      CFIMEAFDJFM         62.3808 -> 62.3906
66853,2 fw PLH.static      ADJMBEDDHLB          66.572 -> 66.5778
66853,2 fw PLH.static      CFIMEAFDJFM         62.3906 -> 62.3967
66858,5 fw Controll.static GIPNIMALPEG          0.4998 -> 0.5981
66858,5 fw PLH.static      ADJMBEDDHLB         66.5778 -> 66.5904
66858,5 fw PLH.static      CFIMEAFDJFM         62.3967 -> 62.4084
66870,0 fw PLH.static      ADJMBEDDHLB         66.5904 -> 66.5957
66874,9 fw PLH.static      ADJMBEDDHLB         66.5957 -> 66.6072
66874,9 fw PLH.static      CFIMEAFDJFM         62.4084 -> 62.4253
66885,7 fw Controll.static MKFDGFOCKNO         66.5656 -> 66.6156
66885,7 fw Controll.static LEKCBKLAILO         66.6156 -> 66.6656
66885,7 fw PLH.static      ADJMBEDDHLB         66.6072 -> 66.612
66891,2 fw Controll.static OFJKHAFJIMA           0.006 -> 0.0069
66891,3 fw PLH.static      ADJMBEDDHLB          66.612 -> 66.6228
66891,3 fw PLH.static      CFIMEAFDJFM         62.4253 -> 62.4409
66900,2 fw PLH.static      ADJMBEDDHLB         66.6228 -> 66.6284
66900,2 fw PLH.static      CFIMEAFDJFM         62.4409 -> 62.4474
66907,6 fw Controll.static GIPNIMALPEG          0.5981 -> 0.5805
66907,6 fw PLH.static      ADJMBEDDHLB         66.6284 -> 66.6373
66907,6 fw PLH.static      CFIMEAFDJFM         62.4474 -> 62.4563
66914,8 fw PLH.static      ADJMBEDDHLB         66.6373 -> 66.6448
66922,6 fw PLH.static      ADJMBEDDHLB         66.6448 -> 66.6519
66929,9 fw PLH.static      ADJMBEDDHLB         66.6519 -> 66.6597
66930,0 fw PLH.static      CFIMEAFDJFM         62.4563 -> 62.4787
66936,4 fw Controll.static MKFDGFOCKNO         66.6156 -> 66.6656
66936,4 fw Controll.static LEKCBKLAILO         66.6656 -> 66.7156
66936,4 fw Controll.static OFJKHAFJIMA          0.0069 -> 0.0012
66936,4 fw PLH.static      ADJMBEDDHLB         66.6597 -> 66.6671
66936,4 fw PLH.static      CFIMEAFDJFM         62.4787 -> 62.4851
66945,5 fw PLH.static      ADJMBEDDHLB         66.6671 -> 66.6735
66951,2 fw Controll.static GIPNIMALPEG          0.5805 -> 0.4521
66951,2 fw PLH.static      ADJMBEDDHLB         66.6735 -> 66.6827
66951,2 fw PLH.static      CFIMEAFDJFM         62.4851 -> 62.5008
66960,9 fw PLH.static      ADJMBEDDHLB         66.6827 -> 66.6884
66960,9 fw PLH.static      CFIMEAFDJFM         62.5008 -> 62.5073
66968,1 fw PLH.static      ADJMBEDDHLB         66.6884 -> 66.6981
66976,4 fw PLH.static      ADJMBEDDHLB         66.6981 -> 66.7052
66983,1 fw Controll.static MKFDGFOCKNO         66.6656 -> 66.7156
66983,1 fw Controll.static LEKCBKLAILO         66.7156 -> 66.7656
66983,1 fw Controll.static OFJKHAFJIMA          0.0012 -> 0.0043
66983,2 fw PLH.static      ADJMBEDDHLB         66.7052 -> 66.7136
66992,3 fw PLH.static      ADJMBEDDHLB         66.7136 -> 66.7203
66992,3 fw PLH.static      CFIMEAFDJFM         62.5073 -> 62.5389
66997,9 fw Controll.static GIPNIMALPEG          0.4521 -> 0.3863
66998,0 fw PLH.static      ADJMBEDDHLB         66.7203 -> 66.7295
66998,0 fw PLH.static      CFIMEAFDJFM         62.5389 -> 62.5476
67009,6 fw PLH.static      ADJMBEDDHLB         66.7295 -> 66.7351
67009,6 fw PLH.static      CFIMEAFDJFM         62.5476 -> 62.554
67015,1 fw PLH.static      ADJMBEDDHLB         66.7351 -> 66.7468
67015,1 fw PLH.static      CFIMEAFDJFM          62.554 -> 62.5649
67025,5 fw PLH.static      ADJMBEDDHLB         66.7468 -> 66.7523
67031,3 fw Controll.static MKFDGFOCKNO         66.7156 -> 66.7656
67031,3 fw Controll.static LEKCBKLAILO         66.7656 -> 66.8156
67031,3 fw Controll.static OFJKHAFJIMA          0.0043 -> 0.0025
67031,4 fw PLH.static      ADJMBEDDHLB         66.7523 -> 66.7627
67031,4 fw PLH.static      CFIMEAFDJFM         62.5649 -> 62.5808
67040,6 fw PLH.static      ADJMBEDDHLB         66.7627 -> 66.7685
67040,6 fw PLH.static      CFIMEAFDJFM         62.5808 -> 62.5872
67047,6 fw Controll.static GIPNIMALPEG          0.3863 -> 0.3796
67047,7 fw PLH.static      ADJMBEDDHLB         66.7685 -> 66.7777
67047,7 fw PLH.static      CFIMEAFDJFM         62.5872 -> 62.5966
67054,8 fw PLH.static      ADJMBEDDHLB         66.7777 -> 66.7849
67054,9 fw PLH.static      CFIMEAFDJFM         62.5966 -> 62.6029
67063,6 fw PLH.static      ADJMBEDDHLB         66.7849 -> 66.792
67063,6 fw PLH.static      CFIMEAFDJFM         62.6029 -> 62.6109
67071,4 fw PLH.static      ADJMBEDDHLB          66.792 -> 66.8007
67071,4 fw PLH.static      CFIMEAFDJFM         62.6109 -> 62.6197
67078,1 fw PLH.static      ADJMBEDDHLB         66.8007 -> 66.8085
67088,2 fw PLH.static      ADJMBEDDHLB         66.8085 -> 66.8152
67088,2 fw PLH.static      CFIMEAFDJFM         62.6197 -> 62.6341
67093,6 fw Controll.static GIPNIMALPEG          0.3796 -> 0.2998
67093,6 fw PLH.static      ADJMBEDDHLB         66.8152 -> 66.8254
67093,6 fw PLH.static      CFIMEAFDJFM         62.6341 -> 62.6431
67103,4 fw PLH.static      ADJMBEDDHLB         66.8254 -> 66.8308
67103,4 fw PLH.static      CFIMEAFDJFM         62.6431 -> 62.6497
67110,5 fw PLH.static      ADJMBEDDHLB         66.8308 -> 66.8405
67110,5 fw PLH.static      CFIMEAFDJFM         62.6497 -> 62.6594
67119,5 fw PLH.static      ADJMBEDDHLB         66.8405 -> 66.8476
67119,5 fw PLH.static      CFIMEAFDJFM         62.6594 -> 62.6657
67126,1 fw Controll.static MKFDGFOCKNO         66.7656 -> 66.8156
67126,1 fw Controll.static LEKCBKLAILO         66.8156 -> 66.8656
67126,1 fw Controll.static OFJKHAFJIMA          0.0025 -> 0.0093
67126,2 fw PLH.static      ADJMBEDDHLB         66.8476 -> 66.8566
67134,1 fw PLH.static      ADJMBEDDHLB         66.8566 -> 66.8634
67141,5 fw PLH.static      ADJMBEDDHLB         66.8634 -> 66.8713
67153,0 fw Controll.static GIPNIMALPEG          0.2998 -> 0.4872
67153,0 fw PLH.static      ADJMBEDDHLB         66.8713 -> 66.8786
67153,0 fw PLH.static      CFIMEAFDJFM         62.6657 -> 62.6975
67157,7 fw PLH.static      ADJMBEDDHLB         66.8786 -> 66.8902
67157,7 fw PLH.static      CFIMEAFDJFM         62.6975 -> 62.7084
67168,8 fw PLH.static      ADJMBEDDHLB         66.8902 -> 66.8948
67175,0 fw Controll.static MKFDGFOCKNO         66.8156 -> 66.8656
67175,0 fw Controll.static LEKCBKLAILO         66.8656 -> 66.9156
67175,1 fw PLH.static      ADJMBEDDHLB         66.8948 -> 66.9059
67175,1 fw PLH.static      CFIMEAFDJFM         62.7084 -> 62.7243
67183,4 fw Controll.static OFJKHAFJIMA          0.0093 -> 0.0046
67183,5 fw PLH.static      ADJMBEDDHLB         66.9059 -> 66.9122
67183,5 fw PLH.static      CFIMEAFDJFM         62.7243 -> 62.7312
67191,0 fw PLH.static      ADJMBEDDHLB         66.9122 -> 66.9206
67198,0 fw Controll.static GIPNIMALPEG          0.4872 -> 0.3863
67198,0 fw PLH.static      ADJMBEDDHLB         66.9206 -> 66.9282
67198,0 fw PLH.static      CFIMEAFDJFM         62.7312 -> 62.7461
67207,4 fw PLH.static      ADJMBEDDHLB         66.9282 -> 66.9352
67207,4 fw PLH.static      CFIMEAFDJFM         62.7461 -> 62.754
67213,6 fw PLH.static      ADJMBEDDHLB         66.9352 -> 66.9446
67222,7 fw PLH.static      ADJMBEDDHLB         66.9446 -> 66.9507
67222,7 fw PLH.static      CFIMEAFDJFM          62.754 -> 62.7696
67230,8 fw Controll.static MKFDGFOCKNO         66.8656 -> 66.9656
67230,8 fw Controll.static LEKCBKLAILO         66.9156 -> 67.0156
67230,8 fw Controll.static OFJKHAFJIMA          0.0046 -> 0.0019
67230,8 fw PLH.static      ADJMBEDDHLB         66.9507 -> 66.9599
67230,8 fw PLH.static      CFIMEAFDJFM         62.7696 -> 62.7787
67236,6 fw PLH.static      ADJMBEDDHLB         66.9599 -> 66.968
67246,3 fw Controll.static GIPNIMALPEG          0.3863 -> 0.3523
67246,3 fw PLH.static      ADJMBEDDHLB          66.968 -> 66.9738
67246,3 fw PLH.static      CFIMEAFDJFM         62.7787 -> 62.7927
67251,7 fw PLH.static      ADJMBEDDHLB         66.9738 -> 66.9834
67262,0 fw PLH.static      ADJMBEDDHLB         66.9834 -> 66.9888
67268,9 fw PLH.static      ADJMBEDDHLB         66.9888 -> 66.9992
67277,9 fw PLH.static      ADJMBEDDHLB         66.9992 -> 67.0061
67285,3 fw PLH.static      ADJMBEDDHLB         67.0061 -> 67.015
67285,3 fw PLH.static      CFIMEAFDJFM         62.7927 -> 62.8339
67292,0 fw Controll.static GIPNIMALPEG          0.3523 -> 0.2667
67292,0 fw PLH.static      ADJMBEDDHLB          67.015 -> 67.0224
67292,0 fw PLH.static      CFIMEAFDJFM         62.8339 -> 62.8406
67300,3 fw PLH.static      ADJMBEDDHLB         67.0224 -> 67.0292
67300,3 fw PLH.static      CFIMEAFDJFM         62.8406 -> 62.8481
67307,2 fw PLH.static      ADJMBEDDHLB         67.0292 -> 67.0374
67307,2 fw PLH.static      CFIMEAFDJFM         62.8481 -> 62.8564
67315,3 fw PLH.static      ADJMBEDDHLB         67.0374 -> 67.0443
67315,3 fw PLH.static      CFIMEAFDJFM         62.8564 -> 62.8626
67322,0 fw Controll.static MKFDGFOCKNO         66.9656 -> 67.0156
67322,0 fw Controll.static LEKCBKLAILO         67.0156 -> 67.0656
67322,0 fw Controll.static OFJKHAFJIMA          0.0019 -> 0.0064
67322,0 fw PLH.static      ADJMBEDDHLB         67.0443 -> 67.0525
67322,0 fw PLH.static      CFIMEAFDJFM         62.8626 -> 62.8713
67331,4 fw PLH.static      ADJMBEDDHLB         67.0525 -> 67.0591
67331,4 fw PLH.static      CFIMEAFDJFM         62.8713 -> 62.878
67337,5 fw Controll.static GIPNIMALPEG          0.2667 -> 0.1776
67337,6 fw PLH.static      ADJMBEDDHLB         67.0591 -> 67.0686
67337,6 fw PLH.static      CFIMEAFDJFM          62.878 -> 62.8866
67347,5 fw PLH.static      ADJMBEDDHLB         67.0686 -> 67.0747
67347,6 fw PLH.static      CFIMEAFDJFM         62.8866 -> 62.8936
67352,5 fw Controll.static DGNDKAKOEPD         2408939 -> 2409982
67352,5 fw Controll.static BEJBLGGGOCC       339988266 -> 339989265
67352,5 fw Controll.static JELGPAKAJPE             107 -> 148
67352,5 fw Controll.static EENJPDHGGGC         66.0258 -> 67.0686
67352,6 fw PLH.static      ADJMBEDDHLB         67.0747 -> 67.0847
67362,6 fw PLH.static      ADJMBEDDHLB         67.0847 -> 67.0897
67362,7 fw PLH.static      CFIMEAFDJFM         62.8936 -> 62.9087
67370,6 fw Controll.static MKFDGFOCKNO         67.0156 -> 67.0656
67370,6 fw Controll.static LEKCBKLAILO         67.0656 -> 67.1156
67370,6 fw Controll.static OFJKHAFJIMA          0.0064 -> 0.0026
67370,6 fw PLH.static      ADJMBEDDHLB         67.0897 -> 67.0998
67370,6 fw PLH.static      CFIMEAFDJFM         62.9087 -> 62.9187
67376,1 fw PLH.static      ADJMBEDDHLB         67.0998 -> 67.1078
67376,1 fw PLH.static      CFIMEAFDJFM         62.9187 -> 62.926
67386,2 fw Controll.static GIPNIMALPEG          0.1776 -> 0.1508
67386,2 fw PLH.static      ADJMBEDDHLB         67.1078 -> 67.1133
67386,2 fw PLH.static      CFIMEAFDJFM          62.926 -> 62.9322
67392,0 fw PLH.static      ADJMBEDDHLB         67.1133 -> 67.1234
67392,0 fw PLH.static      CFIMEAFDJFM         62.9322 -> 62.9415
67402,1 fw PLH.static      ADJMBEDDHLB         67.1234 -> 67.1292
67408,2 fw PLH.static      ADJMBEDDHLB         67.1292 -> 67.1392
67416,7 fw Controll.static MKFDGFOCKNO         67.0656 -> 67.1156
67416,7 fw Controll.static LEKCBKLAILO         67.1156 -> 67.1656
67416,7 fw Controll.static OFJKHAFJIMA          0.0026 -> 0.0074
67416,8 fw PLH.static      ADJMBEDDHLB         67.1392 -> 67.1454
67416,8 fw PLH.static      CFIMEAFDJFM         62.9415 -> 62.9637
67423,5 fw PLH.static      ADJMBEDDHLB         67.1454 -> 67.1539
67423,5 fw PLH.static      CFIMEAFDJFM         62.9637 -> 62.9728
67433,6 fw PLH.static      ADJMBEDDHLB         67.1539 -> 67.1606
67433,6 fw PLH.static      CFIMEAFDJFM         62.9728 -> 62.9795
67439,5 fw Controll.static GIPNIMALPEG          0.1508 -> 0.2178
67439,6 fw PLH.static      ADJMBEDDHLB         67.1606 -> 67.1707
67439,6 fw PLH.static      CFIMEAFDJFM         62.9795 -> 62.9886
67449,8 fw PLH.static      ADJMBEDDHLB         67.1707 -> 67.1767
67455,3 fw PLH.static      ADJMBEDDHLB         67.1767 -> 67.1869
67455,3 fw PLH.static      CFIMEAFDJFM         62.9886 -> 63.005
67466,1 fw Controll.static MKFDGFOCKNO         67.1156 -> 67.1656
67466,1 fw Controll.static LEKCBKLAILO         67.1656 -> 67.2157
67466,1 fw PLH.static      ADJMBEDDHLB         67.1869 -> 67.1925
67466,1 fw PLH.static      CFIMEAFDJFM          63.005 -> 63.0113
67471,3 fw Controll.static OFJKHAFJIMA          0.0074 -> 0.0046
67471,3 fw PLH.static      ADJMBEDDHLB         67.1925 -> 67.2033
67471,3 fw PLH.static      CFIMEAFDJFM         63.0113 -> 63.0214
67481,1 fw PLH.static      ADJMBEDDHLB         67.2033 -> 67.2085
67487,9 fw Controll.static GIPNIMALPEG          0.2178 -> 0.184
67487,9 fw PLH.static      ADJMBEDDHLB         67.2085 -> 67.2182
67487,9 fw PLH.static      CFIMEAFDJFM         63.0214 -> 63.037
67496,4 fw PLH.static      ADJMBEDDHLB         67.2182 -> 67.225
67496,4 fw PLH.static      CFIMEAFDJFM          63.037 -> 63.0434
67503,5 fw PLH.static      ADJMBEDDHLB          67.225 -> 67.2336
67503,5 fw PLH.static      CFIMEAFDJFM         63.0434 -> 63.0524
67512,1 fw PLH.static      ADJMBEDDHLB         67.2336 -> 67.2406
67512,1 fw PLH.static      CFIMEAFDJFM         63.0524 -> 63.0595
67517,5 fw Controll.static MKFDGFOCKNO         67.1656 -> 67.2157
67517,5 fw Controll.static LEKCBKLAILO         67.2157 -> 67.2657
67517,5 fw Controll.static OFJKHAFJIMA          0.0046 -> 0.0022
67517,6 fw PLH.static      ADJMBEDDHLB         67.2406 -> 67.2492
67517,6 fw PLH.static      CFIMEAFDJFM         63.0595 -> 63.0675
67527,1 fw PLH.static      ADJMBEDDHLB         67.2492 -> 67.2547
67534,0 fw Controll.static GIPNIMALPEG           0.184 -> 0.1061
67534,0 fw PLH.static      ADJMBEDDHLB         67.2547 -> 67.2642
67534,0 fw PLH.static      CFIMEAFDJFM         63.0675 -> 63.0826
67542,0 fw PLH.static      ADJMBEDDHLB         67.2642 -> 67.2711
67542,0 fw PLH.static      CFIMEAFDJFM         63.0826 -> 63.0899
67549,1 fw PLH.static      ADJMBEDDHLB         67.2711 -> 67.2791
67549,2 fw PLH.static      CFIMEAFDJFM         63.0899 -> 63.098
67557,3 fw PLH.static      ADJMBEDDHLB         67.2791 -> 67.2863
67563,7 fw Controll.static MKFDGFOCKNO         67.2157 -> 67.2657
67563,7 fw Controll.static LEKCBKLAILO         67.2657 -> 67.3157
67563,7 fw Controll.static OFJKHAFJIMA          0.0022 -> 0.0051
67563,7 fw PLH.static      ADJMBEDDHLB         67.2863 -> 67.2944
67563,7 fw PLH.static      CFIMEAFDJFM          63.098 -> 63.1134
67573,0 fw PLH.static      ADJMBEDDHLB         67.2944 -> 67.3009
67579,6 fw Controll.static GIPNIMALPEG          0.1061 -> 0.0189
67579,7 fw PLH.static      ADJMBEDDHLB         67.3009 -> 67.3101
67579,7 fw PLH.static      CFIMEAFDJFM         63.1134 -> 63.1282
67588,4 fw PLH.static      ADJMBEDDHLB         67.3101 -> 67.3168
67594,0 fw PLH.static      ADJMBEDDHLB         67.3168 -> 67.3255
67594,0 fw PLH.static      CFIMEAFDJFM         63.1282 -> 63.1438
67603,3 fw PLH.static      ADJMBEDDHLB         67.3255 -> 67.3311
67603,3 fw PLH.static      CFIMEAFDJFM         63.1438 -> 63.15
67610,8 fw Controll.static MKFDGFOCKNO         67.2657 -> 67.3157
67610,8 fw Controll.static LEKCBKLAILO         67.3157 -> 67.3657
67610,8 fw Controll.static OFJKHAFJIMA          0.0051 -> 0.0008
67610,9 fw PLH.static      ADJMBEDDHLB         67.3311 -> 67.3404
67610,9 fw PLH.static      CFIMEAFDJFM           63.15 -> 63.1593
67617,7 fw PLH.static      ADJMBEDDHLB         67.3404 -> 67.348
67629,7 fw Controll.static GIPNIMALPEG          0.0189 -> 0.019
67629,7 fw PLH.static      ADJMBEDDHLB          67.348 -> 67.3548
67629,7 fw PLH.static      CFIMEAFDJFM         63.1593 -> 63.1736
67635,4 fw PLH.static      ADJMBEDDHLB         67.3548 -> 67.3668
67635,4 fw PLH.static      CFIMEAFDJFM         63.1736 -> 63.1847
67647,2 fw PLH.static      ADJMBEDDHLB         67.3668 -> 67.3726
67652,2 fw PLH.static      ADJMBEDDHLB         67.3726 -> 67.3844
67662,3 fw Controll.static MKFDGFOCKNO         67.3157 -> 67.3657
67662,3 fw Controll.static LEKCBKLAILO         67.3657 -> 67.4157
67662,3 fw PLH.static      ADJMBEDDHLB         67.3844 -> 67.3893
67669,8 fw PLH.static      ADJMBEDDHLB         67.3893 -> 67.3995
67669,8 fw PLH.static      CFIMEAFDJFM         63.1847 -> 63.2183
67676,9 fw Controll.static GIPNIMALPEG           0.019 -> 0.964
67676,9 fw PLH.static      ADJMBEDDHLB         67.3995 -> 67.407
67676,9 fw PLH.static      CFIMEAFDJFM         63.2183 -> 63.2253
67686,1 fw PLH.static      ADJMBEDDHLB          67.407 -> 67.4141
67691,3 fw PLH.static      ADJMBEDDHLB         67.4141 -> 67.4232
67691,3 fw PLH.static      CFIMEAFDJFM         63.2253 -> 63.2413
67700,3 fw PLH.static      ADJMBEDDHLB         67.4232 -> 67.4284
67708,6 fw Controll.static MKFDGFOCKNO         67.3657 -> 67.4157
67708,6 fw Controll.static LEKCBKLAILO         67.4157 -> 67.4657
67708,6 fw Controll.static OFJKHAFJIMA          0.0008 -> 0.0071
67708,6 fw PLH.static      ADJMBEDDHLB         67.4284 -> 67.4374
67708,6 fw PLH.static      CFIMEAFDJFM         63.2413 -> 63.2563
67715,0 fw PLH.static      ADJMBEDDHLB         67.4374 -> 67.4457
67715,0 fw PLH.static      CFIMEAFDJFM         63.2563 -> 63.2639
67723,1 fw PLH.static      ADJMBEDDHLB         67.4457 -> 67.4521
67731,0 fw Controll.static GIPNIMALPEG           0.964 -> 0.045
67731,0 fw PLH.static      ADJMBEDDHLB         67.4521 -> 67.4603
67731,0 fw PLH.static      CFIMEAFDJFM         63.2639 -> 63.2791
67737,5 fw PLH.static      ADJMBEDDHLB         67.4603 -> 67.4681
67737,5 fw PLH.static      CFIMEAFDJFM         63.2791 -> 63.2862
67745,6 fw PLH.static      ADJMBEDDHLB         67.4681 -> 67.4756
67745,6 fw PLH.static      CFIMEAFDJFM         63.2862 -> 63.2935
67753,4 fw Controll.static MKFDGFOCKNO         67.4157 -> 67.4657
67753,4 fw Controll.static LEKCBKLAILO         67.4657 -> 67.5157
67753,5 fw PLH.static      ADJMBEDDHLB         67.4756 -> 67.4828
67753,5 fw PLH.static      CFIMEAFDJFM         63.2935 -> 63.3008
67760,2 fw Controll.static OFJKHAFJIMA          0.0071 -> 0.0021
67760,2 fw PLH.static      ADJMBEDDHLB         67.4828 -> 67.4906
67760,2 fw PLH.static      CFIMEAFDJFM         63.3008 -> 63.3095
67768,6 fw PLH.static      ADJMBEDDHLB         67.4906 -> 67.4974
67768,6 fw PLH.static      CFIMEAFDJFM         63.3095 -> 63.3162
67775,6 fw Controll.static GIPNIMALPEG           0.045 -> 0.9379
67775,6 fw PLH.static      ADJMBEDDHLB         67.4974 -> 67.5057
67775,6 fw PLH.static      CFIMEAFDJFM         63.3162 -> 63.324
67783,1 fw PLH.static      ADJMBEDDHLB         67.5057 -> 67.5128
67783,1 fw PLH.static      CFIMEAFDJFM          63.324 -> 63.3317
67790,1 fw PLH.static      ADJMBEDDHLB         67.5128 -> 67.5202
67797,9 fw PLH.static      ADJMBEDDHLB         67.5202 -> 67.5272
67797,9 fw PLH.static      CFIMEAFDJFM         63.3317 -> 63.3454
67805,9 fw Controll.static MKFDGFOCKNO         67.4657 -> 67.5157
67805,9 fw Controll.static LEKCBKLAILO         67.5157 -> 67.5657
67805,9 fw Controll.static OFJKHAFJIMA          0.0021 -> 0.0042
67806,0 fw PLH.static      ADJMBEDDHLB         67.5272 -> 67.5351
67806,0 fw PLH.static      CFIMEAFDJFM         63.3454 -> 63.3539
67811,6 fw PLH.static      ADJMBEDDHLB         67.5351 -> 67.5431
67811,6 fw PLH.static      CFIMEAFDJFM         63.3539 -> 63.3613
67820,5 fw Controll.static GIPNIMALPEG          0.9379 -> 0.8363
67820,6 fw PLH.static      ADJMBEDDHLB         67.5431 -> 67.5487
67827,8 fw PLH.static      ADJMBEDDHLB         67.5487 -> 67.5577
67827,8 fw PLH.static      CFIMEAFDJFM         63.3613 -> 63.3766
67836,3 fw PLH.static      ADJMBEDDHLB         67.5577 -> 67.565
67844,0 fw PLH.static      ADJMBEDDHLB          67.565 -> 67.5735
67844,0 fw PLH.static      CFIMEAFDJFM         63.3766 -> 63.3922
67850,8 fw Controll.static MKFDGFOCKNO         67.5157 -> 67.5657
67850,8 fw Controll.static LEKCBKLAILO         67.5657 -> 67.6157
67850,8 fw Controll.static OFJKHAFJIMA          0.0042 -> 0.0074
67850,8 fw PLH.static      ADJMBEDDHLB         67.5735 -> 67.5812
67850,8 fw PLH.static      CFIMEAFDJFM         63.3922 -> 63.4
67858,9 fw PLH.static      ADJMBEDDHLB         67.5812 -> 67.588
67858,9 fw PLH.static      CFIMEAFDJFM            63.4 -> 63.4062
67867,7 fw Controll.static GIPNIMALPEG          0.8363 -> 0.7789
67867,7 fw PLH.static      ADJMBEDDHLB          67.588 -> 67.5961
67867,7 fw PLH.static      CFIMEAFDJFM         63.4062 -> 63.4149
67872,8 fw PLH.static      ADJMBEDDHLB         67.5961 -> 67.6048
67882,8 fw PLH.static      ADJMBEDDHLB         67.6048 -> 67.61
67890,5 fw PLH.static      ADJMBEDDHLB           67.61 -> 67.62
67890,5 fw PLH.static      CFIMEAFDJFM         63.4149 -> 63.4387
67897,2 fw Controll.static MKFDGFOCKNO         67.5657 -> 67.6157
67897,2 fw Controll.static LEKCBKLAILO         67.6157 -> 67.6657
67897,2 fw Controll.static OFJKHAFJIMA          0.0074 -> 0.0039
67897,2 fw PLH.static      ADJMBEDDHLB           67.62 -> 67.6277
67897,2 fw PLH.static      CFIMEAFDJFM         63.4387 -> 63.4457
67905,8 fw PLH.static      ADJMBEDDHLB         67.6277 -> 67.6344
67905,8 fw PLH.static      CFIMEAFDJFM         63.4457 -> 63.4532
67911,9 fw Controll.static GIPNIMALPEG          0.7789 -> 0.6632
67911,9 fw PLH.static      ADJMBEDDHLB         67.6344 -> 67.643
67911,9 fw PLH.static      CFIMEAFDJFM         63.4532 -> 63.4611
67920,9 fw PLH.static      ADJMBEDDHLB          67.643 -> 67.6491
67928,5 fw PLH.static      ADJMBEDDHLB         67.6491 -> 67.6581
67936,5 fw PLH.static      ADJMBEDDHLB         67.6581 -> 67.6659
67936,5 fw PLH.static      CFIMEAFDJFM         63.4611 -> 63.4836
67943,6 fw Controll.static MKFDGFOCKNO         67.6157 -> 67.6657
67943,6 fw Controll.static LEKCBKLAILO         67.6657 -> 67.7157
67943,6 fw Controll.static OFJKHAFJIMA          0.0039 -> 0.0075
67943,6 fw PLH.static      ADJMBEDDHLB         67.6659 -> 67.6736
67943,6 fw PLH.static      CFIMEAFDJFM         63.4836 -> 63.4923
67952,0 fw PLH.static      ADJMBEDDHLB         67.6736 -> 67.6807
67952,0 fw PLH.static      CFIMEAFDJFM         63.4923 -> 63.4996
67958,5 fw Controll.static GIPNIMALPEG          0.6632 -> 0.5953
67958,6 fw PLH.static      ADJMBEDDHLB         67.6807 -> 67.6892
67958,6 fw PLH.static      CFIMEAFDJFM         63.4996 -> 63.5074
67966,9 fw PLH.static      ADJMBEDDHLB         67.6892 -> 67.6957
67972,7 fw PLH.static      ADJMBEDDHLB         67.6957 -> 67.7041
67981,4 fw PLH.static      ADJMBEDDHLB         67.7041 -> 67.7098
67981,4 fw PLH.static      CFIMEAFDJFM         63.5074 -> 63.5288
67988,8 fw Controll.static MKFDGFOCKNO         67.6657 -> 67.7157
67988,8 fw Controll.static LEKCBKLAILO         67.7157 -> 67.7657
67988,8 fw Controll.static OFJKHAFJIMA          0.0075 -> 0.0024
67988,8 fw PLH.static      ADJMBEDDHLB         67.7098 -> 67.7185
67988,8 fw PLH.static      CFIMEAFDJFM         63.5288 -> 63.5372
67995,6 fw PLH.static      ADJMBEDDHLB         67.7185 -> 67.726
67995,7 fw PLH.static      CFIMEAFDJFM         63.5372 -> 63.5442
68003,6 fw PLH.static      ADJMBEDDHLB          67.726 -> 67.7328
68003,6 fw PLH.static      CFIMEAFDJFM         63.5442 -> 63.5517
68011,3 fw Controll.static GIPNIMALPEG          0.5953 -> 0.6518
68011,4 fw PLH.static      ADJMBEDDHLB         67.7328 -> 67.7407
68011,4 fw PLH.static      CFIMEAFDJFM         63.5517 -> 63.5596
68016,8 fw PLH.static      ADJMBEDDHLB         67.7407 -> 67.7485
68027,0 fw PLH.static      ADJMBEDDHLB         67.7485 -> 67.7539
68032,9 fw Controll.static MKFDGFOCKNO         67.7157 -> 67.7657
68033,0 fw Controll.static LEKCBKLAILO         67.7657 -> 67.8158
68033,0 fw PLH.static      ADJMBEDDHLB         67.7539 -> 67.7641
68033,0 fw PLH.static      CFIMEAFDJFM         63.5596 -> 63.5823
68041,2 fw Controll.static OFJKHAFJIMA          0.0024 -> 0.004
68041,3 fw PLH.static      ADJMBEDDHLB         67.7641 -> 67.7701
68049,3 fw PLH.static      ADJMBEDDHLB         67.7701 -> 67.7784
68049,3 fw PLH.static      CFIMEAFDJFM         63.5823 -> 63.5972
68055,4 fw Controll.static GIPNIMALPEG          0.6518 -> 0.5332
68055,5 fw PLH.static      ADJMBEDDHLB         67.7784 -> 67.7864
68055,5 fw PLH.static      CFIMEAFDJFM         63.5972 -> 63.6046
68063,7 fw PLH.static      ADJMBEDDHLB         67.7864 -> 67.7926
68063,7 fw PLH.static      CFIMEAFDJFM         63.6046 -> 63.6114
68073,3 fw PLH.static      ADJMBEDDHLB         67.7926 -> 67.8008
68078,7 fw PLH.static      ADJMBEDDHLB         67.8008 -> 67.8105
68078,7 fw PLH.static      CFIMEAFDJFM         63.6114 -> 63.6284
68088,5 fw Controll.static MKFDGFOCKNO         67.7657 -> 67.8158
68088,5 fw Controll.static LEKCBKLAILO         67.8158 -> 67.8658
68088,5 fw Controll.static OFJKHAFJIMA           0.004 -> 0.0096
68088,5 fw PLH.static      ADJMBEDDHLB         67.8105 -> 67.8159
68088,5 fw PLH.static      CFIMEAFDJFM         63.6284 -> 63.6348
68094,5 fw PLH.static      ADJMBEDDHLB         67.8159 -> 67.8257
68094,5 fw PLH.static      CFIMEAFDJFM         63.6348 -> 63.6437
68102,9 fw Controll.static GIPNIMALPEG          0.5332 -> 0.4833
68103,0 fw PLH.static      ADJMBEDDHLB         67.8257 -> 67.8316
68110,4 fw PLH.static      ADJMBEDDHLB         67.8316 -> 67.8401
68110,4 fw PLH.static      CFIMEAFDJFM         63.6437 -> 63.659
68117,9 fw PLH.static      ADJMBEDDHLB         67.8401 -> 67.8475
68126,0 fw PLH.static      ADJMBEDDHLB         67.8475 -> 67.855
68131,9 fw Controll.static MKFDGFOCKNO         67.8158 -> 67.8658
68131,9 fw Controll.static LEKCBKLAILO         67.8658 -> 67.9158
68131,9 fw Controll.static OFJKHAFJIMA          0.0096 -> 0.0029
68132,0 fw PLH.static      ADJMBEDDHLB          67.855 -> 67.8631
68132,0 fw PLH.static      CFIMEAFDJFM          63.659 -> 63.6814
68140,8 fw PLH.static      ADJMBEDDHLB         67.8631 -> 67.8691
68140,8 fw PLH.static      CFIMEAFDJFM         63.6814 -> 63.6877
68148,5 fw Controll.static GIPNIMALPEG          0.4833 -> 0.3941
68148,5 fw PLH.static      ADJMBEDDHLB         67.8691 -> 67.8779
68154,3 fw PLH.static      ADJMBEDDHLB         67.8779 -> 67.8857
68154,3 fw PLH.static      CFIMEAFDJFM         63.6877 -> 63.7038
68163,8 fw PLH.static      ADJMBEDDHLB         67.8857 -> 67.8914
68171,1 fw PLH.static      ADJMBEDDHLB         67.8914 -> 67.901
68171,1 fw PLH.static      CFIMEAFDJFM         63.7038 -> 63.7198
68181,5 fw Controll.static MKFDGFOCKNO         67.8658 -> 67.9158
68181,5 fw Controll.static LEKCBKLAILO         67.9158 -> 67.9658
68181,5 fw Controll.static OFJKHAFJIMA          0.0029 -> 0.0025
68181,5 fw PLH.static      ADJMBEDDHLB          67.901 -> 67.9083
68186,7 fw PLH.static      ADJMBEDDHLB         67.9083 -> 67.9186
68186,7 fw PLH.static      CFIMEAFDJFM         63.7198 -> 63.7374
68196,6 fw Controll.static GIPNIMALPEG          0.3941 -> 0.3561
68196,6 fw PLH.static      ADJMBEDDHLB         67.9186 -> 67.9239
68203,5 fw PLH.static      ADJMBEDDHLB         67.9239 -> 67.9338
68203,6 fw PLH.static      CFIMEAFDJFM         63.7374 -> 63.7527
68211,3 fw PLH.static      ADJMBEDDHLB         67.9338 -> 67.9407
68211,3 fw PLH.static      CFIMEAFDJFM         63.7527 -> 63.7596
68217,6 fw PLH.static      ADJMBEDDHLB         67.9407 -> 67.9484
68226,4 fw PLH.static      ADJMBEDDHLB         67.9484 -> 67.9547
68232,1 fw PLH.static      ADJMBEDDHLB         67.9547 -> 67.9635
68232,2 fw PLH.static      CFIMEAFDJFM         63.7596 -> 63.7818
68240,6 fw Controll.static GIPNIMALPEG          0.3561 -> 0.236
68240,6 fw PLH.static      ADJMBEDDHLB         67.9635 -> 67.9693
68240,6 fw PLH.static      CFIMEAFDJFM         63.7818 -> 63.788
68249,0 fw PLH.static      ADJMBEDDHLB         67.9693 -> 67.9777
68249,0 fw PLH.static      CFIMEAFDJFM          63.788 -> 63.7967
68254,3 fw PLH.static      ADJMBEDDHLB         67.9777 -> 67.9862
68254,3 fw PLH.static      CFIMEAFDJFM         63.7967 -> 63.8045
68263,2 fw PLH.static      ADJMBEDDHLB         67.9862 -> 67.9914
68263,2 fw PLH.static      CFIMEAFDJFM         63.8045 -> 63.8104
68271,3 fw Controll.static MKFDGFOCKNO         67.9158 -> 67.9658
68271,3 fw Controll.static LEKCBKLAILO         67.9658 -> 68.0158
68271,3 fw Controll.static OFJKHAFJIMA          0.0025 -> 0.0032
68271,4 fw PLH.static      ADJMBEDDHLB         67.9914 -> 68.0003
68271,4 fw PLH.static      CFIMEAFDJFM         63.8104 -> 63.8192
68277,1 fw PLH.static      ADJMBEDDHLB         68.0003 -> 68.0085
68286,8 fw PLH.static      ADJMBEDDHLB         68.0085 -> 68.0142
68286,8 fw PLH.static      CFIMEAFDJFM         63.8192 -> 63.8332
68293,1 fw Controll.static GIPNIMALPEG           0.236 -> 0.2862
68293,1 fw PLH.static      ADJMBEDDHLB         68.0142 -> 68.024
68293,1 fw PLH.static      CFIMEAFDJFM         63.8332 -> 63.8419
68301,4 fw Controll.static DGNDKAKOEPD         2409982 -> 2410937
68301,4 fw Controll.static BEJBLGGGOCC       339989265 -> 339990262
68301,4 fw Controll.static JELGPAKAJPE             148 -> 106
68301,4 fw Controll.static EENJPDHGGGC         67.0686 -> 68.024
68301,4 fw PLH.static      ADJMBEDDHLB          68.024 -> 68.0303
68301,4 fw PLH.static      CFIMEAFDJFM         63.8419 -> 63.8491
68308,2 fw PLH.static      ADJMBEDDHLB         68.0303 -> 68.0386
68308,2 fw PLH.static      CFIMEAFDJFM         63.8491 -> 63.8574
68316,3 fw Controll.static MKFDGFOCKNO         67.9658 -> 68.0158
68316,3 fw Controll.static LEKCBKLAILO         68.0158 -> 68.0658
68316,4 fw PLH.static      ADJMBEDDHLB         68.0386 -> 68.0453
68323,3 fw Controll.static OFJKHAFJIMA          0.0032 -> 0.0078
68323,3 fw PLH.static      ADJMBEDDHLB         68.0453 -> 68.0535
68323,3 fw PLH.static      CFIMEAFDJFM         63.8574 -> 63.8724
68332,9 fw PLH.static      ADJMBEDDHLB         68.0535 -> 68.0604
68332,9 fw PLH.static      CFIMEAFDJFM         63.8724 -> 63.8793
68338,1 fw Controll.static GIPNIMALPEG          0.2862 -> 0.1856
68338,1 fw PLH.static      ADJMBEDDHLB         68.0604 -> 68.07
68338,1 fw PLH.static      CFIMEAFDJFM         63.8793 -> 63.8879
68348,6 fw PLH.static      ADJMBEDDHLB           68.07 -> 68.0753
68353,3 fw PLH.static      ADJMBEDDHLB         68.0753 -> 68.0857
68353,3 fw PLH.static      CFIMEAFDJFM         63.8879 -> 63.904
68363,1 fw PLH.static      ADJMBEDDHLB         68.0857 -> 68.0904
68370,0 fw Controll.static MKFDGFOCKNO         68.0158 -> 68.0658
68370,0 fw Controll.static LEKCBKLAILO         68.0658 -> 68.1158
68370,0 fw Controll.static OFJKHAFJIMA          0.0078 -> 0.0039
68370,1 fw PLH.static      ADJMBEDDHLB         68.0904 -> 68.1003
68378,0 fw PLH.static      ADJMBEDDHLB         68.1003 -> 68.1072
68378,0 fw PLH.static      CFIMEAFDJFM          63.904 -> 63.9256
68386,8 fw Controll.static GIPNIMALPEG          0.1856 -> 0.1599
68386,8 fw PLH.static      ADJMBEDDHLB         68.1072 -> 68.1151
68386,8 fw PLH.static      CFIMEAFDJFM         63.9256 -> 63.934
68393,1 fw PLH.static      ADJMBEDDHLB         68.1151 -> 68.124
68393,1 fw PLH.static      CFIMEAFDJFM          63.934 -> 63.9423
68401,2 fw PLH.static      ADJMBEDDHLB          68.124 -> 68.1302
68409,4 fw PLH.static      ADJMBEDDHLB         68.1302 -> 68.1383
68409,4 fw PLH.static      CFIMEAFDJFM         63.9423 -> 63.9572
68415,5 fw Controll.static MKFDGFOCKNO         68.0658 -> 68.1158
68415,5 fw Controll.static LEKCBKLAILO         68.1158 -> 68.1658
68415,5 fw Controll.static OFJKHAFJIMA          0.0039 -> 0.0078
68415,5 fw PLH.static      ADJMBEDDHLB         68.1383 -> 68.1466
68415,5 fw PLH.static      CFIMEAFDJFM         63.9572 -> 63.965
68423,8 fw PLH.static      ADJMBEDDHLB         68.1466 -> 68.1527
68423,8 fw PLH.static      CFIMEAFDJFM          63.965 -> 63.9716
68432,0 fw Controll.static GIPNIMALPEG          0.1599 -> 0.0637
68432,0 fw PLH.static      ADJMBEDDHLB         68.1527 -> 68.1609
68432,0 fw PLH.static      CFIMEAFDJFM         63.9716 -> 63.9798
68437,5 fw PLH.static      ADJMBEDDHLB         68.1609 -> 68.1692
68437,5 fw PLH.static      CFIMEAFDJFM         63.9798 -> 63.9875
68446,8 fw PLH.static      ADJMBEDDHLB         68.1692 -> 68.1746
68446,8 fw PLH.static      CFIMEAFDJFM         63.9875 -> 63.9935
68452,9 fw PLH.static      ADJMBEDDHLB         68.1746 -> 68.1839
68452,9 fw PLH.static      CFIMEAFDJFM         63.9935 -> 64.0021
68462,0 fw Controll.static MKFDGFOCKNO         68.1158 -> 68.1658
68462,0 fw Controll.static LEKCBKLAILO         68.1658 -> 68.2158
68462,0 fw Controll.static OFJKHAFJIMA          0.0078 -> 0.003
68462,0 fw PLH.static      ADJMBEDDHLB         68.1839 -> 68.19
68462,0 fw PLH.static      CFIMEAFDJFM         64.0021 -> 64.0089
68468,9 fw PLH.static      ADJMBEDDHLB           68.19 -> 68.1992
68477,6 fw Controll.static GIPNIMALPEG          0.0637 -> 0.9767
68477,7 fw PLH.static      ADJMBEDDHLB         68.1992 -> 68.206
68477,7 fw PLH.static      CFIMEAFDJFM         64.0089 -> 64.0245
68485,6 fw PLH.static      ADJMBEDDHLB          68.206 -> 68.2148
68485,6 fw PLH.static      CFIMEAFDJFM         64.0245 -> 64.0337
68491,2 fw PLH.static      ADJMBEDDHLB         68.2148 -> 68.2228
68491,2 fw PLH.static      CFIMEAFDJFM         64.0337 -> 64.0411
68500,1 fw PLH.static      ADJMBEDDHLB         68.2228 -> 68.2284
68500,1 fw PLH.static      CFIMEAFDJFM         64.0411 -> 64.0473
68507,9 fw Controll.static MKFDGFOCKNO         68.1658 -> 68.2158
68507,9 fw Controll.static LEKCBKLAILO         68.2158 -> 68.2658
68507,9 fw Controll.static OFJKHAFJIMA           0.003 -> 0.0066
68507,9 fw PLH.static      ADJMBEDDHLB         68.2284 -> 68.2373
68507,9 fw PLH.static      CFIMEAFDJFM         64.0473 -> 64.0562
68514,7 fw PLH.static      ADJMBEDDHLB         68.2373 -> 68.245
68514,7 fw PLH.static      CFIMEAFDJFM         64.0562 -> 64.0636
68522,2 fw Controll.static GIPNIMALPEG          0.9767 -> 0.8679
68522,3 fw PLH.static      ADJMBEDDHLB          68.245 -> 68.2519
68530,3 fw PLH.static      ADJMBEDDHLB         68.2519 -> 68.2594
68537,1 fw PLH.static      ADJMBEDDHLB         68.2594 -> 68.2674
68537,1 fw PLH.static      CFIMEAFDJFM         64.0636 -> 64.0858
68545,6 fw PLH.static      ADJMBEDDHLB         68.2674 -> 68.2743
68545,6 fw PLH.static      CFIMEAFDJFM         64.0858 -> 64.0931
68552,0 fw Controll.static MKFDGFOCKNO         68.2158 -> 68.2658
68552,0 fw Controll.static LEKCBKLAILO         68.2658 -> 68.3158
68552,1 fw Controll.static OFJKHAFJIMA          0.0066 -> 0.0013
68552,1 fw PLH.static      ADJMBEDDHLB         68.2743 -> 68.2827
68552,1 fw PLH.static      CFIMEAFDJFM         64.0931 -> 64.1011
68560,5 fw PLH.static      ADJMBEDDHLB         68.2827 -> 68.2892
68560,5 fw PLH.static      CFIMEAFDJFM         64.1011 -> 64.1081
68567,5 fw PLH.static      ADJMBEDDHLB         68.2892 -> 68.2976
68575,8 fw Controll.static GIPNIMALPEG          0.8679 -> 0.9403
68575,9 fw PLH.static      ADJMBEDDHLB         68.2976 -> 68.3046
68575,9 fw PLH.static      CFIMEAFDJFM         64.1081 -> 64.123
68582,6 fw PLH.static      ADJMBEDDHLB         68.3046 -> 68.313
68582,6 fw PLH.static      CFIMEAFDJFM          64.123 -> 64.1318
68591,1 fw PLH.static      ADJMBEDDHLB          68.313 -> 68.3197
68591,1 fw PLH.static      CFIMEAFDJFM         64.1318 -> 64.1384
68598,6 fw Controll.static MKFDGFOCKNO         68.2658 -> 68.3158
68598,6 fw Controll.static LEKCBKLAILO         68.3158 -> 68.3658
68598,6 fw PLH.static      ADJMBEDDHLB         68.3197 -> 68.3283
68598,6 fw PLH.static      CFIMEAFDJFM         64.1384 -> 64.1467
68605,3 fw Controll.static OFJKHAFJIMA          0.0013 -> 0.0036
68605,4 fw PLH.static      ADJMBEDDHLB         68.3283 -> 68.3357
68605,4 fw PLH.static      CFIMEAFDJFM         64.1467 -> 64.1546
68613,1 fw PLH.static      ADJMBEDDHLB         68.3357 -> 68.3426
68620,4 # net: TcpClient.Connected = True
68620,4 fw Controll.static GIPNIMALPEG          0.9403 -> 0.8305
68620,4 fw PLH.static      ADJMBEDDHLB         68.3426 -> 68.3502
68620,4 fw PLH.static      CFIMEAFDJFM         64.1546 -> 64.1692
68628,3 fw PLH.static      ADJMBEDDHLB         68.3502 -> 68.3576
68634,2 fw PLH.static      ADJMBEDDHLB         68.3576 -> 68.3654
68634,2 fw PLH.static      CFIMEAFDJFM         64.1692 -> 64.1839
68642,6 fw PLH.static      ADJMBEDDHLB         68.3654 -> 68.3713
68650,4 fw Controll.static MKFDGFOCKNO         68.3158 -> 68.3658
68650,4 fw Controll.static LEKCBKLAILO         68.3658 -> 68.4158
68650,4 fw Controll.static OFJKHAFJIMA          0.0036 -> 0.0052
68650,4 fw PLH.static      ADJMBEDDHLB         68.3713 -> 68.3798
68650,4 fw PLH.static      CFIMEAFDJFM         64.1839 -> 64.1987
68657,1 fw PLH.static      ADJMBEDDHLB         68.3798 -> 68.3876
68657,1 fw PLH.static      CFIMEAFDJFM         64.1987 -> 64.206
68665,4 fw Controll.static GIPNIMALPEG          0.8305 -> 0.731
68665,4 fw PLH.static      ADJMBEDDHLB         68.3876 -> 68.3943
68672,6 fw PLH.static      ADJMBEDDHLB         68.3943 -> 68.4026
68672,6 fw PLH.static      CFIMEAFDJFM          64.206 -> 64.221
68680,9 fw PLH.static      ADJMBEDDHLB         68.4026 -> 68.4098
68690,5 fw PLH.static      ADJMBEDDHLB         68.4098 -> 68.4181
68690,5 fw PLH.static      CFIMEAFDJFM          64.221 -> 64.2365
68696,9 fw Controll.static MKFDGFOCKNO         68.3658 -> 68.4158
68696,9 fw Controll.static LEKCBKLAILO         68.4158 -> 68.4658
68696,9 fw Controll.static OFJKHAFJIMA          0.0052 -> 0.0018
68697,0 fw PLH.static      ADJMBEDDHLB         68.4181 -> 68.4276
68697,0 fw PLH.static      CFIMEAFDJFM         64.2365 -> 64.2459
68706,5 fw PLH.static      ADJMBEDDHLB         68.4276 -> 68.4341
68711,4 fw Controll.static GIPNIMALPEG           0.731 -> 0.6513
68711,4 fw PLH.static      ADJMBEDDHLB         68.4341 -> 68.4436
68711,4 fw PLH.static      CFIMEAFDJFM         64.2459 -> 64.2621
68720,3 fw PLH.static      ADJMBEDDHLB         68.4436 -> 68.4486
68728,3 fw PLH.static      ADJMBEDDHLB         68.4486 -> 68.4575
68735,0 fw PLH.static      ADJMBEDDHLB         68.4575 -> 68.4655
68743,2 fw Controll.static MKFDGFOCKNO         68.4158 -> 68.4658
68743,2 fw Controll.static LEKCBKLAILO         68.4658 -> 68.5158
68743,2 fw Controll.static OFJKHAFJIMA          0.0018 -> 0.006
68743,3 fw PLH.static      ADJMBEDDHLB         68.4655 -> 68.4721
68743,3 fw PLH.static      CFIMEAFDJFM         64.2621 -> 64.2909
68751,0 fw PLH.static      ADJMBEDDHLB         68.4721 -> 68.4805
68751,0 fw PLH.static      CFIMEAFDJFM         64.2909 -> 64.2992
68757,0 fw Controll.static GIPNIMALPEG          0.6513 -> 0.5628
68757,0 fw PLH.static      ADJMBEDDHLB         68.4805 -> 68.4881
68757,0 fw PLH.static      CFIMEAFDJFM         64.2992 -> 64.3063
68765,9 fw PLH.static      ADJMBEDDHLB         68.4881 -> 68.4941
68772,8 fw PLH.static      ADJMBEDDHLB         68.4941 -> 68.503
68772,8 fw PLH.static      CFIMEAFDJFM         64.3063 -> 64.3213
68780,2 fw PLH.static      ADJMBEDDHLB          68.503 -> 68.51
68780,2 fw PLH.static      CFIMEAFDJFM         64.3213 -> 64.3289
68787,3 fw Controll.static MKFDGFOCKNO         68.4658 -> 68.5158
68787,3 fw Controll.static LEKCBKLAILO         68.5158 -> 68.5658
68787,3 fw Controll.static OFJKHAFJIMA           0.006 -> 0.0012
68787,4 fw PLH.static      ADJMBEDDHLB           68.51 -> 68.5174
68787,4 fw PLH.static      CFIMEAFDJFM         64.3289 -> 64.3361
68794,9 fw PLH.static      ADJMBEDDHLB         68.5174 -> 68.5245
68802,1 fw Controll.static GIPNIMALPEG          0.5628 -> 0.4658
68802,2 fw PLH.static      ADJMBEDDHLB         68.5245 -> 68.532
68802,2 fw PLH.static      CFIMEAFDJFM         64.3361 -> 64.351
68809,5 fw PLH.static      ADJMBEDDHLB          68.532 -> 68.5393
68816,7 fw PLH.static      ADJMBEDDHLB         68.5393 -> 68.5467
68816,7 fw PLH.static      CFIMEAFDJFM          64.351 -> 64.3648
68825,2 fw PLH.static      ADJMBEDDHLB         68.5467 -> 68.5538
68825,2 fw PLH.static      CFIMEAFDJFM         64.3648 -> 64.3727
68831,1 fw Controll.static MKFDGFOCKNO         68.5158 -> 68.5658
68831,1 fw Controll.static LEKCBKLAILO         68.5658 -> 68.6158
68831,1 fw Controll.static OFJKHAFJIMA          0.0012 -> 0.0021
68831,2 fw PLH.static      ADJMBEDDHLB         68.5538 -> 68.5624
68831,2 fw PLH.static      CFIMEAFDJFM         64.3727 -> 64.3806
68842,8 fw PLH.static      ADJMBEDDHLB         68.5624 -> 68.5683
68842,8 fw PLH.static      CFIMEAFDJFM         64.3806 -> 64.387
68848,2 fw PLH.static      ADJMBEDDHLB         68.5683 -> 68.5799
68848,2 fw PLH.static      CFIMEAFDJFM          64.387 -> 64.3988
68858,6 fw Controll.static GIPNIMALPEG          0.4658 -> 0.5944
68858,6 fw PLH.static      ADJMBEDDHLB         68.5799 -> 68.5853
68866,3 fw PLH.static      ADJMBEDDHLB         68.5853 -> 68.5958
68866,3 fw PLH.static      CFIMEAFDJFM         64.3988 -> 64.4147
68874,2 fw PLH.static      ADJMBEDDHLB         68.5958 -> 68.6034
68880,9 fw Controll.static MKFDGFOCKNO         68.5658 -> 68.6158
68880,9 fw Controll.static LEKCBKLAILO         68.6158 -> 68.6658
68880,9 fw PLH.static      ADJMBEDDHLB         68.6034 -> 68.6113
68880,9 fw PLH.static      CFIMEAFDJFM         64.4147 -> 64.4302
68890,0 fw Controll.static OFJKHAFJIMA          0.0021 -> 0.0018
68890,0 fw PLH.static      ADJMBEDDHLB         68.6113 -> 68.6181
68890,0 fw PLH.static      CFIMEAFDJFM         64.4302 -> 64.4366
68896,8 fw PLH.static      ADJMBEDDHLB         68.6181 -> 68.6272
68896,8 fw PLH.static      CFIMEAFDJFM         64.4366 -> 64.4454
68905,2 fw Controll.static GIPNIMALPEG          0.5944 -> 0.5261
68905,2 fw PLH.static      ADJMBEDDHLB         68.6272 -> 68.6339
68905,2 fw PLH.static      CFIMEAFDJFM         64.4454 -> 64.4528
68910,5 fw PLH.static      ADJMBEDDHLB         68.6339 -> 68.6423
68910,5 fw PLH.static      CFIMEAFDJFM         64.4528 -> 64.4605
68919,7 fw PLH.static      ADJMBEDDHLB         68.6423 -> 68.6477
68927,4 fw PLH.static      ADJMBEDDHLB         68.6477 -> 68.6568
68934,1 fw Controll.static MKFDGFOCKNO         68.6158 -> 68.6659
68934,1 fw Controll.static LEKCBKLAILO         68.6658 -> 68.7159
68934,1 fw Controll.static OFJKHAFJIMA          0.0018 -> 0.0048
68934,2 fw PLH.static      ADJMBEDDHLB         68.6568 -> 68.6645
68934,2 fw PLH.static      CFIMEAFDJFM         64.4605 -> 64.4828
68942,1 fw PLH.static      ADJMBEDDHLB         68.6645 -> 68.6713
68942,1 fw PLH.static      CFIMEAFDJFM         64.4828 -> 64.4897
68949,2 fw Controll.static GIPNIMALPEG          0.5261 -> 0.4057
68949,3 fw PLH.static      ADJMBEDDHLB         68.6713 -> 68.6792
68949,3 fw PLH.static      CFIMEAFDJFM         64.4897 -> 64.498
68958,8 fw PLH.static      ADJMBEDDHLB         68.6792 -> 68.6864
68964,9 fw PLH.static      ADJMBEDDHLB         68.6864 -> 68.6959
68964,9 fw PLH.static      CFIMEAFDJFM          64.498 -> 64.5148
68973,6 fw PLH.static      ADJMBEDDHLB         68.6959 -> 68.702
68980,5 fw Controll.static MKFDGFOCKNO         68.6659 -> 68.7159
68980,5 fw Controll.static LEKCBKLAILO         68.7159 -> 68.7659
68980,5 fw Controll.static OFJKHAFJIMA          0.0048 -> 0.0014
68980,6 fw PLH.static      ADJMBEDDHLB          68.702 -> 68.7108
68980,6 fw PLH.static      CFIMEAFDJFM         64.5148 -> 64.5296
68988,8 fw PLH.static      ADJMBEDDHLB         68.7108 -> 68.7177
68988,8 fw PLH.static      CFIMEAFDJFM         64.5296 -> 64.5363
68995,6 fw Controll.static GIPNIMALPEG          0.4057 -> 0.335
68995,7 fw PLH.static      ADJMBEDDHLB         68.7177 -> 68.7259
68995,7 fw PLH.static      CFIMEAFDJFM         64.5363 -> 64.5442
69002,9 fw PLH.static      ADJMBEDDHLB         68.7259 -> 68.7328
69010,8 fw PLH.static      ADJMBEDDHLB         68.7328 -> 68.7401
69010,8 fw PLH.static      CFIMEAFDJFM         64.5442 -> 64.559
69017,3 fw PLH.static      ADJMBEDDHLB         68.7401 -> 68.7479
69017,3 fw PLH.static      CFIMEAFDJFM          64.559 -> 64.566
69027,7 fw PLH.static      ADJMBEDDHLB         68.7479 -> 68.7544
69032,5 fw PLH.static      ADJMBEDDHLB         68.7544 -> 68.7648
69042,0 fw Controll.static GIPNIMALPEG           0.335 -> 0.2619
69042,1 fw PLH.static      ADJMBEDDHLB         68.7648 -> 68.7696
69050,3 fw PLH.static      ADJMBEDDHLB         68.7696 -> 68.7792
69050,3 fw PLH.static      CFIMEAFDJFM          64.566 -> 64.5979
69058,1 fw PLH.static      ADJMBEDDHLB         68.7792 -> 68.7875
69058,1 fw PLH.static      CFIMEAFDJFM         64.5979 -> 64.6057
69065,4 fw PLH.static      ADJMBEDDHLB         68.7875 -> 68.7953
69065,4 fw PLH.static      CFIMEAFDJFM         64.6057 -> 64.6141
69074,7 fw Controll.static MKFDGFOCKNO         68.7159 -> 68.7659
69074,7 fw Controll.static LEKCBKLAILO         68.7659 -> 68.8159
69074,7 fw Controll.static OFJKHAFJIMA          0.0014 -> 0.0034
69074,7 fw PLH.static      ADJMBEDDHLB         68.7953 -> 68.8025
69074,7 fw PLH.static      CFIMEAFDJFM         64.6141 -> 64.6207
69080,4 fw PLH.static      ADJMBEDDHLB         68.8025 -> 68.8119
69089,7 fw Controll.static GIPNIMALPEG          0.2619 -> 0.2149
69089,7 fw PLH.static      ADJMBEDDHLB         68.8119 -> 68.8175
69089,7 fw PLH.static      CFIMEAFDJFM         64.6207 -> 64.6363
69096,4 fw PLH.static      ADJMBEDDHLB         68.8175 -> 68.8268
69096,4 fw PLH.static      CFIMEAFDJFM         64.6363 -> 64.645
69105,5 fw PLH.static      ADJMBEDDHLB         68.8268 -> 68.8336
69105,5 fw PLH.static      CFIMEAFDJFM          64.645 -> 64.6523
69111,1 fw PLH.static      ADJMBEDDHLB         68.8336 -> 68.8428
69111,1 fw PLH.static      CFIMEAFDJFM         64.6523 -> 64.6607
69120,9 fw Controll.static MKFDGFOCKNO         68.7659 -> 68.8159
69120,9 fw Controll.static LEKCBKLAILO         68.8159 -> 68.8659
69120,9 fw Controll.static OFJKHAFJIMA          0.0034 -> 0.0013
69121,0 fw PLH.static      ADJMBEDDHLB         68.8428 -> 68.8482
69128,8 fw PLH.static      ADJMBEDDHLB         68.8482 -> 68.8581
69128,8 fw PLH.static      CFIMEAFDJFM         64.6607 -> 64.677
69134,9 fw PLH.static      ADJMBEDDHLB         68.8581 -> 68.866
69143,4 fw Controll.static GIPNIMALPEG          0.2149 -> 0.2911
69143,5 fw PLH.static      ADJMBEDDHLB          68.866 -> 68.8721
69143,5 fw PLH.static      CFIMEAFDJFM          64.677 -> 64.6907
69151,2 fw PLH.static      ADJMBEDDHLB         68.8721 -> 68.8806
69151,2 fw PLH.static      CFIMEAFDJFM         64.6907 -> 64.6996
69156,7 fw PLH.static      ADJMBEDDHLB         68.8806 -> 68.8884
69156,7 fw PLH.static      CFIMEAFDJFM         64.6996 -> 64.7066
69166,2 fw Controll.static MKFDGFOCKNO         68.8159 -> 68.8659
69166,2 fw Controll.static LEKCBKLAILO         68.8659 -> 68.9159
69166,2 fw PLH.static      ADJMBEDDHLB         68.8884 -> 68.8938
69166,2 fw PLH.static      CFIMEAFDJFM         64.7066 -> 64.7128
69172,0 fw Controll.static OFJKHAFJIMA          0.0013 -> 0.0058
69172,0 fw PLH.static      ADJMBEDDHLB         68.8938 -> 68.9033
69172,0 fw PLH.static      CFIMEAFDJFM         64.7128 -> 64.7216
69181,0 fw PLH.static      ADJMBEDDHLB         68.9033 -> 68.9091
69188,7 fw Controll.static GIPNIMALPEG          0.2911 -> 0.1943
69188,7 fw PLH.static      ADJMBEDDHLB         68.9091 -> 68.9181
69188,7 fw PLH.static      CFIMEAFDJFM         64.7216 -> 64.7368
69195,6 fw PLH.static      ADJMBEDDHLB         68.9181 -> 68.9258
69195,6 fw PLH.static      CFIMEAFDJFM         64.7368 -> 64.744
69203,3 fw PLH.static      ADJMBEDDHLB         68.9258 -> 68.9328
69203,3 fw PLH.static      CFIMEAFDJFM          64.744 -> 64.7517
69213,4 fw PLH.static      ADJMBEDDHLB         68.9328 -> 68.9404
69213,4 fw PLH.static      CFIMEAFDJFM         64.7517 -> 64.7593
69218,1 fw Controll.static MKFDGFOCKNO         68.8659 -> 68.9159
69218,1 fw Controll.static LEKCBKLAILO         68.9159 -> 68.9659
69218,1 fw Controll.static OFJKHAFJIMA          0.0058 -> 0.0019
69218,2 fw PLH.static      ADJMBEDDHLB         68.9404 -> 68.9505
69228,5 fw PLH.static      ADJMBEDDHLB         68.9505 -> 68.9553
69228,5 fw PLH.static      CFIMEAFDJFM         64.7593 -> 64.7742
69235,0 fw Controll.static GIPNIMALPEG          0.1943 -> 0.1208
69235,0 fw PLH.static      ADJMBEDDHLB         68.9553 -> 68.9657
69235,0 fw PLH.static      CFIMEAFDJFM         64.7742 -> 64.7837
69245,9 fw PLH.static      ADJMBEDDHLB         68.9657 -> 68.9721
69245,9 fw PLH.static      CFIMEAFDJFM         64.7837 -> 64.7906
69250,6 fw PLH.static      ADJMBEDDHLB         68.9721 -> 68.9831
69250,6 fw PLH.static      CFIMEAFDJFM         64.7906 -> 64.8013
69260,9 fw PLH.static      ADJMBEDDHLB         68.9831 -> 68.9877
69268,3 fw Controll.static MKFDGFOCKNO         68.9159 -> 68.9659
69268,3 fw Controll.static LEKCBKLAILO         68.9659 -> 69.0159
69268,3 fw Controll.static OFJKHAFJIMA          0.0019 -> 0.0058
69268,3 fw PLH.static      ADJMBEDDHLB         68.9877 -> 68.998
69275,9 fw PLH.static      ADJMBEDDHLB          68.998 -> 69.0055
69275,9 fw PLH.static      CFIMEAFDJFM         64.8013 -> 64.8237
69283,1 fw Controll.static GIPNIMALPEG          0.1208 -> 0.0828
69283,1 fw PLH.static      ADJMBEDDHLB         69.0055 -> 69.0131
69283,1 fw PLH.static      CFIMEAFDJFM         64.8237 -> 64.832
69291,2 fw PLH.static      ADJMBEDDHLB         69.0131 -> 69.0202
69291,2 fw PLH.static      CFIMEAFDJFM          64.832 -> 64.839
69297,1 fw Controll.static DGNDKAKOEPD         2410937 -> 2411942
69297,1 fw Controll.static BEJBLGGGOCC       339990262 -> 339991272
69297,1 fw Controll.static JELGPAKAJPE             106 -> 112
69297,1 fw Controll.static EENJPDHGGGC          68.024 -> 69.029
69297,2 fw PLH.static      ADJMBEDDHLB         69.0202 -> 69.029
69297,2 fw PLH.static      CFIMEAFDJFM          64.839 -> 64.8466
69307,2 fw PLH.static      ADJMBEDDHLB          69.029 -> 69.0343
69307,2 fw PLH.static      CFIMEAFDJFM         64.8466 -> 64.8532
69312,6 fw Controll.static MKFDGFOCKNO         68.9659 -> 69.0159
69312,7 fw Controll.static LEKCBKLAILO         69.0159 -> 69.0659
69312,7 fw Controll.static OFJKHAFJIMA          0.0058 -> 0.004
69312,7 fw PLH.static      ADJMBEDDHLB         69.0343 -> 69.0443
69312,7 fw PLH.static      CFIMEAFDJFM         64.8532 -> 64.8627
69321,8 fw PLH.static      ADJMBEDDHLB         69.0443 -> 69.0498
69329,6 fw Controll.static GIPNIMALPEG          0.0828 -> 0.0134
69329,6 fw PLH.static      ADJMBEDDHLB         69.0498 -> 69.0589
69335,7 fw PLH.static      ADJMBEDDHLB         69.0589 -> 69.0668
69335,7 fw PLH.static      CFIMEAFDJFM         64.8627 -> 64.885
69344,8 fw PLH.static      ADJMBEDDHLB         69.0668 -> 69.0728
69344,8 fw PLH.static      CFIMEAFDJFM          64.885 -> 64.8917
69350,8 fw PLH.static      ADJMBEDDHLB         69.0728 -> 69.0819
69350,8 fw PLH.static      CFIMEAFDJFM         64.8917 -> 64.9004
69359,4 fw Controll.static MKFDGFOCKNO         69.0159 -> 69.0659
69359,4 fw Controll.static LEKCBKLAILO         69.0659 -> 69.1159
69359,4 fw Controll.static OFJKHAFJIMA           0.004 -> 0.0005
69359,5 fw PLH.static      ADJMBEDDHLB         69.0819 -> 69.0879
69366,9 fw PLH.static      ADJMBEDDHLB         69.0879 -> 69.0966
69366,9 fw PLH.static      CFIMEAFDJFM         64.9004 -> 64.9155
69373,9 fw Controll.static GIPNIMALPEG          0.0134 -> 0.8997
69374,0 fw PLH.static      ADJMBEDDHLB         69.0966 -> 69.104
69383,2 fw PLH.static      ADJMBEDDHLB          69.104 -> 69.1112
69383,2 fw PLH.static      CFIMEAFDJFM         64.9155 -> 64.9298
69389,9 fw PLH.static      ADJMBEDDHLB         69.1112 -> 69.1203
69389,9 fw PLH.static      CFIMEAFDJFM         64.9298 -> 64.939
69399,2 fw PLH.static      ADJMBEDDHLB         69.1203 -> 69.1271
69399,2 fw PLH.static      CFIMEAFDJFM          64.939 -> 64.9452
69405,3 fw Controll.static MKFDGFOCKNO         69.0659 -> 69.1159
69405,3 fw Controll.static LEKCBKLAILO         69.1159 -> 69.1659
69405,3 fw Controll.static OFJKHAFJIMA          0.0005 -> 0.0041
69405,3 fw PLH.static      ADJMBEDDHLB         69.1271 -> 69.1363
69405,3 fw PLH.static      CFIMEAFDJFM         64.9452 -> 64.9552
69415,2 fw PLH.static      ADJMBEDDHLB         69.1363 -> 69.1424
69420,9 fw PLH.static      ADJMBEDDHLB         69.1424 -> 69.1524
69420,9 fw PLH.static      CFIMEAFDJFM         64.9552 -> 64.9712
69430,7 fw Controll.static GIPNIMALPEG          0.8997 -> 0.0343
69430,7 fw PLH.static      ADJMBEDDHLB         69.1524 -> 69.1581
69430,7 fw PLH.static      CFIMEAFDJFM         64.9712 -> 64.9768
69436,0 fw PLH.static      ADJMBEDDHLB         69.1581 -> 69.1678
69436,0 fw PLH.static      CFIMEAFDJFM         64.9768 -> 64.9861
69446,3 fw PLH.static      ADJMBEDDHLB         69.1678 -> 69.1731
69446,3 fw PLH.static      CFIMEAFDJFM         64.9861 -> 64.992
69452,0 fw Controll.static MKFDGFOCKNO         69.1159 -> 69.1659
69452,0 fw Controll.static LEKCBKLAILO         69.1659 -> 69.2159
69452,1 fw PLH.static      ADJMBEDDHLB         69.1731 -> 69.1835
69452,1 fw PLH.static      CFIMEAFDJFM          64.992 -> 65.0019
69460,7 fw Controll.static OFJKHAFJIMA          0.0041 -> 0.0015
69460,7 fw PLH.static      ADJMBEDDHLB         69.1835 -> 69.1892
69468,6 fw PLH.static      ADJMBEDDHLB         69.1892 -> 69.1979
69474,8 fw Controll.static GIPNIMALPEG          0.0343 -> 0.9176
69474,9 fw PLH.static      ADJMBEDDHLB         69.1979 -> 69.2058
69474,9 fw PLH.static      CFIMEAFDJFM         65.0019 -> 65.0242
69483,7 fw PLH.static      ADJMBEDDHLB         69.2058 -> 69.212
69490,6 fw PLH.static      ADJMBEDDHLB          69.212 -> 69.2209
69498,5 fw PLH.static      ADJMBEDDHLB         69.2209 -> 69.2277
69498,5 fw PLH.static      CFIMEAFDJFM         65.0242 -> 65.0461
69505,7 fw Controll.static MKFDGFOCKNO         69.1659 -> 69.2159
69505,7 fw Controll.static LEKCBKLAILO         69.2159 -> 69.2659
69505,7 fw Controll.static OFJKHAFJIMA          0.0015 -> 0.0046
69505,8 fw PLH.static      ADJMBEDDHLB         69.2277 -> 69.2356
69505,8 fw PLH.static      CFIMEAFDJFM         65.0461 -> 65.0545
69513,6 fw PLH.static      ADJMBEDDHLB         69.2356 -> 69.2429
69513,6 fw PLH.static      CFIMEAFDJFM         65.0545 -> 65.0612
69521,4 fw Controll.static GIPNIMALPEG          0.9176 -> 0.8483
69521,4 fw PLH.static      ADJMBEDDHLB         69.2429 -> 69.2508
69521,4 fw PLH.static      CFIMEAFDJFM         65.0612 -> 65.0696
69529,5 fw PLH.static      ADJMBEDDHLB         69.2508 -> 69.2585
69529,5 fw PLH.static      CFIMEAFDJFM         65.0696 -> 65.0774
69535,8 fw PLH.static      ADJMBEDDHLB         69.2585 -> 69.2666
69544,9 fw PLH.static      ADJMBEDDHLB         69.2666 -> 69.273
69544,9 fw PLH.static      CFIMEAFDJFM         65.0774 -> 65.0918
69550,8 fw Controll.static MKFDGFOCKNO         69.2159 -> 69.2659
69550,8 fw Controll.static LEKCBKLAILO         69.2659 -> 69.3159
69550,8 fw Controll.static OFJKHAFJIMA          0.0046 -> 0.0003
69550,8 fw PLH.static      ADJMBEDDHLB          69.273 -> 69.2821
69550,8 fw PLH.static      CFIMEAFDJFM         65.0918 -> 65.1003
69560,8 fw PLH.static      ADJMBEDDHLB         69.2821 -> 69.2879
69570,2 fw Controll.static GIPNIMALPEG          0.8483 -> 0.8228
69570,3 fw PLH.static      ADJMBEDDHLB         69.2879 -> 69.2979
69576,7 fw PLH.static      ADJMBEDDHLB         69.2979 -> 69.3075
69576,7 fw PLH.static      CFIMEAFDJFM         65.1003 -> 65.1257
69588,9 fw PLH.static      ADJMBEDDHLB         69.3075 -> 69.3138
69594,4 fw PLH.static      ADJMBEDDHLB         69.3138 -> 69.326
69594,4 fw PLH.static      CFIMEAFDJFM         65.1257 -> 65.1443
69603,2 fw Controll.static MKFDGFOCKNO         69.2659 -> 69.3159
69603,2 fw Controll.static LEKCBKLAILO         69.3159 -> 69.366
69603,2 fw Controll.static OFJKHAFJIMA          0.0003 -> 0.0097
69603,3 fw PLH.static      ADJMBEDDHLB          69.326 -> 69.3315
69603,3 fw PLH.static      CFIMEAFDJFM         65.1443 -> 65.1504
69610,5 fw PLH.static      ADJMBEDDHLB         69.3315 -> 69.3404
69617,5 fw Controll.static GIPNIMALPEG          0.8228 -> 0.7716
69617,6 fw PLH.static      ADJMBEDDHLB         69.3404 -> 69.3486
69617,6 fw PLH.static      CFIMEAFDJFM         65.1504 -> 65.166
69627,5 fw PLH.static      ADJMBEDDHLB         69.3486 -> 69.3547
69633,3 fw PLH.static      ADJMBEDDHLB         69.3547 -> 69.3646
69633,3 fw PLH.static      CFIMEAFDJFM          65.166 -> 65.183
69642,9 fw PLH.static      ADJMBEDDHLB         69.3646 -> 69.3704
69650,3 fw Controll.static MKFDGFOCKNO         69.3159 -> 69.366
69650,3 fw Controll.static LEKCBKLAILO          69.366 -> 69.416
69650,3 fw Controll.static OFJKHAFJIMA          0.0097 -> 0.0041
69650,3 fw PLH.static      ADJMBEDDHLB         69.3704 -> 69.38
69650,3 fw PLH.static      CFIMEAFDJFM          65.183 -> 65.1989
69658,7 fw PLH.static      ADJMBEDDHLB           69.38 -> 69.3875
69665,6 fw Controll.static GIPNIMALPEG          0.7716 -> 0.7325
69665,7 fw PLH.static      ADJMBEDDHLB         69.3875 -> 69.3959
69665,7 fw PLH.static      CFIMEAFDJFM         65.1989 -> 65.2147
69673,7 fw PLH.static      ADJMBEDDHLB         69.3959 -> 69.4028
69680,3 fw PLH.static      ADJMBEDDHLB         69.4028 -> 69.4109
69680,3 fw PLH.static      CFIMEAFDJFM         65.2147 -> 65.2298
69690,2 fw PLH.static      ADJMBEDDHLB         69.4109 -> 69.4174
69695,9 fw Controll.static MKFDGFOCKNO          69.366 -> 69.416
69695,9 fw Controll.static LEKCBKLAILO          69.416 -> 69.466
69695,9 fw Controll.static OFJKHAFJIMA          0.0041 -> 0.0011
69696,0 fw PLH.static      ADJMBEDDHLB         69.4174 -> 69.4274
69696,0 fw PLH.static      CFIMEAFDJFM         65.2298 -> 65.2458
69706,0 fw PLH.static      ADJMBEDDHLB         69.4274 -> 69.4338
69711,6 fw PLH.static      ADJMBEDDHLB         69.4338 -> 69.4431
69711,6 fw PLH.static      CFIMEAFDJFM         65.2458 -> 65.2614
69720,6 fw Controll.static GIPNIMALPEG          0.7325 -> 0.8323
69720,6 fw PLH.static      ADJMBEDDHLB         69.4431 -> 69.4487
69728,0 fw PLH.static      ADJMBEDDHLB         69.4487 -> 69.4578
69735,6 fw PLH.static      ADJMBEDDHLB         69.4578 -> 69.4652
69735,6 fw PLH.static      CFIMEAFDJFM         65.2614 -> 65.2836
69742,3 fw Controll.static MKFDGFOCKNO          69.416 -> 69.466
69742,3 fw Controll.static LEKCBKLAILO          69.466 -> 69.516
69742,3 fw PLH.static      ADJMBEDDHLB         69.4652 -> 69.4727
69751,1 fw Controll.static OFJKHAFJIMA          0.0011 -> 0.0064
69751,2 fw PLH.static      ADJMBEDDHLB         69.4727 -> 69.4794
69751,2 fw PLH.static      CFIMEAFDJFM         65.2836 -> 65.2983
69757,3 fw PLH.static      ADJMBEDDHLB         69.4794 -> 69.4883
69769,0 fw Controll.static GIPNIMALPEG          0.8323 -> 0.7997
69769,0 fw PLH.static      ADJMBEDDHLB         69.4883 -> 69.4944
69769,0 fw PLH.static      CFIMEAFDJFM         65.2983 -> 65.3129
69774,7 fw PLH.static      ADJMBEDDHLB         69.4944 -> 69.5062
69774,7 fw PLH.static      CFIMEAFDJFM         65.3129 -> 65.3244
69785,7 fw PLH.static      ADJMBEDDHLB         69.5062 -> 69.5118
69785,7 fw PLH.static      CFIMEAFDJFM         65.3244 -> 65.3307
69791,4 fw PLH.static      ADJMBEDDHLB         69.5118 -> 69.5228
69791,4 fw PLH.static      CFIMEAFDJFM         65.3307 -> 65.3408
69801,1 fw Controll.static MKFDGFOCKNO          69.466 -> 69.516
69801,1 fw Controll.static LEKCBKLAILO          69.516 -> 69.566
69801,2 fw PLH.static      ADJMBEDDHLB         69.5228 -> 69.5285
69808,8 fw PLH.static      ADJMBEDDHLB         69.5285 -> 69.5383
69815,4 fw Controll.static GIPNIMALPEG          0.7997 -> 0.7282
69815,4 fw PLH.static      ADJMBEDDHLB         69.5383 -> 69.5459
69815,4 fw PLH.static      CFIMEAFDJFM         65.3408 -> 65.3643
69823,6 fw PLH.static      ADJMBEDDHLB         69.5459 -> 69.5526
69823,6 fw PLH.static      CFIMEAFDJFM         65.3643 -> 65.3715
69831,6 fw PLH.static      ADJMBEDDHLB         69.5526 -> 69.5607
69831,6 fw PLH.static      CFIMEAFDJFM         65.3715 -> 65.3796
69837,4 fw PLH.static      ADJMBEDDHLB         69.5607 -> 69.5687
69837,4 fw PLH.static      CFIMEAFDJFM         65.3796 -> 65.3869
69846,5 fw Controll.static MKFDGFOCKNO          69.516 -> 69.566
69846,5 fw Controll.static LEKCBKLAILO          69.566 -> 69.616
69846,5 fw Controll.static OFJKHAFJIMA          0.0064 -> 0.0024
69846,6 fw PLH.static      ADJMBEDDHLB         69.5687 -> 69.5745
69846,6 fw PLH.static      CFIMEAFDJFM         65.3869 -> 65.3934
69852,8 fw PLH.static      ADJMBEDDHLB         69.5745 -> 69.5837
69852,8 fw PLH.static      CFIMEAFDJFM         65.3934 -> 65.4019
69861,6 fw Controll.static GIPNIMALPEG          0.7282 -> 0.6516
69861,6 fw PLH.static      ADJMBEDDHLB         69.5837 -> 69.5899
69869,3 fw PLH.static      ADJMBEDDHLB         69.5899 -> 69.5987
69869,3 fw PLH.static      CFIMEAFDJFM         65.4019 -> 65.4176
69877,0 fw PLH.static      ADJMBEDDHLB         69.5987 -> 69.6065
69883,8 fw PLH.static      ADJMBEDDHLB         69.6065 -> 69.6141
69883,8 fw PLH.static      CFIMEAFDJFM         65.4176 -> 65.433
69892,1 fw Controll.static MKFDGFOCKNO          69.566 -> 69.616
69892,1 fw Controll.static LEKCBKLAILO          69.616 -> 69.666
69892,1 fw Controll.static OFJKHAFJIMA          0.0024 -> 0.0046
69892,2 fw PLH.static      ADJMBEDDHLB         69.6141 -> 69.6209
69892,2 fw PLH.static      CFIMEAFDJFM          65.433 -> 65.4397
69898,9 fw PLH.static      ADJMBEDDHLB         69.6209 -> 69.6293
69908,1 fw Controll.static GIPNIMALPEG          0.6516 -> 0.5824
69908,2 fw PLH.static      ADJMBEDDHLB         69.6293 -> 69.636
69908,2 fw PLH.static      CFIMEAFDJFM         65.4397 -> 65.4548
69913,6 fw PLH.static      ADJMBEDDHLB          69.636 -> 69.6454
69913,6 fw PLH.static      CFIMEAFDJFM         65.4548 -> 65.4634
69923,5 fw PLH.static      ADJMBEDDHLB         69.6454 -> 69.6507
69931,8 fw PLH.static      ADJMBEDDHLB         69.6507 -> 69.6606
69937,2 fw Controll.static MKFDGFOCKNO          69.616 -> 69.666
69937,2 fw Controll.static LEKCBKLAILO          69.666 -> 69.716
69937,2 fw Controll.static OFJKHAFJIMA          0.0046 -> 0.0026
69937,2 fw PLH.static      ADJMBEDDHLB         69.6606 -> 69.6689
69937,2 fw PLH.static      CFIMEAFDJFM         65.4634 -> 65.4871
69946,6 fw PLH.static      ADJMBEDDHLB         69.6689 -> 69.6744
69946,6 fw PLH.static      CFIMEAFDJFM         65.4871 -> 65.4933
69953,2 fw Controll.static GIPNIMALPEG          0.5824 -> 0.4838
69953,2 fw PLH.static      ADJMBEDDHLB         69.6744 -> 69.6837
69961,4 fw PLH.static      ADJMBEDDHLB         69.6837 -> 69.6903
69961,4 fw PLH.static      CFIMEAFDJFM         65.4933 -> 65.5093
69968,7 fw PLH.static      ADJMBEDDHLB         69.6903 -> 69.6986
69976,6 fw PLH.static      ADJMBEDDHLB         69.6986 -> 69.7059
69976,6 fw PLH.static      CFIMEAFDJFM         65.5093 -> 65.5242
69983,8 fw Controll.static MKFDGFOCKNO          69.666 -> 69.716
69983,9 fw Controll.static LEKCBKLAILO          69.716 -> 69.766
69983,9 fw Controll.static OFJKHAFJIMA          0.0026 -> 0.0046
69983,9 fw PLH.static      ADJMBEDDHLB         69.7059 -> 69.7138
69983,9 fw PLH.static      CFIMEAFDJFM         65.5242 -> 65.5326
69991,1 fw PLH.static      ADJMBEDDHLB         69.7138 -> 69.721
69991,1 fw PLH.static      CFIMEAFDJFM         65.5326 -> 65.5397
69999,1 fw PLH.static      ADJMBEDDHLB          69.721 -> 69.7282
69999,1 fw PLH.static      CFIMEAFDJFM         65.5397 -> 65.5467
70005,9 fw Controll.static GIPNIMALPEG          0.4838 -> 0.5387
70006,0 fw PLH.static      ADJMBEDDHLB         69.7282 -> 69.7363
70006,0 fw PLH.static      CFIMEAFDJFM         65.5467 -> 65.5552
70013,7 fw PLH.static      ADJMBEDDHLB         69.7363 -> 69.7431
70021,7 fw PLH.static      ADJMBEDDHLB         69.7431 -> 69.7509
70021,7 fw PLH.static      CFIMEAFDJFM         65.5552 -> 65.5698
70028,7 fw PLH.static      ADJMBEDDHLB         69.7509 -> 69.7589
70028,7 fw PLH.static      CFIMEAFDJFM         65.5698 -> 65.5776
70036,2 fw Controll.static OFJKHAFJIMA          0.0046 -> 0.007
70036,2 fw PLH.static      ADJMBEDDHLB         69.7589 -> 69.7658
70044,9 fw PLH.static      ADJMBEDDHLB         69.7658 -> 69.7734
70050,6 fw Controll.static GIPNIMALPEG          0.5387 -> 0.4318
70050,7 fw PLH.static      ADJMBEDDHLB         69.7734 -> 69.7821
70050,7 fw PLH.static      CFIMEAFDJFM         65.5776 -> 65.6005
70059,9 fw PLH.static      ADJMBEDDHLB         69.7821 -> 69.7878
70059,9 fw PLH.static      CFIMEAFDJFM         65.6005 -> 65.6067
70068,2 fw PLH.static      ADJMBEDDHLB         69.7878 -> 69.7971
70074,2 fw PLH.static      ADJMBEDDHLB         69.7971 -> 69.8054
70074,2 fw PLH.static      CFIMEAFDJFM         65.6067 -> 65.6237
70082,8 fw Controll.static MKFDGFOCKNO          69.716 -> 69.816
70082,8 fw Controll.static LEKCBKLAILO          69.766 -> 69.866
70082,8 fw Controll.static OFJKHAFJIMA           0.007 -> 0.0036
70082,8 fw PLH.static      ADJMBEDDHLB         69.8054 -> 69.8113
70082,8 fw PLH.static      CFIMEAFDJFM         65.6237 -> 65.6302
70091,0 fw PLH.static      ADJMBEDDHLB         69.8113 -> 69.8199
70091,0 fw PLH.static      CFIMEAFDJFM         65.6302 -> 65.6387
70096,8 fw Controll.static GIPNIMALPEG          0.4318 -> 0.3562
70096,9 fw PLH.static      ADJMBEDDHLB         69.8199 -> 69.8281
70106,7 fw PLH.static      ADJMBEDDHLB         69.8281 -> 69.834
70106,7 fw PLH.static      CFIMEAFDJFM         65.6387 -> 65.6529
70112,3 fw PLH.static      ADJMBEDDHLB          69.834 -> 69.8438
70112,3 fw HUD.static      GONEFAMEMOJ             165 -> 160
70112,3 fw HUD.static      DIIAFKMNANI         60.6617 -> 65.6529
70120,8 fw PLH.static      ADJMBEDDHLB         69.8438 -> 69.8494
70128,3 fw PLH.static      ADJMBEDDHLB         69.8494 -> 69.8579
70128,3 fw PLH.static      CFIMEAFDJFM         65.6529 -> 65.6768
70136,3 fw PLH.static      ADJMBEDDHLB         69.8579 -> 69.8655
70142,8 fw Controll.static GIPNIMALPEG          0.3562 -> 0.2754
70142,8 fw PLH.static      ADJMBEDDHLB         69.8655 -> 69.8734
70142,8 fw PLH.static      CFIMEAFDJFM         65.6768 -> 65.6921
70151,9 fw PLH.static      ADJMBEDDHLB         69.8734 -> 69.8801
70151,9 fw PLH.static      CFIMEAFDJFM         65.6921 -> 65.6987
70158,9 fw PLH.static      ADJMBEDDHLB         69.8801 -> 69.8891
70158,9 fw PLH.static      CFIMEAFDJFM         65.6987 -> 65.707
70167,5 fw PLH.static      ADJMBEDDHLB         69.8891 -> 69.896
70173,8 fw Controll.static MKFDGFOCKNO          69.816 -> 69.866
70173,8 fw Controll.static LEKCBKLAILO          69.866 -> 69.916
70173,8 fw Controll.static OFJKHAFJIMA          0.0036 -> 0.007
70173,8 fw PLH.static      ADJMBEDDHLB          69.896 -> 69.9047
70173,8 fw PLH.static      CFIMEAFDJFM          65.707 -> 65.7229
70183,2 fw PLH.static      ADJMBEDDHLB         69.9047 -> 69.9109
70183,2 fw PLH.static      CFIMEAFDJFM         65.7229 -> 65.7298
70190,0 fw Controll.static GIPNIMALPEG          0.2754 -> 0.2203
70190,1 fw PLH.static      ADJMBEDDHLB         69.9109 -> 69.9204
70190,1 fw PLH.static      CFIMEAFDJFM         65.7298 -> 65.7388
70199,2 fw PLH.static      ADJMBEDDHLB         69.9204 -> 69.9272
70199,2 fw PLH.static      CFIMEAFDJFM         65.7388 -> 65.7455
70206,9 fw PLH.static      ADJMBEDDHLB         69.9272 -> 69.9363
70214,2 fw PLH.static      ADJMBEDDHLB         69.9363 -> 69.944
70214,2 fw PLH.static      CFIMEAFDJFM         65.7455 -> 65.7621
70221,5 fw Controll.static MKFDGFOCKNO          69.866 -> 69.916
70221,5 fw Controll.static LEKCBKLAILO          69.916 -> 69.966
70221,5 fw Controll.static OFJKHAFJIMA           0.007 -> 0.0038
70221,5 fw PLH.static      ADJMBEDDHLB          69.944 -> 69.9513
70221,5 fw PLH.static      CFIMEAFDJFM         65.7621 -> 65.77
70229,2 fw PLH.static      ADJMBEDDHLB         69.9513 -> 69.9586
70236,2 fw Controll.static GIPNIMALPEG          0.2203 -> 0.1426
70236,2 fw PLH.static      ADJMBEDDHLB         69.9586 -> 69.9664
70236,2 fw PLH.static      CFIMEAFDJFM           65.77 -> 65.7847
70243,9 fw PLH.static      ADJMBEDDHLB         69.9664 -> 69.9733
70250,7 fw PLH.static      ADJMBEDDHLB         69.9733 -> 69.9811
70250,7 fw PLH.static      CFIMEAFDJFM         65.7847 -> 65.7999
70259,0 fw PLH.static      ADJMBEDDHLB         69.9811 -> 69.9878
70266,3 fw Controll.static MKFDGFOCKNO          69.916 -> 69.966
70266,3 fw Controll.static LEKCBKLAILO          69.966 -> 70.016
70266,3 fw Controll.static OFJKHAFJIMA          0.0038 -> 0.0001
70266,3 fw PLH.static      ADJMBEDDHLB         69.9878 -> 69.9962
70266,3 fw PLH.static      CFIMEAFDJFM         65.7999 -> 65.815
70273,5 fw PLH.static      ADJMBEDDHLB         69.9962 -> 70.0034
70284,4 fw PLH.static      ADJMBEDDHLB         70.0034 -> 70.0106
70290,2 fw Controll.static GIPNIMALPEG          0.1426 -> 0.2242
70290,3 fw PLH.static      ADJMBEDDHLB         70.0106 -> 70.0216
70301,0 fw Controll.static DGNDKAKOEPD         2411942 -> 2412940
70301,0 fw Controll.static BEJBLGGGOCC       339991272 -> 339992252
70301,1 fw Controll.static JELGPAKAJPE             112 -> 108
70301,1 fw Controll.static EENJPDHGGGC          69.029 -> 70.0274
70301,1 fw PLH.static      ADJMBEDDHLB         70.0216 -> 70.0274
70301,1 fw PLH.static      CFIMEAFDJFM          65.815 -> 65.8457
70307,6 fw PLH.static      ADJMBEDDHLB         70.0274 -> 70.0382
70316,0 fw Controll.static MKFDGFOCKNO          69.966 -> 70.016
70316,0 fw Controll.static LEKCBKLAILO          70.016 -> 70.066
70316,0 fw PLH.static      ADJMBEDDHLB         70.0382 -> 70.0448
70316,0 fw PLH.static      CFIMEAFDJFM         65.8457 -> 65.8632
70323,2 fw Controll.static OFJKHAFJIMA          0.0001 -> 0.005
70323,2 fw PLH.static      ADJMBEDDHLB         70.0448 -> 70.0532
70323,2 fw PLH.static      CFIMEAFDJFM         65.8632 -> 65.872
70331,1 fw PLH.static      ADJMBEDDHLB         70.0532 -> 70.0604
70331,1 fw PLH.static      CFIMEAFDJFM          65.872 -> 65.8793
70337,9 fw Controll.static GIPNIMALPEG          0.2242 -> 0.178
70338,0 fw PLH.static      ADJMBEDDHLB         70.0604 -> 70.0682
70345,6 fw PLH.static      ADJMBEDDHLB         70.0682 -> 70.0759
70345,6 fw PLH.static      CFIMEAFDJFM         65.8793 -> 65.894
70353,2 fw PLH.static      ADJMBEDDHLB         70.0759 -> 70.0828
70353,2 fw PLH.static      CFIMEAFDJFM          65.894 -> 65.9009
70360,4 fw PLH.static      ADJMBEDDHLB         70.0828 -> 70.0903
70360,4 fw PLH.static      CFIMEAFDJFM         65.9009 -> 65.9092
70369,6 fw Controll.static MKFDGFOCKNO          70.016 -> 70.066
70369,6 fw Controll.static LEKCBKLAILO          70.066 -> 70.116
70369,6 fw Controll.static OFJKHAFJIMA           0.005 -> 0.0018
70369,6 fw PLH.static      ADJMBEDDHLB         70.0903 -> 70.0976
70369,6 fw PLH.static      CFIMEAFDJFM         65.9092 -> 65.9164
70375,1 fw PLH.static      ADJMBEDDHLB         70.0976 -> 70.1068
70385,9 fw Controll.static GIPNIMALPEG           0.178 -> 0.1376
70386,0 fw PLH.static      ADJMBEDDHLB         70.1068 -> 70.1122
70391,7 fw PLH.static      ADJMBEDDHLB         70.1122 -> 70.1231
70391,8 fw PLH.static      CFIMEAFDJFM         65.9164 -> 65.941
70400,5 fw PLH.static      ADJMBEDDHLB         70.1231 -> 70.1289
70400,5 fw PLH.static      CFIMEAFDJFM          65.941 -> 65.9478
70408,1 fw PLH.static      ADJMBEDDHLB         70.1289 -> 70.1376
70408,1 fw PLH.static      CFIMEAFDJFM         65.9478 -> 65.9565
70415,2 fw Controll.static MKFDGFOCKNO          70.066 -> 70.116
70415,2 fw Controll.static LEKCBKLAILO          70.116 -> 70.166
70415,2 fw Controll.static OFJKHAFJIMA          0.0018 -> 0.0067
70415,2 fw PLH.static      ADJMBEDDHLB         70.1376 -> 70.1452
70415,3 fw PLH.static      CFIMEAFDJFM         65.9565 -> 65.9636
70422,7 fw PLH.static      ADJMBEDDHLB         70.1452 -> 70.1524
70430,6 fw Controll.static GIPNIMALPEG          0.1376 -> 0.0302
70430,6 fw PLH.static      ADJMBEDDHLB         70.1524 -> 70.1599
70430,6 fw PLH.static      CFIMEAFDJFM         65.9636 -> 65.9788
70437,3 fw PLH.static      ADJMBEDDHLB         70.1599 -> 70.1677
70437,3 fw PLH.static      CFIMEAFDJFM         65.9788 -> 65.9859
70446,0 fw PLH.static      ADJMBEDDHLB         70.1677 -> 70.1745
70446,0 fw PLH.static      CFIMEAFDJFM         65.9859 -> 65.9933
70451,8 fw PLH.static      ADJMBEDDHLB         70.1745 -> 70.1831
70460,9 fw Controll.static MKFDGFOCKNO          70.116 -> 70.166
70460,9 fw Controll.static LEKCBKLAILO          70.166 -> 70.216
70460,9 fw Controll.static OFJKHAFJIMA          0.0067 -> 0.0013
70460,9 fw PLH.static      ADJMBEDDHLB         70.1831 -> 70.1889
70460,9 fw PLH.static      CFIMEAFDJFM         65.9933 -> 66.0078
70468,5 fw PLH.static      ADJMBEDDHLB         70.1889 -> 70.198
70474,5 fw Controll.static GIPNIMALPEG          0.0302 -> 0.9097
70474,6 fw PLH.static      ADJMBEDDHLB          70.198 -> 70.2065
70485,6 fw PLH.static      ADJMBEDDHLB         70.2065 -> 70.2117
70491,3 fw PLH.static      ADJMBEDDHLB         70.2117 -> 70.2228
70491,3 fw PLH.static      CFIMEAFDJFM         66.0078 -> 66.0407
70502,6 fw PLH.static      ADJMBEDDHLB         70.2228 -> 70.2284
70509,1 fw Controll.static MKFDGFOCKNO          70.166 -> 70.216
70509,1 fw Controll.static LEKCBKLAILO          70.216 -> 70.266
70509,1 fw Controll.static OFJKHAFJIMA          0.0013 -> 0.0063
70509,2 fw PLH.static      ADJMBEDDHLB         70.2284 -> 70.2397
70517,4 fw PLH.static      ADJMBEDDHLB         70.2397 -> 70.2463
70517,4 fw PLH.static      CFIMEAFDJFM         66.0407 -> 66.0647
70523,7 fw Controll.static GIPNIMALPEG          0.9097 -> 0.8933
70523,8 fw PLH.static      ADJMBEDDHLB         70.2463 -> 70.2545
70523,8 fw PLH.static      CFIMEAFDJFM         66.0647 -> 66.0734
70533,0 fw PLH.static      ADJMBEDDHLB         70.2545 -> 70.2609
70533,0 fw PLH.static      CFIMEAFDJFM         66.0734 -> 66.0798
70539,4 fw PLH.static      ADJMBEDDHLB         70.2609 -> 70.2702
70539,4 fw PLH.static      CFIMEAFDJFM         66.0798 -> 66.0883
70548,4 fw PLH.static      ADJMBEDDHLB         70.2702 -> 70.2766
70548,4 fw PLH.static      CFIMEAFDJFM         66.0883 -> 66.0955
70554,2 fw Controll.static MKFDGFOCKNO          70.216 -> 70.266
70554,2 fw Controll.static LEKCBKLAILO          70.266 -> 70.316
70554,2 fw Controll.static OFJKHAFJIMA          0.0063 -> 0.0038
70554,2 fw PLH.static      ADJMBEDDHLB         70.2766 -> 70.2856
70564,5 fw PLH.static      ADJMBEDDHLB         70.2856 -> 70.2913
70570,4 fw PLH.static      ADJMBEDDHLB         70.2913 -> 70.3016
70570,4 fw PLH.static      CFIMEAFDJFM         66.0955 -> 66.12
70579,5 fw Controll.static GIPNIMALPEG          0.8933 -> 0.0094
70579,6 fw PLH.static      ADJMBEDDHLB         70.3016 -> 70.3075
70587,0 fw PLH.static      ADJMBEDDHLB         70.3075 -> 70.3168
70587,0 fw PLH.static      CFIMEAFDJFM           66.12 -> 66.1354
70594,1 fw PLH.static      ADJMBEDDHLB         70.3168 -> 70.3242
70594,1 fw PLH.static      CFIMEAFDJFM         66.1354 -> 66.1426
70601,7 fw Controll.static MKFDGFOCKNO          70.266 -> 70.316
70601,7 fw Controll.static LEKCBKLAILO          70.316 -> 70.3661
70601,8 fw PLH.static      ADJMBEDDHLB         70.3242 -> 70.3312
70609,7 fw Controll.static OFJKHAFJIMA          0.0038 -> 0.0003
70609,8 fw PLH.static      ADJMBEDDHLB         70.3312 -> 70.3389
70609,8 fw PLH.static      CFIMEAFDJFM         66.1426 -> 66.1577
70617,1 fw PLH.static      ADJMBEDDHLB         70.3389 -> 70.3469
70617,1 fw PLH.static      CFIMEAFDJFM         66.1577 -> 66.1651
70625,6 fw Controll.static GIPNIMALPEG          0.0094 -> 0.9306
70625,7 fw PLH.static      ADJMBEDDHLB         70.3469 -> 70.3542
70632,3 fw PLH.static      ADJMBEDDHLB         70.3542 -> 70.3628
70641,1 fw PLH.static      ADJMBEDDHLB         70.3628 -> 70.3694
70641,1 fw PLH.static      CFIMEAFDJFM         66.1651 -> 66.1881
70649,0 fw PLH.static      ADJMBEDDHLB         70.3694 -> 70.3783
70649,0 fw PLH.static      CFIMEAFDJFM         66.1881 -> 66.1972
70654,7 fw Controll.static MKFDGFOCKNO          70.316 -> 70.3661
70654,7 fw Controll.static LEKCBKLAILO         70.3661 -> 70.4161
70654,7 fw Controll.static OFJKHAFJIMA          0.0003 -> 0.003
70654,8 fw PLH.static      ADJMBEDDHLB         70.3783 -> 70.3861
70654,8 fw PLH.static      CFIMEAFDJFM         66.1972 -> 66.2044
70664,4 fw PLH.static      ADJMBEDDHLB         70.3861 -> 70.3919
70670,0 fw Controll.static GIPNIMALPEG          0.9306 -> 0.8177
70670,0 fw PLH.static      ADJMBEDDHLB         70.3919 -> 70.4016
70670,0 fw PLH.static      CFIMEAFDJFM         66.2044 -> 66.22
70678,7 fw PLH.static      ADJMBEDDHLB         70.4016 -> 70.4071
70686,2 fw PLH.static      ADJMBEDDHLB         70.4071 -> 70.4159
70686,2 fw PLH.static      CFIMEAFDJFM           66.22 -> 66.2348
70693,8 fw PLH.static      ADJMBEDDHLB         70.4159 -> 70.4233
70693,8 fw PLH.static      CFIMEAFDJFM         66.2348 -> 66.2415
70701,1 fw Controll.static MKFDGFOCKNO         70.3661 -> 70.4161
70701,1 fw Controll.static LEKCBKLAILO         70.4161 -> 70.4661
70701,1 fw Controll.static OFJKHAFJIMA           0.003 -> 0.0069
70701,1 fw PLH.static      ADJMBEDDHLB         70.4233 -> 70.431
70708,6 fw PLH.static      ADJMBEDDHLB          70.431 -> 70.4383
70716,4 fw Controll.static GIPNIMALPEG          0.8177 -> 0.747
70716,5 fw PLH.static      ADJMBEDDHLB         70.4383 -> 70.4457
70723,9 fw PLH.static      ADJMBEDDHLB         70.4457 -> 70.4537
70723,9 fw PLH.static      CFIMEAFDJFM         66.2415 -> 66.2725
70732,8 fw PLH.static      ADJMBEDDHLB         70.4537 -> 70.4611
70732,8 fw PLH.static      CFIMEAFDJFM         66.2725 -> 66.28
70738,7 fw PLH.static      ADJMBEDDHLB         70.4611 -> 70.4699
70749,8 fw Controll.static MKFDGFOCKNO         70.4161 -> 70.4661
70749,8 fw Controll.static LEKCBKLAILO         70.4661 -> 70.5161
70749,8 fw Controll.static OFJKHAFJIMA          0.0069 -> 0.0035
70749,9 fw PLH.static      ADJMBEDDHLB         70.4699 -> 70.4766
70749,9 fw PLH.static      CFIMEAFDJFM           66.28 -> 66.2947
70756,4 fw PLH.static      ADJMBEDDHLB         70.4766 -> 70.487
70756,4 fw PLH.static      CFIMEAFDJFM         66.2947 -> 66.3025
70767,2 fw Controll.static GIPNIMALPEG           0.747 -> 0.762
70767,3 fw PLH.static      ADJMBEDDHLB          70.487 -> 70.4938
70767,3 fw PLH.static      CFIMEAFDJFM         66.3025 -> 66.3124
70775,3 fw PLH.static      ADJMBEDDHLB         70.4938 -> 70.5047
70790,2 fw PLH.static      ADJMBEDDHLB         70.5047 -> 70.5124
70794,1 fw PLH.static      ADJMBEDDHLB         70.5124 -> 70.5273
70794,1 fw PLH.static      CFIMEAFDJFM         66.3124 -> 66.3456
70806,6 fw Controll.static MKFDGFOCKNO         70.4661 -> 70.5161
70806,6 fw Controll.static LEKCBKLAILO         70.5161 -> 70.5661
70806,6 fw Controll.static OFJKHAFJIMA          0.0035 -> 0.0109
70806,6 fw PLH.static      ADJMBEDDHLB         70.5273 -> 70.5312
70812,2 fw PLH.static      ADJMBEDDHLB         70.5312 -> 70.5437
70812,3 fw PLH.static      CFIMEAFDJFM         66.3456 -> 66.3621
70823,5 fw Controll.static GIPNIMALPEG           0.762 -> 0.8872
70823,5 fw PLH.static      ADJMBEDDHLB         70.5437 -> 70.5495
70823,5 fw PLH.static      CFIMEAFDJFM         66.3621 -> 66.3674
70830,5 fw PLH.static      ADJMBEDDHLB         70.5495 -> 70.5606
70840,1 fw PLH.static      ADJMBEDDHLB         70.5606 -> 70.5677
70840,1 fw PLH.static      CFIMEAFDJFM         66.3674 -> 66.3846
70847,1 fw PLH.static      ADJMBEDDHLB         70.5677 -> 70.5772
70847,1 fw PLH.static      CFIMEAFDJFM         66.3846 -> 66.396
70854,4 fw Controll.static MKFDGFOCKNO         70.5161 -> 70.5661
70854,4 fw Controll.static LEKCBKLAILO         70.5661 -> 70.6161
70854,4 fw Controll.static OFJKHAFJIMA          0.0109 -> 0.0011
70854,4 fw PLH.static      ADJMBEDDHLB         70.5772 -> 70.5843
70870,3 fw PLH.static      ADJMBEDDHLB         70.5843 -> 70.5915
70875,2 fw PLH.static      ADJMBEDDHLB         70.5915 -> 70.6074
70888,8 fw Controll.static GIPNIMALPEG          0.8872 -> 0.1927
70888,8 fw PLH.static      ADJMBEDDHLB         70.6074 -> 70.6124
70897,3 fw PLH.static      ADJMBEDDHLB         70.6124 -> 70.626
70903,6 fw PLH.static      ADJMBEDDHLB          70.626 -> 70.6344
70912,3 fw Controll.static MKFDGFOCKNO         70.5661 -> 70.6161
70912,3 fw Controll.static LEKCBKLAILO         70.6161 -> 70.6661
70912,3 fw PLH.static      ADJMBEDDHLB         70.6344 -> 70.6408
70922,4 fw Controll.static OFJKHAFJIMA          0.0011 -> 0.0093
70922,5 fw PLH.static      ADJMBEDDHLB         70.6408 -> 70.6494
70928,0 fw PLH.static      ADJMBEDDHLB         70.6494 -> 70.6606
70928,0 fw PLH.static      CFIMEAFDJFM          66.396 -> 66.4785
70941,3 fw Controll.static GIPNIMALPEG          0.1927 -> 0.2432
70941,4 fw PLH.static      ADJMBEDDHLB         70.6606 -> 70.6651
70941,4 fw PLH.static      CFIMEAFDJFM         66.4785 -> 66.4837
70947,4 fw PLH.static      ADJMBEDDHLB         70.6651 -> 70.6786
70947,4 fw PLH.static      CFIMEAFDJFM         66.4837 -> 66.497
70958,4 fw PLH.static      ADJMBEDDHLB         70.6786 -> 70.6846
70958,4 fw PLH.static      CFIMEAFDJFM          66.497 -> 66.503
70986,7 fw PLH.static      ADJMBEDDHLB         70.6846 -> 70.6958
70986,7 fw PLH.static      CFIMEAFDJFM          66.503 -> 66.5141
70991,3 fw Controll.static MKFDGFOCKNO         70.6161 -> 70.7161
70991,3 fw Controll.static LEKCBKLAILO         70.6661 -> 70.7661
70991,3 fw Controll.static OFJKHAFJIMA          0.0093 -> 0.0072
70991,4 fw PLH.static      ADJMBEDDHLB         70.6958 -> 70.7239
70991,4 fw PLH.static      CFIMEAFDJFM         66.5141 -> 66.5397
71001,9 fw PLH.static      ADJMBEDDHLB         70.7239 -> 70.7285
71009,1 fw Controll.static GIPNIMALPEG          0.2432 -> 0.599
71009,1 fw PLH.static      ADJMBEDDHLB         70.7285 -> 70.7391
71009,1 fw PLH.static      CFIMEAFDJFM         66.5397 -> 66.5579
71017,6 fw PLH.static      ADJMBEDDHLB         70.7391 -> 70.7463
71017,6 fw PLH.static      CFIMEAFDJFM         66.5579 -> 66.5645
71024,5 fw PLH.static      ADJMBEDDHLB         70.7463 -> 70.7547
71024,5 fw PLH.static      CFIMEAFDJFM         66.5645 -> 66.5735
71032,4 fw PLH.static      ADJMBEDDHLB         70.7547 -> 70.7617
71032,4 fw PLH.static      CFIMEAFDJFM         66.5735 -> 66.5801
71040,0 fw Controll.static MKFDGFOCKNO         70.7161 -> 70.7661
71040,0 fw Controll.static LEKCBKLAILO         70.7661 -> 70.8161
71040,0 fw Controll.static OFJKHAFJIMA          0.0072 -> 0.003
71040,0 fw PLH.static      ADJMBEDDHLB         70.7617 -> 70.7696
71040,0 fw PLH.static      CFIMEAFDJFM         66.5801 -> 66.5882
71048,0 fw PLH.static      ADJMBEDDHLB         70.7696 -> 70.7771
71048,0 fw PLH.static      CFIMEAFDJFM         66.5882 -> 66.596
71055,8 fw Controll.static GIPNIMALPEG           0.599 -> 0.5329
71055,8 fw PLH.static      ADJMBEDDHLB         70.7771 -> 70.7851
71055,9 fw PLH.static      CFIMEAFDJFM          66.596 -> 66.6035
71066,6 fw PLH.static      ADJMBEDDHLB         70.7851 -> 70.793
71066,6 fw PLH.static      CFIMEAFDJFM         66.6035 -> 66.6118
71073,8 fw PLH.static      ADJMBEDDHLB          70.793 -> 70.8038
71081,8 fw PLH.static      ADJMBEDDHLB         70.8038 -> 70.8109
71081,8 fw PLH.static      CFIMEAFDJFM         66.6118 -> 66.6297
71094,9 fw Controll.static MKFDGFOCKNO         70.7661 -> 70.8161
71094,9 fw Controll.static LEKCBKLAILO         70.8161 -> 70.8661
71095,0 fw Controll.static OFJKHAFJIMA           0.003 -> 0.0025
71095,0 fw PLH.static      ADJMBEDDHLB         70.8109 -> 70.819
71095,0 fw PLH.static      CFIMEAFDJFM         66.6297 -> 66.6376
71100,2 fw PLH.static      ADJMBEDDHLB          70.819 -> 70.8322
71100,2 fw PLH.static      CFIMEAFDJFM         66.6376 -> 66.6468
71111,9 fw Controll.static GIPNIMALPEG          0.5329 -> 0.655
71112,0 fw PLH.static      ADJMBEDDHLB         70.8322 -> 70.8374
71112,0 fw PLH.static      CFIMEAFDJFM         66.6468 -> 66.6557
71117,2 fw PLH.static      ADJMBEDDHLB         70.8374 -> 70.8491
71117,2 fw PLH.static      CFIMEAFDJFM         66.6557 -> 66.6673
71134,5 fw PLH.static      ADJMBEDDHLB         70.8491 -> 70.8544
71140,6 fw PLH.static      ADJMBEDDHLB         70.8544 -> 70.8728
71140,6 fw PLH.static      CFIMEAFDJFM         66.6673 -> 66.6844
71156,0 fw Controll.static MKFDGFOCKNO         70.8161 -> 70.8661
71156,0 fw Controll.static LEKCBKLAILO         70.8661 -> 70.9161
71156,0 fw Controll.static OFJKHAFJIMA          0.0025 -> 0.0051
71156,1 fw PLH.static      ADJMBEDDHLB         70.8728 -> 70.8778
71160,9 fw PLH.static      ADJMBEDDHLB         70.8778 -> 70.8934
71160,9 fw PLH.static      CFIMEAFDJFM         66.6844 -> 66.7111
71178,3 fw Controll.static GIPNIMALPEG           0.655 -> 0.9832
71178,4 fw PLH.static      ADJMBEDDHLB         70.8934 -> 70.8981
71183,2 fw PLH.static      ADJMBEDDHLB         70.8981 -> 70.9158
71183,2 fw PLH.static      CFIMEAFDJFM         66.7111 -> 66.7289
71195,0 fw PLH.static      ADJMBEDDHLB         70.9158 -> 70.9203
71200,1 fw PLH.static      ADJMBEDDHLB         70.9203 -> 70.9322
71200,1 fw PLH.static      CFIMEAFDJFM         66.7289 -> 66.7504
71217,0 fw Controll.static MKFDGFOCKNO         70.8661 -> 70.9161
71217,0 fw Controll.static LEKCBKLAILO         70.9161 -> 70.9661
71217,0 fw Controll.static OFJKHAFJIMA          0.0051 -> 0.0037
71217,1 fw PLH.static      ADJMBEDDHLB         70.9322 -> 70.9373
71222,0 fw PLH.static      ADJMBEDDHLB         70.9373 -> 70.9542
71222,0 fw PLH.static      CFIMEAFDJFM         66.7504 -> 66.7674
71235,1 fw PLH.static      ADJMBEDDHLB         70.9542 -> 70.9592
71235,1 fw PLH.static      CFIMEAFDJFM         66.7674 -> 66.7778
71245,7 fw Controll.static GIPNIMALPEG          0.9832 -> 0.3301
71245,7 fw PLH.static      ADJMBEDDHLB         70.9592 -> 70.9723
71245,8 fw PLH.static      CFIMEAFDJFM         66.7778 -> 66.7899
71251,6 fw PLH.static      ADJMBEDDHLB         70.9723 -> 70.9829
71251,6 fw PLH.static      CFIMEAFDJFM         66.7899 -> 66.7962
71263,2 fw PLH.static      ADJMBEDDHLB         70.9829 -> 70.9888
71272,3 fw Controll.static MKFDGFOCKNO         70.9161 -> 70.9662
71272,3 fw Controll.static LEKCBKLAILO         70.9661 -> 71.0162
71272,3 fw PLH.static      ADJMBEDDHLB         70.9888 -> 71.0004
71272,4 fw PLH.static      CFIMEAFDJFM         66.7962 -> 66.819
71278,4 fw Controll.static OFJKHAFJIMA          0.0037 -> 0.0054
71278,5 fw PLH.static      ADJMBEDDHLB         71.0004 -> 71.0095
71278,5 fw PLH.static      CFIMEAFDJFM          66.819 -> 66.8274
71294,3 fw PLH.static      ADJMBEDDHLB         71.0095 -> 71.0173
71300,0 fw Controll.static GIPNIMALPEG          0.3301 -> 0.4144
71300,1 fw PLH.static      ADJMBEDDHLB         71.0173 -> 71.0315
71300,1 fw PLH.static      CFIMEAFDJFM         66.8274 -> 66.8454
71312,9 fw Controll.static DGNDKAKOEPD         2412940 -> 2413944
71312,9 fw Controll.static BEJBLGGGOCC       339992252 -> 339993261
71312,9 fw Controll.static JELGPAKAJPE             108 -> 112
71312,9 fw Controll.static EENJPDHGGGC         70.0274 -> 71.0315
71312,9 fw PLH.static      ADJMBEDDHLB         71.0315 -> 71.0373
71318,8 fw PLH.static      ADJMBEDDHLB         71.0373 -> 71.0501
71318,8 fw PLH.static      CFIMEAFDJFM         66.8454 -> 66.8679
71328,4 fw PLH.static      ADJMBEDDHLB         71.0501 -> 71.056
71328,4 fw PLH.static      CFIMEAFDJFM         66.8679 -> 66.8732
71336,2 fw Controll.static MKFDGFOCKNO         70.9662 -> 71.0662
71336,2 fw Controll.static LEKCBKLAILO         71.0162 -> 71.1162
71336,2 fw Controll.static OFJKHAFJIMA          0.0054 -> 0.0068
71336,3 fw PLH.static      ADJMBEDDHLB          71.056 -> 71.0655
71336,3 fw PLH.static      CFIMEAFDJFM         66.8732 -> 66.8839
71343,3 fw PLH.static      ADJMBEDDHLB         71.0655 -> 71.0735
71343,3 fw PLH.static      CFIMEAFDJFM         66.8839 -> 66.8894
71354,5 fw Controll.static GIPNIMALPEG          0.4144 -> 0.5056
71354,5 fw PLH.static      ADJMBEDDHLB         71.0735 -> 71.0804
71358,4 fw PLH.static      ADJMBEDDHLB         71.0804 -> 71.0916
71358,4 fw PLH.static      CFIMEAFDJFM         66.8894 -> 66.9095
71371,0 fw PLH.static      ADJMBEDDHLB         71.0916 -> 71.0956
71374,8 fw PLH.static      ADJMBEDDHLB         71.0956 -> 71.1082
71374,8 fw PLH.static      CFIMEAFDJFM         66.9095 -> 66.9263
71387,4 fw Controll.static MKFDGFOCKNO         71.0662 -> 71.1162
71387,4 fw Controll.static LEKCBKLAILO         71.1162 -> 71.1662
71387,4 fw Controll.static OFJKHAFJIMA          0.0068 -> 0.0081
71387,5 fw PLH.static      ADJMBEDDHLB         71.1082 -> 71.112
71387,5 fw PLH.static      CFIMEAFDJFM         66.9263 -> 66.9309
71392,1 fw PLH.static      ADJMBEDDHLB          71.112 -> 71.1246
71392,1 fw PLH.static      CFIMEAFDJFM         66.9309 -> 66.9428
71403,2 fw Controll.static GIPNIMALPEG          0.5056 -> 0.4807
71403,3 fw PLH.static      ADJMBEDDHLB         71.1246 -> 71.1292
71408,5 fw PLH.static      ADJMBEDDHLB         71.1292 -> 71.1404
71420,3 fw PLH.static      ADJMBEDDHLB         71.1404 -> 71.1456
71420,3 fw PLH.static      CFIMEAFDJFM         66.9428 -> 66.9641
71426,3 fw PLH.static      ADJMBEDDHLB         71.1456 -> 71.1574
71426,3 fw PLH.static      CFIMEAFDJFM         66.9641 -> 66.9762
71436,7 fw Controll.static MKFDGFOCKNO         71.1162 -> 71.1662
71436,7 fw Controll.static LEKCBKLAILO         71.1662 -> 71.2162
71436,7 fw Controll.static OFJKHAFJIMA          0.0081 -> 0.0073
71436,7 fw PLH.static      ADJMBEDDHLB         71.1574 -> 71.1634
71441,3 fw PLH.static      ADJMBEDDHLB         71.1634 -> 71.1739
71441,3 fw PLH.static      CFIMEAFDJFM         66.9762 -> 66.9926
71453,7 fw Controll.static GIPNIMALPEG          0.4807 -> 0.4907
71453,8 fw PLH.static      ADJMBEDDHLB         71.1739 -> 71.1784
71458,0 fw PLH.static      ADJMBEDDHLB         71.1784 -> 71.1909
71458,0 fw PLH.static      CFIMEAFDJFM         66.9926 -> 67.0092
71471,0 fw PLH.static      ADJMBEDDHLB         71.1909 -> 71.1951
71471,0 fw PLH.static      CFIMEAFDJFM         67.0092 -> 67.0141
71475,3 fw PLH.static      ADJMBEDDHLB         71.1951 -> 71.2081
71475,3 fw PLH.static      CFIMEAFDJFM         67.0141 -> 67.0264
71488,5 fw Controll.static MKFDGFOCKNO         71.1662 -> 71.2162
71488,5 fw Controll.static LEKCBKLAILO         71.2162 -> 71.2662
71488,5 fw Controll.static OFJKHAFJIMA          0.0073 -> 0.0091
71488,5 fw PLH.static      ADJMBEDDHLB         71.2081 -> 71.2124
71488,5 fw PLH.static      CFIMEAFDJFM         67.0264 -> 67.0314
71493,2 fw PLH.static      ADJMBEDDHLB         71.2124 -> 71.2264
71493,3 fw PLH.static      CFIMEAFDJFM         67.0314 -> 67.0436
71505,4 fw Controll.static GIPNIMALPEG          0.4907 -> 0.5232
71505,4 fw PLH.static      ADJMBEDDHLB         71.2264 -> 71.2304
71505,4 fw PLH.static      CFIMEAFDJFM         67.0436 -> 67.0493
71510,3 fw PLH.static      ADJMBEDDHLB         71.2304 -> 71.2426
71510,3 fw PLH.static      CFIMEAFDJFM         67.0493 -> 67.0608
71520,2 fw PLH.static      ADJMBEDDHLB         71.2426 -> 71.2475
71527,6 fw PLH.static      ADJMBEDDHLB         71.2475 -> 71.2574
71537,9 fw Controll.static MKFDGFOCKNO         71.2162 -> 71.2662
71537,9 fw Controll.static LEKCBKLAILO         71.2662 -> 71.3162
71537,9 fw Controll.static OFJKHAFJIMA          0.0091 -> 0.0085
71537,9 fw PLH.static      ADJMBEDDHLB         71.2574 -> 71.2647
71537,9 fw PLH.static      CFIMEAFDJFM         67.0608 -> 67.083
71543,3 fw PLH.static      ADJMBEDDHLB         71.2647 -> 71.2759
71543,3 fw PLH.static      CFIMEAFDJFM          67.083 -> 67.0937
71556,4 fw PLH.static      ADJMBEDDHLB         71.2759 -> 71.2805
71556,4 fw PLH.static      CFIMEAFDJFM         67.0937 -> 67.0994
71561,4 fw Controll.static GIPNIMALPEG          0.5232 -> 0.6436
71561,4 fw PLH.static      ADJMBEDDHLB         71.2805 -> 71.2935
71572,4 fw PLH.static      ADJMBEDDHLB         71.2935 -> 71.2986
71572,4 fw PLH.static      CFIMEAFDJFM         67.0994 -> 67.1175
71577,4 fw PLH.static      ADJMBEDDHLB         71.2986 -> 71.3096
71577,4 fw PLH.static      CFIMEAFDJFM         67.1175 -> 67.1279
71589,5 fw Controll.static MKFDGFOCKNO         71.2662 -> 71.3162
71589,5 fw Controll.static LEKCBKLAILO         71.3162 -> 71.3662
71589,6 fw PLH.static      ADJMBEDDHLB         71.3096 -> 71.3145
71594,6 fw Controll.static OFJKHAFJIMA          0.0085 -> 0.0101
71594,7 fw PLH.static      ADJMBEDDHLB         71.3145 -> 71.3267
71594,7 fw PLH.static      CFIMEAFDJFM         67.1279 -> 67.1449
71605,7 fw PLH.static      ADJMBEDDHLB         71.3267 -> 71.3318
71605,7 fw PLH.static      CFIMEAFDJFM         67.1449 -> 67.1507
71610,4 fw Controll.static GIPNIMALPEG          0.6436 -> 0.6234
71610,5 fw PLH.static      ADJMBEDDHLB         71.3318 -> 71.3429
71621,6 fw PLH.static      ADJMBEDDHLB         71.3429 -> 71.3476
71621,6 fw PLH.static      CFIMEAFDJFM         67.1507 -> 67.1665
71627,8 fw PLH.static      ADJMBEDDHLB         71.3476 -> 71.3587
71627,8 fw PLH.static      CFIMEAFDJFM         67.1665 -> 67.1776
71638,2 fw PLH.static      ADJMBEDDHLB         71.3587 -> 71.3649
71638,2 fw PLH.static      CFIMEAFDJFM         67.1776 -> 67.1832
71642,4 fw Controll.static MKFDGFOCKNO         71.3162 -> 71.3662
71642,4 fw Controll.static LEKCBKLAILO         71.3662 -> 71.4162
71642,4 fw Controll.static OFJKHAFJIMA          0.0101 -> 0.0087
71642,4 fw PLH.static      ADJMBEDDHLB         71.3649 -> 71.3753
71642,4 fw PLH.static      CFIMEAFDJFM         67.1832 -> 67.1929
71654,6 fw PLH.static      ADJMBEDDHLB         71.3753 -> 71.3795
71659,6 fw Controll.static GIPNIMALPEG          0.6234 -> 0.6078
71659,7 fw PLH.static      ADJMBEDDHLB         71.3795 -> 71.3917
71671,0 fw Controll.static NAKNALFCOIF             180 -> 179.7
71671,0 fw Controll.static IGLCENGMMMJ           10.05 -> 9.9
71671,1 fw PLH.static      ADJMBEDDHLB         71.3917 -> 71.3968
71671,1 fw PLH.static      CFIMEAFDJFM         67.1929 -> 67.2157
71676,0 fw PLH.static      ADJMBEDDHLB         71.3968 -> 71.4082
71676,0 fw PLH.static      CFIMEAFDJFM         67.2157 -> 67.2265
71690,1 fw PLH.static      ADJMBEDDHLB         71.4082 -> 71.4132
71690,1 fw PLH.static      CFIMEAFDJFM         67.2265 -> 67.232
71694,3 fw Controll.static MKFDGFOCKNO         71.3662 -> 71.4162
71694,3 fw Controll.static LEKCBKLAILO         71.4162 -> 71.4662
71694,3 fw Controll.static OFJKHAFJIMA          0.0087 -> 0.0107
71694,3 fw PLH.static      ADJMBEDDHLB         71.4132 -> 71.4273
71694,3 fw PLH.static      CFIMEAFDJFM          67.232 -> 67.2442
71707,2 fw PLH.static      ADJMBEDDHLB         71.4273 -> 71.4315
71707,2 fw PLH.static      CFIMEAFDJFM         67.2442 -> 67.2504
71711,9 fw Controll.static GIPNIMALPEG          0.6078 -> 0.6526
71711,9 fw PLH.static      ADJMBEDDHLB         71.4315 -> 71.4443
71711,9 fw PLH.static      CFIMEAFDJFM         67.2504 -> 67.2622
71723,3 fw Controll.static NAKNALFCOIF           179.7 -> 179.25
71723,4 fw Controll.static IGLCENGMMMJ             9.9 -> 10.05
71723,4 fw PLH.static      ADJMBEDDHLB         71.4443 -> 71.449
71731,0 fw PLH.static      ADJMBEDDHLB          71.449 -> 71.4605
71731,0 fw PLH.static      CFIMEAFDJFM         67.2622 -> 67.2794
71741,3 fw PLH.static      ADJMBEDDHLB         71.4605 -> 71.4681
71741,3 fw PLH.static      CFIMEAFDJFM         67.2794 -> 67.2852
71770,9 fw Controll.static MKFDGFOCKNO         71.4162 -> 71.4662
71770,9 fw Controll.static LEKCBKLAILO         71.4662 -> 71.5162
71770,9 fw Controll.static OFJKHAFJIMA          0.0107 -> 0.0015
71771,0 fw PLH.static      ADJMBEDDHLB         71.4681 -> 71.4785
71771,0 fw PLH.static      CFIMEAFDJFM         67.2852 -> 67.2964
71775,0 fw PLH.static      ADJMBEDDHLB         71.4785 -> 71.5082
71775,0 fw PLH.static      CFIMEAFDJFM         67.2964 -> 67.302
71787,5 fw player          ACAIGMNLLEC             128 -> 127
71787,5 fw player          HEADELMLILF               0 -> 1
71787,6 fw Controll.static GIPNIMALPEG          0.6526 -> 0.1655
71787,6 fw PLH.static      ADJMBEDDHLB         71.5082 -> 71.5121
71787,6 fw PLH.static      CFIMEAFDJFM          67.302 -> 67.3306
71793,7 fw Controll.static NAKNALFCOIF          179.25 -> 160.8
71793,7 fw Controll.static IGLCENGMMMJ           10.05 -> 10.8
71793,7 fw PLH.static      ADJMBEDDHLB         71.5121 -> 71.5248
71793,7 fw PLH.static      CFIMEAFDJFM         67.3306 -> 67.3423
71807,5 fw PLH.static      ADJMBEDDHLB         71.5248 -> 71.5308
71807,5 fw PLH.static      CFIMEAFDJFM         67.3423 -> 67.3485
71813,6 fw PLH.static      ADJMBEDDHLB         71.5308 -> 71.5446
71813,6 fw PLH.static      CFIMEAFDJFM         67.3485 -> 67.3611
71825,9 fw player          HEADELMLILF               1 -> 0
71825,9 fw Controll.static MKFDGFOCKNO         71.4662 -> 71.5163
71825,9 fw Controll.static LEKCBKLAILO         71.5162 -> 71.5663
71825,9 fw Controll.static OFJKHAFJIMA          0.0015 -> 0.0081
71825,9 fw PLH.static      ADJMBEDDHLB         71.5446 -> 71.5508
71831,3 fw PLH.static      ADJMBEDDHLB         71.5508 -> 71.563
71831,3 fw PLH.static      CFIMEAFDJFM         67.3611 -> 67.3805
71844,4 fw Controll.static GIPNIMALPEG          0.1655 -> 0.3019
71844,4 fw PLH.static      ADJMBEDDHLB          71.563 -> 71.5684
71844,4 fw PLH.static      CFIMEAFDJFM         67.3805 -> 67.3866
71851,3 fw Controll.static NAKNALFCOIF           160.8 -> 135.45
71851,3 fw PLH.static      ADJMBEDDHLB         71.5684 -> 71.5815
71851,3 fw PLH.static      CFIMEAFDJFM         67.3866 -> 67.399
71862,1 fw PLH.static      ADJMBEDDHLB         71.5815 -> 71.5884
71862,1 fw PLH.static      CFIMEAFDJFM          67.399 -> 67.405
71870,8 fw PLH.static      ADJMBEDDHLB         71.5884 -> 71.5993
71870,8 fw PLH.static      CFIMEAFDJFM          67.405 -> 67.417
71879,2 fw Controll.static MKFDGFOCKNO         71.5163 -> 71.5663
71879,2 fw Controll.static LEKCBKLAILO         71.5663 -> 71.6163
71879,2 fw Controll.static OFJKHAFJIMA          0.0081 -> 0.0017
71879,2 fw PLH.static      ADJMBEDDHLB         71.5993 -> 71.6079
71888,5 fw PLH.static      ADJMBEDDHLB         71.6079 -> 71.6163
71888,5 fw PLH.static      CFIMEAFDJFM          67.417 -> 67.4342
71896,4 fw PLH.static      ADJMBEDDHLB         71.6163 -> 71.6256
71896,4 fw PLH.static      CFIMEAFDJFM         67.4342 -> 67.4433
71906,6 fw player          HEADELMLILF               0 -> 1
71906,6 fw Controll.static GIPNIMALPEG          0.3019 -> 0.5474
71906,7 fw PLH.static      ADJMBEDDHLB         71.6256 -> 71.6336
71906,7 fw PLH.static      CFIMEAFDJFM         67.4433 -> 67.4514
71912,4 fw Controll.static NAKNALFCOIF          135.45 -> 110.1
71912,4 fw PLH.static      ADJMBEDDHLB         71.6336 -> 71.6438
71912,4 fw PLH.static      CFIMEAFDJFM         67.4514 -> 67.4608
71923,9 fw PLH.static      ADJMBEDDHLB         71.6438 -> 71.6495
71931,4 fw Controll.static MKFDGFOCKNO         71.5663 -> 71.6663
71931,4 fw Controll.static LEKCBKLAILO         71.6163 -> 71.7163
71931,5 fw PLH.static      ADJMBEDDHLB         71.6495 -> 71.661
71931,5 fw PLH.static      CFIMEAFDJFM         67.4608 -> 67.4784
71943,8 fw player          ACAIGMNLLEC             127 -> 102
71943,9 fw Controll.static OFJKHAFJIMA          0.0017 -> 0.002
71943,9 fw PLH.static      ADJMBEDDHLB          71.661 -> 71.6686
71943,9 fw PLH.static      CFIMEAFDJFM         67.4784 -> 67.4854
71949,4 fw PLH.static      ADJMBEDDHLB         71.6686 -> 71.6817
71949,4 fw PLH.static      CFIMEAFDJFM         67.4854 -> 67.4974
71961,3 fw Controll.static GIPNIMALPEG          0.5474 -> 0.6413
71961,4 fw PLH.static      ADJMBEDDHLB         71.6817 -> 71.6866
71961,4 fw PLH.static      CFIMEAFDJFM         67.4974 -> 67.5046
71969,7 fw Controll.static NAKNALFCOIF           110.1 -> 100.95
71969,7 fw Controll.static IGLCENGMMMJ            10.8 -> 9.75
71969,7 fw PLH.static      ADJMBEDDHLB         71.6866 -> 71.6985
71969,7 fw PLH.static      CFIMEAFDJFM         67.5046 -> 67.5172
71975,5 fw PLH.static      ADJMBEDDHLB         71.6985 -> 71.7069
71986,6 fw PLH.static      ADJMBEDDHLB         71.7069 -> 71.7127
71986,6 fw PLH.static      CFIMEAFDJFM         67.5172 -> 67.5315
71991,2 fw Controll.static MKFDGFOCKNO         71.6663 -> 71.7163
71991,2 fw Controll.static LEKCBKLAILO         71.7163 -> 71.7663
71991,2 fw Controll.static OFJKHAFJIMA           0.002 -> 0.007
71991,3 fw PLH.static      ADJMBEDDHLB         71.7127 -> 71.7237
71991,3 fw PLH.static      CFIMEAFDJFM         67.5315 -> 67.5417
72002,3 fw PLH.static      ADJMBEDDHLB         71.7237 -> 71.7284
72002,3 fw PLH.static      CFIMEAFDJFM         67.5417 -> 67.5472
72009,1 fw player          ACAIGMNLLEC             102 -> 82
72009,1 fw Controll.static GIPNIMALPEG          0.6413 -> 0.5964
72009,1 fw PLH.static      ADJMBEDDHLB         71.7284 -> 71.7395
72009,1 fw PLH.static      CFIMEAFDJFM         67.5472 -> 67.5582
72018,7 fw Controll.static NAKNALFCOIF          100.95 -> 93.75
72018,7 fw Controll.static IGLCENGMMMJ            9.75 -> 8.25
72018,8 fw PLH.static      ADJMBEDDHLB         71.7395 -> 71.7463
72024,1 fw PLH.static      ADJMBEDDHLB         71.7463 -> 71.7559
72024,1 fw PLH.static      CFIMEAFDJFM         67.5582 -> 67.5746
72036,4 fw PLH.static      ADJMBEDDHLB         71.7559 -> 71.7612
72040,3 fw Controll.static MKFDGFOCKNO         71.7163 -> 71.7663
72040,3 fw Controll.static LEKCBKLAILO         71.7663 -> 71.8163
72040,3 fw Controll.static OFJKHAFJIMA           0.007 -> 0.0068
72040,4 fw PLH.static      ADJMBEDDHLB         71.7612 -> 71.7735
72040,4 fw PLH.static      CFIMEAFDJFM         67.5746 -> 67.5915
72053,4 fw PLH.static      ADJMBEDDHLB         71.7735 -> 71.7775
72053,4 fw PLH.static      CFIMEAFDJFM         67.5915 -> 67.5963
72059,7 fw Controll.static GIPNIMALPEG          0.5964 -> 0.6086
72059,8 fw PLH.static      ADJMBEDDHLB         71.7775 -> 71.7905
72072,1 fw Controll.static NAKNALFCOIF           93.75 -> 85.2
72072,1 fw Controll.static IGLCENGMMMJ            8.25 -> 7.65
72072,2 fw PLH.static      ADJMBEDDHLB         71.7905 -> 71.7969
72072,2 fw PLH.static      CFIMEAFDJFM         67.5963 -> 67.6142
72076,6 fw PLH.static      ADJMBEDDHLB         71.7969 -> 71.8093
72076,6 fw PLH.static      CFIMEAFDJFM         67.6142 -> 67.6265
72088,7 fw player          ACAIGMNLLEC              82 -> 76
72088,8 fw PLH.static      ADJMBEDDHLB         71.8093 -> 71.8137
72088,8 fw PLH.static      CFIMEAFDJFM         67.6265 -> 67.6325
72093,4 fw Controll.static MKFDGFOCKNO         71.7663 -> 71.8163
72093,4 fw Controll.static LEKCBKLAILO         71.8163 -> 71.8663
72093,4 fw Controll.static OFJKHAFJIMA          0.0068 -> 0.0093
72093,5 fw PLH.static      ADJMBEDDHLB         71.8137 -> 71.8259
72093,5 fw PLH.static      CFIMEAFDJFM         67.6325 -> 67.644
72103,6 fw PLH.static      ADJMBEDDHLB         71.8259 -> 71.8306
72109,6 fw Controll.static GIPNIMALPEG          0.6086 -> 0.6053
72109,6 fw PLH.static      ADJMBEDDHLB         71.8306 -> 71.8407
72118,4 fw player          LNIDBHIAJJI               7 -> 6
72118,4 fw player          ACAIGMNLLEC              76 -> 69
72118,4 fw Controll.static NAKNALFCOIF            85.2 -> 70.95
72118,5 fw PLH.static      ADJMBEDDHLB         71.8407 -> 71.8467
72118,5 fw PLH.static      CFIMEAFDJFM          67.644 -> 67.665
72123,6 fw PLH.static      ADJMBEDDHLB         71.8467 -> 71.8556
72123,6 fw PLH.static      CFIMEAFDJFM          67.665 -> 67.6743
72133,7 fw PLH.static      ADJMBEDDHLB         71.8556 -> 71.8607
72133,7 fw PLH.static      CFIMEAFDJFM         67.6743 -> 67.6795
72139,7 fw Controll.static MKFDGFOCKNO         71.8163 -> 71.8663
72139,7 fw Controll.static LEKCBKLAILO         71.8663 -> 71.9163
72139,7 fw Controll.static OFJKHAFJIMA          0.0093 -> 0.004
72139,7 fw PLH.static      ADJMBEDDHLB         71.8607 -> 71.871
72139,7 fw PLH.static      CFIMEAFDJFM         67.6795 -> 67.6878
72150,6 fw player          LNIDBHIAJJI               6 -> 5
72150,6 fw player          ACAIGMNLLEC              69 -> 65
72150,6 fw PLH.static      ADJMBEDDHLB          71.871 -> 71.8768
72150,6 fw PLH.static      CFIMEAFDJFM         67.6878 -> 67.6944
72154,4 fw Controll.static GIPNIMALPEG          0.6053 -> 0.5029
72154,5 fw PLH.static      ADJMBEDDHLB         71.8768 -> 71.8877
72164,7 fw Controll.static NAKNALFCOIF           70.95 -> 55.5
72164,7 fw PLH.static      ADJMBEDDHLB         71.8877 -> 71.8916
72171,3 fw PLH.static      ADJMBEDDHLB         71.8916 -> 71.9019
72171,3 fw PLH.static      CFIMEAFDJFM         67.6944 -> 67.7193
72178,6 fw PLH.static      ADJMBEDDHLB         71.9019 -> 71.9084
72178,6 fw PLH.static      CFIMEAFDJFM         67.7193 -> 67.7254
72187,7 fw Controll.static MKFDGFOCKNO         71.8663 -> 71.9163
72187,7 fw Controll.static LEKCBKLAILO         71.9163 -> 71.9663
72187,7 fw Controll.static OFJKHAFJIMA           0.004 -> 0.0082
72187,7 fw PLH.static      ADJMBEDDHLB         71.9084 -> 71.9157
72187,7 fw PLH.static      CFIMEAFDJFM         67.7254 -> 67.7334
72191,7 fw PLH.static      ADJMBEDDHLB         71.9157 -> 71.9249
72191,7 fw PLH.static      CFIMEAFDJFM         67.7334 -> 67.7417
72203,4 fw PLH.static      ADJMBEDDHLB         71.9249 -> 71.9288
72208,0 fw Controll.static GIPNIMALPEG          0.5029 -> 0.5731
72208,0 fw PLH.static      ADJMBEDDHLB         71.9288 -> 71.9406
72208,0 fw PLH.static      CFIMEAFDJFM         67.7417 -> 67.7578
72219,2 fw player          ACAIGMNLLEC              65 -> 57
72219,2 fw Controll.static NAKNALFCOIF            55.5 -> 36.9
72219,2 fw PLH.static      ADJMBEDDHLB         71.9406 -> 71.9451
72219,2 fw PLH.static      CFIMEAFDJFM         67.7578 -> 67.7624
72221,5 fw PLH.static      ADJMBEDDHLB         71.9451 -> 71.9564
72221,5 fw PLH.static      CFIMEAFDJFM         67.7624 -> 67.7741
72232,8 fw Controll.static MKFDGFOCKNO         71.9163 -> 71.9663
72232,8 fw Controll.static LEKCBKLAILO         71.9663 -> 72.0163
72232,8 fw PLH.static      ADJMBEDDHLB         71.9564 -> 71.9586
72236,8 fw Controll.static OFJKHAFJIMA          0.0082 -> 0.003
72236,8 fw PLH.static      ADJMBEDDHLB         71.9586 -> 71.97
72236,8 fw PLH.static      CFIMEAFDJFM         67.7741 -> 67.7868
72246,5 fw player          ACAIGMNLLEC              57 -> 48
72246,6 fw PLH.static      ADJMBEDDHLB           71.97 -> 71.9739
72253,4 fw Controll.static GIPNIMALPEG          0.5731 -> 0.481
72253,4 fw PLH.static      ADJMBEDDHLB         71.9739 -> 71.9838
72260,6 fw Controll.static NAKNALFCOIF            36.9 -> 24.75
72260,6 fw PLH.static      ADJMBEDDHLB         71.9838 -> 71.9905
72260,6 fw PLH.static      CFIMEAFDJFM         67.7868 -> 67.808
72266,8 fw PLH.static      ADJMBEDDHLB         71.9905 -> 71.9977
72273,3 fw PLH.static      ADJMBEDDHLB         71.9977 -> 72.004
72277,3 fw PLH.static      ADJMBEDDHLB          72.004 -> 72.0104
72286,7 fw PLH.static      ADJMBEDDHLB         72.0104 -> 72.0145
72290,5 fw Controll.static GIPNIMALPEG           0.481 -> 0.2224
72290,5 fw PLH.static      ADJMBEDDHLB         72.0145 -> 72.0238
72290,5 fw PLH.static      CFIMEAFDJFM          67.808 -> 67.8409
72302,6 fw Controll.static NAKNALFCOIF           24.75 -> 14.85
72302,6 fw PLH.static      ADJMBEDDHLB         72.0238 -> 72.0276
72306,0 fw PLH.static      ADJMBEDDHLB         72.0276 -> 72.0398
72306,0 fw PLH.static      CFIMEAFDJFM         67.8409 -> 67.8571
72316,1 fw PLH.static      ADJMBEDDHLB         72.0398 -> 72.0431
72321,4 fw Controll.static MKFDGFOCKNO         71.9663 -> 72.0163
72321,4 fw Controll.static LEKCBKLAILO         72.0163 -> 72.0663
72321,4 fw Controll.static OFJKHAFJIMA           0.003 -> 0.0072
72321,4 fw PLH.static      ADJMBEDDHLB         72.0431 -> 72.0533
72321,4 fw PLH.static      CFIMEAFDJFM         67.8571 -> 67.8695
72330,6 fw PLH.static      ADJMBEDDHLB         72.0533 -> 72.0586
72330,6 fw PLH.static      CFIMEAFDJFM         67.8695 -> 67.876
72336,7 fw player          ACAIGMNLLEC              48 -> 32
72336,7 fw Controll.static GIPNIMALPEG          0.2224 -> 0.1476
72336,8 fw PLH.static      ADJMBEDDHLB         72.0586 -> 72.0678
72336,8 fw PLH.static      CFIMEAFDJFM          67.876 -> 67.8844
72341,5 fw Controll.static NAKNALFCOIF           14.85 -> 10.8
72341,5 fw PLH.static      ADJMBEDDHLB         72.0678 -> 72.0739
72350,2 fw Controll.static DGNDKAKOEPD         2413944 -> 2414972
72350,2 fw Controll.static BEJBLGGGOCC       339993261 -> 339994266
72350,2 fw Controll.static JELGPAKAJPE             112 -> 135
72350,2 fw Controll.static EENJPDHGGGC         71.0315 -> 72.0586
72350,3 fw PLH.static      ADJMBEDDHLB         72.0739 -> 72.0787
72350,3 fw PLH.static      CFIMEAFDJFM         67.8844 -> 67.8975
72354,8 fw PLH.static      ADJMBEDDHLB         72.0787 -> 72.0874
72354,8 fw PLH.static      CFIMEAFDJFM         67.8975 -> 67.9041
72365,1 fw Controll.static MKFDGFOCKNO         72.0163 -> 72.0663
72365,1 fw Controll.static LEKCBKLAILO         72.0663 -> 72.1163
72365,1 fw Controll.static OFJKHAFJIMA          0.0072 -> 0.0011
72365,1 fw PLH.static      ADJMBEDDHLB         72.0874 -> 72.0919
72365,1 fw PLH.static      CFIMEAFDJFM         67.9041 -> 67.9099
72370,8 fw PLH.static      ADJMBEDDHLB         72.0919 -> 72.1024
72370,8 fw PLH.static      CFIMEAFDJFM         67.9099 -> 67.9194
72378,3 fw Controll.static GIPNIMALPEG          0.1476 -> 0.9789
72378,3 fw PLH.static      ADJMBEDDHLB         72.1024 -> 72.1079
72378,3 fw PLH.static      CFIMEAFDJFM         67.9194 -> 67.9252
72386,5 fw Controll.static NAKNALFCOIF            10.8 -> 8.7
72386,5 fw PLH.static      ADJMBEDDHLB         72.1079 -> 72.1155
72389,1 fw player          ACAIGMNLLEC              32 -> 23
72389,2 fw PLH.static      ADJMBEDDHLB         72.1155 -> 72.1236
72401,7 fw PLH.static      ADJMBEDDHLB         72.1236 -> 72.1263
72404,4 fw Controll.static MKFDGFOCKNO         72.0663 -> 72.1163
72404,4 fw Controll.static LEKCBKLAILO         72.1163 -> 72.1663
72404,4 fw Controll.static OFJKHAFJIMA          0.0011 -> 0.007
72404,5 fw PLH.static      ADJMBEDDHLB         72.1263 -> 72.1389
72404,5 fw PLH.static      CFIMEAFDJFM         67.9252 -> 67.9576
72414,2 fw PLH.static      ADJMBEDDHLB         72.1389 -> 72.1417
72420,0 fw player          ACAIGMNLLEC              23 -> 12
72420,1 fw Controll.static GIPNIMALPEG          0.9789 -> 0.8145
72420,1 fw PLH.static      ADJMBEDDHLB         72.1417 -> 72.1514
72420,1 fw PLH.static      CFIMEAFDJFM         67.9576 -> 67.97
72426,3 fw PLH.static      ADJMBEDDHLB         72.1514 -> 72.1572
72426,3 fw PLH.static      CFIMEAFDJFM           67.97 -> 67.9761
72431,5 fw PLH.static      ADJMBEDDHLB         72.1572 -> 72.1634
72437,5 fw PLH.static      ADJMBEDDHLB         72.1634 -> 72.1687
72437,5 fw PLH.static      CFIMEAFDJFM         67.9761 -> 67.9873
72443,8 fw Controll.static MKFDGFOCKNO         72.1163 -> 72.1663
72443,8 fw Controll.static LEKCBKLAILO         72.1663 -> 72.2163
72443,8 fw Controll.static OFJKHAFJIMA           0.007 -> 0.002
72443,8 fw PLH.static      ADJMBEDDHLB         72.1687 -> 72.1748
72443,8 fw PLH.static      CFIMEAFDJFM         67.9873 -> 67.9934
72453,0 fw PLH.static      ADJMBEDDHLB         72.1748 -> 72.1809
72455,3 fw PLH.static      ADJMBEDDHLB         72.1809 -> 72.1903
72455,3 fw PLH.static      CFIMEAFDJFM         67.9934 -> 68.0069
72465,5 fw Controll.static GIPNIMALPEG          0.8145 -> 0.7203
72465,6 fw PLH.static      ADJMBEDDHLB         72.1903 -> 72.1924
72465,6 fw PLH.static      CFIMEAFDJFM         68.0069 -> 68.0114
72470,7 fw Controll.static NAKNALFCOIF             8.7 -> 8.25
72470,7 fw Controll.static IGLCENGMMMJ            7.65 -> 7.35
72470,7 fw PLH.static      ADJMBEDDHLB         72.1924 -> 72.2029
72470,7 fw PLH.static      CFIMEAFDJFM         68.0114 -> 68.0204
72478,9 fw player          ACAIGMNLLEC              12 -> 8
72478,9 fw PLH.static      ADJMBEDDHLB         72.2029 -> 72.2079
72485,6 fw Controll.static MKFDGFOCKNO         72.1663 -> 72.2163
72485,6 fw Controll.static LEKCBKLAILO         72.2163 -> 72.2663
72485,6 fw PLH.static      ADJMBEDDHLB         72.2079 -> 72.2161
72485,6 fw PLH.static      CFIMEAFDJFM         68.0204 -> 68.0347
72490,4 fw Controll.static OFJKHAFJIMA           0.002 -> 0.0061
72490,5 fw PLH.static      ADJMBEDDHLB         72.2161 -> 72.2228
72496,6 fw PLH.static      ADJMBEDDHLB         72.2228 -> 72.2276
72502,6 fw Controll.static GIPNIMALPEG          0.7203 -> 0.465
72502,6 fw PLH.static      ADJMBEDDHLB         72.2276 -> 72.2337
72502,6 fw PLH.static      CFIMEAFDJFM         68.0347 -> 68.0526
72509,5 fw PLH.static      ADJMBEDDHLB         72.2337 -> 72.2397
72513,5 fw PLH.static      ADJMBEDDHLB         72.2397 -> 72.2466
72513,5 fw PLH.static      CFIMEAFDJFM         68.0526 -> 68.0649
72521,6 fw PLH.static      ADJMBEDDHLB         72.2466 -> 72.2506
72525,8 fw PLH.static      ADJMBEDDHLB         72.2506 -> 72.2588
72525,8 fw PLH.static      CFIMEAFDJFM         68.0649 -> 68.0775
72535,3 fw PLH.static      ADJMBEDDHLB         72.2588 -> 72.263
72535,3 fw PLH.static      CFIMEAFDJFM         68.0775 -> 68.0813
72537,2 fw Controll.static GIPNIMALPEG           0.465 -> 0.1579
72537,3 fw PLH.static      ADJMBEDDHLB          72.263 -> 72.2725
72537,3 fw PLH.static      CFIMEAFDJFM         68.0813 -> 68.0899
72547,6 fw Controll.static NAKNALFCOIF            8.25 -> 8.1
72547,6 fw Controll.static IGLCENGMMMJ            7.35 -> 7.2
72547,7 fw PLH.static      ADJMBEDDHLB         72.2725 -> 72.2744
72552,4 fw PLH.static      ADJMBEDDHLB         72.2744 -> 72.2849
72552,4 fw PLH.static      CFIMEAFDJFM         68.0899 -> 68.1029
72559,2 fw player          ACAIGMNLLEC               8 -> 6
72559,2 fw PLH.static      ADJMBEDDHLB         72.2849 -> 72.2895
72559,2 fw PLH.static      CFIMEAFDJFM         68.1029 -> 68.1084
72563,6 fw Controll.static MKFDGFOCKNO         72.2163 -> 72.2663
72563,6 fw Controll.static LEKCBKLAILO         72.2663 -> 72.3163
72563,6 fw Controll.static OFJKHAFJIMA          0.0061 -> 0.0057
72563,7 fw PLH.static      ADJMBEDDHLB         72.2895 -> 72.2964
72571,8 fw PLH.static      ADJMBEDDHLB         72.2964 -> 72.3008
72571,8 fw PLH.static      CFIMEAFDJFM         68.1084 -> 68.1196
72575,5 fw Controll.static GIPNIMALPEG          0.1579 -> 0.9228
72575,5 fw PLH.static      ADJMBEDDHLB         72.3008 -> 72.309
72575,5 fw PLH.static      CFIMEAFDJFM         68.1196 -> 68.1273
72587,9 fw Controll.static NAKNALFCOIF             8.1 -> 8.25
72588,0 fw PLH.static      ADJMBEDDHLB          72.309 -> 72.3127
72588,0 fw PLH.static      CFIMEAFDJFM         68.1273 -> 68.1315
72590,0 fw PLH.static      ADJMBEDDHLB         72.3127 -> 72.3252
72590,0 fw PLH.static      CFIMEAFDJFM         68.1315 -> 68.141
72601,7 fw PLH.static      ADJMBEDDHLB         72.3252 -> 72.3271
72604,6 fw Controll.static MKFDGFOCKNO         72.2663 -> 72.3164
72604,6 fw Controll.static LEKCBKLAILO         72.3163 -> 72.3664
72604,6 fw Controll.static OFJKHAFJIMA          0.0057 -> 0.0083
72604,6 fw PLH.static      ADJMBEDDHLB         72.3271 -> 72.3389
72604,6 fw PLH.static      CFIMEAFDJFM          68.141 -> 68.1565
72613,8 fw PLH.static      ADJMBEDDHLB         72.3389 -> 72.3418
72619,9 fw Controll.static GIPNIMALPEG          0.9228 -> 0.81
72619,9 fw PLH.static      ADJMBEDDHLB         72.3418 -> 72.3509
72619,9 fw PLH.static      CFIMEAFDJFM         68.1565 -> 68.1694
72625,9 fw Controll.static NAKNALFCOIF            8.25 -> 10.8
72625,9 fw Controll.static IGLCENGMMMJ             7.2 -> 7.5
72626,0 fw PLH.static      ADJMBEDDHLB         72.3509 -> 72.357
72634,1 fw PLH.static      ADJMBEDDHLB          72.357 -> 72.3631
72637,3 fw PLH.static      ADJMBEDDHLB         72.3631 -> 72.3712
72637,3 fw PLH.static      CFIMEAFDJFM         68.1694 -> 68.1899
72646,2 fw Controll.static MKFDGFOCKNO         72.3164 -> 72.3664
72646,2 fw Controll.static LEKCBKLAILO         72.3664 -> 72.4164
72646,2 fw Controll.static OFJKHAFJIMA          0.0083 -> 0.0045
72646,3 fw PLH.static      ADJMBEDDHLB         72.3712 -> 72.3744
72646,3 fw PLH.static      CFIMEAFDJFM         68.1899 -> 68.1933
72651,8 fw PLH.static      ADJMBEDDHLB         72.3744 -> 72.3835
72651,8 fw PLH.static      CFIMEAFDJFM         68.1933 -> 68.2017
72657,9 fw Controll.static GIPNIMALPEG            0.81 -> 0.5703
72657,9 fw PLH.static      ADJMBEDDHLB         72.3835 -> 72.3889
72657,9 fw PLH.static      CFIMEAFDJFM         68.2017 -> 68.2076
72663,1 fw Controll.static NAKNALFCOIF            10.8 -> 15.3
72663,2 fw PLH.static      ADJMBEDDHLB         72.3889 -> 72.395
72669,7 fw player          ACAIGMNLLEC               6 -> 5
72669,7 fw player          HEADELMLILF               1 -> 0
72669,8 fw Controll.static IGLCENGMMMJ             7.5 -> 8.55
72669,8 fw PLH.static      ADJMBEDDHLB          72.395 -> 72.4003
72669,8 fw PLH.static      CFIMEAFDJFM         68.2076 -> 68.2191
72673,9 fw PLH.static      ADJMBEDDHLB         72.4003 -> 72.4069
72683,7 fw Controll.static MKFDGFOCKNO         72.3664 -> 72.4164
72683,7 fw Controll.static LEKCBKLAILO         72.4164 -> 72.4664
72683,7 fw Controll.static OFJKHAFJIMA          0.0045 -> 0.0041
72683,7 fw PLH.static      ADJMBEDDHLB         72.4069 -> 72.411
72687,0 fw PLH.static      ADJMBEDDHLB          72.411 -> 72.4209
72695,8 fw PLH.static      ADJMBEDDHLB         72.4209 -> 72.4241
72701,4 fw Controll.static GIPNIMALPEG          0.5703 -> 0.4403
72701,4 fw PLH.static      ADJMBEDDHLB         72.4241 -> 72.4329
72708,4 fw Controll.static NAKNALFCOIF            15.3 -> 19.2
72708,4 fw Controll.static IGLCENGMMMJ            8.55 -> 9.3
72708,5 fw PLH.static      ADJMBEDDHLB         72.4329 -> 72.4387
72708,5 fw PLH.static      CFIMEAFDJFM         68.2191 -> 68.2574
72713,3 fw PLH.static      ADJMBEDDHLB         72.4387 -> 72.4456
72721,4 fw PLH.static      ADJMBEDDHLB         72.4456 -> 72.4506
72725,7 fw PLH.static      ADJMBEDDHLB         72.4506 -> 72.4587
72725,7 fw PLH.static      CFIMEAFDJFM         68.2574 -> 68.2774
72736,0 fw PLH.static      ADJMBEDDHLB         72.4587 -> 72.4629
72737,9 fw Controll.static GIPNIMALPEG          0.4403 -> 0.1704
72737,9 fw Controll.static LCMOBPPHLLM               0 -> 0.485
72737,9 fw PLH.static      ADJMBEDDHLB         72.4629 -> 72.4733
72751,1 fw Controll.static NAKNALFCOIF            19.2 -> 19.95
72751,1 fw Controll.static IGLCENGMMMJ             9.3 -> 9.6
72751,1 fw Controll.static EPEEFBDJAHO               0 -> 1
72751,1 fw Controll.static JEOINCHFPCC               0 -> 1
72751,1 fw PLH.static      ADJMBEDDHLB         72.4733 -> 72.4751
72752,9 fw PLH.static      ADJMBEDDHLB         72.4751 -> 72.4883
72752,9 fw PLH.static      CFIMEAFDJFM         68.2774 -> 68.3062
72763,1 fw PLH.static      ADJMBEDDHLB         72.4883 -> 72.49
72769,1 fw Controll.static MKFDGFOCKNO         72.4164 -> 72.4664
72769,1 fw Controll.static LEKCBKLAILO         72.4664 -> 72.5164
72769,1 fw Controll.static OFJKHAFJIMA          0.0041 -> 0.0064
72769,1 fw PLH.static      ADJMBEDDHLB           72.49 -> 72.5003
72769,1 fw PLH.static      CFIMEAFDJFM         68.3062 -> 68.3191
72774,3 fw PLH.static      ADJMBEDDHLB         72.5003 -> 72.5062
72780,4 fw Controll.static GIPNIMALPEG          0.1704 -> 0.019
72780,4 fw PLH.static      ADJMBEDDHLB         72.5062 -> 72.5114
72780,4 fw PLH.static      CFIMEAFDJFM         68.3191 -> 68.3303
72786,7 fw player          FGFKPMPLNKO               0 -> 68.8074
72786,8 fw PLH.static      ADJMBEDDHLB         72.5114 -> 72.5175
72791,3 fw PLH.static      ADJMBEDDHLB         72.5175 -> 72.5239
72791,3 fw PLH.static      CFIMEAFDJFM         68.3303 -> 68.3424
72799,9 fw PLH.static      ADJMBEDDHLB         72.5239 -> 72.5284
72803,2 fw Controll.static MKFDGFOCKNO         72.4664 -> 72.5164
72803,2 fw Controll.static LEKCBKLAILO         72.5164 -> 72.5664
72803,2 fw Controll.static OFJKHAFJIMA          0.0064 -> 0.0008
72803,2 fw PLH.static      ADJMBEDDHLB         72.5284 -> 72.537
72803,2 fw PLH.static      CFIMEAFDJFM         68.3424 -> 68.3559
72811,6 fw PLH.static      ADJMBEDDHLB          72.537 -> 72.5403
72817,0 fw Controll.static GIPNIMALPEG           0.019 -> 0.7527
72817,1 fw PLH.static      ADJMBEDDHLB         72.5403 -> 72.5487
72817,1 fw PLH.static      CFIMEAFDJFM         68.3559 -> 68.3671
72824,9 fw Controll.static NAKNALFCOIF           19.95 -> 19.8
72824,9 fw Controll.static IGLCENGMMMJ             9.6 -> 9.9
72825,0 fw PLH.static      ADJMBEDDHLB         72.5487 -> 72.5542
72825,0 fw PLH.static      CFIMEAFDJFM         68.3671 -> 68.3731
72828,9 fw player          ACAIGMNLLEC               5 -> 8
72828,9 fw player          HEADELMLILF               0 -> 1
72828,9 fw PLH.static      ADJMBEDDHLB         72.5542 -> 72.5621
72828,9 fw PLH.static      CFIMEAFDJFM         68.3731 -> 68.3797
72839,6 fw PLH.static      ADJMBEDDHLB         72.5621 -> 72.5661
72839,6 fw PLH.static      CFIMEAFDJFM         68.3797 -> 68.3844
72841,8 fw Controll.static MKFDGFOCKNO         72.5164 -> 72.5664
72841,8 fw Controll.static LEKCBKLAILO         72.5664 -> 72.6164
72841,8 fw Controll.static OFJKHAFJIMA          0.0008 -> 0.01
72841,8 fw PLH.static      ADJMBEDDHLB         72.5661 -> 72.5768
72841,8 fw PLH.static      CFIMEAFDJFM         68.3844 -> 68.3942
72852,1 fw PLH.static      ADJMBEDDHLB         72.5768 -> 72.579
72855,8 fw player          LNIDBHIAJJI               5 -> 6
72855,9 fw player          ACAIGMNLLEC               8 -> 12
72855,9 fw Controll.static GIPNIMALPEG          0.7527 -> 0.5287
72855,9 fw PLH.static      ADJMBEDDHLB          72.579 -> 72.5893
72855,9 fw PLH.static      CFIMEAFDJFM         68.3942 -> 68.4075
72867,1 fw Controll.static NAKNALFCOIF            19.8 -> 18.6
72867,1 fw Controll.static IGLCENGMMMJ             9.9 -> 10.8
72867,2 fw PLH.static      ADJMBEDDHLB         72.5893 -> 72.593
72867,2 fw PLH.static      CFIMEAFDJFM         68.4075 -> 68.4118
72869,4 fw PLH.static      ADJMBEDDHLB          72.593 -> 72.6043
72869,4 fw PLH.static      CFIMEAFDJFM         68.4118 -> 68.4221
72880,8 fw player          HIDMDLLHEKO               0 -> 1
72880,9 fw PLH.static      ADJMBEDDHLB         72.6043 -> 72.6067
72885,0 fw Controll.static MKFDGFOCKNO         72.5664 -> 72.6164
72885,0 fw Controll.static LEKCBKLAILO         72.6164 -> 72.6664
72885,0 fw Controll.static OFJKHAFJIMA            0.01 -> 0.0011
72885,0 fw PLH.static      ADJMBEDDHLB         72.6067 -> 72.618
72885,0 fw PLH.static      CFIMEAFDJFM         68.4221 -> 68.435
72892,9 fw player          ACAIGMNLLEC              12 -> 14
72892,9 fw player          CLOEJLAOIGI               0 -> 1
72893,0 fw PLH.static      ADJMBEDDHLB          72.618 -> 72.6222
72899,9 fw Controll.static GIPNIMALPEG          0.5287 -> 0.4096
72900,0 fw PLH.static      ADJMBEDDHLB         72.6222 -> 72.6301
72900,0 fw PLH.static      CFIMEAFDJFM          68.435 -> 68.4476
72905,5 fw Controll.static NAKNALFCOIF            18.6 -> 17.55
72905,5 fw PLH.static      ADJMBEDDHLB         72.6301 -> 72.6371
72911,1 fw Controll.static IGLCENGMMMJ            10.8 -> 11.4
72911,1 fw PLH.static      ADJMBEDDHLB         72.6371 -> 72.6427
72917,6 fw player          HEADELMLILF               1 -> 0
72917,7 fw PLH.static      ADJMBEDDHLB         72.6427 -> 72.6482
72922,9 fw PLH.static      ADJMBEDDHLB         72.6482 -> 72.6548
72923,0 fw PLH.static      CFIMEAFDJFM         68.4476 -> 68.4736
72931,0 fw PLH.static      ADJMBEDDHLB         72.6548 -> 72.6601
72931,0 fw PLH.static      CFIMEAFDJFM         68.4736 -> 68.4789
72936,3 fw PLH.static      ADJMBEDDHLB         72.6601 -> 72.6682
72936,3 fw PLH.static      CFIMEAFDJFM         68.4789 -> 68.4848
72944,3 fw Controll.static GIPNIMALPEG          0.4096 -> 0.2972
72944,4 fw PLH.static      ADJMBEDDHLB         72.6682 -> 72.6734
72953,0 fw Controll.static NAKNALFCOIF           17.55 -> 16.65
72953,0 fw Controll.static IGLCENGMMMJ            11.4 -> 11.7
72953,0 fw Controll.static JEOINCHFPCC               1 -> 0
72953,1 fw PLH.static      ADJMBEDDHLB         72.6734 -> 72.6816
72953,1 fw PLH.static      CFIMEAFDJFM         68.4848 -> 68.4984
72956,7 fw PLH.static      ADJMBEDDHLB         72.6816 -> 72.6902
72956,7 fw PLH.static      CFIMEAFDJFM         68.4984 -> 68.5067
72967,0 fw Controll.static MKFDGFOCKNO         72.6164 -> 72.6664
72967,0 fw Controll.static LEKCBKLAILO         72.6664 -> 72.7164
72967,0 fw PLH.static      ADJMBEDDHLB         72.6902 -> 72.6938
72967,0 fw PLH.static      CFIMEAFDJFM         68.5067 -> 68.5126
72970,8 fw player          LNIDBHIAJJI               6 -> 7
72970,8 fw player          ACAIGMNLLEC              14 -> 13
72970,9 fw PLH.static      ADJMBEDDHLB         72.6938 -> 72.7042
72970,9 fw PLH.static      CFIMEAFDJFM         68.5126 -> 68.5222
72978,7 fw player          HEADELMLILF               0 -> 1
72978,7 fw PLH.static      ADJMBEDDHLB         72.7042 -> 72.708
72985,3 fw Controll.static GIPNIMALPEG          0.2972 -> 0.1168
72985,4 fw PLH.static      ADJMBEDDHLB          72.708 -> 72.7159
72990,6 fw Controll.static EPEEFBDJAHO               1 -> 0
72990,7 fw PLH.static      ADJMBEDDHLB         72.7159 -> 72.7225
72990,7 fw PLH.static      CFIMEAFDJFM         68.5222 -> 68.5407
72999,7 fw PLH.static      ADJMBEDDHLB         72.7225 -> 72.7278
72999,7 fw PLH.static      CFIMEAFDJFM         68.5407 -> 68.5466
73001,8 fw player          ACAIGMNLLEC              13 -> 12
73001,9 fw PLH.static      ADJMBEDDHLB         72.7278 -> 72.7369
73012,4 fw Controll.static MKFDGFOCKNO         72.6664 -> 72.7165
73012,4 fw Controll.static LEKCBKLAILO         72.7164 -> 72.7665
73012,4 fw Controll.static OFJKHAFJIMA          0.0011 -> 0.0057
73012,4 fw PLH.static      ADJMBEDDHLB         72.7369 -> 72.739
73012,5 fw PLH.static      CFIMEAFDJFM         68.5466 -> 68.558
73016,8 fw PLH.static      ADJMBEDDHLB          72.739 -> 72.7496
73024,7 fw Controll.static GIPNIMALPEG          0.1168 -> 0.904
73024,7 fw PLH.static      ADJMBEDDHLB         72.7496 -> 72.7539
73029,1 fw Controll.static NAKNALFCOIF           16.65 -> 16.5
73029,1 fw PLH.static      ADJMBEDDHLB         72.7539 -> 72.7618
73037,4 fw PLH.static      ADJMBEDDHLB         72.7618 -> 72.7662
73040,9 fw PLH.static      ADJMBEDDHLB         72.7662 -> 72.7745
73040,9 fw PLH.static      CFIMEAFDJFM          68.558 -> 68.5931
73050,6 fw Controll.static MKFDGFOCKNO         72.7165 -> 72.7665
73050,6 fw Controll.static LEKCBKLAILO         72.7665 -> 72.8165
73050,6 fw Controll.static OFJKHAFJIMA          0.0057 -> 0.0076
73050,6 fw PLH.static      ADJMBEDDHLB         72.7745 -> 72.778
73050,7 fw PLH.static      CFIMEAFDJFM         68.5931 -> 68.5969
73054,0 fw PLH.static      ADJMBEDDHLB          72.778 -> 72.7878
73054,0 fw PLH.static      CFIMEAFDJFM         68.5969 -> 68.606
73063,4 fw Controll.static GIPNIMALPEG           0.904 -> 0.6793
73063,5 fw PLH.static      ADJMBEDDHLB         72.7878 -> 72.7912
73070,1 fw PLH.static      ADJMBEDDHLB         72.7912 -> 72.8006
73070,1 fw PLH.static      CFIMEAFDJFM          68.606 -> 68.6193
73075,1 fw PLH.static      ADJMBEDDHLB         72.8006 -> 72.8073
73084,0 fw player          LNIDBHIAJJI               7 -> 8
73084,1 fw PLH.static      ADJMBEDDHLB         72.8073 -> 72.8122
73084,1 fw PLH.static      CFIMEAFDJFM         68.6193 -> 68.6311
73087,3 fw player          HEADELMLILF               1 -> 0
73087,3 fw Controll.static MKFDGFOCKNO         72.7665 -> 72.8165
73087,3 fw Controll.static LEKCBKLAILO         72.8165 -> 72.8665
73087,3 fw Controll.static OFJKHAFJIMA          0.0076 -> 0.0044
73087,3 fw PLH.static      ADJMBEDDHLB         72.8122 -> 72.8212
73096,2 fw PLH.static      ADJMBEDDHLB         72.8212 -> 72.8244
73102,2 fw player          HOJIIOCKKLO               1 -> -1
73102,2 fw Controll.static GIPNIMALPEG          0.6793 -> 0.4545
73102,3 fw PLH.static      ADJMBEDDHLB         72.8244 -> 72.8334
73102,3 fw PLH.static      CFIMEAFDJFM         68.6311 -> 68.6522
73109,1 fw Controll.static NAKNALFCOIF            16.5 -> 18.75
73109,1 fw Controll.static IGLCENGMMMJ            11.7 -> 12.3
73109,2 fw PLH.static      ADJMBEDDHLB         72.8334 -> 72.8394
73116,2 fw PLH.static      ADJMBEDDHLB         72.8394 -> 72.8463
73116,2 fw PLH.static      CFIMEAFDJFM         68.6522 -> 68.6647
73120,4 fw PLH.static      ADJMBEDDHLB         72.8463 -> 72.8533
73120,4 fw PLH.static      CFIMEAFDJFM         68.6647 -> 68.6721
73131,1 fw Controll.static MKFDGFOCKNO         72.8165 -> 72.8665
73131,1 fw Controll.static LEKCBKLAILO         72.8665 -> 72.9165
73131,1 fw Controll.static OFJKHAFJIMA          0.0044 -> 0.0014
73131,1 fw PLH.static      ADJMBEDDHLB         72.8533 -> 72.8575
73131,1 fw PLH.static      CFIMEAFDJFM         68.6721 -> 68.6763
73135,1 fw player          HIDMDLLHEKO               1 -> 0
73135,1 fw PLH.static      ADJMBEDDHLB         72.8575 -> 72.8682
73144,1 fw player          ACAIGMNLLEC              12 -> 11
73144,1 fw player          HEADELMLILF               0 -> 1
73144,1 fw Controll.static GIPNIMALPEG          0.4545 -> 0.292
73144,2 fw PLH.static      ADJMBEDDHLB         72.8682 -> 72.8722
73150,4 fw Controll.static NAKNALFCOIF           18.75 -> 33.9
73150,5 fw PLH.static      ADJMBEDDHLB         72.8722 -> 72.8814
73150,5 fw PLH.static      CFIMEAFDJFM         68.6763 -> 68.6985
73158,4 fw Controll.static IGLCENGMMMJ            12.3 -> 12.6
73158,4 fw PLH.static      ADJMBEDDHLB         72.8814 -> 72.8876
73164,4 fw PLH.static      ADJMBEDDHLB         72.8876 -> 72.8956
73175,0 fw PLH.static      ADJMBEDDHLB         72.8956 -> 72.9016
73175,0 fw PLH.static      CFIMEAFDJFM         68.6985 -> 68.7183
73178,9 fw PLH.static      ADJMBEDDHLB         72.9016 -> 72.9121
73190,9 fw PLH.static      ADJMBEDDHLB         72.9121 -> 72.916
73195,3 fw Controll.static GIPNIMALPEG           0.292 -> 0.3163
73195,4 fw PLH.static      ADJMBEDDHLB          72.916 -> 72.928
73195,4 fw PLH.static      CFIMEAFDJFM         68.7183 -> 68.7451
73208,1 fw Controll.static NAKNALFCOIF            33.9 -> 96.75
73208,2 fw PLH.static      ADJMBEDDHLB          72.928 -> 72.9325
73211,8 fw PLH.static      ADJMBEDDHLB         72.9325 -> 72.9453
73211,8 fw PLH.static      CFIMEAFDJFM         68.7451 -> 68.7617
73225,8 fw Controll.static MKFDGFOCKNO         72.8665 -> 72.9165
73225,8 fw Controll.static LEKCBKLAILO         72.9165 -> 72.9665
73225,9 fw PLH.static      ADJMBEDDHLB         72.9453 -> 72.9489
73232,7 fw Controll.static OFJKHAFJIMA          0.0014 -> 0.0029
73232,7 fw PLH.static      ADJMBEDDHLB         72.9489 -> 72.963
73232,7 fw PLH.static      CFIMEAFDJFM         68.7617 -> 68.7805
73242,1 fw PLH.static      ADJMBEDDHLB          72.963 -> 72.9698
73251,3 fw player          HEADELMLILF               1 -> 0
73251,3 fw Controll.static GIPNIMALPEG          0.3163 -> 0.4365
73251,4 fw PLH.static      ADJMBEDDHLB         72.9698 -> 72.9792
73251,4 fw PLH.static      CFIMEAFDJFM         68.7805 -> 68.7968
73259,4 fw Controll.static NAKNALFCOIF           96.75 -> 130.35
73259,4 fw PLH.static      ADJMBEDDHLB         72.9792 -> 72.9885
73259,4 fw PLH.static      CFIMEAFDJFM         68.7968 -> 68.8055
73269,7 fw PLH.static      ADJMBEDDHLB         72.9885 -> 72.9966
73269,8 fw PLH.static      CFIMEAFDJFM         68.8055 -> 68.8141
73276,5 fw PLH.static      ADJMBEDDHLB         72.9966 -> 73.0069
73276,5 fw PLH.static      CFIMEAFDJFM         68.8141 -> 68.8237
73288,1 fw Controll.static MKFDGFOCKNO         72.9165 -> 73.0165
73288,1 fw Controll.static LEKCBKLAILO         72.9665 -> 73.0665
73288,1 fw Controll.static OFJKHAFJIMA          0.0029 -> 0.0084
73288,2 fw PLH.static      ADJMBEDDHLB         73.0069 -> 73.0137
73288,2 fw PLH.static      CFIMEAFDJFM         68.8237 -> 68.8313
73293,3 fw PLH.static      ADJMBEDDHLB         73.0137 -> 73.0253
73293,3 fw PLH.static      CFIMEAFDJFM         68.8313 -> 68.8424
73305,9 fw Controll.static GIPNIMALPEG          0.4365 -> 0.5273
73305,9 fw PLH.static      ADJMBEDDHLB         73.0253 -> 73.0304
73305,9 fw PLH.static      CFIMEAFDJFM         68.8424 -> 68.8492
73311,8 fw Controll.static NAKNALFCOIF          130.35 -> 139.8
73311,9 fw PLH.static      ADJMBEDDHLB         73.0304 -> 73.0431
73311,9 fw PLH.static      CFIMEAFDJFM         68.8492 -> 68.8612
73323,3 fw player          ACAIGMNLLEC              11 -> 18
73323,3 fw player          HEADELMLILF               0 -> 1
73323,3 fw PLH.static      ADJMBEDDHLB         73.0431 -> 73.049
73323,3 fw PLH.static      CFIMEAFDJFM         68.8612 -> 68.8674
73332,7 fw PLH.static      ADJMBEDDHLB          73.049 -> 73.0605
73332,7 fw PLH.static      CFIMEAFDJFM         68.8674 -> 68.8783
73341,2 fw Controll.static MKFDGFOCKNO         73.0165 -> 73.0665
73341,2 fw Controll.static LEKCBKLAILO         73.0665 -> 73.1165
73341,2 fw Controll.static OFJKHAFJIMA          0.0084 -> 0.0029
73341,2 fw PLH.static      ADJMBEDDHLB         73.0605 -> 73.0698
73341,2 fw PLH.static      CFIMEAFDJFM         68.8783 -> 68.8878
73349,5 fw PLH.static      ADJMBEDDHLB         73.0698 -> 73.0784
73349,5 fw PLH.static      CFIMEAFDJFM         68.8878 -> 68.8971
73356,6 fw player          ACAIGMNLLEC              18 -> 49
73356,6 fw Controll.static GIPNIMALPEG          0.5273 -> 0.5404
73356,6 fw Controll.static LCMOBPPHLLM           0.485 -> 0
73356,6 fw PLH.static      ADJMBEDDHLB         73.0784 -> 73.0867
73356,6 fw PLH.static      CFIMEAFDJFM         68.8971 -> 68.9047
73367,4 fw Controll.static NAKNALFCOIF           139.8 -> 139.95
73367,5 fw PLH.static      ADJMBEDDHLB         73.0867 -> 73.0937
73367,5 fw PLH.static      CFIMEAFDJFM         68.9047 -> 68.9125
73373,1 fw Controll.static DGNDKAKOEPD         2414972 -> 2415983
73373,1 fw Controll.static BEJBLGGGOCC       339994266 -> 339995272
73373,1 fw Controll.static JELGPAKAJPE             135 -> 142
73373,1 fw Controll.static EENJPDHGGGC         72.0586 -> 73.0698
73373,1 fw PLH.static      ADJMBEDDHLB         73.0937 -> 73.1046
73373,1 fw PLH.static      CFIMEAFDJFM         68.9125 -> 68.9227
73385,1 fw PLH.static      ADJMBEDDHLB         73.1046 -> 73.1103
73385,1 fw PLH.static      CFIMEAFDJFM         68.9227 -> 68.929
73390,8 fw Controll.static MKFDGFOCKNO         73.0665 -> 73.1165
73390,8 fw Controll.static LEKCBKLAILO         73.1165 -> 73.1665
73390,8 fw Controll.static OFJKHAFJIMA          0.0029 -> 0.0054
73390,9 fw PLH.static      ADJMBEDDHLB         73.1103 -> 73.1223
73390,9 fw PLH.static      CFIMEAFDJFM          68.929 -> 68.9403
73401,7 fw player          ACAIGMNLLEC              49 -> 83
73401,7 fw PLH.static      ADJMBEDDHLB         73.1223 -> 73.128
73401,7 fw PLH.static      CFIMEAFDJFM         68.9403 -> 68.9468
73408,4 fw Controll.static GIPNIMALPEG          0.5404 -> 0.5764
73408,4 fw PLH.static      ADJMBEDDHLB          73.128 -> 73.1388
73408,4 fw PLH.static      CFIMEAFDJFM         68.9468 -> 68.9576
73418,0 fw PLH.static      ADJMBEDDHLB         73.1388 -> 73.1455
73426,3 fw PLH.static      ADJMBEDDHLB         73.1455 -> 73.1551
73426,3 fw PLH.static      CFIMEAFDJFM         68.9576 -> 68.9739
73434,4 fw player          ACAIGMNLLEC              83 -> 98
73434,4 fw PLH.static      ADJMBEDDHLB         73.1551 -> 73.1634
73434,4 fw PLH.static      CFIMEAFDJFM         68.9739 -> 68.9817
73442,2 fw Controll.static MKFDGFOCKNO         73.1165 -> 73.1665
73442,2 fw Controll.static LEKCBKLAILO         73.1665 -> 73.2166
73442,2 fw Controll.static OFJKHAFJIMA          0.0054 -> 0.0046
73442,2 fw PLH.static      ADJMBEDDHLB         73.1634 -> 73.1715
73442,2 fw PLH.static      CFIMEAFDJFM         68.9817 -> 68.99
73451,7 fw PLH.static      ADJMBEDDHLB         73.1715 -> 73.1794
73458,2 fw Controll.static GIPNIMALPEG          0.5764 -> 0.5729
73458,2 fw PLH.static      ADJMBEDDHLB         73.1794 -> 73.1888
73458,2 fw PLH.static      CFIMEAFDJFM           68.99 -> 69.007
73469,1 fw player          ACAIGMNLLEC              98 -> 99
73469,1 fw player          CLOEJLAOIGI               1 -> 0
73469,1 fw PLH.static      ADJMBEDDHLB         73.1888 -> 73.1954
73477,0 fw PLH.static      ADJMBEDDHLB         73.1954 -> 73.2062
73477,0 fw PLH.static      CFIMEAFDJFM          69.007 -> 69.0244
73488,2 fw PLH.static      ADJMBEDDHLB         73.2062 -> 73.2142
73488,2 fw PLH.static      CFIMEAFDJFM         69.0244 -> 69.0315
73492,6 fw Controll.static MKFDGFOCKNO         73.1665 -> 73.2166
73492,6 fw Controll.static LEKCBKLAILO         73.2166 -> 73.2666
73492,6 fw Controll.static OFJKHAFJIMA          0.0046 -> 0.0084
73492,7 fw PLH.static      ADJMBEDDHLB         73.2142 -> 73.2253
73492,7 fw PLH.static      CFIMEAFDJFM         69.0315 -> 69.0422
73507,0 fw PLH.static      ADJMBEDDHLB         73.2253 -> 73.2298
73512,6 fw player          HEADELMLILF               1 -> 0
73512,7 fw PLH.static      ADJMBEDDHLB         73.2298 -> 73.2443
73512,7 fw PLH.static      CFIMEAFDJFM         69.0422 -> 69.0616
73524,5 fw Controll.static GIPNIMALPEG          0.5729 -> 0.899
73524,6 fw PLH.static      ADJMBEDDHLB         73.2443 -> 73.2499
73524,6 fw PLH.static      CFIMEAFDJFM         69.0616 -> 69.0682
73533,4 fw Controll.static NAKNALFCOIF          139.95 -> 144.3
73533,4 fw PLH.static      ADJMBEDDHLB         73.2499 -> 73.2617
73533,4 fw PLH.static      CFIMEAFDJFM         69.0682 -> 69.0795
73544,1 fw PLH.static      ADJMBEDDHLB         73.2617 -> 73.2705
73544,1 fw PLH.static      CFIMEAFDJFM         69.0795 -> 69.0876
73550,6 fw Controll.static MKFDGFOCKNO         73.2166 -> 73.2666
73550,6 fw Controll.static LEKCBKLAILO         73.2666 -> 73.3166
73550,7 fw PLH.static      ADJMBEDDHLB         73.2705 -> 73.2813
73550,7 fw PLH.static      CFIMEAFDJFM         69.0876 -> 69.0976
73563,0 fw Controll.static OFJKHAFJIMA          0.0084 -> 0.0036
73563,1 fw PLH.static      ADJMBEDDHLB         73.2813 -> 73.2878
73571,1 fw PLH.static      ADJMBEDDHLB         73.2878 -> 73.3004
73571,1 fw PLH.static      CFIMEAFDJFM         69.0976 -> 69.1176
73584,0 fw Controll.static GIPNIMALPEG           0.899 -> 0.0887
73584,1 fw PLH.static      ADJMBEDDHLB         73.3004 -> 73.3082
73584,1 fw PLH.static      CFIMEAFDJFM         69.1176 -> 69.1253
73589,0 fw Controll.static NAKNALFCOIF           144.3 -> 153.15
73589,0 fw Controll.static IGLCENGMMMJ            12.6 -> 12.3
73589,0 fw PLH.static      ADJMBEDDHLB         73.3082 -> 73.3212
73589,0 fw PLH.static      CFIMEAFDJFM         69.1253 -> 69.1373
73602,5 fw PLH.static      ADJMBEDDHLB         73.3212 -> 73.3261
73602,5 fw PLH.static      CFIMEAFDJFM         69.1373 -> 69.1444
73608,5 fw PLH.static      ADJMBEDDHLB         73.3261 -> 73.3397
73608,5 fw PLH.static      CFIMEAFDJFM         69.1444 -> 69.1573
73619,2 fw Controll.static MKFDGFOCKNO         73.2666 -> 73.3166
73619,2 fw Controll.static LEKCBKLAILO         73.3166 -> 73.3666
73619,2 fw Controll.static OFJKHAFJIMA          0.0036 -> 0.0042
73619,2 fw PLH.static      ADJMBEDDHLB         73.3397 -> 73.3456
73619,2 fw PLH.static      CFIMEAFDJFM         69.1573 -> 69.1638
73626,5 # net: TcpClient.Connected = True
73626,5 fw player          ACAIGMNLLEC              99 -> 100
73626,5 fw player          HEADELMLILF               0 -> 1
73626,6 fw PLH.static      ADJMBEDDHLB         73.3456 -> 73.3563
73626,6 fw PLH.static      CFIMEAFDJFM         69.1638 -> 69.175
73634,9 fw Controll.static GIPNIMALPEG          0.0887 -> 0.1054
73634,9 fw PLH.static      ADJMBEDDHLB         73.3563 -> 73.3637
73634,9 fw PLH.static      CFIMEAFDJFM          69.175 -> 69.1817
73643,6 fw Controll.static NAKNALFCOIF          153.15 -> 159.3
73643,6 fw Controll.static IGLCENGMMMJ            12.3 -> 11.25
73643,7 fw PLH.static      ADJMBEDDHLB         73.3637 -> 73.372
73643,7 fw PLH.static      CFIMEAFDJFM         69.1817 -> 69.1905
73654,2 fw PLH.static      ADJMBEDDHLB          73.372 -> 73.3808
73654,2 fw PLH.static      CFIMEAFDJFM         69.1905 -> 69.1993
73659,1 fw player          ACAIGMNLLEC             100 -> 102
73659,1 fw PLH.static      ADJMBEDDHLB         73.3808 -> 73.3913
73671,8 fw Controll.static MKFDGFOCKNO         73.3166 -> 73.3666
73671,9 fw Controll.static LEKCBKLAILO         73.3666 -> 73.4166
73671,9 fw Controll.static OFJKHAFJIMA          0.0042 -> 0.0051
73671,9 fw PLH.static      ADJMBEDDHLB         73.3913 -> 73.3963
73671,9 fw PLH.static      CFIMEAFDJFM         69.1993 -> 69.2151
73678,0 fw PLH.static      ADJMBEDDHLB         73.3963 -> 73.4091
73678,0 fw PLH.static      CFIMEAFDJFM         69.2151 -> 69.2273
73688,9 fw Controll.static GIPNIMALPEG          0.1054 -> 0.1856
73688,9 fw PLH.static      ADJMBEDDHLB         73.4091 -> 73.4152
73688,9 fw PLH.static      CFIMEAFDJFM         69.2273 -> 69.2339
73694,0 fw Controll.static NAKNALFCOIF           159.3 -> 162.45
73694,0 fw Controll.static IGLCENGMMMJ           11.25 -> 10.5
73694,0 fw PLH.static      ADJMBEDDHLB         73.4152 -> 73.4261
73694,0 fw PLH.static      CFIMEAFDJFM         69.2339 -> 69.2434
73705,4 fw player          ACAIGMNLLEC             102 -> 108
73705,4 fw PLH.static      ADJMBEDDHLB         73.4261 -> 73.4311
73705,4 fw PLH.static      CFIMEAFDJFM         69.2434 -> 69.25
73711,3 fw PLH.static      ADJMBEDDHLB         73.4311 -> 73.4426
73711,3 fw PLH.static      CFIMEAFDJFM           69.25 -> 69.261
73720,9 fw Controll.static MKFDGFOCKNO         73.3666 -> 73.4166
73720,9 fw Controll.static LEKCBKLAILO         73.4166 -> 73.4666
73721,0 fw Controll.static OFJKHAFJIMA          0.0051 -> 0.0091
73721,0 fw PLH.static      ADJMBEDDHLB         73.4426 -> 73.4484
73729,0 fw PLH.static      ADJMBEDDHLB         73.4484 -> 73.4581
73729,0 fw PLH.static      CFIMEAFDJFM          69.261 -> 69.2767
73736,3 fw Controll.static GIPNIMALPEG          0.1856 -> 0.1339
73736,3 fw PLH.static      ADJMBEDDHLB         73.4581 -> 73.4663
73745,0 fw Controll.static NAKNALFCOIF          162.45 -> 162.75
73745,1 fw PLH.static      ADJMBEDDHLB         73.4663 -> 73.4735
73745,1 fw PLH.static      CFIMEAFDJFM         69.2767 -> 69.2922
73752,1 fw PLH.static      ADJMBEDDHLB         73.4735 -> 73.4824
73752,1 fw PLH.static      CFIMEAFDJFM         69.2922 -> 69.3003
73764,0 fw PLH.static      ADJMBEDDHLB         73.4824 -> 73.4892
73764,0 fw PLH.static      CFIMEAFDJFM         69.3003 -> 69.3081
73769,9 fw player          ACAIGMNLLEC             108 -> 112
73769,9 fw Controll.static MKFDGFOCKNO         73.4166 -> 73.4666
73769,9 fw Controll.static LEKCBKLAILO         73.4666 -> 73.5166
73769,9 fw Controll.static OFJKHAFJIMA          0.0091 -> 0.0065
73769,9 fw PLH.static      ADJMBEDDHLB         73.4892 -> 73.5012
73770,0 fw PLH.static      CFIMEAFDJFM         69.3081 -> 69.32
73781,0 fw PLH.static      ADJMBEDDHLB         73.5012 -> 73.5071
73786,6 fw Controll.static GIPNIMALPEG          0.1339 -> 0.1391
73786,6 fw PLH.static      ADJMBEDDHLB         73.5071 -> 73.5181
73786,6 fw PLH.static      CFIMEAFDJFM           69.32 -> 69.3368
73797,2 fw PLH.static      ADJMBEDDHLB         73.5181 -> 73.5237
73802,9 fw player          LNIDBHIAJJI               8 -> 7
73802,9 fw player          ACAIGMNLLEC             112 -> 115
73802,9 fw PLH.static      ADJMBEDDHLB         73.5237 -> 73.5344
73802,9 fw PLH.static      CFIMEAFDJFM         69.3368 -> 69.3533
73814,4 fw PLH.static      ADJMBEDDHLB         73.5344 -> 73.5401
73814,5 fw PLH.static      CFIMEAFDJFM         69.3533 -> 69.359
73819,5 fw Controll.static MKFDGFOCKNO         73.4666 -> 73.5166
73819,5 fw Controll.static LEKCBKLAILO         73.5166 -> 73.5666
73819,5 fw Controll.static OFJKHAFJIMA          0.0065 -> 0.0012
73819,6 fw PLH.static      ADJMBEDDHLB         73.5401 -> 73.5516
73819,6 fw PLH.static      CFIMEAFDJFM          69.359 -> 69.37
73830,8 fw PLH.static      ADJMBEDDHLB         73.5516 -> 73.5567
73835,9 fw PLH.static      ADJMBEDDHLB         73.5567 -> 73.568
73835,9 fw PLH.static      CFIMEAFDJFM           69.37 -> 69.3862
73848,3 fw Controll.static GIPNIMALPEG          0.1391 -> 0.3733
73848,3 fw PLH.static      ADJMBEDDHLB          73.568 -> 73.5731
73848,3 fw PLH.static      CFIMEAFDJFM         69.3862 -> 69.392
73853,3 fw PLH.static      ADJMBEDDHLB         73.5731 -> 73.5855
73866,3 fw PLH.static      ADJMBEDDHLB         73.5855 -> 73.5904
73866,3 fw PLH.static      CFIMEAFDJFM          69.392 -> 69.4093
73872,3 fw Controll.static MKFDGFOCKNO         73.5166 -> 73.5666
73872,3 fw Controll.static LEKCBKLAILO         73.5666 -> 73.6166
73872,3 fw PLH.static      ADJMBEDDHLB         73.5904 -> 73.6034
73872,3 fw PLH.static      CFIMEAFDJFM         69.4093 -> 69.4217
73882,6 fw player          HEADELMLILF               1 -> 0
73882,7 fw Controll.static OFJKHAFJIMA          0.0012 -> 0.0029
73882,7 fw PLH.static      ADJMBEDDHLB         73.6034 -> 73.6094
73882,7 fw PLH.static      CFIMEAFDJFM         69.4217 -> 69.4283
73890,2 fw PLH.static      ADJMBEDDHLB         73.6094 -> 73.6206
73890,2 fw PLH.static      CFIMEAFDJFM         69.4283 -> 69.4386
73900,1 fw Controll.static GIPNIMALPEG          0.3733 -> 0.4089
73900,1 fw PLH.static      ADJMBEDDHLB         73.6206 -> 73.6273
73900,1 fw PLH.static      CFIMEAFDJFM         69.4386 -> 69.4448
73906,9 fw Controll.static NAKNALFCOIF          162.75 -> 163.5
73906,9 fw Controll.static IGLCENGMMMJ            10.5 -> 10.35
73907,0 fw PLH.static      ADJMBEDDHLB         73.6273 -> 73.6372
73907,0 fw PLH.static      CFIMEAFDJFM         69.4448 -> 69.4552
73917,2 fw PLH.static      ADJMBEDDHLB         73.6372 -> 73.6441
73917,2 fw PLH.static      CFIMEAFDJFM         69.4552 -> 69.4616
73923,3 fw PLH.static      ADJMBEDDHLB         73.6441 -> 73.6543
73923,3 fw PLH.static      CFIMEAFDJFM         69.4616 -> 69.4723
73933,4 fw Controll.static MKFDGFOCKNO         73.5666 -> 73.6666
73933,4 fw Controll.static LEKCBKLAILO         73.6166 -> 73.7166
73933,4 fw Controll.static OFJKHAFJIMA          0.0029 -> 0.0036
73933,5 fw PLH.static      ADJMBEDDHLB         73.6543 -> 73.6605
73933,5 fw PLH.static      CFIMEAFDJFM         69.4723 -> 69.4784
73939,2 fw PLH.static      ADJMBEDDHLB         73.6605 -> 73.6706
73939,2 fw PLH.static      CFIMEAFDJFM         69.4784 -> 69.4888
73949,4 fw Controll.static GIPNIMALPEG          0.4089 -> 0.3958
73949,5 fw PLH.static      ADJMBEDDHLB         73.6706 -> 73.6764
73949,5 fw PLH.static      CFIMEAFDJFM         69.4888 -> 69.4951
73955,7 fw Controll.static NAKNALFCOIF           163.5 -> 167.1
73955,7 fw Controll.static IGLCENGMMMJ           10.35 -> 9.6
73955,7 fw PLH.static      ADJMBEDDHLB         73.6764 -> 73.6866
73955,7 fw PLH.static      CFIMEAFDJFM         69.4951 -> 69.5048
73967,7 fw PLH.static      ADJMBEDDHLB         73.6866 -> 73.6929
73967,7 fw PLH.static      CFIMEAFDJFM         69.5048 -> 69.5116
73973,0 fw PLH.static      ADJMBEDDHLB         73.6929 -> 73.7049
73973,0 fw PLH.static      CFIMEAFDJFM         69.5116 -> 69.5219
73987,0 fw Controll.static MKFDGFOCKNO         73.6666 -> 73.7166
73987,0 fw Controll.static LEKCBKLAILO         73.7166 -> 73.7666
73987,0 fw Controll.static OFJKHAFJIMA          0.0036 -> 0.0072
73987,1 fw PLH.static      ADJMBEDDHLB         73.7049 -> 73.7101
73992,4 fw PLH.static      ADJMBEDDHLB         73.7101 -> 73.7242
73992,4 fw PLH.static      CFIMEAFDJFM         69.5219 -> 69.5414
74004,2 fw Controll.static GIPNIMALPEG          0.3958 -> 0.4913
74004,2 fw PLH.static      ADJMBEDDHLB         73.7242 -> 73.7296
74011,2 fw Controll.static NAKNALFCOIF           167.1 -> 170.1
74011,2 fw Controll.static IGLCENGMMMJ             9.6 -> 9
74011,2 fw PLH.static      ADJMBEDDHLB         73.7296 -> 73.7414
74011,2 fw PLH.static      CFIMEAFDJFM         69.5414 -> 69.5592
74020,6 fw PLH.static      ADJMBEDDHLB         73.7414 -> 73.7483
74027,7 fw PLH.static      ADJMBEDDHLB         73.7483 -> 73.7578
74038,5 fw Controll.static MKFDGFOCKNO         73.7166 -> 73.7666
74038,5 fw Controll.static LEKCBKLAILO         73.7666 -> 73.8166
74038,5 fw Controll.static OFJKHAFJIMA          0.0072 -> 0.0087
74038,6 fw PLH.static      ADJMBEDDHLB         73.7578 -> 73.7648
74046,2 fw PLH.static      ADJMBEDDHLB         73.7648 -> 73.7757
74046,2 fw PLH.static      CFIMEAFDJFM         69.5592 -> 69.593
74057,1 fw Controll.static GIPNIMALPEG          0.4913 -> 0.5494
74057,2 fw PLH.static      ADJMBEDDHLB         73.7757 -> 73.7834
74057,2 fw PLH.static      CFIMEAFDJFM          69.593 -> 69.5995
74066,2 fw Controll.static NAKNALFCOIF           170.1 -> 171.3
74066,2 fw Controll.static IGLCENGMMMJ               9 -> 8.7
74066,2 fw PLH.static      ADJMBEDDHLB         73.7834 -> 73.7943
74072,8 fw PLH.static      ADJMBEDDHLB         73.7943 -> 73.8033
74072,8 fw PLH.static      CFIMEAFDJFM         69.5995 -> 69.6203
74082,4 fw PLH.static      ADJMBEDDHLB         73.8033 -> 73.81
74082,4 fw PLH.static      CFIMEAFDJFM         69.6203 -> 69.6288
74088,2 fw Controll.static MKFDGFOCKNO         73.7666 -> 73.8166
74088,2 fw Controll.static LEKCBKLAILO         73.8166 -> 73.8666
74088,2 fw Controll.static OFJKHAFJIMA          0.0087 -> 0.0025
74088,2 fw PLH.static      ADJMBEDDHLB           73.81 -> 73.8196
74088,2 fw PLH.static      CFIMEAFDJFM         69.6288 -> 69.6382
74098,4 fw player          ACAIGMNLLEC             115 -> 117
74098,4 fw PLH.static      ADJMBEDDHLB         73.8196 -> 73.8254
74105,0 fw player          HEADELMLILF               0 -> 1
74105,1 fw Controll.static GIPNIMALPEG          0.5494 -> 0.5076
74105,1 fw PLH.static      ADJMBEDDHLB         73.8254 -> 73.8356
74105,1 fw PLH.static      CFIMEAFDJFM         69.6382 -> 69.6544
74114,4 fw PLH.static      ADJMBEDDHLB         73.8356 -> 73.8423
74114,4 fw PLH.static      CFIMEAFDJFM         69.6544 -> 69.6605
74120,5 fw PLH.static      ADJMBEDDHLB         73.8423 -> 73.8515
74120,5 fw PLH.static      CFIMEAFDJFM         69.6605 -> 69.6703
74130,9 fw PLH.static      ADJMBEDDHLB         73.8515 -> 73.8577
74130,9 fw PLH.static      CFIMEAFDJFM         69.6703 -> 69.6765
74136,9 fw player          ACAIGMNLLEC             117 -> 120
74136,9 fw Controll.static MKFDGFOCKNO         73.8166 -> 73.8666
74136,9 fw Controll.static LEKCBKLAILO         73.8666 -> 73.9166
74137,0 fw Controll.static OFJKHAFJIMA          0.0025 -> 0.001
74137,0 fw PLH.static      ADJMBEDDHLB         73.8577 -> 73.868
74137,0 fw PLH.static      CFIMEAFDJFM         69.6765 -> 69.6861
74147,2 fw PLH.static      ADJMBEDDHLB          73.868 -> 73.8742
74147,2 fw PLH.static      CFIMEAFDJFM         69.6861 -> 69.693
74152,6 fw PLH.static      ADJMBEDDHLB         73.8742 -> 73.8843
74152,6 fw PLH.static      CFIMEAFDJFM          69.693 -> 69.7026
74163,5 fw Controll.static GIPNIMALPEG          0.5076 -> 0.6771
74163,6 fw PLH.static      ADJMBEDDHLB         73.8843 -> 73.8897
74170,7 fw player          LNIDBHIAJJI               7 -> 6
74170,7 fw player          ACAIGMNLLEC             120 -> 121
74170,7 fw PLH.static      ADJMBEDDHLB         73.8897 -> 73.9007
74170,7 fw PLH.static      CFIMEAFDJFM         69.7026 -> 69.7195
74180,3 fw PLH.static      ADJMBEDDHLB         73.9007 -> 73.9079
74180,4 fw PLH.static      CFIMEAFDJFM         69.7195 -> 69.7261
74186,4 fw Controll.static MKFDGFOCKNO         73.8666 -> 73.9166
74186,4 fw Controll.static LEKCBKLAILO         73.9166 -> 73.9667
74186,4 fw PLH.static      ADJMBEDDHLB         73.9079 -> 73.9175
74186,4 fw PLH.static      CFIMEAFDJFM         69.7261 -> 69.7362
74196,1 fw Controll.static OFJKHAFJIMA           0.001 -> 0.0005
74196,2 fw PLH.static      ADJMBEDDHLB         73.9175 -> 73.9235
74196,2 fw PLH.static      CFIMEAFDJFM         69.7362 -> 69.7418
74202,4 fw player          HEADELMLILF               1 -> 0
74202,4 fw PLH.static      ADJMBEDDHLB         73.9235 -> 73.9333
74202,4 fw PLH.static      CFIMEAFDJFM         69.7418 -> 69.7522
74213,1 fw Controll.static GIPNIMALPEG          0.6771 -> 0.669
74213,2 fw PLH.static      ADJMBEDDHLB         73.9333 -> 73.9395
74218,1 fw PLH.static      ADJMBEDDHLB         73.9395 -> 73.9503
74218,1 fw PLH.static      CFIMEAFDJFM         69.7522 -> 69.7686
74230,2 fw PLH.static      ADJMBEDDHLB         73.9503 -> 73.9552
74234,7 fw PLH.static      ADJMBEDDHLB         73.9552 -> 73.9673
74234,7 fw PLH.static      CFIMEAFDJFM         69.7686 -> 69.7854
74247,3 fw Controll.static MKFDGFOCKNO         73.9166 -> 73.9667
74247,3 fw Controll.static LEKCBKLAILO         73.9667 -> 74.0167
74247,3 fw Controll.static OFJKHAFJIMA          0.0005 -> 0.0003
74247,3 fw PLH.static      ADJMBEDDHLB         73.9673 -> 73.9719
74252,6 fw PLH.static      ADJMBEDDHLB         73.9719 -> 73.9846
74252,6 fw PLH.static      CFIMEAFDJFM         69.7854 -> 69.8025
74264,9 fw Controll.static GIPNIMALPEG           0.669 -> 0.705
74265,0 fw PLH.static      ADJMBEDDHLB         73.9846 -> 73.9898
74270,4 fw PLH.static      ADJMBEDDHLB         73.9898 -> 74.0021
74282,1 fw PLH.static      ADJMBEDDHLB         74.0021 -> 74.0075
74282,1 fw PLH.static      CFIMEAFDJFM         69.8025 -> 69.8265
74288,8 fw PLH.static      ADJMBEDDHLB         74.0075 -> 74.0193
74288,8 fw PLH.static      CFIMEAFDJFM         69.8265 -> 69.838
74297,7 fw Controll.static MKFDGFOCKNO         73.9667 -> 74.0167
74297,7 fw Controll.static LEKCBKLAILO         74.0167 -> 74.0667
74297,7 fw Controll.static OFJKHAFJIMA          0.0003 -> 0.0023
74297,7 fw PLH.static      ADJMBEDDHLB         74.0193 -> 74.026
74297,7 fw PLH.static      CFIMEAFDJFM          69.838 -> 69.8443
74303,8 fw PLH.static      ADJMBEDDHLB          74.026 -> 74.0349
74303,8 fw PLH.static      CFIMEAFDJFM         69.8443 -> 69.8537
74314,2 fw Controll.static GIPNIMALPEG           0.705 -> 0.6904
74314,2 fw PLH.static      ADJMBEDDHLB         74.0349 -> 74.0409
74319,9 fw PLH.static      ADJMBEDDHLB         74.0409 -> 74.0528
74319,9 fw PLH.static      CFIMEAFDJFM         69.8537 -> 69.8697
74332,3 fw Controll.static DGNDKAKOEPD         2415983 -> 2416939
74332,3 fw Controll.static BEJBLGGGOCC       339995272 -> 339996257
74332,3 fw Controll.static JELGPAKAJPE             142 -> 109
74332,3 fw Controll.static EENJPDHGGGC         73.0698 -> 74.026
74332,4 fw PLH.static      ADJMBEDDHLB         74.0528 -> 74.057
74332,4 fw PLH.static      CFIMEAFDJFM         69.8697 -> 69.8759
74337,6 fw PLH.static      ADJMBEDDHLB          74.057 -> 74.0696
74337,6 fw PLH.static      CFIMEAFDJFM         69.8759 -> 69.8876
74348,7 fw Controll.static MKFDGFOCKNO         74.0167 -> 74.0667
74348,7 fw Controll.static LEKCBKLAILO         74.0667 -> 74.1167
74348,7 fw Controll.static OFJKHAFJIMA          0.0023 -> 0.0025
74348,8 fw PLH.static      ADJMBEDDHLB         74.0696 -> 74.0747
74354,5 fw PLH.static      ADJMBEDDHLB         74.0747 -> 74.0859
74354,5 fw PLH.static      CFIMEAFDJFM         69.8876 -> 69.9042
74365,7 fw Controll.static GIPNIMALPEG          0.6904 -> 0.7203
74365,7 fw PLH.static      ADJMBEDDHLB         74.0859 -> 74.0916
74371,2 fw Controll.static NAKNALFCOIF           171.3 -> 171.45
74371,2 fw PLH.static      ADJMBEDDHLB         74.0916 -> 74.1029
74371,2 fw PLH.static      CFIMEAFDJFM         69.9042 -> 69.9201
74383,4 fw PLH.static      ADJMBEDDHLB         74.1029 -> 74.1084
74383,4 fw PLH.static      CFIMEAFDJFM         69.9201 -> 69.9273
74389,4 fw PLH.static      ADJMBEDDHLB         74.1084 -> 74.1206
74389,4 fw PLH.static      CFIMEAFDJFM         69.9273 -> 69.9392
74398,9 fw Controll.static MKFDGFOCKNO         74.0667 -> 74.1167
74399,0 fw Controll.static LEKCBKLAILO         74.1167 -> 74.1667
74399,0 fw Controll.static OFJKHAFJIMA          0.0025 -> 0.0035
74399,0 fw PLH.static      ADJMBEDDHLB         74.1206 -> 74.1265
74399,0 fw PLH.static      CFIMEAFDJFM         69.9392 -> 69.9449
74406,3 fw PLH.static      ADJMBEDDHLB         74.1265 -> 74.1361
74406,3 fw PLH.static      CFIMEAFDJFM         69.9449 -> 69.9549
74414,0 fw Controll.static GIPNIMALPEG          0.7203 -> 0.6872
74414,1 fw PLH.static      ADJMBEDDHLB         74.1361 -> 74.1435
74423,2 fw PLH.static      ADJMBEDDHLB         74.1435 -> 74.1512
74423,2 fw PLH.static      CFIMEAFDJFM         69.9549 -> 69.9701
74433,1 fw Controll        MJPKOOHJOPA         51.7178 -> 70.2864
74433,1 fw PLH.static      ADJMBEDDHLB         74.1512 -> 74.1604
74433,1 fw PLH.static      CFIMEAFDJFM         69.9701 -> 69.9792
74437,8 fw Controll.static GLGCAOADGMN               0 -> 1
74437,8 fw PLH.static      ADJMBEDDHLB         74.1604 -> 74.1703
74437,8 fw PLH.static      CFIMEAFDJFM         69.9792 -> 69.9864
74450,1 fw Controll.static MKFDGFOCKNO         74.1167 -> 74.1667
74450,1 fw Controll.static LEKCBKLAILO         74.1667 -> 74.2167
74450,1 fw Controll.static OFJKHAFJIMA          0.0035 -> 0.0033
74450,2 fw PLH.static      ADJMBEDDHLB         74.1703 -> 74.1749
74450,2 fw PLH.static      CFIMEAFDJFM         69.9864 -> 69.9938
74455,6 fw PLH.static      ADJMBEDDHLB         74.1749 -> 74.1873
74455,6 fw PLH.static      CFIMEAFDJFM         69.9938 -> 70.0054
74466,7 fw Controll.static MNHBPCOOMLE         2405257 -> 2417282
74466,7 fw PLH.static      ADJMBEDDHLB         74.1873 -> 74.1928
74472,6 fw Controll.static GIPNIMALPEG          0.6872 -> 0.8576
74472,6 fw PLH.static      ADJMBEDDHLB         74.1928 -> 74.2039
74472,6 fw PLH.static      CFIMEAFDJFM         70.0054 -> 70.0219
74483,9 fw PLH.static      ADJMBEDDHLB         74.2039 -> 74.2097
74483,9 fw PLH.static      CFIMEAFDJFM         70.0219 -> 70.0286
74490,5 fw PLH.static      ADJMBEDDHLB         74.2097 -> 74.2221
74490,5 fw PLH.static      CFIMEAFDJFM         70.0286 -> 70.0396
74503,6 fw Controll.static GLGCAOADGMN               1 -> 0
74503,6 fw Controll.static MKFDGFOCKNO         74.1667 -> 74.2167
74503,6 fw Controll.static LEKCBKLAILO         74.2167 -> 74.2667
74503,7 fw PLH.static      ADJMBEDDHLB         74.2221 -> 74.2276
74509,4 fw Controll.static OFJKHAFJIMA          0.0033 -> 0.004
74509,4 fw PLH.static      ADJMBEDDHLB         74.2276 -> 74.2408
74509,4 fw PLH.static      CFIMEAFDJFM         70.0396 -> 70.0583
74519,3 fw PLH.static      ADJMBEDDHLB         74.2408 -> 74.2466
74519,3 fw PLH.static      CFIMEAFDJFM         70.0583 -> 70.0646
74525,8 fw Controll.static GIPNIMALPEG          0.8576 -> 0.9222
74525,8 fw PLH.static      ADJMBEDDHLB         74.2466 -> 74.2564
74525,8 fw PLH.static      CFIMEAFDJFM         70.0646 -> 70.0754
74535,1 fw PLH.static      ADJMBEDDHLB         74.2564 -> 74.263
74535,1 fw PLH.static      CFIMEAFDJFM         70.0754 -> 70.0813
74541,5 fw PLH.static      ADJMBEDDHLB          74.263 -> 74.2722
74541,5 fw PLH.static      CFIMEAFDJFM         70.0813 -> 70.0909
74551,1 fw PLH.static      ADJMBEDDHLB         74.2722 -> 74.2786
74556,8 fw Controll.static MKFDGFOCKNO         74.2167 -> 74.2667
74556,8 fw Controll.static LEKCBKLAILO         74.2667 -> 74.3167
74556,9 fw Controll.static OFJKHAFJIMA           0.004 -> 0.0052
74556,9 fw PLH.static      ADJMBEDDHLB         74.2786 -> 74.2883
74556,9 fw PLH.static      CFIMEAFDJFM         70.0909 -> 70.1065
74567,4 fw PLH.static      ADJMBEDDHLB         74.2883 -> 74.294
74567,4 fw PLH.static      CFIMEAFDJFM         70.1065 -> 70.1129
74573,0 fw Controll.static GIPNIMALPEG          0.9222 -> 0.8654
74573,0 fw PLH.static      ADJMBEDDHLB          74.294 -> 74.3046
74573,0 fw PLH.static      CFIMEAFDJFM         70.1129 -> 70.1226
74585,8 fw PLH.static      ADJMBEDDHLB         74.3046 -> 74.3102
74585,8 fw PLH.static      CFIMEAFDJFM         70.1226 -> 70.129
74591,5 fw PLH.static      ADJMBEDDHLB         74.3102 -> 74.3229
74591,5 fw PLH.static      CFIMEAFDJFM          70.129 -> 70.141
74602,6 fw player          LNIDBHIAJJI               6 -> 5
74602,7 fw PLH.static      ADJMBEDDHLB         74.3229 -> 74.3287
74602,7 fw PLH.static      CFIMEAFDJFM          70.141 -> 70.1475
74609,2 fw Controll.static MKFDGFOCKNO         74.2667 -> 74.3167
74609,2 fw Controll.static LEKCBKLAILO         74.3167 -> 74.3667
74609,2 fw Controll.static OFJKHAFJIMA          0.0052 -> 0.0059
74609,3 fw PLH.static      ADJMBEDDHLB         74.3287 -> 74.3398
74618,8 fw PLH.static      ADJMBEDDHLB         74.3398 -> 74.3464
74618,8 fw PLH.static      CFIMEAFDJFM         70.1475 -> 70.1645
74625,5 fw Controll.static GIPNIMALPEG          0.8654 -> 0.9152
74625,5 fw PLH.static      ADJMBEDDHLB         74.3464 -> 74.356
74625,5 fw PLH.static      CFIMEAFDJFM         70.1645 -> 70.1749
74634,8 fw PLH.static      ADJMBEDDHLB          74.356 -> 74.3627
74634,8 fw PLH.static      CFIMEAFDJFM         70.1749 -> 70.1808
74645,4 fw PLH.static      ADJMBEDDHLB         74.3627 -> 74.372
74645,4 fw PLH.static      CFIMEAFDJFM         70.1808 -> 70.1907
74648,9 fw PLH.static      ADJMBEDDHLB          74.372 -> 74.3825
74648,9 fw PLH.static      CFIMEAFDJFM         70.1907 -> 70.2009
74662,2 fw Controll.static MKFDGFOCKNO         74.3167 -> 74.3667
74662,2 fw Controll.static LEKCBKLAILO         74.3667 -> 74.4167
74662,2 fw Controll.static OFJKHAFJIMA          0.0059 -> 0.0049
74662,2 fw PLH.static      ADJMBEDDHLB         74.3825 -> 74.3861
74668,1 fw PLH.static      ADJMBEDDHLB         74.3861 -> 74.3993
74668,1 fw PLH.static      CFIMEAFDJFM         70.2009 -> 70.2181
74679,3 fw Controll.static GIPNIMALPEG          0.9152 -> 0.9924
74679,4 fw PLH.static      ADJMBEDDHLB         74.3993 -> 74.4053
74679,4 fw PLH.static      CFIMEAFDJFM         70.2181 -> 70.2234
74686,8 fw PLH.static      ADJMBEDDHLB         74.4053 -> 74.4165
74686,8 fw PLH.static      CFIMEAFDJFM         70.2234 -> 70.2353
74695,1 fw PLH.static      ADJMBEDDHLB         74.4165 -> 74.424
74695,1 fw PLH.static      CFIMEAFDJFM         70.2353 -> 70.2419
74702,8 fw PLH.static      ADJMBEDDHLB          74.424 -> 74.4323
74702,8 fw PLH.static      CFIMEAFDJFM         70.2419 -> 70.2511
74712,3 fw Controll.static MKFDGFOCKNO         74.3667 -> 74.4167
74712,3 fw Controll.static LEKCBKLAILO         74.4167 -> 74.4667
74712,3 fw Controll.static OFJKHAFJIMA          0.0049 -> 0.0069
74712,3 fw PLH.static      ADJMBEDDHLB         74.4323 -> 74.4399
74719,1 fw PLH.static      ADJMBEDDHLB         74.4399 -> 74.4494
74719,1 fw PLH.static      CFIMEAFDJFM         70.2511 -> 70.2677
74728,6 fw Controll.static GIPNIMALPEG          0.9924 -> 0.9777
74728,6 fw PLH.static      ADJMBEDDHLB         74.4494 -> 74.4562
74728,6 fw PLH.static      CFIMEAFDJFM         70.2677 -> 70.2752
74734,7 fw PLH.static      ADJMBEDDHLB         74.4562 -> 74.4666
74734,7 fw PLH.static      CFIMEAFDJFM         70.2752 -> 70.284
74745,2 fw PLH.static      ADJMBEDDHLB         74.4666 -> 74.4718
74750,7 fw PLH.static      ADJMBEDDHLB         74.4718 -> 74.4823
74750,7 fw PLH.static      CFIMEAFDJFM          70.284 -> 70.3005
74761,5 fw Controll.static MKFDGFOCKNO         74.4167 -> 74.4667
74761,5 fw Controll.static LEKCBKLAILO         74.4667 -> 74.5167
74761,5 fw Controll.static OFJKHAFJIMA          0.0069 -> 0.0048
74761,5 fw PLH.static      ADJMBEDDHLB         74.4823 -> 74.4878
74761,5 fw PLH.static      CFIMEAFDJFM         70.3005 -> 70.3068
74768,2 fw PLH.static      ADJMBEDDHLB         74.4878 -> 74.4986
74778,7 fw PLH.static      ADJMBEDDHLB         74.4986 -> 74.5053
74785,5 fw Controll.static GIPNIMALPEG          0.9777 -> 0.1148
74785,5 fw PLH.static      ADJMBEDDHLB         74.5053 -> 74.5159
74785,5 fw PLH.static      CFIMEAFDJFM         70.3068 -> 70.3346
74794,5 fw PLH.static      ADJMBEDDHLB         74.5159 -> 74.5227
74794,5 fw PLH.static      CFIMEAFDJFM         70.3346 -> 70.3407
74801,6 fw PLH.static      ADJMBEDDHLB         74.5227 -> 74.5316
74812,1 fw Controll.static MKFDGFOCKNO         74.4667 -> 74.5167
74812,1 fw Controll.static LEKCBKLAILO         74.5167 -> 74.5667
74812,1 fw PLH.static      ADJMBEDDHLB         74.5316 -> 74.5388
74816,7 fw Controll.static OFJKHAFJIMA          0.0048 -> 0.0056
74816,7 fw PLH.static      ADJMBEDDHLB         74.5388 -> 74.5492
74816,7 fw PLH.static      CFIMEAFDJFM         70.3407 -> 70.3674
74829,1 fw PLH.static      ADJMBEDDHLB         74.5492 -> 74.5538
74829,1 fw PLH.static      CFIMEAFDJFM         70.3674 -> 70.3727
74834,9 fw Controll.static GIPNIMALPEG          0.1148 -> 0.1031
74834,9 fw PLH.static      ADJMBEDDHLB         74.5538 -> 74.5663
74845,7 fw PLH.static      ADJMBEDDHLB         74.5663 -> 74.5721
74845,7 fw PLH.static      CFIMEAFDJFM         70.3727 -> 70.3908
74851,1 fw PLH.static      ADJMBEDDHLB         74.5721 -> 74.5829
74851,1 fw PLH.static      CFIMEAFDJFM         70.3908 -> 70.401
74862,7 fw PLH.static      ADJMBEDDHLB         74.5829 -> 74.5882
74869,7 fw Controll.static MKFDGFOCKNO         74.5167 -> 74.5667
74869,8 fw Controll.static LEKCBKLAILO         74.5667 -> 74.6167
74869,8 fw Controll.static OFJKHAFJIMA          0.0056 -> 0.005
74869,8 fw PLH.static      ADJMBEDDHLB         74.5882 -> 74.5999
74869,8 fw PLH.static      CFIMEAFDJFM          70.401 -> 70.4187
74878,7 fw PLH.static      ADJMBEDDHLB         74.5999 -> 74.6069
74878,7 fw PLH.static      CFIMEAFDJFM         70.4187 -> 70.4252
74885,8 fw player          LNIDBHIAJJI               5 -> 6
74885,9 fw Controll.static GIPNIMALPEG          0.1031 -> 0.122
74885,9 fw PLH.static      ADJMBEDDHLB         74.6069 -> 74.6158
74885,9 fw PLH.static      CFIMEAFDJFM         70.4252 -> 70.4347
74894,7 fw PLH.static      ADJMBEDDHLB         74.6158 -> 74.6231
74894,7 fw PLH.static      CFIMEAFDJFM         70.4347 -> 70.441
74901,0 fw PLH.static      ADJMBEDDHLB         74.6231 -> 74.6318
74911,6 fw PLH.static      ADJMBEDDHLB         74.6318 -> 74.6381
74911,6 fw PLH.static      CFIMEAFDJFM          70.441 -> 70.4571
74916,6 fw Controll.static MKFDGFOCKNO         74.5667 -> 74.6167
74916,6 fw Controll.static LEKCBKLAILO         74.6167 -> 74.6667
74916,6 fw Controll.static OFJKHAFJIMA           0.005 -> 0.006
74916,7 fw PLH.static      ADJMBEDDHLB         74.6381 -> 74.6488
74916,7 fw PLH.static      CFIMEAFDJFM         70.4571 -> 70.467
74928,8 fw PLH.static      ADJMBEDDHLB         74.6488 -> 74.6538
74933,8 fw Controll.static GIPNIMALPEG           0.122 -> 0.0804
74933,8 fw PLH.static      ADJMBEDDHLB         74.6538 -> 74.6659
74933,9 fw PLH.static      CFIMEAFDJFM          70.467 -> 70.4839
74946,7 fw PLH.static      ADJMBEDDHLB         74.6659 -> 74.6711
74946,7 fw PLH.static      CFIMEAFDJFM         70.4839 -> 70.4897
74952,0 fw PLH.static      ADJMBEDDHLB         74.6711 -> 74.6839
74952,0 fw PLH.static      CFIMEAFDJFM         70.4897 -> 70.502
74962,8 fw PLH.static      ADJMBEDDHLB         74.6839 -> 74.6891
74968,7 fw Controll.static MKFDGFOCKNO         74.6167 -> 74.6667
74968,7 fw Controll.static LEKCBKLAILO         74.6667 -> 74.7167
74968,7 fw Controll.static OFJKHAFJIMA           0.006 -> 0.0038
74968,8 fw PLH.static      ADJMBEDDHLB         74.6891 -> 74.6999
74978,1 fw PLH.static      ADJMBEDDHLB         74.6999 -> 74.7059
74978,1 fw PLH.static      CFIMEAFDJFM          70.502 -> 70.5244
74985,7 fw Controll.static GIPNIMALPEG          0.0804 -> 0.1199
74985,8 fw PLH.static      ADJMBEDDHLB         74.7059 -> 74.7152
74985,8 fw PLH.static      CFIMEAFDJFM         70.5244 -> 70.5341
74994,4 fw PLH.static      ADJMBEDDHLB         74.7152 -> 74.7229
74994,4 fw PLH.static      CFIMEAFDJFM         70.5341 -> 70.5411
75001,5 fw PLH.static      ADJMBEDDHLB         74.7229 -> 74.7315
75001,5 fw PLH.static      CFIMEAFDJFM         70.5411 -> 70.5504
75012,4 fw PLH.static      ADJMBEDDHLB         74.7315 -> 74.7387
75012,4 fw PLH.static      CFIMEAFDJFM         70.5504 -> 70.5574
75017,3 fw Controll.static MKFDGFOCKNO         74.6667 -> 74.7167
75017,3 fw Controll.static LEKCBKLAILO         74.7167 -> 74.7667
75017,3 fw Controll.static OFJKHAFJIMA          0.0038 -> 0.0058
75017,4 fw PLH.static      ADJMBEDDHLB         74.7387 -> 74.7495
75017,4 fw PLH.static      CFIMEAFDJFM         70.5574 -> 70.5677
75030,8 fw PLH.static      ADJMBEDDHLB         74.7495 -> 74.7545
75030,8 fw PLH.static      CFIMEAFDJFM         70.5677 -> 70.5734
75036,0 fw Controll.static GIPNIMALPEG          0.1199 -> 0.124
75036,0 fw PLH.static      ADJMBEDDHLB         74.7545 -> 74.7679
75036,0 fw PLH.static      CFIMEAFDJFM         70.5734 -> 70.5859
75046,9 fw PLH.static      ADJMBEDDHLB         74.7679 -> 74.7731
75046,9 fw PLH.static      CFIMEAFDJFM         70.5859 -> 70.592
75052,3 fw PLH.static      ADJMBEDDHLB         74.7731 -> 74.7841
75052,3 fw PLH.static      CFIMEAFDJFM          70.592 -> 70.6025
75062,9 fw PLH.static      ADJMBEDDHLB         74.7841 -> 74.7894
75069,5 fw Controll.static MKFDGFOCKNO         74.7167 -> 74.7667
75069,5 fw Controll.static LEKCBKLAILO         74.7667 -> 74.8167
75069,5 fw Controll.static OFJKHAFJIMA          0.0058 -> 0.0008
75069,5 fw PLH.static      ADJMBEDDHLB         74.7894 -> 74.8
75069,5 fw PLH.static      CFIMEAFDJFM         70.6025 -> 70.6189
75078,6 fw PLH.static      ADJMBEDDHLB            74.8 -> 74.8066
75085,8 fw PLH.static      ADJMBEDDHLB         74.8066 -> 74.8158
75085,8 fw PLH.static      CFIMEAFDJFM         70.6189 -> 70.6347
75096,3 fw Controll.static GIPNIMALPEG           0.124 -> 0.3314
75096,4 fw PLH.static      ADJMBEDDHLB         74.8158 -> 74.823
75096,4 fw PLH.static      CFIMEAFDJFM         70.6347 -> 70.6413
75102,6 fw PLH.static      ADJMBEDDHLB          74.823 -> 74.8347
75102,6 fw PLH.static      CFIMEAFDJFM         70.6413 -> 70.6523
75115,0 fw PLH.static      ADJMBEDDHLB         74.8347 -> 74.8398
75115,0 fw PLH.static      CFIMEAFDJFM         70.6523 -> 70.6585
75120,8 fw Controll.static MKFDGFOCKNO         74.7667 -> 74.8167
75120,8 fw Controll.static LEKCBKLAILO         74.8167 -> 74.8668
75120,8 fw PLH.static      ADJMBEDDHLB         74.8398 -> 74.8521
75120,8 fw PLH.static      CFIMEAFDJFM         70.6585 -> 70.6704
75132,8 fw Controll.static OFJKHAFJIMA          0.0008 -> 0.0028
75132,8 fw PLH.static      ADJMBEDDHLB         74.8521 -> 74.858
75132,8 fw PLH.static      CFIMEAFDJFM         70.6704 -> 70.6767
75132,8 fw HUD.static      GONEFAMEMOJ             160 -> 155
75132,8 fw HUD.static      DIIAFKMNANI         65.6529 -> 70.6585
75138,1 fw PLH.static      ADJMBEDDHLB          74.858 -> 74.8699
75138,1 fw PLH.static      CFIMEAFDJFM         70.6767 -> 70.6881
75149,1 fw Controll.static GIPNIMALPEG          0.3314 -> 0.3866
75149,2 fw PLH.static      ADJMBEDDHLB         74.8699 -> 74.8752
75154,7 fw PLH.static      ADJMBEDDHLB         74.8752 -> 74.8871
75154,7 fw PLH.static      CFIMEAFDJFM         70.6881 -> 70.7046
75167,2 fw PLH.static      ADJMBEDDHLB         74.8871 -> 74.8918
75167,2 fw PLH.static      CFIMEAFDJFM         70.7046 -> 70.7107
75173,2 fw PLH.static      ADJMBEDDHLB         74.8918 -> 74.9044
75173,2 fw PLH.static      CFIMEAFDJFM         70.7107 -> 70.7225
75184,0 fw Controll.static MKFDGFOCKNO         74.8167 -> 74.9168
75184,0 fw Controll.static LEKCBKLAILO         74.8668 -> 74.9668
75184,0 fw Controll.static OFJKHAFJIMA          0.0028 -> 0.004
75184,0 fw PLH.static      ADJMBEDDHLB         74.9044 -> 74.9104
75184,0 fw PLH.static      CFIMEAFDJFM         70.7225 -> 70.7292
75190,8 fw PLH.static      ADJMBEDDHLB         74.9104 -> 74.9211
75200,5 fw Controll.static GIPNIMALPEG          0.3866 -> 0.4153
75200,6 fw PLH.static      ADJMBEDDHLB         74.9211 -> 74.928
75200,6 fw PLH.static      CFIMEAFDJFM         70.7292 -> 70.7459
75207,1 fw PLH.static      ADJMBEDDHLB          74.928 -> 74.9377
75207,1 fw PLH.static      CFIMEAFDJFM         70.7459 -> 70.7566
75216,3 fw PLH.static      ADJMBEDDHLB         74.9377 -> 74.9443
75216,3 fw PLH.static      CFIMEAFDJFM         70.7566 -> 70.7625
75223,3 fw PLH.static      ADJMBEDDHLB         74.9443 -> 74.9534
75223,3 fw PLH.static      CFIMEAFDJFM         70.7625 -> 70.7723
75233,0 fw Controll.static MKFDGFOCKNO         74.9168 -> 74.9668
75233,0 fw Controll.static LEKCBKLAILO         74.9668 -> 75.0168
75233,0 fw Controll.static OFJKHAFJIMA           0.004 -> 0.0031
75233,1 fw PLH.static      ADJMBEDDHLB         74.9534 -> 74.9605
75233,1 fw PLH.static      CFIMEAFDJFM         70.7723 -> 70.7793
75238,2 fw PLH.static      ADJMBEDDHLB         74.9605 -> 74.9702
75238,2 fw PLH.static      CFIMEAFDJFM         70.7793 -> 70.7883
75251,2 fw Controll.static GIPNIMALPEG          0.4153 -> 0.4283
75251,2 fw PLH.static      ADJMBEDDHLB         74.9702 -> 74.9754
75256,9 fw PLH.static      ADJMBEDDHLB         74.9754 -> 74.9884
75256,9 fw PLH.static      CFIMEAFDJFM         70.7883 -> 70.8066
75268,2 fw PLH.static      ADJMBEDDHLB         74.9884 -> 74.994
75268,2 fw PLH.static      CFIMEAFDJFM         70.8066 -> 70.8128
75273,7 fw PLH.static      ADJMBEDDHLB          74.994 -> 75.0053
75285,6 fw Controll.static MKFDGFOCKNO         74.9668 -> 75.0168
75285,6 fw Controll.static LEKCBKLAILO         75.0168 -> 75.0668
75285,6 fw Controll.static OFJKHAFJIMA          0.0031 -> 0.0056
75285,7 fw PLH.static      ADJMBEDDHLB         75.0053 -> 75.0108
75301,1 fw PLH.static      ADJMBEDDHLB         75.0108 -> 75.0348
75301,1 fw PLH.static      CFIMEAFDJFM         70.8128 -> 70.841
75314,1 fw Controll.static GIPNIMALPEG          0.4283 -> 0.6864
75314,2 fw PLH.static      ADJMBEDDHLB         75.0348 -> 75.0393
75314,2 fw PLH.static      CFIMEAFDJFM          70.841 -> 70.8572
75319,0 fw PLH.static      ADJMBEDDHLB         75.0393 -> 75.0513
75319,1 fw PLH.static      CFIMEAFDJFM         70.8572 -> 70.8695
75330,5 fw Controll.static DGNDKAKOEPD         2416939 -> 2417952
75330,5 fw Controll.static BEJBLGGGOCC       339996257 -> 339997275
75330,5 fw Controll.static JELGPAKAJPE             109 -> 119
75330,5 fw Controll.static EENJPDHGGGC          74.026 -> 75.0393
75330,5 fw PLH.static      ADJMBEDDHLB         75.0513 -> 75.0562
75336,1 fw PLH.static      ADJMBEDDHLB         75.0562 -> 75.0677
75336,1 fw PLH.static      CFIMEAFDJFM         70.8695 -> 70.8857
75348,6 fw Controll.static MKFDGFOCKNO         75.0168 -> 75.0668
75348,6 fw Controll.static LEKCBKLAILO         75.0668 -> 75.1168
75348,6 fw Controll.static OFJKHAFJIMA          0.0056 -> 0.0005
75348,7 fw PLH.static      ADJMBEDDHLB         75.0677 -> 75.0732
75348,7 fw PLH.static      CFIMEAFDJFM         70.8857 -> 70.8921
75354,2 fw PLH.static      ADJMBEDDHLB         75.0732 -> 75.0859
75354,2 fw PLH.static      CFIMEAFDJFM         70.8921 -> 70.904
75366,0 fw Controll.static GIPNIMALPEG          0.6864 -> 0.7246
75366,1 fw PLH.static      ADJMBEDDHLB         75.0859 -> 75.0914
75371,4 fw PLH.static      ADJMBEDDHLB         75.0914 -> 75.1033
75371,4 fw PLH.static      CFIMEAFDJFM          70.904 -> 70.9215
75383,1 fw PLH.static      ADJMBEDDHLB         75.1033 -> 75.1086
75390,1 fw PLH.static      ADJMBEDDHLB         75.1086 -> 75.1203
75390,1 fw PLH.static      CFIMEAFDJFM         70.9215 -> 70.9389
75401,6 fw Controll.static MKFDGFOCKNO         75.0668 -> 75.1168
75401,6 fw Controll.static LEKCBKLAILO         75.1168 -> 75.1668
75401,6 fw Controll.static OFJKHAFJIMA          0.0005 -> 0.0031
75401,6 fw PLH.static      ADJMBEDDHLB         75.1203 -> 75.1272
75401,6 fw PLH.static      CFIMEAFDJFM         70.9389 -> 70.9455
75410,2 fw PLH.static      ADJMBEDDHLB         75.1272 -> 75.1387
75410,2 fw PLH.static      CFIMEAFDJFM         70.9455 -> 70.9576
75416,4 fw PLH.static      ADJMBEDDHLB         75.1387 -> 75.1474
75416,4 fw PLH.static      CFIMEAFDJFM         70.9576 -> 70.9657
75427,1 fw Controll.static GIPNIMALPEG          0.7246 -> 0.9466
75427,2 fw PLH.static      ADJMBEDDHLB         75.1474 -> 75.1536
75427,2 fw PLH.static      CFIMEAFDJFM         70.9657 -> 70.9725
75432,7 fw PLH.static      ADJMBEDDHLB         75.1536 -> 75.1644
75432,7 fw PLH.static      CFIMEAFDJFM         70.9725 -> 70.9825
75445,8 fw PLH.static      ADJMBEDDHLB         75.1644 -> 75.1699
75445,8 fw PLH.static      CFIMEAFDJFM         70.9825 -> 70.9883
75451,1 fw Controll.static MKFDGFOCKNO         75.1168 -> 75.1668
75451,1 fw Controll.static LEKCBKLAILO         75.1668 -> 75.2168
75451,1 fw PLH.static      ADJMBEDDHLB         75.1699 -> 75.183
75451,1 fw PLH.static      CFIMEAFDJFM         70.9883 -> 71.0011
75461,8 fw Controll.static OFJKHAFJIMA          0.0031 -> 0.0025
75461,8 fw PLH.static      ADJMBEDDHLB          75.183 -> 75.1883
75461,8 fw PLH.static      CFIMEAFDJFM         71.0011 -> 71.0072
75468,3 fw PLH.static      ADJMBEDDHLB         75.1883 -> 75.199
75468,3 fw PLH.static      CFIMEAFDJFM         71.0072 -> 71.0178
75477,7 fw Controll.static GIPNIMALPEG          0.9466 -> 0.9571
75477,7 fw PLH.static      ADJMBEDDHLB          75.199 -> 75.2054
75477,7 fw PLH.static      CFIMEAFDJFM         71.0178 -> 71.0238
75484,0 fw PLH.static      ADJMBEDDHLB         75.2054 -> 75.2149
75493,8 fw PLH.static      ADJMBEDDHLB         75.2149 -> 75.2211
75493,8 fw PLH.static      CFIMEAFDJFM         71.0238 -> 71.0398
75500,1 fw PLH.static      ADJMBEDDHLB         75.2211 -> 75.231
75500,1 fw PLH.static      CFIMEAFDJFM         71.0398 -> 71.0493
75511,5 fw Controll.static MKFDGFOCKNO         75.1668 -> 75.2168
75511,5 fw Controll.static LEKCBKLAILO         75.2168 -> 75.2668
75511,5 fw Controll.static OFJKHAFJIMA          0.0025 -> 0.0039
75511,6 fw PLH.static      ADJMBEDDHLB          75.231 -> 75.2373
75516,7 fw PLH.static      ADJMBEDDHLB         75.2373 -> 75.2487
75516,7 fw PLH.static      CFIMEAFDJFM         71.0493 -> 71.067
75529,5 fw Controll.static GIPNIMALPEG          0.9571 -> 0.993
75529,5 fw PLH.static      ADJMBEDDHLB         75.2487 -> 75.2538
75529,5 fw PLH.static      CFIMEAFDJFM          71.067 -> 71.0727
75535,0 fw PLH.static      ADJMBEDDHLB         75.2538 -> 75.2667
75535,0 fw PLH.static      CFIMEAFDJFM         71.0727 -> 71.0849
75546,4 fw PLH.static      ADJMBEDDHLB         75.2667 -> 75.2722
75551,6 fw PLH.static      ADJMBEDDHLB         75.2722 -> 75.2837
75551,6 fw PLH.static      CFIMEAFDJFM         71.0849 -> 71.102
75563,1 fw Controll.static MKFDGFOCKNO         75.2168 -> 75.2668
75563,1 fw Controll.static LEKCBKLAILO         75.2668 -> 75.3168
75563,1 fw Controll.static OFJKHAFJIMA          0.0039 -> 0.005
75563,1 fw PLH.static      ADJMBEDDHLB         75.2837 -> 75.2887
75569,5 fw PLH.static      ADJMBEDDHLB         75.2887 -> 75.3002
75569,5 fw PLH.static      CFIMEAFDJFM          71.102 -> 71.1191
75578,9 fw Controll.static GIPNIMALPEG           0.993 -> 0.98
75578,9 fw PLH.static      ADJMBEDDHLB         75.3002 -> 75.3066
75578,9 fw PLH.static      CFIMEAFDJFM         71.1191 -> 71.1251
75585,8 fw PLH.static      ADJMBEDDHLB         75.3066 -> 75.316
75585,8 fw PLH.static      CFIMEAFDJFM         71.1251 -> 71.1349
75594,9 fw PLH.static      ADJMBEDDHLB          75.316 -> 75.3229
75594,9 fw PLH.static      CFIMEAFDJFM         71.1349 -> 71.1411
75601,4 fw PLH.static      ADJMBEDDHLB         75.3229 -> 75.332
75601,4 fw PLH.static      CFIMEAFDJFM         71.1411 -> 71.1509
75611,8 fw Controll.static MKFDGFOCKNO         75.2668 -> 75.3168
75611,8 fw Controll.static LEKCBKLAILO         75.3168 -> 75.3668
75611,8 fw Controll.static OFJKHAFJIMA           0.005 -> 0.0057
75611,9 fw PLH.static      ADJMBEDDHLB          75.332 -> 75.3386
75611,9 fw PLH.static      CFIMEAFDJFM         71.1509 -> 71.1574
75617,8 fw PLH.static      ADJMBEDDHLB         75.3386 -> 75.349
75617,8 fw PLH.static      CFIMEAFDJFM         71.1574 -> 71.1672
75629,2 fw Controll.static GIPNIMALPEG            0.98 -> 0.9864
75629,2 fw PLH.static      ADJMBEDDHLB          75.349 -> 75.3549
75634,7 fw PLH.static      ADJMBEDDHLB         75.3549 -> 75.3663
75634,7 fw PLH.static      CFIMEAFDJFM         71.1672 -> 71.1847
75646,7 fw PLH.static      ADJMBEDDHLB         75.3663 -> 75.3719
75652,0 fw PLH.static      ADJMBEDDHLB         75.3719 -> 75.3839
75652,0 fw PLH.static      CFIMEAFDJFM         71.1847 -> 71.2021
75664,5 fw Controll.static MKFDGFOCKNO         75.3168 -> 75.3668
75664,5 fw Controll.static LEKCBKLAILO         75.3668 -> 75.4168
75664,5 fw Controll.static OFJKHAFJIMA          0.0057 -> 0.0046
75664,5 fw PLH.static      ADJMBEDDHLB         75.3839 -> 75.3891
75670,3 fw PLH.static      ADJMBEDDHLB         75.3891 -> 75.4017
75670,3 fw PLH.static      CFIMEAFDJFM         71.2021 -> 71.22
75680,5 fw Controll.static GIPNIMALPEG          0.9864 -> 0.0125
75680,5 fw PLH.static      ADJMBEDDHLB         75.4017 -> 75.4074
75687,8 fw Controll.static NAKNALFCOIF          171.45 -> 171.75
75687,9 fw PLH.static      ADJMBEDDHLB         75.4074 -> 75.4177
75687,9 fw PLH.static      CFIMEAFDJFM           71.22 -> 71.2361
75697,4 fw PLH.static      ADJMBEDDHLB         75.4177 -> 75.425
75697,4 fw PLH.static      CFIMEAFDJFM         71.2361 -> 71.242
75703,7 fw PLH.static      ADJMBEDDHLB          75.425 -> 75.4346
75703,7 fw PLH.static      CFIMEAFDJFM          71.242 -> 71.2533
75714,0 fw Controll.static MKFDGFOCKNO         75.3668 -> 75.4168
75714,0 fw Controll.static LEKCBKLAILO         75.4168 -> 75.4669
75714,0 fw Controll.static OFJKHAFJIMA          0.0046 -> 0.0004
75714,1 fw PLH.static      ADJMBEDDHLB         75.4346 -> 75.4421
75714,1 fw PLH.static      CFIMEAFDJFM         71.2533 -> 71.2597
75720,2 fw PLH.static      ADJMBEDDHLB         75.4421 -> 75.4513
75720,2 fw PLH.static      CFIMEAFDJFM         71.2597 -> 71.2695
75730,7 fw PLH.static      ADJMBEDDHLB         75.4513 -> 75.4574
75736,1 fw Controll.static GIPNIMALPEG          0.0125 -> 0.124
75736,1 fw PLH.static      ADJMBEDDHLB         75.4574 -> 75.4679
75736,1 fw PLH.static      CFIMEAFDJFM         71.2695 -> 71.2861
75746,8 fw PLH.static      ADJMBEDDHLB         75.4679 -> 75.4732
75753,1 fw PLH.static      ADJMBEDDHLB         75.4732 -> 75.4839
75753,1 fw PLH.static      CFIMEAFDJFM         71.2861 -> 71.3023
75763,4 fw Controll.static MKFDGFOCKNO         75.4168 -> 75.4669
75763,4 fw Controll.static LEKCBKLAILO         75.4669 -> 75.5169
75763,4 fw PLH.static      ADJMBEDDHLB         75.4839 -> 75.4902
75763,4 fw PLH.static      CFIMEAFDJFM         71.3023 -> 71.3091
75770,4 fw Controll.static OFJKHAFJIMA          0.0004 -> 0.0007
75770,5 fw PLH.static      ADJMBEDDHLB         75.4902 -> 75.5006
75770,5 fw PLH.static      CFIMEAFDJFM         71.3091 -> 71.3195
75779,9 fw PLH.static      ADJMBEDDHLB         75.5006 -> 75.5076
75793,2 fw Controll.static GIPNIMALPEG           0.124 -> 0.2676
75793,3 fw PLH.static      ADJMBEDDHLB         75.5076 -> 75.5254
75793,3 fw PLH.static      CFIMEAFDJFM         71.3195 -> 71.3359
75823,9 fw player          ACAIGMNLLEC             121 -> 122
75823,9 fw player          HEADELMLILF               0 -> 1
75823,9 fw PLH.static      ADJMBEDDHLB         75.5254 -> 75.5561
75823,9 fw PLH.static      CFIMEAFDJFM         71.3359 -> 71.3488
75836,8 fw PLH.static      ADJMBEDDHLB         75.5561 -> 75.5611
75836,8 fw PLH.static      CFIMEAFDJFM         71.3488 -> 71.3795
75843,1 fw PLH.static      ADJMBEDDHLB         75.5611 -> 75.5739
75843,1 fw PLH.static      CFIMEAFDJFM         71.3795 -> 71.3919
75853,7 fw Controll.static MKFDGFOCKNO         75.4669 -> 75.5669
75853,7 fw Controll.static LEKCBKLAILO         75.5169 -> 75.6169
75853,7 fw Controll.static OFJKHAFJIMA          0.0007 -> 0.0066
75853,8 fw PLH.static      ADJMBEDDHLB         75.5739 -> 75.5803
75853,8 fw PLH.static      CFIMEAFDJFM         71.3919 -> 71.3992
75860,0 fw PLH.static      ADJMBEDDHLB         75.5803 -> 75.5909
75860,0 fw PLH.static      CFIMEAFDJFM         71.3992 -> 71.4092
75869,8 fw player          HEADELMLILF               1 -> 0
75869,9 fw Controll.static GIPNIMALPEG          0.2676 -> 0.7995
75869,9 fw PLH.static      ADJMBEDDHLB         75.5909 -> 75.5972
75876,5 fw PLH.static      ADJMBEDDHLB         75.5972 -> 75.6071
75876,5 fw PLH.static      CFIMEAFDJFM         71.4092 -> 71.4253
75886,7 fw PLH.static      ADJMBEDDHLB         75.6071 -> 75.6136
75886,7 fw PLH.static      CFIMEAFDJFM         71.4253 -> 71.4325
75893,4 fw PLH.static      ADJMBEDDHLB         75.6136 -> 75.6238
75893,4 fw PLH.static      CFIMEAFDJFM         71.4325 -> 71.442
75901,7 fw Controll.static MKFDGFOCKNO         75.5669 -> 75.6169
75901,7 fw Controll.static LEKCBKLAILO         75.6169 -> 75.6669
75901,7 fw PLH.static      ADJMBEDDHLB         75.6238 -> 75.6306
75901,7 fw PLH.static      CFIMEAFDJFM          71.442 -> 71.4494
75910,2 fw PLH.static      ADJMBEDDHLB         75.6306 -> 75.6389
75917,6 fw Controll.static GIPNIMALPEG          0.7995 -> 0.7539
75917,6 fw PLH.static      ADJMBEDDHLB         75.6389 -> 75.6474
75927,9 fw PLH.static      ADJMBEDDHLB         75.6474 -> 75.6547
75927,9 fw PLH.static      CFIMEAFDJFM         71.4494 -> 71.4736
75934,3 fw PLH.static      ADJMBEDDHLB         75.6547 -> 75.6651
75934,4 fw PLH.static      CFIMEAFDJFM         71.4736 -> 71.4833
75945,7 fw PLH.static      ADJMBEDDHLB         75.6651 -> 75.6715
75945,7 fw PLH.static      CFIMEAFDJFM         71.4833 -> 71.4902
75951,4 fw Controll.static MKFDGFOCKNO         75.6169 -> 75.6669
75951,4 fw Controll.static LEKCBKLAILO         75.6669 -> 75.7169
75951,4 fw Controll.static OFJKHAFJIMA          0.0066 -> 0.0043
75951,5 fw PLH.static      ADJMBEDDHLB         75.6715 -> 75.6829
75951,5 fw PLH.static      CFIMEAFDJFM         71.4902 -> 71.5012
75961,5 fw PLH.static      ADJMBEDDHLB         75.6829 -> 75.6886
75961,5 fw PLH.static      CFIMEAFDJFM         71.5012 -> 71.5076
75967,7 fw Controll.static GIPNIMALPEG          0.7539 -> 0.7562
75967,7 fw PLH.static      ADJMBEDDHLB         75.6886 -> 75.6996
75967,7 fw PLH.static      CFIMEAFDJFM         71.5076 -> 71.5176
75978,8 fw PLH.static      ADJMBEDDHLB         75.6996 -> 75.7048
75985,8 fw PLH.static      ADJMBEDDHLB         75.7048 -> 75.7159
75985,8 fw PLH.static      CFIMEAFDJFM         71.5176 -> 71.5348
75994,6 fw PLH.static      ADJMBEDDHLB         75.7159 -> 75.723
75994,6 fw PLH.static      CFIMEAFDJFM         71.5348 -> 71.541
76001,0 fw Controll.static MKFDGFOCKNO         75.6669 -> 75.7169
76001,0 fw Controll.static LEKCBKLAILO         75.7169 -> 75.7669
76001,0 fw Controll.static OFJKHAFJIMA          0.0043 -> 0.0057
76001,0 fw PLH.static      ADJMBEDDHLB          75.723 -> 75.7318
76001,0 fw PLH.static      CFIMEAFDJFM          71.541 -> 71.5506
76011,2 fw PLH.static      ADJMBEDDHLB         75.7318 -> 75.7382
76017,0 fw Controll.static GIPNIMALPEG          0.7562 -> 0.7414
76017,0 fw PLH.static      ADJMBEDDHLB         75.7382 -> 75.7484
76017,0 fw PLH.static      CFIMEAFDJFM         71.5506 -> 71.5667
76028,0 fw PLH.static      ADJMBEDDHLB         75.7484 -> 75.7542
76034,1 fw PLH.static      ADJMBEDDHLB         75.7542 -> 75.7652
76034,1 fw PLH.static      CFIMEAFDJFM         71.5667 -> 71.5835
76045,0 fw PLH.static      ADJMBEDDHLB         75.7652 -> 75.7713
76045,0 fw PLH.static      CFIMEAFDJFM         71.5835 -> 71.5899
76050,2 fw Controll.static MKFDGFOCKNO         75.7169 -> 75.7669
76050,2 fw Controll.static LEKCBKLAILO         75.7669 -> 75.8169
76050,2 fw Controll.static OFJKHAFJIMA          0.0057 -> 0.004
76050,3 fw PLH.static      ADJMBEDDHLB         75.7713 -> 75.7821
76050,3 fw PLH.static      CFIMEAFDJFM         71.5899 -> 71.6
76061,2 fw PLH.static      ADJMBEDDHLB         75.7821 -> 75.7874
76068,6 fw PLH.static      ADJMBEDDHLB         75.7874 -> 75.7983
76068,6 fw PLH.static      CFIMEAFDJFM            71.6 -> 71.6171
76077,6 fw Controll.static GIPNIMALPEG          0.7414 -> 0.9533
76077,6 fw PLH.static      ADJMBEDDHLB         75.7983 -> 75.8058
76077,7 fw PLH.static      CFIMEAFDJFM         71.6171 -> 71.6239
76085,9 fw Controll.static NAKNALFCOIF          171.75 -> 171.9
76086,0 fw PLH.static      ADJMBEDDHLB         75.8058 -> 75.8148
76086,0 fw PLH.static      CFIMEAFDJFM         71.6239 -> 71.6336
76093,4 fw PLH.static      ADJMBEDDHLB         75.8148 -> 75.8231
76093,4 fw PLH.static      CFIMEAFDJFM         71.6336 -> 71.6412
76102,4 fw Controll.static MKFDGFOCKNO         75.7669 -> 75.8169
76102,4 fw Controll.static LEKCBKLAILO         75.8169 -> 75.8669
76102,5 fw PLH.static      ADJMBEDDHLB         75.8231 -> 75.8305
76109,9 fw Controll.static OFJKHAFJIMA           0.004 -> 0.0059
76110,0 fw PLH.static      ADJMBEDDHLB         75.8305 -> 75.8396
76110,0 fw PLH.static      CFIMEAFDJFM         71.6412 -> 71.6585
76119,2 fw PLH.static      ADJMBEDDHLB         75.8396 -> 75.8471
76119,2 fw PLH.static      CFIMEAFDJFM         71.6585 -> 71.6655
76127,3 fw Controll.static GIPNIMALPEG          0.9533 -> 0.9469
76127,3 fw PLH.static      ADJMBEDDHLB         75.8471 -> 75.8565
76127,3 fw PLH.static      CFIMEAFDJFM         71.6655 -> 71.6752
76135,2 fw PLH.static      ADJMBEDDHLB         75.8565 -> 75.8644
76135,2 fw PLH.static      CFIMEAFDJFM         71.6752 -> 71.6827
76143,2 fw PLH.static      ADJMBEDDHLB         75.8644 -> 75.8724
76143,2 fw PLH.static      CFIMEAFDJFM         71.6827 -> 71.691
76151,2 fw PLH.static      ADJMBEDDHLB         75.8724 -> 75.8804
76151,2 fw PLH.static      CFIMEAFDJFM          71.691 -> 71.6993
76159,5 fw Controll.static MKFDGFOCKNO         75.8169 -> 75.8669
76159,5 fw Controll.static LEKCBKLAILO         75.8669 -> 75.9169
76159,5 fw Controll.static OFJKHAFJIMA          0.0059 -> 0.0051
76159,6 fw PLH.static      ADJMBEDDHLB         75.8804 -> 75.8883
76159,6 fw PLH.static      CFIMEAFDJFM         71.6993 -> 71.7067
76166,3 fw PLH.static      ADJMBEDDHLB         75.8883 -> 75.8976
76166,3 fw PLH.static      CFIMEAFDJFM         71.7067 -> 71.7156
76177,4 fw Controll.static GIPNIMALPEG          0.9469 -> 0.9484
76177,4 fw PLH.static      ADJMBEDDHLB         75.8976 -> 75.9035
76183,9 fw PLH.static      ADJMBEDDHLB         75.9035 -> 75.9146
76183,9 fw PLH.static      CFIMEAFDJFM         71.7156 -> 71.7333
76196,0 fw PLH.static      ADJMBEDDHLB         75.9146 -> 75.9211
76196,0 fw PLH.static      CFIMEAFDJFM         71.7333 -> 71.7396
76201,5 fw PLH.static      ADJMBEDDHLB         75.9211 -> 75.9332
76201,5 fw PLH.static      CFIMEAFDJFM         71.7396 -> 71.7514
76213,7 fw Controll.static MKFDGFOCKNO         75.8669 -> 75.9169
76213,7 fw Controll.static LEKCBKLAILO         75.9169 -> 75.9669
76213,7 fw Controll.static OFJKHAFJIMA          0.0051 -> 0.0037
76213,7 fw PLH.static      ADJMBEDDHLB         75.9332 -> 75.9386
76213,7 fw PLH.static      CFIMEAFDJFM         71.7514 -> 71.7575
76219,0 fw PLH.static      ADJMBEDDHLB         75.9386 -> 75.9509
76219,0 fw PLH.static      CFIMEAFDJFM         71.7575 -> 71.7691
76230,1 fw Controll.static GIPNIMALPEG          0.9484 -> 0.0039
76230,2 fw PLH.static      ADJMBEDDHLB         75.9509 -> 75.9561
76235,3 fw PLH.static      ADJMBEDDHLB         75.9561 -> 75.9673
76235,3 fw PLH.static      CFIMEAFDJFM         71.7691 -> 71.7854
76248,0 fw PLH.static      ADJMBEDDHLB         75.9673 -> 75.9725
76248,0 fw PLH.static      CFIMEAFDJFM         71.7854 -> 71.7914
76252,7 fw PLH.static      ADJMBEDDHLB         75.9725 -> 75.9851
76252,8 fw PLH.static      CFIMEAFDJFM         71.7914 -> 71.8025
76265,3 fw Controll.static MKFDGFOCKNO         75.9169 -> 75.9669
76265,3 fw Controll.static LEKCBKLAILO         75.9669 -> 76.0169
76265,3 fw Controll.static OFJKHAFJIMA          0.0037 -> 0
76265,4 fw PLH.static      ADJMBEDDHLB         75.9851 -> 75.9899
76270,6 fw PLH.static      ADJMBEDDHLB         75.9899 -> 76.0025
76270,6 fw PLH.static      CFIMEAFDJFM         71.8025 -> 71.8205
76283,5 fw Controll.static GIPNIMALPEG          0.0039 -> 0.072
76283,6 fw PLH.static      ADJMBEDDHLB         76.0025 -> 76.0077
76291,4 fw Controll.static NAKNALFCOIF           171.9 -> 171.45
76291,4 fw Controll.static IGLCENGMMMJ             8.7 -> 8.4
76291,4 fw PLH.static      ADJMBEDDHLB         76.0077 -> 76.0207
76291,4 fw PLH.static      CFIMEAFDJFM         71.8205 -> 71.8394
76299,4 fw Controll.static DGNDKAKOEPD         2417952 -> 2418934
76299,4 fw Controll.static BEJBLGGGOCC       339997275 -> 339998261
76299,4 fw Controll.static JELGPAKAJPE             119 -> 100
76299,4 fw Controll.static EENJPDHGGGC         75.0393 -> 76.0207
76299,4 fw PLH.static      ADJMBEDDHLB         76.0207 -> 76.0285
76307,8 fw PLH.static      ADJMBEDDHLB         76.0285 -> 76.0366
76307,8 fw PLH.static      CFIMEAFDJFM         71.8394 -> 71.8554
76314,5 fw Controll.static MKFDGFOCKNO         75.9669 -> 76.0169
76314,5 fw Controll.static LEKCBKLAILO         76.0169 -> 76.0669
76314,5 fw Controll.static OFJKHAFJIMA               0 -> 0.0034
76314,6 fw PLH.static      ADJMBEDDHLB         76.0366 -> 76.0449
76314,6 fw PLH.static      CFIMEAFDJFM         71.8554 -> 71.8632
76323,7 fw PLH.static      ADJMBEDDHLB         76.0449 -> 76.0517
76331,7 fw Controll.static GIPNIMALPEG           0.072 -> 0.0338
76331,7 fw PLH.static      ADJMBEDDHLB         76.0517 -> 76.0608
76341,3 fw PLH.static      ADJMBEDDHLB         76.0608 -> 76.0689
76341,3 fw PLH.static      CFIMEAFDJFM         71.8632 -> 71.8859
76348,7 fw PLH.static      ADJMBEDDHLB         76.0689 -> 76.0785
76348,7 fw PLH.static      CFIMEAFDJFM         71.8859 -> 71.8973
76358,1 fw PLH.static      ADJMBEDDHLB         76.0785 -> 76.0858
76364,8 fw Controll.static MKFDGFOCKNO         76.0169 -> 76.0669
76364,8 fw Controll.static LEKCBKLAILO         76.0669 -> 76.1169
76364,8 fw Controll.static OFJKHAFJIMA          0.0034 -> 0.0014
76364,8 fw PLH.static      ADJMBEDDHLB         76.0858 -> 76.0953
76364,8 fw PLH.static      CFIMEAFDJFM         71.8973 -> 71.9141
76374,7 fw PLH.static      ADJMBEDDHLB         76.0953 -> 76.1019
76381,1 fw PLH.static      ADJMBEDDHLB         76.1019 -> 76.1119
76381,1 fw PLH.static      CFIMEAFDJFM         71.9141 -> 71.9306
76390,8 fw Controll.static GIPNIMALPEG          0.0338 -> 0.2174
76390,9 fw PLH.static      ADJMBEDDHLB         76.1119 -> 76.1183
76397,0 fw player          LNIDBHIAJJI               6 -> 5
76397,0 fw player          ACAIGMNLLEC             122 -> 121
76397,0 fw player          HEADELMLILF               0 -> 1
76397,1 fw PLH.static      ADJMBEDDHLB         76.1183 -> 76.1291
76397,1 fw PLH.static      CFIMEAFDJFM         71.9306 -> 71.9463
76408,5 fw PLH.static      ADJMBEDDHLB         76.1291 -> 76.1342
76414,1 fw Controll.static MKFDGFOCKNO         76.0669 -> 76.1169
76414,1 fw Controll.static LEKCBKLAILO         76.1169 -> 76.1669
76414,1 fw PLH.static      ADJMBEDDHLB         76.1342 -> 76.1456
76414,2 fw PLH.static      CFIMEAFDJFM         71.9463 -> 71.9639
76425,8 fw Controll.static OFJKHAFJIMA          0.0014 -> 0.001
76425,9 fw PLH.static      ADJMBEDDHLB         76.1456 -> 76.1513
76432,0 fw PLH.static      ADJMBEDDHLB         76.1513 -> 76.1631
76432,0 fw PLH.static      CFIMEAFDJFM         71.9639 -> 71.9811
76442,7 fw Controll.static GIPNIMALPEG          0.2174 -> 0.2554
76442,8 fw PLH.static      ADJMBEDDHLB         76.1631 -> 76.1691
76442,8 fw PLH.static      CFIMEAFDJFM         71.9811 -> 71.9879
76448,5 fw PLH.static      ADJMBEDDHLB         76.1691 -> 76.1799
76448,5 fw PLH.static      CFIMEAFDJFM         71.9879 -> 71.9988
76458,2 fw PLH.static      ADJMBEDDHLB         76.1799 -> 76.1856
76465,7 fw PLH.static      ADJMBEDDHLB         76.1856 -> 76.1953
76465,7 fw PLH.static      CFIMEAFDJFM         71.9988 -> 72.0142
76473,9 fw player          HEADELMLILF               1 -> 0
76473,9 fw Controll.static MKFDGFOCKNO         76.1169 -> 76.1669
76473,9 fw Controll.static LEKCBKLAILO         76.1669 -> 76.2169
76473,9 fw Controll.static OFJKHAFJIMA           0.001 -> 0.0019
76474,0 fw PLH.static      ADJMBEDDHLB         76.1953 -> 76.2028
76474,0 fw PLH.static      CFIMEAFDJFM         72.0142 -> 72.0212
76481,2 fw PLH.static      ADJMBEDDHLB         76.2028 -> 76.2111
76481,2 fw PLH.static      CFIMEAFDJFM         72.0212 -> 72.03
76491,1 fw Controll.static GIPNIMALPEG          0.2554 -> 0.222
76491,1 fw PLH.static      ADJMBEDDHLB         76.2111 -> 76.2183
76496,5 fw PLH.static      ADJMBEDDHLB         76.2183 -> 76.2283
76496,5 fw PLH.static      CFIMEAFDJFM           72.03 -> 72.0465
76507,5 fw PLH.static      ADJMBEDDHLB         76.2283 -> 76.2337
76513,5 fw PLH.static      ADJMBEDDHLB         76.2337 -> 76.2446
76513,5 fw PLH.static      CFIMEAFDJFM         72.0465 -> 72.0629
76523,6 fw Controll.static MKFDGFOCKNO         76.1669 -> 76.217
76523,6 fw Controll.static LEKCBKLAILO         76.2169 -> 76.267
76523,6 fw Controll.static OFJKHAFJIMA          0.0019 -> 0.0009
76523,7 fw PLH.static      ADJMBEDDHLB         76.2446 -> 76.2507
76523,7 fw PLH.static      CFIMEAFDJFM         72.0629 -> 72.0696
76530,7 fw PLH.static      ADJMBEDDHLB         76.2507 -> 76.2608
76530,7 fw PLH.static      CFIMEAFDJFM         72.0696 -> 72.0796
76540,0 fw Controll.static GIPNIMALPEG           0.222 -> 0.2
76540,0 fw PLH.static      ADJMBEDDHLB         76.2608 -> 76.2678
76540,0 fw PLH.static      CFIMEAFDJFM         72.0796 -> 72.086
76546,2 fw PLH.static      ADJMBEDDHLB         76.2678 -> 76.2771
76546,2 fw PLH.static      CFIMEAFDJFM          72.086 -> 72.096
76556,6 fw PLH.static      ADJMBEDDHLB         76.2771 -> 76.2833
76562,2 fw PLH.static      ADJMBEDDHLB         76.2833 -> 76.2937
76562,2 fw PLH.static      CFIMEAFDJFM          72.096 -> 72.1125
76574,5 fw Controll.static MKFDGFOCKNO          76.217 -> 76.267
76574,5 fw Controll.static LEKCBKLAILO          76.267 -> 76.317
76574,5 fw Controll.static OFJKHAFJIMA          0.0009 -> 0.0005
76574,6 fw PLH.static      ADJMBEDDHLB         76.2937 -> 76.2993
76574,6 fw PLH.static      CFIMEAFDJFM         72.1125 -> 72.1182
76580,8 fw PLH.static      ADJMBEDDHLB         76.2993 -> 76.3127
76580,8 fw PLH.static      CFIMEAFDJFM         72.1182 -> 72.1299
76593,8 fw Controll.static GIPNIMALPEG             0.2 -> 0.2772
76593,9 fw PLH.static      ADJMBEDDHLB         76.3127 -> 76.318
76598,6 fw PLH.static      ADJMBEDDHLB          76.318 -> 76.331
76598,6 fw PLH.static      CFIMEAFDJFM         72.1299 -> 72.1492
76610,4 fw PLH.static      ADJMBEDDHLB          76.331 -> 76.3357
76615,9 fw PLH.static      ADJMBEDDHLB         76.3357 -> 76.3476
76615,9 fw PLH.static      CFIMEAFDJFM         72.1492 -> 72.1659
76627,1 fw Controll.static MKFDGFOCKNO          76.267 -> 76.317
76627,1 fw Controll.static LEKCBKLAILO          76.317 -> 76.367
76627,2 fw PLH.static      ADJMBEDDHLB         76.3476 -> 76.3531
76632,6 fw PLH.static      ADJMBEDDHLB         76.3531 -> 76.3643
76632,6 fw PLH.static      CFIMEAFDJFM         72.1659 -> 72.1826
76643,0 fw Controll.static GIPNIMALPEG          0.2772 -> 0.2599
76643,0 fw PLH.static      ADJMBEDDHLB         76.3643 -> 76.3698
76649,4 fw PLH.static      ADJMBEDDHLB         76.3698 -> 76.3801
76649,4 fw PLH.static      CFIMEAFDJFM         72.1826 -> 72.1991
76659,0 fw PLH.static      ADJMBEDDHLB         76.3801 -> 76.3865
76659,1 fw PLH.static      CFIMEAFDJFM         72.1991 -> 72.2049
76666,5 fw PLH.static      ADJMBEDDHLB         76.3865 -> 76.3962
76666,5 fw PLH.static      CFIMEAFDJFM         72.2049 -> 72.215
76674,6 fw Controll.static MKFDGFOCKNO          76.317 -> 76.367
76674,6 fw Controll.static LEKCBKLAILO          76.367 -> 76.417
76674,6 fw Controll.static OFJKHAFJIMA          0.0005 -> 0.0024
76674,7 fw PLH.static      ADJMBEDDHLB         76.3962 -> 76.4037
76674,7 fw PLH.static      CFIMEAFDJFM          72.215 -> 72.2219
76683,2 fw PLH.static      ADJMBEDDHLB         76.4037 -> 76.4118
76691,3 fw PLH.static      ADJMBEDDHLB         76.4118 -> 76.4203
76691,3 fw PLH.static      CFIMEAFDJFM         72.2219 -> 72.239
76699,1 fw Controll.static GIPNIMALPEG          0.2599 -> 0.3825
76699,2 fw PLH.static      ADJMBEDDHLB         76.4203 -> 76.4284
76707,7 fw PLH.static      ADJMBEDDHLB         76.4284 -> 76.4363
76714,2 fw PLH.static      ADJMBEDDHLB         76.4363 -> 76.4449
76714,2 fw PLH.static      CFIMEAFDJFM          72.239 -> 72.2632
76724,7 fw Controll.static MKFDGFOCKNO          76.367 -> 76.417
76724,7 fw Controll.static LEKCBKLAILO          76.417 -> 76.467
76724,7 fw PLH.static      ADJMBEDDHLB         76.4449 -> 76.4513
76724,7 fw PLH.static      CFIMEAFDJFM         72.2632 -> 72.2701
76730,4 fw Controll.static OFJKHAFJIMA          0.0024 -> 0.0003
76730,4 fw PLH.static      ADJMBEDDHLB         76.4513 -> 76.4619
76740,6 fw PLH.static      ADJMBEDDHLB         76.4619 -> 76.4676
76740,6 fw PLH.static      CFIMEAFDJFM         72.2701 -> 72.2863
76747,8 fw Controll.static GIPNIMALPEG          0.3825 -> 0.3561
76747,8 fw PLH.static      ADJMBEDDHLB         76.4676 -> 76.4777
76747,8 fw PLH.static      CFIMEAFDJFM         72.2863 -> 72.2966
76758,0 fw PLH.static      ADJMBEDDHLB         76.4777 -> 76.485
76758,0 fw PLH.static      CFIMEAFDJFM         72.2966 -> 72.3031
76763,8 fw PLH.static      ADJMBEDDHLB          76.485 -> 76.4952
76763,8 fw PLH.static      CFIMEAFDJFM         72.3031 -> 72.3139
76775,0 fw PLH.static      ADJMBEDDHLB         76.4952 -> 76.501
76775,0 fw PLH.static      CFIMEAFDJFM         72.3139 -> 72.3198
76780,6 fw Controll.static MKFDGFOCKNO          76.417 -> 76.517
76780,6 fw Controll.static LEKCBKLAILO          76.467 -> 76.567
76780,6 fw Controll.static OFJKHAFJIMA          0.0003 -> 0.0005
76780,7 fw PLH.static      ADJMBEDDHLB          76.501 -> 76.5122
76780,7 fw PLH.static      CFIMEAFDJFM         72.3198 -> 72.3304
76792,1 fw PLH.static      ADJMBEDDHLB         76.5122 -> 76.5187
76792,1 fw PLH.static      CFIMEAFDJFM         72.3304 -> 72.3365
76797,3 fw Controll.static GIPNIMALPEG          0.3561 -> 0.3456
76797,3 fw PLH.static      ADJMBEDDHLB         76.5187 -> 76.5293
76797,3 fw PLH.static      CFIMEAFDJFM         72.3365 -> 72.3476
76808,3 fw PLH.static      ADJMBEDDHLB         76.5293 -> 76.5344
76813,8 fw PLH.static      ADJMBEDDHLB         76.5344 -> 76.5455
76813,8 fw PLH.static      CFIMEAFDJFM         72.3476 -> 72.3637
76825,1 fw PLH.static      ADJMBEDDHLB         76.5455 -> 76.551
76825,1 fw PLH.static      CFIMEAFDJFM         72.3637 -> 72.3699
76830,9 fw Controll.static MKFDGFOCKNO          76.517 -> 76.567
76830,9 fw Controll.static LEKCBKLAILO          76.567 -> 76.617
76830,9 fw Controll.static OFJKHAFJIMA          0.0005 -> 0.0007
76831,0 fw PLH.static      ADJMBEDDHLB          76.551 -> 76.5622
76831,0 fw PLH.static      CFIMEAFDJFM         72.3699 -> 72.3805
76842,5 ==== FIELDWATCH OFF ====
