# Blockpost room-protocol capture, started 2026-08-23 14:39:14
# tx: <ms> tx hdr=0xNN op=0xNN <name> : <fields>    rx: <ms> rx len=N <hex>
29624,1 ==== FIELDWATCH ON ====
29627,9 # net: TcpClient.Connected = True
29645,8 #   player nonzero: _LCEIAGLFFJN_k__BackingField=1 GLFBKBKFPCL=2063882 CCINALOJCNH=2 LDKMPMIANCE=1 MMMGPDBMOLM=1 PFGNALDDNDB=2 HOJIIOCKKLO=1 BCACFHNPIBP=45 CIPOBFGAMOP=13.361 HJLHOFPDEAA=1804 OLOOMMIKDPJ=13.361 BDHNEDFEHBA=512 LNIDBHIAJJI=8 ACAIGMNLLEC=253 LCPGFBMKNHJ=999 APFNBGHAJMD=1 CGHKKDBILGF=1 HIECLOJIFIL=1
29652,5 #   player.GPBAJMJILMA len=2 [11,25, 355,78125]
29652,7 #   player.JNBMIDFBOHD len=2 [11,25, 0]
29652,9 #   player.JPDHFNADBKI len=2 [11,25, 355,78125]
29653,0 #   player.GDEMINMDJAC len=4 [0, 0, 0, 0]
29653,1 #   player.DDKPBGMMNIA len=10 [0, 0, 0, 1, 0, 1, 0, 0, 0, 0]
29653,3 #   player.PPOOANLEBNI len=40 [0, 0, 0, 0, 0, 0, 0, 0, 0, 0, 0, 0]
29653,9 # fieldwatch player: 51 numeric fields, 6 arrays (GPBAJMJILMA,JNBMIDFBOHD,JPDHFNADBKI,GDEMINMDJAC,DDKPBGMMNIA,PPOOANLEBNI) on KBBBHJDINCB
29654,2 #   Controll.static nonzero: BIAHHOIOFKG=0.5 BNHEPNNOAIK=2.4 BNALIDHMCIG=2.75 JOJODHNJNGO=3 AJKDGEACHKD=3 NAKNALFCOIF=-3 IGLCENGMMMJ=11.55 HKPMJHCGMDE=0.4 DGNDKAKOEPD=2612333 BEJBLGGGOCC=340192449 JELGPAKAJPE=193 EENJPDHGGGC=28.273 ONGHDHKFEBG=-1 PBICPLCFAGG=1 ILFOFIOFBAM=-1 CFACCGMPPOE=1 CMGGPFHFKCM=2.4 MKFDGFOCKNO=29.123 LEKCBKLAILO=29.173 CIDLIJFIKPG=0.05 OFJKHAFJIMA=0.008 GKNJELHPMDE=-1 GAMBHJPMDON=1 MNHBPCOOMLE=2606099 KMJLDLGDMGK=1 GIPNIMALPEG=0.872
29655,6 #   Controll.static.DDOHELGGICN len=6 [(normal:(0.61, -0.15, 0.78), distance:-36.45), (normal:(-0.69, -0.15, 0.71), distance:35.76), (normal:(-0.04, 0.72, 0.69), distance:-9.27), (normal:(-0.02, -0.93, 0.36), distance:8.79), (normal:(-0.05, -0.20, 0.98), distance:-0.46), (normal:(0.05, 0.20, -0.98), distance:256.15)]
29655,6 # fieldwatch Controll.static: 74 numeric fields, 1 arrays (DDOHELGGICN) on Controll
29660,1 #   Controll nonzero: IFFKNMHKCKD=0.05 NIJLEBGNMAK=0.001 DKMDNEBPDLN=100000000 CJIOKPOOHIC=-1 CLEHDNFKJPB=12.768 CAFJCKPAKIB=1 CGNEAAGAMKC=50 MCOGBCDKDJD=10 DJJBAKDOCPN=-1 MJPKOOHJOPA=17.664 useGUILayout=1 enabled=1 isActiveAndEnabled=1
29660,1 # fieldwatch Controll: 28 numeric fields, 0 arrays () on Controll
29660,9 #   weapon nonzero: OCDNCKANJPB=1
29660,9 # fieldwatch weapon: 3 numeric fields, 0 arrays () on CGJPBNDDPIN
29662,0 #   activeEntry nonzero: PICIILNDDJO=1 NIKINLIKGCP=15 MOGDFDEMPLE=45
29667,2 #   activeEntry.COAAKMDBKJM len=3 [0, 0, 0]
29667,2 # fieldwatch activeEntry: 8 numeric fields, 1 arrays (COAAKMDBKJM) on FPNENMKEFBB
29669,2 #   PLH.static nonzero: LCKKCAHAPEF=2.08 IFFKNMHKCKD=0.05 EHHGKJHIGIL=1 ADJMBEDDHLB=29.153 CFIMEAFDJFM=24.662 KMLIIIGJAEK=4 EDLPNENMJFF=50 EKHCENHLMAM=1
29669,2 # fieldwatch PLH.static: 11 numeric fields, 0 arrays () on PLH
29669,3 # fieldwatch: PLH.LPCJFAOOIKA is null
29681,8 #   HUD.static nonzero: CBFLNECJIFF=1 MMEPGJJAHCI=42.839 EHBHDOAHOAO=10 CGDKPLKDION=11 GONEFAMEMOJ=330 DJBNLINNLOJ=-1 DIIAFKMNANI=22.676 NIHKFABDHPH=100 LCJPDJJKNDM=1 FJMNBAGNAIH=13.861 OOIBIGCALAA=0.5 IICPDHNGAKC=1
29684,4 #   HUD.static.DPOPNDPLFMN len=8 [(x:773.49, y:43.38, width:40.48, height:40.48), (x:727.22, y:43.38, width:40.48, height:40.48), (x:680.95, y:43.38, width:40.48, height:40.48), (x:634.69, y:43.38, width:40.48, height:40.48), (x:588.42, y:43.38, width:40.48, height:40.48), (x:542.15, y:43.38, width:40.48, height:40.48), (x:495.89, y:43.38, width:40.48, height:40.48), (x:449.62, y:43.38, width:40.48, height:40.48)]
29684,7 #   HUD.static.MGJBGOOFALD len=8 [(x:1106.03, y:43.38, width:40.48, height:40.48), (x:1152.30, y:43.38, width:40.48, height:40.48), (x:1198.56, y:43.38, width:40.48, height:40.48), (x:1244.83, y:43.38, width:40.48, height:40.48), (x:1291.10, y:43.38, width:40.48, height:40.48), (x:1337.36, y:43.38, width:40.48, height:40.48), (x:1383.63, y:43.38, width:40.48, height:40.48), (x:1429.90, y:43.38, width:40.48, height:40.48)]
29685,0 #   HUD.static.FBJDJBJOIJD len=16 [(x:773.49, y:20.24, width:40.48, height:40.48), (x:727.22, y:20.24, width:40.48, height:40.48), (x:680.95, y:20.24, width:40.48, height:40.48), (x:634.69, y:20.24, width:40.48, height:40.48), (x:588.42, y:20.24, width:40.48, height:40.48), (x:542.15, y:20.24, width:40.48, height:40.48), (x:495.89, y:20.24, width:40.48, height:40.48), (x:449.62, y:20.24, width:40.48, height:40.48), (x:773.49, y:66.51, width:40.48, height:40.48), (x:727.22, y:66.51, width:40.48, height:40.48), (x:680.95, y:66.51, width:40.48, height:40.48), (x:634.69, y:66.51, width:40.48, height:40.48)]
29685,3 #   HUD.static.HPCDGLNGIJJ len=16 [(x:1106.03, y:20.24, width:40.48, height:40.48), (x:1152.30, y:20.24, width:40.48, height:40.48), (x:1198.56, y:20.24, width:40.48, height:40.48), (x:1244.83, y:20.24, width:40.48, height:40.48), (x:1291.10, y:20.24, width:40.48, height:40.48), (x:1337.36, y:20.24, width:40.48, height:40.48), (x:1383.63, y:20.24, width:40.48, height:40.48), (x:1429.90, y:20.24, width:40.48, height:40.48), (x:1106.03, y:66.51, width:40.48, height:40.48), (x:1152.30, y:66.51, width:40.48, height:40.48), (x:1198.56, y:66.51, width:40.48, height:40.48), (x:1244.83, y:66.51, width:40.48, height:40.48)]
29685,5 #   HUD.static.JNAIOMMAIJG len=128 [0, 0, 0, 0, 0, 0, 0, 0, 0, 0, 0, 0]
29685,5 # fieldwatch HUD.static: 32 numeric fields, 5 arrays (DPOPNDPLFMN,MGJBGOOFALD,FBJDJBJOIJD,HPCDGLNGIJJ,JNAIOMMAIJG) on HUD
29687,0 #   HUD nonzero: LCANLDDJLFB=1 IMPGDAPCBJF=108 useGUILayout=1 enabled=1 isActiveAndEnabled=1
29687,0 # fieldwatch HUD: 11 numeric fields, 0 arrays () on HUD
29690,6 #   GUIInv.static nonzero: PNMFBNFKNAP=1 EFBFIHJMABF=1 LALEHGDILEB=9 INCDIECCFMC=7 LOILCIEIHHF=8
29690,8 #   GUIInv.static.MHCPNENABCD len=9 [0, 0, 0, 1, 1, 0, 0, 0, 0]
29690,9 #   GUIInv.static.CLKDEHIHPAJ len=31 [0, 0, 1, 1, 1, 1, 1, 1, 1, 1, 1, 1]
29691,1 #   GUIInv.static.EKNEPPFAEME len=30 [0, 0, 0, 1, 1, 1, 1, 1, 1, 1, 1, 1]
29691,3 #   GUIInv.static.ODBDHJLHOGP len=29 [0, 0, 1, 1, 1, 1, 1, 1, 1, 1, 1, 1]
29691,4 #   GUIInv.static.JGFMOAHNPDN len=3 [0, 1, 1]
29691,4 # fieldwatch GUIInv.static: 25 numeric fields, 5 arrays (MHCPNENABCD,CLKDEHIHPAJ,EKNEPPFAEME,ODBDHJLHOGP,JGFMOAHNPDN) on GUIInv
29691,8 #   GUIInv nonzero: 
29691,8 # fieldwatch GUIInv: 2 numeric fields, 0 arrays () on BIMFEOACIDM
29701,6 fw PLH.static      ADJMBEDDHLB         29.1525 -> 29.2367
29701,6 fw PLH.static      CFIMEAFDJFM         24.6621 -> 24.6917
29722,5 fw PLH.static      ADJMBEDDHLB         29.2367 -> 29.2442
29727,6 fw PLH.static      ADJMBEDDHLB         29.2442 -> 29.2651
29727,6 fw PLH.static      CFIMEAFDJFM         24.6917 -> 24.7913
29738,8 fw PLH.static      ADJMBEDDHLB         29.2651 -> 29.2702
29745,3 fw PLH.static      ADJMBEDDHLB         29.2702 -> 29.2813
29745,3 fw PLH.static      CFIMEAFDJFM         24.7913 -> 24.8075
29756,0 fw PLH.static      ADJMBEDDHLB         29.2813 -> 29.2878
29760,1 fw PLH.static      ADJMBEDDHLB         29.2878 -> 29.2985
29760,1 fw PLH.static      CFIMEAFDJFM         24.8075 -> 24.8245
29773,5 fw PLH.static      ADJMBEDDHLB         29.2985 -> 29.3027
29777,5 fw Controll.static MKFDGFOCKNO         29.2436 -> 29.2936
29777,5 fw Controll.static LEKCBKLAILO         29.2936 -> 29.3436
29777,5 fw Controll.static OFJKHAFJIMA               0 -> 0.0044
29777,6 fw PLH.static      ADJMBEDDHLB         29.3027 -> 29.316
29777,6 fw PLH.static      CFIMEAFDJFM         24.8245 -> 24.8421
29789,0 fw PLH.static      ADJMBEDDHLB          29.316 -> 29.3201
29794,7 fw PLH.static      ADJMBEDDHLB         29.3201 -> 29.3315
29805,7 fw Controll.static GIPNIMALPEG          0.8795 -> 0.0874
29805,7 fw PLH.static      ADJMBEDDHLB         29.3315 -> 29.3372
29805,7 fw PLH.static      CFIMEAFDJFM         24.8421 -> 24.8635
29809,9 fw PLH.static      ADJMBEDDHLB         29.3372 -> 29.3483
29821,9 fw PLH.static      ADJMBEDDHLB         29.3483 -> 29.3524
29825,9 fw Controll.static MKFDGFOCKNO         29.2936 -> 29.3436
29825,9 fw Controll.static LEKCBKLAILO         29.3436 -> 29.3936
29826,0 fw PLH.static      ADJMBEDDHLB         29.3524 -> 29.3645
29826,0 fw PLH.static      CFIMEAFDJFM         24.8635 -> 24.8908
29839,5 fw Controll.static OFJKHAFJIMA          0.0044 -> 0.0042
29839,6 fw PLH.static      ADJMBEDDHLB         29.3645 -> 29.3685
29843,9 fw PLH.static      ADJMBEDDHLB         29.3685 -> 29.3821
29856,0 fw Controll.static GIPNIMALPEG          0.0874 -> 0.0953
29856,1 fw PLH.static      ADJMBEDDHLB         29.3821 -> 29.3865
29860,3 fw PLH.static      ADJMBEDDHLB         29.3865 -> 29.3987
29860,3 fw PLH.static      CFIMEAFDJFM         24.8908 -> 24.9248
29872,6 fw PLH.static      ADJMBEDDHLB         29.3987 -> 29.4028
29876,6 fw PLH.static      ADJMBEDDHLB         29.4028 -> 29.4151
29876,6 fw PLH.static      CFIMEAFDJFM         24.9248 -> 24.9415
29889,1 fw Controll.static MKFDGFOCKNO         29.3436 -> 29.3936
29889,2 fw Controll.static LEKCBKLAILO         29.3936 -> 29.4436
29889,2 fw Controll.static OFJKHAFJIMA          0.0042 -> 0.0045
29889,2 fw PLH.static      ADJMBEDDHLB         29.4151 -> 29.4191
29894,4 fw PLH.static      ADJMBEDDHLB         29.4191 -> 29.4318
29894,4 fw PLH.static      CFIMEAFDJFM         24.9415 -> 24.9587
29905,5 fw Controll.static GIPNIMALPEG          0.0953 -> 0.0847
29905,6 fw PLH.static      ADJMBEDDHLB         29.4318 -> 29.4369
29910,1 fw PLH.static      ADJMBEDDHLB         29.4369 -> 29.4481
29921,9 fw PLH.static      ADJMBEDDHLB         29.4481 -> 29.4526
29926,2 fw PLH.static      ADJMBEDDHLB         29.4526 -> 29.4645
29926,2 fw PLH.static      CFIMEAFDJFM         24.9587 -> 24.9907
29939,3 fw Controll.static MKFDGFOCKNO         29.3936 -> 29.4436
29939,3 fw Controll.static LEKCBKLAILO         29.4436 -> 29.4936
29939,4 fw Controll.static OFJKHAFJIMA          0.0045 -> 0.004
29939,4 fw PLH.static      ADJMBEDDHLB         29.4645 -> 29.4687
29939,4 fw PLH.static      CFIMEAFDJFM         24.9907 -> 24.9957
29943,5 fw PLH.static      ADJMBEDDHLB         29.4687 -> 29.482
29955,7 fw Controll.static GIPNIMALPEG          0.0847 -> 0.0872
29955,7 fw PLH.static      ADJMBEDDHLB          29.482 -> 29.4861
29960,2 fw PLH.static      ADJMBEDDHLB         29.4861 -> 29.4984
29960,2 fw PLH.static      CFIMEAFDJFM         24.9957 -> 25.0243
29972,5 fw PLH.static      ADJMBEDDHLB         29.4984 -> 29.5027
29976,8 fw PLH.static      ADJMBEDDHLB         29.5027 -> 29.515
29988,1 fw Controll.static MKFDGFOCKNO         29.4436 -> 29.4936
29988,1 fw Controll.static LEKCBKLAILO         29.4936 -> 29.5436
29988,1 fw Controll.static OFJKHAFJIMA           0.004 -> 0.0041
29988,2 fw PLH.static      ADJMBEDDHLB          29.515 -> 29.5194
29988,2 fw PLH.static      CFIMEAFDJFM         25.0243 -> 25.0464
29994,0 fw PLH.static      ADJMBEDDHLB         29.5194 -> 29.5308
30005,2 fw Controll.static GIPNIMALPEG          0.0872 -> 0.0784
30005,3 fw PLH.static      ADJMBEDDHLB         29.5308 -> 29.5366
30005,3 fw PLH.static      CFIMEAFDJFM         25.0464 -> 25.0628
30009,6 fw PLH.static      ADJMBEDDHLB         29.5366 -> 29.5479
30022,2 fw PLH.static      ADJMBEDDHLB         29.5479 -> 29.5521
30026,7 fw PLH.static      ADJMBEDDHLB         29.5521 -> 29.5647
30026,7 fw PLH.static      CFIMEAFDJFM         25.0628 -> 25.0909
30039,1 fw Controll.static MKFDGFOCKNO         29.4936 -> 29.5437
30039,1 fw Controll.static LEKCBKLAILO         29.5436 -> 29.5937
30039,1 fw Controll.static OFJKHAFJIMA          0.0041 -> 0.0035
30039,2 fw PLH.static      ADJMBEDDHLB         29.5647 -> 29.5692
30043,1 fw PLH.static      ADJMBEDDHLB         29.5692 -> 29.5818
30043,1 fw PLH.static      CFIMEAFDJFM         25.0909 -> 25.1079
30055,0 fw Controll.static GIPNIMALPEG          0.0784 -> 0.0737
30055,0 fw PLH.static      ADJMBEDDHLB         29.5818 -> 29.5856
30059,3 fw PLH.static      ADJMBEDDHLB         29.5856 -> 29.5976
30059,3 fw PLH.static      CFIMEAFDJFM         25.1079 -> 25.1237
30072,7 fw PLH.static      ADJMBEDDHLB         29.5976 -> 29.6019
30076,6 fw PLH.static      ADJMBEDDHLB         29.6019 -> 29.6153
30087,9 fw Controll.static MKFDGFOCKNO         29.5437 -> 29.5937
30087,9 fw Controll.static LEKCBKLAILO         29.5937 -> 29.6437
30088,0 fw PLH.static      ADJMBEDDHLB         29.6153 -> 29.6192
30093,6 fw PLH.static      ADJMBEDDHLB         29.6192 -> 29.6306
30093,6 fw PLH.static      CFIMEAFDJFM         25.1237 -> 25.1575
30104,7 fw PLH.static      ADJMBEDDHLB         29.6306 -> 29.6361
30108,6 fw Controll.static GIPNIMALPEG          0.0737 -> 0.1471
30108,7 fw PLH.static      ADJMBEDDHLB         29.6361 -> 29.6472
30121,2 fw PLH.static      ADJMBEDDHLB         29.6472 -> 29.6512
30125,1 fw PLH.static      ADJMBEDDHLB         29.6512 -> 29.6638
30125,1 fw PLH.static      CFIMEAFDJFM         25.1575 -> 25.1901
30138,2 fw Controll.static MKFDGFOCKNO         29.5937 -> 29.6437
30138,2 fw Controll.static LEKCBKLAILO         29.6437 -> 29.6937
30138,3 fw PLH.static      ADJMBEDDHLB         29.6638 -> 29.6677
30138,3 fw PLH.static      CFIMEAFDJFM         25.1901 -> 25.1947
30141,9 fw Controll.static OFJKHAFJIMA          0.0035 -> 0.003
30141,9 fw PLH.static      ADJMBEDDHLB         29.6677 -> 29.6808
30154,3 fw PLH.static      ADJMBEDDHLB         29.6808 -> 29.6845
30158,8 fw Controll.static GIPNIMALPEG          0.1471 -> 0.1503
30158,9 fw PLH.static      ADJMBEDDHLB         29.6845 -> 29.6968
30158,9 fw PLH.static      CFIMEAFDJFM         25.1947 -> 25.223
30172,3 fw Controll.static NAKNALFCOIF              -3 -> -3.3
30172,4 fw PLH.static      ADJMBEDDHLB         29.6968 -> 29.7014
30176,4 fw PLH.static      ADJMBEDDHLB         29.7014 -> 29.7149
30187,7 fw PLH.static      ADJMBEDDHLB         29.7149 -> 29.7189
30187,8 fw PLH.static      CFIMEAFDJFM          25.223 -> 25.246
30193,3 fw Controll.static MKFDGFOCKNO         29.6437 -> 29.6937
30193,3 fw Controll.static LEKCBKLAILO         29.6937 -> 29.7437
30193,3 fw Controll.static OFJKHAFJIMA           0.003 -> 0.0027
30193,3 fw PLH.static      ADJMBEDDHLB         29.7189 -> 29.7303
30204,3 fw PLH.static      ADJMBEDDHLB         29.7303 -> 29.7359
30204,3 fw PLH.static      CFIMEAFDJFM          25.246 -> 25.2623
30209,3 fw Controll.static GIPNIMALPEG          0.1503 -> 0.1597
30209,4 fw PLH.static      ADJMBEDDHLB         29.7359 -> 29.7468
30220,8 fw Controll.static NAKNALFCOIF            -3.3 -> -3.45
30220,8 fw PLH.static      ADJMBEDDHLB         29.7468 -> 29.7519
30220,8 fw PLH.static      CFIMEAFDJFM         25.2623 -> 25.2781
30225,5 fw PLH.static      ADJMBEDDHLB         29.7519 -> 29.7634
30239,9 fw PLH.static      ADJMBEDDHLB         29.7634 -> 29.768
30243,3 fw Controll.static MKFDGFOCKNO         29.6937 -> 29.7437
30243,3 fw Controll.static LEKCBKLAILO         29.7437 -> 29.7937
30243,3 fw PLH.static      ADJMBEDDHLB          29.768 -> 29.7825
30243,3 fw PLH.static      CFIMEAFDJFM         25.2781 -> 25.3077
30256,0 fw PLH.static      ADJMBEDDHLB         29.7825 -> 29.7859
30260,2 fw Controll.static GIPNIMALPEG          0.1597 -> 0.1779
30260,3 fw PLH.static      ADJMBEDDHLB         29.7859 -> 29.7985
30260,3 fw PLH.static      CFIMEAFDJFM         25.3077 -> 25.3244
30272,3 fw Controll.static NAKNALFCOIF           -3.45 -> -3.9
30272,3 fw Controll.static IGLCENGMMMJ           11.55 -> 11.85
30272,3 fw PLH.static      ADJMBEDDHLB         29.7985 -> 29.8028
30276,7 fw PLH.static      ADJMBEDDHLB         29.8028 -> 29.8148
30276,7 fw PLH.static      CFIMEAFDJFM         25.3244 -> 25.3412
30287,7 fw PLH.static      ADJMBEDDHLB         29.8148 -> 29.8192
30293,2 fw Controll.static MKFDGFOCKNO         29.7437 -> 29.7937
30293,2 fw Controll.static LEKCBKLAILO         29.7937 -> 29.8437
30293,2 fw Controll.static OFJKHAFJIMA          0.0027 -> 0.0044
30293,3 fw PLH.static      ADJMBEDDHLB         29.8192 -> 29.8302
30304,3 fw PLH.static      ADJMBEDDHLB         29.8302 -> 29.8358
30304,3 fw PLH.static      CFIMEAFDJFM         25.3412 -> 25.3622
30309,1 fw Controll.static GIPNIMALPEG          0.1779 -> 0.1546
30309,1 fw PLH.static      ADJMBEDDHLB         29.8358 -> 29.8468
30322,2 fw PLH.static      ADJMBEDDHLB         29.8468 -> 29.8516
30326,6 fw PLH.static      ADJMBEDDHLB         29.8516 -> 29.8648
30326,6 fw PLH.static      CFIMEAFDJFM         25.3622 -> 25.3911
30337,9 fw PLH.static      ADJMBEDDHLB         29.8648 -> 29.8692
30342,5 fw Controll.static MKFDGFOCKNO         29.7937 -> 29.8437
30342,5 fw Controll.static LEKCBKLAILO         29.8437 -> 29.8937
30342,5 fw Controll.static OFJKHAFJIMA          0.0044 -> 0.0026
30342,6 fw PLH.static      ADJMBEDDHLB         29.8692 -> 29.8805
30342,6 fw PLH.static      CFIMEAFDJFM         25.3911 -> 25.4068
30354,4 fw PLH.static      ADJMBEDDHLB         29.8805 -> 29.8851
30358,6 fw Controll.static GIPNIMALPEG          0.1546 -> 0.1451
30358,6 fw PLH.static      ADJMBEDDHLB         29.8851 -> 29.8969
30358,6 fw PLH.static      CFIMEAFDJFM         25.4068 -> 25.423
30370,4 fw PLH.static      ADJMBEDDHLB         29.8969 -> 29.9012
30375,3 fw PLH.static      ADJMBEDDHLB         29.9012 -> 29.9129
30375,3 fw PLH.static      CFIMEAFDJFM          25.423 -> 25.4399
30386,3 fw PLH.static      ADJMBEDDHLB         29.9129 -> 29.9178
30391,0 fw Controll.static MKFDGFOCKNO         29.8437 -> 29.8937
30391,0 fw Controll.static LEKCBKLAILO         29.8937 -> 29.9437
30391,0 fw Controll.static OFJKHAFJIMA          0.0026 -> 0.0028
30391,1 fw PLH.static      ADJMBEDDHLB         29.9178 -> 29.9288
30404,2 fw PLH.static      ADJMBEDDHLB         29.9288 -> 29.9336
30404,2 fw PLH.static      CFIMEAFDJFM         25.4399 -> 25.46
30408,9 fw PLH.static      ADJMBEDDHLB         29.9336 -> 29.9468
30420,9 fw Controll.static GIPNIMALPEG          0.1451 -> 0.3911
30421,0 fw PLH.static      ADJMBEDDHLB         29.9468 -> 29.9514
30425,2 fw PLH.static      ADJMBEDDHLB         29.9514 -> 29.9635
30425,2 fw PLH.static      CFIMEAFDJFM           25.46 -> 25.4899
30437,6 fw PLH.static      ADJMBEDDHLB         29.9635 -> 29.9677
30441,4 fw Controll.static MKFDGFOCKNO         29.8937 -> 29.9437
30441,4 fw Controll.static LEKCBKLAILO         29.9437 -> 29.9937
30441,5 fw PLH.static      ADJMBEDDHLB         29.9677 -> 29.9801
30453,5 fw Controll.static OFJKHAFJIMA          0.0028 -> 0.002
30453,6 fw PLH.static      ADJMBEDDHLB         29.9801 -> 29.984
30457,8 fw PLH.static      ADJMBEDDHLB          29.984 -> 29.9961
30457,8 fw PLH.static      CFIMEAFDJFM         25.4899 -> 25.5223
30470,2 fw Controll.static GIPNIMALPEG          0.3911 -> 0.3769
30470,3 fw PLH.static      ADJMBEDDHLB         29.9961 -> 30.0004
30475,2 fw PLH.static      ADJMBEDDHLB         30.0004 -> 30.0128
30485,9 fw PLH.static      ADJMBEDDHLB         30.0128 -> 30.0177
30485,9 fw PLH.static      CFIMEAFDJFM         25.5223 -> 25.5441
30490,3 fw PLH.static      ADJMBEDDHLB         30.0177 -> 30.0284
30500,9 fw Controll.static MKFDGFOCKNO         29.9437 -> 29.9937
30500,9 fw Controll.static LEKCBKLAILO         29.9937 -> 30.0437
30501,0 fw PLH.static      ADJMBEDDHLB         30.0284 -> 30.0328
30501,0 fw PLH.static      CFIMEAFDJFM         25.5441 -> 25.5599
30506,7 fw PLH.static      ADJMBEDDHLB         30.0328 -> 30.0436
30519,6 fw Controll.static GIPNIMALPEG          0.3769 -> 0.365
30519,7 fw PLH.static      ADJMBEDDHLB         30.0436 -> 30.0492
30523,4 fw PLH.static      ADJMBEDDHLB         30.0492 -> 30.0622
30523,4 fw PLH.static      CFIMEAFDJFM         25.5599 -> 25.5886
30537,5 fw PLH.static      ADJMBEDDHLB         30.0622 -> 30.066
30541,3 fw PLH.static      ADJMBEDDHLB          30.066 -> 30.0801
30541,3 fw PLH.static      CFIMEAFDJFM         25.5886 -> 25.6063
30553,3 fw Controll.static MKFDGFOCKNO         29.9937 -> 30.0937
30553,3 fw Controll.static LEKCBKLAILO         30.0437 -> 30.1437
30553,3 fw Controll.static OFJKHAFJIMA           0.002 -> 0.0018
30553,4 fw PLH.static      ADJMBEDDHLB         30.0801 -> 30.0839
30557,5 fw PLH.static      ADJMBEDDHLB         30.0839 -> 30.0959
30557,5 fw PLH.static      CFIMEAFDJFM         25.6063 -> 25.6221
30569,7 fw Controll.static GIPNIMALPEG           0.365 -> 0.3682
30569,8 fw PLH.static      ADJMBEDDHLB         30.0959 -> 30.1
30574,3 fw PLH.static      ADJMBEDDHLB            30.1 -> 30.1123
30585,7 fw PLH.static      ADJMBEDDHLB         30.1123 -> 30.1169
30585,7 fw PLH.static      CFIMEAFDJFM         25.6221 -> 25.6433
30591,1 fw PLH.static      ADJMBEDDHLB         30.1169 -> 30.1283
30603,1 fw Controll.static MKFDGFOCKNO         30.0937 -> 30.1437
30603,1 fw Controll.static LEKCBKLAILO         30.1437 -> 30.1937
30603,1 fw Controll.static OFJKHAFJIMA          0.0018 -> 0.0015
30603,2 fw PLH.static      ADJMBEDDHLB         30.1283 -> 30.1336
30607,1 fw PLH.static      ADJMBEDDHLB         30.1336 -> 30.1457
30607,2 fw PLH.static      CFIMEAFDJFM         25.6433 -> 25.6725
30619,7 fw Controll.static GIPNIMALPEG          0.3682 -> 0.3667
30619,7 fw PLH.static      ADJMBEDDHLB         30.1457 -> 30.1497
30623,9 fw PLH.static      ADJMBEDDHLB         30.1497 -> 30.1623
30623,9 fw PLH.static      CFIMEAFDJFM         25.6725 -> 25.6885
30637,2 fw PLH.static      ADJMBEDDHLB         30.1623 -> 30.1665
30640,9 fw PLH.static      ADJMBEDDHLB         30.1665 -> 30.1797
30640,9 fw PLH.static      CFIMEAFDJFM         25.6885 -> 25.7059
30653,2 fw Controll.static MKFDGFOCKNO         30.1437 -> 30.1937
30653,2 fw Controll.static LEKCBKLAILO         30.1937 -> 30.2437
30653,2 fw PLH.static      ADJMBEDDHLB         30.1797 -> 30.1834
30667,2 fw PLH.static      ADJMBEDDHLB         30.1834 -> 30.1958
30678,7 fw Controll.static GIPNIMALPEG          0.3667 -> 0.5479
30678,8 fw PLH.static      ADJMBEDDHLB         30.1958 -> 30.2098
30678,8 fw PLH.static      CFIMEAFDJFM         25.7059 -> 25.7282
30692,1 fw PLH.static      ADJMBEDDHLB         30.2098 -> 30.2215
30697,5 fw PLH.static      ADJMBEDDHLB         30.2215 -> 30.2346
30697,5 fw PLH.static      CFIMEAFDJFM         25.7282 -> 25.7608
30710,8 fw PLH.static      ADJMBEDDHLB         30.2346 -> 30.2401
30710,8 fw PLH.static      CFIMEAFDJFM         25.7608 -> 25.7665
30717,0 fw Controll.static MKFDGFOCKNO         30.1937 -> 30.2437
30717,0 fw Controll.static LEKCBKLAILO         30.2437 -> 30.2937
30717,0 fw Controll.static OFJKHAFJIMA          0.0015 -> 0.0091
30717,1 fw PLH.static      ADJMBEDDHLB         30.2401 -> 30.2533
30728,3 fw PLH.static      ADJMBEDDHLB         30.2533 -> 30.2597
30728,3 fw PLH.static      CFIMEAFDJFM         25.7665 -> 25.7856
30735,1 fw PLH.static      ADJMBEDDHLB         30.2597 -> 30.2708
30742,4 fw Controll.static GIPNIMALPEG          0.5479 -> 0.8207
30742,5 fw PLH.static      ADJMBEDDHLB         30.2708 -> 30.2778
30742,5 fw PLH.static      CFIMEAFDJFM         25.7856 -> 25.803
30749,6 fw PLH.static      ADJMBEDDHLB         30.2778 -> 30.285
30759,3 fw PLH.static      ADJMBEDDHLB          30.285 -> 30.2966
30759,3 fw PLH.static      CFIMEAFDJFM          25.803 -> 25.819
30773,5 fw Controll.static MKFDGFOCKNO         30.2437 -> 30.2937
30773,5 fw Controll.static LEKCBKLAILO         30.2937 -> 30.3437
30773,6 fw PLH.static      ADJMBEDDHLB         30.2966 -> 30.3018
30781,6 fw Controll.static OFJKHAFJIMA          0.0091 -> 0.0077
30781,6 fw PLH.static      ADJMBEDDHLB         30.3018 -> 30.3161
30781,6 fw PLH.static      CFIMEAFDJFM          25.819 -> 25.8423
30788,3 fw PLH.static      ADJMBEDDHLB         30.3161 -> 30.3242
30804,6 fw Controll.static GIPNIMALPEG          0.8207 -> 0.0637
30804,7 fw PLH.static      ADJMBEDDHLB         30.3242 -> 30.3308
30808,7 fw Controll.static DGNDKAKOEPD         2613297 -> 2614362
30808,7 fw Controll.static BEJBLGGGOCC       340193494 -> 340194560
30808,7 fw Controll.static JELGPAKAJPE             106 -> 107
30808,7 fw Controll.static EENJPDHGGGC         29.2367 -> 30.3018
30808,7 fw PLH.static      ADJMBEDDHLB         30.3308 -> 30.3473
30808,7 fw PLH.static      CFIMEAFDJFM         25.8423 -> 25.873
30824,5 fw PLH.static      ADJMBEDDHLB         30.3473 -> 30.3513
30850,5 fw PLH.static      ADJMBEDDHLB         30.3513 -> 30.3682
30860,5 fw Controll.static MKFDGFOCKNO         30.2937 -> 30.3937
30860,5 fw Controll.static LEKCBKLAILO         30.3437 -> 30.4437
30860,5 fw Controll.static OFJKHAFJIMA          0.0077 -> 0.0088
30860,6 fw PLH.static      ADJMBEDDHLB         30.3682 -> 30.3965
30860,6 fw PLH.static      CFIMEAFDJFM          25.873 -> 25.9123
30872,6 fw PLH.static      ADJMBEDDHLB         30.3965 -> 30.4033
30872,6 fw PLH.static      CFIMEAFDJFM         25.9123 -> 25.9291
30883,4 fw Controll.static GIPNIMALPEG          0.0637 -> 0.6362
30883,9 fw PLH.static      ADJMBEDDHLB         30.4033 -> 30.4152
30897,0 fw PLH.static      ADJMBEDDHLB         30.4152 -> 30.4265
30909,3 fw PLH.static      ADJMBEDDHLB         30.4265 -> 30.4395
30909,3 fw PLH.static      CFIMEAFDJFM         25.9291 -> 25.9656
30925,7 fw PLH.static      ADJMBEDDHLB         30.4395 -> 30.452
30925,7 fw PLH.static      CFIMEAFDJFM         25.9656 -> 25.9783
30936,2 fw Controll.static MKFDGFOCKNO         30.3937 -> 30.4437
30936,2 fw Controll.static LEKCBKLAILO         30.4437 -> 30.4937
30936,2 fw Controll.static OFJKHAFJIMA          0.0088 -> 0.0074
30936,3 fw PLH.static      ADJMBEDDHLB          30.452 -> 30.4683
30948,4 fw PLH.static      ADJMBEDDHLB         30.4683 -> 30.4789
30948,4 fw PLH.static      CFIMEAFDJFM         25.9783 -> 26.0054
30965,9 fw Controll.static GIPNIMALPEG          0.6362 -> 0.2908
30966,0 fw PLH.static      ADJMBEDDHLB         30.4789 -> 30.491
30966,0 fw PLH.static      CFIMEAFDJFM         26.0054 -> 26.0178
30972,2 fw PLH.static      ADJMBEDDHLB          30.491 -> 30.5085
30995,3 fw PLH.static      ADJMBEDDHLB         30.5085 -> 30.5147
30999,9 fw PLH.static      ADJMBEDDHLB         30.5147 -> 30.5379
30999,9 fw PLH.static      CFIMEAFDJFM         26.0178 -> 26.064
31012,6 fw Controll.static MKFDGFOCKNO         30.4437 -> 30.5437
31012,6 fw Controll.static LEKCBKLAILO         30.4937 -> 30.5937
31012,6 fw Controll.static OFJKHAFJIMA          0.0074 -> 0.0109
31012,6 fw PLH.static      ADJMBEDDHLB         30.5379 -> 30.5425
31018,0 fw PLH.static      ADJMBEDDHLB         30.5425 -> 30.5552
31018,0 fw PLH.static      CFIMEAFDJFM          26.064 -> 26.0811
31039,0 fw Controll.static GIPNIMALPEG          0.2908 -> 0.7519
31039,0 fw PLH.static      ADJMBEDDHLB         30.5552 -> 30.5606
31052,3 fw PLH.static      ADJMBEDDHLB         30.5606 -> 30.5816
31052,3 fw PLH.static      CFIMEAFDJFM         26.0811 -> 26.1083
31056,2 fw PLH.static      ADJMBEDDHLB         30.5816 -> 30.5949
31069,6 fw PLH.static      ADJMBEDDHLB         30.5949 -> 30.5987
31075,7 fw Controll.static MKFDGFOCKNO         30.5437 -> 30.5937
31075,7 fw Controll.static LEKCBKLAILO         30.5937 -> 30.6437
31075,8 fw Controll.static OFJKHAFJIMA          0.0109 -> 0.0005
31075,8 fw PLH.static      ADJMBEDDHLB         30.5987 -> 30.6121
31086,1 fw PLH.static      ADJMBEDDHLB         30.6121 -> 30.6183
31086,1 fw PLH.static      CFIMEAFDJFM         26.1083 -> 26.1443
31091,7 fw Controll.static GIPNIMALPEG          0.7519 -> 0.8071
31091,8 fw PLH.static      ADJMBEDDHLB         30.6183 -> 30.6286
31091,8 fw PLH.static      CFIMEAFDJFM         26.1443 -> 26.1556
31101,3 fw PLH.static      ADJMBEDDHLB         30.6286 -> 30.6343
31106,7 fw PLH.static      ADJMBEDDHLB         30.6343 -> 30.6439
31117,2 fw PLH.static      ADJMBEDDHLB         30.6439 -> 30.6493
31122,0 fw Controll.static MKFDGFOCKNO         30.5937 -> 30.6438
31122,0 fw Controll.static LEKCBKLAILO         30.6437 -> 30.6938
31122,0 fw Controll.static OFJKHAFJIMA          0.0005 -> 0.0051
31122,1 fw PLH.static      ADJMBEDDHLB         30.6493 -> 30.6597
31122,1 fw PLH.static      CFIMEAFDJFM         26.1556 -> 26.1862
31134,4 fw PLH.static      ADJMBEDDHLB         30.6597 -> 30.6647
31134,4 fw PLH.static      CFIMEAFDJFM         26.1862 -> 26.1916
31138,5 fw PLH.static      ADJMBEDDHLB         30.6647 -> 30.6769
31138,5 fw PLH.static      CFIMEAFDJFM         26.1916 -> 26.2034
31158,3 fw Controll.static GIPNIMALPEG          0.8071 -> 0.1365
31158,4 fw PLH.static      ADJMBEDDHLB         30.6769 -> 30.681
31174,9 fw PLH.static      ADJMBEDDHLB          30.681 -> 30.7009
31186,6 fw PLH.static      ADJMBEDDHLB         30.7009 -> 30.7174
31186,6 fw PLH.static      CFIMEAFDJFM         26.2034 -> 26.2442
31192,1 fw Controll.static MKFDGFOCKNO         30.6438 -> 30.6938
31192,1 fw Controll.static LEKCBKLAILO         30.6938 -> 30.7438
31192,1 fw PLH.static      ADJMBEDDHLB         30.7174 -> 30.7291
31202,0 fw Controll.static OFJKHAFJIMA          0.0051 -> 0.0003
31202,0 fw PLH.static      ADJMBEDDHLB         30.7291 -> 30.7347
31206,9 fw PLH.static      ADJMBEDDHLB         30.7347 -> 30.7446
31206,9 fw PLH.static      CFIMEAFDJFM         26.2442 -> 26.2714
31217,8 fw Controll.static GIPNIMALPEG          0.1365 -> 0.3284
31217,9 fw PLH.static      ADJMBEDDHLB         30.7446 -> 30.7495
31222,5 fw PLH.static      ADJMBEDDHLB         30.7495 -> 30.7604
31222,5 fw PLH.static      CFIMEAFDJFM         26.2714 -> 26.287
31234,3 fw PLH.static      ADJMBEDDHLB         30.7604 -> 30.765
31244,8 fw PLH.static      ADJMBEDDHLB          30.765 -> 30.7769
31244,8 fw PLH.static      CFIMEAFDJFM          26.287 -> 26.3034
31257,1 fw Controll.static MKFDGFOCKNO         30.6938 -> 30.7938
31257,1 fw Controll.static LEKCBKLAILO         30.7438 -> 30.8438
31257,1 fw Controll.static OFJKHAFJIMA          0.0003 -> 0.0056
31257,2 fw PLH.static      ADJMBEDDHLB         30.7769 -> 30.7873
31257,2 fw PLH.static      CFIMEAFDJFM         26.3034 -> 26.3145
31261,7 fw PLH.static      ADJMBEDDHLB         30.7873 -> 30.7997
31261,7 fw PLH.static      CFIMEAFDJFM         26.3145 -> 26.326
31273,4 fw Controll.static GIPNIMALPEG          0.3284 -> 0.4397
31273,4 fw PLH.static      ADJMBEDDHLB         30.7997 -> 30.8042
31278,1 fw PLH.static      ADJMBEDDHLB         30.8042 -> 30.816
31278,1 fw PLH.static      CFIMEAFDJFM          26.326 -> 26.3422
31288,7 fw PLH.static      ADJMBEDDHLB          30.816 -> 30.8207
31294,8 fw PLH.static      ADJMBEDDHLB         30.8207 -> 30.8312
31303,7 fw Controll.static MKFDGFOCKNO         30.7938 -> 30.8438
31303,7 fw Controll.static LEKCBKLAILO         30.8438 -> 30.8938
31303,7 fw Controll.static OFJKHAFJIMA          0.0056 -> 0.0019
31303,8 fw PLH.static      ADJMBEDDHLB         30.8312 -> 30.8373
31303,8 fw PLH.static      CFIMEAFDJFM         26.3422 -> 26.3637
31308,9 fw PLH.static      ADJMBEDDHLB         30.8373 -> 30.8463
31319,9 fw Controll.static GIPNIMALPEG          0.4397 -> 0.3705
31320,0 fw PLH.static      ADJMBEDDHLB         30.8463 -> 30.8514
31320,0 fw PLH.static      CFIMEAFDJFM         26.3637 -> 26.3785
31324,9 fw PLH.static      ADJMBEDDHLB         30.8514 -> 30.8625
31335,8 fw PLH.static      ADJMBEDDHLB         30.8625 -> 30.8675
31340,2 fw PLH.static      ADJMBEDDHLB         30.8675 -> 30.8783
31340,2 fw PLH.static      CFIMEAFDJFM         26.3785 -> 26.4047
31351,7 fw Controll.static MKFDGFOCKNO         30.8438 -> 30.8938
31351,7 fw Controll.static LEKCBKLAILO         30.8938 -> 30.9438
31351,7 fw Controll.static OFJKHAFJIMA          0.0019 -> 0
31351,8 fw PLH.static      ADJMBEDDHLB         30.8783 -> 30.8827
31356,7 fw PLH.static      ADJMBEDDHLB         30.8827 -> 30.8943
31368,4 fw Controll.static GIPNIMALPEG          0.3705 -> 0.34
31368,5 fw PLH.static      ADJMBEDDHLB         30.8943 -> 30.8992
31373,6 fw PLH.static      ADJMBEDDHLB         30.8992 -> 30.911
31373,6 fw PLH.static      CFIMEAFDJFM         26.4047 -> 26.438
31383,7 fw PLH.static      ADJMBEDDHLB          30.911 -> 30.9161
31389,1 fw PLH.static      ADJMBEDDHLB         30.9161 -> 30.9262
31399,9 fw PLH.static      ADJMBEDDHLB         30.9262 -> 30.9316
31405,4 fw PLH.static      ADJMBEDDHLB         30.9316 -> 30.9424
31415,5 fw Controll.static GIPNIMALPEG            0.34 -> 0.2824
31415,6 fw PLH.static      ADJMBEDDHLB         30.9424 -> 30.9479
31420,0 fw PLH.static      ADJMBEDDHLB         30.9479 -> 30.9581
31420,0 fw PLH.static      CFIMEAFDJFM          26.438 -> 26.4846
31431,0 fw PLH.static      ADJMBEDDHLB         30.9581 -> 30.9625
31436,9 fw PLH.static      ADJMBEDDHLB         30.9625 -> 30.9736
31445,4 fw Controll.static MKFDGFOCKNO         30.8938 -> 30.9438
31445,4 fw Controll.static LEKCBKLAILO         30.9438 -> 30.9938
31445,4 fw Controll.static OFJKHAFJIMA               0 -> 0.0036
31445,4 fw PLH.static      ADJMBEDDHLB         30.9736 -> 30.9794
31452,8 fw PLH.static      ADJMBEDDHLB         30.9794 -> 30.9879
31461,2 fw PLH.static      ADJMBEDDHLB         30.9879 -> 30.9953
31461,2 fw PLH.static      CFIMEAFDJFM         26.4846 -> 26.5217
31467,9 fw Controll.static GIPNIMALPEG          0.2824 -> 0.3305
31468,0 fw PLH.static      ADJMBEDDHLB         30.9953 -> 31.0037
31476,6 fw PLH.static      ADJMBEDDHLB         31.0037 -> 31.0105
31482,1 fw PLH.static      ADJMBEDDHLB         31.0105 -> 31.0193
31482,1 fw PLH.static      CFIMEAFDJFM         26.5217 -> 26.5457
31492,2 fw Controll.static MKFDGFOCKNO         30.9438 -> 30.9938
31492,2 fw Controll.static LEKCBKLAILO         30.9938 -> 31.0438
31492,2 fw PLH.static      ADJMBEDDHLB         31.0193 -> 31.0247
31499,0 fw Controll.static OFJKHAFJIMA          0.0036 -> 0.0012
31499,0 fw PLH.static      ADJMBEDDHLB         31.0247 -> 31.0348
31499,0 fw PLH.static      CFIMEAFDJFM         26.5457 -> 26.5612
31507,3 fw PLH.static      ADJMBEDDHLB         31.0348 -> 31.0415
31515,5 fw Controll.static GIPNIMALPEG          0.3305 -> 0.2819
31515,6 fw PLH.static      ADJMBEDDHLB         31.0415 -> 31.0498
31515,6 fw PLH.static      CFIMEAFDJFM         26.5612 -> 26.5767
31520,8 fw PLH.static      ADJMBEDDHLB         31.0498 -> 31.0581
31531,1 fw PLH.static      ADJMBEDDHLB         31.0581 -> 31.0633
31537,0 fw PLH.static      ADJMBEDDHLB         31.0633 -> 31.0737
31537,0 fw PLH.static      CFIMEAFDJFM         26.5767 -> 26.6001
31548,5 fw Controll.static MKFDGFOCKNO         30.9938 -> 31.0438
31548,5 fw Controll.static LEKCBKLAILO         31.0438 -> 31.0938
31548,5 fw Controll.static OFJKHAFJIMA          0.0012 -> 0.0057
31548,6 fw PLH.static      ADJMBEDDHLB         31.0737 -> 31.0796
31553,4 fw PLH.static      ADJMBEDDHLB         31.0796 -> 31.0911
31553,4 fw PLH.static      CFIMEAFDJFM         26.6001 -> 26.6182
31565,5 fw Controll.static GIPNIMALPEG          0.2819 -> 0.2826
31565,6 fw PLH.static      ADJMBEDDHLB         31.0911 -> 31.096
31565,6 fw PLH.static      CFIMEAFDJFM         26.6182 -> 26.6223
31570,1 fw PLH.static      ADJMBEDDHLB          31.096 -> 31.1081
31581,9 fw PLH.static      ADJMBEDDHLB         31.1081 -> 31.1126
31581,9 fw PLH.static      CFIMEAFDJFM         26.6223 -> 26.6397
31586,2 fw PLH.static      ADJMBEDDHLB         31.1126 -> 31.1245
31596,9 fw Controll.static MKFDGFOCKNO         31.0438 -> 31.0938
31596,9 fw Controll.static LEKCBKLAILO         31.0938 -> 31.1438
31596,9 fw Controll.static OFJKHAFJIMA          0.0057 -> 0.0018
31597,0 fw PLH.static      ADJMBEDDHLB         31.1245 -> 31.1288
31603,2 fw PLH.static      ADJMBEDDHLB         31.1288 -> 31.1395
31603,2 fw PLH.static      CFIMEAFDJFM         26.6397 -> 26.6659
31612,0 fw Controll.static GIPNIMALPEG          0.2826 -> 0.2114
31612,1 fw PLH.static      ADJMBEDDHLB         31.1395 -> 31.1457
31618,1 fw PLH.static      ADJMBEDDHLB         31.1457 -> 31.1546
31627,4 fw PLH.static      ADJMBEDDHLB         31.1546 -> 31.1607
31634,7 fw PLH.static      ADJMBEDDHLB         31.1607 -> 31.1699
31634,7 fw PLH.static      CFIMEAFDJFM         26.6659 -> 26.697
31641,3 fw Controll.static MKFDGFOCKNO         31.0938 -> 31.1438
31641,3 fw Controll.static LEKCBKLAILO         31.1438 -> 31.1938
31641,3 fw Controll.static OFJKHAFJIMA          0.0018 -> 0.0015
31641,3 fw PLH.static      ADJMBEDDHLB         31.1699 -> 31.1772
31648,7 fw PLH.static      ADJMBEDDHLB         31.1772 -> 31.1839
31657,1 fw Controll.static GIPNIMALPEG          0.2114 -> 0.1133
31657,1 fw PLH.static      ADJMBEDDHLB         31.1839 -> 31.1912
31663,0 fw PLH.static      ADJMBEDDHLB         31.1912 -> 31.1997
31673,3 fw PLH.static      ADJMBEDDHLB         31.1997 -> 31.2055
31678,0 fw PLH.static      ADJMBEDDHLB         31.2055 -> 31.2159
31678,0 fw PLH.static      CFIMEAFDJFM          26.697 -> 26.7421
31689,7 fw Controll.static MKFDGFOCKNO         31.1438 -> 31.1938
31689,7 fw Controll.static LEKCBKLAILO         31.1938 -> 31.2438
31689,7 fw Controll.static OFJKHAFJIMA          0.0015 -> 0.0054
31689,7 fw PLH.static      ADJMBEDDHLB         31.2159 -> 31.2205
31695,5 fw PLH.static      ADJMBEDDHLB         31.2205 -> 31.2323
31695,5 fw PLH.static      CFIMEAFDJFM         26.7421 -> 26.7593
31705,4 fw Controll.static GIPNIMALPEG          0.1133 -> 0.0802
31705,5 fw PLH.static      ADJMBEDDHLB         31.2323 -> 31.238
31711,4 fw PLH.static      ADJMBEDDHLB          31.238 -> 31.248
31711,4 fw PLH.static      CFIMEAFDJFM         26.7593 -> 26.7749
31720,8 fw PLH.static      ADJMBEDDHLB          31.248 -> 31.2539
31726,5 fw PLH.static      ADJMBEDDHLB         31.2539 -> 31.2633
31726,5 fw PLH.static      CFIMEAFDJFM         26.7749 -> 26.7904
31736,1 fw Controll.static MKFDGFOCKNO         31.1938 -> 31.2438
31736,1 fw Controll.static LEKCBKLAILO         31.2438 -> 31.2938
31736,1 fw Controll.static OFJKHAFJIMA          0.0054 -> 0.0038
31736,2 fw PLH.static      ADJMBEDDHLB         31.2633 -> 31.2691
31736,2 fw PLH.static      CFIMEAFDJFM         26.7904 -> 26.7961
31741,7 fw PLH.static      ADJMBEDDHLB         31.2691 -> 31.2787
31741,7 fw PLH.static      CFIMEAFDJFM         26.7961 -> 26.8052
31752,1 fw PLH.static      ADJMBEDDHLB         31.2787 -> 31.2842
31756,6 fw Controll.static GIPNIMALPEG          0.0802 -> 0.1027
31756,6 fw PLH.static      ADJMBEDDHLB         31.2842 -> 31.2946
31767,8 fw PLH.static      ADJMBEDDHLB         31.2946 -> 31.2991
31773,7 fw PLH.static      ADJMBEDDHLB         31.2991 -> 31.3104
31773,7 fw PLH.static      CFIMEAFDJFM         26.8052 -> 26.8374
31784,1 fw Controll.static MKFDGFOCKNO         31.2438 -> 31.2938
31784,1 fw Controll.static LEKCBKLAILO         31.2938 -> 31.3438
31784,1 fw PLH.static      ADJMBEDDHLB         31.3104 -> 31.3162
31789,2 fw Controll.static OFJKHAFJIMA          0.0038 -> 0.0004
31789,2 fw PLH.static      ADJMBEDDHLB         31.3162 -> 31.3267
31799,4 fw PLH.static      ADJMBEDDHLB         31.3267 -> 31.3317
31804,5 fw Controll.static GIPNIMALPEG          0.1027 -> 0.0617
31804,6 fw PLH.static      ADJMBEDDHLB         31.3317 -> 31.342
31804,6 fw PLH.static      CFIMEAFDJFM         26.8374 -> 26.8685
31815,7 fw PLH.static      ADJMBEDDHLB          31.342 -> 31.3472
31820,6 fw PLH.static      ADJMBEDDHLB         31.3472 -> 31.3582
31830,2 fw PLH.static      ADJMBEDDHLB         31.3582 -> 31.3631
31837,5 fw Controll.static MKFDGFOCKNO         31.2938 -> 31.3438
31837,5 fw Controll.static LEKCBKLAILO         31.3438 -> 31.3938
31837,5 fw Controll.static OFJKHAFJIMA          0.0004 -> 0.0028
31837,6 fw PLH.static      ADJMBEDDHLB         31.3631 -> 31.3728
31837,6 fw PLH.static      CFIMEAFDJFM         26.8685 -> 26.8997
31845,5 fw PLH.static      ADJMBEDDHLB         31.3728 -> 31.3801
31852,6 fw Controll.static GIPNIMALPEG          0.0617 -> 0.023
31852,6 fw PLH.static      ADJMBEDDHLB         31.3801 -> 31.388
31862,2 fw Controll.static DGNDKAKOEPD         2614362 -> 2615418
31862,2 fw Controll.static BEJBLGGGOCC       340194560 -> 340195575
31862,3 fw PLH.static      ADJMBEDDHLB          31.388 -> 31.3952
31869,9 fw Controll.static JELGPAKAJPE             107 -> 159
31869,9 fw Controll.static EENJPDHGGGC         30.3018 -> 31.3582
31870,0 fw PLH.static      ADJMBEDDHLB         31.3952 -> 31.4048
31870,0 fw PLH.static      CFIMEAFDJFM         26.8997 -> 26.9303
31882,5 fw PLH.static      ADJMBEDDHLB         31.4048 -> 31.4126
31897,9 fw Controll.static MKFDGFOCKNO         31.3438 -> 31.3938
31897,9 fw Controll.static LEKCBKLAILO         31.3938 -> 31.4438
31897,9 fw Controll.static OFJKHAFJIMA          0.0028 -> 0.0009
31898,0 fw PLH.static      ADJMBEDDHLB         31.4126 -> 31.4251
31902,8 fw PLH.static      ADJMBEDDHLB         31.4251 -> 31.4407
31924,5 fw Controll.static GIPNIMALPEG           0.023 -> 0.4603
31924,5 fw PLH.static      ADJMBEDDHLB         31.4407 -> 31.4454
31924,5 fw PLH.static      CFIMEAFDJFM         26.9303 -> 26.9723
31953,4 fw PLH.static      ADJMBEDDHLB         31.4454 -> 31.4673
31953,4 fw PLH.static      CFIMEAFDJFM         26.9723 -> 26.9929
31958,0 fw PLH.static      ADJMBEDDHLB         31.4673 -> 31.4959
31958,0 fw PLH.static      CFIMEAFDJFM         26.9929 -> 27.008
31971,5 fw PLH.static      ADJMBEDDHLB         31.4959 -> 31.5005
31977,2 fw Controll.static MKFDGFOCKNO         31.3938 -> 31.4938
31977,2 fw Controll.static LEKCBKLAILO         31.4438 -> 31.5438
31977,2 fw Controll.static OFJKHAFJIMA          0.0009 -> 0.0016
31977,2 fw PLH.static      ADJMBEDDHLB         31.5005 -> 31.5142
31977,3 fw PLH.static      CFIMEAFDJFM          27.008 -> 27.0382
31989,5 fw PLH.static      ADJMBEDDHLB         31.5142 -> 31.5198
31994,4 fw Controll.static GIPNIMALPEG          0.4603 -> 0.8591
31994,5 fw PLH.static      ADJMBEDDHLB         31.5198 -> 31.532
32005,5 fw PLH.static      ADJMBEDDHLB          31.532 -> 31.537
32005,5 fw PLH.static      CFIMEAFDJFM         27.0382 -> 27.0635
32011,3 fw PLH.static      ADJMBEDDHLB          31.537 -> 31.5481
32011,3 fw PLH.static      CFIMEAFDJFM         27.0635 -> 27.0748
32021,7 fw PLH.static      ADJMBEDDHLB         31.5481 -> 31.5539
32026,8 fw Controll.static MKFDGFOCKNO         31.4938 -> 31.5438
32026,8 fw Controll.static LEKCBKLAILO         31.5438 -> 31.5938
32026,8 fw Controll.static OFJKHAFJIMA          0.0016 -> 0.0037
32026,9 fw PLH.static      ADJMBEDDHLB         31.5539 -> 31.5643
32026,9 fw PLH.static      CFIMEAFDJFM         27.0748 -> 27.091
32043,1 fw PLH.static      ADJMBEDDHLB         31.5643 -> 31.5694
32047,9 fw Controll.static GIPNIMALPEG          0.8591 -> 0.9281
32047,9 fw PLH.static      ADJMBEDDHLB         31.5694 -> 31.5857
32047,9 fw PLH.static      CFIMEAFDJFM          27.091 -> 27.1079
32059,9 fw PLH.static      ADJMBEDDHLB         31.5857 -> 31.5905
32067,9 fw PLH.static      ADJMBEDDHLB         31.5905 -> 31.6024
32076,7 fw PLH.static      ADJMBEDDHLB         31.6024 -> 31.6104
32083,5 fw Controll.static MKFDGFOCKNO         31.5438 -> 31.5938
32083,5 fw Controll.static LEKCBKLAILO         31.5938 -> 31.6438
32083,5 fw Controll.static OFJKHAFJIMA          0.0037 -> 0.0081
32083,5 fw PLH.static      ADJMBEDDHLB         31.6104 -> 31.6193
32083,5 fw PLH.static      CFIMEAFDJFM         27.1079 -> 27.1451
32092,5 fw PLH.static      ADJMBEDDHLB         31.6193 -> 31.6261
32105,3 fw PLH.static      ADJMBEDDHLB         31.6261 -> 31.6351
32110,0 fw Controll.static GIPNIMALPEG          0.9281 -> 0.1704
32110,0 fw PLH.static      ADJMBEDDHLB         31.6351 -> 31.6478
32121,8 fw PLH.static      ADJMBEDDHLB         31.6478 -> 31.6526
32126,3 fw PLH.static      ADJMBEDDHLB         31.6526 -> 31.6643
32126,3 fw PLH.static      CFIMEAFDJFM         27.1451 -> 27.1908
32142,3 fw Controll.static MKFDGFOCKNO         31.5938 -> 31.6438
32142,4 fw Controll.static LEKCBKLAILO         31.6438 -> 31.6938
32142,4 fw PLH.static      ADJMBEDDHLB         31.6643 -> 31.6689
32146,6 fw Controll.static OFJKHAFJIMA          0.0081 -> 0.0034
32146,6 fw PLH.static      ADJMBEDDHLB         31.6689 -> 31.6849
32158,9 fw PLH.static      ADJMBEDDHLB         31.6849 -> 31.6892
32168,1 fw Controll.static GIPNIMALPEG          0.1704 -> 0.3328
32168,2 fw PLH.static      ADJMBEDDHLB         31.6892 -> 31.7015
32168,2 fw PLH.static      CFIMEAFDJFM         27.1908 -> 27.2273
32174,8 fw PLH.static      ADJMBEDDHLB         31.7015 -> 31.7107
32174,9 fw PLH.static      CFIMEAFDJFM         27.2273 -> 27.2331
32183,7 fw PLH.static      ADJMBEDDHLB         31.7107 -> 31.7176
32183,7 fw PLH.static      CFIMEAFDJFM         27.2331 -> 27.2437
32189,3 fw PLH.static      ADJMBEDDHLB         31.7176 -> 31.7262
32200,4 fw Controll.static MKFDGFOCKNO         31.6438 -> 31.6938
32200,4 fw Controll.static LEKCBKLAILO         31.6938 -> 31.7438
32200,4 fw Controll.static OFJKHAFJIMA          0.0034 -> 0.0071
32200,5 fw PLH.static      ADJMBEDDHLB         31.7262 -> 31.7318
32205,7 fw PLH.static      ADJMBEDDHLB         31.7318 -> 31.7431
32205,7 fw PLH.static      CFIMEAFDJFM         27.2437 -> 27.2693
32221,5 fw Controll.static GIPNIMALPEG          0.3328 -> 0.3987
32221,6 fw PLH.static      ADJMBEDDHLB         31.7431 -> 31.7483
32221,6 fw PLH.static      CFIMEAFDJFM         27.2693 -> 27.2749
32225,5 fw PLH.static      ADJMBEDDHLB         31.7483 -> 31.7641
32225,5 fw PLH.static      CFIMEAFDJFM         27.2749 -> 27.2862
32237,3 fw PLH.static      ADJMBEDDHLB         31.7641 -> 31.768
32237,3 fw PLH.static      CFIMEAFDJFM         27.2862 -> 27.2949
32242,2 fw PLH.static      ADJMBEDDHLB          31.768 -> 31.7798
32253,6 fw Controll.static MKFDGFOCKNO         31.6938 -> 31.7938
32253,6 fw Controll.static LEKCBKLAILO         31.7438 -> 31.8438
32253,6 fw Controll.static OFJKHAFJIMA          0.0071 -> 0.0019
32253,6 fw PLH.static      ADJMBEDDHLB         31.7798 -> 31.7847
32258,2 fw PLH.static      ADJMBEDDHLB         31.7847 -> 31.7962
32269,0 fw Controll.static GIPNIMALPEG          0.3987 -> 0.351
32269,1 fw PLH.static      ADJMBEDDHLB         31.7962 -> 31.8007
32269,1 fw PLH.static      CFIMEAFDJFM         27.2949 -> 27.3275
32274,8 fw PLH.static      ADJMBEDDHLB         31.8007 -> 31.8116
32284,5 fw PLH.static      ADJMBEDDHLB         31.8116 -> 31.8174
32289,4 fw PLH.static      ADJMBEDDHLB         31.8174 -> 31.8271
32300,6 fw PLH.static      ADJMBEDDHLB         31.8271 -> 31.8319
32300,6 fw PLH.static      CFIMEAFDJFM         27.3275 -> 27.3589
32305,4 fw PLH.static      ADJMBEDDHLB         31.8319 -> 31.8431
32316,6 fw Controll.static GIPNIMALPEG           0.351 -> 0.3023
32316,7 fw PLH.static      ADJMBEDDHLB         31.8431 -> 31.8479
32321,4 fw PLH.static      ADJMBEDDHLB         31.8479 -> 31.8592
32332,8 fw PLH.static      ADJMBEDDHLB         31.8592 -> 31.8639
32338,8 fw Controll.static BFEOOOMMGLK               0 -> 1
32338,9 fw Controll.static GLGCAOADGMN               0 -> 1
32338,9 fw Controll        MJPKOOHJOPA         17.6644 -> 27.7067
32338,9 fw PLH.static      ADJMBEDDHLB         31.8639 -> 31.8754
32338,9 fw PLH.static      CFIMEAFDJFM         27.3589 -> 27.4019
32347,9 fw Controll.static MKFDGFOCKNO         31.7938 -> 31.8438
32347,9 fw Controll.static LEKCBKLAILO         31.8438 -> 31.8938
32347,9 fw Controll.static OFJKHAFJIMA          0.0019 -> 0.0037
32348,0 fw PLH.static      ADJMBEDDHLB         31.8754 -> 31.8815
32353,9 fw PLH.static      ADJMBEDDHLB         31.8815 -> 31.8905
32365,2 fw Controll.static MNHBPCOOMLE         2606099 -> 2616141
32365,2 fw Controll.static GIPNIMALPEG          0.3023 -> 0.2738
32365,3 fw PLH.static      ADJMBEDDHLB         31.8905 -> 31.8966
32365,3 fw PLH.static      CFIMEAFDJFM         27.4019 -> 27.4228
32369,6 fw PLH.static      ADJMBEDDHLB         31.8966 -> 31.9079
32381,7 fw PLH.static      ADJMBEDDHLB         31.9079 -> 31.9122
32386,0 fw Controll.static BFEOOOMMGLK               1 -> 0
32386,1 fw PLH.static      ADJMBEDDHLB         31.9122 -> 31.9242
32386,1 fw PLH.static      CFIMEAFDJFM         27.4228 -> 27.4506
32398,8 fw Controll.static MKFDGFOCKNO         31.8438 -> 31.8939
32398,8 fw Controll.static LEKCBKLAILO         31.8938 -> 31.9439
32398,8 fw Controll.static OFJKHAFJIMA          0.0037 -> 0.0022
32398,8 fw PLH.static      ADJMBEDDHLB         31.9242 -> 31.9286
32403,2 fw PLH.static      ADJMBEDDHLB         31.9286 -> 31.9414
32414,9 fw PLH.static      ADJMBEDDHLB         31.9414 -> 31.9457
32419,5 fw Controll.static GIPNIMALPEG          0.2738 -> 0.3603
32419,6 fw PLH.static      ADJMBEDDHLB         31.9457 -> 31.9575
32419,6 fw PLH.static      CFIMEAFDJFM         27.4506 -> 27.4838
32432,3 fw PLH.static      ADJMBEDDHLB         31.9575 -> 31.9621
32432,3 fw PLH.static      CFIMEAFDJFM         27.4838 -> 27.4891
32436,3 fw PLH.static      ADJMBEDDHLB         31.9621 -> 31.9749
32436,3 fw PLH.static      CFIMEAFDJFM         27.4891 -> 27.501
32448,8 fw Controll.static GLGCAOADGMN               1 -> 0
32448,8 fw Controll.static MKFDGFOCKNO         31.8939 -> 31.9439
32448,8 fw Controll.static LEKCBKLAILO         31.9439 -> 31.9939
32448,8 fw PLH.static      ADJMBEDDHLB         31.9749 -> 31.9788
32453,5 fw Controll.static OFJKHAFJIMA          0.0022 -> 0.0018
32453,6 fw PLH.static      ADJMBEDDHLB         31.9788 -> 31.9914
32453,6 fw PLH.static      CFIMEAFDJFM          27.501 -> 27.5171
32465,2 fw PLH.static      ADJMBEDDHLB         31.9914 -> 31.9961
32469,2 fw Controll.static GIPNIMALPEG          0.3603 -> 0.3533
32469,2 fw PLH.static      ADJMBEDDHLB         31.9961 -> 32.0077
32481,2 fw PLH.static      ADJMBEDDHLB         32.0077 -> 32.0117
32485,5 fw PLH.static      ADJMBEDDHLB         32.0117 -> 32.0237
32485,5 fw PLH.static      CFIMEAFDJFM         27.5171 -> 27.5501
32498,7 fw PLH.static      ADJMBEDDHLB         32.0237 -> 32.028
32502,7 fw Controll.static MKFDGFOCKNO         31.9439 -> 32.0439
32502,7 fw Controll.static LEKCBKLAILO         31.9939 -> 32.0939
32502,7 fw Controll.static OFJKHAFJIMA          0.0018 -> 0.0009
32502,7 fw PLH.static      ADJMBEDDHLB          32.028 -> 32.0413
32502,7 fw PLH.static      CFIMEAFDJFM         27.5501 -> 27.5676
32514,6 fw PLH.static      ADJMBEDDHLB         32.0413 -> 32.0453
32518,9 fw Controll.static GIPNIMALPEG          0.3533 -> 0.3473
32518,9 fw PLH.static      ADJMBEDDHLB         32.0453 -> 32.0571
32518,9 fw PLH.static      CFIMEAFDJFM         27.5676 -> 27.5835
32532,2 fw PLH.static      ADJMBEDDHLB         32.0571 -> 32.0614
32537,0 fw PLH.static      ADJMBEDDHLB         32.0614 -> 32.0748
32548,4 fw PLH.static      ADJMBEDDHLB         32.0748 -> 32.0796
32554,1 fw Controll.static MKFDGFOCKNO         32.0439 -> 32.0939
32554,1 fw Controll.static LEKCBKLAILO         32.0939 -> 32.1439
32554,1 fw Controll.static OFJKHAFJIMA          0.0009 -> 0.0024
32554,2 fw PLH.static      ADJMBEDDHLB         32.0796 -> 32.091
32554,2 fw PLH.static      CFIMEAFDJFM         27.5835 -> 27.6179
32565,0 fw PLH.static      ADJMBEDDHLB          32.091 -> 32.0967
32569,1 fw Controll.static GIPNIMALPEG          0.3473 -> 0.352
32569,2 fw PLH.static      ADJMBEDDHLB         32.0967 -> 32.1075
32581,2 fw PLH.static      ADJMBEDDHLB         32.1075 -> 32.1117
32585,4 fw PLH.static      ADJMBEDDHLB         32.1117 -> 32.1238
32598,5 fw PLH.static      ADJMBEDDHLB         32.1238 -> 32.128
32603,5 fw Controll.static MKFDGFOCKNO         32.0939 -> 32.1439
32603,5 fw Controll.static LEKCBKLAILO         32.1439 -> 32.1939
32603,5 fw Controll.static OFJKHAFJIMA          0.0024 -> 0.0018
32603,6 fw PLH.static      ADJMBEDDHLB          32.128 -> 32.141
32615,2 fw PLH.static      ADJMBEDDHLB          32.141 -> 32.1461
32615,2 fw PLH.static      CFIMEAFDJFM         27.6179 -> 27.673
32620,0 fw Controll.static GIPNIMALPEG           0.352 -> 0.3691
32620,0 fw PLH.static      ADJMBEDDHLB         32.1461 -> 32.1577
32633,9 fw PLH.static      ADJMBEDDHLB         32.1577 -> 32.1625
32638,9 fw PLH.static      ADJMBEDDHLB         32.1625 -> 32.1765
32638,9 fw PLH.static      CFIMEAFDJFM          27.673 -> 27.7023
32650,4 fw PLH.static      ADJMBEDDHLB         32.1765 -> 32.1814
32650,4 fw PLH.static      CFIMEAFDJFM         27.7023 -> 27.7085
32656,1 fw Controll.static MKFDGFOCKNO         32.1439 -> 32.1939
32656,1 fw Controll.static LEKCBKLAILO         32.1939 -> 32.2439
32656,1 fw Controll.static OFJKHAFJIMA          0.0018 -> 0.0044
32656,2 fw PLH.static      ADJMBEDDHLB         32.1814 -> 32.1929
32666,2 fw PLH.static      ADJMBEDDHLB         32.1929 -> 32.1987
32671,9 fw Controll.static GIPNIMALPEG          0.3691 -> 0.407
32671,9 fw PLH.static      ADJMBEDDHLB         32.1987 -> 32.2087
32671,9 fw PLH.static      CFIMEAFDJFM         27.7085 -> 27.7357
32682,7 fw player          LNIDBHIAJJI               8 -> 7
32682,7 fw Controll.static NAKNALFCOIF            -3.9 -> -4.05
32682,8 fw PLH.static      ADJMBEDDHLB         32.2087 -> 32.2145
32687,6 fw Controll.static IGLCENGMMMJ           11.85 -> 12
32687,7 fw PLH.static      ADJMBEDDHLB         32.2145 -> 32.2253
32687,7 fw PLH.static      CFIMEAFDJFM         27.7357 -> 27.7523
32701,4 fw PLH.static      ADJMBEDDHLB         32.2253 -> 32.2302
32707,1 fw Controll.static MKFDGFOCKNO         32.1939 -> 32.2439
32707,1 fw Controll.static LEKCBKLAILO         32.2439 -> 32.2939
32707,1 fw Controll.static OFJKHAFJIMA          0.0044 -> 0.0053
32707,2 fw PLH.static      ADJMBEDDHLB         32.2302 -> 32.2441
32720,1 fw PLH.static      ADJMBEDDHLB         32.2441 -> 32.2497
32724,8 fw PLH.static      ADJMBEDDHLB         32.2497 -> 32.2627
32737,6 fw Controll.static GIPNIMALPEG           0.407 -> 0.7213
32737,6 fw PLH.static      ADJMBEDDHLB         32.2627 -> 32.2675
32742,0 fw Controll.static NAKNALFCOIF           -4.05 -> -3.3
32742,0 fw Controll.static IGLCENGMMMJ              12 -> 13.35
32742,0 fw PLH.static      ADJMBEDDHLB         32.2675 -> 32.2802
32742,1 fw PLH.static      CFIMEAFDJFM         27.7523 -> 27.8059
32754,2 fw PLH.static      ADJMBEDDHLB         32.2802 -> 32.2846
32754,2 fw HUD.static      EHBHDOAHOAO              10 -> 11
32754,2 fw HUD.static      GONEFAMEMOJ             330 -> 325
32754,2 fw HUD.static      DIIAFKMNANI          22.676 -> 27.8059
32759,4 fw Controll.static MKFDGFOCKNO         32.2439 -> 32.2939
32759,4 fw Controll.static LEKCBKLAILO         32.2939 -> 32.3439
32759,5 fw PLH.static      ADJMBEDDHLB         32.2846 -> 32.2967
32759,5 fw PLH.static      CFIMEAFDJFM         27.8059 -> 27.8228
32771,1 fw Controll.static OFJKHAFJIMA          0.0053 -> 0.0024
32771,1 fw PLH.static      ADJMBEDDHLB         32.2967 -> 32.302
32777,9 fw PLH.static      ADJMBEDDHLB          32.302 -> 32.3137
32777,9 fw PLH.static      CFIMEAFDJFM         27.8228 -> 27.8399
32787,7 fw Controll.static GIPNIMALPEG          0.7213 -> 0.7235
32787,8 fw PLH.static      ADJMBEDDHLB         32.3137 -> 32.3205
32793,9 fw Controll.static NAKNALFCOIF            -3.3 -> -3.15
32793,9 fw Controll.static IGLCENGMMMJ           13.35 -> 14.55
32794,0 fw PLH.static      ADJMBEDDHLB         32.3205 -> 32.3303
32803,8 fw PLH.static      ADJMBEDDHLB         32.3303 -> 32.3366
32803,8 fw PLH.static      CFIMEAFDJFM         27.8399 -> 27.8619
32809,0 fw PLH.static      ADJMBEDDHLB         32.3366 -> 32.3464
32809,0 fw PLH.static      CFIMEAFDJFM         27.8619 -> 27.8731
32819,9 fw Controll.static MKFDGFOCKNO         32.2939 -> 32.3439
32819,9 fw Controll.static LEKCBKLAILO         32.3439 -> 32.3939
32819,9 fw Controll.static OFJKHAFJIMA          0.0024 -> 0.0021
32820,0 fw PLH.static      ADJMBEDDHLB         32.3464 -> 32.3515
32824,5 fw PLH.static      ADJMBEDDHLB         32.3515 -> 32.3625
32835,2 fw Controll.static GIPNIMALPEG          0.7235 -> 0.6731
32835,2 fw PLH.static      ADJMBEDDHLB         32.3625 -> 32.3671
32841,9 fw PLH.static      ADJMBEDDHLB         32.3671 -> 32.3778
32841,9 fw PLH.static      CFIMEAFDJFM         27.8731 -> 27.9041
32852,9 fw PLH.static      ADJMBEDDHLB         32.3778 -> 32.3844
32857,2 fw player          LNIDBHIAJJI               7 -> 8
32857,3 fw PLH.static      ADJMBEDDHLB         32.3844 -> 32.3955
32857,3 fw PLH.static      CFIMEAFDJFM         27.9041 -> 27.9217
32885,8 fw Controll.static MKFDGFOCKNO         32.3439 -> 32.3939
32885,8 fw Controll.static LEKCBKLAILO         32.3939 -> 32.4439
32885,8 fw Controll.static OFJKHAFJIMA          0.0021 -> 0.0011
32885,8 fw PLH.static      ADJMBEDDHLB         32.3955 -> 32.3998
32892,0 fw PLH.static      ADJMBEDDHLB         32.3998 -> 32.4294
32892,0 fw PLH.static      CFIMEAFDJFM         27.9217 -> 27.9386
32906,0 fw Controll.static GIPNIMALPEG          0.6731 -> 0.0883
32906,0 fw PLH.static      ADJMBEDDHLB         32.4294 -> 32.4345
32915,7 fw PLH.static      ADJMBEDDHLB         32.4345 -> 32.4486
32915,7 fw PLH.static      CFIMEAFDJFM         27.9386 -> 27.9751
32922,3 fw Controll.static DGNDKAKOEPD         2615418 -> 2616509
32922,3 fw Controll.static BEJBLGGGOCC       340195575 -> 340196568
32922,3 fw Controll.static JELGPAKAJPE             159 -> 250
32922,3 fw Controll.static EENJPDHGGGC         31.3582 -> 32.4486
32922,4 fw PLH.static      ADJMBEDDHLB         32.4486 -> 32.4582
32922,4 fw PLH.static      CFIMEAFDJFM         27.9751 -> 27.9837
32936,5 fw PLH.static      ADJMBEDDHLB         32.4582 -> 32.465
32936,5 fw PLH.static      CFIMEAFDJFM         27.9837 -> 27.9917
32940,5 fw Controll.static MKFDGFOCKNO         32.3939 -> 32.4439
32940,5 fw Controll.static LEKCBKLAILO         32.4439 -> 32.4939
32940,5 fw Controll.static OFJKHAFJIMA          0.0011 -> 0.0041
32940,6 fw PLH.static      ADJMBEDDHLB          32.465 -> 32.4791
32940,6 fw PLH.static      CFIMEAFDJFM         27.9917 -> 28.0051
32953,4 fw PLH.static      ADJMBEDDHLB         32.4791 -> 32.4832
32958,5 fw Controll.static GIPNIMALPEG          0.0883 -> 0.1398
32958,6 fw PLH.static      ADJMBEDDHLB         32.4832 -> 32.4959
32958,6 fw PLH.static      CFIMEAFDJFM         28.0051 -> 28.0221
32970,0 fw PLH.static      ADJMBEDDHLB         32.4959 -> 32.5011
32975,9 fw PLH.static      ADJMBEDDHLB         32.5011 -> 32.5126
32975,9 fw PLH.static      CFIMEAFDJFM         28.0221 -> 28.0396
32986,0 fw PLH.static      ADJMBEDDHLB         32.5126 -> 32.5187
32986,0 fw PLH.static      CFIMEAFDJFM         28.0396 -> 28.045
33000,4 fw player          LNIDBHIAJJI               8 -> 10
33000,5 fw Controll.static MKFDGFOCKNO         32.4439 -> 32.4939
33000,5 fw Controll.static LEKCBKLAILO         32.4939 -> 32.5439
33000,5 fw Controll.static OFJKHAFJIMA          0.0041 -> 0.0015
33000,5 fw PLH.static      ADJMBEDDHLB         32.5187 -> 32.5286
33000,5 fw PLH.static      CFIMEAFDJFM          28.045 -> 28.0556
33005,3 fw PLH.static      ADJMBEDDHLB         32.5286 -> 32.5431
33005,3 fw PLH.static      CFIMEAFDJFM         28.0556 -> 28.0696
33023,0 fw Controll.static GIPNIMALPEG          0.1398 -> 0.4293
33023,1 fw PLH.static      ADJMBEDDHLB         32.5431 -> 32.5478
33029,3 fw PLH.static      ADJMBEDDHLB         32.5478 -> 32.5657
33043,3 fw PLH.static      ADJMBEDDHLB         32.5657 -> 32.5718
33070,9 fw PLH.static      ADJMBEDDHLB         32.5718 -> 32.5861
33070,9 fw PLH.static      CFIMEAFDJFM         28.0696 -> 28.1099
33078,5 fw Controll.static MKFDGFOCKNO         32.4939 -> 32.5939
33078,5 fw Controll.static LEKCBKLAILO         32.5439 -> 32.6439
33078,5 fw Controll.static OFJKHAFJIMA          0.0015 -> 0.0189
33078,6 fw PLH.static      ADJMBEDDHLB         32.5861 -> 32.6136
33078,6 fw PLH.static      CFIMEAFDJFM         28.1099 -> 28.1392
33096,1 fw PLH.static      ADJMBEDDHLB         32.6136 -> 32.6215
33096,1 fw PLH.static      CFIMEAFDJFM         28.1392 -> 28.1469
33121,3 fw PLH.static      ADJMBEDDHLB         32.6215 -> 32.6388
33121,3 fw PLH.static      CFIMEAFDJFM         28.1469 -> 28.1607
33132,6 fw Controll.static GIPNIMALPEG          0.4293 -> 0.6212
33132,7 fw PLH.static      ADJMBEDDHLB         32.6388 -> 32.6638
33132,7 fw PLH.static      CFIMEAFDJFM         28.1607 -> 28.1804
33145,6 fw PLH.static      ADJMBEDDHLB         32.6638 -> 32.6752
33145,7 fw PLH.static      CFIMEAFDJFM         28.1804 -> 28.2006
33153,1 fw PLH.static      ADJMBEDDHLB         32.6752 -> 32.6882
33153,2 fw PLH.static      CFIMEAFDJFM         28.2006 -> 28.215
33164,2 fw Controll.static MKFDGFOCKNO         32.5939 -> 32.6939
33164,3 fw Controll.static LEKCBKLAILO         32.6439 -> 32.7439
33164,3 fw PLH.static      ADJMBEDDHLB         32.6882 -> 32.6957
33164,3 fw PLH.static      CFIMEAFDJFM          28.215 -> 28.222
33172,8 fw Controll.static OFJKHAFJIMA          0.0189 -> 0.0013
33172,8 fw PLH.static      ADJMBEDDHLB         32.6957 -> 32.7069
33172,9 fw PLH.static      CFIMEAFDJFM          28.222 -> 28.2337
33182,2 fw PLH.static      ADJMBEDDHLB         32.7069 -> 32.7154
33199,2 fw Controll.static GIPNIMALPEG          0.6212 -> 0.9516
33199,2 fw PLH.static      ADJMBEDDHLB         32.7154 -> 32.7248
33199,2 fw PLH.static      CFIMEAFDJFM         28.2337 -> 28.2516
33205,4 fw PLH.static      ADJMBEDDHLB         32.7248 -> 32.7418
33205,4 fw PLH.static      CFIMEAFDJFM         28.2516 -> 28.2668
33217,7 fw PLH.static      ADJMBEDDHLB         32.7418 -> 32.7479
33232,7 fw PLH.static      ADJMBEDDHLB         32.7479 -> 32.7603
33232,7 fw PLH.static      CFIMEAFDJFM         28.2668 -> 28.2866
33239,2 fw Controll.static MKFDGFOCKNO         32.6939 -> 32.7439
33239,2 fw Controll.static LEKCBKLAILO         32.7439 -> 32.7939
33239,2 fw Controll.static OFJKHAFJIMA          0.0013 -> 0.0035
33239,3 fw PLH.static      ADJMBEDDHLB         32.7603 -> 32.7771
33250,3 fw PLH.static      ADJMBEDDHLB         32.7771 -> 32.7818
33250,3 fw PLH.static      CFIMEAFDJFM         28.2866 -> 28.3085
33260,7 fw Controll.static GIPNIMALPEG          0.9516 -> 0.1821
33260,7 fw PLH.static      ADJMBEDDHLB         32.7818 -> 32.7928
33268,5 fw PLH.static      ADJMBEDDHLB         32.7928 -> 32.8033
33268,5 fw PLH.static      CFIMEAFDJFM         28.3085 -> 28.3297
33276,8 fw PLH.static      ADJMBEDDHLB         32.8033 -> 32.811
33276,8 fw PLH.static      CFIMEAFDJFM         28.3297 -> 28.3381
33284,1 fw PLH.static      ADJMBEDDHLB          32.811 -> 32.8194
33292,1 fw Controll.static MKFDGFOCKNO         32.7439 -> 32.7939
33292,1 fw Controll.static LEKCBKLAILO         32.7939 -> 32.8439
33292,1 fw Controll.static OFJKHAFJIMA          0.0035 -> 0.0089
33292,2 fw PLH.static      ADJMBEDDHLB         32.8194 -> 32.8267
33300,4 fw PLH.static      ADJMBEDDHLB         32.8267 -> 32.8347
33300,4 fw PLH.static      CFIMEAFDJFM         28.3381 -> 28.3612
33307,3 fw Controll.static GIPNIMALPEG          0.1821 -> 0.1138
33307,3 fw PLH.static      ADJMBEDDHLB         32.8347 -> 32.843
33323,4 fw PLH.static      ADJMBEDDHLB          32.843 -> 32.8498
33329,0 fw PLH.static      ADJMBEDDHLB         32.8498 -> 32.8659
33329,0 fw PLH.static      CFIMEAFDJFM         28.3612 -> 28.3922
33340,6 fw PLH.static      ADJMBEDDHLB         32.8659 -> 32.8715
33347,3 fw Controll.static MKFDGFOCKNO         32.7939 -> 32.8439
33347,3 fw Controll.static LEKCBKLAILO         32.8439 -> 32.8939
33347,3 fw Controll.static OFJKHAFJIMA          0.0089 -> 0.0054
33347,3 fw PLH.static      ADJMBEDDHLB         32.8715 -> 32.8833
33358,9 fw PLH.static      ADJMBEDDHLB         32.8833 -> 32.8899
33358,9 fw PLH.static      CFIMEAFDJFM         28.3922 -> 28.4169
33363,7 fw Controll.static GIPNIMALPEG          0.1138 -> 0.2432
33363,8 fw PLH.static      ADJMBEDDHLB         32.8899 -> 32.9014
33363,8 fw PLH.static      CFIMEAFDJFM         28.4169 -> 28.4267
33374,8 fw PLH.static      ADJMBEDDHLB         32.9014 -> 32.9063
33380,3 fw PLH.static      ADJMBEDDHLB         32.9063 -> 32.9174
33380,3 fw PLH.static      CFIMEAFDJFM         28.4267 -> 28.4434
33390,2 fw PLH.static      ADJMBEDDHLB         32.9174 -> 32.9228
33396,6 fw Controll.static MKFDGFOCKNO         32.8439 -> 32.8939
33396,6 fw Controll.static LEKCBKLAILO         32.8939 -> 32.9439
33396,6 fw Controll.static OFJKHAFJIMA          0.0054 -> 0.0067
33396,6 fw PLH.static      ADJMBEDDHLB         32.9228 -> 32.9328
33396,7 fw PLH.static      CFIMEAFDJFM         28.4434 -> 28.4598
33405,2 fw PLH.static      ADJMBEDDHLB         32.9328 -> 32.9392
33412,1 fw Controll.static GIPNIMALPEG          0.2432 -> 0.2097
33412,1 fw PLH.static      ADJMBEDDHLB         32.9392 -> 32.9478
33420,9 fw PLH.static      ADJMBEDDHLB         32.9478 -> 32.9547
33420,9 fw PLH.static      CFIMEAFDJFM         28.4598 -> 28.4813
33433,7 fw PLH.static      ADJMBEDDHLB         32.9547 -> 32.9635
33440,2 fw PLH.static      ADJMBEDDHLB         32.9635 -> 32.9762
33440,2 fw PLH.static      CFIMEAFDJFM         28.4813 -> 28.5029
33452,6 fw Controll.static MKFDGFOCKNO         32.8939 -> 32.9939
33452,6 fw Controll.static LEKCBKLAILO         32.9439 -> 33.0439
33452,6 fw Controll.static OFJKHAFJIMA          0.0067 -> 0.0008
33452,7 fw PLH.static      ADJMBEDDHLB         32.9762 -> 32.9828
33459,8 fw PLH.static      ADJMBEDDHLB         32.9828 -> 32.9952
33459,8 fw PLH.static      CFIMEAFDJFM         28.5029 -> 28.5216
33474,4 fw PLH.static      ADJMBEDDHLB         32.9952 -> 33.0023
33479,1 fw Controll.static GIPNIMALPEG          0.2097 -> 0.5502
33479,1 fw PLH.static      ADJMBEDDHLB         33.0023 -> 33.0169
33479,1 fw PLH.static      CFIMEAFDJFM         28.5216 -> 28.5436
33491,4 fw PLH.static      ADJMBEDDHLB         33.0169 -> 33.0217
33496,7 fw PLH.static      ADJMBEDDHLB         33.0217 -> 33.0339
33507,6 fw Controll.static MKFDGFOCKNO         32.9939 -> 33.0439
33507,6 fw Controll.static LEKCBKLAILO         33.0439 -> 33.0939
33507,6 fw PLH.static      ADJMBEDDHLB         33.0339 -> 33.0392
33513,9 fw Controll.static OFJKHAFJIMA          0.0008 -> 0.0058
33514,0 fw PLH.static      ADJMBEDDHLB         33.0392 -> 33.0502
33514,0 fw PLH.static      CFIMEAFDJFM         28.5436 -> 28.577
33523,3 fw PLH.static      ADJMBEDDHLB         33.0502 -> 33.0565
33529,0 fw Controll.static GIPNIMALPEG          0.5502 -> 0.5481
33529,0 fw PLH.static      ADJMBEDDHLB         33.0565 -> 33.0658
33539,0 fw PLH.static      ADJMBEDDHLB         33.0658 -> 33.0716
33539,0 fw PLH.static      CFIMEAFDJFM          28.577 -> 28.5986
33544,7 fw PLH.static      ADJMBEDDHLB         33.0716 -> 33.0816
33556,0 fw PLH.static      ADJMBEDDHLB         33.0816 -> 33.0872
33561,3 fw Controll.static MKFDGFOCKNO         33.0439 -> 33.0939
33561,3 fw Controll.static LEKCBKLAILO         33.0939 -> 33.1439
33561,3 fw Controll.static OFJKHAFJIMA          0.0058 -> 0.004
33561,3 fw PLH.static      ADJMBEDDHLB         33.0872 -> 33.0985
33561,3 fw PLH.static      CFIMEAFDJFM         28.5986 -> 28.6244
33572,4 fw PLH.static      ADJMBEDDHLB         33.0985 -> 33.1039
33578,1 fw Controll.static GIPNIMALPEG          0.5481 -> 0.5308
33578,2 fw PLH.static      ADJMBEDDHLB         33.1039 -> 33.1149
33578,2 fw PLH.static      CFIMEAFDJFM         28.6244 -> 28.6416
33587,6 fw PLH.static      ADJMBEDDHLB         33.1149 -> 33.1207
33594,7 fw PLH.static      ADJMBEDDHLB         33.1207 -> 33.1301
33603,3 fw PLH.static      ADJMBEDDHLB         33.1301 -> 33.1372
33603,3 fw PLH.static      CFIMEAFDJFM         28.6416 -> 28.6638
33610,9 fw Controll.static MKFDGFOCKNO         33.0939 -> 33.144
33610,9 fw Controll.static LEKCBKLAILO         33.1439 -> 33.194
33610,9 fw Controll.static OFJKHAFJIMA           0.004 -> 0.0014
33610,9 fw PLH.static      ADJMBEDDHLB         33.1372 -> 33.1459
33622,3 fw PLH.static      ADJMBEDDHLB         33.1459 -> 33.1535
33622,3 fw PLH.static      CFIMEAFDJFM         28.6638 -> 28.6803
33628,3 fw Controll.static GIPNIMALPEG          0.5308 -> 0.5342
33628,3 fw PLH.static      ADJMBEDDHLB         33.1535 -> 33.1649
33628,3 fw PLH.static      CFIMEAFDJFM         28.6803 -> 28.6919
33637,9 fw PLH.static      ADJMBEDDHLB         33.1649 -> 33.1709
33643,0 fw PLH.static      ADJMBEDDHLB         33.1709 -> 33.1804
33643,0 fw PLH.static      CFIMEAFDJFM         28.6919 -> 28.7069
33653,3 fw PLH.static      ADJMBEDDHLB         33.1804 -> 33.1855
33659,4 fw Controll.static MKFDGFOCKNO          33.144 -> 33.194
33659,4 fw Controll.static LEKCBKLAILO          33.194 -> 33.244
33659,4 fw PLH.static      ADJMBEDDHLB         33.1855 -> 33.1958
33668,0 fw PLH.static      ADJMBEDDHLB         33.1958 -> 33.202
33674,0 fw Controll.static GIPNIMALPEG          0.5342 -> 0.4479
33674,1 fw PLH.static      ADJMBEDDHLB          33.202 -> 33.2105
33674,1 fw PLH.static      CFIMEAFDJFM         28.7069 -> 28.7376
33684,4 fw PLH.static      ADJMBEDDHLB         33.2105 -> 33.2166
33689,5 fw PLH.static      ADJMBEDDHLB         33.2166 -> 33.2269
33689,5 fw PLH.static      CFIMEAFDJFM         28.7376 -> 28.754
33699,6 fw PLH.static      ADJMBEDDHLB         33.2269 -> 33.2321
33704,8 fw Controll.static MKFDGFOCKNO          33.194 -> 33.244
33704,8 fw Controll.static LEKCBKLAILO          33.244 -> 33.294
33704,8 fw Controll.static OFJKHAFJIMA          0.0014 -> 0.003
33704,9 fw PLH.static      ADJMBEDDHLB         33.2321 -> 33.2421
33704,9 fw PLH.static      CFIMEAFDJFM          28.754 -> 28.7687
33716,1 fw PLH.static      ADJMBEDDHLB         33.2421 -> 33.2474
33720,6 fw Controll.static GIPNIMALPEG          0.4479 -> 0.38
33720,6 fw PLH.static      ADJMBEDDHLB         33.2474 -> 33.2586
33732,1 fw PLH.static      ADJMBEDDHLB         33.2586 -> 33.2632
33736,5 fw PLH.static      ADJMBEDDHLB         33.2632 -> 33.2746
33736,5 fw PLH.static      CFIMEAFDJFM         28.7687 -> 28.8011
33747,3 fw PLH.static      ADJMBEDDHLB         33.2746 -> 33.279
33747,3 fw PLH.static      CFIMEAFDJFM         28.8011 -> 28.8061
33753,1 fw Controll.static MKFDGFOCKNO          33.244 -> 33.294
33753,1 fw Controll.static LEKCBKLAILO          33.294 -> 33.344
33753,1 fw Controll.static OFJKHAFJIMA           0.003 -> 0.0012
33753,1 fw PLH.static      ADJMBEDDHLB          33.279 -> 33.2899
33753,1 fw PLH.static      CFIMEAFDJFM         28.8061 -> 28.8169
33761,9 fw PLH.static      ADJMBEDDHLB         33.2899 -> 33.2957
33768,8 fw PLH.static      ADJMBEDDHLB         33.2957 -> 33.3044
33776,9 fw Controll.static GIPNIMALPEG            0.38 -> 0.5059
33776,9 fw PLH.static      ADJMBEDDHLB         33.3044 -> 33.3113
33776,9 fw PLH.static      CFIMEAFDJFM         28.8169 -> 28.8383
33783,4 fw PLH.static      ADJMBEDDHLB         33.3113 -> 33.3194
33795,4 fw PLH.static      ADJMBEDDHLB         33.3194 -> 33.3259
33795,4 fw PLH.static      CFIMEAFDJFM         28.8383 -> 28.8529
33800,8 fw PLH.static      ADJMBEDDHLB         33.3259 -> 33.338
33800,8 fw PLH.static      CFIMEAFDJFM         28.8529 -> 28.8643
33812,7 fw Controll.static OFJKHAFJIMA          0.0012 -> 0.0109
33812,7 fw PLH.static      ADJMBEDDHLB          33.338 -> 33.3434
33817,3 fw PLH.static      ADJMBEDDHLB         33.3434 -> 33.3552
33828,3 fw Controll.static GIPNIMALPEG          0.5059 -> 0.5335
33828,3 fw PLH.static      ADJMBEDDHLB         33.3552 -> 33.3599
33828,3 fw PLH.static      CFIMEAFDJFM         28.8643 -> 28.887
33833,9 fw Controll.static DGNDKAKOEPD         2616509 -> 2617386
33833,9 fw Controll.static BEJBLGGGOCC       340196568 -> 340197564
33833,9 fw Controll.static JELGPAKAJPE             250 -> 131
33833,9 fw Controll.static EENJPDHGGGC         32.4486 -> 33.3259
33834,0 fw PLH.static      ADJMBEDDHLB         33.3599 -> 33.3709
33834,0 fw PLH.static      CFIMEAFDJFM          28.887 -> 28.8979
33843,6 fw PLH.static      ADJMBEDDHLB         33.3709 -> 33.3765
33848,8 fw PLH.static      ADJMBEDDHLB         33.3765 -> 33.3862
33860,6 fw Controll.static MKFDGFOCKNO          33.294 -> 33.394
33860,6 fw Controll.static LEKCBKLAILO          33.344 -> 33.444
33860,6 fw Controll.static OFJKHAFJIMA          0.0109 -> 0.0087
33860,6 fw PLH.static      ADJMBEDDHLB         33.3862 -> 33.3913
33865,7 fw PLH.static      ADJMBEDDHLB         33.3913 -> 33.4032
33865,7 fw PLH.static      CFIMEAFDJFM         28.8979 -> 28.9296
33877,9 fw Controll.static GIPNIMALPEG          0.5335 -> 0.5255
33877,9 fw PLH.static      ADJMBEDDHLB         33.4032 -> 33.4083
33882,1 fw PLH.static      ADJMBEDDHLB         33.4083 -> 33.4205
33882,1 fw PLH.static      CFIMEAFDJFM         28.9296 -> 28.947
33894,2 fw PLH.static      ADJMBEDDHLB         33.4205 -> 33.4246
33899,1 fw PLH.static      ADJMBEDDHLB         33.4246 -> 33.4367
33899,1 fw PLH.static      CFIMEAFDJFM          28.947 -> 28.9631
33911,7 fw Controll.static MKFDGFOCKNO          33.394 -> 33.444
33911,7 fw Controll.static LEKCBKLAILO          33.444 -> 33.494
33911,7 fw Controll.static OFJKHAFJIMA          0.0087 -> 0.0098
33911,8 fw PLH.static      ADJMBEDDHLB         33.4367 -> 33.4416
33916,0 fw PLH.static      ADJMBEDDHLB         33.4416 -> 33.4543
33927,8 fw Controll.static GIPNIMALPEG          0.5255 -> 0.5226
33927,8 fw PLH.static      ADJMBEDDHLB         33.4543 -> 33.4585
33933,4 fw PLH.static      ADJMBEDDHLB         33.4585 -> 33.4704
33944,1 fw PLH.static      ADJMBEDDHLB         33.4704 -> 33.476
33944,1 fw PLH.static      CFIMEAFDJFM         28.9631 -> 29.0025
33949,1 fw PLH.static      ADJMBEDDHLB          33.476 -> 33.4867
33949,1 fw PLH.static      CFIMEAFDJFM         29.0025 -> 29.0136
33960,9 fw Controll.static MKFDGFOCKNO          33.444 -> 33.494
33960,9 fw Controll.static LEKCBKLAILO          33.494 -> 33.544
33960,9 fw Controll.static OFJKHAFJIMA          0.0098 -> 0.0091
33960,9 fw PLH.static      ADJMBEDDHLB         33.4867 -> 33.4916
33965,2 fw PLH.static      ADJMBEDDHLB         33.4916 -> 33.5035
33965,2 fw PLH.static      CFIMEAFDJFM         29.0136 -> 29.0298
33977,8 fw Controll.static GIPNIMALPEG          0.5226 -> 0.5237
33977,9 fw PLH.static      ADJMBEDDHLB         33.5035 -> 33.5077
33982,8 fw PLH.static      ADJMBEDDHLB         33.5077 -> 33.5204
33994,1 fw PLH.static      ADJMBEDDHLB         33.5204 -> 33.5253
33994,1 fw PLH.static      CFIMEAFDJFM         29.0298 -> 29.0524
33998,9 fw PLH.static      ADJMBEDDHLB         33.5253 -> 33.5367
33998,9 fw PLH.static      CFIMEAFDJFM         29.0524 -> 29.0633
34011,6 fw Controll.static MKFDGFOCKNO          33.494 -> 33.544
34011,6 fw Controll.static LEKCBKLAILO          33.544 -> 33.594
34011,6 fw Controll.static OFJKHAFJIMA          0.0091 -> 0.0097
34011,6 fw PLH.static      ADJMBEDDHLB         33.5367 -> 33.5414
34016,0 fw PLH.static      ADJMBEDDHLB         33.5414 -> 33.5542
34027,2 fw Controll.static GIPNIMALPEG          0.5237 -> 0.5107
34027,2 fw PLH.static      ADJMBEDDHLB         33.5542 -> 33.5585
34027,2 fw PLH.static      CFIMEAFDJFM         29.0633 -> 29.0856
34034,0 fw PLH.static      ADJMBEDDHLB         33.5585 -> 33.5698
34045,6 fw PLH.static      ADJMBEDDHLB         33.5698 -> 33.5765
34050,3 fw PLH.static      ADJMBEDDHLB         33.5765 -> 33.5881
34050,3 fw PLH.static      CFIMEAFDJFM         29.0856 -> 29.1152
34062,2 fw Controll.static MKFDGFOCKNO          33.544 -> 33.594
34062,2 fw Controll.static LEKCBKLAILO          33.594 -> 33.644
34062,2 fw Controll.static OFJKHAFJIMA          0.0097 -> 0.0103
34062,3 fw PLH.static      ADJMBEDDHLB         33.5881 -> 33.5928
34066,9 fw PLH.static      ADJMBEDDHLB         33.5928 -> 33.6048
34066,9 fw PLH.static      CFIMEAFDJFM         29.1152 -> 29.131
34079,1 fw PLH.static      ADJMBEDDHLB         33.6048 -> 33.6094
34083,5 fw Controll.static GIPNIMALPEG          0.5107 -> 0.6377
34083,6 fw PLH.static      ADJMBEDDHLB         33.6094 -> 33.6217
34083,6 fw PLH.static      CFIMEAFDJFM          29.131 -> 29.1483
34094,8 fw PLH.static      ADJMBEDDHLB         33.6217 -> 33.6261
34099,4 fw PLH.static      ADJMBEDDHLB         33.6261 -> 33.6373
34099,4 fw PLH.static      CFIMEAFDJFM         29.1483 -> 29.1639
34111,2 fw Controll.static MKFDGFOCKNO          33.594 -> 33.644
34111,2 fw Controll.static LEKCBKLAILO          33.644 -> 33.694
34111,3 fw PLH.static      ADJMBEDDHLB         33.6373 -> 33.6419
34115,4 fw Controll.static OFJKHAFJIMA          0.0103 -> 0.0094
34115,5 fw PLH.static      ADJMBEDDHLB         33.6419 -> 33.6538
34115,5 fw PLH.static      CFIMEAFDJFM         29.1639 -> 29.1801
34127,4 fw PLH.static      ADJMBEDDHLB         33.6538 -> 33.658
34138,2 fw Controll.static GIPNIMALPEG          0.6377 -> 0.7311
34138,2 fw PLH.static      ADJMBEDDHLB          33.658 -> 33.6699
34143,4 fw PLH.static      ADJMBEDDHLB         33.6699 -> 33.6808
34143,4 fw PLH.static      CFIMEAFDJFM         29.1801 -> 29.2074
34153,6 fw PLH.static      ADJMBEDDHLB         33.6808 -> 33.686
34159,2 fw PLH.static      ADJMBEDDHLB          33.686 -> 33.6962
34167,8 fw Controll.static MKFDGFOCKNO          33.644 -> 33.694
34167,8 fw Controll.static LEKCBKLAILO          33.694 -> 33.744
34167,8 fw Controll.static OFJKHAFJIMA          0.0094 -> 0.0017
34167,8 fw PLH.static      ADJMBEDDHLB         33.6962 -> 33.7017
34167,8 fw PLH.static      CFIMEAFDJFM         29.2074 -> 29.2288
34175,7 fw PLH.static      ADJMBEDDHLB         33.7017 -> 33.7104
34175,7 fw PLH.static      CFIMEAFDJFM         29.2288 -> 29.2374
34181,5 fw Controll.static GIPNIMALPEG          0.7311 -> 0.5983
34181,6 fw PLH.static      ADJMBEDDHLB         33.7104 -> 33.7182
34192,0 fw PLH.static      ADJMBEDDHLB         33.7182 -> 33.7241
34196,5 fw PLH.static      ADJMBEDDHLB         33.7241 -> 33.7345
34208,7 fw PLH.static      ADJMBEDDHLB         33.7345 -> 33.739
34208,7 fw PLH.static      CFIMEAFDJFM         29.2374 -> 29.2661
34213,9 fw Controll.static MKFDGFOCKNO          33.694 -> 33.744
34213,9 fw Controll.static LEKCBKLAILO          33.744 -> 33.794
34213,9 fw Controll.static OFJKHAFJIMA          0.0017 -> 0.0068
34213,9 fw PLH.static      ADJMBEDDHLB          33.739 -> 33.7512
34222,9 fw PLH.static      ADJMBEDDHLB         33.7512 -> 33.7565
34222,9 fw PLH.static      CFIMEAFDJFM         29.2661 -> 29.2831
34229,3 fw Controll.static GIPNIMALPEG          0.5983 -> 0.5526
34229,3 fw PLH.static      ADJMBEDDHLB         33.7565 -> 33.7654
34237,8 fw PLH.static      ADJMBEDDHLB         33.7654 -> 33.7719
34237,8 fw PLH.static      CFIMEAFDJFM         29.2831 -> 29.2989
34244,1 fw PLH.static      ADJMBEDDHLB         33.7719 -> 33.7805
34256,0 fw PLH.static      ADJMBEDDHLB         33.7805 -> 33.7867
34261,1 fw Controll.static MKFDGFOCKNO          33.744 -> 33.794
34261,1 fw Controll.static LEKCBKLAILO          33.794 -> 33.844
34261,1 fw Controll.static OFJKHAFJIMA          0.0068 -> 0.004
34261,2 fw PLH.static      ADJMBEDDHLB         33.7867 -> 33.7985
34271,7 fw PLH.static      ADJMBEDDHLB         33.7985 -> 33.8037
34277,2 fw Controll.static GIPNIMALPEG          0.5526 -> 0.5115
34277,3 fw PLH.static      ADJMBEDDHLB         33.8037 -> 33.8142
34277,3 fw PLH.static      CFIMEAFDJFM         29.2989 -> 29.3409
34286,2 fw PLH.static      ADJMBEDDHLB         33.8142 -> 33.8198
34286,2 fw PLH.static      CFIMEAFDJFM         29.3409 -> 29.3469
34292,8 fw PLH.static      ADJMBEDDHLB         33.8198 -> 33.8287
34299,4 fw PLH.static      ADJMBEDDHLB         33.8287 -> 33.8354
34299,4 fw PLH.static      CFIMEAFDJFM         29.3469 -> 29.3619
34309,0 fw Controll.static MKFDGFOCKNO          33.794 -> 33.844
34309,0 fw Controll.static LEKCBKLAILO          33.844 -> 33.894
34309,0 fw Controll.static OFJKHAFJIMA           0.004 -> 0.0071
34309,0 fw PLH.static      ADJMBEDDHLB         33.8354 -> 33.842
34314,5 fw PLH.static      ADJMBEDDHLB          33.842 -> 33.8516
34324,7 fw Controll.static GIPNIMALPEG          0.5115 -> 0.4609
34324,7 fw PLH.static      ADJMBEDDHLB         33.8516 -> 33.857
34330,0 fw PLH.static      ADJMBEDDHLB          33.857 -> 33.8673
34330,0 fw PLH.static      CFIMEAFDJFM         29.3619 -> 29.3943
34342,3 fw PLH.static      ADJMBEDDHLB         33.8673 -> 33.8726
34347,6 fw PLH.static      ADJMBEDDHLB         33.8726 -> 33.8849
34347,6 fw PLH.static      CFIMEAFDJFM         29.3943 -> 29.4111
34361,8 fw Controll.static MKFDGFOCKNO          33.844 -> 33.894
34361,8 fw Controll.static LEKCBKLAILO          33.894 -> 33.944
34361,8 fw Controll.static OFJKHAFJIMA          0.0071 -> 0.0098
34361,8 fw PLH.static      ADJMBEDDHLB         33.8849 -> 33.8903
34374,6 fw PLH.static      ADJMBEDDHLB         33.8903 -> 33.9046
34374,6 fw PLH.static      CFIMEAFDJFM         29.4111 -> 29.4295
34385,7 fw PLH.static      ADJMBEDDHLB         33.9046 -> 33.9172
34385,7 fw PLH.static      CFIMEAFDJFM         29.4295 -> 29.4432
34395,3 fw Controll.static GIPNIMALPEG          0.4609 -> 0.863
34395,4 fw PLH.static      ADJMBEDDHLB         33.9172 -> 33.9284
34401,4 fw PLH.static      ADJMBEDDHLB         33.9284 -> 33.9379
34401,4 fw PLH.static      CFIMEAFDJFM         29.4432 -> 29.4622
34415,7 fw PLH.static      ADJMBEDDHLB         33.9379 -> 33.9439
34420,6 fw Controll.static MKFDGFOCKNO          33.894 -> 33.944
34420,6 fw Controll.static LEKCBKLAILO          33.944 -> 33.994
34420,6 fw PLH.static      ADJMBEDDHLB         33.9439 -> 33.9585
34444,7 fw Controll.static OFJKHAFJIMA          0.0098 -> 0.0136
34444,8 fw PLH.static      ADJMBEDDHLB         33.9585 -> 33.9632
34444,8 fw PLH.static      CFIMEAFDJFM         29.4622 -> 29.49
34449,0 fw PLH.static      ADJMBEDDHLB         33.9632 -> 33.9873
34449,0 fw PLH.static      CFIMEAFDJFM           29.49 -> 29.5007
34463,7 fw Controll.static GIPNIMALPEG           0.863 -> 0.2416
34463,8 fw PLH.static      ADJMBEDDHLB         33.9873 -> 33.9915
34467,8 fw PLH.static      ADJMBEDDHLB         33.9915 -> 34.0064
34467,8 fw PLH.static      CFIMEAFDJFM         29.5007 -> 29.5293
34480,8 fw PLH.static      ADJMBEDDHLB         34.0064 -> 34.0104
34485,6 fw PLH.static      ADJMBEDDHLB         34.0104 -> 34.0233
34485,6 fw PLH.static      CFIMEAFDJFM         29.5293 -> 29.5489
34497,6 fw Controll.static MKFDGFOCKNO          33.944 -> 33.994
34497,6 fw Controll.static LEKCBKLAILO          33.994 -> 34.044
34497,6 fw Controll.static OFJKHAFJIMA          0.0136 -> 0.0118
34497,7 fw PLH.static      ADJMBEDDHLB         34.0233 -> 34.0281
34502,7 fw PLH.static      ADJMBEDDHLB         34.0281 -> 34.0404
34502,7 fw PLH.static      CFIMEAFDJFM         29.5489 -> 29.5667
34518,3 fw Controll.static GIPNIMALPEG          0.2416 -> 0.3332
34518,4 fw PLH.static      ADJMBEDDHLB         34.0404 -> 34.0452
34522,5 fw PLH.static      ADJMBEDDHLB         34.0452 -> 34.0609
34522,5 fw PLH.static      CFIMEAFDJFM         29.5667 -> 29.5827
34534,1 fw PLH.static      ADJMBEDDHLB         34.0609 -> 34.0651
34538,6 fw PLH.static      ADJMBEDDHLB         34.0651 -> 34.0766
34554,3 fw Controll.static MKFDGFOCKNO          33.994 -> 34.094
34554,3 fw Controll.static LEKCBKLAILO          34.044 -> 34.144
34554,3 fw Controll.static OFJKHAFJIMA          0.0118 -> 0.0023
34554,4 fw PLH.static      ADJMBEDDHLB         34.0766 -> 34.0811
34559,6 fw PLH.static      ADJMBEDDHLB         34.0811 -> 34.0969
34559,6 fw PLH.static      CFIMEAFDJFM         29.5827 -> 29.619
34570,1 fw Controll.static GIPNIMALPEG          0.3332 -> 0.3674
34570,1 fw PLH.static      ADJMBEDDHLB         34.0969 -> 34.1021
34578,0 fw PLH.static      ADJMBEDDHLB         34.1021 -> 34.1127
34578,0 fw PLH.static      CFIMEAFDJFM          29.619 -> 29.6395
34589,5 fw PLH.static      ADJMBEDDHLB         34.1127 -> 34.1206
34589,5 fw PLH.static      CFIMEAFDJFM         29.6395 -> 29.647
34594,0 fw PLH.static      ADJMBEDDHLB         34.1206 -> 34.1321
34604,3 fw Controll.static MKFDGFOCKNO          34.094 -> 34.144
34604,3 fw Controll.static LEKCBKLAILO          34.144 -> 34.194
34604,4 fw PLH.static      ADJMBEDDHLB         34.1321 -> 34.1365
34612,9 fw PLH.static      ADJMBEDDHLB         34.1365 -> 34.1469
34612,9 fw PLH.static      CFIMEAFDJFM          29.647 -> 29.6736
34624,6 fw Controll.static GIPNIMALPEG          0.3674 -> 0.4583
34624,6 fw PLH.static      ADJMBEDDHLB         34.1469 -> 34.1554
34624,6 fw PLH.static      CFIMEAFDJFM         29.6736 -> 29.6818
34629,3 # net: TcpClient.Connected = True
34629,4 fw PLH.static      ADJMBEDDHLB         34.1554 -> 34.1672
34640,3 fw PLH.static      ADJMBEDDHLB         34.1672 -> 34.1719
34640,3 fw PLH.static      CFIMEAFDJFM         29.6818 -> 29.6986
34650,2 fw PLH.static      ADJMBEDDHLB         34.1719 -> 34.1829
34657,2 fw Controll.static MKFDGFOCKNO          34.144 -> 34.194
34657,2 fw Controll.static LEKCBKLAILO          34.194 -> 34.244
34657,2 fw Controll.static OFJKHAFJIMA          0.0023 -> 0.0052
34657,3 fw PLH.static      ADJMBEDDHLB         34.1829 -> 34.1928
34665,3 fw PLH.static      ADJMBEDDHLB         34.1928 -> 34.2
34665,3 fw PLH.static      CFIMEAFDJFM         29.6986 -> 29.7248
34672,1 fw Controll.static GIPNIMALPEG          0.4583 -> 0.4077
34672,2 fw PLH.static      ADJMBEDDHLB            34.2 -> 34.2078
34679,8 fw PLH.static      ADJMBEDDHLB         34.2078 -> 34.2147
34679,8 fw PLH.static      CFIMEAFDJFM         29.7248 -> 29.7409
34686,6 fw PLH.static      ADJMBEDDHLB         34.2147 -> 34.2223
34695,4 fw PLH.static      ADJMBEDDHLB         34.2223 -> 34.2292
34701,5 fw PLH.static      ADJMBEDDHLB         34.2292 -> 34.2381
34701,5 fw PLH.static      CFIMEAFDJFM         29.7409 -> 29.7643
34711,8 fw PLH.static      ADJMBEDDHLB         34.2381 -> 34.2442
34717,3 fw PLH.static      ADJMBEDDHLB         34.2442 -> 34.2543
34717,3 fw PLH.static      CFIMEAFDJFM         29.7643 -> 29.7805
34732,3 fw Controll.static GIPNIMALPEG          0.4077 -> 0.6108
34732,3 fw PLH.static      ADJMBEDDHLB         34.2543 -> 34.2598
34736,6 fw PLH.static      ADJMBEDDHLB         34.2598 -> 34.2749
34736,6 fw PLH.static      CFIMEAFDJFM         29.7805 -> 29.7973
34747,3 fw PLH.static      ADJMBEDDHLB         34.2749 -> 34.2792
34753,6 fw Controll.static MKFDGFOCKNO          34.194 -> 34.2941
34753,6 fw Controll.static LEKCBKLAILO          34.244 -> 34.3441
34753,7 fw PLH.static      ADJMBEDDHLB         34.2792 -> 34.2899
34763,5 fw Controll.static OFJKHAFJIMA          0.0052 -> 0.0017
34763,5 fw PLH.static      ADJMBEDDHLB         34.2899 -> 34.2962
34763,5 fw PLH.static      CFIMEAFDJFM         29.7973 -> 29.8218
34768,6 fw PLH.static      ADJMBEDDHLB         34.2962 -> 34.306
34780,1 fw Controll.static GIPNIMALPEG          0.6108 -> 0.5684
34780,2 fw PLH.static      ADJMBEDDHLB          34.306 -> 34.3112
34784,4 fw Controll.static IGLCENGMMMJ           14.55 -> 14.7
34784,4 fw Controll.static DGNDKAKOEPD         2617386 -> 2618371
34784,4 fw Controll.static BEJBLGGGOCC       340197564 -> 340198567
34784,4 fw Controll.static JELGPAKAJPE             131 -> 112
34784,4 fw Controll.static EENJPDHGGGC         33.3259 -> 34.3112
34784,4 fw PLH.static      ADJMBEDDHLB         34.3112 -> 34.3228
34784,4 fw PLH.static      CFIMEAFDJFM         29.8218 -> 29.8491
34796,0 fw PLH.static      ADJMBEDDHLB         34.3228 -> 34.3269
34801,2 fw PLH.static      ADJMBEDDHLB         34.3269 -> 34.3385
34801,2 fw PLH.static      CFIMEAFDJFM         29.8491 -> 29.865
34813,5 fw Controll.static MKFDGFOCKNO         34.2941 -> 34.3441
34813,5 fw Controll.static LEKCBKLAILO         34.3441 -> 34.3941
34813,5 fw Controll.static OFJKHAFJIMA          0.0017 -> 0.0116
34813,5 fw PLH.static      ADJMBEDDHLB         34.3385 -> 34.3437
34817,3 fw PLH.static      ADJMBEDDHLB         34.3437 -> 34.356
34817,3 fw PLH.static      CFIMEAFDJFM          29.865 -> 29.8817
34829,3 fw Controll.static GIPNIMALPEG          0.5684 -> 0.5518
34829,3 fw PLH.static      ADJMBEDDHLB          34.356 -> 34.3598
34834,0 fw PLH.static      ADJMBEDDHLB         34.3598 -> 34.3719
34834,0 fw PLH.static      CFIMEAFDJFM         29.8817 -> 29.8981
34844,8 fw PLH.static      ADJMBEDDHLB         34.3719 -> 34.3766
34849,8 fw PLH.static      ADJMBEDDHLB         34.3766 -> 34.3873
34860,2 fw Controll.static MKFDGFOCKNO         34.3441 -> 34.3941
34860,2 fw Controll.static LEKCBKLAILO         34.3941 -> 34.4441
34860,3 fw Controll.static OFJKHAFJIMA          0.0116 -> 0.0083
34860,3 fw PLH.static      ADJMBEDDHLB         34.3873 -> 34.3923
34864,9 fw PLH.static      ADJMBEDDHLB         34.3923 -> 34.4028
34864,9 fw PLH.static      CFIMEAFDJFM         29.8981 -> 29.9291
34876,4 fw Controll.static GIPNIMALPEG          0.5518 -> 0.4936
34876,4 fw PLH.static      ADJMBEDDHLB         34.4028 -> 34.4074
34881,5 fw PLH.static      ADJMBEDDHLB         34.4074 -> 34.419
34881,5 fw PLH.static      CFIMEAFDJFM         29.9291 -> 29.9455
34891,5 fw PLH.static      ADJMBEDDHLB          34.419 -> 34.424
34896,2 fw PLH.static      ADJMBEDDHLB          34.424 -> 34.4341
34896,2 fw PLH.static      CFIMEAFDJFM         29.9455 -> 29.9606
34907,2 fw Controll.static MKFDGFOCKNO         34.3941 -> 34.4441
34907,2 fw Controll.static LEKCBKLAILO         34.4441 -> 34.4941
34907,2 fw Controll.static OFJKHAFJIMA          0.0083 -> 0.0053
34907,2 fw PLH.static      ADJMBEDDHLB         34.4341 -> 34.4387
34912,2 fw PLH.static      ADJMBEDDHLB         34.4387 -> 34.4498
34923,6 fw Controll.static GIPNIMALPEG          0.4936 -> 0.4368
34923,6 fw PLH.static      ADJMBEDDHLB         34.4498 -> 34.4547
34928,8 fw Controll.static NAKNALFCOIF           -3.15 -> -2.85
34928,8 fw Controll.static IGLCENGMMMJ            14.7 -> 15
34928,8 fw PLH.static      ADJMBEDDHLB         34.4547 -> 34.4661
34928,8 fw PLH.static      CFIMEAFDJFM         29.9606 -> 29.9932
34941,6 fw PLH.static      ADJMBEDDHLB         34.4661 -> 34.4713
34941,6 fw PLH.static      CFIMEAFDJFM         29.9932 -> 29.9978
34945,5 fw PLH.static      ADJMBEDDHLB         34.4713 -> 34.4841
34958,0 fw Controll.static MKFDGFOCKNO         34.4441 -> 34.4941
34958,0 fw Controll.static LEKCBKLAILO         34.4941 -> 34.5441
34958,0 fw Controll.static OFJKHAFJIMA          0.0053 -> 0.0061
34958,1 fw PLH.static      ADJMBEDDHLB         34.4841 -> 34.4881
34962,6 fw PLH.static      ADJMBEDDHLB         34.4881 -> 34.5007
34962,6 fw PLH.static      CFIMEAFDJFM         29.9978 -> 30.0267
34975,3 fw Controll.static GIPNIMALPEG          0.4368 -> 0.4703
34975,3 fw PLH.static      ADJMBEDDHLB         34.5007 -> 34.5051
34979,6 fw Controll.static NAKNALFCOIF           -2.85 -> -2.4
34979,6 fw PLH.static      ADJMBEDDHLB         34.5051 -> 34.5179
34979,6 fw PLH.static      CFIMEAFDJFM         30.0267 -> 30.0443
34990,9 fw Controll.static IGLCENGMMMJ              15 -> 16.05
34991,0 fw PLH.static      ADJMBEDDHLB         34.5179 -> 34.5221
34995,5 fw PLH.static      ADJMBEDDHLB         34.5221 -> 34.5335
34995,5 fw PLH.static      CFIMEAFDJFM         30.0443 -> 30.06
35007,2 fw Controll.static MKFDGFOCKNO         34.4941 -> 34.5441
35007,2 fw Controll.static LEKCBKLAILO         34.5441 -> 34.5941
35007,3 fw Controll.static OFJKHAFJIMA          0.0061 -> 0.0053
35007,3 fw PLH.static      ADJMBEDDHLB         34.5335 -> 34.5381
35011,9 fw PLH.static      ADJMBEDDHLB         34.5381 -> 34.5498
35023,7 fw PLH.static      ADJMBEDDHLB         34.5498 -> 34.5544
35027,6 fw Controll.static GIPNIMALPEG          0.4703 -> 0.5186
35027,7 fw PLH.static      ADJMBEDDHLB         34.5544 -> 34.5662
35027,7 fw PLH.static      CFIMEAFDJFM           30.06 -> 30.0932
35040,0 fw Controll.static NAKNALFCOIF            -2.4 -> -2.25
35040,0 fw PLH.static      ADJMBEDDHLB         34.5662 -> 34.5702
35044,0 fw PLH.static      ADJMBEDDHLB         34.5702 -> 34.5825
35044,0 fw PLH.static      CFIMEAFDJFM         30.0932 -> 30.1091
35057,1 fw Controll.static MKFDGFOCKNO         34.5441 -> 34.5941
35057,1 fw Controll.static LEKCBKLAILO         34.5941 -> 34.6441
35057,2 fw PLH.static      ADJMBEDDHLB         34.5825 -> 34.5865
35061,2 fw Controll.static OFJKHAFJIMA          0.0053 -> 0.0051
35061,3 fw PLH.static      ADJMBEDDHLB         34.5865 -> 34.5997
35061,3 fw PLH.static      CFIMEAFDJFM         30.1091 -> 30.126
35074,3 fw PLH.static      ADJMBEDDHLB         34.5997 -> 34.6039
35078,2 fw Controll.static GIPNIMALPEG          0.5186 -> 0.5305
35078,3 fw PLH.static      ADJMBEDDHLB         34.6039 -> 34.6169
35078,3 fw PLH.static      CFIMEAFDJFM          30.126 -> 30.1432
35090,0 fw PLH.static      ADJMBEDDHLB         34.6169 -> 34.6208
35095,2 fw PLH.static      ADJMBEDDHLB         34.6208 -> 34.6325
35095,2 fw PLH.static      CFIMEAFDJFM         30.1432 -> 30.1596
35106,7 fw PLH.static      ADJMBEDDHLB         34.6325 -> 34.6377
35110,9 fw Controll.static MKFDGFOCKNO         34.5941 -> 34.6441
35110,9 fw Controll.static LEKCBKLAILO         34.6441 -> 34.6941
35110,9 fw Controll.static OFJKHAFJIMA          0.0051 -> 0.0046
35111,0 fw PLH.static      ADJMBEDDHLB         34.6377 -> 34.6492
35122,6 fw player          LNIDBHIAJJI              10 -> 11
35122,6 fw player          ACAIGMNLLEC             253 -> 254
35122,6 fw player          HEADELMLILF               0 -> 1
35122,7 fw PLH.static      ADJMBEDDHLB         34.6492 -> 34.6535
35122,7 fw PLH.static      CFIMEAFDJFM         30.1596 -> 30.1802
35127,0 fw Controll.static GIPNIMALPEG          0.5305 -> 0.5061
35127,1 fw PLH.static      ADJMBEDDHLB         34.6535 -> 34.6652
35140,2 fw PLH.static      ADJMBEDDHLB         34.6652 -> 34.6696
35140,2 fw PLH.static      CFIMEAFDJFM         30.1802 -> 30.1967
35144,0 fw PLH.static      ADJMBEDDHLB         34.6696 -> 34.6827
35157,0 fw PLH.static      ADJMBEDDHLB         34.6827 -> 34.6866
35160,8 fw Controll.static MKFDGFOCKNO         34.6441 -> 34.6941
35160,8 fw Controll.static LEKCBKLAILO         34.6941 -> 34.7441
35160,8 fw Controll.static OFJKHAFJIMA          0.0046 -> 0.005
35160,9 fw PLH.static      ADJMBEDDHLB         34.6866 -> 34.6995
35173,5 fw PLH.static      ADJMBEDDHLB         34.6995 -> 34.7034
35177,7 fw Controll.static GIPNIMALPEG          0.5061 -> 0.5193
35177,7 fw PLH.static      ADJMBEDDHLB         34.7034 -> 34.7161
35177,7 fw PLH.static      CFIMEAFDJFM         30.1967 -> 30.2426
35189,7 fw PLH.static      ADJMBEDDHLB         34.7161 -> 34.7203
35194,9 #### SNAPSHOT #1 ####
35195,6 #S  player: _LCEIAGLFFJN_k__BackingField=1 GLFBKBKFPCL=2063882 CCINALOJCNH=2 LGOAHLMABFF=0 ADNMLOLHFCD=0 LDKMPMIANCE=1 MMMGPDBMOLM=1 FACPLDFKHIO=0 FDOJDJLIGLF=0 EFHBKMHCMOH=0 INGHEHAALBJ=0 PIBCGHCJKAA=0 BANHJLHDFLI=0 FGFKPMPLNKO=0 MOPBMENEGLN=0 ECBCOHFLJCC=0 ELBOPMABJOA=0 GDFNLALKMAN=0 PELNEJDOBKH=0 DECAKELAHPI=0 OLDBINBEFFG=0 EGCCBDKJGAB=0 EEHMHJBNAFP=0 NGCMFJECPIO=0 BCLPAILBBFP=0 AADFNNLGALL=0 PFGNALDDNDB=2 HIDMDLLHEKO=0 HOJIIOCKKLO=1 BCACFHNPIBP=45 ONOGCCOHPJC=0 LCMOBPPHLLM=0 CIPOBFGAMOP=13.361 GEDMGLAMGMD=0 MHCOJFIAGLP=0 JHGGICCFNFJ=0 CNHNFDDJMJO=0 HJLHOFPDEAA=1804 OLOOMMIKDPJ=13.361 LBKINNIDKEC=0 BDHNEDFEHBA=512 LNIDBHIAJJI=11 ACAIGMNLLEC=254 LCPGFBMKNHJ=999 CLOEJLAOIGI=0 APFNBGHAJMD=1 HEADELMLILF=0 CGHKKDBILGF=1 COCGLNFEFAF=0 HIECLOJIFIL=1 WasCollected=0
35195,7 #   player.GPBAJMJILMA len=2 [15,46875, 357,1875]
35195,7 #   player.JNBMIDFBOHD len=2 [15,46875, 0]
35195,7 #   player.JPDHFNADBKI len=2 [15,46875, 357,1875]
35195,7 #   player.GDEMINMDJAC len=4 [0, 0, 0, 0]
35195,7 #   player.DDKPBGMMNIA len=10 [0, 0, 0, 1, 0, 1, 0, 0, 0, 0]
35195,7 #   player.PPOOANLEBNI len=40 [0, 0, 0, 0, 0, 0, 0, 0, 0, 0, 0, 0]
35195,8 #S  Controll.static: BIAHHOIOFKG=0.5 LCMOBPPHLLM=0 BNHEPNNOAIK=2.4 BNALIDHMCIG=2.75 JLPIAOFJHBB=0 DNNCGMPDMCF=0 IECMAFHGHND=0 JOJODHNJNGO=3 AJKDGEACHKD=3 NAKNALFCOIF=-2.25 IGLCENGMMMJ=16.05 EPEEFBDJAHO=0 JEOINCHFPCC=0 HKPMJHCGMDE=0.4 DGNDKAKOEPD=2618371 BEJBLGGGOCC=340198567 JELGPAKAJPE=112 EENJPDHGGGC=34.311 ONGHDHKFEBG=-1 NIGBIPNBOPC=0 KEPGFOEOHPD=0 HLBAGIACGBI=0 PBICPLCFAGG=1 NJPDKJKJMCG=0 GCHFDAPNBNB=0 BFEOOOMMGLK=0 EKEAAHAKHIN=0 DJACNOGOCKD=0 MJHNOEIFBEO=0 JGNLBAMNEBA=0 HCOLPFEEENG=0 EGDKJEFGFIC=0 GLGCAOADGMN=0 FGGKANNFBDH=0 LKPFNJHLOHL=0 ILFOFIOFBAM=-1 KJOMABGHAIJ=0 IPCNAHJLMAP=0 CGJDLMEINBJ=0 CFACCGMPPOE=1 NKFBOBMMGCL=0 CMGGPFHFKCM=2.4 MKFDGFOCKNO=34.694 LEKCBKLAILO=34.744 CIDLIJFIKPG=0.05 OFJKHAFJIMA=0.005 LADGFAFJJNM=0 CFHLIKBFICO=0 PEPKIHHGDHG=0 MBFKABGNPCM=0 AJKBMMMOPMF=0 DEBGAILDKPC=0 GKNJELHPMDE=-1 FBINCNDDPAO=0 ILGHFLMKMCO=0 CKLMDECPAGK=0 DBMGNKNGFLL=0 JADIDAJFOGK=0 OINJNFHMDFE=0 _JFKCDODJALP_k__BackingField=0 GHLDENBLDPH=0 IEKGMGGHAPE=0 BEINLJCOGBO=0 GAMBHJPMDON=1 POFKNJGAKPK=0 OGDPMIBJLDH=0 MNHBPCOOMLE=2616141 MBLGPNKENLH=0 AFDPPPDHDGP=0 IPKHNCADMPM=0 KMJLDLGDMGK=1 GIPNIMALPEG=0.865 ANDBANJHOLD=0 JBKBOPCCIBM=0
35195,9 #   Controll.static.DDOHELGGICN len=6 [(normal:(0.62, -0.21, 0.76), distance:-36.32), (normal:(-0.68, -0.21, 0.71), distance:35.85), (normal:(-0.03, 0.66, 0.75), distance:-9.37), (normal:(-0.01, -0.96, 0.28), distance:9.04), (normal:(-0.04, -0.28, 0.96), distance:-0.32), (normal:(0.04, 0.28, -0.96), distance:256.06)]
35196,0 #S  Controll: IFFKNMHKCKD=0.05 NIJLEBGNMAK=0.001 KNHCENJLPCN=0 MHMBOOBHFAO=0 BMPGKHBBDKJ=0 DKMDNEBPDLN=100000000 EDFJFJADEOI=0 PKPGKHAGALH=0 ANHKKECOIIK=0 CJIOKPOOHIC=-1 KOPOBDGHLFL=0 CLEHDNFKJPB=12.768 CAFJCKPAKIB=1 NLJFFCIKAFH=0 CGNEAAGAMKC=50 NFIICDMHEEI=0 IKILBFGJOKH=0 ANJGKCCKEED=0 APLGDDHLOHA=0 MCOGBCDKDJD=10 MFMJHNGIFGM=0 DJJBAKDOCPN=-1 ABEDBPBPOFI=0 MJPKOOHJOPA=27.707 useGUILayout=1 enabled=1 isActiveAndEnabled=1 WasCollected=0
35196,0 #S  weapon: OCDNCKANJPB=1 NLNJMBCBEAF=0 WasCollected=0
35196,0 #S  activeEntry: AIEPBAHGMJD=0 NIBLMFFHJHK=0 PICIILNDDJO=1 LJAIJIMKOGP=0 GLGJDNLBAOB=0 NIKINLIKGCP=15 MOGDFDEMPLE=45 WasCollected=0
35196,0 #   activeEntry.COAAKMDBKJM len=3 [0, 0, 0]
35196,0 #S  PLH.static: LCKKCAHAPEF=2.08 IFFKNMHKCKD=0.05 EHHGKJHIGIL=1 BMPGKHBBDKJ=0 ADJMBEDDHLB=34.732 CFIMEAFDJFM=30.243 KMLIIIGJAEK=4 OJDIKHJOGJC=0 EDLPNENMJFF=50 FEFGNPKFKPE=0 EKHCENHLMAM=1
35196,1 #S  HUD.static: CBFLNECJIFF=1 ACOMFBALLPB=0 MMEPGJJAHCI=42.839 JNBEDAECKGM=0 EHBHDOAHOAO=11 CGDKPLKDION=11 NEICGEOMFGN=0 GONEFAMEMOJ=325 DJBNLINNLOJ=-1 DIIAFKMNANI=27.806 ANDPEBCAPAC=0 GAELHMDBFBO=0 FKLAELDOEAG=0 PIPJJIMDAHF=0 KDGCJFDGFAJ=0 FCHLFNBPLLH=0 GPFCJFOLNII=0 DFEHJHOHPHK=0 NIHKFABDHPH=100 IPLCMBBHJKO=0 IBFMBINJKJN=0 LCJPDJJKNDM=1 PHNGEPIGKIO=0 FJMNBAGNAIH=13.861 OOIBIGCALAA=0.5 IICPDHNGAKC=1 MJKGICKCFNC=0 DIIIBNOFMCH=0 LGJHAJDMKAB=0 IHMHNDHECDO=0 EGBJBLEELNC=0 AMEOBGEEGCI=0
35196,2 #   HUD.static.DPOPNDPLFMN len=8 [(x:773.49, y:43.38, width:40.48, height:40.48), (x:727.22, y:43.38, width:40.48, height:40.48), (x:680.95, y:43.38, width:40.48, height:40.48), (x:634.69, y:43.38, width:40.48, height:40.48), (x:588.42, y:43.38, width:40.48, height:40.48), (x:542.15, y:43.38, width:40.48, height:40.48), (x:495.89, y:43.38, width:40.48, height:40.48), (x:449.62, y:43.38, width:40.48, height:40.48)]
35196,3 #   HUD.static.MGJBGOOFALD len=8 [(x:1106.03, y:43.38, width:40.48, height:40.48), (x:1152.30, y:43.38, width:40.48, height:40.48), (x:1198.56, y:43.38, width:40.48, height:40.48), (x:1244.83, y:43.38, width:40.48, height:40.48), (x:1291.10, y:43.38, width:40.48, height:40.48), (x:1337.36, y:43.38, width:40.48, height:40.48), (x:1383.63, y:43.38, width:40.48, height:40.48), (x:1429.90, y:43.38, width:40.48, height:40.48)]
35196,4 #   HUD.static.FBJDJBJOIJD len=16 [(x:773.49, y:20.24, width:40.48, height:40.48), (x:727.22, y:20.24, width:40.48, height:40.48), (x:680.95, y:20.24, width:40.48, height:40.48), (x:634.69, y:20.24, width:40.48, height:40.48), (x:588.42, y:20.24, width:40.48, height:40.48), (x:542.15, y:20.24, width:40.48, height:40.48), (x:495.89, y:20.24, width:40.48, height:40.48), (x:449.62, y:20.24, width:40.48, height:40.48), (x:773.49, y:66.51, width:40.48, height:40.48), (x:727.22, y:66.51, width:40.48, height:40.48), (x:680.95, y:66.51, width:40.48, height:40.48), (x:634.69, y:66.51, width:40.48, height:40.48)]
35196,5 #   HUD.static.HPCDGLNGIJJ len=16 [(x:1106.03, y:20.24, width:40.48, height:40.48), (x:1152.30, y:20.24, width:40.48, height:40.48), (x:1198.56, y:20.24, width:40.48, height:40.48), (x:1244.83, y:20.24, width:40.48, height:40.48), (x:1291.10, y:20.24, width:40.48, height:40.48), (x:1337.36, y:20.24, width:40.48, height:40.48), (x:1383.63, y:20.24, width:40.48, height:40.48), (x:1429.90, y:20.24, width:40.48, height:40.48), (x:1106.03, y:66.51, width:40.48, height:40.48), (x:1152.30, y:66.51, width:40.48, height:40.48), (x:1198.56, y:66.51, width:40.48, height:40.48), (x:1244.83, y:66.51, width:40.48, height:40.48)]
35196,5 #   HUD.static.JNAIOMMAIJG len=128 [0, 0, 0, 0, 0, 0, 0, 0, 0, 0, 0, 0]
35196,6 #S  HUD: DHKHMLPECLF=0 IDFHNKPJNCJ=0 CBDLILOKFDN=0 LCANLDDJLFB=1 IMPGDAPCBJF=108 ECHGPEPBOIM=0 NCPLNFKICBA=0 useGUILayout=1 enabled=1 isActiveAndEnabled=1 WasCollected=0
35196,6 #S  GUIInv.static: CBFLNECJIFF=0 HIMLDGKPFPO=0 DGIJIEDOAEG=0 HKFEGAMNGEB=0 MPBHJGCJBDE=0 JMACIGCBFBD=0 BFJLPHFIAAH=0 HJDOBCDPGPN=0 AHGBOGEBGKK=0 BACEMKABHAP=0 FBCMGKKKPPN=0 PNMFBNFKNAP=1 CAMEKFBNJEC=0 EFBFIHJMABF=1 NOMKICNEPMC=0 CPDKLHLLOKJ=0 IJNHDOGBGNE=0 FEBBCHLIJAM=0 LALEHGDILEB=9 INCDIECCFMC=7 LOILCIEIHHF=8 LPIHIDHBCAG=0 NDGEDGDLEMI=0 GLPOMODNMHL=0 NJLOOIBPPHE=0
35196,6 #   GUIInv.static.MHCPNENABCD len=9 [0, 0, 0, 1, 1, 0, 0, 0, 0]
35196,6 #   GUIInv.static.CLKDEHIHPAJ len=31 [0, 0, 1, 1, 1, 1, 1, 1, 1, 1, 1, 1]
35196,6 #   GUIInv.static.EKNEPPFAEME len=30 [0, 0, 0, 1, 1, 1, 1, 1, 1, 1, 1, 1]
35196,6 #   GUIInv.static.ODBDHJLHOGP len=29 [0, 0, 1, 1, 1, 1, 1, 1, 1, 1, 1, 1]
35196,6 #   GUIInv.static.JGFMOAHNPDN len=3 [0, 1, 1]
35196,6 #S  GUIInv: LDKMPMIANCE=0 WasCollected=0
35196,7 fw player          HEADELMLILF               1 -> 0
35196,7 fw PLH.static      ADJMBEDDHLB         34.7203 -> 34.7322
35206,8 fw PLH.static      ADJMBEDDHLB         34.7322 -> 34.7392
35206,8 fw PLH.static      CFIMEAFDJFM         30.2426 -> 30.2636
35210,9 fw Controll.static MKFDGFOCKNO         34.6941 -> 34.7441
35210,9 fw Controll.static LEKCBKLAILO         34.7441 -> 34.7941
35210,9 fw Controll.static OFJKHAFJIMA           0.005 -> 0.0048
35211,0 fw PLH.static      ADJMBEDDHLB         34.7392 -> 34.7494
35222,8 fw PLH.static      ADJMBEDDHLB         34.7494 -> 34.7535
35226,8 fw Controll.static GIPNIMALPEG          0.5193 -> 0.5018
35226,9 fw PLH.static      ADJMBEDDHLB         34.7535 -> 34.7654
35226,9 fw PLH.static      CFIMEAFDJFM         30.2636 -> 30.2924
35239,9 fw PLH.static      ADJMBEDDHLB         34.7654 -> 34.7694
35243,8 fw PLH.static      ADJMBEDDHLB         34.7694 -> 34.7824
35257,2 fw PLH.static      ADJMBEDDHLB         34.7824 -> 34.7863
35261,0 fw Controll.static MKFDGFOCKNO         34.7441 -> 34.7941
35261,0 fw Controll.static LEKCBKLAILO         34.7941 -> 34.8441
35261,0 fw Controll.static OFJKHAFJIMA          0.0048 -> 0.0053
35261,1 fw PLH.static      ADJMBEDDHLB         34.7863 -> 34.7997
35261,1 fw PLH.static      CFIMEAFDJFM         30.2924 -> 30.3255
35273,1 fw PLH.static      ADJMBEDDHLB         34.7997 -> 34.8036
35277,1 fw Controll.static GIPNIMALPEG          0.5018 -> 0.508
35277,2 fw PLH.static      ADJMBEDDHLB         34.8036 -> 34.8157
35277,2 fw PLH.static      CFIMEAFDJFM         30.3255 -> 30.3421
35289,4 fw PLH.static      ADJMBEDDHLB         34.8157 -> 34.8197
35294,0 fw PLH.static      ADJMBEDDHLB         34.8197 -> 34.8319
35294,0 fw PLH.static      CFIMEAFDJFM         30.3421 -> 30.3589
35306,1 fw PLH.static      ADJMBEDDHLB         34.8319 -> 34.8365
35310,3 fw Controll.static MKFDGFOCKNO         34.7941 -> 34.8441
35310,3 fw Controll.static LEKCBKLAILO         34.8441 -> 34.8941
35310,3 fw Controll.static OFJKHAFJIMA          0.0053 -> 0.0041
35310,3 fw PLH.static      ADJMBEDDHLB         34.8365 -> 34.8487
35323,2 fw PLH.static      ADJMBEDDHLB         34.8487 -> 34.8529
35327,2 fw PLH.static      ADJMBEDDHLB         34.8529 -> 34.8658
35327,2 fw PLH.static      CFIMEAFDJFM         30.3589 -> 30.3924
35339,6 fw Controll.static GIPNIMALPEG           0.508 -> 0.7572
35339,6 fw PLH.static      ADJMBEDDHLB         34.8658 -> 34.8698
35343,5 fw PLH.static      ADJMBEDDHLB         34.8698 -> 34.8821
35356,6 fw PLH.static      ADJMBEDDHLB         34.8821 -> 34.886
35360,7 fw Controll.static MKFDGFOCKNO         34.8441 -> 34.8941
35360,7 fw Controll.static LEKCBKLAILO         34.8941 -> 34.9441
35360,8 fw PLH.static      ADJMBEDDHLB          34.886 -> 34.8992
35360,8 fw PLH.static      CFIMEAFDJFM         30.3924 -> 30.4254
35372,8 fw Controll.static OFJKHAFJIMA          0.0041 -> 0.0046
35372,8 fw PLH.static      ADJMBEDDHLB         34.8992 -> 34.9033
35376,8 fw PLH.static      ADJMBEDDHLB         34.9033 -> 34.9154
35376,8 fw PLH.static      CFIMEAFDJFM         30.4254 -> 30.4419
35388,9 fw Controll.static GIPNIMALPEG          0.7572 -> 0.7442
35389,0 fw PLH.static      ADJMBEDDHLB         34.9154 -> 34.9193
35393,3 fw PLH.static      ADJMBEDDHLB         34.9193 -> 34.9315
35393,3 fw PLH.static      CFIMEAFDJFM         30.4419 -> 30.4585
35405,8 fw PLH.static      ADJMBEDDHLB         34.9315 -> 34.9358
35409,6 fw PLH.static      ADJMBEDDHLB         34.9358 -> 34.9483
35422,7 fw Controll.static MKFDGFOCKNO         34.8941 -> 34.9441
35422,7 fw Controll.static LEKCBKLAILO         34.9441 -> 34.9941
35422,7 fw Controll.static OFJKHAFJIMA          0.0046 -> 0.0038
35422,7 fw PLH.static      ADJMBEDDHLB         34.9483 -> 34.9521
35426,6 fw PLH.static      ADJMBEDDHLB         34.9521 -> 34.9653
35426,6 fw PLH.static      CFIMEAFDJFM         30.4585 -> 30.4918
35439,3 fw Controll.static GIPNIMALPEG          0.7442 -> 0.7511
35439,4 fw PLH.static      ADJMBEDDHLB         34.9653 -> 34.9691
35439,4 fw PLH.static      CFIMEAFDJFM         30.4918 -> 30.4962
35443,5 fw PLH.static      ADJMBEDDHLB         34.9691 -> 34.982
35456,3 fw PLH.static      ADJMBEDDHLB          34.982 -> 34.986
35460,2 fw PLH.static      ADJMBEDDHLB          34.986 -> 34.9988
35460,2 fw PLH.static      CFIMEAFDJFM         30.4962 -> 30.525
35472,5 fw Controll.static MKFDGFOCKNO         34.9441 -> 34.9941
35472,5 fw Controll.static LEKCBKLAILO         34.9941 -> 35.0441
35472,5 fw Controll.static OFJKHAFJIMA          0.0038 -> 0.0042
35472,6 fw PLH.static      ADJMBEDDHLB         34.9988 -> 35.0027
35476,3 fw PLH.static      ADJMBEDDHLB         35.0027 -> 35.0151
35476,3 fw PLH.static      CFIMEAFDJFM          30.525 -> 30.5417
35488,4 fw Controll.static GIPNIMALPEG          0.7511 -> 0.7324
35488,4 fw PLH.static      ADJMBEDDHLB         35.0151 -> 35.0188
35492,6 fw PLH.static      ADJMBEDDHLB         35.0188 -> 35.031
35492,6 fw PLH.static      CFIMEAFDJFM         30.5417 -> 30.558
35502,8 fw PLH.static      ADJMBEDDHLB          35.031 -> 35.0351
35508,6 fw PLH.static      ADJMBEDDHLB         35.0351 -> 35.0453
35517,3 fw Controll.static MKFDGFOCKNO         34.9941 -> 35.0441
35517,4 fw Controll.static LEKCBKLAILO         35.0441 -> 35.0941
35517,4 fw Controll.static OFJKHAFJIMA          0.0042 -> 0.0008
35517,4 fw PLH.static      ADJMBEDDHLB         35.0453 -> 35.0511
35523,4 fw PLH.static      ADJMBEDDHLB         35.0511 -> 35.0599
35523,4 fw PLH.static      CFIMEAFDJFM          30.558 -> 30.5865
35533,0 fw Controll.static GIPNIMALPEG          0.7324 -> 0.6259
35533,1 fw PLH.static      ADJMBEDDHLB         35.0599 -> 35.066
35533,1 fw PLH.static      CFIMEAFDJFM         30.5865 -> 30.593
35539,2 fw PLH.static      ADJMBEDDHLB          35.066 -> 35.0756
35547,7 fw PLH.static      ADJMBEDDHLB         35.0756 -> 35.0817
35556,1 fw PLH.static      ADJMBEDDHLB         35.0817 -> 35.0902
35561,5 fw Controll.static MKFDGFOCKNO         35.0441 -> 35.0941
35561,5 fw Controll.static LEKCBKLAILO         35.0941 -> 35.1441
35561,5 fw Controll.static OFJKHAFJIMA          0.0008 -> 0.0041
35561,5 fw PLH.static      ADJMBEDDHLB         35.0902 -> 35.0986
35561,5 fw PLH.static      CFIMEAFDJFM          30.593 -> 30.625
35572,3 fw PLH.static      ADJMBEDDHLB         35.0986 -> 35.104
35575,9 fw Controll.static GIPNIMALPEG          0.6259 -> 0.4823
35575,9 fw PLH.static      ADJMBEDDHLB          35.104 -> 35.1149
35575,9 fw PLH.static      CFIMEAFDJFM          30.625 -> 30.6413
35589,5 fw PLH.static      ADJMBEDDHLB         35.1149 -> 35.1185
35594,1 fw PLH.static      ADJMBEDDHLB         35.1185 -> 35.132
35605,7 fw PLH.static      ADJMBEDDHLB          35.132 -> 35.1366
35605,7 fw PLH.static      CFIMEAFDJFM         30.6413 -> 30.6633
35609,7 fw Controll.static MKFDGFOCKNO         35.0941 -> 35.1441
35609,7 fw Controll.static LEKCBKLAILO         35.1441 -> 35.1941
35609,7 fw Controll.static OFJKHAFJIMA          0.0041 -> 0.0037
35609,8 fw PLH.static      ADJMBEDDHLB         35.1366 -> 35.1483
35624,5 fw PLH.static      ADJMBEDDHLB         35.1483 -> 35.1523
35629,5 fw PLH.static      ADJMBEDDHLB         35.1523 -> 35.1686
35629,5 fw PLH.static      CFIMEAFDJFM         30.6633 -> 30.6932
35641,1 fw Controll.static GIPNIMALPEG          0.4823 -> 0.7855
35641,1 fw PLH.static      ADJMBEDDHLB         35.1686 -> 35.1721
35645,9 fw PLH.static      ADJMBEDDHLB         35.1721 -> 35.1837
35657,6 fw PLH.static      ADJMBEDDHLB         35.1837 -> 35.1885
35661,7 fw Controll.static MKFDGFOCKNO         35.1441 -> 35.1941
35661,7 fw Controll.static LEKCBKLAILO         35.1941 -> 35.2441
35661,8 fw PLH.static      ADJMBEDDHLB         35.1885 -> 35.2001
35661,8 fw PLH.static      CFIMEAFDJFM         30.6932 -> 30.7265
35672,9 fw Controll.static OFJKHAFJIMA          0.0037 -> 0.0056
35673,0 fw PLH.static      ADJMBEDDHLB         35.2001 -> 35.2043
35677,3 fw PLH.static      ADJMBEDDHLB         35.2043 -> 35.2155
35677,3 fw PLH.static      CFIMEAFDJFM         30.7265 -> 30.742
35688,4 fw Controll.static GIPNIMALPEG          0.7855 -> 0.7331
35688,5 fw PLH.static      ADJMBEDDHLB         35.2155 -> 35.2198
35693,2 fw PLH.static      ADJMBEDDHLB         35.2198 -> 35.231
35693,2 fw PLH.static      CFIMEAFDJFM          30.742 -> 30.758
35705,0 fw PLH.static      ADJMBEDDHLB          35.231 -> 35.2357
35708,8 fw PLH.static      ADJMBEDDHLB         35.2357 -> 35.2476
35722,1 fw Controll.static MKFDGFOCKNO         35.1941 -> 35.2441
35722,1 fw Controll.static LEKCBKLAILO         35.2441 -> 35.2941
35722,1 fw Controll.static OFJKHAFJIMA          0.0056 -> 0.003
35722,2 fw PLH.static      ADJMBEDDHLB         35.2476 -> 35.2513
35726,7 fw PLH.static      ADJMBEDDHLB         35.2513 -> 35.2647
35726,7 fw PLH.static      CFIMEAFDJFM          30.758 -> 30.791
35738,8 fw Controll.static GIPNIMALPEG          0.7331 -> 0.7401
35738,8 fw PLH.static      ADJMBEDDHLB         35.2647 -> 35.2693
35743,1 fw PLH.static      ADJMBEDDHLB         35.2693 -> 35.2813
35743,1 fw PLH.static      CFIMEAFDJFM          30.791 -> 30.8079
35755,3 fw PLH.static      ADJMBEDDHLB         35.2813 -> 35.2856
35762,3 fw PLH.static      ADJMBEDDHLB         35.2856 -> 35.3013
35762,3 fw PLH.static      CFIMEAFDJFM         30.8079 -> 30.8242
35774,0 fw Controll.static MKFDGFOCKNO         35.2441 -> 35.2941
35774,0 fw Controll.static LEKCBKLAILO         35.2941 -> 35.3441
35774,0 fw Controll.static OFJKHAFJIMA           0.003 -> 0.0033
35774,1 fw PLH.static      ADJMBEDDHLB         35.3013 -> 35.3049
35778,5 fw PLH.static      ADJMBEDDHLB         35.3049 -> 35.3166
35778,5 fw PLH.static      CFIMEAFDJFM         30.8242 -> 30.8432
35789,5 fw Controll.static GIPNIMALPEG          0.7401 -> 0.7543
35789,5 fw PLH.static      ADJMBEDDHLB         35.3166 -> 35.321
35794,6 fw PLH.static      ADJMBEDDHLB          35.321 -> 35.3321
35794,6 fw PLH.static      CFIMEAFDJFM         30.8432 -> 30.8591
35804,9 fw Controll.static DGNDKAKOEPD         2618371 -> 2619377
35804,9 fw Controll.static BEJBLGGGOCC       340198567 -> 340199565
35804,9 fw Controll.static JELGPAKAJPE             112 -> 117
35804,9 fw Controll.static EENJPDHGGGC         34.3112 -> 35.3166
35805,0 fw PLH.static      ADJMBEDDHLB         35.3321 -> 35.3371
35809,0 fw PLH.static      ADJMBEDDHLB         35.3371 -> 35.3475
35821,8 fw Controll.static MKFDGFOCKNO         35.2941 -> 35.3441
35821,8 fw Controll.static LEKCBKLAILO         35.3441 -> 35.3941
35821,8 fw Controll.static OFJKHAFJIMA          0.0033 -> 0.0029
35821,8 fw PLH.static      ADJMBEDDHLB         35.3475 -> 35.3515
35825,6 fw PLH.static      ADJMBEDDHLB         35.3515 -> 35.3644
35825,6 fw PLH.static      CFIMEAFDJFM         30.8591 -> 30.8908
35838,3 fw Controll.static GIPNIMALPEG          0.7543 -> 0.7311
35838,4 fw PLH.static      ADJMBEDDHLB         35.3644 -> 35.3681
35842,1 fw PLH.static      ADJMBEDDHLB         35.3681 -> 35.3809
35855,2 fw PLH.static      ADJMBEDDHLB         35.3809 -> 35.3846
35855,2 fw PLH.static      CFIMEAFDJFM         30.8908 -> 30.9117
35859,1 fw PLH.static      ADJMBEDDHLB         35.3846 -> 35.3979
35859,1 fw PLH.static      CFIMEAFDJFM         30.9117 -> 30.924
35871,8 fw Controll.static MKFDGFOCKNO         35.3441 -> 35.3941
35871,8 fw Controll.static LEKCBKLAILO         35.3941 -> 35.4441
35871,8 fw Controll.static OFJKHAFJIMA          0.0029 -> 0.0031
35871,8 fw PLH.static      ADJMBEDDHLB         35.3979 -> 35.4017
35875,7 fw PLH.static      ADJMBEDDHLB         35.4017 -> 35.4144
35875,7 fw PLH.static      CFIMEAFDJFM          30.924 -> 30.9408
35888,3 fw Controll.static GIPNIMALPEG          0.7311 -> 0.731
35888,4 fw PLH.static      ADJMBEDDHLB         35.4144 -> 35.4183
35892,7 fw PLH.static      ADJMBEDDHLB         35.4183 -> 35.4309
35905,1 fw Controll.static IGLCENGMMMJ           16.05 -> 16.5
35905,1 fw PLH.static      ADJMBEDDHLB         35.4309 -> 35.4352
35905,1 fw PLH.static      CFIMEAFDJFM         30.9408 -> 30.9619
35909,4 fw PLH.static      ADJMBEDDHLB         35.4352 -> 35.4477
35921,4 fw Controll.static MKFDGFOCKNO         35.3941 -> 35.4441
35921,4 fw Controll.static LEKCBKLAILO         35.4441 -> 35.4941
35921,4 fw Controll.static OFJKHAFJIMA          0.0031 -> 0.003
35921,4 fw PLH.static      ADJMBEDDHLB         35.4477 -> 35.4519
35925,1 fw PLH.static      ADJMBEDDHLB         35.4519 -> 35.4639
35925,1 fw PLH.static      CFIMEAFDJFM         30.9619 -> 30.9905
35937,7 fw PLH.static      ADJMBEDDHLB         35.4639 -> 35.4676
35941,9 fw Controll.static GIPNIMALPEG           0.731 -> 0.8016
35941,9 fw PLH.static      ADJMBEDDHLB         35.4676 -> 35.4803
35941,9 fw PLH.static      CFIMEAFDJFM         30.9905 -> 31.0068
35954,8 fw PLH.static      ADJMBEDDHLB         35.4803 -> 35.4845
35959,9 fw PLH.static      ADJMBEDDHLB         35.4845 -> 35.4979
35959,9 fw PLH.static      CFIMEAFDJFM         31.0068 -> 31.0236
35971,3 fw Controll.static MKFDGFOCKNO         35.4441 -> 35.4942
35971,3 fw Controll.static LEKCBKLAILO         35.4941 -> 35.5442
35971,4 fw PLH.static      ADJMBEDDHLB         35.4979 -> 35.5024
35984,5 fw Controll.static OFJKHAFJIMA           0.003 -> 0.0028
35984,6 fw PLH.static      ADJMBEDDHLB         35.5024 -> 35.5139
36006,2 fw PLH.static      ADJMBEDDHLB         35.5139 -> 35.5271
36006,2 fw PLH.static      CFIMEAFDJFM         31.0236 -> 31.0459
36012,9 fw Controll.static GIPNIMALPEG          0.8016 -> 0.2221
36013,0 fw PLH.static      ADJMBEDDHLB         35.5271 -> 35.5491
36013,0 fw PLH.static      CFIMEAFDJFM         31.0459 -> 31.0685
36025,0 fw PLH.static      ADJMBEDDHLB         35.5491 -> 35.5555
36032,8 fw PLH.static      ADJMBEDDHLB         35.5555 -> 35.5676
36046,1 fw PLH.static      ADJMBEDDHLB         35.5676 -> 35.5754
36046,1 fw PLH.static      CFIMEAFDJFM         31.0685 -> 31.1012
36051,2 fw Controll.static MKFDGFOCKNO         35.4942 -> 35.5442
36051,2 fw Controll.static LEKCBKLAILO         35.5442 -> 35.5942
36051,2 fw Controll.static OFJKHAFJIMA          0.0028 -> 0.004
36051,3 fw PLH.static      ADJMBEDDHLB         35.5754 -> 35.5886
36051,3 fw PLH.static      CFIMEAFDJFM         31.1012 -> 31.1156
36061,4 fw PLH.static      ADJMBEDDHLB         35.5886 -> 35.5939
36066,9 fw Controll.static GIPNIMALPEG          0.2221 -> 0.3015
36066,9 fw PLH.static      ADJMBEDDHLB         35.5939 -> 35.604
36066,9 fw PLH.static      CFIMEAFDJFM         31.1156 -> 31.1308
36080,4 fw PLH.static      ADJMBEDDHLB          35.604 -> 35.6095
36084,7 fw PLH.static      ADJMBEDDHLB         35.6095 -> 35.6229
36084,7 fw PLH.static      CFIMEAFDJFM         31.1308 -> 31.1491
36096,8 fw PLH.static      ADJMBEDDHLB         35.6229 -> 35.6272
36096,8 fw PLH.static      CFIMEAFDJFM         31.1491 -> 31.1542
36103,2 fw Controll.static MKFDGFOCKNO         35.5442 -> 35.6442
36103,2 fw Controll.static LEKCBKLAILO         35.5942 -> 35.6942
36103,2 fw Controll.static OFJKHAFJIMA           0.004 -> 0.001
36103,2 fw PLH.static      ADJMBEDDHLB         35.6272 -> 35.6393
36113,4 fw PLH.static      ADJMBEDDHLB         35.6393 -> 35.6458
36125,2 fw Controll.static GIPNIMALPEG          0.3015 -> 0.4672
36125,2 fw PLH.static      ADJMBEDDHLB         35.6458 -> 35.6559
36149,8 fw PLH.static      ADJMBEDDHLB         35.6559 -> 35.6679
36149,8 fw PLH.static      CFIMEAFDJFM         31.1542 -> 31.1946
36157,5 fw PLH.static      ADJMBEDDHLB         35.6679 -> 35.6933
36157,5 fw PLH.static      CFIMEAFDJFM         31.1946 -> 31.2161
36169,3 fw PLH.static      ADJMBEDDHLB         35.6933 -> 35.7002
36180,6 fw Controll.static MKFDGFOCKNO         35.6442 -> 35.6942
36180,6 fw Controll.static LEKCBKLAILO         35.6942 -> 35.7442
36180,6 fw Controll.static OFJKHAFJIMA           0.001 -> 0.0052
36180,7 fw PLH.static      ADJMBEDDHLB         35.7002 -> 35.7119
36185,1 fw PLH.static      ADJMBEDDHLB         35.7119 -> 35.7232
36185,1 fw PLH.static      CFIMEAFDJFM         31.2161 -> 31.2497
36198,1 fw Controll.static GIPNIMALPEG          0.4672 -> 0.9244
36198,1 fw PLH.static      ADJMBEDDHLB         35.7232 -> 35.7277
36211,4 fw PLH.static      ADJMBEDDHLB         35.7277 -> 35.7407
36219,6 fw PLH.static      ADJMBEDDHLB         35.7407 -> 35.7539
36229,9 fw PLH.static      ADJMBEDDHLB         35.7539 -> 35.7622
36229,9 fw PLH.static      CFIMEAFDJFM         31.2497 -> 31.2888
36241,9 fw Controll.static MKFDGFOCKNO         35.6942 -> 35.7442
36241,9 fw Controll.static LEKCBKLAILO         35.7442 -> 35.7942
36241,9 fw Controll.static OFJKHAFJIMA          0.0052 -> 0.0092
36242,0 fw PLH.static      ADJMBEDDHLB         35.7622 -> 35.7724
36254,2 fw PLH.static      ADJMBEDDHLB         35.7724 -> 35.7845
36254,2 fw PLH.static      CFIMEAFDJFM         31.2888 -> 31.3099
36258,7 fw Controll.static GIPNIMALPEG          0.9244 -> 0.1382
36258,8 fw PLH.static      ADJMBEDDHLB         35.7845 -> 35.7967
36270,6 fw PLH.static      ADJMBEDDHLB         35.7967 -> 35.8013
36275,9 fw PLH.static      ADJMBEDDHLB         35.8013 -> 35.8131
36288,6 fw PLH.static      ADJMBEDDHLB         35.8131 -> 35.8184
36294,1 fw Controll.static MKFDGFOCKNO         35.7442 -> 35.7942
36294,1 fw Controll.static LEKCBKLAILO         35.7942 -> 35.8442
36294,1 fw Controll.static OFJKHAFJIMA          0.0092 -> 0.002
36294,2 fw PLH.static      ADJMBEDDHLB         35.8184 -> 35.8312
36294,2 fw PLH.static      CFIMEAFDJFM         31.3099 -> 31.3581
36318,0 fw PLH.static      ADJMBEDDHLB         35.8312 -> 35.8368
36328,0 fw PLH.static      ADJMBEDDHLB         35.8368 -> 35.8606
36328,0 fw PLH.static      CFIMEAFDJFM         31.3581 -> 31.3806
36347,6 fw Controll.static GIPNIMALPEG          0.1382 -> 0.915
36347,6 fw PLH.static      ADJMBEDDHLB         35.8606 -> 35.8705
36353,4 fw PLH.static      ADJMBEDDHLB         35.8705 -> 35.8902
36353,4 fw PLH.static      CFIMEAFDJFM         31.3806 -> 31.4166
36363,1 fw PLH.static      ADJMBEDDHLB         35.8902 -> 35.8986
36374,7 fw Controll.static MKFDGFOCKNO         35.7942 -> 35.8942
36374,7 fw Controll.static LEKCBKLAILO         35.8442 -> 35.9442
36374,8 fw PLH.static      ADJMBEDDHLB         35.8986 -> 35.9056
36379,5 fw Controll.static OFJKHAFJIMA           0.002 -> 0.0012
36379,5 fw PLH.static      ADJMBEDDHLB         35.9056 -> 35.9173
36388,7 fw PLH.static      ADJMBEDDHLB         35.9173 -> 35.922
36395,0 fw Controll.static GIPNIMALPEG           0.915 -> 0.8642
36395,1 fw PLH.static      ADJMBEDDHLB          35.922 -> 35.9313
36403,7 fw PLH.static      ADJMBEDDHLB         35.9313 -> 35.9376
36403,7 fw PLH.static      CFIMEAFDJFM         31.4166 -> 31.4642
36408,9 fw PLH.static      ADJMBEDDHLB         35.9376 -> 35.9463
36420,0 fw PLH.static      ADJMBEDDHLB         35.9463 -> 35.9515
36420,1 fw PLH.static      CFIMEAFDJFM         31.4642 -> 31.4785
36424,3 fw Controll.static MKFDGFOCKNO         35.8942 -> 35.9442
36424,3 fw Controll.static LEKCBKLAILO         35.9442 -> 35.9942
36424,3 fw Controll.static OFJKHAFJIMA          0.0012 -> 0.0016
36424,4 fw PLH.static      ADJMBEDDHLB         35.9515 -> 35.9626
36424,4 fw PLH.static      CFIMEAFDJFM         31.4785 -> 31.4892
36436,3 fw PLH.static      ADJMBEDDHLB         35.9626 -> 35.9669
36440,5 fw Controll.static GIPNIMALPEG          0.8642 -> 0.773
36440,5 fw PLH.static      ADJMBEDDHLB         35.9669 -> 35.9788
36440,5 fw PLH.static      CFIMEAFDJFM         31.4892 -> 31.5054
36450,4 fw PLH.static      ADJMBEDDHLB         35.9788 -> 35.9831
36456,4 fw PLH.static      ADJMBEDDHLB         35.9831 -> 35.9929
36464,7 fw PLH.static      ADJMBEDDHLB         35.9929 -> 35.9989
36469,5 fw Controll.static MKFDGFOCKNO         35.9442 -> 35.9942
36469,5 fw Controll.static LEKCBKLAILO         35.9942 -> 36.0442
36469,6 fw Controll.static OFJKHAFJIMA          0.0016 -> 0.0043
36469,6 fw PLH.static      ADJMBEDDHLB         35.9989 -> 36.0073
36480,1 fw PLH.static      ADJMBEDDHLB         36.0073 -> 36.0121
36487,0 fw Controll.static GIPNIMALPEG           0.773 -> 0.7034
36487,1 fw PLH.static      ADJMBEDDHLB         36.0121 -> 36.0226
36487,1 fw PLH.static      CFIMEAFDJFM         31.5054 -> 31.5492
36498,8 fw PLH.static      ADJMBEDDHLB         36.0226 -> 36.0296
36503,2 fw PLH.static      ADJMBEDDHLB         36.0296 -> 36.0413
36513,7 fw PLH.static      ADJMBEDDHLB         36.0413 -> 36.0457
36518,3 fw Controll.static MKFDGFOCKNO         35.9942 -> 36.0442
36518,3 fw Controll.static LEKCBKLAILO         36.0442 -> 36.0942
36518,3 fw Controll.static OFJKHAFJIMA          0.0043 -> 0.0011
36518,4 fw PLH.static      ADJMBEDDHLB         36.0457 -> 36.0563
36529,1 fw PLH.static      ADJMBEDDHLB         36.0563 -> 36.0609
36534,7 fw Controll.static GIPNIMALPEG          0.7034 -> 0.658
36534,8 fw PLH.static      ADJMBEDDHLB         36.0609 -> 36.0716
36534,8 fw PLH.static      CFIMEAFDJFM         31.5492 -> 31.5987
36543,0 fw PLH.static      ADJMBEDDHLB         36.0716 -> 36.0773
36548,7 fw PLH.static      ADJMBEDDHLB         36.0773 -> 36.0856
36557,6 fw PLH.static      ADJMBEDDHLB         36.0856 -> 36.0912
36562,4 fw Controll.static MKFDGFOCKNO         36.0442 -> 36.0942
36562,4 fw Controll.static LEKCBKLAILO         36.0942 -> 36.1442
36562,4 fw Controll.static OFJKHAFJIMA          0.0011 -> 0.0055
36562,4 fw PLH.static      ADJMBEDDHLB         36.0912 -> 36.1001
36562,4 fw PLH.static      CFIMEAFDJFM         31.5987 -> 31.6266
36572,9 fw PLH.static      ADJMBEDDHLB         36.1001 -> 36.1049
36577,8 fw Controll.static GIPNIMALPEG           0.658 -> 0.5188
36577,8 fw PLH.static      ADJMBEDDHLB         36.1049 -> 36.1154
36586,7 fw PLH.static      ADJMBEDDHLB         36.1154 -> 36.1204
36592,3 fw PLH.static      ADJMBEDDHLB         36.1204 -> 36.1292
36592,3 fw PLH.static      CFIMEAFDJFM         31.6266 -> 31.6563
36600,8 fw PLH.static      ADJMBEDDHLB         36.1292 -> 36.1348
36606,5 fw Controll.static MKFDGFOCKNO         36.0942 -> 36.1442
36606,5 fw Controll.static LEKCBKLAILO         36.1442 -> 36.1942
36606,5 fw Controll.static OFJKHAFJIMA          0.0055 -> 0.0044
36606,5 fw PLH.static      ADJMBEDDHLB         36.1348 -> 36.1433
36614,9 fw PLH.static      ADJMBEDDHLB         36.1433 -> 36.149
36620,0 fw PLH.static      ADJMBEDDHLB          36.149 -> 36.1574
36620,0 fw PLH.static      CFIMEAFDJFM         31.6563 -> 31.684
36629,7 fw Controll.static GIPNIMALPEG          0.5188 -> 0.5576
36629,8 fw PLH.static      ADJMBEDDHLB         36.1574 -> 36.1625
36635,5 fw PLH.static      ADJMBEDDHLB         36.1625 -> 36.1725
36635,5 fw PLH.static      CFIMEAFDJFM          31.684 -> 31.6994
36644,3 fw PLH.static      ADJMBEDDHLB         36.1725 -> 36.1781
36650,7 fw PLH.static      ADJMBEDDHLB         36.1781 -> 36.1869
36660,6 fw Controll.static OFJKHAFJIMA          0.0044 -> 0.0086
36660,7 fw PLH.static      ADJMBEDDHLB         36.1869 -> 36.1932
36667,2 fw PLH.static      ADJMBEDDHLB         36.1932 -> 36.2032
36677,4 fw Controll.static GIPNIMALPEG          0.5576 -> 0.5107
36677,4 fw PLH.static      ADJMBEDDHLB         36.2032 -> 36.2097
36677,4 fw PLH.static      CFIMEAFDJFM         31.6994 -> 31.7368
36682,8 fw PLH.static      ADJMBEDDHLB         36.2097 -> 36.22
36694,3 fw PLH.static      ADJMBEDDHLB           36.22 -> 36.2253
36694,3 fw PLH.static      CFIMEAFDJFM         31.7368 -> 31.7524
36699,3 fw PLH.static      ADJMBEDDHLB         36.2253 -> 36.2369
36699,3 fw PLH.static      CFIMEAFDJFM         31.7524 -> 31.7635
36709,4 fw Controll.static MKFDGFOCKNO         36.1442 -> 36.2442
36709,4 fw Controll.static LEKCBKLAILO         36.1942 -> 36.2942
36709,4 fw Controll.static OFJKHAFJIMA          0.0086 -> 0.0074
36709,5 fw PLH.static      ADJMBEDDHLB         36.2369 -> 36.2418
36715,0 fw PLH.static      ADJMBEDDHLB         36.2418 -> 36.252
36724,7 fw Controll.static GIPNIMALPEG          0.5107 -> 0.4582
36724,8 fw PLH.static      ADJMBEDDHLB          36.252 -> 36.2575
36730,4 fw PLH.static      ADJMBEDDHLB         36.2575 -> 36.2673
36740,4 fw PLH.static      ADJMBEDDHLB         36.2673 -> 36.2729
36740,4 fw PLH.static      CFIMEAFDJFM         31.7635 -> 31.7999
36745,5 fw PLH.static      ADJMBEDDHLB         36.2729 -> 36.2829
36756,5 fw Controll.static MKFDGFOCKNO         36.2442 -> 36.2942
36756,6 fw Controll.static LEKCBKLAILO         36.2942 -> 36.3442
36756,6 fw Controll.static OFJKHAFJIMA          0.0074 -> 0.0045
36756,6 fw PLH.static      ADJMBEDDHLB         36.2829 -> 36.288
36761,2 fw PLH.static      ADJMBEDDHLB          36.288 -> 36.2991
36761,2 fw PLH.static      CFIMEAFDJFM         31.7999 -> 31.8256
36771,7 fw Controll.static GIPNIMALPEG          0.4582 -> 0.3962
36771,7 fw PLH.static      ADJMBEDDHLB         36.2991 -> 36.3037
36771,7 fw PLH.static      CFIMEAFDJFM         31.8256 -> 31.8308
36776,4 fw PLH.static      ADJMBEDDHLB         36.3037 -> 36.3142
36786,1 fw PLH.static      ADJMBEDDHLB         36.3142 -> 36.3189
36786,1 fw PLH.static      CFIMEAFDJFM         31.8308 -> 31.846
36792,4 fw PLH.static      ADJMBEDDHLB         36.3189 -> 36.3286
36799,1 fw PLH.static      ADJMBEDDHLB         36.3286 -> 36.335
36799,1 fw PLH.static      CFIMEAFDJFM          31.846 -> 31.8616
36806,7 fw PLH.static      ADJMBEDDHLB          36.335 -> 36.3418
36806,7 fw PLH.static      CFIMEAFDJFM         31.8616 -> 31.8687
36813,2 fw Controll.static GIPNIMALPEG          0.3962 -> 0.2271
36813,2 fw PLH.static      ADJMBEDDHLB         36.3418 -> 36.3492
36821,1 fw PLH.static      ADJMBEDDHLB         36.3492 -> 36.3557
36826,6 fw PLH.static      ADJMBEDDHLB         36.3557 -> 36.3636
36826,6 fw PLH.static      CFIMEAFDJFM         31.8687 -> 31.8906
36834,7 fw PLH.static      ADJMBEDDHLB         36.3636 -> 36.3691
36841,2 fw Controll.static MKFDGFOCKNO         36.2942 -> 36.3442
36841,2 fw Controll.static LEKCBKLAILO         36.3442 -> 36.3942
36841,3 fw PLH.static      ADJMBEDDHLB         36.3691 -> 36.3773
36841,3 fw PLH.static      CFIMEAFDJFM         31.8906 -> 31.9039
36848,5 fw PLH.static      ADJMBEDDHLB         36.3773 -> 36.3838
36855,3 fw Controll.static GIPNIMALPEG          0.2271 -> 0.0686
36855,3 fw PLH.static      ADJMBEDDHLB         36.3838 -> 36.3915
36866,4 fw PLH.static      ADJMBEDDHLB         36.3915 -> 36.3979
36866,4 fw PLH.static      CFIMEAFDJFM         31.9039 -> 31.9245
36872,3 fw Controll.static DGNDKAKOEPD         2619377 -> 2620469
36872,3 fw Controll.static BEJBLGGGOCC       340199565 -> 340200563
36872,3 fw Controll.static JELGPAKAJPE             117 -> 206
36872,3 fw Controll.static EENJPDHGGGC         35.3166 -> 36.409
36872,3 fw PLH.static      ADJMBEDDHLB         36.3979 -> 36.409
36872,3 fw PLH.static      CFIMEAFDJFM         31.9245 -> 31.936
36880,6 fw PLH.static      ADJMBEDDHLB          36.409 -> 36.4149
36885,7 fw Controll.static MKFDGFOCKNO         36.3442 -> 36.3942
36885,7 fw Controll.static LEKCBKLAILO         36.3942 -> 36.4442
36885,7 fw Controll.static OFJKHAFJIMA          0.0045 -> 0.0032
36885,8 fw PLH.static      ADJMBEDDHLB         36.4149 -> 36.4231
36894,6 fw PLH.static      ADJMBEDDHLB         36.4231 -> 36.4283
36899,7 fw PLH.static      ADJMBEDDHLB         36.4283 -> 36.4371
36899,7 fw PLH.static      CFIMEAFDJFM          31.936 -> 31.9637
36909,3 fw Controll.static GIPNIMALPEG          0.0686 -> 0.1492
36909,4 fw PLH.static      ADJMBEDDHLB         36.4371 -> 36.4422
36915,0 fw PLH.static      ADJMBEDDHLB         36.4422 -> 36.4519
36915,0 fw PLH.static      CFIMEAFDJFM         31.9637 -> 31.9788
36924,4 fw PLH.static      ADJMBEDDHLB         36.4519 -> 36.4575
36929,9 fw Controll.static MKFDGFOCKNO         36.3942 -> 36.4442
36929,9 fw Controll.static LEKCBKLAILO         36.4442 -> 36.4942
36930,0 fw PLH.static      ADJMBEDDHLB         36.4575 -> 36.4669
36939,0 fw Controll.static OFJKHAFJIMA          0.0032 -> 0.0073
36939,0 fw PLH.static      ADJMBEDDHLB         36.4669 -> 36.4725
36939,0 fw PLH.static      CFIMEAFDJFM         31.9788 -> 31.9995
36943,8 fw PLH.static      ADJMBEDDHLB         36.4725 -> 36.4815
36954,6 fw Controll.static GIPNIMALPEG          0.1492 -> 0.0553
36954,7 fw PLH.static      ADJMBEDDHLB         36.4815 -> 36.4863
36958,5 fw PLH.static      ADJMBEDDHLB         36.4863 -> 36.4973
36958,5 fw PLH.static      CFIMEAFDJFM         31.9995 -> 32.0236
36969,8 fw PLH.static      ADJMBEDDHLB         36.4973 -> 36.5011
36969,8 fw PLH.static      CFIMEAFDJFM         32.0236 -> 32.0282
36975,5 fw PLH.static      ADJMBEDDHLB         36.5011 -> 36.5124
36984,6 fw Controll.static MKFDGFOCKNO         36.4442 -> 36.4942
36984,6 fw Controll.static LEKCBKLAILO         36.4942 -> 36.5442
36984,6 fw Controll.static OFJKHAFJIMA          0.0073 -> 0.0025
36984,7 fw PLH.static      ADJMBEDDHLB         36.5124 -> 36.518
36984,7 fw PLH.static      CFIMEAFDJFM         32.0282 -> 32.0444
36989,8 fw PLH.static      ADJMBEDDHLB          36.518 -> 36.5272
36999,6 fw Controll.static GIPNIMALPEG          0.0553 -> 0.9541
36999,6 fw PLH.static      ADJMBEDDHLB         36.5272 -> 36.5323
37005,1 fw PLH.static      ADJMBEDDHLB         36.5323 -> 36.5421
37005,1 fw PLH.static      CFIMEAFDJFM         32.0444 -> 32.0688
37013,5 fw PLH.static      ADJMBEDDHLB         36.5421 -> 36.5476
37019,2 fw PLH.static      ADJMBEDDHLB         36.5476 -> 36.5561
37027,7 fw Controll.static MKFDGFOCKNO         36.4942 -> 36.5442
37027,7 fw Controll.static LEKCBKLAILO         36.5442 -> 36.5942
37027,8 fw Controll.static OFJKHAFJIMA          0.0025 -> 0.0029
37027,8 fw PLH.static      ADJMBEDDHLB         36.5561 -> 36.5617
37027,8 fw PLH.static      CFIMEAFDJFM         32.0688 -> 32.0884
37035,8 fw PLH.static      ADJMBEDDHLB         36.5617 -> 36.5704
37035,8 fw PLH.static      CFIMEAFDJFM         32.0884 -> 32.0973
37046,7 fw Controll.static GIPNIMALPEG          0.9541 -> 0.8914
37046,8 fw PLH.static      ADJMBEDDHLB         36.5704 -> 36.5784
37046,8 fw PLH.static      CFIMEAFDJFM         32.0973 -> 32.1045
37053,8 fw PLH.static      ADJMBEDDHLB         36.5784 -> 36.5894
37062,0 fw PLH.static      ADJMBEDDHLB         36.5894 -> 36.5966
37062,1 fw PLH.static      CFIMEAFDJFM         32.1045 -> 32.1216
37092,9 fw PLH.static      ADJMBEDDHLB         36.5966 -> 36.6047
37108,5 fw Controll.static MKFDGFOCKNO         36.5442 -> 36.6443
37108,5 fw Controll.static LEKCBKLAILO         36.5942 -> 36.6943
37108,5 fw Controll.static OFJKHAFJIMA          0.0029 -> 0.0063
37108,5 fw PLH.static      ADJMBEDDHLB         36.6047 -> 36.6456
37108,5 fw PLH.static      CFIMEAFDJFM         32.1216 -> 32.1616
37119,3 fw PLH.static      ADJMBEDDHLB         36.6456 -> 36.651
37119,4 fw PLH.static      CFIMEAFDJFM         32.1616 -> 32.1779
37123,9 fw Controll.static GIPNIMALPEG          0.8914 -> 0.4404
37124,0 fw PLH.static      ADJMBEDDHLB          36.651 -> 36.6619
37124,0 fw PLH.static      CFIMEAFDJFM         32.1779 -> 32.1882
37134,4 fw PLH.static      ADJMBEDDHLB         36.6619 -> 36.6665
37138,7 fw PLH.static      ADJMBEDDHLB         36.6665 -> 36.6769
37138,7 fw PLH.static      CFIMEAFDJFM         32.1882 -> 32.2032
37148,8 fw PLH.static      ADJMBEDDHLB         36.6769 -> 36.6812
37154,4 fw Controll.static MKFDGFOCKNO         36.6443 -> 36.6943
37154,4 fw Controll.static LEKCBKLAILO         36.6943 -> 36.7443
37154,4 fw Controll.static OFJKHAFJIMA          0.0063 -> 0.0023
37154,5 fw PLH.static      ADJMBEDDHLB         36.6812 -> 36.6913
37163,2 fw PLH.static      ADJMBEDDHLB         36.6913 -> 36.697
37163,2 fw PLH.static      CFIMEAFDJFM         32.2032 -> 32.2235
37168,6 fw Controll.static GIPNIMALPEG          0.4404 -> 0.3333
37168,6 fw PLH.static      ADJMBEDDHLB          36.697 -> 36.7058
37179,0 fw PLH.static      ADJMBEDDHLB         36.7058 -> 36.7111
37183,4 fw PLH.static      ADJMBEDDHLB         36.7111 -> 36.7215
37194,3 fw PLH.static      ADJMBEDDHLB         36.7215 -> 36.7259
37199,0 fw PLH.static      ADJMBEDDHLB         36.7259 -> 36.7369
37199,0 fw PLH.static      CFIMEAFDJFM         32.2235 -> 32.2633
37209,1 fw PLH.static      ADJMBEDDHLB         36.7369 -> 36.7415
37215,0 fw PLH.static      ADJMBEDDHLB         36.7415 -> 36.7516
37223,2 fw Controll.static GIPNIMALPEG          0.3333 -> 0.426
37223,3 fw PLH.static      ADJMBEDDHLB         36.7516 -> 36.7575
37223,3 fw PLH.static      CFIMEAFDJFM         32.2633 -> 32.2839
37228,6 fw PLH.static      ADJMBEDDHLB         36.7575 -> 36.7658
37228,6 fw PLH.static      CFIMEAFDJFM         32.2839 -> 32.2929
37239,0 fw PLH.static      ADJMBEDDHLB         36.7658 -> 36.7713
37243,5 fw Controll.static MKFDGFOCKNO         36.6943 -> 36.7443
37243,5 fw Controll.static LEKCBKLAILO         36.7443 -> 36.7943
37243,5 fw PLH.static      ADJMBEDDHLB         36.7713 -> 36.7816
37253,9 fw Controll.static OFJKHAFJIMA          0.0023 -> 0.0018
37254,0 fw PLH.static      ADJMBEDDHLB         36.7816 -> 36.7861
37259,5 fw PLH.static      ADJMBEDDHLB         36.7861 -> 36.7965
37259,5 fw PLH.static      CFIMEAFDJFM         32.2929 -> 32.3226
37270,3 fw Controll.static GIPNIMALPEG           0.426 -> 0.3672
37270,3 fw PLH.static      ADJMBEDDHLB         36.7965 -> 36.802
37275,9 fw PLH.static      ADJMBEDDHLB          36.802 -> 36.8129
37285,6 fw PLH.static      ADJMBEDDHLB         36.8129 -> 36.8184
37292,6 fw PLH.static      ADJMBEDDHLB         36.8184 -> 36.8282
37292,6 fw PLH.static      CFIMEAFDJFM         32.3226 -> 32.3551
37301,5 fw Controll.static MKFDGFOCKNO         36.7443 -> 36.7943
37301,5 fw Controll.static LEKCBKLAILO         36.7943 -> 36.8443
37301,7 fw PLH.static      ADJMBEDDHLB         36.8282 -> 36.8352
37310,2 fw PLH.static      ADJMBEDDHLB         36.8352 -> 36.8445
37310,2 fw PLH.static      CFIMEAFDJFM         32.3551 -> 32.3708
37323,3 fw Controll.static GIPNIMALPEG          0.3672 -> 0.4276
37323,3 fw PLH.static      ADJMBEDDHLB         36.8445 -> 36.8527
37327,5 fw PLH.static      ADJMBEDDHLB         36.8527 -> 36.8659
37327,5 fw PLH.static      CFIMEAFDJFM         32.3708 -> 32.3923
37337,9 fw PLH.static      ADJMBEDDHLB         36.8659 -> 36.8701
37346,2 fw PLH.static      ADJMBEDDHLB         36.8701 -> 36.8805
37352,3 fw Controll.static MKFDGFOCKNO         36.7943 -> 36.8943
37352,3 fw Controll.static LEKCBKLAILO         36.8443 -> 36.9443
37352,3 fw Controll.static OFJKHAFJIMA          0.0018 -> 0.0002
37352,4 fw PLH.static      ADJMBEDDHLB         36.8805 -> 36.8888
37360,9 fw PLH.static      ADJMBEDDHLB         36.8888 -> 36.8949
37361,0 fw PLH.static      CFIMEAFDJFM         32.3923 -> 32.4212
37366,0 fw Controll.static GIPNIMALPEG          0.4276 -> 0.2816
37366,1 fw PLH.static      ADJMBEDDHLB         36.8949 -> 36.9035
37376,4 fw PLH.static      ADJMBEDDHLB         36.9035 -> 36.9086
37381,5 fw PLH.static      ADJMBEDDHLB         36.9086 -> 36.9189
37381,5 fw PLH.static      CFIMEAFDJFM         32.4212 -> 32.4454
37392,3 fw PLH.static      ADJMBEDDHLB         36.9189 -> 36.924
37397,6 fw PLH.static      ADJMBEDDHLB          36.924 -> 36.9348
37407,9 fw PLH.static      ADJMBEDDHLB         36.9348 -> 36.9403
37407,9 fw PLH.static      CFIMEAFDJFM         32.4454 -> 32.4669
37413,7 fw Controll.static GIPNIMALPEG          0.2816 -> 0.2326
37413,7 fw PLH.static      ADJMBEDDHLB         36.9403 -> 36.9504
37413,7 fw PLH.static      CFIMEAFDJFM         32.4669 -> 32.4772
37422,8 fw PLH.static      ADJMBEDDHLB         36.9504 -> 36.9563
37427,9 fw PLH.static      ADJMBEDDHLB         36.9563 -> 36.9653
37437,7 fw PLH.static      ADJMBEDDHLB         36.9653 -> 36.9704
37442,4 fw Controll.static MKFDGFOCKNO         36.8943 -> 36.9443
37442,4 fw Controll.static LEKCBKLAILO         36.9443 -> 36.9943
37442,4 fw Controll.static OFJKHAFJIMA          0.0002 -> 0.0057
37442,5 fw PLH.static      ADJMBEDDHLB         36.9704 -> 36.9802
37442,5 fw PLH.static      CFIMEAFDJFM         32.4772 -> 32.5066
37454,4 fw PLH.static      ADJMBEDDHLB         36.9802 -> 36.985
37458,7 fw Controll.static GIPNIMALPEG          0.2326 -> 0.1365
37458,8 fw PLH.static      ADJMBEDDHLB          36.985 -> 36.9969
37458,8 fw PLH.static      CFIMEAFDJFM         32.5066 -> 32.5229
37468,9 fw PLH.static      ADJMBEDDHLB         36.9969 -> 37.0013
37474,9 fw PLH.static      ADJMBEDDHLB         37.0013 -> 37.0114
37484,6 fw PLH.static      ADJMBEDDHLB         37.0114 -> 37.0174
37489,8 fw Controll.static MKFDGFOCKNO         36.9443 -> 36.9943
37489,8 fw Controll.static LEKCBKLAILO         36.9943 -> 37.0443
37489,8 fw Controll.static OFJKHAFJIMA          0.0057 -> 0.0022
37489,8 fw PLH.static      ADJMBEDDHLB         37.0174 -> 37.0272
37489,8 fw PLH.static      CFIMEAFDJFM         32.5229 -> 32.5542
37501,7 fw PLH.static      ADJMBEDDHLB         37.0272 -> 37.0324
37506,4 fw PLH.static      ADJMBEDDHLB         37.0324 -> 37.0443
37506,4 fw PLH.static      CFIMEAFDJFM         32.5542 -> 32.5707
37517,1 fw Controll.static GIPNIMALPEG          0.1365 -> 0.3032
37517,1 fw PLH.static      ADJMBEDDHLB         37.0443 -> 37.0489
37521,9 fw PLH.static      ADJMBEDDHLB         37.0489 -> 37.0597
37521,9 fw PLH.static      CFIMEAFDJFM         32.5707 -> 32.5861
37533,1 fw PLH.static      ADJMBEDDHLB         37.0597 -> 37.0644
37537,5 fw Controll.static MKFDGFOCKNO         36.9943 -> 37.0443
37537,5 fw Controll.static LEKCBKLAILO         37.0443 -> 37.0943
37537,6 fw PLH.static      ADJMBEDDHLB         37.0644 -> 37.0756
37537,6 fw PLH.static      CFIMEAFDJFM         32.5861 -> 32.602
37548,0 fw Controll.static OFJKHAFJIMA          0.0022 -> 0.0042
37548,1 fw PLH.static      ADJMBEDDHLB         37.0756 -> 37.0801
37554,1 fw PLH.static      ADJMBEDDHLB         37.0801 -> 37.0906
37564,4 fw Controll.static GIPNIMALPEG          0.3032 -> 0.2505
37564,5 fw PLH.static      ADJMBEDDHLB         37.0906 -> 37.0966
37569,7 fw PLH.static      ADJMBEDDHLB         37.0966 -> 37.1071
37569,7 fw PLH.static      CFIMEAFDJFM          32.602 -> 32.6341
37579,1 fw PLH.static      ADJMBEDDHLB         37.1071 -> 37.1122
37584,6 fw PLH.static      ADJMBEDDHLB         37.1122 -> 37.1217
37584,7 fw PLH.static      CFIMEAFDJFM         32.6341 -> 32.6481
37595,6 fw Controll.static MKFDGFOCKNO         37.0443 -> 37.0943
37595,6 fw Controll.static LEKCBKLAILO         37.0943 -> 37.1443
37595,7 fw Controll.static OFJKHAFJIMA          0.0042 -> 0.0019
37595,7 fw PLH.static      ADJMBEDDHLB         37.1217 -> 37.1272
37600,1 fw PLH.static      ADJMBEDDHLB         37.1272 -> 37.1382
37600,1 fw PLH.static      CFIMEAFDJFM         32.6481 -> 32.6646
37612,2 fw Controll.static GIPNIMALPEG          0.2505 -> 0.203
37612,3 fw PLH.static      ADJMBEDDHLB         37.1382 -> 37.1427
37617,0 fw PLH.static      ADJMBEDDHLB         37.1427 -> 37.1549
37627,5 fw PLH.static      ADJMBEDDHLB         37.1549 -> 37.1595
37627,5 fw PLH.static      CFIMEAFDJFM         32.6646 -> 32.6866
37633,4 fw PLH.static      ADJMBEDDHLB         37.1595 -> 37.17
37633,4 fw PLH.static      CFIMEAFDJFM         32.6866 -> 32.697
37633,4 fw HUD.static      CGDKPLKDION              11 -> 12
37633,4 fw HUD.static      GONEFAMEMOJ             325 -> 320
37633,4 fw HUD.static      DIIAFKMNANI         27.8059 -> 32.6803
37642,2 fw Controll.static MKFDGFOCKNO         37.0943 -> 37.1443
37642,2 fw Controll.static LEKCBKLAILO         37.1443 -> 37.1943
37642,2 fw Controll.static OFJKHAFJIMA          0.0019 -> 0.0098
37642,3 fw PLH.static      ADJMBEDDHLB           37.17 -> 37.176
37648,7 fw PLH.static      ADJMBEDDHLB          37.176 -> 37.1848
37663,0 fw Controll.static GIPNIMALPEG           0.203 -> 0.2219
37663,1 fw PLH.static      ADJMBEDDHLB         37.1848 -> 37.1912
37668,1 fw PLH.static      ADJMBEDDHLB         37.1912 -> 37.2056
37668,1 fw PLH.static      CFIMEAFDJFM          32.697 -> 32.7317
37679,4 fw PLH.static      ADJMBEDDHLB         37.2056 -> 37.2107
37679,4 fw PLH.static      CFIMEAFDJFM         32.7317 -> 32.7377
37683,8 fw PLH.static      ADJMBEDDHLB         37.2107 -> 37.2219
37695,6 fw Controll.static MKFDGFOCKNO         37.1443 -> 37.1943
37695,6 fw Controll.static LEKCBKLAILO         37.1943 -> 37.2443
37695,6 fw Controll.static OFJKHAFJIMA          0.0098 -> 0.0108
37695,6 fw PLH.static      ADJMBEDDHLB         37.2219 -> 37.2263
37700,8 fw PLH.static      ADJMBEDDHLB         37.2263 -> 37.2382
37700,8 fw PLH.static      CFIMEAFDJFM         32.7377 -> 32.7645
37712,5 fw Controll.static GIPNIMALPEG          0.2219 -> 0.2119
37712,6 fw PLH.static      ADJMBEDDHLB         37.2382 -> 37.2434
37717,9 fw PLH.static      ADJMBEDDHLB         37.2434 -> 37.2551
37727,9 fw PLH.static      ADJMBEDDHLB         37.2551 -> 37.2604
37727,9 fw PLH.static      CFIMEAFDJFM         32.7645 -> 32.7875
37733,5 fw PLH.static      ADJMBEDDHLB         37.2604 -> 37.2705
37742,8 fw Controll.static MKFDGFOCKNO         37.1943 -> 37.2443
37742,8 fw Controll.static LEKCBKLAILO         37.2443 -> 37.2943
37742,8 fw Controll.static OFJKHAFJIMA          0.0108 -> 0.0104
37742,9 fw PLH.static      ADJMBEDDHLB         37.2705 -> 37.276
37748,3 fw PLH.static      ADJMBEDDHLB          37.276 -> 37.2854
37748,3 fw PLH.static      CFIMEAFDJFM         32.7875 -> 32.8124
37761,8 fw Controll.static GIPNIMALPEG          0.2119 -> 0.1965
37761,8 fw PLH.static      ADJMBEDDHLB         37.2854 -> 37.2909
37768,3 fw PLH.static      ADJMBEDDHLB         37.2909 -> 37.3044
37768,3 fw PLH.static      CFIMEAFDJFM         32.8124 -> 32.8299
37778,5 fw PLH.static      ADJMBEDDHLB         37.3044 -> 37.3108
37782,5 fw PLH.static      ADJMBEDDHLB         37.3108 -> 37.3211
37782,5 fw PLH.static      CFIMEAFDJFM         32.8299 -> 32.8475
37793,4 fw Controll.static MKFDGFOCKNO         37.2443 -> 37.2943
37793,4 fw Controll.static LEKCBKLAILO         37.2943 -> 37.3443
37793,4 fw Controll.static OFJKHAFJIMA          0.0104 -> 0.0096
37793,5 fw PLH.static      ADJMBEDDHLB         37.3211 -> 37.325
37798,5 fw PLH.static      ADJMBEDDHLB          37.325 -> 37.336
37808,1 fw PLH.static      ADJMBEDDHLB          37.336 -> 37.3411
37813,8 fw Controll.static GIPNIMALPEG          0.1965 -> 0.2369
37813,9 fw PLH.static      ADJMBEDDHLB         37.3411 -> 37.3507
37813,9 fw PLH.static      CFIMEAFDJFM         32.8475 -> 32.8775
37823,1 fw Controll.static DGNDKAKOEPD         2620469 -> 2621381
37823,1 fw Controll.static BEJBLGGGOCC       340200563 -> 340201567
37823,1 fw Controll.static JELGPAKAJPE             206 -> 116
37823,1 fw Controll.static EENJPDHGGGC          36.409 -> 37.3211
37823,2 fw PLH.static      ADJMBEDDHLB         37.3507 -> 37.3564
37823,2 fw PLH.static      CFIMEAFDJFM         32.8775 -> 32.8828
37828,7 fw PLH.static      ADJMBEDDHLB         37.3564 -> 37.3657
37839,7 fw Controll.static MKFDGFOCKNO         37.2943 -> 37.3443
37839,7 fw Controll.static LEKCBKLAILO         37.3443 -> 37.3943
37839,7 fw PLH.static      ADJMBEDDHLB         37.3657 -> 37.3712
37839,7 fw PLH.static      CFIMEAFDJFM         32.8828 -> 32.8983
37844,4 fw Controll.static OFJKHAFJIMA          0.0096 -> 0.006
37844,4 fw PLH.static      ADJMBEDDHLB         37.3712 -> 37.3822
37863,2 fw PLH.static      ADJMBEDDHLB         37.3822 -> 37.3869
37867,2 fw Controll.static GIPNIMALPEG          0.2369 -> 0.304
37867,2 fw PLH.static      ADJMBEDDHLB         37.3869 -> 37.4058
37867,2 fw PLH.static      CFIMEAFDJFM         32.8983 -> 32.9319
37878,3 fw PLH.static      ADJMBEDDHLB         37.4058 -> 37.4098
37882,8 fw PLH.static      ADJMBEDDHLB         37.4098 -> 37.4209
37882,8 fw PLH.static      CFIMEAFDJFM         32.9319 -> 32.9474
37893,3 fw PLH.static      ADJMBEDDHLB         37.4209 -> 37.4253
37897,7 fw Controll.static MKFDGFOCKNO         37.3443 -> 37.3943
37897,7 fw Controll.static LEKCBKLAILO         37.3943 -> 37.4443
37897,7 fw Controll.static OFJKHAFJIMA           0.006 -> 0.011
37897,7 fw PLH.static      ADJMBEDDHLB         37.4253 -> 37.4359
37897,8 fw PLH.static      CFIMEAFDJFM         32.9474 -> 32.9621
37908,0 fw PLH.static      ADJMBEDDHLB         37.4359 -> 37.4403
37913,7 fw Controll.static GIPNIMALPEG           0.304 -> 0.2337
37913,7 fw PLH.static      ADJMBEDDHLB         37.4403 -> 37.4506
37922,2 fw PLH.static      ADJMBEDDHLB         37.4506 -> 37.4563
37927,4 fw PLH.static      ADJMBEDDHLB         37.4563 -> 37.4647
37936,8 fw PLH.static      ADJMBEDDHLB         37.4647 -> 37.4699
37941,6 fw Controll.static MKFDGFOCKNO         37.3943 -> 37.4443
37941,6 fw Controll.static LEKCBKLAILO         37.4443 -> 37.4943
37941,6 fw Controll.static OFJKHAFJIMA           0.011 -> 0.0058
37941,6 fw PLH.static      ADJMBEDDHLB         37.4699 -> 37.4793
37941,6 fw PLH.static      CFIMEAFDJFM         32.9621 -> 33.0056
37959,4 fw PLH.static      ADJMBEDDHLB         37.4793 -> 37.4842
37963,7 fw Controll.static GIPNIMALPEG          0.2337 -> 0.2349
37963,7 fw PLH.static      ADJMBEDDHLB         37.4842 -> 37.5019
37963,8 fw PLH.static      CFIMEAFDJFM         33.0056 -> 33.0281
37974,4 fw PLH.static      ADJMBEDDHLB         37.5019 -> 37.5063
37978,8 fw PLH.static      ADJMBEDDHLB         37.5063 -> 37.517
37978,8 fw PLH.static      CFIMEAFDJFM         33.0281 -> 33.0432
37989,1 fw PLH.static      ADJMBEDDHLB          37.517 -> 37.5214
37994,7 fw Controll.static MKFDGFOCKNO         37.4443 -> 37.4943
37994,7 fw Controll.static LEKCBKLAILO         37.4943 -> 37.5443
37994,7 fw Controll.static OFJKHAFJIMA          0.0058 -> 0.0072
37994,8 fw PLH.static      ADJMBEDDHLB         37.5214 -> 37.5316
38003,7 fw PLH.static      ADJMBEDDHLB         37.5316 -> 37.5373
38003,7 fw PLH.static      CFIMEAFDJFM         33.0432 -> 33.0638
38008,9 fw Controll.static GIPNIMALPEG          0.2349 -> 0.1383
38008,9 fw PLH.static      ADJMBEDDHLB         37.5373 -> 37.5463
38019,4 fw PLH.static      ADJMBEDDHLB         37.5463 -> 37.5514
38024,7 fw PLH.static      ADJMBEDDHLB         37.5514 -> 37.562
38024,7 fw PLH.static      CFIMEAFDJFM         33.0638 -> 33.0884
38036,5 fw PLH.static      ADJMBEDDHLB          37.562 -> 37.5672
38040,8 fw Controll.static MKFDGFOCKNO         37.4943 -> 37.5443
38040,8 fw Controll.static LEKCBKLAILO         37.5443 -> 37.5943
38040,8 fw Controll.static OFJKHAFJIMA          0.0072 -> 0.0015
38040,9 fw PLH.static      ADJMBEDDHLB         37.5672 -> 37.5791
38040,9 fw PLH.static      CFIMEAFDJFM         33.0884 -> 33.1056
38052,3 fw PLH.static      ADJMBEDDHLB         37.5791 -> 37.5835
38056,7 fw Controll.static GIPNIMALPEG          0.1383 -> 0.0958
38056,8 fw PLH.static      ADJMBEDDHLB         37.5835 -> 37.5948
38056,8 fw PLH.static      CFIMEAFDJFM         33.1056 -> 33.1212
38066,3 fw PLH.static      ADJMBEDDHLB         37.5948 -> 37.5993
38072,0 fw PLH.static      ADJMBEDDHLB         37.5993 -> 37.6088
38082,0 fw PLH.static      ADJMBEDDHLB         37.6088 -> 37.6145
38082,0 fw PLH.static      CFIMEAFDJFM         33.1212 -> 33.141
38086,8 fw Controll.static MKFDGFOCKNO         37.5443 -> 37.5943
38086,8 fw Controll.static LEKCBKLAILO         37.5943 -> 37.6443
38086,8 fw Controll.static OFJKHAFJIMA          0.0015 -> 0.0001
38086,9 fw PLH.static      ADJMBEDDHLB         37.6145 -> 37.6246
38097,9 fw PLH.static      ADJMBEDDHLB         37.6246 -> 37.6294
38102,7 fw PLH.static      ADJMBEDDHLB         37.6294 -> 37.6404
38102,7 fw PLH.static      CFIMEAFDJFM          33.141 -> 33.1669
38112,8 fw Controll.static GIPNIMALPEG          0.0958 -> 0.2163
38112,8 fw PLH.static      ADJMBEDDHLB         37.6404 -> 37.6452
38117,6 fw PLH.static      ADJMBEDDHLB         37.6452 -> 37.6554
38117,6 fw PLH.static      CFIMEAFDJFM         33.1669 -> 33.1818
38127,4 fw PLH.static      ADJMBEDDHLB         37.6554 -> 37.6602
38133,2 fw Controll.static MKFDGFOCKNO         37.5943 -> 37.6443
38133,2 fw Controll.static LEKCBKLAILO         37.6443 -> 37.6943
38133,2 fw PLH.static      ADJMBEDDHLB         37.6602 -> 37.6699
38142,5 fw Controll.static OFJKHAFJIMA          0.0001 -> 0.0005
38142,7 fw PLH.static      ADJMBEDDHLB         37.6699 -> 37.6757
38147,8 fw PLH.static      ADJMBEDDHLB         37.6757 -> 37.6852
38147,8 fw PLH.static      CFIMEAFDJFM         33.1818 -> 33.212
38158,7 fw Controll.static GIPNIMALPEG          0.2163 -> 0.1351
38158,7 fw PLH.static      ADJMBEDDHLB         37.6852 -> 37.6903
38163,5 fw PLH.static      ADJMBEDDHLB         37.6903 -> 37.7015
38163,5 fw PLH.static      CFIMEAFDJFM          33.212 -> 33.2272
38175,0 fw PLH.static      ADJMBEDDHLB         37.7015 -> 37.7061
38179,9 fw PLH.static      ADJMBEDDHLB         37.7061 -> 37.7175
38179,9 fw PLH.static      CFIMEAFDJFM         33.2272 -> 33.2436
38190,3 fw Controll.static MKFDGFOCKNO         37.6443 -> 37.6943
38190,3 fw Controll.static LEKCBKLAILO         37.6943 -> 37.7443
38190,3 fw Controll.static OFJKHAFJIMA          0.0005 -> 0.0065
38190,4 fw PLH.static      ADJMBEDDHLB         37.7175 -> 37.7224
38196,1 fw PLH.static      ADJMBEDDHLB         37.7224 -> 37.7329
38205,0 fw Controll.static GIPNIMALPEG          0.1351 -> 0.0609
38205,1 fw PLH.static      ADJMBEDDHLB         37.7329 -> 37.7386
38205,1 fw PLH.static      CFIMEAFDJFM         33.2436 -> 33.2651
38210,2 fw PLH.static      ADJMBEDDHLB         37.7386 -> 37.7476
38220,0 fw PLH.static      ADJMBEDDHLB         37.7476 -> 37.7527
38220,0 fw PLH.static      CFIMEAFDJFM         33.2651 -> 33.2797
38224,9 fw PLH.static      ADJMBEDDHLB         37.7527 -> 37.7625
38235,5 fw Controll.static MKFDGFOCKNO         37.6943 -> 37.7443
38235,5 fw Controll.static LEKCBKLAILO         37.7443 -> 37.7943
38235,6 fw Controll.static OFJKHAFJIMA          0.0065 -> 0.0029
38235,6 fw PLH.static      ADJMBEDDHLB         37.7625 -> 37.7675
38241,2 fw PLH.static      ADJMBEDDHLB         37.7675 -> 37.7797
38241,2 fw PLH.static      CFIMEAFDJFM         33.2797 -> 33.3045
38252,4 fw Controll.static GIPNIMALPEG          0.0609 -> 0.0082
38252,4 fw PLH.static      ADJMBEDDHLB         37.7797 -> 37.7837
38256,8 fw PLH.static      ADJMBEDDHLB         37.7837 -> 37.795
38256,8 fw PLH.static      CFIMEAFDJFM         33.3045 -> 33.3212
38267,0 fw PLH.static      ADJMBEDDHLB          37.795 -> 37.7993
38272,9 fw PLH.static      ADJMBEDDHLB         37.7993 -> 37.8096
38272,9 fw PLH.static      CFIMEAFDJFM         33.3212 -> 33.3366
38282,8 fw Controll.static MKFDGFOCKNO         37.7443 -> 37.7943
38282,8 fw Controll.static LEKCBKLAILO         37.7943 -> 37.8443
38282,8 fw Controll.static OFJKHAFJIMA          0.0029 -> 0.0002
38282,9 fw PLH.static      ADJMBEDDHLB         37.8096 -> 37.8154
38288,0 fw PLH.static      ADJMBEDDHLB         37.8154 -> 37.8254
38298,9 fw Controll.static GIPNIMALPEG          0.0082 -> 0.9393
38299,0 fw PLH.static      ADJMBEDDHLB         37.8254 -> 37.8306
38303,7 fw PLH.static      ADJMBEDDHLB         37.8306 -> 37.8415
38303,7 fw PLH.static      CFIMEAFDJFM         33.3366 -> 33.368
38314,3 fw PLH.static      ADJMBEDDHLB         37.8415 -> 37.8463
38319,2 fw PLH.static      ADJMBEDDHLB         37.8463 -> 37.8568
38319,2 fw PLH.static      CFIMEAFDJFM          33.368 -> 33.3833
38328,6 fw Controll.static MKFDGFOCKNO         37.7943 -> 37.8443
38328,6 fw Controll.static LEKCBKLAILO         37.8443 -> 37.8943
38328,6 fw Controll.static OFJKHAFJIMA          0.0002 -> 0.0014
38328,7 fw PLH.static      ADJMBEDDHLB         37.8568 -> 37.8618
38335,0 fw PLH.static      ADJMBEDDHLB         37.8618 -> 37.8714
38335,0 fw PLH.static      CFIMEAFDJFM         33.3833 -> 33.3983
38343,3 fw Controll.static GIPNIMALPEG          0.9393 -> 0.8265
38343,4 fw PLH.static      ADJMBEDDHLB         37.8714 -> 37.8775
38348,7 fw PLH.static      ADJMBEDDHLB         37.8775 -> 37.8859
38359,9 fw PLH.static      ADJMBEDDHLB         37.8859 -> 37.8912
38365,0 fw PLH.static      ADJMBEDDHLB         37.8912 -> 37.9024
38377,4 fw Controll.static MKFDGFOCKNO         37.8443 -> 37.8944
38377,4 fw Controll.static LEKCBKLAILO         37.8943 -> 37.9444
38377,4 fw Controll.static OFJKHAFJIMA          0.0014 -> 0.0076
38377,4 fw PLH.static      ADJMBEDDHLB         37.9024 -> 37.9076
38381,6 fw PLH.static      ADJMBEDDHLB         37.9076 -> 37.92
38381,6 fw PLH.static      CFIMEAFDJFM         33.3983 -> 33.4465
38392,4 fw PLH.static      ADJMBEDDHLB           37.92 -> 37.9241
38396,7 fw Controll.static GIPNIMALPEG          0.8265 -> 0.8943
38396,7 fw PLH.static      ADJMBEDDHLB         37.9241 -> 37.9349
38396,7 fw PLH.static      CFIMEAFDJFM         33.4465 -> 33.4612
38407,0 fw PLH.static      ADJMBEDDHLB         37.9349 -> 37.9393
38412,6 fw PLH.static      ADJMBEDDHLB         37.9393 -> 37.9496
38421,6 fw Controll.static MKFDGFOCKNO         37.8944 -> 37.9444
38421,6 fw Controll.static LEKCBKLAILO         37.9444 -> 37.9944
38421,7 fw PLH.static      ADJMBEDDHLB         37.9496 -> 37.9551
38421,7 fw PLH.static      CFIMEAFDJFM         33.4612 -> 33.4817
38427,0 fw Controll.static OFJKHAFJIMA          0.0076 -> 0.0048
38427,0 fw PLH.static      ADJMBEDDHLB         37.9551 -> 37.9642
38438,3 fw PLH.static      ADJMBEDDHLB         37.9642 -> 37.9696
38443,0 fw Controll.static GIPNIMALPEG          0.8943 -> 0.8193
38443,0 fw PLH.static      ADJMBEDDHLB         37.9696 -> 37.9809
38443,0 fw PLH.static      CFIMEAFDJFM         33.4817 -> 33.5073
38453,8 fw PLH.static      ADJMBEDDHLB         37.9809 -> 37.9855
38458,2 fw PLH.static      ADJMBEDDHLB         37.9855 -> 37.9963
38458,2 fw PLH.static      CFIMEAFDJFM         33.5073 -> 33.5227
38468,2 fw PLH.static      ADJMBEDDHLB         37.9963 -> 38.0008
38473,8 fw Controll.static MKFDGFOCKNO         37.9444 -> 37.9944
38473,8 fw Controll.static LEKCBKLAILO         37.9944 -> 38.0444
38473,8 fw Controll.static OFJKHAFJIMA          0.0048 -> 0.0016
38473,9 fw PLH.static      ADJMBEDDHLB         38.0008 -> 38.0107
38473,9 fw PLH.static      CFIMEAFDJFM         33.5227 -> 33.5378
38482,2 fw PLH.static      ADJMBEDDHLB         38.0107 -> 38.0164
38487,7 fw Controll.static GIPNIMALPEG          0.8193 -> 0.7131
38487,7 fw PLH.static      ADJMBEDDHLB         38.0164 -> 38.0248
38497,5 fw PLH.static      ADJMBEDDHLB         38.0248 -> 38.0302
38502,4 fw PLH.static      ADJMBEDDHLB         38.0302 -> 38.0401
38502,4 fw PLH.static      CFIMEAFDJFM         33.5378 -> 33.5664
38511,8 fw PLH.static      ADJMBEDDHLB         38.0401 -> 38.045
38516,2 fw Controll.static MKFDGFOCKNO         37.9944 -> 38.0444
38516,2 fw Controll.static LEKCBKLAILO         38.0444 -> 38.0944
38516,3 fw Controll.static OFJKHAFJIMA          0.0016 -> 0.0002
38516,3 fw PLH.static      ADJMBEDDHLB          38.045 -> 38.0543
38516,3 fw PLH.static      CFIMEAFDJFM         33.5664 -> 33.5808
38527,2 fw PLH.static      ADJMBEDDHLB         38.0543 -> 38.0588
38532,7 fw Controll.static GIPNIMALPEG          0.7131 -> 0.6149
38532,8 fw PLH.static      ADJMBEDDHLB         38.0588 -> 38.0697
38543,4 fw PLH.static      ADJMBEDDHLB         38.0697 -> 38.0753
38543,4 fw PLH.static      CFIMEAFDJFM         33.5808 -> 33.602
38549,2 fw PLH.static      ADJMBEDDHLB         38.0753 -> 38.0859
38559,5 fw PLH.static      ADJMBEDDHLB         38.0859 -> 38.0917
38566,1 fw Controll.static MKFDGFOCKNO         38.0444 -> 38.0944
38566,1 fw Controll.static LEKCBKLAILO         38.0944 -> 38.1444
38566,1 fw Controll.static OFJKHAFJIMA          0.0002 -> 0.0072
38566,1 fw PLH.static      ADJMBEDDHLB         38.0917 -> 38.102
38566,1 fw PLH.static      CFIMEAFDJFM          33.602 -> 33.6282
38581,1 fw PLH.static      ADJMBEDDHLB          38.102 -> 38.1087
38585,1 fw Controll.static GIPNIMALPEG          0.6149 -> 0.6609
38585,1 fw PLH.static      ADJMBEDDHLB         38.1087 -> 38.1237
38585,1 fw PLH.static      CFIMEAFDJFM         33.6282 -> 33.6501
38596,0 fw PLH.static      ADJMBEDDHLB         38.1237 -> 38.1277
38600,6 fw PLH.static      ADJMBEDDHLB         38.1277 -> 38.1385
38600,6 fw PLH.static      CFIMEAFDJFM         33.6501 -> 33.6649
38611,3 fw PLH.static      ADJMBEDDHLB         38.1385 -> 38.1431
38615,7 fw Controll.static MKFDGFOCKNO         38.0944 -> 38.1444
38615,7 fw Controll.static LEKCBKLAILO         38.1444 -> 38.1944
38615,7 fw Controll.static OFJKHAFJIMA          0.0072 -> 0.0091
38615,7 fw PLH.static      ADJMBEDDHLB         38.1431 -> 38.1539
38615,7 fw PLH.static      CFIMEAFDJFM         33.6649 -> 33.6801
38625,3 fw PLH.static      ADJMBEDDHLB         38.1539 -> 38.1583
38631,1 fw Controll.static GIPNIMALPEG          0.6609 -> 0.5825
38631,2 fw PLH.static      ADJMBEDDHLB         38.1583 -> 38.1678
38639,3 fw PLH.static      ADJMBEDDHLB         38.1678 -> 38.1737
38639,3 fw PLH.static      CFIMEAFDJFM         33.6801 -> 33.7002
38644,6 fw PLH.static      ADJMBEDDHLB         38.1737 -> 38.1831
38656,2 fw PLH.static      ADJMBEDDHLB         38.1831 -> 38.1872
38660,9 fw Controll.static MKFDGFOCKNO         38.1444 -> 38.1944
38660,9 fw Controll.static LEKCBKLAILO         38.1944 -> 38.2444
38660,9 fw Controll.static OFJKHAFJIMA          0.0091 -> 0.004
38661,0 fw PLH.static      ADJMBEDDHLB         38.1872 -> 38.1988
38661,0 fw PLH.static      CFIMEAFDJFM         33.7002 -> 33.7249
38671,5 fw PLH.static      ADJMBEDDHLB         38.1988 -> 38.2035
38675,8 fw PLH.static      ADJMBEDDHLB         38.2035 -> 38.214
38675,8 fw PLH.static      CFIMEAFDJFM         33.7249 -> 33.7404
38685,7 fw Controll.static GIPNIMALPEG          0.5825 -> 0.674
38685,7 fw PLH.static      ADJMBEDDHLB          38.214 -> 38.2183
38691,7 fw PLH.static      ADJMBEDDHLB         38.2183 -> 38.2291
38701,3 fw PLH.static      ADJMBEDDHLB         38.2291 -> 38.2342
38701,3 fw PLH.static      CFIMEAFDJFM         33.7404 -> 33.7607
38706,5 fw Controll.static MKFDGFOCKNO         38.1944 -> 38.2444
38706,5 fw Controll.static LEKCBKLAILO         38.2444 -> 38.2944
38706,5 fw PLH.static      ADJMBEDDHLB         38.2342 -> 38.2438
38715,6 fw Controll.static OFJKHAFJIMA           0.004 -> 0.0042
38715,7 fw PLH.static      ADJMBEDDHLB         38.2438 -> 38.2491
38720,5 fw PLH.static      ADJMBEDDHLB         38.2491 -> 38.2582
38720,5 fw PLH.static      CFIMEAFDJFM         33.7607 -> 33.7848
38729,8 fw Controll.static GIPNIMALPEG           0.674 -> 0.556
38729,9 fw PLH.static      ADJMBEDDHLB         38.2582 -> 38.2631
38736,1 fw PLH.static      ADJMBEDDHLB         38.2631 -> 38.2724
38744,9 fw PLH.static      ADJMBEDDHLB         38.2724 -> 38.2786
38744,9 fw PLH.static      CFIMEAFDJFM         33.7848 -> 33.8051
38751,4 fw PLH.static      ADJMBEDDHLB         38.2786 -> 38.2874
38758,7 fw Controll.static MKFDGFOCKNO         38.2444 -> 38.2944
38758,7 fw Controll.static LEKCBKLAILO         38.2944 -> 38.3444
38758,7 fw Controll.static OFJKHAFJIMA          0.0042 -> 0.0065
38758,8 fw PLH.static      ADJMBEDDHLB         38.2874 -> 38.2939
38758,8 fw PLH.static      CFIMEAFDJFM         33.8051 -> 33.8203
38764,3 fw PLH.static      ADJMBEDDHLB         38.2939 -> 38.3013
38773,5 fw Controll.static GIPNIMALPEG           0.556 -> 0.4299
38773,6 fw PLH.static      ADJMBEDDHLB         38.3013 -> 38.3068
38778,3 fw Controll.static DGNDKAKOEPD         2621381 -> 2622361
38778,3 fw Controll.static BEJBLGGGOCC       340201567 -> 340202553
38778,3 fw PLH.static      ADJMBEDDHLB         38.3068 -> 38.3161
38778,3 fw PLH.static      CFIMEAFDJFM         33.8203 -> 33.8426
38788,2 fw Controll.static JELGPAKAJPE             116 -> 103
38788,2 fw Controll.static EENJPDHGGGC         37.3211 -> 38.3013
38788,2 fw PLH.static      ADJMBEDDHLB         38.3161 -> 38.3208
38794,3 fw PLH.static      ADJMBEDDHLB         38.3208 -> 38.3307
38803,0 fw Controll.static MKFDGFOCKNO         38.2944 -> 38.3444
38803,0 fw Controll.static LEKCBKLAILO         38.3444 -> 38.3944
38803,0 fw Controll.static OFJKHAFJIMA          0.0065 -> 0.0008
38803,1 fw PLH.static      ADJMBEDDHLB         38.3307 -> 38.3369
38803,1 fw PLH.static      CFIMEAFDJFM         33.8426 -> 33.8634
38808,5 fw PLH.static      ADJMBEDDHLB         38.3369 -> 38.3456
38819,4 fw Controll.static GIPNIMALPEG          0.4299 -> 0.3483
38819,5 fw PLH.static      ADJMBEDDHLB         38.3456 -> 38.351
38819,5 fw PLH.static      CFIMEAFDJFM         33.8634 -> 33.8781
38824,2 fw PLH.static      ADJMBEDDHLB          38.351 -> 38.362
38834,4 fw PLH.static      ADJMBEDDHLB          38.362 -> 38.3667
38838,9 fw PLH.static      ADJMBEDDHLB         38.3667 -> 38.3769
38848,6 fw PLH.static      ADJMBEDDHLB         38.3769 -> 38.3814
38848,6 fw PLH.static      CFIMEAFDJFM         33.8781 -> 33.9085
38854,8 fw PLH.static      ADJMBEDDHLB         38.3814 -> 38.3912
38862,8 fw Controll.static GIPNIMALPEG          0.3483 -> 0.2146
38862,8 fw PLH.static      ADJMBEDDHLB         38.3912 -> 38.3974
38862,8 fw PLH.static      CFIMEAFDJFM         33.9085 -> 33.9235
38868,1 fw PLH.static      ADJMBEDDHLB         38.3974 -> 38.4054
38878,2 fw PLH.static      ADJMBEDDHLB         38.4054 -> 38.4106
38883,1 fw PLH.static      ADJMBEDDHLB         38.4106 -> 38.4207
38883,1 fw PLH.static      CFIMEAFDJFM         33.9235 -> 33.9469
38892,6 fw Controll.static MKFDGFOCKNO         38.3444 -> 38.3944
38892,6 fw Controll.static LEKCBKLAILO         38.3944 -> 38.4444
38892,7 fw Controll.static OFJKHAFJIMA          0.0008 -> 0.0026
38892,7 fw PLH.static      ADJMBEDDHLB         38.4207 -> 38.4256
38897,2 fw PLH.static      ADJMBEDDHLB         38.4256 -> 38.4352
38907,5 fw Controll.static GIPNIMALPEG          0.2146 -> 0.1087
38907,5 fw PLH.static      ADJMBEDDHLB         38.4352 -> 38.4397
38907,5 fw PLH.static      CFIMEAFDJFM         33.9469 -> 33.9669
38912,7 fw PLH.static      ADJMBEDDHLB         38.4397 -> 38.4501
38923,4 fw PLH.static      ADJMBEDDHLB         38.4501 -> 38.4552
38928,3 fw PLH.static      ADJMBEDDHLB         38.4552 -> 38.4659
38928,3 fw PLH.static      CFIMEAFDJFM         33.9669 -> 33.9929
38939,3 fw Controll.static MKFDGFOCKNO         38.3944 -> 38.4444
38939,3 fw Controll.static LEKCBKLAILO         38.4444 -> 38.4944
38939,3 fw Controll.static OFJKHAFJIMA          0.0026 -> 0.0051
38939,4 fw PLH.static      ADJMBEDDHLB         38.4659 -> 38.4709
38939,4 fw PLH.static      CFIMEAFDJFM         33.9929 -> 33.998
38943,9 fw PLH.static      ADJMBEDDHLB         38.4709 -> 38.4819
38955,1 fw PLH.static      ADJMBEDDHLB         38.4819 -> 38.4864
38960,3 fw Controll.static GIPNIMALPEG          0.1087 -> 0.1655
38960,4 fw PLH.static      ADJMBEDDHLB         38.4864 -> 38.4977
38960,4 fw PLH.static      CFIMEAFDJFM          33.998 -> 34.0239
38971,7 fw PLH.static      ADJMBEDDHLB         38.4977 -> 38.5029
38976,6 fw PLH.static      ADJMBEDDHLB         38.5029 -> 38.5142
38976,6 fw PLH.static      CFIMEAFDJFM         34.0239 -> 34.0407
38986,3 fw Controll.static MKFDGFOCKNO         38.4444 -> 38.4944
38986,3 fw Controll.static LEKCBKLAILO         38.4944 -> 38.5444
38986,4 fw PLH.static      ADJMBEDDHLB         38.5142 -> 38.5191
38992,0 fw Controll.static OFJKHAFJIMA          0.0051 -> 0.0028
38992,1 fw PLH.static      ADJMBEDDHLB         38.5191 -> 38.5289
39000,6 fw PLH.static      ADJMBEDDHLB         38.5289 -> 38.5346
39006,4 fw Controll.static GIPNIMALPEG          0.1655 -> 0.0873
39006,5 fw PLH.static      ADJMBEDDHLB         38.5346 -> 38.5432
39006,5 fw PLH.static      CFIMEAFDJFM         34.0407 -> 34.0702
39015,7 fw PLH.static      ADJMBEDDHLB         38.5432 -> 38.549
39019,9 fw PLH.static      ADJMBEDDHLB          38.549 -> 38.5582
39019,9 fw PLH.static      CFIMEAFDJFM         34.0702 -> 34.0847
39030,2 fw PLH.static      ADJMBEDDHLB         38.5582 -> 38.5624
39036,4 fw Controll.static MKFDGFOCKNO         38.4944 -> 38.5444
39036,4 fw Controll.static LEKCBKLAILO         38.5444 -> 38.5944
39036,4 fw Controll.static OFJKHAFJIMA          0.0028 -> 0.0041
39036,4 fw PLH.static      ADJMBEDDHLB         38.5624 -> 38.5727
39043,3 fw PLH.static      ADJMBEDDHLB         38.5727 -> 38.579
39051,5 fw Controll.static GIPNIMALPEG          0.0873 -> 0.9899
39051,6 fw PLH.static      ADJMBEDDHLB          38.579 -> 38.5859
39051,6 fw PLH.static      CFIMEAFDJFM         34.0847 -> 34.113
39056,8 fw PLH.static      ADJMBEDDHLB         38.5859 -> 38.5941
39066,0 fw PLH.static      ADJMBEDDHLB         38.5941 -> 38.5993
39071,9 fw PLH.static      ADJMBEDDHLB         38.5993 -> 38.6085
39080,3 fw Controll.static MKFDGFOCKNO         38.5444 -> 38.5944
39080,3 fw Controll.static LEKCBKLAILO         38.5944 -> 38.6444
39080,3 fw Controll.static OFJKHAFJIMA          0.0041 -> 0.0044
39080,4 fw PLH.static      ADJMBEDDHLB         38.6085 -> 38.6147
39080,4 fw PLH.static      CFIMEAFDJFM          34.113 -> 34.1409
39086,3 fw PLH.static      ADJMBEDDHLB         38.6147 -> 38.6229
39094,9 fw Controll.static GIPNIMALPEG          0.9899 -> 0.8579
39095,0 fw PLH.static      ADJMBEDDHLB         38.6229 -> 38.6288
39099,8 fw PLH.static      ADJMBEDDHLB         38.6288 -> 38.6376
39099,8 fw PLH.static      CFIMEAFDJFM         34.1409 -> 34.1638
39111,5 fw PLH.static      ADJMBEDDHLB         38.6376 -> 38.6424
39115,2 fw PLH.static      ADJMBEDDHLB         38.6424 -> 38.6541
39115,2 fw PLH.static      CFIMEAFDJFM         34.1638 -> 34.1804
39125,6 fw Controll.static MKFDGFOCKNO         38.5944 -> 38.6444
39125,6 fw Controll.static LEKCBKLAILO         38.6444 -> 38.6944
39125,6 fw Controll.static OFJKHAFJIMA          0.0044 -> 0.0093
39125,7 fw PLH.static      ADJMBEDDHLB         38.6541 -> 38.6577
39131,3 fw PLH.static      ADJMBEDDHLB         38.6577 -> 38.6682
39139,8 fw Controll.static GIPNIMALPEG          0.8579 -> 0.7543
39139,8 fw PLH.static      ADJMBEDDHLB         38.6682 -> 38.6738
39145,0 fw PLH.static      ADJMBEDDHLB         38.6738 -> 38.6824
39145,0 fw PLH.static      CFIMEAFDJFM         34.1804 -> 34.2094
39154,8 fw PLH.static      ADJMBEDDHLB         38.6824 -> 38.6875
39159,6 fw PLH.static      ADJMBEDDHLB         38.6875 -> 38.6974
39159,6 fw PLH.static      CFIMEAFDJFM         34.2094 -> 34.2237
39170,1 fw Controll.static MKFDGFOCKNO         38.6444 -> 38.6944
39170,1 fw Controll.static LEKCBKLAILO         38.6944 -> 38.7444
39170,1 fw Controll.static OFJKHAFJIMA          0.0093 -> 0.0025
39170,2 fw PLH.static      ADJMBEDDHLB         38.6974 -> 38.7021
39176,1 fw PLH.static      ADJMBEDDHLB         38.7021 -> 38.7127
39176,1 fw PLH.static      CFIMEAFDJFM         34.2237 -> 34.2398
39184,2 fw Controll.static GIPNIMALPEG          0.7543 -> 0.6427
39184,2 fw PLH.static      ADJMBEDDHLB         38.7127 -> 38.7187
39189,5 fw PLH.static      ADJMBEDDHLB         38.7187 -> 38.7267
39198,3 fw PLH.static      ADJMBEDDHLB         38.7267 -> 38.7321
39203,4 fw PLH.static      ADJMBEDDHLB         38.7321 -> 38.7409
39203,5 fw PLH.static      CFIMEAFDJFM         34.2398 -> 34.2674
39213,1 fw Controll.static MKFDGFOCKNO         38.6944 -> 38.7444
39213,1 fw Controll.static LEKCBKLAILO         38.7444 -> 38.7944
39213,1 fw Controll.static OFJKHAFJIMA          0.0025 -> 0.0011
39213,1 fw PLH.static      ADJMBEDDHLB         38.7409 -> 38.746
39218,0 fw PLH.static      ADJMBEDDHLB          38.746 -> 38.7557
39218,0 fw PLH.static      CFIMEAFDJFM         34.2674 -> 34.2821
39227,1 fw PLH.static      ADJMBEDDHLB         38.7557 -> 38.7606
39232,9 fw Controll.static GIPNIMALPEG          0.6427 -> 0.6168
39232,9 fw PLH.static      ADJMBEDDHLB         38.7606 -> 38.7697
39241,1 fw PLH.static      ADJMBEDDHLB         38.7697 -> 38.7755
39241,1 fw PLH.static      CFIMEAFDJFM         34.2821 -> 34.302
39246,5 fw PLH.static      ADJMBEDDHLB         38.7755 -> 38.7836
39255,5 fw Controll.static MKFDGFOCKNO         38.7444 -> 38.7944
39255,5 fw Controll.static LEKCBKLAILO         38.7944 -> 38.8444
39255,6 fw PLH.static      ADJMBEDDHLB         38.7836 -> 38.7891
39260,4 fw Controll.static OFJKHAFJIMA          0.0011 -> 0.0032
39260,4 fw PLH.static      ADJMBEDDHLB         38.7891 -> 38.7981
39260,4 fw PLH.static      CFIMEAFDJFM          34.302 -> 34.3244
39271,5 fw PLH.static      ADJMBEDDHLB         38.7981 -> 38.803
39277,0 fw Controll.static GIPNIMALPEG          0.6168 -> 0.4984
39277,0 fw PLH.static      ADJMBEDDHLB          38.803 -> 38.8155
39277,0 fw PLH.static      CFIMEAFDJFM         34.3244 -> 34.3405
39287,3 fw PLH.static      ADJMBEDDHLB         38.8155 -> 38.8196
39293,2 fw PLH.static      ADJMBEDDHLB         38.8196 -> 38.8298
39300,4 fw PLH.static      ADJMBEDDHLB         38.8298 -> 38.8357
39307,3 fw Controll.static MKFDGFOCKNO         38.7944 -> 38.8444
39307,3 fw Controll.static LEKCBKLAILO         38.8444 -> 38.8944
39307,3 fw Controll.static OFJKHAFJIMA          0.0032 -> 0.005
39307,3 fw PLH.static      ADJMBEDDHLB         38.8357 -> 38.8438
39307,3 fw PLH.static      CFIMEAFDJFM         34.3405 -> 34.37
39315,1 fw PLH.static      ADJMBEDDHLB         38.8438 -> 38.8499
39315,1 fw PLH.static      CFIMEAFDJFM           34.37 -> 34.3767
39320,6 fw Controll.static GIPNIMALPEG          0.4984 -> 0.3703
39320,8 fw PLH.static      ADJMBEDDHLB         38.8499 -> 38.8577
39329,9 fw PLH.static      ADJMBEDDHLB         38.8577 -> 38.8633
39335,6 fw PLH.static      ADJMBEDDHLB         38.8633 -> 38.8725
39335,6 fw PLH.static      CFIMEAFDJFM         34.3767 -> 34.3995
39345,1 fw PLH.static      ADJMBEDDHLB         38.8725 -> 38.8781
39351,1 fw PLH.static      ADJMBEDDHLB         38.8781 -> 38.8876
39358,5 fw PLH.static      ADJMBEDDHLB         38.8876 -> 38.8937
39364,1 fw Controll.static GIPNIMALPEG          0.3703 -> 0.2404
39364,1 fw PLH.static      ADJMBEDDHLB         38.8937 -> 38.901
39373,7 fw PLH.static      ADJMBEDDHLB          38.901 -> 38.9066
39373,7 fw PLH.static      CFIMEAFDJFM         34.3995 -> 34.4338
39378,4 fw PLH.static      ADJMBEDDHLB         38.9066 -> 38.9163
39388,5 fw PLH.static      ADJMBEDDHLB         38.9163 -> 38.921
39388,5 fw PLH.static      CFIMEAFDJFM         34.4338 -> 34.4481
39394,3 fw Controll.static MKFDGFOCKNO         38.8444 -> 38.8944
39394,3 fw Controll.static LEKCBKLAILO         38.8944 -> 38.9444
39394,3 fw Controll.static OFJKHAFJIMA           0.005 -> 0.0061
39394,3 fw PLH.static      ADJMBEDDHLB          38.921 -> 38.931
39403,2 fw PLH.static      ADJMBEDDHLB          38.931 -> 38.9369
39403,2 fw PLH.static      CFIMEAFDJFM         34.4481 -> 34.4634
39408,3 fw Controll.static GIPNIMALPEG          0.2404 -> 0.1242
39408,3 fw PLH.static      ADJMBEDDHLB         38.9369 -> 38.9458
39418,9 fw PLH.static      ADJMBEDDHLB         38.9458 -> 38.9509
39423,9 fw PLH.static      ADJMBEDDHLB         38.9509 -> 38.9614
39423,9 fw PLH.static      CFIMEAFDJFM         34.4634 -> 34.4879
39434,4 fw PLH.static      ADJMBEDDHLB         38.9614 -> 38.9664
39439,4 fw Controll.static MKFDGFOCKNO         38.8944 -> 38.9444
39439,4 fw Controll.static LEKCBKLAILO         38.9444 -> 38.9944
39439,4 fw Controll.static OFJKHAFJIMA          0.0061 -> 0.0008
39439,4 fw PLH.static      ADJMBEDDHLB         38.9664 -> 38.977
39439,4 fw PLH.static      CFIMEAFDJFM         34.4879 -> 34.5034
39449,0 fw PLH.static      ADJMBEDDHLB          38.977 -> 38.982
39454,3 fw Controll.static GIPNIMALPEG          0.1242 -> 0.0449
39454,4 fw PLH.static      ADJMBEDDHLB          38.982 -> 38.9916
39463,6 fw PLH.static      ADJMBEDDHLB         38.9916 -> 38.9984
39468,9 fw PLH.static      ADJMBEDDHLB         38.9984 -> 39.0061
39478,6 fw PLH.static      ADJMBEDDHLB         39.0061 -> 39.0114
39483,2 fw Controll.static MKFDGFOCKNO         38.9444 -> 38.9944
39483,2 fw Controll.static LEKCBKLAILO         38.9944 -> 39.0444
39483,2 fw Controll.static OFJKHAFJIMA          0.0008 -> 0.002
39483,2 fw PLH.static      ADJMBEDDHLB         39.0114 -> 39.0211
39483,2 fw PLH.static      CFIMEAFDJFM         34.5034 -> 34.5476
39493,9 fw PLH.static      ADJMBEDDHLB         39.0211 -> 39.0258
39498,8 fw PLH.static      ADJMBEDDHLB         39.0258 -> 39.0365
39498,8 fw PLH.static      CFIMEAFDJFM         34.5476 -> 34.5629
39508,0 fw Controll.static GIPNIMALPEG          0.0449 -> 0.118
39508,0 fw PLH.static      ADJMBEDDHLB         39.0365 -> 39.0413
39513,9 fw PLH.static      ADJMBEDDHLB         39.0413 -> 39.0505
39522,8 fw PLH.static      ADJMBEDDHLB         39.0505 -> 39.0565
39522,8 fw PLH.static      CFIMEAFDJFM         34.5629 -> 34.5828
39527,5 fw Controll.static MKFDGFOCKNO         38.9944 -> 39.0444
39527,5 fw Controll.static LEKCBKLAILO         39.0444 -> 39.0944
39527,6 fw PLH.static      ADJMBEDDHLB         39.0565 -> 39.0653
39537,5 fw Controll.static OFJKHAFJIMA           0.002 -> 0.0057
39537,6 fw PLH.static      ADJMBEDDHLB         39.0653 -> 39.0701
39542,6 fw PLH.static      ADJMBEDDHLB         39.0701 -> 39.0801
39542,6 fw PLH.static      CFIMEAFDJFM         34.5828 -> 34.6065
39554,9 fw Controll.static GIPNIMALPEG           0.118 -> 0.0559
39554,9 fw PLH.static      ADJMBEDDHLB         39.0801 -> 39.0851
39559,6 fw PLH.static      ADJMBEDDHLB         39.0851 -> 39.0975
39569,4 fw PLH.static      ADJMBEDDHLB         39.0975 -> 39.1021
39575,7 fw PLH.static      ADJMBEDDHLB         39.1021 -> 39.1119
39582,8 fw Controll.static MKFDGFOCKNO         39.0444 -> 39.0944
39582,8 fw Controll.static LEKCBKLAILO         39.0944 -> 39.1444
39582,9 fw Controll.static OFJKHAFJIMA          0.0057 -> 0.0026
39582,9 fw PLH.static      ADJMBEDDHLB         39.1119 -> 39.1182
39582,9 fw PLH.static      CFIMEAFDJFM         34.6065 -> 34.6446
39590,1 fw PLH.static      ADJMBEDDHLB         39.1182 -> 39.1254
39596,8 fw Controll.static GIPNIMALPEG          0.0559 -> 0.8939
39596,8 fw PLH.static      ADJMBEDDHLB         39.1254 -> 39.1326
39604,6 fw PLH.static      ADJMBEDDHLB         39.1326 -> 39.1394
39604,6 fw PLH.static      CFIMEAFDJFM         34.6446 -> 34.6658
39611,0 fw PLH.static      ADJMBEDDHLB         39.1394 -> 39.1472
39619,0 fw PLH.static      ADJMBEDDHLB         39.1472 -> 39.1536
39619,0 fw PLH.static      CFIMEAFDJFM         34.6658 -> 34.6801
39624,4 fw Controll.static MKFDGFOCKNO         39.0944 -> 39.1445
39624,4 fw Controll.static LEKCBKLAILO         39.1444 -> 39.1945
39624,4 fw Controll.static OFJKHAFJIMA          0.0026 -> 0.0023
39624,4 fw PLH.static      ADJMBEDDHLB         39.1536 -> 39.1615
39633,8 # net: TcpClient.Connected = True
39633,9 fw PLH.static      ADJMBEDDHLB         39.1615 -> 39.167
39638,7 fw Controll.static GIPNIMALPEG          0.8939 -> 0.7326
39638,8 fw PLH.static      ADJMBEDDHLB          39.167 -> 39.1764
39649,3 fw PLH.static      ADJMBEDDHLB         39.1764 -> 39.1813
39649,3 fw PLH.static      CFIMEAFDJFM         34.6801 -> 34.7082
39655,0 fw PLH.static      ADJMBEDDHLB         39.1813 -> 39.1919
39655,0 fw PLH.static      CFIMEAFDJFM         34.7082 -> 34.7189
39663,3 fw PLH.static      ADJMBEDDHLB         39.1919 -> 39.1976
39668,8 fw Controll.static MKFDGFOCKNO         39.1445 -> 39.1945
39668,8 fw Controll.static LEKCBKLAILO         39.1945 -> 39.2445
39668,8 fw Controll.static OFJKHAFJIMA          0.0023 -> 0.0027
39668,8 fw PLH.static      ADJMBEDDHLB         39.1976 -> 39.2058
39678,3 fw PLH.static      ADJMBEDDHLB         39.2058 -> 39.2114
39678,3 fw PLH.static      CFIMEAFDJFM         34.7189 -> 34.7384
39683,2 fw Controll.static GIPNIMALPEG          0.7326 -> 0.6217
39683,2 fw PLH.static      ADJMBEDDHLB         39.2114 -> 39.2208
39692,7 fw PLH.static      ADJMBEDDHLB         39.2208 -> 39.2257
39697,5 fw PLH.static      ADJMBEDDHLB         39.2257 -> 39.2353
39697,5 fw PLH.static      CFIMEAFDJFM         34.7384 -> 34.7618
39707,5 fw PLH.static      ADJMBEDDHLB         39.2353 -> 39.24
39713,1 fw Controll.static MKFDGFOCKNO         39.1945 -> 39.2445
39713,1 fw Controll.static LEKCBKLAILO         39.2445 -> 39.2945
39713,1 fw Controll.static OFJKHAFJIMA          0.0027 -> 0.0051
39713,1 fw PLH.static      ADJMBEDDHLB           39.24 -> 39.2501
39722,3 fw PLH.static      ADJMBEDDHLB         39.2501 -> 39.2556
39722,3 fw PLH.static      CFIMEAFDJFM         34.7618 -> 34.7822
39730,0 fw Controll.static GIPNIMALPEG          0.6217 -> 0.5586
39730,1 fw PLH.static      ADJMBEDDHLB         39.2556 -> 39.2649
39741,9 fw PLH.static      ADJMBEDDHLB         39.2649 -> 39.2726
39747,1 fw PLH.static      ADJMBEDDHLB         39.2726 -> 39.2845
39747,1 fw PLH.static      CFIMEAFDJFM         34.7822 -> 34.8109
39757,3 fw PLH.static      ADJMBEDDHLB         39.2845 -> 39.2896
39761,9 fw Controll.static MKFDGFOCKNO         39.2445 -> 39.2945
39761,9 fw Controll.static LEKCBKLAILO         39.2945 -> 39.3445
39761,9 fw Controll.static OFJKHAFJIMA          0.0051 -> 0.005
39761,9 fw PLH.static      ADJMBEDDHLB         39.2896 -> 39.2998
39761,9 fw PLH.static      CFIMEAFDJFM         34.8109 -> 34.8261
39771,9 fw PLH.static      ADJMBEDDHLB         39.2998 -> 39.3045
39776,9 fw PLH.static      ADJMBEDDHLB         39.3045 -> 39.3145
39776,9 fw PLH.static      CFIMEAFDJFM         34.8261 -> 34.841
39786,2 fw Controll.static GIPNIMALPEG          0.5586 -> 0.683
39786,3 fw PLH.static      ADJMBEDDHLB         39.3145 -> 39.3194
39792,4 fw Controll.static DGNDKAKOEPD         2622361 -> 2623374
39792,4 fw Controll.static BEJBLGGGOCC       340202553 -> 340203563
39792,4 fw Controll.static JELGPAKAJPE             103 -> 118
39792,4 fw Controll.static EENJPDHGGGC         38.3013 -> 39.3145
39792,4 fw PLH.static      ADJMBEDDHLB         39.3194 -> 39.3288
39799,7 fw PLH.static      ADJMBEDDHLB         39.3288 -> 39.335
39799,7 fw PLH.static      CFIMEAFDJFM          34.841 -> 34.8613
39807,4 fw Controll.static MKFDGFOCKNO         39.2945 -> 39.3445
39807,4 fw Controll.static LEKCBKLAILO         39.3445 -> 39.3945
39807,5 fw PLH.static      ADJMBEDDHLB          39.335 -> 39.3422
39813,9 fw PLH.static      ADJMBEDDHLB         39.3422 -> 39.35
39820,5 fw PLH.static      ADJMBEDDHLB           39.35 -> 39.3564
39828,9 fw Controll.static GIPNIMALPEG           0.683 -> 0.5359
39829,0 fw PLH.static      ADJMBEDDHLB         39.3564 -> 39.363
39829,0 fw PLH.static      CFIMEAFDJFM         34.8613 -> 34.8901
39835,0 fw PLH.static      ADJMBEDDHLB          39.363 -> 39.3715
39843,2 fw PLH.static      ADJMBEDDHLB         39.3715 -> 39.3775
39843,2 fw PLH.static      CFIMEAFDJFM         34.8901 -> 34.904
39848,6 fw PLH.static      ADJMBEDDHLB         39.3775 -> 39.3857
39858,0 fw Controll.static MKFDGFOCKNO         39.3445 -> 39.3945
39858,0 fw Controll.static LEKCBKLAILO         39.3945 -> 39.4445
39858,0 fw Controll.static OFJKHAFJIMA           0.005 -> 0.0056
39858,0 fw PLH.static      ADJMBEDDHLB         39.3857 -> 39.3911
39863,2 fw PLH.static      ADJMBEDDHLB         39.3911 -> 39.4019
39863,2 fw PLH.static      CFIMEAFDJFM          34.904 -> 34.9268
39874,7 fw Controll.static GIPNIMALPEG          0.5359 -> 0.4519
39874,7 fw PLH.static      ADJMBEDDHLB         39.4019 -> 39.4057
39879,4 fw PLH.static      ADJMBEDDHLB         39.4057 -> 39.4173
39879,4 fw PLH.static      CFIMEAFDJFM         34.9268 -> 34.9436
39889,4 fw PLH.static      ADJMBEDDHLB         39.4173 -> 39.422
39895,2 fw PLH.static      ADJMBEDDHLB          39.422 -> 39.4319
39903,5 fw Controll.static MKFDGFOCKNO         39.3945 -> 39.4445
39903,5 fw Controll.static LEKCBKLAILO         39.4445 -> 39.4945
39903,5 fw Controll.static OFJKHAFJIMA          0.0056 -> 0.0012
39903,6 fw PLH.static      ADJMBEDDHLB         39.4319 -> 39.4377
39910,2 fw PLH.static      ADJMBEDDHLB         39.4377 -> 39.4461
39910,2 fw PLH.static      CFIMEAFDJFM         34.9436 -> 34.9729
39918,6 fw Controll.static GIPNIMALPEG          0.4519 -> 0.3295
39918,6 fw PLH.static      ADJMBEDDHLB         39.4461 -> 39.4527
39927,7 fw PLH.static      ADJMBEDDHLB         39.4527 -> 39.4626
39927,7 fw PLH.static      CFIMEAFDJFM         34.9729 -> 34.9877
39938,7 fw PLH.static      ADJMBEDDHLB         39.4626 -> 39.4703
39943,5 fw PLH.static      ADJMBEDDHLB         39.4703 -> 39.4813
39943,5 fw PLH.static      CFIMEAFDJFM         34.9877 -> 35.0078
39954,2 fw Controll.static MKFDGFOCKNO         39.4445 -> 39.4945
39954,3 fw Controll.static LEKCBKLAILO         39.4945 -> 39.5445
39954,3 fw Controll.static OFJKHAFJIMA          0.0012 -> 0.002
39954,3 fw PLH.static      ADJMBEDDHLB         39.4813 -> 39.486
39959,1 fw PLH.static      ADJMBEDDHLB          39.486 -> 39.4969
39959,1 fw PLH.static      CFIMEAFDJFM         35.0078 -> 35.0232
39971,0 fw Controll.static GIPNIMALPEG          0.3295 -> 0.3768
39971,0 fw PLH.static      ADJMBEDDHLB         39.4969 -> 39.5016
39976,1 fw PLH.static      ADJMBEDDHLB         39.5016 -> 39.5136
39986,8 fw PLH.static      ADJMBEDDHLB         39.5136 -> 39.5186
39986,8 fw PLH.static      CFIMEAFDJFM         35.0232 -> 35.0457
39992,2 fw PLH.static      ADJMBEDDHLB         39.5186 -> 39.5293
40001,4 fw PLH.static      ADJMBEDDHLB         39.5293 -> 39.5348
40006,9 fw PLH.static      ADJMBEDDHLB         39.5348 -> 39.5439
40006,9 fw PLH.static      CFIMEAFDJFM         35.0457 -> 35.071
40016,4 fw Controll.static GIPNIMALPEG          0.3768 -> 0.2847
40016,4 fw PLH.static      ADJMBEDDHLB         39.5439 -> 39.5494
40021,3 fw PLH.static      ADJMBEDDHLB         39.5494 -> 39.559
40021,3 fw PLH.static      CFIMEAFDJFM          35.071 -> 35.0854
40030,4 fw PLH.static      ADJMBEDDHLB          39.559 -> 39.5638
40036,5 fw PLH.static      ADJMBEDDHLB         39.5638 -> 39.573
40044,7 fw Controll.static MKFDGFOCKNO         39.4945 -> 39.5445
40044,7 fw Controll.static LEKCBKLAILO         39.5445 -> 39.5945
40044,7 fw Controll.static OFJKHAFJIMA           0.002 -> 0.0045
40044,8 fw PLH.static      ADJMBEDDHLB          39.573 -> 39.579
40050,3 fw PLH.static      ADJMBEDDHLB          39.579 -> 39.5873
40050,3 fw PLH.static      CFIMEAFDJFM         35.0854 -> 35.1144
40058,9 fw PLH.static      ADJMBEDDHLB         39.5873 -> 39.5928
40064,5 fw Controll.static GIPNIMALPEG          0.2847 -> 0.247
40064,5 fw PLH.static      ADJMBEDDHLB         39.5928 -> 39.6014
40064,5 fw PLH.static      CFIMEAFDJFM         35.1144 -> 35.1277
40073,8 fw PLH.static      ADJMBEDDHLB         39.6014 -> 39.6071
40078,5 fw PLH.static      ADJMBEDDHLB         39.6071 -> 39.6164
40078,5 fw PLH.static      CFIMEAFDJFM         35.1277 -> 35.1428
40088,1 fw Controll.static MKFDGFOCKNO         39.5445 -> 39.5945
40088,1 fw Controll.static LEKCBKLAILO         39.5945 -> 39.6445
40088,2 fw PLH.static      ADJMBEDDHLB         39.6164 -> 39.6211
40094,1 fw Controll.static OFJKHAFJIMA          0.0045 -> 0.0065
40094,1 fw PLH.static      ADJMBEDDHLB         39.6211 -> 39.6307
40103,9 fw PLH.static      ADJMBEDDHLB         39.6307 -> 39.6367
40103,9 fw PLH.static      CFIMEAFDJFM         35.1428 -> 35.1632
40108,9 fw Controll.static GIPNIMALPEG           0.247 -> 0.1363
40109,0 fw PLH.static      ADJMBEDDHLB         39.6367 -> 39.6464
40118,6 fw PLH.static      ADJMBEDDHLB         39.6464 -> 39.6515
40123,9 fw PLH.static      ADJMBEDDHLB         39.6515 -> 39.6612
40123,9 fw PLH.static      CFIMEAFDJFM         35.1632 -> 35.1876
40134,8 fw PLH.static      ADJMBEDDHLB         39.6612 -> 39.6664
40139,8 fw Controll.static MKFDGFOCKNO         39.5945 -> 39.6445
40139,8 fw Controll.static LEKCBKLAILO         39.6445 -> 39.6945
40139,8 fw Controll.static OFJKHAFJIMA          0.0065 -> 0.0014
40139,9 fw PLH.static      ADJMBEDDHLB         39.6664 -> 39.6773
40139,9 fw PLH.static      CFIMEAFDJFM         35.1876 -> 35.2039
40148,9 fw PLH.static      ADJMBEDDHLB         39.6773 -> 39.6824
40154,9 fw Controll.static GIPNIMALPEG          0.1363 -> 0.0547
40154,9 fw PLH.static      ADJMBEDDHLB         39.6824 -> 39.6914
40163,2 fw PLH.static      ADJMBEDDHLB         39.6914 -> 39.6975
40168,9 fw PLH.static      ADJMBEDDHLB         39.6975 -> 39.7057
40178,7 fw PLH.static      ADJMBEDDHLB         39.7057 -> 39.7114
40178,7 fw PLH.static      CFIMEAFDJFM         35.2039 -> 35.2386
40183,5 fw Controll.static MKFDGFOCKNO         39.6445 -> 39.6945
40183,5 fw Controll.static LEKCBKLAILO         39.6945 -> 39.7445
40183,5 fw Controll.static OFJKHAFJIMA          0.0014 -> 0.0025
40183,6 fw PLH.static      ADJMBEDDHLB         39.7114 -> 39.7212
40183,6 fw PLH.static      CFIMEAFDJFM         35.2386 -> 35.2477
40195,3 fw PLH.static      ADJMBEDDHLB         39.7212 -> 39.7261
40199,4 fw Controll.static GIPNIMALPEG          0.0547 -> 0.9453
40199,4 fw PLH.static      ADJMBEDDHLB         39.7261 -> 39.7378
40210,2 fw PLH.static      ADJMBEDDHLB         39.7378 -> 39.742
40216,0 fw PLH.static      ADJMBEDDHLB          39.742 -> 39.7527
40225,0 fw PLH.static      ADJMBEDDHLB         39.7527 -> 39.7585
40225,0 fw PLH.static      CFIMEAFDJFM         35.2477 -> 35.2851
40230,4 fw Controll.static MKFDGFOCKNO         39.6945 -> 39.7445
40230,4 fw Controll.static LEKCBKLAILO         39.7445 -> 39.7945
40230,4 fw Controll.static OFJKHAFJIMA          0.0025 -> 0.0078
40230,4 fw PLH.static      ADJMBEDDHLB         39.7585 -> 39.7675
40239,7 fw PLH.static      ADJMBEDDHLB         39.7675 -> 39.773
40244,7 fw Controll.static GIPNIMALPEG          0.9453 -> 0.8507
40244,7 fw PLH.static      ADJMBEDDHLB          39.773 -> 39.7823
40256,4 fw PLH.static      ADJMBEDDHLB         39.7823 -> 39.7873
40261,2 fw PLH.static      ADJMBEDDHLB         39.7873 -> 39.7989
40273,0 fw PLH.static      ADJMBEDDHLB         39.7989 -> 39.8037
40273,0 fw PLH.static      CFIMEAFDJFM         35.2851 -> 35.3307
40277,9 fw Controll.static MKFDGFOCKNO         39.7445 -> 39.7945
40277,9 fw Controll.static LEKCBKLAILO         39.7945 -> 39.8445
40277,9 fw Controll.static OFJKHAFJIMA          0.0078 -> 0.0035
40277,9 fw PLH.static      ADJMBEDDHLB         39.8037 -> 39.8155
40287,4 fw PLH.static      ADJMBEDDHLB         39.8155 -> 39.8204
40293,4 fw Controll.static GIPNIMALPEG          0.8507 -> 0.8248
40293,6 fw PLH.static      ADJMBEDDHLB         39.8204 -> 39.8299
40300,8 fw PLH.static      ADJMBEDDHLB         39.8299 -> 39.8361
40308,6 fw PLH.static      ADJMBEDDHLB         39.8361 -> 39.8433
40316,4 fw PLH.static      ADJMBEDDHLB         39.8433 -> 39.8511
40316,4 fw PLH.static      CFIMEAFDJFM         35.3307 -> 35.3779
40323,6 fw Controll.static MKFDGFOCKNO         39.7945 -> 39.8445
40323,6 fw Controll.static LEKCBKLAILO         39.8445 -> 39.8945
40323,6 fw Controll.static OFJKHAFJIMA          0.0035 -> 0.0061
40323,7 fw PLH.static      ADJMBEDDHLB         39.8511 -> 39.859
40323,7 fw PLH.static      CFIMEAFDJFM         35.3779 -> 35.3854
40329,6 fw PLH.static      ADJMBEDDHLB          39.859 -> 39.8662
40338,4 fw PLH.static      ADJMBEDDHLB         39.8662 -> 39.8736
40345,7 fw Controll.static GIPNIMALPEG          0.8248 -> 0.8714
40345,8 fw PLH.static      ADJMBEDDHLB         39.8736 -> 39.8809
40345,8 fw PLH.static      CFIMEAFDJFM         35.3854 -> 35.4074
40353,5 fw PLH.static      ADJMBEDDHLB         39.8809 -> 39.8883
40358,7 fw PLH.static      ADJMBEDDHLB         39.8883 -> 39.8961
40358,7 fw PLH.static      CFIMEAFDJFM         35.4074 -> 35.4223
40367,8 fw Controll.static MKFDGFOCKNO         39.8445 -> 39.8945
40367,8 fw Controll.static LEKCBKLAILO         39.8945 -> 39.9445
40367,8 fw PLH.static      ADJMBEDDHLB         39.8961 -> 39.9012
40367,8 fw PLH.static      CFIMEAFDJFM         35.4223 -> 35.4282
40374,1 fw Controll.static OFJKHAFJIMA          0.0061 -> 0.0011
40374,2 fw PLH.static      ADJMBEDDHLB         39.9012 -> 39.9103
40382,2 fw PLH.static      ADJMBEDDHLB         39.9103 -> 39.9167
40387,6 fw Controll.static GIPNIMALPEG          0.8714 -> 0.7088
40387,6 fw PLH.static      ADJMBEDDHLB         39.9167 -> 39.9248
40387,6 fw PLH.static      CFIMEAFDJFM         35.4282 -> 35.4517
40398,1 fw PLH.static      ADJMBEDDHLB         39.9248 -> 39.9302
40402,9 fw PLH.static      ADJMBEDDHLB         39.9302 -> 39.9407
40413,3 fw PLH.static      ADJMBEDDHLB         39.9407 -> 39.9454
40413,3 fw PLH.static      CFIMEAFDJFM         35.4517 -> 35.4724
40418,0 fw Controll.static MKFDGFOCKNO         39.8945 -> 39.9445
40418,0 fw Controll.static LEKCBKLAILO         39.9445 -> 39.9945
40418,0 fw Controll.static OFJKHAFJIMA          0.0011 -> 0.0006
40418,0 fw PLH.static      ADJMBEDDHLB         39.9454 -> 39.9559
40418,1 fw PLH.static      CFIMEAFDJFM         35.4724 -> 35.4822
40428,1 fw PLH.static      ADJMBEDDHLB         39.9559 -> 39.9606
40433,8 fw Controll.static GIPNIMALPEG          0.7088 -> 0.6339
40433,9 fw PLH.static      ADJMBEDDHLB         39.9606 -> 39.9707
40442,7 fw PLH.static      ADJMBEDDHLB         39.9707 -> 39.9764
40448,1 fw PLH.static      ADJMBEDDHLB         39.9764 -> 39.9852
40448,1 fw PLH.static      CFIMEAFDJFM         35.4822 -> 35.5123
40457,9 fw PLH.static      ADJMBEDDHLB         39.9852 -> 39.9906
40462,4 fw Controll.static MKFDGFOCKNO         39.9445 -> 39.9945
40462,4 fw Controll.static LEKCBKLAILO         39.9945 -> 40.0445
40462,4 fw Controll.static OFJKHAFJIMA          0.0006 -> 0.0054
40462,4 fw PLH.static      ADJMBEDDHLB         39.9906 -> 40.0004
40462,4 fw PLH.static      CFIMEAFDJFM         35.5123 -> 35.5266
40473,1 fw PLH.static      ADJMBEDDHLB         40.0004 -> 40.005
40477,8 fw Controll.static GIPNIMALPEG          0.6339 -> 0.5135
40477,9 fw PLH.static      ADJMBEDDHLB          40.005 -> 40.0156
40488,0 fw PLH.static      ADJMBEDDHLB         40.0156 -> 40.0205
40488,0 fw PLH.static      CFIMEAFDJFM         35.5266 -> 35.5475
40494,2 fw PLH.static      ADJMBEDDHLB         40.0205 -> 40.0305
40504,3 fw PLH.static      ADJMBEDDHLB         40.0305 -> 40.0368
40504,3 fw PLH.static      CFIMEAFDJFM         35.5475 -> 35.5631
40509,7 fw Controll.static MKFDGFOCKNO         39.9945 -> 40.0445
40509,7 fw Controll.static LEKCBKLAILO         40.0445 -> 40.0945
40509,7 fw Controll.static OFJKHAFJIMA          0.0054 -> 0.0014
40509,7 fw PLH.static      ADJMBEDDHLB         40.0368 -> 40.0468
40539,8 fw PLH.static      ADJMBEDDHLB         40.0468 -> 40.0523
40544,6 fw Controll.static GIPNIMALPEG          0.5135 -> 0.8478
40544,6 fw PLH.static      ADJMBEDDHLB         40.0523 -> 40.0823
40544,6 fw PLH.static      CFIMEAFDJFM         35.5631 -> 35.6042
40557,4 fw PLH.static      ADJMBEDDHLB         40.0823 -> 40.0873
40575,7 fw PLH.static      ADJMBEDDHLB         40.0873 -> 40.0999
40575,7 fw PLH.static      CFIMEAFDJFM         35.6042 -> 35.6259
40582,1 fw PLH.static      ADJMBEDDHLB         40.0999 -> 40.1201
40582,1 fw PLH.static      CFIMEAFDJFM         35.6259 -> 35.6445
40593,7 fw Controll.static MKFDGFOCKNO         40.0445 -> 40.0945
40593,7 fw Controll.static LEKCBKLAILO         40.0945 -> 40.1445
40593,7 fw Controll.static OFJKHAFJIMA          0.0014 -> 0.0049
40593,8 fw PLH.static      ADJMBEDDHLB         40.1201 -> 40.1247
40598,3 fw PLH.static      ADJMBEDDHLB         40.1247 -> 40.1363
40598,3 fw PLH.static      CFIMEAFDJFM         35.6445 -> 35.6628
40609,4 fw Controll.static GIPNIMALPEG          0.8478 -> 0.145
40609,5 fw PLH.static      ADJMBEDDHLB         40.1363 -> 40.1409
40616,2 fw PLH.static      ADJMBEDDHLB         40.1409 -> 40.1522
40628,8 fw PLH.static      ADJMBEDDHLB         40.1522 -> 40.1588
40628,9 fw PLH.static      CFIMEAFDJFM         35.6628 -> 35.6853
40640,2 fw PLH.static      ADJMBEDDHLB         40.1588 -> 40.1724
40640,2 fw PLH.static      CFIMEAFDJFM         35.6853 -> 35.6984
40653,9 fw Controll.static MKFDGFOCKNO         40.0945 -> 40.1945
40653,9 fw Controll.static LEKCBKLAILO         40.1445 -> 40.2445
40653,9 fw Controll.static OFJKHAFJIMA          0.0049 -> 0.0013
40653,9 fw PLH.static      ADJMBEDDHLB         40.1724 -> 40.1827
40660,2 fw PLH.static      ADJMBEDDHLB         40.1827 -> 40.1966
40673,2 fw PLH.static      ADJMBEDDHLB         40.1966 -> 40.2027
40712,2 fw Controll.static GIPNIMALPEG           0.145 -> 0.1997
40712,2 fw PLH.static      ADJMBEDDHLB         40.2027 -> 40.2157
40712,2 fw PLH.static      CFIMEAFDJFM         35.6984 -> 35.7421
40717,0 fw Controll.static NAKNALFCOIF           -2.25 -> -1.95
40717,1 fw Controll.static IGLCENGMMMJ            16.5 -> 16.05
40717,1 fw PLH.static      ADJMBEDDHLB         40.2157 -> 40.2548
40717,1 fw PLH.static      CFIMEAFDJFM         35.7421 -> 35.7703
40730,8 fw PLH.static      ADJMBEDDHLB         40.2548 -> 40.2597
40737,4 fw Controll.static MKFDGFOCKNO         40.1945 -> 40.2445
40737,4 fw Controll.static LEKCBKLAILO         40.2445 -> 40.2945
40737,4 fw PLH.static      ADJMBEDDHLB         40.2597 -> 40.2734
40737,4 fw PLH.static      CFIMEAFDJFM         35.7703 -> 35.7968
40749,2 fw Controll.static OFJKHAFJIMA          0.0013 -> 0.0097
40749,3 fw PLH.static      ADJMBEDDHLB         40.2734 -> 40.28
40749,3 fw PLH.static      CFIMEAFDJFM         35.7968 -> 35.8062
40757,8 fw PLH.static      ADJMBEDDHLB           40.28 -> 40.2924
40786,1 fw Controll.static GIPNIMALPEG          0.1997 -> 0.6788
40786,2 fw PLH.static      ADJMBEDDHLB         40.2924 -> 40.3242
40786,2 fw PLH.static      CFIMEAFDJFM         35.8062 -> 35.826
40797,5 fw Controll.static NAKNALFCOIF           -1.95 -> -1.8
40797,5 fw Controll.static IGLCENGMMMJ           16.05 -> 15.9
40797,6 fw PLH.static      ADJMBEDDHLB         40.3242 -> 40.3287
40802,6 fw PLH.static      ADJMBEDDHLB         40.3287 -> 40.3401
40802,6 fw PLH.static      CFIMEAFDJFM          35.826 -> 35.8664
40814,1 fw PLH.static      ADJMBEDDHLB         40.3401 -> 40.3451
40818,4 fw Controll.static MKFDGFOCKNO         40.2445 -> 40.3446
40818,4 fw Controll.static LEKCBKLAILO         40.2945 -> 40.3946
40818,4 fw Controll.static OFJKHAFJIMA          0.0097 -> 0.0001
40818,5 fw PLH.static      ADJMBEDDHLB         40.3451 -> 40.3567
40829,5 fw PLH.static      ADJMBEDDHLB         40.3567 -> 40.3612
40829,5 fw PLH.static      CFIMEAFDJFM         35.8664 -> 35.8881
40835,0 fw Controll.static GIPNIMALPEG          0.6788 -> 0.6559
40835,0 fw PLH.static      ADJMBEDDHLB         40.3612 -> 40.372
40845,1 fw Controll.static DGNDKAKOEPD         2623374 -> 2624432
40845,1 fw Controll.static BEJBLGGGOCC       340203563 -> 340204558
40845,2 fw PLH.static      ADJMBEDDHLB          40.372 -> 40.3776
40845,2 fw PLH.static      CFIMEAFDJFM         35.8881 -> 35.904
40850,2 fw Controll.static JELGPAKAJPE             118 -> 176
40850,2 fw Controll.static EENJPDHGGGC         39.3145 -> 40.372
40850,3 fw PLH.static      ADJMBEDDHLB         40.3776 -> 40.3877
40861,8 fw PLH.static      ADJMBEDDHLB         40.3877 -> 40.3928
40861,8 fw PLH.static      CFIMEAFDJFM          35.904 -> 35.9198
40867,1 fw Controll.static MKFDGFOCKNO         40.3446 -> 40.3946
40867,1 fw Controll.static LEKCBKLAILO         40.3946 -> 40.4446
40867,1 fw Controll.static OFJKHAFJIMA          0.0001 -> 0.0093
40867,2 fw PLH.static      ADJMBEDDHLB         40.3928 -> 40.4043
40879,2 fw PLH.static      ADJMBEDDHLB         40.4043 -> 40.4098
40879,2 fw PLH.static      CFIMEAFDJFM         35.9198 -> 35.9368
40883,3 fw Controll.static GIPNIMALPEG          0.6559 -> 0.6224
40883,4 fw PLH.static      ADJMBEDDHLB         40.4098 -> 40.4217
40894,8 fw PLH.static      ADJMBEDDHLB         40.4217 -> 40.4259
40903,5 fw PLH.static      ADJMBEDDHLB         40.4259 -> 40.4375
40903,5 fw PLH.static      CFIMEAFDJFM         35.9368 -> 35.9637
40910,8 fw PLH.static      ADJMBEDDHLB         40.4375 -> 40.4461
40910,9 fw PLH.static      CFIMEAFDJFM         35.9637 -> 35.9686
40919,3 fw Controll.static MKFDGFOCKNO         40.3946 -> 40.4446
40919,3 fw Controll.static LEKCBKLAILO         40.4446 -> 40.4946
40919,3 fw Controll.static OFJKHAFJIMA          0.0093 -> 0.001
40919,3 fw PLH.static      ADJMBEDDHLB         40.4461 -> 40.4534
40919,3 fw PLH.static      CFIMEAFDJFM         35.9686 -> 35.9792
40926,7 fw PLH.static      ADJMBEDDHLB         40.4534 -> 40.4619
40934,5 fw Controll.static GIPNIMALPEG          0.6224 -> 0.6461
40934,6 fw PLH.static      ADJMBEDDHLB         40.4619 -> 40.4693
40934,6 fw PLH.static      CFIMEAFDJFM         35.9792 -> 35.9957
40942,3 fw PLH.static      ADJMBEDDHLB         40.4693 -> 40.4771
40948,9 fw PLH.static      ADJMBEDDHLB         40.4771 -> 40.4849
40948,9 fw PLH.static      CFIMEAFDJFM         35.9957 -> 36.0115
40960,4 fw PLH.static      ADJMBEDDHLB         40.4849 -> 40.4914
40969,5 fw Controll.static MKFDGFOCKNO         40.4446 -> 40.4946
40969,5 fw Controll.static LEKCBKLAILO         40.4946 -> 40.5446
40969,6 fw Controll.static OFJKHAFJIMA           0.001 -> 0.0079
40969,6 fw PLH.static      ADJMBEDDHLB         40.4914 -> 40.503
40977,0 fw PLH.static      ADJMBEDDHLB          40.503 -> 40.5122
40977,0 fw PLH.static      CFIMEAFDJFM         36.0115 -> 36.0343
40988,5 fw Controll.static GIPNIMALPEG          0.6461 -> 0.7233
40988,6 fw PLH.static      ADJMBEDDHLB         40.5122 -> 40.5195
40999,0 fw PLH.static      ADJMBEDDHLB         40.5195 -> 40.5313
41004,7 fw PLH.static      ADJMBEDDHLB         40.5313 -> 40.5415
41015,9 fw PLH.static      ADJMBEDDHLB         40.5415 -> 40.5473
41016,0 fw PLH.static      CFIMEAFDJFM         36.0343 -> 36.0737
41024,9 fw Controll.static MKFDGFOCKNO         40.4946 -> 40.5446
41024,9 fw Controll.static LEKCBKLAILO         40.5446 -> 40.5946
41024,9 fw Controll.static OFJKHAFJIMA          0.0079 -> 0.0022
41025,0 fw PLH.static      ADJMBEDDHLB         40.5473 -> 40.5585
41030,5 fw PLH.static      ADJMBEDDHLB         40.5585 -> 40.5675
41030,5 fw PLH.static      CFIMEAFDJFM         36.0737 -> 36.0896
41042,3 fw PLH.static      ADJMBEDDHLB         40.5675 -> 40.5731
41047,0 fw Controll.static GIPNIMALPEG          0.7233 -> 0.8959
41047,1 fw PLH.static      ADJMBEDDHLB         40.5731 -> 40.5849
41047,1 fw PLH.static      CFIMEAFDJFM         36.0896 -> 36.1112
41059,3 fw PLH.static      ADJMBEDDHLB         40.5849 -> 40.5897
41063,9 fw PLH.static      ADJMBEDDHLB         40.5897 -> 40.6019
41063,9 fw PLH.static      CFIMEAFDJFM         36.1112 -> 36.1279
41080,9 fw Controll.static MKFDGFOCKNO         40.5446 -> 40.5946
41080,9 fw Controll.static LEKCBKLAILO         40.5946 -> 40.6446
41081,0 fw PLH.static      ADJMBEDDHLB         40.6019 -> 40.6064
41085,0 fw Controll.static OFJKHAFJIMA          0.0022 -> 0.0069
41085,0 fw PLH.static      ADJMBEDDHLB         40.6064 -> 40.6235
41085,0 fw PLH.static      CFIMEAFDJFM         36.1279 -> 36.1449
41097,0 fw PLH.static      ADJMBEDDHLB         40.6235 -> 40.6275
41103,8 fw Controll.static GIPNIMALPEG          0.8959 -> 0.0305
41103,8 fw PLH.static      ADJMBEDDHLB         40.6275 -> 40.6395
41114,5 fw PLH.static      ADJMBEDDHLB         40.6395 -> 40.6464
41119,4 fw PLH.static      ADJMBEDDHLB         40.6464 -> 40.657
41119,4 fw PLH.static      CFIMEAFDJFM         36.1449 -> 36.1827
41129,8 fw PLH.static      ADJMBEDDHLB          40.657 -> 40.662
41136,6 fw Controll.static MKFDGFOCKNO         40.5946 -> 40.6446
41136,6 fw Controll.static LEKCBKLAILO         40.6446 -> 40.6946
41136,6 fw Controll.static OFJKHAFJIMA          0.0069 -> 0.0011
41136,7 fw PLH.static      ADJMBEDDHLB          40.662 -> 40.6724
41136,7 fw PLH.static      CFIMEAFDJFM         36.1827 -> 36.1994
41146,8 fw PLH.static      ADJMBEDDHLB         40.6724 -> 40.6792
41152,0 fw Controll.static GIPNIMALPEG          0.0305 -> 0.9965
41152,1 fw PLH.static      ADJMBEDDHLB         40.6792 -> 40.6893
41152,1 fw PLH.static      CFIMEAFDJFM         36.1994 -> 36.2163
41162,0 fw PLH.static      ADJMBEDDHLB         40.6893 -> 40.6946
41166,7 fw PLH.static      ADJMBEDDHLB         40.6946 -> 40.7046
41177,3 fw PLH.static      ADJMBEDDHLB         40.7046 -> 40.7092
41181,6 fw Controll.static MKFDGFOCKNO         40.6446 -> 40.6946
41181,6 fw Controll.static LEKCBKLAILO         40.6946 -> 40.7446
41181,6 fw Controll.static OFJKHAFJIMA          0.0011 -> 0.0095
41181,7 fw PLH.static      ADJMBEDDHLB         40.7092 -> 40.7198
41181,7 fw PLH.static      CFIMEAFDJFM         36.2163 -> 36.2462
41193,4 fw PLH.static      ADJMBEDDHLB         40.7198 -> 40.7242
41197,7 fw Controll.static GIPNIMALPEG          0.9965 -> 0.9101
41197,8 fw PLH.static      ADJMBEDDHLB         40.7242 -> 40.7359
41197,8 fw PLH.static      CFIMEAFDJFM         36.2462 -> 36.2625
41208,8 fw PLH.static      ADJMBEDDHLB         40.7359 -> 40.7403
41214,4 fw PLH.static      ADJMBEDDHLB         40.7403 -> 40.7514
41214,4 fw PLH.static      CFIMEAFDJFM         36.2625 -> 36.2781
41231,2 fw PLH.static      ADJMBEDDHLB         40.7514 -> 40.7569
41236,6 fw Controll.static MKFDGFOCKNO         40.6946 -> 40.7446
41236,6 fw Controll.static LEKCBKLAILO         40.7446 -> 40.7946
41236,7 fw Controll.static OFJKHAFJIMA          0.0095 -> 0.0063
41236,7 fw PLH.static      ADJMBEDDHLB         40.7569 -> 40.7737
41236,7 fw PLH.static      CFIMEAFDJFM         36.2781 -> 36.2958
41247,1 fw PLH.static      ADJMBEDDHLB         40.7737 -> 40.7794
41247,1 fw PLH.static      CFIMEAFDJFM         36.2958 -> 36.3055
41258,5 fw Controll.static GIPNIMALPEG          0.9101 -> 0.1248
41258,5 fw PLH.static      ADJMBEDDHLB         40.7794 -> 40.7896
41266,1 fw PLH.static      ADJMBEDDHLB         40.7896 -> 40.8011
41275,0 fw PLH.static      ADJMBEDDHLB         40.8011 -> 40.8086
41280,7 fw PLH.static      ADJMBEDDHLB         40.8086 -> 40.8176
41289,9 fw Controll.static MKFDGFOCKNO         40.7446 -> 40.7946
41289,9 fw Controll.static LEKCBKLAILO         40.7946 -> 40.8446
41289,9 fw Controll.static OFJKHAFJIMA          0.0063 -> 0.006
41289,9 fw PLH.static      ADJMBEDDHLB         40.8176 -> 40.8232
41295,4 fw PLH.static      ADJMBEDDHLB         40.8232 -> 40.8325
41295,4 fw PLH.static      CFIMEAFDJFM         36.3055 -> 36.3595
41306,8 fw Controll.static GIPNIMALPEG          0.1248 -> 0.0904
41306,9 fw PLH.static      ADJMBEDDHLB         40.8325 -> 40.838
41306,9 fw PLH.static      CFIMEAFDJFM         36.3595 -> 36.3645
41311,4 fw PLH.static      ADJMBEDDHLB          40.838 -> 40.8495
41323,1 fw PLH.static      ADJMBEDDHLB         40.8495 -> 40.8539
41327,0 fw PLH.static      ADJMBEDDHLB         40.8539 -> 40.8656
41340,3 fw Controll.static MKFDGFOCKNO         40.7946 -> 40.8446
41340,3 fw Controll.static LEKCBKLAILO         40.8446 -> 40.8946
41340,3 fw Controll.static OFJKHAFJIMA           0.006 -> 0.0043
41340,4 fw PLH.static      ADJMBEDDHLB         40.8656 -> 40.8696
41344,4 fw PLH.static      ADJMBEDDHLB         40.8696 -> 40.8829
41357,1 fw PLH.static      ADJMBEDDHLB         40.8829 -> 40.887
41360,9 fw Controll.static GIPNIMALPEG          0.0904 -> 0.1727
41360,9 fw PLH.static      ADJMBEDDHLB          40.887 -> 40.8997
41360,9 fw PLH.static      CFIMEAFDJFM         36.3645 -> 36.4261
41373,5 fw PLH.static      ADJMBEDDHLB         40.8997 -> 40.9035
41377,1 fw PLH.static      ADJMBEDDHLB         40.9035 -> 40.916
41389,3 fw Controll.static MKFDGFOCKNO         40.8446 -> 40.8946
41389,3 fw Controll.static LEKCBKLAILO         40.8946 -> 40.9446
41389,4 fw PLH.static      ADJMBEDDHLB          40.916 -> 40.9196
41393,9 fw Controll.static OFJKHAFJIMA          0.0043 -> 0.0047
41394,0 fw PLH.static      ADJMBEDDHLB         40.9196 -> 40.9319
41406,7 fw PLH.static      ADJMBEDDHLB         40.9319 -> 40.9365
41412,2 fw Controll.static GIPNIMALPEG          0.1727 -> 0.1988
41412,2 fw PLH.static      ADJMBEDDHLB         40.9365 -> 40.9493
41423,5 fw Controll.static NAKNALFCOIF            -1.8 -> -1.95
41423,6 fw PLH.static      ADJMBEDDHLB         40.9493 -> 40.9548
41423,6 fw PLH.static      CFIMEAFDJFM         36.4261 -> 36.4815
41427,6 fw PLH.static      ADJMBEDDHLB         40.9548 -> 40.9661
41427,6 fw PLH.static      CFIMEAFDJFM         36.4815 -> 36.4929
41440,1 fw PLH.static      ADJMBEDDHLB         40.9661 -> 40.9701
41444,2 fw Controll.static MKFDGFOCKNO         40.8946 -> 40.9446
41444,2 fw Controll.static LEKCBKLAILO         40.9446 -> 40.9946
41444,2 fw Controll.static OFJKHAFJIMA          0.0047 -> 0.0042
41444,3 fw PLH.static      ADJMBEDDHLB         40.9701 -> 40.9826
41456,9 fw PLH.static      ADJMBEDDHLB         40.9826 -> 40.9868
41460,8 fw Controll.static GIPNIMALPEG          0.1988 -> 0.1711
41460,9 fw PLH.static      ADJMBEDDHLB         40.9868 -> 40.9995
41460,9 fw PLH.static      CFIMEAFDJFM         36.4929 -> 36.5258
41474,0 fw Controll.static NAKNALFCOIF           -1.95 -> -2.25
41474,1 fw PLH.static      ADJMBEDDHLB         40.9995 -> 41.0034
41477,6 fw PLH.static      ADJMBEDDHLB         41.0034 -> 41.0167
41477,6 fw PLH.static      CFIMEAFDJFM         36.5258 -> 36.5423
41490,0 fw PLH.static      ADJMBEDDHLB         41.0167 -> 41.0201
41494,1 fw Controll.static MKFDGFOCKNO         40.9446 -> 40.9946
41494,1 fw Controll.static LEKCBKLAILO         40.9946 -> 41.0446
41494,1 fw Controll.static OFJKHAFJIMA          0.0042 -> 0.0044
41494,2 fw PLH.static      ADJMBEDDHLB         41.0201 -> 41.0325
41494,2 fw PLH.static      CFIMEAFDJFM         36.5423 -> 36.5587
41506,4 fw PLH.static      ADJMBEDDHLB         41.0325 -> 41.0367
41511,6 fw Controll.static GIPNIMALPEG          0.1711 -> 0.1875
41511,7 fw PLH.static      ADJMBEDDHLB         41.0367 -> 41.0498
41511,7 fw PLH.static      CFIMEAFDJFM         36.5587 -> 36.5756
41523,7 fw Controll.static NAKNALFCOIF           -2.25 -> -3
41523,7 fw Controll.static IGLCENGMMMJ            15.9 -> 15.6
41523,8 fw PLH.static      ADJMBEDDHLB         41.0498 -> 41.0542
41530,0 fw PLH.static      ADJMBEDDHLB         41.0542 -> 41.0679
41530,0 fw PLH.static      CFIMEAFDJFM         36.5756 -> 36.5926
41540,9 fw PLH.static      ADJMBEDDHLB         41.0679 -> 41.0725
41546,7 fw Controll.static MKFDGFOCKNO         40.9946 -> 41.0446
41546,7 fw Controll.static LEKCBKLAILO         41.0446 -> 41.0946
41546,7 fw Controll.static OFJKHAFJIMA          0.0044 -> 0.0038
41546,7 fw PLH.static      ADJMBEDDHLB         41.0725 -> 41.0834
41557,0 fw PLH.static      ADJMBEDDHLB         41.0834 -> 41.0893
41561,8 fw Controll.static GIPNIMALPEG          0.1875 -> 0.1915
41561,9 fw PLH.static      ADJMBEDDHLB         41.0893 -> 41.0996
41561,9 fw PLH.static      CFIMEAFDJFM         36.5926 -> 36.6259
41574,0 fw Controll.static NAKNALFCOIF              -3 -> -3.6
41574,1 fw PLH.static      ADJMBEDDHLB         41.0996 -> 41.1044
41578,3 fw PLH.static      ADJMBEDDHLB         41.1044 -> 41.1168
41578,3 fw PLH.static      CFIMEAFDJFM         36.6259 -> 36.6424
41589,4 fw PLH.static      ADJMBEDDHLB         41.1168 -> 41.1208
41595,6 fw Controll.static MKFDGFOCKNO         41.0446 -> 41.0946
41595,6 fw Controll.static LEKCBKLAILO         41.0946 -> 41.1446
41595,6 fw Controll.static OFJKHAFJIMA          0.0038 -> 0.0045
41595,6 fw PLH.static      ADJMBEDDHLB         41.1208 -> 41.132
41595,6 fw PLH.static      CFIMEAFDJFM         36.6424 -> 36.659
41607,1 fw PLH.static      ADJMBEDDHLB          41.132 -> 41.1382
41607,1 fw PLH.static      CFIMEAFDJFM          36.659 -> 36.6641
41611,6 fw Controll.static GIPNIMALPEG          0.1915 -> 0.1867
41611,7 fw PLH.static      ADJMBEDDHLB         41.1382 -> 41.1497
41611,7 fw PLH.static      CFIMEAFDJFM         36.6641 -> 36.6753
41622,3 fw Controll.static NAKNALFCOIF            -3.6 -> -4.2
41622,4 fw PLH.static      ADJMBEDDHLB         41.1497 -> 41.1542
41626,7 fw PLH.static      ADJMBEDDHLB         41.1542 -> 41.1649
41640,4 fw PLH.static      ADJMBEDDHLB         41.1649 -> 41.1693
41644,1 fw Controll.static MKFDGFOCKNO         41.0946 -> 41.1446
41644,1 fw Controll.static LEKCBKLAILO         41.1446 -> 41.1946
41644,2 fw PLH.static      ADJMBEDDHLB         41.1693 -> 41.1829
41657,1 fw PLH.static      ADJMBEDDHLB         41.1829 -> 41.1867
41661,0 fw PLH.static      ADJMBEDDHLB         41.1867 -> 41.1996
41661,1 fw PLH.static      CFIMEAFDJFM         36.6753 -> 36.7254
41673,7 fw Controll.static GIPNIMALPEG          0.1867 -> 0.4283
41673,7 fw PLH.static      ADJMBEDDHLB         41.1996 -> 41.2037
41678,1 fw Controll.static NAKNALFCOIF            -4.2 -> -4.95
41678,2 fw PLH.static      ADJMBEDDHLB         41.2037 -> 41.2163
41689,7 fw PLH.static      ADJMBEDDHLB         41.2163 -> 41.2207
41693,9 fw Controll.static MKFDGFOCKNO         41.1446 -> 41.1946
41693,9 fw Controll.static LEKCBKLAILO         41.1946 -> 41.2446
41693,9 fw PLH.static      ADJMBEDDHLB         41.2207 -> 41.2322
41693,9 fw PLH.static      CFIMEAFDJFM         36.7254 -> 36.7585
41706,3 fw Controll.static OFJKHAFJIMA          0.0045 -> 0.0039
41706,4 fw PLH.static      ADJMBEDDHLB         41.2322 -> 41.2364
41706,4 fw PLH.static      CFIMEAFDJFM         36.7585 -> 36.7631
41712,2 fw player          ACAIGMNLLEC             254 -> 253
41712,2 fw player          HEADELMLILF               0 -> 1
41712,2 fw PLH.static      ADJMBEDDHLB         41.2364 -> 41.249
41712,2 fw PLH.static      CFIMEAFDJFM         36.7631 -> 36.775
41722,4 fw Controll.static GIPNIMALPEG          0.4283 -> 0.4017
41722,4 fw PLH.static      ADJMBEDDHLB          41.249 -> 41.2547
41727,8 fw Controll.static NAKNALFCOIF           -4.95 -> -5.55
41727,8 fw PLH.static      ADJMBEDDHLB         41.2547 -> 41.2649
41739,2 fw PLH.static      ADJMBEDDHLB         41.2649 -> 41.2703
41742,9 fw PLH.static      ADJMBEDDHLB         41.2703 -> 41.2817
41757,1 fw Controll.static MKFDGFOCKNO         41.1946 -> 41.2946
41757,1 fw Controll.static LEKCBKLAILO         41.2446 -> 41.3446
41757,1 fw Controll.static OFJKHAFJIMA          0.0039 -> 0.0044
41757,2 fw PLH.static      ADJMBEDDHLB         41.2817 -> 41.2855
41762,0 fw PLH.static      ADJMBEDDHLB         41.2855 -> 41.2999
41762,0 fw PLH.static      CFIMEAFDJFM          36.775 -> 36.8251
41772,5 fw Controll.static GIPNIMALPEG          0.4017 -> 0.4048
41772,6 fw PLH.static      ADJMBEDDHLB         41.2999 -> 41.3045
41776,8 fw Controll.static NAKNALFCOIF           -5.55 -> -5.85
41776,8 fw PLH.static      ADJMBEDDHLB         41.3045 -> 41.3151
41788,5 fw PLH.static      ADJMBEDDHLB         41.3151 -> 41.3194
41793,2 fw PLH.static      ADJMBEDDHLB         41.3194 -> 41.3311
41793,2 fw PLH.static      CFIMEAFDJFM         36.8251 -> 36.8581
41805,4 fw Controll.static MKFDGFOCKNO         41.2946 -> 41.3447
41805,4 fw Controll.static LEKCBKLAILO         41.3446 -> 41.3946
41805,4 fw Controll.static OFJKHAFJIMA          0.0044 -> 0.0029
41805,5 fw PLH.static      ADJMBEDDHLB         41.3311 -> 41.3357
41810,2 fw PLH.static      ADJMBEDDHLB         41.3357 -> 41.348
41822,4 fw Controll.static GIPNIMALPEG          0.4048 -> 0.403
41822,5 fw PLH.static      ADJMBEDDHLB          41.348 -> 41.3527
41826,5 fw Controll.static NAKNALFCOIF           -5.85 -> -6
41826,5 fw PLH.static      ADJMBEDDHLB         41.3527 -> 41.3651
41839,2 fw PLH.static      ADJMBEDDHLB         41.3651 -> 41.3691
41843,3 fw PLH.static      ADJMBEDDHLB         41.3691 -> 41.3818
41843,3 fw PLH.static      CFIMEAFDJFM         36.8581 -> 36.9082
41855,6 fw Controll.static MKFDGFOCKNO         41.3447 -> 41.3947
41855,6 fw Controll.static LEKCBKLAILO         41.3946 -> 41.4447
41855,6 fw Controll.static OFJKHAFJIMA          0.0029 -> 0.0031
41855,7 fw PLH.static      ADJMBEDDHLB         41.3818 -> 41.3858
41861,2 fw PLH.static      ADJMBEDDHLB         41.3858 -> 41.3982
41861,2 fw PLH.static      CFIMEAFDJFM         36.9082 -> 36.9245
41872,8 fw Controll.static GIPNIMALPEG           0.403 -> 0.4106
41872,9 fw PLH.static      ADJMBEDDHLB         41.3982 -> 41.404
41872,9 fw PLH.static      CFIMEAFDJFM         36.9245 -> 36.9308
41877,4 fw PLH.static      ADJMBEDDHLB          41.404 -> 41.4154
41888,5 fw player          ACAIGMNLLEC             253 -> 252
41888,5 fw Controll.static DGNDKAKOEPD         2624432 -> 2625442
41888,5 fw Controll.static BEJBLGGGOCC       340204558 -> 340205571
41888,5 fw Controll.static JELGPAKAJPE             176 -> 182
41888,5 fw Controll.static EENJPDHGGGC          40.372 -> 41.3818
41888,6 fw PLH.static      ADJMBEDDHLB         41.4154 -> 41.42
41892,9 fw PLH.static      ADJMBEDDHLB           41.42 -> 41.4311
41892,9 fw PLH.static      CFIMEAFDJFM         36.9308 -> 36.958
41905,6 fw Controll.static MKFDGFOCKNO         41.3947 -> 41.4447
41905,6 fw Controll.static LEKCBKLAILO         41.4447 -> 41.4947
41905,6 fw PLH.static      ADJMBEDDHLB         41.4311 -> 41.4355
41909,8 fw PLH.static      ADJMBEDDHLB         41.4355 -> 41.4482
41922,1 fw player          HEADELMLILF               1 -> 0
41922,1 fw Controll.static GIPNIMALPEG          0.4106 -> 0.3959
41922,2 fw PLH.static      ADJMBEDDHLB         41.4482 -> 41.4524
41926,3 fw PLH.static      ADJMBEDDHLB         41.4524 -> 41.4648
41926,3 fw PLH.static      CFIMEAFDJFM          36.958 -> 36.9912
41941,0 fw Controll        MJPKOOHJOPA         27.7067 -> 37.3077
41941,0 fw PLH.static      ADJMBEDDHLB         41.4648 -> 41.4688
41945,2 fw Controll.static GLGCAOADGMN               0 -> 1
41945,2 fw PLH.static      ADJMBEDDHLB         41.4688 -> 41.4836
41957,2 fw player          ACAIGMNLLEC             252 -> 251
41957,3 fw Controll.static MKFDGFOCKNO         41.4447 -> 41.4947
41957,3 fw Controll.static LEKCBKLAILO         41.4947 -> 41.5447
41957,3 fw Controll.static OFJKHAFJIMA          0.0031 -> 0.0047
41957,3 fw PLH.static      ADJMBEDDHLB         41.4836 -> 41.4878
41961,5 fw player          HEADELMLILF               0 -> 1
41961,6 fw PLH.static      ADJMBEDDHLB         41.4878 -> 41.4999
41961,6 fw PLH.static      CFIMEAFDJFM         36.9912 -> 37.0259
41973,0 fw Controll.static MNHBPCOOMLE         2616141 -> 2625743
41973,1 fw PLH.static      ADJMBEDDHLB         41.4999 -> 41.5043
41978,1 fw Controll.static GIPNIMALPEG          0.3959 -> 0.5151
41978,1 fw PLH.static      ADJMBEDDHLB         41.5043 -> 41.5163
41978,1 fw PLH.static      CFIMEAFDJFM         37.0259 -> 37.0419
41989,5 fw PLH.static      ADJMBEDDHLB         41.5163 -> 41.5207
41989,5 fw PLH.static      CFIMEAFDJFM         37.0419 -> 37.0477
41995,2 fw player          HEADELMLILF               1 -> 0
41995,3 fw PLH.static      ADJMBEDDHLB         41.5207 -> 41.5321
41995,3 fw PLH.static      CFIMEAFDJFM         37.0477 -> 37.0591
42005,1 fw Controll.static MKFDGFOCKNO         41.4947 -> 41.5447
42005,1 fw Controll.static LEKCBKLAILO         41.5447 -> 41.5947
42005,2 fw PLH.static      ADJMBEDDHLB         41.5321 -> 41.5378
42009,9 fw Controll.static OFJKHAFJIMA          0.0047 -> 0.0026
42010,0 fw PLH.static      ADJMBEDDHLB         41.5378 -> 41.5477
42022,0 fw PLH.static      ADJMBEDDHLB         41.5477 -> 41.554
42022,1 fw PLH.static      CFIMEAFDJFM         37.0591 -> 37.0796
42026,0 fw Controll.static GIPNIMALPEG          0.5151 -> 0.4746
42026,1 fw PLH.static      ADJMBEDDHLB          41.554 -> 41.5646
42026,1 fw PLH.static      CFIMEAFDJFM         37.0796 -> 37.091
42041,4 fw PLH.static      ADJMBEDDHLB         41.5646 -> 41.5739
42041,4 fw PLH.static      CFIMEAFDJFM          37.091 -> 37.0957
42048,7 fw PLH.static      ADJMBEDDHLB         41.5739 -> 41.5839
42048,7 fw PLH.static      CFIMEAFDJFM         37.0957 -> 37.1088
42057,6 fw Controll.static GLGCAOADGMN               1 -> 0
42057,7 fw PLH.static      ADJMBEDDHLB         41.5839 -> 41.5913
42062,7 fw Controll.static MKFDGFOCKNO         41.5447 -> 41.5947
42062,7 fw Controll.static LEKCBKLAILO         41.5947 -> 41.6447
42062,7 fw Controll.static OFJKHAFJIMA          0.0026 -> 0.0051
42062,8 fw PLH.static      ADJMBEDDHLB         41.5913 -> 41.6002
42062,8 fw PLH.static      CFIMEAFDJFM         37.1088 -> 37.1261
42073,7 fw PLH.static      ADJMBEDDHLB         41.6002 -> 41.6053
42077,8 fw Controll.static GIPNIMALPEG          0.4746 -> 0.509
42077,8 fw PLH.static      ADJMBEDDHLB         41.6053 -> 41.6163
42077,8 fw PLH.static      CFIMEAFDJFM         37.1261 -> 37.1426
42089,0 fw PLH.static      ADJMBEDDHLB         41.6163 -> 41.6204
42094,7 fw player          LNIDBHIAJJI              11 -> 10
42094,8 fw PLH.static      ADJMBEDDHLB         41.6204 -> 41.6315
42106,3 fw PLH.static      ADJMBEDDHLB         41.6315 -> 41.6373
42112,3 fw Controll.static MKFDGFOCKNO         41.5947 -> 41.6447
42112,3 fw Controll.static LEKCBKLAILO         41.6447 -> 41.6947
42112,3 fw Controll.static OFJKHAFJIMA          0.0051 -> 0.0036
42112,4 fw PLH.static      ADJMBEDDHLB         41.6373 -> 41.6492
42112,4 fw PLH.static      CFIMEAFDJFM         37.1426 -> 37.1755
42123,1 fw PLH.static      ADJMBEDDHLB         41.6492 -> 41.655
42123,1 fw PLH.static      CFIMEAFDJFM         37.1755 -> 37.1813
42127,9 fw Controll.static GIPNIMALPEG           0.509 -> 0.5107
42127,9 fw PLH.static      ADJMBEDDHLB          41.655 -> 41.6657
42138,9 fw PLH.static      ADJMBEDDHLB         41.6657 -> 41.6704
42142,9 fw PLH.static      ADJMBEDDHLB         41.6704 -> 41.6815
42142,9 fw PLH.static      CFIMEAFDJFM         37.1813 -> 37.2078
42155,3 fw PLH.static      ADJMBEDDHLB         41.6815 -> 41.6855
42159,3 fw Controll.static MKFDGFOCKNO         41.6447 -> 41.6947
42159,3 fw Controll.static LEKCBKLAILO         41.6947 -> 41.7447
42159,3 fw Controll.static OFJKHAFJIMA          0.0036 -> 0.0026
42159,4 fw PLH.static      ADJMBEDDHLB         41.6855 -> 41.6978
42171,8 fw PLH.static      ADJMBEDDHLB         41.6978 -> 41.7019
42175,7 fw Controll.static GIPNIMALPEG          0.5107 -> 0.468
42175,8 fw PLH.static      ADJMBEDDHLB         41.7019 -> 41.7143
42187,8 fw PLH.static      ADJMBEDDHLB         41.7143 -> 41.7184
42187,8 fw PLH.static      CFIMEAFDJFM         37.2078 -> 37.2454
42192,6 fw PLH.static      ADJMBEDDHLB         41.7184 -> 41.7303
42192,6 fw PLH.static      CFIMEAFDJFM         37.2454 -> 37.2573
42204,4 fw PLH.static      ADJMBEDDHLB         41.7303 -> 41.7351
42208,6 fw Controll.static MKFDGFOCKNO         41.6947 -> 41.7447
42208,6 fw Controll.static LEKCBKLAILO         41.7447 -> 41.7947
42208,6 fw Controll.static OFJKHAFJIMA          0.0026 -> 0.0018
42208,7 fw PLH.static      ADJMBEDDHLB         41.7351 -> 41.7469
42221,5 fw PLH.static      ADJMBEDDHLB         41.7469 -> 41.7512
42226,0 fw Controll.static GIPNIMALPEG           0.468 -> 0.4724
42226,0 fw PLH.static      ADJMBEDDHLB         41.7512 -> 41.7642
42226,0 fw PLH.static      CFIMEAFDJFM         37.2573 -> 37.2903
42238,4 fw PLH.static      ADJMBEDDHLB         41.7642 -> 41.7685
42242,3 fw PLH.static      ADJMBEDDHLB         41.7685 -> 41.7809
42242,3 fw PLH.static      CFIMEAFDJFM         37.2903 -> 37.3072
42254,7 fw PLH.static      ADJMBEDDHLB         41.7809 -> 41.7849
42258,9 fw Controll.static MKFDGFOCKNO         41.7447 -> 41.7947
42258,9 fw Controll.static LEKCBKLAILO         41.7947 -> 41.8447
42258,9 fw Controll.static OFJKHAFJIMA          0.0018 -> 0.0021
42259,0 fw PLH.static      ADJMBEDDHLB         41.7849 -> 41.7973
42259,0 fw PLH.static      CFIMEAFDJFM         37.3072 -> 37.3234
42271,5 fw PLH.static      ADJMBEDDHLB         41.7973 -> 41.8015
42276,6 fw PLH.static      ADJMBEDDHLB         41.8015 -> 41.8141
42276,6 fw PLH.static      CFIMEAFDJFM         37.3234 -> 37.3403
42289,6 fw Controll.static GIPNIMALPEG          0.4724 -> 0.7454
42289,6 fw Controll        MJPKOOHJOPA         37.3077 -> 37.6576
42289,7 fw PLH.static      ADJMBEDDHLB         41.8141 -> 41.8201
42294,7 fw PLH.static      ADJMBEDDHLB         41.8201 -> 41.8322
42305,2 fw PLH.static      ADJMBEDDHLB         41.8322 -> 41.8372
42309,7 fw Controll.static GLGCAOADGMN               0 -> 1
42309,7 fw Controll.static MKFDGFOCKNO         41.7947 -> 41.8447
42309,7 fw Controll.static LEKCBKLAILO         41.8447 -> 41.8947
42309,8 fw PLH.static      ADJMBEDDHLB         41.8372 -> 41.8477
42309,8 fw PLH.static      CFIMEAFDJFM         37.3403 -> 37.3744
42321,3 fw Controll.static OFJKHAFJIMA          0.0021 -> 0.0025
42321,3 fw PLH.static      ADJMBEDDHLB         41.8477 -> 41.8523
42325,3 fw Controll.static MNHBPCOOMLE         2625743 -> 2626091
42325,3 fw PLH.static      ADJMBEDDHLB         41.8523 -> 41.8639
42325,3 fw PLH.static      CFIMEAFDJFM         37.3744 -> 37.3902
42338,1 fw Controll.static GIPNIMALPEG          0.7454 -> 0.7144
42338,1 fw PLH.static      ADJMBEDDHLB         41.8639 -> 41.8679
42342,3 fw PLH.static      ADJMBEDDHLB         41.8679 -> 41.8807
42342,3 fw PLH.static      CFIMEAFDJFM         37.3902 -> 37.407
42354,9 fw PLH.static      ADJMBEDDHLB         41.8807 -> 41.8848
42359,2 fw PLH.static      ADJMBEDDHLB         41.8848 -> 41.8975
42359,2 fw PLH.static      CFIMEAFDJFM          37.407 -> 37.4235
42371,2 fw Controll.static MKFDGFOCKNO         41.8447 -> 41.8947
42371,2 fw Controll.static LEKCBKLAILO         41.8947 -> 41.9447
42371,2 fw Controll.static OFJKHAFJIMA          0.0025 -> 0.0023
42371,2 fw PLH.static      ADJMBEDDHLB         41.8975 -> 41.9018
42375,3 fw PLH.static      ADJMBEDDHLB         41.9018 -> 41.9138
42388,7 fw Controll.static GIPNIMALPEG          0.7144 -> 0.7261
42388,7 fw PLH.static      ADJMBEDDHLB         41.9138 -> 41.9179
42388,7 fw PLH.static      CFIMEAFDJFM         37.4235 -> 37.4449
42393,4 fw PLH.static      ADJMBEDDHLB         41.9179 -> 41.9312
42404,7 fw PLH.static      ADJMBEDDHLB         41.9312 -> 41.9359
42404,7 fw PLH.static      CFIMEAFDJFM         37.4449 -> 37.4623
42409,0 fw player          LNIDBHIAJJI              10 -> 11
42409,0 fw Controll.static GLGCAOADGMN               1 -> 0
42409,1 fw PLH.static      ADJMBEDDHLB         41.9359 -> 41.9472
42422,9 fw Controll.static MKFDGFOCKNO         41.8947 -> 41.9447
42422,9 fw Controll.static LEKCBKLAILO         41.9447 -> 41.9947
42422,9 fw Controll.static OFJKHAFJIMA          0.0023 -> 0.0021
42423,0 fw PLH.static      ADJMBEDDHLB         41.9472 -> 41.9516
42423,0 fw PLH.static      CFIMEAFDJFM         37.4623 -> 37.4786
42428,7 fw PLH.static      ADJMBEDDHLB         41.9516 -> 41.9656
42440,8 fw Controll.static GIPNIMALPEG          0.7261 -> 0.7679
42440,8 fw PLH.static      ADJMBEDDHLB         41.9656 -> 41.9713
42445,2 fw PLH.static      ADJMBEDDHLB         41.9713 -> 41.9833
42445,2 fw PLH.static      CFIMEAFDJFM         37.4786 -> 37.5096
42457,8 fw player          LNIDBHIAJJI              11 -> 10
42457,8 fw PLH.static      ADJMBEDDHLB         41.9833 -> 41.9877
42463,1 fw PLH.static      ADJMBEDDHLB         41.9877 -> 42.0005
42463,1 fw PLH.static      CFIMEAFDJFM         37.5096 -> 37.5262
42475,0 fw Controll.static MKFDGFOCKNO         41.9447 -> 41.9947
42475,0 fw Controll.static LEKCBKLAILO         41.9947 -> 42.0447
42475,0 fw Controll.static OFJKHAFJIMA          0.0021 -> 0.0051
42475,0 fw PLH.static      ADJMBEDDHLB         42.0005 -> 42.0057
42479,5 fw PLH.static      ADJMBEDDHLB         42.0057 -> 42.0175
42491,3 fw Controll.static GIPNIMALPEG          0.7679 -> 0.7779
42491,3 fw PLH.static      ADJMBEDDHLB         42.0175 -> 42.0221
42495,5 fw PLH.static      ADJMBEDDHLB         42.0221 -> 42.0339
42495,5 fw PLH.static      CFIMEAFDJFM         37.5262 -> 37.5601
42506,8 fw PLH.static      ADJMBEDDHLB         42.0339 -> 42.038
42512,6 fw PLH.static      ADJMBEDDHLB          42.038 -> 42.0494
42512,7 fw PLH.static      CFIMEAFDJFM         37.5601 -> 37.5761
42522,7 fw Controll.static MKFDGFOCKNO         41.9947 -> 42.0447
42522,7 fw Controll.static LEKCBKLAILO         42.0447 -> 42.0947
42522,7 fw Controll.static OFJKHAFJIMA          0.0051 -> 0.0042
42522,7 fw PLH.static      ADJMBEDDHLB         42.0494 -> 42.0574
42522,7 fw PLH.static      CFIMEAFDJFM         37.5761 -> 37.5816
42528,9 fw PLH.static      ADJMBEDDHLB         42.0574 -> 42.0653
42537,6 fw Controll.static GIPNIMALPEG          0.7779 -> 0.7038
42537,6 fw PLH.static      ADJMBEDDHLB         42.0653 -> 42.0714
42542,3 fw PLH.static      ADJMBEDDHLB         42.0714 -> 42.0802
42542,3 fw PLH.static      CFIMEAFDJFM         37.5816 -> 37.6065
42554,9 fw PLH.static      ADJMBEDDHLB         42.0802 -> 42.0849
42559,0 fw PLH.static      ADJMBEDDHLB         42.0849 -> 42.0975
42559,0 fw PLH.static      CFIMEAFDJFM         37.6065 -> 37.6234
42570,2 fw Controll.static MKFDGFOCKNO         42.0447 -> 42.0947
42570,2 fw Controll.static LEKCBKLAILO         42.0947 -> 42.1447
42570,2 fw Controll.static OFJKHAFJIMA          0.0042 -> 0.0023
42570,2 fw PLH.static      ADJMBEDDHLB         42.0975 -> 42.1016
42575,9 fw PLH.static      ADJMBEDDHLB         42.1016 -> 42.1128
42575,9 fw PLH.static      CFIMEAFDJFM         37.6234 -> 37.6398
42586,5 fw PLH.static      ADJMBEDDHLB         42.1128 -> 42.1185
42591,1 fw Controll.static GIPNIMALPEG          0.7038 -> 0.7752
42591,2 fw PLH.static      ADJMBEDDHLB         42.1185 -> 42.129
42603,3 fw PLH.static      ADJMBEDDHLB          42.129 -> 42.1337
42603,3 fw PLH.static      CFIMEAFDJFM         37.6398 -> 37.6602
42607,6 fw PLH.static      ADJMBEDDHLB         42.1337 -> 42.1458
42620,3 fw Controll.static MKFDGFOCKNO         42.0947 -> 42.1447
42620,4 fw Controll.static LEKCBKLAILO         42.1447 -> 42.1947
42620,4 fw PLH.static      ADJMBEDDHLB         42.1458 -> 42.1502
42624,6 fw Controll.static OFJKHAFJIMA          0.0023 -> 0.0006
42624,7 fw PLH.static      ADJMBEDDHLB         42.1502 -> 42.163
42624,7 fw PLH.static      CFIMEAFDJFM         37.6602 -> 37.6892
42624,7 fw HUD.static      EHBHDOAHOAO              11 -> 12
42624,7 fw HUD.static      GONEFAMEMOJ             320 -> 315
42637,5 fw PLH.static      ADJMBEDDHLB          42.163 -> 42.1673
42637,5 fw HUD.static      DIIAFKMNANI         32.6803 -> 37.6892
42641,4 fw Controll.static GIPNIMALPEG          0.7752 -> 0.7813
42641,5 fw PLH.static      ADJMBEDDHLB         42.1673 -> 42.1801
42641,5 fw PLH.static      CFIMEAFDJFM         37.6892 -> 37.7065
42654,0 fw PLH.static      ADJMBEDDHLB         42.1801 -> 42.184
42657,9 fw PLH.static      ADJMBEDDHLB          42.184 -> 42.1965
42657,9 fw PLH.static      CFIMEAFDJFM         37.7065 -> 37.7227
42669,6 fw PLH.static      ADJMBEDDHLB         42.1965 -> 42.2005
42674,8 fw Controll.static MKFDGFOCKNO         42.1447 -> 42.1947
42674,9 fw Controll.static LEKCBKLAILO         42.1947 -> 42.2447
42674,9 fw Controll.static OFJKHAFJIMA          0.0006 -> 0.0014
42674,9 fw PLH.static      ADJMBEDDHLB         42.2005 -> 42.2121
42686,3 fw PLH.static      ADJMBEDDHLB         42.2121 -> 42.2175
42686,3 fw PLH.static      CFIMEAFDJFM         37.7227 -> 37.7439
42691,0 fw Controll.static GIPNIMALPEG          0.7813 -> 0.7727
42691,1 fw PLH.static      ADJMBEDDHLB         42.2175 -> 42.2288
42703,1 fw PLH.static      ADJMBEDDHLB         42.2288 -> 42.2336
42703,1 fw PLH.static      CFIMEAFDJFM         37.7439 -> 37.7601
42706,8 fw PLH.static      ADJMBEDDHLB         42.2336 -> 42.2456
42720,0 fw PLH.static      ADJMBEDDHLB         42.2456 -> 42.2494
42724,1 fw Controll.static MKFDGFOCKNO         42.1947 -> 42.2448
42724,1 fw Controll.static LEKCBKLAILO         42.2447 -> 42.2948
42724,1 fw Controll.static OFJKHAFJIMA          0.0014 -> 0.0004
42724,1 fw PLH.static      ADJMBEDDHLB         42.2494 -> 42.2626
42724,1 fw PLH.static      CFIMEAFDJFM         37.7601 -> 37.7889
42736,6 fw PLH.static      ADJMBEDDHLB         42.2626 -> 42.2667
42741,4 fw Controll.static GIPNIMALPEG          0.7727 -> 0.7797
42741,4 fw PLH.static      ADJMBEDDHLB         42.2667 -> 42.2801
42741,4 fw PLH.static      CFIMEAFDJFM         37.7889 -> 37.8055
42754,0 fw PLH.static      ADJMBEDDHLB         42.2801 -> 42.2839
42757,9 fw PLH.static      ADJMBEDDHLB         42.2839 -> 42.2965
42769,3 fw player          LNIDBHIAJJI              10 -> 11
42769,3 fw PLH.static      ADJMBEDDHLB         42.2965 -> 42.3004
42769,3 fw PLH.static      CFIMEAFDJFM         37.8055 -> 37.8275
42774,2 fw Controll.static MKFDGFOCKNO         42.2448 -> 42.2948
42774,2 fw Controll.static LEKCBKLAILO         42.2948 -> 42.3448
42774,2 fw Controll.static OFJKHAFJIMA          0.0004 -> 0.0013
42774,2 fw PLH.static      ADJMBEDDHLB         42.3004 -> 42.3119
42785,9 fw PLH.static      ADJMBEDDHLB         42.3119 -> 42.3168
42785,9 fw PLH.static      CFIMEAFDJFM         37.8275 -> 37.8431
42789,7 fw Controll.static GIPNIMALPEG          0.7797 -> 0.746
42789,8 fw PLH.static      ADJMBEDDHLB         42.3168 -> 42.3285
42803,5 fw PLH.static      ADJMBEDDHLB         42.3285 -> 42.3323
42807,9 fw Controll.static DGNDKAKOEPD         2625442 -> 2626372
42807,9 fw Controll.static BEJBLGGGOCC       340205571 -> 340206559
42807,9 fw Controll.static JELGPAKAJPE             182 -> 116
42807,9 fw Controll.static EENJPDHGGGC         41.3818 -> 42.3118
42808,0 fw PLH.static      ADJMBEDDHLB         42.3323 -> 42.3462
42808,0 fw PLH.static      CFIMEAFDJFM         37.8431 -> 37.8721
42820,4 fw PLH.static      ADJMBEDDHLB         42.3462 -> 42.3505
42824,3 fw Controll.static MKFDGFOCKNO         42.2948 -> 42.3448
42824,3 fw Controll.static LEKCBKLAILO         42.3448 -> 42.3948
42824,3 fw Controll.static OFJKHAFJIMA          0.0013 -> 0.0008
42824,3 fw PLH.static      ADJMBEDDHLB         42.3505 -> 42.3629
42824,3 fw PLH.static      CFIMEAFDJFM         37.8721 -> 37.8891
42836,7 fw PLH.static      ADJMBEDDHLB         42.3629 -> 42.3668
42840,6 fw Controll.static GIPNIMALPEG           0.746 -> 0.7639
42840,6 fw PLH.static      ADJMBEDDHLB         42.3668 -> 42.3792
42853,3 fw PLH.static      ADJMBEDDHLB         42.3792 -> 42.3832
42857,6 fw PLH.static      ADJMBEDDHLB         42.3832 -> 42.3958
42857,6 fw PLH.static      CFIMEAFDJFM         37.8891 -> 37.9218
42869,4 fw PLH.static      ADJMBEDDHLB         42.3958 -> 42.4001
42874,4 fw Controll.static MKFDGFOCKNO         42.3448 -> 42.3948
42874,4 fw Controll.static LEKCBKLAILO         42.3948 -> 42.4448
42874,4 fw Controll.static OFJKHAFJIMA          0.0008 -> 0.0005
42874,5 fw PLH.static      ADJMBEDDHLB         42.4001 -> 42.412
42874,5 fw PLH.static      CFIMEAFDJFM         37.9218 -> 37.939
42885,7 fw PLH.static      ADJMBEDDHLB          42.412 -> 42.417
42889,9 fw PLH.static      ADJMBEDDHLB          42.417 -> 42.4283
42889,9 fw PLH.static      CFIMEAFDJFM          37.939 -> 37.9552
42903,2 fw Controll.static GIPNIMALPEG          0.7639 -> 0.0158
42903,2 fw PLH.static      ADJMBEDDHLB         42.4283 -> 42.4324
42907,3 fw PLH.static      ADJMBEDDHLB         42.4324 -> 42.4459
42907,3 fw PLH.static      CFIMEAFDJFM         37.9552 -> 37.9718
42919,9 fw PLH.static      ADJMBEDDHLB         42.4459 -> 42.4498
42923,6 fw Controll.static MKFDGFOCKNO         42.3948 -> 42.4448
42923,6 fw Controll.static LEKCBKLAILO         42.4448 -> 42.4948
42923,7 fw PLH.static      ADJMBEDDHLB         42.4498 -> 42.4624
42923,7 fw PLH.static      CFIMEAFDJFM         37.9718 -> 37.9888
42936,4 fw PLH.static      ADJMBEDDHLB         42.4624 -> 42.4662
42940,4 fw PLH.static      ADJMBEDDHLB         42.4662 -> 42.479
42940,4 fw PLH.static      CFIMEAFDJFM         37.9888 -> 38.0051
42953,1 fw Controll.static GIPNIMALPEG          0.0158 -> 0.0139
42953,2 fw PLH.static      ADJMBEDDHLB          42.479 -> 42.4829
42957,8 fw PLH.static      ADJMBEDDHLB         42.4829 -> 42.4957
42957,8 fw PLH.static      CFIMEAFDJFM         38.0051 -> 38.0218
42969,6 fw PLH.static      ADJMBEDDHLB         42.4957 -> 42.5003
42974,9 fw PLH.static      ADJMBEDDHLB         42.5003 -> 42.5121
42985,5 fw Controll.static MKFDGFOCKNO         42.4448 -> 42.4948
42985,5 fw Controll.static LEKCBKLAILO         42.4948 -> 42.5448
42985,5 fw PLH.static      ADJMBEDDHLB         42.5121 -> 42.5174
42985,5 fw PLH.static      CFIMEAFDJFM         38.0218 -> 38.0438
42991,1 fw PLH.static      ADJMBEDDHLB         42.5174 -> 42.5281
43002,0 fw Controll.static GIPNIMALPEG          0.0139 -> 0.9927
43002,1 fw PLH.static      ADJMBEDDHLB         42.5281 -> 42.5336
43006,1 fw PLH.static      ADJMBEDDHLB         42.5336 -> 42.5446
43019,7 fw PLH.static      ADJMBEDDHLB         42.5446 -> 42.5486
43019,8 fw PLH.static      CFIMEAFDJFM         38.0438 -> 38.0755
43024,0 fw PLH.static      ADJMBEDDHLB         42.5486 -> 42.5623
43036,0 fw Controll.static MKFDGFOCKNO         42.4948 -> 42.5448
43036,0 fw Controll.static LEKCBKLAILO         42.5448 -> 42.5948
43036,0 fw Controll.static OFJKHAFJIMA          0.0005 -> 0.0034
43036,0 fw PLH.static      ADJMBEDDHLB         42.5623 -> 42.5665
43040,3 fw PLH.static      ADJMBEDDHLB         42.5665 -> 42.5786
43040,3 fw PLH.static      CFIMEAFDJFM         38.0755 -> 38.1048
43052,8 fw Controll.static GIPNIMALPEG          0.9927 -> 0.0078
43052,9 fw PLH.static      ADJMBEDDHLB         42.5786 -> 42.5828
43056,7 fw PLH.static      ADJMBEDDHLB         42.5828 -> 42.5954
43056,7 fw PLH.static      CFIMEAFDJFM         38.1048 -> 38.1215
43068,6 fw PLH.static      ADJMBEDDHLB         42.5954 -> 42.5992
43074,6 fw PLH.static      ADJMBEDDHLB         42.5992 -> 42.6121
43085,1 fw Controll.static MKFDGFOCKNO         42.5448 -> 42.5948
43085,1 fw Controll.static LEKCBKLAILO         42.5948 -> 42.6448
43085,1 fw Controll.static OFJKHAFJIMA          0.0034 -> 0.0002
43085,2 fw PLH.static      ADJMBEDDHLB         42.6121 -> 42.6171
43085,2 fw PLH.static      CFIMEAFDJFM         38.1215 -> 38.1435
43089,7 fw PLH.static      ADJMBEDDHLB         42.6171 -> 42.6277
43102,7 fw Controll.static GIPNIMALPEG          0.0078 -> 0.0046
43102,7 fw PLH.static      ADJMBEDDHLB         42.6277 -> 42.6322
43106,5 fw PLH.static      ADJMBEDDHLB         42.6322 -> 42.6452
43106,5 fw PLH.static      CFIMEAFDJFM         38.1435 -> 38.1713
43119,3 fw PLH.static      ADJMBEDDHLB         42.6452 -> 42.649
43123,2 fw PLH.static      ADJMBEDDHLB          42.649 -> 42.6618
43123,2 fw PLH.static      CFIMEAFDJFM         38.1713 -> 38.1881
43135,9 fw Controll.static MKFDGFOCKNO         42.5948 -> 42.6448
43135,9 fw Controll.static LEKCBKLAILO         42.6448 -> 42.6948
43135,9 fw Controll.static OFJKHAFJIMA          0.0002 -> 0
43136,0 fw PLH.static      ADJMBEDDHLB         42.6618 -> 42.6657
43140,3 fw PLH.static      ADJMBEDDHLB         42.6657 -> 42.6785
43140,3 fw PLH.static      CFIMEAFDJFM         38.1881 -> 38.2047
43152,9 fw Controll.static GIPNIMALPEG          0.0046 -> 0.0089
43152,9 fw PLH.static      ADJMBEDDHLB         42.6785 -> 42.6828
43156,9 fw PLH.static      ADJMBEDDHLB         42.6828 -> 42.6955
43156,9 fw PLH.static      CFIMEAFDJFM         38.2047 -> 38.2214
43168,5 fw PLH.static      ADJMBEDDHLB         42.6955 -> 42.6994
43173,5 fw PLH.static      ADJMBEDDHLB         42.6994 -> 42.7111
43184,9 fw Controll.static MKFDGFOCKNO         42.6448 -> 42.6948
43184,9 fw Controll.static LEKCBKLAILO         42.6948 -> 42.7448
43184,9 fw Controll.static OFJKHAFJIMA               0 -> 0.0003
43185,0 fw PLH.static      ADJMBEDDHLB         42.7111 -> 42.716
43188,9 fw PLH.static      ADJMBEDDHLB          42.716 -> 42.7275
43188,9 fw PLH.static      CFIMEAFDJFM         38.2214 -> 38.2545
43202,1 fw PLH.static      ADJMBEDDHLB         42.7275 -> 42.7315
43202,2 fw PLH.static      CFIMEAFDJFM         38.2545 -> 38.2586
43207,1 fw Controll.static GIPNIMALPEG          0.0089 -> 0.0927
43207,1 fw PLH.static      ADJMBEDDHLB         42.7315 -> 42.7456
43218,7 fw PLH.static      ADJMBEDDHLB         42.7456 -> 42.7496
43222,7 fw PLH.static      ADJMBEDDHLB         42.7496 -> 42.7613
43222,7 fw PLH.static      CFIMEAFDJFM         38.2586 -> 38.2876
43235,2 fw Controll.static MKFDGFOCKNO         42.6948 -> 42.7448
43235,2 fw Controll.static LEKCBKLAILO         42.7448 -> 42.7948
43235,3 fw PLH.static      ADJMBEDDHLB         42.7613 -> 42.7652
43238,9 fw Controll.static OFJKHAFJIMA          0.0003 -> 0.0044
43239,0 fw PLH.static      ADJMBEDDHLB         42.7652 -> 42.7778
43252,0 fw PLH.static      ADJMBEDDHLB         42.7778 -> 42.7816
43252,0 fw PLH.static      CFIMEAFDJFM         38.2876 -> 38.3086
43256,1 fw Controll.static GIPNIMALPEG          0.0927 -> 0.0736
43256,2 fw PLH.static      ADJMBEDDHLB         42.7816 -> 42.7945
43256,2 fw PLH.static      CFIMEAFDJFM         38.3086 -> 38.3208
43268,1 fw PLH.static      ADJMBEDDHLB         42.7945 -> 42.7987
43274,2 fw PLH.static      ADJMBEDDHLB         42.7987 -> 42.8106
43284,7 fw PLH.static      ADJMBEDDHLB         42.8106 -> 42.8167
43284,7 fw PLH.static      CFIMEAFDJFM         38.3208 -> 38.343
43289,1 fw Controll.static MKFDGFOCKNO         42.7448 -> 42.7948
43289,1 fw Controll.static LEKCBKLAILO         42.7948 -> 42.8448
43289,1 fw Controll.static OFJKHAFJIMA          0.0044 -> 0.0035
43289,1 fw PLH.static      ADJMBEDDHLB         42.8167 -> 42.8273
43302,0 fw PLH.static      ADJMBEDDHLB         42.8273 -> 42.8317
43306,7 #### SNAPSHOT #2 ####
43306,8 #S  player: _LCEIAGLFFJN_k__BackingField=1 GLFBKBKFPCL=2063882 CCINALOJCNH=2 LGOAHLMABFF=0 ADNMLOLHFCD=0 LDKMPMIANCE=1 MMMGPDBMOLM=1 FACPLDFKHIO=0 FDOJDJLIGLF=0 EFHBKMHCMOH=0 INGHEHAALBJ=0 PIBCGHCJKAA=0 BANHJLHDFLI=0 FGFKPMPLNKO=0 MOPBMENEGLN=0 ECBCOHFLJCC=0 ELBOPMABJOA=0 GDFNLALKMAN=0 PELNEJDOBKH=0 DECAKELAHPI=0 OLDBINBEFFG=0 EGCCBDKJGAB=0 EEHMHJBNAFP=0 NGCMFJECPIO=0 BCLPAILBBFP=0 AADFNNLGALL=0 PFGNALDDNDB=2 HIDMDLLHEKO=0 HOJIIOCKKLO=1 BCACFHNPIBP=45 ONOGCCOHPJC=0 LCMOBPPHLLM=0 CIPOBFGAMOP=13.361 GEDMGLAMGMD=0 MHCOJFIAGLP=0 JHGGICCFNFJ=0 CNHNFDDJMJO=0 HJLHOFPDEAA=1804 OLOOMMIKDPJ=13.361 LBKINNIDKEC=0 BDHNEDFEHBA=512 LNIDBHIAJJI=11 ACAIGMNLLEC=251 LCPGFBMKNHJ=999 CLOEJLAOIGI=0 APFNBGHAJMD=1 HEADELMLILF=0 CGHKKDBILGF=1 COCGLNFEFAF=0 HIECLOJIFIL=1 WasCollected=0
43306,9 #   player.GPBAJMJILMA len=2 [15,46875, 352,96875]
43306,9 #   player.JNBMIDFBOHD len=2 [15,46875, 0]
43306,9 #   player.JPDHFNADBKI len=2 [15,46875, 352,96875]
43306,9 #   player.GDEMINMDJAC len=4 [0, 0, 0, 0]
43306,9 #   player.DDKPBGMMNIA len=10 [0, 0, 0, 1, 0, 1, 0, 0, 0, 0]
43306,9 #   player.PPOOANLEBNI len=40 [0, 0, 0, 0, 0, 0, 0, 0, 0, 0, 0, 0]
43307,0 #S  Controll.static: BIAHHOIOFKG=0.5 LCMOBPPHLLM=0 BNHEPNNOAIK=2.4 BNALIDHMCIG=2.75 JLPIAOFJHBB=0 DNNCGMPDMCF=0 IECMAFHGHND=0 JOJODHNJNGO=3 AJKDGEACHKD=3 NAKNALFCOIF=-6 IGLCENGMMMJ=15.6 EPEEFBDJAHO=0 JEOINCHFPCC=0 HKPMJHCGMDE=0.4 DGNDKAKOEPD=2626372 BEJBLGGGOCC=340206559 JELGPAKAJPE=116 EENJPDHGGGC=42.312 ONGHDHKFEBG=-1 NIGBIPNBOPC=0 KEPGFOEOHPD=0 HLBAGIACGBI=0 PBICPLCFAGG=1 NJPDKJKJMCG=0 GCHFDAPNBNB=0 BFEOOOMMGLK=0 EKEAAHAKHIN=0 DJACNOGOCKD=0 MJHNOEIFBEO=0 JGNLBAMNEBA=0 HCOLPFEEENG=0 EGDKJEFGFIC=0 GLGCAOADGMN=0 FGGKANNFBDH=0 LKPFNJHLOHL=0 ILFOFIOFBAM=-1 KJOMABGHAIJ=0 IPCNAHJLMAP=0 CGJDLMEINBJ=0 CFACCGMPPOE=1 NKFBOBMMGCL=0 CMGGPFHFKCM=2.4 MKFDGFOCKNO=42.845 LEKCBKLAILO=42.895 CIDLIJFIKPG=0.05 OFJKHAFJIMA=0.004 LADGFAFJJNM=0 CFHLIKBFICO=0 PEPKIHHGDHG=0 MBFKABGNPCM=0 AJKBMMMOPMF=0 DEBGAILDKPC=0 GKNJELHPMDE=-1 FBINCNDDPAO=0 ILGHFLMKMCO=0 CKLMDECPAGK=0 DBMGNKNGFLL=0 JADIDAJFOGK=0 OINJNFHMDFE=0 _JFKCDODJALP_k__BackingField=0 GHLDENBLDPH=0 IEKGMGGHAPE=0 BEINLJCOGBO=0 GAMBHJPMDON=1 POFKNJGAKPK=0 OGDPMIBJLDH=0 MNHBPCOOMLE=2626091 MBLGPNKENLH=0 AFDPPPDHDGP=0 IPKHNCADMPM=0 KMJLDLGDMGK=1 GIPNIMALPEG=0.087 ANDBANJHOLD=0 JBKBOPCCIBM=0
43307,1 #   Controll.static.DDOHELGGICN len=6 [(normal:(0.57, -0.20, 0.80), distance:-33.77), (normal:(-0.72, -0.20, 0.66), distance:38.52), (normal:(-0.08, 0.67, 0.74), distance:-6.70), (normal:(-0.03, -0.96, 0.29), distance:10.05), (normal:(-0.10, -0.27, 0.96), distance:3.11), (normal:(0.10, 0.27, -0.96), distance:252.59)]
43307,2 #S  Controll: IFFKNMHKCKD=0.05 NIJLEBGNMAK=0.001 KNHCENJLPCN=0 MHMBOOBHFAO=0 BMPGKHBBDKJ=0 DKMDNEBPDLN=100000000 EDFJFJADEOI=0 PKPGKHAGALH=0 ANHKKECOIIK=0 CJIOKPOOHIC=-1 KOPOBDGHLFL=0 CLEHDNFKJPB=12.768 CAFJCKPAKIB=1 NLJFFCIKAFH=0 CGNEAAGAMKC=50 NFIICDMHEEI=0 IKILBFGJOKH=0 ANJGKCCKEED=0 APLGDDHLOHA=0 MCOGBCDKDJD=10 MFMJHNGIFGM=0 DJJBAKDOCPN=-1 ABEDBPBPOFI=0 MJPKOOHJOPA=37.658 useGUILayout=1 enabled=1 isActiveAndEnabled=1 WasCollected=0
43307,2 #S  weapon: OCDNCKANJPB=1 NLNJMBCBEAF=0 WasCollected=0
43307,2 #S  activeEntry: AIEPBAHGMJD=0 NIBLMFFHJHK=0 PICIILNDDJO=1 LJAIJIMKOGP=0 GLGJDNLBAOB=0 NIKINLIKGCP=15 MOGDFDEMPLE=45 WasCollected=0
43307,2 #   activeEntry.COAAKMDBKJM len=3 [0, 0, 0]
43307,2 #S  PLH.static: LCKKCAHAPEF=2.08 IFFKNMHKCKD=0.05 EHHGKJHIGIL=1 BMPGKHBBDKJ=0 ADJMBEDDHLB=42.845 CFIMEAFDJFM=38.371 KMLIIIGJAEK=4 OJDIKHJOGJC=0 EDLPNENMJFF=50 FEFGNPKFKPE=0 EKHCENHLMAM=1
43307,3 #S  HUD.static: CBFLNECJIFF=1 ACOMFBALLPB=0 MMEPGJJAHCI=42.839 JNBEDAECKGM=0 EHBHDOAHOAO=12 CGDKPLKDION=12 NEICGEOMFGN=0 GONEFAMEMOJ=315 DJBNLINNLOJ=-1 DIIAFKMNANI=37.689 ANDPEBCAPAC=0 GAELHMDBFBO=0 FKLAELDOEAG=0 PIPJJIMDAHF=0 KDGCJFDGFAJ=0 FCHLFNBPLLH=0 GPFCJFOLNII=0 DFEHJHOHPHK=0 NIHKFABDHPH=100 IPLCMBBHJKO=0 IBFMBINJKJN=0 LCJPDJJKNDM=1 PHNGEPIGKIO=0 FJMNBAGNAIH=13.861 OOIBIGCALAA=0.5 IICPDHNGAKC=1 MJKGICKCFNC=0 DIIIBNOFMCH=0 LGJHAJDMKAB=0 IHMHNDHECDO=0 EGBJBLEELNC=0 AMEOBGEEGCI=0
43307,4 #   HUD.static.DPOPNDPLFMN len=8 [(x:773.49, y:43.38, width:40.48, height:40.48), (x:727.22, y:43.38, width:40.48, height:40.48), (x:680.95, y:43.38, width:40.48, height:40.48), (x:634.69, y:43.38, width:40.48, height:40.48), (x:588.42, y:43.38, width:40.48, height:40.48), (x:542.15, y:43.38, width:40.48, height:40.48), (x:495.89, y:43.38, width:40.48, height:40.48), (x:449.62, y:43.38, width:40.48, height:40.48)]
43307,5 #   HUD.static.MGJBGOOFALD len=8 [(x:1106.03, y:43.38, width:40.48, height:40.48), (x:1152.30, y:43.38, width:40.48, height:40.48), (x:1198.56, y:43.38, width:40.48, height:40.48), (x:1244.83, y:43.38, width:40.48, height:40.48), (x:1291.10, y:43.38, width:40.48, height:40.48), (x:1337.36, y:43.38, width:40.48, height:40.48), (x:1383.63, y:43.38, width:40.48, height:40.48), (x:1429.90, y:43.38, width:40.48, height:40.48)]
43307,6 #   HUD.static.FBJDJBJOIJD len=16 [(x:773.49, y:20.24, width:40.48, height:40.48), (x:727.22, y:20.24, width:40.48, height:40.48), (x:680.95, y:20.24, width:40.48, height:40.48), (x:634.69, y:20.24, width:40.48, height:40.48), (x:588.42, y:20.24, width:40.48, height:40.48), (x:542.15, y:20.24, width:40.48, height:40.48), (x:495.89, y:20.24, width:40.48, height:40.48), (x:449.62, y:20.24, width:40.48, height:40.48), (x:773.49, y:66.51, width:40.48, height:40.48), (x:727.22, y:66.51, width:40.48, height:40.48), (x:680.95, y:66.51, width:40.48, height:40.48), (x:634.69, y:66.51, width:40.48, height:40.48)]
43307,7 #   HUD.static.HPCDGLNGIJJ len=16 [(x:1106.03, y:20.24, width:40.48, height:40.48), (x:1152.30, y:20.24, width:40.48, height:40.48), (x:1198.56, y:20.24, width:40.48, height:40.48), (x:1244.83, y:20.24, width:40.48, height:40.48), (x:1291.10, y:20.24, width:40.48, height:40.48), (x:1337.36, y:20.24, width:40.48, height:40.48), (x:1383.63, y:20.24, width:40.48, height:40.48), (x:1429.90, y:20.24, width:40.48, height:40.48), (x:1106.03, y:66.51, width:40.48, height:40.48), (x:1152.30, y:66.51, width:40.48, height:40.48), (x:1198.56, y:66.51, width:40.48, height:40.48), (x:1244.83, y:66.51, width:40.48, height:40.48)]
43307,7 #   HUD.static.JNAIOMMAIJG len=128 [0, 0, 0, 0, 0, 0, 0, 0, 0, 0, 0, 0]
43307,8 #S  HUD: DHKHMLPECLF=0 IDFHNKPJNCJ=0 CBDLILOKFDN=0 LCANLDDJLFB=1 IMPGDAPCBJF=108 ECHGPEPBOIM=0 NCPLNFKICBA=0 useGUILayout=1 enabled=1 isActiveAndEnabled=1 WasCollected=0
43307,8 #S  GUIInv.static: CBFLNECJIFF=0 HIMLDGKPFPO=0 DGIJIEDOAEG=0 HKFEGAMNGEB=0 MPBHJGCJBDE=0 JMACIGCBFBD=0 BFJLPHFIAAH=0 HJDOBCDPGPN=0 AHGBOGEBGKK=0 BACEMKABHAP=0 FBCMGKKKPPN=0 PNMFBNFKNAP=1 CAMEKFBNJEC=0 EFBFIHJMABF=1 NOMKICNEPMC=0 CPDKLHLLOKJ=0 IJNHDOGBGNE=0 FEBBCHLIJAM=0 LALEHGDILEB=9 INCDIECCFMC=7 LOILCIEIHHF=8 LPIHIDHBCAG=0 NDGEDGDLEMI=0 GLPOMODNMHL=0 NJLOOIBPPHE=0
43307,8 #   GUIInv.static.MHCPNENABCD len=9 [0, 0, 0, 1, 1, 0, 0, 0, 0]
43307,8 #   GUIInv.static.CLKDEHIHPAJ len=31 [0, 0, 1, 1, 1, 1, 1, 1, 1, 1, 1, 1]
43307,8 #   GUIInv.static.EKNEPPFAEME len=30 [0, 0, 0, 1, 1, 1, 1, 1, 1, 1, 1, 1]
43307,9 #   GUIInv.static.ODBDHJLHOGP len=29 [0, 0, 1, 1, 1, 1, 1, 1, 1, 1, 1, 1]
43307,9 #   GUIInv.static.JGFMOAHNPDN len=3 [0, 1, 1]
43307,9 #S  GUIInv: LDKMPMIANCE=0 WasCollected=0
43307,9 fw Controll.static GIPNIMALPEG          0.0736 -> 0.0871
43307,9 fw PLH.static      ADJMBEDDHLB         42.8317 -> 42.8446
43307,9 fw PLH.static      CFIMEAFDJFM          38.343 -> 38.3708
43318,7 fw PLH.static      ADJMBEDDHLB         42.8446 -> 42.8504
43318,7 fw PLH.static      CFIMEAFDJFM         38.3708 -> 38.3757
43322,7 fw PLH.static      ADJMBEDDHLB         42.8504 -> 42.8612
43335,4 fw PLH.static      ADJMBEDDHLB         42.8612 -> 42.8652
43339,2 fw Controll.static MKFDGFOCKNO         42.7948 -> 42.8448
43339,2 fw Controll.static LEKCBKLAILO         42.8448 -> 42.8948
43339,2 fw Controll.static OFJKHAFJIMA          0.0035 -> 0.0041
43339,3 fw PLH.static      ADJMBEDDHLB         42.8652 -> 42.878
43352,0 fw PLH.static      ADJMBEDDHLB          42.878 -> 42.8818
43356,5 fw Controll.static GIPNIMALPEG          0.0871 -> 0.0804
43356,5 fw PLH.static      ADJMBEDDHLB         42.8818 -> 42.8946
43356,5 fw PLH.static      CFIMEAFDJFM         38.3757 -> 38.4208
43368,0 fw PLH.static      ADJMBEDDHLB         42.8946 -> 42.899
43373,2 fw PLH.static      ADJMBEDDHLB          42.899 -> 42.9105
43373,2 fw PLH.static      CFIMEAFDJFM         38.4208 -> 38.4375
43384,2 fw PLH.static      ADJMBEDDHLB         42.9105 -> 42.9158
43388,2 fw Controll.static MKFDGFOCKNO         42.8448 -> 42.8948
43388,2 fw Controll.static LEKCBKLAILO         42.8948 -> 42.9448
43388,2 fw Controll.static OFJKHAFJIMA          0.0041 -> 0.0038
43388,2 fw PLH.static      ADJMBEDDHLB         42.9158 -> 42.9267
43388,2 fw PLH.static      CFIMEAFDJFM         38.4375 -> 38.4538
43402,2 fw PLH.static      ADJMBEDDHLB         42.9267 -> 42.9307
43406,3 fw Controll.static GIPNIMALPEG          0.0804 -> 0.0775
43406,4 fw PLH.static      ADJMBEDDHLB         42.9307 -> 42.9448
43406,4 fw PLH.static      CFIMEAFDJFM         38.4538 -> 38.4701
43418,7 fw PLH.static      ADJMBEDDHLB         42.9448 -> 42.9489
43422,7 fw PLH.static      ADJMBEDDHLB         42.9489 -> 42.9613
43422,8 fw PLH.static      CFIMEAFDJFM         38.4701 -> 38.4875
43436,0 fw PLH.static      ADJMBEDDHLB         42.9613 -> 42.9653
43440,0 fw Controll.static MKFDGFOCKNO         42.8948 -> 42.9448
43440,0 fw Controll.static LEKCBKLAILO         42.9448 -> 42.9948
43440,0 fw Controll.static OFJKHAFJIMA          0.0038 -> 0.0037
43440,0 fw PLH.static      ADJMBEDDHLB         42.9653 -> 42.9785
43440,0 fw PLH.static      CFIMEAFDJFM         38.4875 -> 38.5048
43451,5 fw PLH.static      ADJMBEDDHLB         42.9785 -> 42.9825
43456,3 fw Controll.static GIPNIMALPEG          0.0775 -> 0.0762
43456,3 fw PLH.static      ADJMBEDDHLB         42.9825 -> 42.9941
43467,7 fw PLH.static      ADJMBEDDHLB         42.9941 -> 42.9988
43467,7 fw PLH.static      CFIMEAFDJFM         38.5048 -> 38.5257
43472,8 fw PLH.static      ADJMBEDDHLB         42.9988 -> 43.0102
43484,1 fw PLH.static      ADJMBEDDHLB         43.0102 -> 43.0153
43484,1 fw PLH.static      CFIMEAFDJFM         38.5257 -> 38.5416
43488,5 fw Controll.static MKFDGFOCKNO         42.9448 -> 42.9948
43488,5 fw Controll.static LEKCBKLAILO         42.9948 -> 43.0448
43488,5 fw PLH.static      ADJMBEDDHLB         43.0153 -> 43.0267
43501,5 fw PLH.static      ADJMBEDDHLB         43.0267 -> 43.0311
43507,2 fw PLH.static      ADJMBEDDHLB         43.0311 -> 43.0441
43507,2 fw PLH.static      CFIMEAFDJFM         38.5416 -> 38.5703
43518,4 fw Controll.static GIPNIMALPEG          0.0762 -> 0.3194
43518,4 fw PLH.static      ADJMBEDDHLB         43.0441 -> 43.0498
43518,4 fw PLH.static      CFIMEAFDJFM         38.5703 -> 38.5766
43522,2 fw PLH.static      ADJMBEDDHLB         43.0498 -> 43.061
43534,7 fw PLH.static      ADJMBEDDHLB          43.061 -> 43.0648
43538,5 fw Controll.static MKFDGFOCKNO         42.9948 -> 43.0448
43538,5 fw Controll.static LEKCBKLAILO         43.0448 -> 43.0948
43538,6 fw PLH.static      ADJMBEDDHLB         43.0648 -> 43.0772
43551,3 fw Controll.static OFJKHAFJIMA          0.0037 -> 0.0045
43551,3 fw PLH.static      ADJMBEDDHLB         43.0772 -> 43.0811
43551,3 fw PLH.static      CFIMEAFDJFM         38.5766 -> 38.6082
43555,4 fw PLH.static      ADJMBEDDHLB         43.0811 -> 43.0938
43567,2 fw Controll.static GIPNIMALPEG          0.3194 -> 0.2941
43567,2 fw PLH.static      ADJMBEDDHLB         43.0938 -> 43.0979
43571,8 fw PLH.static      ADJMBEDDHLB         43.0979 -> 43.1098
43571,8 fw PLH.static      CFIMEAFDJFM         38.6082 -> 38.6368
43584,1 fw PLH.static      ADJMBEDDHLB         43.1098 -> 43.1143
43588,2 fw PLH.static      ADJMBEDDHLB         43.1143 -> 43.1266
43588,2 fw PLH.static      CFIMEAFDJFM         38.6368 -> 38.6536
43600,9 fw Controll.static MKFDGFOCKNO         43.0448 -> 43.0948
43600,9 fw Controll.static LEKCBKLAILO         43.0948 -> 43.1448
43600,9 fw Controll.static OFJKHAFJIMA          0.0045 -> 0.0027
43600,9 fw PLH.static      ADJMBEDDHLB         43.1266 -> 43.1326
43605,1 fw PLH.static      ADJMBEDDHLB         43.1326 -> 43.1435
43605,1 fw PLH.static      CFIMEAFDJFM         38.6536 -> 38.6698
43617,7 fw Controll.static GIPNIMALPEG          0.2941 -> 0.3043
43617,7 fw PLH.static      ADJMBEDDHLB         43.1435 -> 43.1476
43621,9 fw PLH.static      ADJMBEDDHLB         43.1476 -> 43.1603
43621,9 fw PLH.static      CFIMEAFDJFM         38.6698 -> 38.6865
43634,1 fw PLH.static      ADJMBEDDHLB         43.1603 -> 43.1644
43638,1 fw PLH.static      ADJMBEDDHLB         43.1644 -> 43.1766
43638,1 fw PLH.static      CFIMEAFDJFM         38.6865 -> 38.703
43650,3 fw Controll.static MKFDGFOCKNO         43.0948 -> 43.1448
43650,3 fw Controll.static LEKCBKLAILO         43.1448 -> 43.1948
43650,3 fw Controll.static OFJKHAFJIMA          0.0027 -> 0.0024
43650,4 fw PLH.static      ADJMBEDDHLB         43.1766 -> 43.1806
43655,5 fw PLH.static      ADJMBEDDHLB         43.1806 -> 43.1929
43666,9 fw Controll.static GIPNIMALPEG          0.3043 -> 0.2896
43667,0 fw PLH.static      ADJMBEDDHLB         43.1929 -> 43.198
43667,0 fw PLH.static      CFIMEAFDJFM          38.703 -> 38.7241
43672,9 fw PLH.static      ADJMBEDDHLB          43.198 -> 43.2095
43683,7 fw PLH.static      ADJMBEDDHLB         43.2095 -> 43.2154
43683,7 fw PLH.static      CFIMEAFDJFM         38.7241 -> 38.7419
43688,1 fw PLH.static      ADJMBEDDHLB         43.2154 -> 43.2262
43700,9 fw Controll.static MKFDGFOCKNO         43.1448 -> 43.1948
43700,9 fw Controll.static LEKCBKLAILO         43.1948 -> 43.2448
43700,9 fw Controll.static OFJKHAFJIMA          0.0024 -> 0.0028
43700,9 fw PLH.static      ADJMBEDDHLB         43.2262 -> 43.2306
43705,3 fw PLH.static      ADJMBEDDHLB         43.2306 -> 43.2435
43705,3 fw PLH.static      CFIMEAFDJFM         38.7419 -> 38.7697
43718,5 fw Controll.static GIPNIMALPEG          0.2896 -> 0.3211
43718,6 fw PLH.static      ADJMBEDDHLB         43.2435 -> 43.2478
43722,5 fw PLH.static      ADJMBEDDHLB         43.2478 -> 43.2611
43722,5 fw PLH.static      CFIMEAFDJFM         38.7697 -> 38.7873
43734,4 fw PLH.static      ADJMBEDDHLB         43.2611 -> 43.2651
43738,7 fw PLH.static      ADJMBEDDHLB         43.2651 -> 43.2769
43738,7 fw PLH.static      CFIMEAFDJFM         38.7873 -> 38.8033
43749,9 fw Controll.static MKFDGFOCKNO         43.1948 -> 43.2448
43749,9 fw Controll.static LEKCBKLAILO         43.2448 -> 43.2948
43749,9 fw Controll.static OFJKHAFJIMA          0.0028 -> 0.0026
43750,0 fw PLH.static      ADJMBEDDHLB         43.2769 -> 43.2812
43755,2 fw PLH.static      ADJMBEDDHLB         43.2812 -> 43.2925
43755,2 fw PLH.static      CFIMEAFDJFM         38.8033 -> 38.8196
43766,5 fw Controll.static GIPNIMALPEG          0.3211 -> 0.2803
43766,5 fw PLH.static      ADJMBEDDHLB         43.2925 -> 43.2977
43773,0 fw PLH.static      ADJMBEDDHLB         43.2977 -> 43.3092
43784,0 fw Controll.static DGNDKAKOEPD         2626372 -> 2627352
43784,0 fw Controll.static BEJBLGGGOCC       340206559 -> 340207543
43784,0 fw Controll.static JELGPAKAJPE             116 -> 95
43784,0 fw Controll.static EENJPDHGGGC         42.3118 -> 43.2925
43784,1 fw PLH.static      ADJMBEDDHLB         43.3092 -> 43.3156
43788,4 fw PLH.static      ADJMBEDDHLB         43.3156 -> 43.3266
43800,5 fw Controll.static MKFDGFOCKNO         43.2448 -> 43.2948
43800,5 fw Controll.static LEKCBKLAILO         43.2948 -> 43.3448
43800,6 fw PLH.static      ADJMBEDDHLB         43.3266 -> 43.3309
43804,9 fw PLH.static      ADJMBEDDHLB         43.3309 -> 43.3432
43817,1 fw PLH.static      ADJMBEDDHLB         43.3432 -> 43.3474
43820,9 fw Controll.static GIPNIMALPEG          0.2803 -> 0.3689
43821,0 fw PLH.static      ADJMBEDDHLB         43.3474 -> 43.3596
43821,0 fw PLH.static      CFIMEAFDJFM         38.8196 -> 38.886
43834,5 fw PLH.static      ADJMBEDDHLB         43.3596 -> 43.3635
43834,5 fw PLH.static      CFIMEAFDJFM          38.886 -> 38.8906
43838,4 fw PLH.static      ADJMBEDDHLB         43.3635 -> 43.377
43838,4 fw PLH.static      CFIMEAFDJFM         38.8906 -> 38.9027
43849,5 fw Controll.static MKFDGFOCKNO         43.2948 -> 43.3448
43849,5 fw Controll.static LEKCBKLAILO         43.3448 -> 43.3948
43849,5 fw PLH.static      ADJMBEDDHLB          43.377 -> 43.3809
43855,4 fw PLH.static      ADJMBEDDHLB         43.3809 -> 43.3921
43855,4 fw PLH.static      CFIMEAFDJFM         38.9027 -> 38.9191
43863,6 fw PLH.static      ADJMBEDDHLB         43.3921 -> 43.3979
43869,6 fw Controll.static GIPNIMALPEG          0.3689 -> 0.3423
43869,7 fw PLH.static      ADJMBEDDHLB         43.3979 -> 43.4061
43882,9 fw PLH.static      ADJMBEDDHLB         43.4061 -> 43.4122
43882,9 fw PLH.static      CFIMEAFDJFM         38.9191 -> 38.939
43892,7 fw PLH.static      ADJMBEDDHLB         43.4122 -> 43.4254
43892,7 fw PLH.static      CFIMEAFDJFM          38.939 -> 38.9469
43902,0 fw PLH.static      ADJMBEDDHLB         43.4254 -> 43.4352
43909,9 fw Controll.static MKFDGFOCKNO         43.3448 -> 43.4448
43909,9 fw Controll.static LEKCBKLAILO         43.3948 -> 43.4948
43909,9 fw Controll.static OFJKHAFJIMA          0.0026 -> 0.0072
43910,0 fw PLH.static      ADJMBEDDHLB         43.4352 -> 43.4446
43910,0 fw PLH.static      CFIMEAFDJFM         38.9469 -> 38.9683
43920,1 fw PLH.static      ADJMBEDDHLB         43.4446 -> 43.4525
43927,2 fw Controll.static GIPNIMALPEG          0.3423 -> 0.4927
43927,7 fw PLH.static      ADJMBEDDHLB         43.4525 -> 43.4628
43927,7 fw PLH.static      CFIMEAFDJFM         38.9683 -> 38.9875
43938,3 fw PLH.static      ADJMBEDDHLB         43.4628 -> 43.4704
43938,3 fw PLH.static      CFIMEAFDJFM         38.9875 -> 38.9959
43952,3 fw PLH.static      ADJMBEDDHLB         43.4704 -> 43.4808
43956,4 fw PLH.static      ADJMBEDDHLB         43.4808 -> 43.495
43967,7 fw Controll.static MKFDGFOCKNO         43.4448 -> 43.4948
43967,7 fw Controll.static LEKCBKLAILO         43.4948 -> 43.5448
43967,7 fw Controll.static OFJKHAFJIMA          0.0072 -> 0.0036
43967,7 fw PLH.static      ADJMBEDDHLB          43.495 -> 43.499
43973,0 fw PLH.static      ADJMBEDDHLB          43.499 -> 43.5103
43973,0 fw PLH.static      CFIMEAFDJFM         38.9959 -> 39.0373
43985,6 fw Controll.static GIPNIMALPEG          0.4927 -> 0.6623
43985,7 fw PLH.static      ADJMBEDDHLB         43.5103 -> 43.5155
44005,5 fw PLH.static      ADJMBEDDHLB         43.5155 -> 43.5282
44005,5 fw PLH.static      CFIMEAFDJFM         39.0373 -> 39.0553
44010,0 fw PLH.static      ADJMBEDDHLB         43.5282 -> 43.548
44010,0 fw PLH.static      CFIMEAFDJFM         39.0553 -> 39.074
44030,2 fw PLH.static      ADJMBEDDHLB          43.548 -> 43.5526
44030,2 fw PLH.static      CFIMEAFDJFM          39.074 -> 39.0796
44046,4 fw Controll.static MKFDGFOCKNO         43.4948 -> 43.5449
44046,4 fw Controll.static LEKCBKLAILO         43.5448 -> 43.5949
44046,4 fw Controll.static OFJKHAFJIMA          0.0036 -> 0.0027
44046,5 fw PLH.static      ADJMBEDDHLB         43.5526 -> 43.5732
44046,5 fw PLH.static      CFIMEAFDJFM         39.0796 -> 39.0984
44052,5 fw PLH.static      ADJMBEDDHLB         43.5732 -> 43.5895
44066,4 fw Controll.static GIPNIMALPEG          0.6623 -> 0.2374
44067,0 fw PLH.static      ADJMBEDDHLB         43.5895 -> 43.5953
44089,7 fw PLH.static      ADJMBEDDHLB         43.5953 -> 43.6097
44089,7 fw PLH.static      CFIMEAFDJFM         39.0984 -> 39.1332
44103,0 fw PLH.static      ADJMBEDDHLB         43.6097 -> 43.6323
44103,0 fw PLH.static      CFIMEAFDJFM         39.1332 -> 39.1581
44119,9 fw PLH.static      ADJMBEDDHLB         43.6323 -> 43.6456
44119,9 fw PLH.static      CFIMEAFDJFM         39.1581 -> 39.1691
44126,4 fw Controll.static MKFDGFOCKNO         43.5449 -> 43.6449
44126,4 fw Controll.static LEKCBKLAILO         43.5949 -> 43.6949
44126,4 fw Controll.static OFJKHAFJIMA          0.0027 -> 0.0001
44126,5 fw PLH.static      ADJMBEDDHLB         43.6456 -> 43.6626
44126,6 fw PLH.static      CFIMEAFDJFM         39.1691 -> 39.1871
44163,0 fw PLH.static      ADJMBEDDHLB         43.6626 -> 43.6692
44169,2 fw Controll.static GIPNIMALPEG          0.2374 -> 0.3333
44169,2 fw PLH.static      ADJMBEDDHLB         43.6692 -> 43.7056
44169,2 fw PLH.static      CFIMEAFDJFM         39.1871 -> 39.2316
44181,5 fw PLH.static      ADJMBEDDHLB         43.7056 -> 43.7118
44193,4 fw PLH.static      ADJMBEDDHLB         43.7118 -> 43.7241
44211,9 fw PLH.static      ADJMBEDDHLB         43.7241 -> 43.736
44211,9 fw PLH.static      CFIMEAFDJFM         39.2316 -> 39.2624
44222,2 fw Controll.static MKFDGFOCKNO         43.6449 -> 43.7449
44222,3 fw Controll.static LEKCBKLAILO         43.6949 -> 43.7949
44222,3 fw Controll.static OFJKHAFJIMA          0.0001 -> 0.0091
44222,3 fw PLH.static      ADJMBEDDHLB          43.736 -> 43.7544
44222,3 fw PLH.static      CFIMEAFDJFM         39.2624 -> 39.2806
44230,0 fw PLH.static      ADJMBEDDHLB         43.7544 -> 43.7649
44230,0 fw PLH.static      CFIMEAFDJFM         39.2806 -> 39.2918
44242,2 fw PLH.static      ADJMBEDDHLB         43.7649 -> 43.7725
44253,1 fw Controll.static GIPNIMALPEG          0.3333 -> 0.0126
44253,2 fw PLH.static      ADJMBEDDHLB         43.7725 -> 43.785
44264,0 fw PLH.static      ADJMBEDDHLB          43.785 -> 43.7957
44264,0 fw PLH.static      CFIMEAFDJFM         39.2918 -> 39.3221
44269,2 fw PLH.static      ADJMBEDDHLB         43.7957 -> 43.8066
44284,2 fw Controll.static MKFDGFOCKNO         43.7449 -> 43.7949
44284,2 fw Controll.static LEKCBKLAILO         43.7949 -> 43.8449
44284,3 fw PLH.static      ADJMBEDDHLB         43.8066 -> 43.8118
44284,3 fw PLH.static      CFIMEAFDJFM         39.3221 -> 39.3389
44292,9 fw Controll.static OFJKHAFJIMA          0.0091 -> 0.0004
44293,0 fw PLH.static      ADJMBEDDHLB         43.8118 -> 43.827
44300,7 fw PLH.static      ADJMBEDDHLB          43.827 -> 43.8355
44300,7 fw PLH.static      CFIMEAFDJFM         39.3389 -> 39.3619
44315,2 fw Controll.static GIPNIMALPEG          0.0126 -> 0.2529
44315,2 fw PLH.static      ADJMBEDDHLB         43.8355 -> 43.8432
44320,8 fw PLH.static      ADJMBEDDHLB         43.8432 -> 43.8586
44320,8 fw PLH.static      CFIMEAFDJFM         39.3619 -> 39.3835
44332,3 fw PLH.static      ADJMBEDDHLB         43.8586 -> 43.8633
44336,8 fw PLH.static      ADJMBEDDHLB         43.8633 -> 43.8748
44346,2 fw Controll.static MKFDGFOCKNO         43.7949 -> 43.8449
44346,2 fw Controll.static LEKCBKLAILO         43.8449 -> 43.8949
44346,2 fw Controll.static OFJKHAFJIMA          0.0004 -> 0.0124
44346,2 fw PLH.static      ADJMBEDDHLB         43.8748 -> 43.8793
44352,1 fw PLH.static      ADJMBEDDHLB         43.8793 -> 43.8888
44361,6 fw Controll.static GIPNIMALPEG          0.2529 -> 0.1801
44361,6 fw PLH.static      ADJMBEDDHLB         43.8888 -> 43.8946
44369,0 fw PLH.static      ADJMBEDDHLB         43.8946 -> 43.9042
44369,0 fw PLH.static      CFIMEAFDJFM         39.3835 -> 39.4309
44376,8 fw PLH.static      ADJMBEDDHLB         43.9042 -> 43.9115
44376,8 fw PLH.static      CFIMEAFDJFM         39.4309 -> 39.4385
44383,6 fw PLH.static      ADJMBEDDHLB         43.9115 -> 43.9193
44400,8 fw Controll.static MKFDGFOCKNO         43.8449 -> 43.8949
44400,8 fw Controll.static LEKCBKLAILO         43.8949 -> 43.9449
44400,8 fw Controll.static OFJKHAFJIMA          0.0124 -> 0.0088
44400,9 fw PLH.static      ADJMBEDDHLB         43.9193 -> 43.9261
44405,7 fw PLH.static      ADJMBEDDHLB         43.9261 -> 43.9434
44416,3 fw Controll.static GIPNIMALPEG          0.1801 -> 0.2759
44416,5 fw PLH.static      ADJMBEDDHLB         43.9434 -> 43.9483
44416,5 fw PLH.static      CFIMEAFDJFM         39.4385 -> 39.4752
44426,9 fw PLH.static      ADJMBEDDHLB         43.9483 -> 43.959
44442,9 fw PLH.static      ADJMBEDDHLB          43.959 -> 43.9694
44452,0 fw PLH.static      ADJMBEDDHLB         43.9694 -> 43.9854
44452,0 fw PLH.static      CFIMEAFDJFM         39.4752 -> 39.512
44457,7 fw Controll.static MKFDGFOCKNO         43.8949 -> 43.9949
44457,7 fw Controll.static LEKCBKLAILO         43.9449 -> 44.0449
44457,7 fw Controll.static OFJKHAFJIMA          0.0088 -> 0.0049
44457,7 fw PLH.static      ADJMBEDDHLB         43.9854 -> 43.9945
44468,0 fw PLH.static      ADJMBEDDHLB         43.9945 -> 44.0003
44468,0 fw PLH.static      CFIMEAFDJFM          39.512 -> 39.5272
44473,5 fw Controll.static GIPNIMALPEG          0.2759 -> 0.4198
44473,6 fw PLH.static      ADJMBEDDHLB         44.0003 -> 44.0105
44482,8 fw PLH.static      ADJMBEDDHLB         44.0105 -> 44.0161
44482,8 fw PLH.static      CFIMEAFDJFM         39.5272 -> 39.5428
44488,5 fw PLH.static      ADJMBEDDHLB         44.0161 -> 44.0254
44498,2 fw PLH.static      ADJMBEDDHLB         44.0254 -> 44.031
44498,2 fw PLH.static      CFIMEAFDJFM         39.5428 -> 39.5581
44519,3 fw Controll.static MKFDGFOCKNO         43.9949 -> 44.0449
44519,3 fw Controll.static LEKCBKLAILO         44.0449 -> 44.0949
44519,3 fw Controll.static OFJKHAFJIMA          0.0049 -> 0.0165
44519,3 fw PLH.static      ADJMBEDDHLB          44.031 -> 44.0408
44524,5 fw PLH.static      ADJMBEDDHLB         44.0408 -> 44.0632
44524,5 fw PLH.static      CFIMEAFDJFM         39.5581 -> 39.5882
44535,4 fw Controll.static GIPNIMALPEG          0.4198 -> 0.6577
44535,5 fw PLH.static      ADJMBEDDHLB         44.0632 -> 44.0671
44540,2 fw PLH.static      ADJMBEDDHLB         44.0671 -> 44.078
44551,6 fw PLH.static      ADJMBEDDHLB          44.078 -> 44.0827
44556,0 fw PLH.static      ADJMBEDDHLB         44.0827 -> 44.0942
44567,6 fw Controll.static MKFDGFOCKNO         44.0449 -> 44.0949
44567,6 fw Controll.static LEKCBKLAILO         44.0949 -> 44.1449
44567,7 fw Controll.static OFJKHAFJIMA          0.0165 -> 0.0031
44567,7 fw PLH.static      ADJMBEDDHLB         44.0942 -> 44.0985
44572,9 fw PLH.static      ADJMBEDDHLB         44.0985 -> 44.1103
44572,9 fw PLH.static      CFIMEAFDJFM         39.5882 -> 39.6372
44583,3 fw PLH.static      ADJMBEDDHLB         44.1103 -> 44.1154
44588,9 fw Controll.static GIPNIMALPEG          0.6577 -> 0.7269
44588,9 fw PLH.static      ADJMBEDDHLB         44.1154 -> 44.1258
44588,9 fw PLH.static      CFIMEAFDJFM         39.6372 -> 39.6528
44598,0 fw PLH.static      ADJMBEDDHLB         44.1258 -> 44.1314
44603,4 fw PLH.static      ADJMBEDDHLB         44.1314 -> 44.1406
44603,4 fw PLH.static      CFIMEAFDJFM         39.6528 -> 39.6672
44612,8 fw Controll.static MKFDGFOCKNO         44.0949 -> 44.1449
44612,8 fw Controll.static LEKCBKLAILO         44.1449 -> 44.1949
44612,9 fw PLH.static      ADJMBEDDHLB         44.1406 -> 44.146
44617,8 fw Controll.static OFJKHAFJIMA          0.0031 -> 0.0006
44617,9 fw PLH.static      ADJMBEDDHLB          44.146 -> 44.1554
44627,7 fw PLH.static      ADJMBEDDHLB         44.1554 -> 44.1604
44633,5 fw Controll.static GIPNIMALPEG          0.7269 -> 0.6185
44633,5 fw PLH.static      ADJMBEDDHLB         44.1604 -> 44.1703
44633,5 fw PLH.static      CFIMEAFDJFM         39.6672 -> 39.6973
44644,3 # net: TcpClient.Connected = True
44644,4 fw PLH.static      ADJMBEDDHLB         44.1703 -> 44.1761
44644,4 fw PLH.static      CFIMEAFDJFM         39.6973 -> 39.7027
44649,9 fw PLH.static      ADJMBEDDHLB         44.1761 -> 44.1869
44649,9 fw PLH.static      CFIMEAFDJFM         39.7027 -> 39.7139
44659,5 fw PLH.static      ADJMBEDDHLB         44.1869 -> 44.1925
44664,1 fw Controll.static MKFDGFOCKNO         44.1449 -> 44.1949
44664,1 fw Controll.static LEKCBKLAILO         44.1949 -> 44.2449
44664,1 fw Controll.static OFJKHAFJIMA          0.0006 -> 0.0067
44664,2 fw PLH.static      ADJMBEDDHLB         44.1925 -> 44.2021
44664,2 fw PLH.static      CFIMEAFDJFM         39.7139 -> 39.7284
44675,3 fw PLH.static      ADJMBEDDHLB         44.2021 -> 44.2067
44680,2 fw Controll.static GIPNIMALPEG          0.6185 -> 0.5531
44680,3 fw PLH.static      ADJMBEDDHLB         44.2067 -> 44.2178
44680,3 fw PLH.static      CFIMEAFDJFM         39.7284 -> 39.7443
44690,9 fw PLH.static      ADJMBEDDHLB         44.2178 -> 44.2228
44695,6 fw PLH.static      ADJMBEDDHLB         44.2228 -> 44.2335
44695,6 fw PLH.static      CFIMEAFDJFM         39.7443 -> 39.76
44705,5 fw PLH.static      ADJMBEDDHLB         44.2335 -> 44.2381
44715,2 fw Controll.static MKFDGFOCKNO         44.1949 -> 44.2449
44715,2 fw Controll.static LEKCBKLAILO         44.2449 -> 44.2949
44715,2 fw Controll.static OFJKHAFJIMA          0.0067 -> 0.0027
44715,2 fw PLH.static      ADJMBEDDHLB         44.2381 -> 44.248
44715,2 fw PLH.static      CFIMEAFDJFM           39.76 -> 39.7749
44720,6 fw PLH.static      ADJMBEDDHLB          44.248 -> 44.2578
44729,5 fw Controll.static GIPNIMALPEG          0.5531 -> 0.5383
44729,5 fw PLH.static      ADJMBEDDHLB         44.2578 -> 44.2631
44735,3 fw PLH.static      ADJMBEDDHLB         44.2631 -> 44.272
44743,6 fw PLH.static      ADJMBEDDHLB          44.272 -> 44.2778
44743,6 fw PLH.static      CFIMEAFDJFM         39.7749 -> 39.8045
44749,9 fw PLH.static      ADJMBEDDHLB         44.2778 -> 44.2861
44761,6 fw Controll.static MKFDGFOCKNO         44.2449 -> 44.2949
44761,6 fw Controll.static LEKCBKLAILO         44.2949 -> 44.3449
44761,6 fw Controll.static OFJKHAFJIMA          0.0027 -> 0.0088
44761,6 fw PLH.static      ADJMBEDDHLB         44.2861 -> 44.2924
44761,6 fw PLH.static      CFIMEAFDJFM         39.8045 -> 39.8194
44766,8 fw PLH.static      ADJMBEDDHLB         44.2924 -> 44.3041
44776,0 fw Controll.static GIPNIMALPEG          0.5383 -> 0.4694
44776,1 fw PLH.static      ADJMBEDDHLB         44.3041 -> 44.3093
44776,1 fw PLH.static      CFIMEAFDJFM         39.8194 -> 39.8364
44781,1 fw PLH.static      ADJMBEDDHLB         44.3093 -> 44.3186
44791,4 fw PLH.static      ADJMBEDDHLB         44.3186 -> 44.3236
44791,4 fw PLH.static      CFIMEAFDJFM         39.8364 -> 39.8505
44796,4 fw PLH.static      ADJMBEDDHLB         44.3236 -> 44.3339
44796,4 fw PLH.static      CFIMEAFDJFM         39.8505 -> 39.8605
44805,8 fw Controll.static MKFDGFOCKNO         44.2949 -> 44.3449
44805,8 fw Controll.static LEKCBKLAILO         44.3449 -> 44.3949
44805,8 fw Controll.static OFJKHAFJIMA          0.0088 -> 0.003
44805,9 fw PLH.static      ADJMBEDDHLB         44.3339 -> 44.3389
44811,5 fw PLH.static      ADJMBEDDHLB         44.3389 -> 44.3484
44811,5 fw PLH.static      CFIMEAFDJFM         39.8605 -> 39.8751
44821,2 fw Controll.static GIPNIMALPEG          0.4694 -> 0.3725
44821,2 fw PLH.static      ADJMBEDDHLB         44.3484 -> 44.3559
44821,2 fw PLH.static      CFIMEAFDJFM         39.8751 -> 39.8807
44826,8 fw PLH.static      ADJMBEDDHLB         44.3559 -> 44.3638
44837,3 fw Controll.static DGNDKAKOEPD         2627352 -> 2628394
44837,3 fw Controll.static BEJBLGGGOCC       340207543 -> 340208563
44837,3 fw Controll.static JELGPAKAJPE              95 -> 132
44837,3 fw Controll.static EENJPDHGGGC         43.2925 -> 44.3339
44837,4 fw PLH.static      ADJMBEDDHLB         44.3638 -> 44.3694
44842,1 fw PLH.static      ADJMBEDDHLB         44.3694 -> 44.3799
44852,5 fw PLH.static      ADJMBEDDHLB         44.3799 -> 44.3847
44852,5 fw PLH.static      CFIMEAFDJFM         39.8807 -> 39.9117
44857,8 fw PLH.static      ADJMBEDDHLB         44.3847 -> 44.395
44867,0 fw PLH.static      ADJMBEDDHLB          44.395 -> 44.4004
44873,0 fw Controll.static GIPNIMALPEG          0.3725 -> 0.4081
44873,0 fw PLH.static      ADJMBEDDHLB         44.4004 -> 44.4107
44873,0 fw PLH.static      CFIMEAFDJFM         39.9117 -> 39.9366
44882,7 fw PLH.static      ADJMBEDDHLB         44.4107 -> 44.4156
44882,7 fw PLH.static      CFIMEAFDJFM         39.9366 -> 39.9422
44888,3 fw PLH.static      ADJMBEDDHLB         44.4156 -> 44.4252
44899,7 fw Controll.static MKFDGFOCKNO         44.3449 -> 44.3949
44899,7 fw Controll.static LEKCBKLAILO         44.3949 -> 44.4449
44899,7 fw PLH.static      ADJMBEDDHLB         44.4252 -> 44.4308
44904,2 fw Controll.static OFJKHAFJIMA           0.003 -> 0.0014
44904,2 fw PLH.static      ADJMBEDDHLB         44.4308 -> 44.4423
44904,2 fw PLH.static      CFIMEAFDJFM         39.9422 -> 39.9688
44914,7 fw PLH.static      ADJMBEDDHLB         44.4423 -> 44.4468
44919,5 fw Controll.static GIPNIMALPEG          0.4081 -> 0.3381
44919,5 fw PLH.static      ADJMBEDDHLB         44.4468 -> 44.4572
44919,5 fw PLH.static      CFIMEAFDJFM         39.9688 -> 39.9838
44929,1 fw PLH.static      ADJMBEDDHLB         44.4572 -> 44.4621
44935,5 fw PLH.static      ADJMBEDDHLB         44.4621 -> 44.4716
44943,4 fw PLH.static      ADJMBEDDHLB         44.4716 -> 44.478
44943,4 fw PLH.static      CFIMEAFDJFM         39.9838 -> 40.0046
44948,9 fw Controll.static MKFDGFOCKNO         44.3949 -> 44.4449
44948,9 fw Controll.static LEKCBKLAILO         44.4449 -> 44.4949
44948,9 fw PLH.static      ADJMBEDDHLB          44.478 -> 44.4862
44958,8 fw PLH.static      ADJMBEDDHLB         44.4862 -> 44.4915
44963,3 fw Controll.static GIPNIMALPEG          0.3381 -> 0.2139
44963,3 fw PLH.static      ADJMBEDDHLB         44.4915 -> 44.5014
44963,3 fw PLH.static      CFIMEAFDJFM         40.0046 -> 40.0278
44973,7 fw PLH.static      ADJMBEDDHLB         44.5014 -> 44.5058
44979,3 fw PLH.static      ADJMBEDDHLB         44.5058 -> 44.5162
44989,2 fw PLH.static      ADJMBEDDHLB         44.5162 -> 44.5218
44989,2 fw PLH.static      CFIMEAFDJFM         40.0278 -> 40.0488
44994,9 fw Controll.static MKFDGFOCKNO         44.4449 -> 44.4949
44994,9 fw Controll.static LEKCBKLAILO         44.4949 -> 44.5449
44994,9 fw Controll.static OFJKHAFJIMA          0.0014 -> 0.006
44994,9 fw PLH.static      ADJMBEDDHLB         44.5218 -> 44.5318
45003,8 fw PLH.static      ADJMBEDDHLB         44.5318 -> 44.5374
45003,8 fw PLH.static      CFIMEAFDJFM         40.0488 -> 40.0641
45009,7 fw Controll.static GIPNIMALPEG          0.2139 -> 0.1428
45009,8 fw PLH.static      ADJMBEDDHLB         44.5374 -> 44.5463
45018,7 fw PLH.static      ADJMBEDDHLB         44.5463 -> 44.5523
45018,7 fw PLH.static      CFIMEAFDJFM         40.0641 -> 40.0794
45023,5 fw PLH.static      ADJMBEDDHLB         44.5523 -> 44.5613
45033,1 fw PLH.static      ADJMBEDDHLB         44.5613 -> 44.566
45040,0 fw Controll.static MKFDGFOCKNO         44.4949 -> 44.5449
45040,0 fw Controll.static LEKCBKLAILO         44.5449 -> 44.5949
45040,0 fw Controll.static OFJKHAFJIMA           0.006 -> 0.001
45040,0 fw PLH.static      ADJMBEDDHLB          44.566 -> 44.5756
45053,1 fw PLH.static      ADJMBEDDHLB         44.5756 -> 44.5826
45053,1 fw PLH.static      CFIMEAFDJFM         40.0794 -> 40.1097
45058,8 fw Controll.static GIPNIMALPEG          0.1428 -> 0.1227
45058,8 fw PLH.static      ADJMBEDDHLB         44.5826 -> 44.5956
45058,8 fw PLH.static      CFIMEAFDJFM         40.1097 -> 40.1213
45077,3 fw PLH.static      ADJMBEDDHLB         44.5956 -> 44.6014
45081,4 fw PLH.static      ADJMBEDDHLB         44.6014 -> 44.6198
45092,3 fw PLH.static      ADJMBEDDHLB         44.6198 -> 44.624
45092,3 fw PLH.static      CFIMEAFDJFM         40.1213 -> 40.1511
45096,9 fw Controll.static MKFDGFOCKNO         44.5449 -> 44.5949
45096,9 fw Controll.static LEKCBKLAILO         44.5949 -> 44.6449
45096,9 fw Controll.static OFJKHAFJIMA           0.001 -> 0.0002
45096,9 fw PLH.static      ADJMBEDDHLB          44.624 -> 44.6348
45106,7 fw PLH.static      ADJMBEDDHLB         44.6348 -> 44.6395
45112,1 fw Controll.static GIPNIMALPEG          0.1227 -> 0.1911
45112,2 fw PLH.static      ADJMBEDDHLB         44.6395 -> 44.6492
45112,2 fw PLH.static      CFIMEAFDJFM         40.1511 -> 40.176
45121,2 fw PLH.static      ADJMBEDDHLB         44.6492 -> 44.6547
45121,2 fw PLH.static      CFIMEAFDJFM          40.176 -> 40.1813
45126,7 fw PLH.static      ADJMBEDDHLB         44.6547 -> 44.6637
45135,9 fw PLH.static      ADJMBEDDHLB         44.6637 -> 44.6692
45140,9 fw Controll.static MKFDGFOCKNO         44.5949 -> 44.645
45140,9 fw Controll.static LEKCBKLAILO         44.6449 -> 44.695
45140,9 fw Controll.static OFJKHAFJIMA          0.0002 -> 0.0038
45141,0 fw PLH.static      ADJMBEDDHLB         44.6692 -> 44.6784
45150,0 fw PLH.static      ADJMBEDDHLB         44.6784 -> 44.6835
45156,1 fw PLH.static      ADJMBEDDHLB         44.6835 -> 44.6925
45164,2 fw Controll.static GIPNIMALPEG          0.1911 -> 0.2317
45164,2 fw PLH.static      ADJMBEDDHLB         44.6925 -> 44.6986
45169,7 fw PLH.static      ADJMBEDDHLB         44.6986 -> 44.7068
45169,7 fw PLH.static      CFIMEAFDJFM         40.1813 -> 40.2338
45179,2 fw PLH.static      ADJMBEDDHLB         44.7068 -> 44.7122
45184,2 fw Controll.static MKFDGFOCKNO          44.645 -> 44.695
45184,2 fw Controll.static LEKCBKLAILO          44.695 -> 44.745
45184,2 fw PLH.static      ADJMBEDDHLB         44.7122 -> 44.7217
45194,9 fw Controll.static OFJKHAFJIMA          0.0038 -> 0.0033
45195,0 fw PLH.static      ADJMBEDDHLB         44.7217 -> 44.7267
45199,9 fw PLH.static      ADJMBEDDHLB         44.7267 -> 44.7375
45199,9 fw PLH.static      CFIMEAFDJFM         40.2338 -> 40.2642
45209,3 fw Controll.static GIPNIMALPEG          0.2317 -> 0.1338
45209,3 fw PLH.static      ADJMBEDDHLB         44.7375 -> 44.7424
45214,9 fw PLH.static      ADJMBEDDHLB         44.7424 -> 44.7518
45214,9 fw PLH.static      CFIMEAFDJFM         40.2642 -> 40.2787
45223,5 fw PLH.static      ADJMBEDDHLB         44.7518 -> 44.7575
45223,5 fw PLH.static      CFIMEAFDJFM         40.2787 -> 40.2841
45229,4 fw PLH.static      ADJMBEDDHLB         44.7575 -> 44.766
45238,5 fw Controll.static MKFDGFOCKNO          44.695 -> 44.745
45238,5 fw Controll.static LEKCBKLAILO          44.745 -> 44.795
45238,5 fw Controll.static OFJKHAFJIMA          0.0033 -> 0.0065
45238,5 fw PLH.static      ADJMBEDDHLB          44.766 -> 44.7719
45243,6 fw PLH.static      ADJMBEDDHLB         44.7719 -> 44.7811
45254,6 fw Controll.static GIPNIMALPEG          0.1338 -> 0.0406
45254,7 fw PLH.static      ADJMBEDDHLB         44.7811 -> 44.7861
45254,7 fw PLH.static      CFIMEAFDJFM         40.2841 -> 40.3132
45259,4 fw PLH.static      ADJMBEDDHLB         44.7861 -> 44.7972
45270,8 fw PLH.static      ADJMBEDDHLB         44.7972 -> 44.8019
45270,8 fw PLH.static      CFIMEAFDJFM         40.3132 -> 40.329
45275,5 fw PLH.static      ADJMBEDDHLB         44.8019 -> 44.8134
45286,4 fw Controll.static MKFDGFOCKNO          44.745 -> 44.795
45286,4 fw Controll.static LEKCBKLAILO          44.795 -> 44.845
45286,4 fw Controll.static OFJKHAFJIMA          0.0065 -> 0.0018
45286,4 fw PLH.static      ADJMBEDDHLB         44.8134 -> 44.818
45291,7 fw PLH.static      ADJMBEDDHLB          44.818 -> 44.829
45291,7 fw PLH.static      CFIMEAFDJFM          40.329 -> 40.356
45301,6 fw Controll.static GIPNIMALPEG          0.0406 -> 0.9798
45301,6 fw PLH.static      ADJMBEDDHLB          44.829 -> 44.8342
45307,9 fw PLH.static      ADJMBEDDHLB         44.8342 -> 44.8442
45307,9 fw PLH.static      CFIMEAFDJFM          40.356 -> 40.3712
45318,8 fw PLH.static      ADJMBEDDHLB         44.8442 -> 44.8504
45324,1 fw PLH.static      ADJMBEDDHLB         44.8504 -> 44.8613
45324,1 fw PLH.static      CFIMEAFDJFM         40.3712 -> 40.3879
45332,8 fw Controll.static MKFDGFOCKNO          44.795 -> 44.845
45332,8 fw Controll.static LEKCBKLAILO          44.845 -> 44.895
45332,8 fw Controll.static OFJKHAFJIMA          0.0018 -> 0.005
45332,9 fw PLH.static      ADJMBEDDHLB         44.8613 -> 44.8667
45337,9 fw PLH.static      ADJMBEDDHLB         44.8667 -> 44.8754
45347,3 fw Controll.static GIPNIMALPEG          0.9798 -> 0.8942
45347,4 fw PLH.static      ADJMBEDDHLB         44.8754 -> 44.8805
45353,1 fw PLH.static      ADJMBEDDHLB         44.8805 -> 44.8899
45353,2 fw PLH.static      CFIMEAFDJFM         40.3879 -> 40.4166
45361,7 fw PLH.static      ADJMBEDDHLB         44.8899 -> 44.8957
45367,0 fw PLH.static      ADJMBEDDHLB         44.8957 -> 44.9042
45376,5 fw Controll.static MKFDGFOCKNO          44.845 -> 44.895
45376,5 fw Controll.static LEKCBKLAILO          44.895 -> 44.945
45376,5 fw Controll.static OFJKHAFJIMA           0.005 -> 0.0003
45376,6 fw PLH.static      ADJMBEDDHLB         44.9042 -> 44.9096
45376,6 fw PLH.static      CFIMEAFDJFM         40.4166 -> 40.4367
45382,1 fw PLH.static      ADJMBEDDHLB         44.9096 -> 44.9191
45382,1 fw PLH.static      CFIMEAFDJFM         40.4367 -> 40.4458
45390,5 fw Controll.static GIPNIMALPEG          0.8942 -> 0.7564
45390,5 fw PLH.static      ADJMBEDDHLB         44.9191 -> 44.9247
45396,4 fw PLH.static      ADJMBEDDHLB         44.9247 -> 44.9331
45405,2 fw PLH.static      ADJMBEDDHLB         44.9331 -> 44.9389
45405,2 fw PLH.static      CFIMEAFDJFM         40.4458 -> 40.4655
45410,9 fw PLH.static      ADJMBEDDHLB         44.9389 -> 44.9477
45419,5 fw Controll.static MKFDGFOCKNO          44.895 -> 44.945
45419,5 fw Controll.static LEKCBKLAILO          44.945 -> 44.995
45419,6 fw Controll.static OFJKHAFJIMA          0.0003 -> 0.0023
45419,6 fw PLH.static      ADJMBEDDHLB         44.9477 -> 44.9534
45419,6 fw PLH.static      CFIMEAFDJFM         40.4655 -> 40.4801
45425,0 fw PLH.static      ADJMBEDDHLB         44.9534 -> 44.9621
45434,6 fw PLH.static      ADJMBEDDHLB         44.9621 -> 44.9676
45439,9 fw Controll.static GIPNIMALPEG          0.7564 -> 0.7462
45440,0 fw PLH.static      ADJMBEDDHLB         44.9676 -> 44.9771
45449,6 fw PLH.static      ADJMBEDDHLB         44.9771 -> 44.9826
45449,7 fw PLH.static      CFIMEAFDJFM         40.4801 -> 40.5095
45457,6 fw PLH.static      ADJMBEDDHLB         44.9826 -> 44.9922
45469,2 fw Controll.static MKFDGFOCKNO          44.945 -> 44.995
45469,2 fw Controll.static LEKCBKLAILO          44.995 -> 45.045
45469,2 fw PLH.static      ADJMBEDDHLB         44.9922 -> 45.0001
45469,2 fw PLH.static      CFIMEAFDJFM         40.5095 -> 40.526
45475,1 fw Controll.static OFJKHAFJIMA          0.0023 -> 0.0047
45475,1 fw PLH.static      ADJMBEDDHLB         45.0001 -> 45.0118
45483,4 fw PLH.static      ADJMBEDDHLB         45.0118 -> 45.0177
45490,9 fw Controll.static GIPNIMALPEG          0.7462 -> 0.7652
45490,9 fw PLH.static      ADJMBEDDHLB         45.0177 -> 45.0259
45490,9 fw PLH.static      CFIMEAFDJFM          40.526 -> 40.5529
45497,7 fw PLH.static      ADJMBEDDHLB         45.0259 -> 45.0335
45508,1 fw PLH.static      ADJMBEDDHLB         45.0335 -> 45.0402
45514,3 fw PLH.static      ADJMBEDDHLB         45.0402 -> 45.0507
45514,4 fw PLH.static      CFIMEAFDJFM         40.5529 -> 40.5774
45524,3 fw Controll.static MKFDGFOCKNO          44.995 -> 45.045
45524,3 fw Controll.static LEKCBKLAILO          45.045 -> 45.095
45524,3 fw Controll.static OFJKHAFJIMA          0.0047 -> 0.0052
45524,3 fw PLH.static      ADJMBEDDHLB         45.0507 -> 45.0568
45529,9 fw PLH.static      ADJMBEDDHLB         45.0568 -> 45.0669
45529,9 fw PLH.static      CFIMEAFDJFM         40.5774 -> 40.5939
45539,6 fw Controll.static GIPNIMALPEG          0.7652 -> 0.7404
45539,7 fw PLH.static      ADJMBEDDHLB         45.0669 -> 45.0724
45539,7 fw PLH.static      CFIMEAFDJFM         40.5939 -> 40.5996
45544,7 fw PLH.static      ADJMBEDDHLB         45.0724 -> 45.0822
45555,0 fw PLH.static      ADJMBEDDHLB         45.0822 -> 45.0872
45560,4 fw PLH.static      ADJMBEDDHLB         45.0872 -> 45.0976
45560,4 fw PLH.static      CFIMEAFDJFM         40.5996 -> 40.624
45570,9 fw Controll.static MKFDGFOCKNO          45.045 -> 45.095
45571,0 fw Controll.static LEKCBKLAILO          45.095 -> 45.145
45571,0 fw Controll.static OFJKHAFJIMA          0.0052 -> 0.0021
45571,0 fw PLH.static      ADJMBEDDHLB         45.0976 -> 45.103
45576,4 fw PLH.static      ADJMBEDDHLB          45.103 -> 45.1136
45576,4 fw PLH.static      CFIMEAFDJFM          40.624 -> 40.6402
45587,2 fw Controll.static GIPNIMALPEG          0.7404 -> 0.6907
45587,2 fw PLH.static      ADJMBEDDHLB         45.1136 -> 45.119
45593,1 fw PLH.static      ADJMBEDDHLB          45.119 -> 45.1298
45593,1 fw PLH.static      CFIMEAFDJFM         40.6402 -> 40.6568
45602,4 fw PLH.static      ADJMBEDDHLB         45.1298 -> 45.1356
45608,0 fw PLH.static      ADJMBEDDHLB         45.1356 -> 45.1449
45617,2 fw Controll.static MKFDGFOCKNO          45.095 -> 45.145
45617,2 fw Controll.static LEKCBKLAILO          45.145 -> 45.195
45617,2 fw Controll.static OFJKHAFJIMA          0.0021 -> 0.0052
45617,2 fw PLH.static      ADJMBEDDHLB         45.1449 -> 45.1506
45623,4 fw PLH.static      ADJMBEDDHLB         45.1506 -> 45.1597
45623,4 fw PLH.static      CFIMEAFDJFM         40.6568 -> 40.6864
45632,2 fw Controll.static GIPNIMALPEG          0.6907 -> 0.5911
45632,2 fw PLH.static      ADJMBEDDHLB         45.1597 -> 45.1659
45637,1 fw PLH.static      ADJMBEDDHLB         45.1659 -> 45.1748
45646,8 fw PLH.static      ADJMBEDDHLB         45.1748 -> 45.1797
45652,7 fw PLH.static      ADJMBEDDHLB         45.1797 -> 45.1894
45652,7 fw PLH.static      CFIMEAFDJFM         40.6864 -> 40.7161
45661,6 fw Controll.static MKFDGFOCKNO          45.145 -> 45.195
45661,6 fw Controll.static LEKCBKLAILO          45.195 -> 45.245
45661,6 fw Controll.static OFJKHAFJIMA          0.0052 -> 0.0087
45661,6 fw PLH.static      ADJMBEDDHLB         45.1894 -> 45.1952
45666,8 fw PLH.static      ADJMBEDDHLB         45.1952 -> 45.2041
45676,0 fw Controll.static GIPNIMALPEG          0.5911 -> 0.4676
45676,1 fw PLH.static      ADJMBEDDHLB         45.2041 -> 45.2094
45676,1 fw PLH.static      CFIMEAFDJFM         40.7161 -> 40.7365
45681,1 fw PLH.static      ADJMBEDDHLB         45.2094 -> 45.2186
45681,1 fw PLH.static      CFIMEAFDJFM         40.7365 -> 40.7452
45691,6 fw PLH.static      ADJMBEDDHLB         45.2186 -> 45.2236
45696,5 fw PLH.static      ADJMBEDDHLB         45.2236 -> 45.2342
45706,3 fw Controll.static MKFDGFOCKNO          45.195 -> 45.245
45706,3 fw Controll.static LEKCBKLAILO          45.245 -> 45.295
45706,3 fw Controll.static OFJKHAFJIMA          0.0087 -> 0.0035
45706,3 fw PLH.static      ADJMBEDDHLB         45.2342 -> 45.2391
45712,3 fw PLH.static      ADJMBEDDHLB         45.2391 -> 45.2502
45712,3 fw PLH.static      CFIMEAFDJFM         40.7452 -> 40.7758
45722,6 fw PLH.static      ADJMBEDDHLB         45.2502 -> 45.2548
45728,0 fw Controll.static GIPNIMALPEG          0.4676 -> 0.5068
45728,0 fw PLH.static      ADJMBEDDHLB         45.2548 -> 45.2652
45737,3 fw PLH.static      ADJMBEDDHLB         45.2652 -> 45.2706
45743,0 fw PLH.static      ADJMBEDDHLB         45.2706 -> 45.2798
45743,0 fw PLH.static      CFIMEAFDJFM         40.7758 -> 40.8063
45754,4 fw Controll.static MKFDGFOCKNO          45.245 -> 45.295
45754,4 fw Controll.static LEKCBKLAILO          45.295 -> 45.345
45754,4 fw PLH.static      ADJMBEDDHLB         45.2798 -> 45.2855
45759,4 fw Controll.static OFJKHAFJIMA          0.0035 -> 0.0015
45759,5 fw PLH.static      ADJMBEDDHLB         45.2855 -> 45.297
45759,5 fw PLH.static      CFIMEAFDJFM         40.8063 -> 40.8233
45768,8 fw PLH.static      ADJMBEDDHLB          45.297 -> 45.3061
45778,4 fw Controll.static GIPNIMALPEG          0.5068 -> 0.5159
45778,5 fw PLH.static      ADJMBEDDHLB         45.3061 -> 45.3113
45782,8 fw Controll.static DGNDKAKOEPD         2628394 -> 2629381
45782,8 fw Controll.static BEJBLGGGOCC       340208563 -> 340209568
45782,8 fw Controll.static JELGPAKAJPE             132 -> 118
45782,8 fw Controll.static EENJPDHGGGC         44.3339 -> 45.3211
45782,8 fw PLH.static      ADJMBEDDHLB         45.3113 -> 45.3211
45782,8 fw PLH.static      CFIMEAFDJFM         40.8233 -> 40.8476
45794,0 fw PLH.static      ADJMBEDDHLB         45.3211 -> 45.3254
45798,6 fw PLH.static      ADJMBEDDHLB         45.3254 -> 45.3365
45798,6 fw PLH.static      CFIMEAFDJFM         40.8476 -> 40.8631
45809,3 fw Controll.static MKFDGFOCKNO          45.295 -> 45.345
45809,3 fw Controll.static LEKCBKLAILO          45.345 -> 45.395
45809,3 fw Controll.static OFJKHAFJIMA          0.0015 -> 0.0064
45809,3 fw PLH.static      ADJMBEDDHLB         45.3365 -> 45.3411
45815,2 fw PLH.static      ADJMBEDDHLB         45.3411 -> 45.3518
45823,7 fw Controll.static GIPNIMALPEG          0.5159 -> 0.4183
45823,7 fw PLH.static      ADJMBEDDHLB         45.3518 -> 45.3577
45823,7 fw PLH.static      CFIMEAFDJFM         40.8631 -> 40.8844
45829,0 fw PLH.static      ADJMBEDDHLB         45.3577 -> 45.3663
45841,5 fw PLH.static      ADJMBEDDHLB         45.3663 -> 45.3716
45841,5 fw PLH.static      CFIMEAFDJFM         40.8844 -> 40.8985
45845,8 fw PLH.static      ADJMBEDDHLB         45.3716 -> 45.384
45856,1 fw Controll.static MKFDGFOCKNO          45.345 -> 45.395
45856,1 fw Controll.static LEKCBKLAILO          45.395 -> 45.445
45856,1 fw Controll.static OFJKHAFJIMA          0.0064 -> 0.0033
45856,2 fw PLH.static      ADJMBEDDHLB          45.384 -> 45.3883
45860,9 fw PLH.static      ADJMBEDDHLB         45.3883 -> 45.3987
45860,9 fw PLH.static      CFIMEAFDJFM         40.8985 -> 40.9252
45870,1 fw Controll.static GIPNIMALPEG          0.4183 -> 0.3496
45870,2 fw PLH.static      ADJMBEDDHLB         45.3987 -> 45.4034
45876,5 fw PLH.static      ADJMBEDDHLB         45.4034 -> 45.4127
45876,5 fw PLH.static      CFIMEAFDJFM         40.9252 -> 40.9398
45884,5 fw PLH.static      ADJMBEDDHLB         45.4127 -> 45.419
45890,1 fw PLH.static      ADJMBEDDHLB          45.419 -> 45.427
45898,5 fw PLH.static      ADJMBEDDHLB          45.427 -> 45.4327
45903,9 fw PLH.static      ADJMBEDDHLB         45.4327 -> 45.4411
45903,9 fw PLH.static      CFIMEAFDJFM         40.9398 -> 40.9677
45913,9 fw Controll.static GIPNIMALPEG          0.3496 -> 0.2258
45914,1 fw PLH.static      ADJMBEDDHLB         45.4411 -> 45.4464
45918,9 fw PLH.static      ADJMBEDDHLB         45.4464 -> 45.4566
45918,9 fw PLH.static      CFIMEAFDJFM         40.9677 -> 40.9831
45929,6 fw PLH.static      ADJMBEDDHLB         45.4566 -> 45.4614
45935,8 fw PLH.static      ADJMBEDDHLB         45.4614 -> 45.4722
45947,6 fw Controll.static MKFDGFOCKNO          45.395 -> 45.445
45947,6 fw Controll.static LEKCBKLAILO          45.445 -> 45.495
45947,6 fw Controll.static OFJKHAFJIMA          0.0033 -> 0.001
45947,7 fw PLH.static      ADJMBEDDHLB         45.4722 -> 45.4783
45954,4 fw PLH.static      ADJMBEDDHLB         45.4783 -> 45.4902
45954,5 fw PLH.static      CFIMEAFDJFM         40.9831 -> 41.0172
45964,5 fw Controll.static GIPNIMALPEG          0.2258 -> 0.2376
45964,6 fw PLH.static      ADJMBEDDHLB         45.4902 -> 45.497
45969,7 fw PLH.static      ADJMBEDDHLB          45.497 -> 45.5072
45969,7 fw PLH.static      CFIMEAFDJFM         41.0172 -> 41.0341
45980,5 fw PLH.static      ADJMBEDDHLB         45.5072 -> 45.5122
45985,4 fw PLH.static      ADJMBEDDHLB         45.5122 -> 45.5231
45985,4 fw PLH.static      CFIMEAFDJFM         41.0341 -> 41.0496
45996,2 fw Controll.static MKFDGFOCKNO          45.445 -> 45.495
45996,2 fw Controll.static LEKCBKLAILO          45.495 -> 45.545
45996,2 fw Controll.static OFJKHAFJIMA           0.001 -> 0.0015
45996,2 fw PLH.static      ADJMBEDDHLB         45.5231 -> 45.5279
46001,4 fw PLH.static      ADJMBEDDHLB         45.5279 -> 45.5387
46001,4 fw PLH.static      CFIMEAFDJFM         41.0496 -> 41.0653
46012,4 fw PLH.static      ADJMBEDDHLB         45.5387 -> 45.544
46017,2 fw Controll.static GIPNIMALPEG          0.2376 -> 0.2902
46017,2 fw PLH.static      ADJMBEDDHLB          45.544 -> 45.555
46017,2 fw PLH.static      CFIMEAFDJFM         41.0653 -> 41.0813
46027,6 fw PLH.static      ADJMBEDDHLB          45.555 -> 45.5598
46033,3 fw PLH.static      ADJMBEDDHLB         45.5598 -> 45.5701
46042,4 fw Controll.static MKFDGFOCKNO          45.495 -> 45.545
46042,4 fw Controll.static LEKCBKLAILO          45.545 -> 45.595
46042,4 fw PLH.static      ADJMBEDDHLB         45.5701 -> 45.5758
46047,9 fw Controll.static OFJKHAFJIMA          0.0015 -> 0.0095
46047,9 fw PLH.static      ADJMBEDDHLB         45.5758 -> 45.5849
46048,0 fw PLH.static      CFIMEAFDJFM         41.0813 -> 41.112
46056,4 fw PLH.static      ADJMBEDDHLB         45.5849 -> 45.5925
46064,6 fw Controll.static GIPNIMALPEG          0.2902 -> 0.2383
46064,6 fw PLH.static      ADJMBEDDHLB         45.5925 -> 45.5989
46064,6 fw PLH.static      CFIMEAFDJFM          41.112 -> 41.1252
46071,0 fw PLH.static      ADJMBEDDHLB         45.5989 -> 45.6072
46079,4 fw PLH.static      ADJMBEDDHLB         45.6072 -> 45.6135
46084,9 fw PLH.static      ADJMBEDDHLB         45.6135 -> 45.6219
46084,9 fw PLH.static      CFIMEAFDJFM         41.1252 -> 41.149
46093,4 fw Controll.static MKFDGFOCKNO          45.545 -> 45.595
46093,4 fw Controll.static LEKCBKLAILO          45.595 -> 45.645
46093,4 fw Controll.static OFJKHAFJIMA          0.0095 -> 0.0034
46093,4 fw PLH.static      ADJMBEDDHLB         45.6219 -> 45.6274
46098,8 fw PLH.static      ADJMBEDDHLB         45.6274 -> 45.636
46108,1 fw Controll.static GIPNIMALPEG          0.2383 -> 0.1086
46108,2 fw PLH.static      ADJMBEDDHLB          45.636 -> 45.6413
46108,2 fw PLH.static      CFIMEAFDJFM          41.149 -> 41.1684
46113,9 fw PLH.static      ADJMBEDDHLB         45.6413 -> 45.6507
46123,1 fw PLH.static      ADJMBEDDHLB         45.6507 -> 45.6564
46123,1 fw PLH.static      CFIMEAFDJFM         41.1684 -> 41.1831
46129,0 fw PLH.static      ADJMBEDDHLB         45.6564 -> 45.6656
46138,3 fw Controll.static MKFDGFOCKNO          45.595 -> 45.645
46138,3 fw Controll.static LEKCBKLAILO          45.645 -> 45.695
46138,3 fw Controll.static OFJKHAFJIMA          0.0034 -> 0.0052
46138,3 fw PLH.static      ADJMBEDDHLB         45.6656 -> 45.6715
46143,0 fw PLH.static      ADJMBEDDHLB         45.6715 -> 45.6809
46143,0 fw PLH.static      CFIMEAFDJFM         41.1831 -> 41.2072
46153,1 fw Controll.static GIPNIMALPEG          0.1086 -> 0.0079
46153,1 fw PLH.static      ADJMBEDDHLB         45.6809 -> 45.6855
46158,4 fw PLH.static      ADJMBEDDHLB         45.6855 -> 45.6956
46158,4 fw PLH.static      CFIMEAFDJFM         41.2072 -> 41.2221
46169,2 fw PLH.static      ADJMBEDDHLB         45.6956 -> 45.7009
46175,1 fw PLH.static      ADJMBEDDHLB         45.7009 -> 45.7117
46182,8 fw Controll.static MKFDGFOCKNO          45.645 -> 45.695
46182,8 fw Controll.static LEKCBKLAILO          45.695 -> 45.745
46182,8 fw Controll.static OFJKHAFJIMA          0.0052 -> 0.0002
46182,9 fw PLH.static      ADJMBEDDHLB         45.7117 -> 45.7176
46182,9 fw PLH.static      CFIMEAFDJFM         41.2221 -> 41.2442
46188,6 fw PLH.static      ADJMBEDDHLB         45.7176 -> 45.7254
46199,1 fw Controll.static GIPNIMALPEG          0.0079 -> 0.9281
46199,1 fw PLH.static      ADJMBEDDHLB         45.7254 -> 45.7311
46204,5 fw PLH.static      ADJMBEDDHLB         45.7311 -> 45.7417
46215,4 fw PLH.static      ADJMBEDDHLB         45.7417 -> 45.7471
46215,4 fw PLH.static      CFIMEAFDJFM         41.2442 -> 41.2739
46220,6 fw PLH.static      ADJMBEDDHLB         45.7471 -> 45.758
46220,7 fw PLH.static      CFIMEAFDJFM         41.2739 -> 41.2845
46229,3 fw Controll.static MKFDGFOCKNO          45.695 -> 45.745
46229,3 fw Controll.static LEKCBKLAILO          45.745 -> 45.795
46229,3 fw Controll.static OFJKHAFJIMA          0.0002 -> 0.0015
46229,4 fw PLH.static      ADJMBEDDHLB          45.758 -> 45.7632
46235,1 fw PLH.static      ADJMBEDDHLB         45.7632 -> 45.7719
46244,7 fw Controll.static GIPNIMALPEG          0.9281 -> 0.8405
46244,7 fw PLH.static      ADJMBEDDHLB         45.7719 -> 45.7777
46250,2 fw PLH.static      ADJMBEDDHLB         45.7777 -> 45.7873
46250,2 fw PLH.static      CFIMEAFDJFM         41.2845 -> 41.3143
46259,9 fw PLH.static      ADJMBEDDHLB         45.7873 -> 45.7927
46264,7 fw PLH.static      ADJMBEDDHLB         45.7927 -> 45.8025
46264,7 fw PLH.static      CFIMEAFDJFM         41.3143 -> 41.3285
46274,8 fw Controll.static MKFDGFOCKNO          45.745 -> 45.795
46274,8 fw Controll.static LEKCBKLAILO          45.795 -> 45.845
46274,8 fw Controll.static OFJKHAFJIMA          0.0015 -> 0.007
46274,8 fw PLH.static      ADJMBEDDHLB         45.8025 -> 45.8072
46280,0 fw PLH.static      ADJMBEDDHLB         45.8072 -> 45.8173
46289,8 fw PLH.static      ADJMBEDDHLB         45.8173 -> 45.8226
46289,8 fw PLH.static      CFIMEAFDJFM         41.3285 -> 41.3496
46295,1 fw Controll.static GIPNIMALPEG          0.8405 -> 0.8492
46295,2 fw PLH.static      ADJMBEDDHLB         45.8226 -> 45.8323
46305,5 fw PLH.static      ADJMBEDDHLB         45.8323 -> 45.8377
46311,1 fw PLH.static      ADJMBEDDHLB         45.8377 -> 45.848
46321,6 fw Controll.static MKFDGFOCKNO          45.795 -> 45.845
46321,6 fw Controll.static LEKCBKLAILO          45.845 -> 45.895
46321,7 fw PLH.static      ADJMBEDDHLB          45.848 -> 45.8537
46321,7 fw PLH.static      CFIMEAFDJFM         41.3496 -> 41.3804
46326,9 fw Controll.static OFJKHAFJIMA           0.007 -> 0.0025
46327,0 fw PLH.static      ADJMBEDDHLB         45.8537 -> 45.8643
46327,0 fw PLH.static      CFIMEAFDJFM         41.3804 -> 41.3913
46336,2 fw PLH.static      ADJMBEDDHLB         45.8643 -> 45.8695
46341,4 fw Controll.static GIPNIMALPEG          0.8492 -> 0.7752
46341,5 fw PLH.static      ADJMBEDDHLB         45.8695 -> 45.8787
46351,4 fw PLH.static      ADJMBEDDHLB         45.8787 -> 45.884
46356,6 fw PLH.static      ADJMBEDDHLB          45.884 -> 45.8939
46366,3 fw PLH.static      ADJMBEDDHLB         45.8939 -> 45.8991
46366,4 fw PLH.static      CFIMEAFDJFM         41.3913 -> 41.426
46372,2 fw Controll.static MKFDGFOCKNO          45.845 -> 45.895
46372,3 fw Controll.static LEKCBKLAILO          45.895 -> 45.945
46372,3 fw Controll.static OFJKHAFJIMA          0.0025 -> 0.0036
46372,3 fw PLH.static      ADJMBEDDHLB         45.8991 -> 45.9089
46382,6 fw PLH.static      ADJMBEDDHLB         45.9089 -> 45.9148
46387,8 fw Controll.static GIPNIMALPEG          0.7752 -> 0.7024
46387,9 fw PLH.static      ADJMBEDDHLB         45.9148 -> 45.9252
46396,1 fw PLH.static      ADJMBEDDHLB         45.9252 -> 45.9304
46402,1 fw PLH.static      ADJMBEDDHLB         45.9304 -> 45.9386
46411,8 fw PLH.static      ADJMBEDDHLB         45.9386 -> 45.9446
46411,8 fw PLH.static      CFIMEAFDJFM          41.426 -> 41.4716
46416,8 fw Controll.static MKFDGFOCKNO          45.895 -> 45.945
46416,8 fw Controll.static LEKCBKLAILO          45.945 -> 45.995
46416,8 fw Controll.static OFJKHAFJIMA          0.0036 -> 0.0087
46416,8 fw PLH.static      ADJMBEDDHLB         45.9446 -> 45.9543
46426,4 fw PLH.static      ADJMBEDDHLB         45.9543 -> 45.9594
46432,3 fw Controll.static GIPNIMALPEG          0.7024 -> 0.593
46432,4 fw PLH.static      ADJMBEDDHLB         45.9594 -> 45.9689
46432,4 fw PLH.static      CFIMEAFDJFM         41.4716 -> 41.496
46442,2 fw PLH.static      ADJMBEDDHLB         45.9689 -> 45.9749
46447,7 fw PLH.static      ADJMBEDDHLB         45.9749 -> 45.9847
46447,7 fw PLH.static      CFIMEAFDJFM          41.496 -> 41.5117
46457,9 fw PLH.static      ADJMBEDDHLB         45.9847 -> 45.9902
46462,4 fw Controll.static MKFDGFOCKNO          45.945 -> 45.9951
46462,4 fw Controll.static LEKCBKLAILO          45.995 -> 46.0451
46462,4 fw Controll.static OFJKHAFJIMA          0.0087 -> 0.0049
46462,5 fw PLH.static      ADJMBEDDHLB         45.9902 -> 46.0004
46472,9 fw PLH.static      ADJMBEDDHLB         46.0004 -> 46.005
46472,9 fw PLH.static      CFIMEAFDJFM         41.5117 -> 41.5321
46477,4 fw Controll.static GIPNIMALPEG           0.593 -> 0.4949
46477,5 fw PLH.static      ADJMBEDDHLB          46.005 -> 46.0154
46487,4 fw PLH.static      ADJMBEDDHLB         46.0154 -> 46.02
46493,7 fw PLH.static      ADJMBEDDHLB           46.02 -> 46.0299
46499,9 fw PLH.static      ADJMBEDDHLB         46.0299 -> 46.038
46499,9 fw PLH.static      CFIMEAFDJFM         41.5321 -> 41.5629
46509,4 fw Controll.static MKFDGFOCKNO         45.9951 -> 46.0451
46509,4 fw Controll.static LEKCBKLAILO         46.0451 -> 46.0951
46509,4 fw Controll.static OFJKHAFJIMA          0.0049 -> 0.0064
46509,5 fw PLH.static      ADJMBEDDHLB          46.038 -> 46.0424
46516,0 fw PLH.static      ADJMBEDDHLB         46.0424 -> 46.0521
46516,0 fw PLH.static      CFIMEAFDJFM         41.5629 -> 41.5788
46525,8 fw Controll.static GIPNIMALPEG          0.4949 -> 0.4625
46525,9 fw PLH.static      ADJMBEDDHLB         46.0521 -> 46.0585
46525,9 fw PLH.static      CFIMEAFDJFM         41.5788 -> 41.585
46531,6 fw PLH.static      ADJMBEDDHLB         46.0585 -> 46.0684
46541,2 fw PLH.static      ADJMBEDDHLB         46.0684 -> 46.0742
46541,2 fw PLH.static      CFIMEAFDJFM          41.585 -> 41.6008
46546,2 fw PLH.static      ADJMBEDDHLB         46.0742 -> 46.0837
46557,3 fw Controll.static MKFDGFOCKNO         46.0451 -> 46.0951
46557,3 fw Controll.static LEKCBKLAILO         46.0951 -> 46.1451
46557,3 fw Controll.static OFJKHAFJIMA          0.0064 -> 0.0042
46557,4 fw PLH.static      ADJMBEDDHLB         46.0837 -> 46.0887
46562,6 fw PLH.static      ADJMBEDDHLB         46.0887 -> 46.1
46562,6 fw PLH.static      CFIMEAFDJFM         41.6008 -> 41.6248
46579,0 fw PLH.static      ADJMBEDDHLB            46.1 -> 46.1052
46579,0 fw PLH.static      CFIMEAFDJFM         41.6248 -> 41.6321
46593,1 fw Controll.static GIPNIMALPEG          0.4625 -> 0.8073
46593,1 fw PLH.static      ADJMBEDDHLB         46.1052 -> 46.1215
46593,1 fw PLH.static      CFIMEAFDJFM         41.6321 -> 41.6463
46597,6 fw PLH.static      ADJMBEDDHLB         46.1215 -> 46.1358
46597,6 fw PLH.static      CFIMEAFDJFM         41.6463 -> 41.6623
46609,8 fw PLH.static      ADJMBEDDHLB         46.1358 -> 46.1402
46623,0 fw Controll.static MKFDGFOCKNO         46.0951 -> 46.1451
46623,0 fw Controll.static LEKCBKLAILO         46.1451 -> 46.1951
46623,1 fw PLH.static      ADJMBEDDHLB         46.1402 -> 46.1523
46633,9 fw Controll.static OFJKHAFJIMA          0.0042 -> 0.0068
46634,0 fw PLH.static      ADJMBEDDHLB         46.1523 -> 46.166
46640,3 fw PLH.static      ADJMBEDDHLB          46.166 -> 46.178
46640,3 fw PLH.static      CFIMEAFDJFM         41.6623 -> 41.7032
46651,6 fw Controll.static GIPNIMALPEG          0.8073 -> 0.9773
46651,6 fw PLH.static      ADJMBEDDHLB          46.178 -> 46.1828
46657,9 fw PLH.static      ADJMBEDDHLB         46.1828 -> 46.1942
46675,4 fw PLH.static      ADJMBEDDHLB         46.1942 -> 46.2004
46679,3 fw PLH.static      ADJMBEDDHLB         46.2004 -> 46.218
46679,3 fw PLH.static      CFIMEAFDJFM         41.7032 -> 41.7444
46691,0 fw Controll.static MKFDGFOCKNO         46.1451 -> 46.1951
46691,0 fw Controll.static LEKCBKLAILO         46.1951 -> 46.2451
46691,0 fw Controll.static OFJKHAFJIMA          0.0068 -> 0.0049
46691,0 fw PLH.static      ADJMBEDDHLB          46.218 -> 46.2218
46696,5 fw PLH.static      ADJMBEDDHLB         46.2218 -> 46.2336
46707,5 fw Controll.static GIPNIMALPEG          0.9773 -> 0.0964
46707,6 fw PLH.static      ADJMBEDDHLB         46.2336 -> 46.2391
46746,7 fw PLH.static      ADJMBEDDHLB         46.2391 -> 46.2502
46746,7 fw PLH.static      CFIMEAFDJFM         41.7444 -> 41.7767
46751,9 fw PLH.static      ADJMBEDDHLB         46.2502 -> 46.2895
46751,9 fw PLH.static      CFIMEAFDJFM         41.7767 -> 41.8038
46765,0 fw PLH.static      ADJMBEDDHLB         46.2895 -> 46.2944
46774,9 fw Controll.static MKFDGFOCKNO         46.1951 -> 46.2951
46774,9 fw Controll.static LEKCBKLAILO         46.2451 -> 46.3451
46774,9 fw Controll.static OFJKHAFJIMA          0.0049 -> 0.012
46775,0 fw PLH.static      ADJMBEDDHLB         46.2944 -> 46.3078
46782,9 fw PLH.static      ADJMBEDDHLB         46.3078 -> 46.3176
46782,9 fw PLH.static      CFIMEAFDJFM         41.8038 -> 41.8417
46788,6 fw Controll.static GIPNIMALPEG          0.0964 -> 0.7186
46788,7 fw PLH.static      ADJMBEDDHLB         46.3176 -> 46.3254
46798,7 fw Controll.static NAKNALFCOIF              -6 -> -5.4
46798,7 fw Controll.static IGLCENGMMMJ            15.6 -> 15.15
46798,8 fw PLH.static      ADJMBEDDHLB         46.3254 -> 46.3313
46803,7 fw PLH.static      ADJMBEDDHLB         46.3313 -> 46.3413
46803,7 fw PLH.static      CFIMEAFDJFM         41.8417 -> 41.8679
46815,7 fw PLH.static      ADJMBEDDHLB         46.3413 -> 46.3463
46815,7 fw PLH.static      CFIMEAFDJFM         41.8679 -> 41.873
46820,8 fw Controll.static MKFDGFOCKNO         46.2951 -> 46.3451
46820,8 fw Controll.static LEKCBKLAILO         46.3451 -> 46.3951
46820,8 fw Controll.static OFJKHAFJIMA           0.012 -> 0.0007
46820,9 fw PLH.static      ADJMBEDDHLB         46.3463 -> 46.3586
46820,9 fw PLH.static      CFIMEAFDJFM          41.873 -> 41.8836
46833,4 fw PLH.static      ADJMBEDDHLB         46.3586 -> 46.3634
46838,0 fw Controll.static GIPNIMALPEG          0.7186 -> 0.7051
46838,0 fw PLH.static      ADJMBEDDHLB         46.3634 -> 46.376
46838,1 fw PLH.static      CFIMEAFDJFM         41.8836 -> 41.9016
46849,6 fw Controll.static NAKNALFCOIF            -5.4 -> -4.95
46849,6 fw Controll.static IGLCENGMMMJ           15.15 -> 15
46849,6 fw PLH.static      ADJMBEDDHLB          46.376 -> 46.3806
46854,8 fw Controll.static DGNDKAKOEPD         2629381 -> 2630418
46854,8 fw Controll.static BEJBLGGGOCC       340209568 -> 340210563
46854,8 fw Controll.static JELGPAKAJPE             118 -> 159
46854,8 fw Controll.static EENJPDHGGGC         45.3211 -> 46.3583
46854,9 fw PLH.static      ADJMBEDDHLB         46.3806 -> 46.3923
46854,9 fw PLH.static      CFIMEAFDJFM         41.9016 -> 41.9185
46866,2 fw PLH.static      ADJMBEDDHLB         46.3923 -> 46.3974
46866,2 fw PLH.static      CFIMEAFDJFM         41.9185 -> 41.9237
46872,5 fw Controll.static MKFDGFOCKNO         46.3451 -> 46.3951
46872,5 fw Controll.static LEKCBKLAILO         46.3951 -> 46.4451
46872,5 fw Controll.static OFJKHAFJIMA          0.0007 -> 0.0018
46872,6 fw PLH.static      ADJMBEDDHLB         46.3974 -> 46.4088
46881,0 fw PLH.static      ADJMBEDDHLB         46.4088 -> 46.4173
46893,9 fw Controll.static GIPNIMALPEG          0.7051 -> 0.8243
46894,0 fw PLH.static      ADJMBEDDHLB         46.4173 -> 46.4237
46894,0 fw PLH.static      CFIMEAFDJFM         41.9237 -> 41.9506
46898,1 fw Controll.static NAKNALFCOIF           -4.95 -> -4.65
46898,1 fw PLH.static      ADJMBEDDHLB         46.4237 -> 46.4365
46898,1 fw PLH.static      CFIMEAFDJFM         41.9506 -> 41.9626
46909,6 fw Controll.static IGLCENGMMMJ              15 -> 14.85
46909,7 fw PLH.static      ADJMBEDDHLB         46.4365 -> 46.4407
46914,0 fw PLH.static      ADJMBEDDHLB         46.4407 -> 46.4522
46930,1 fw Controll.static MKFDGFOCKNO         46.3951 -> 46.4451
46930,1 fw Controll.static LEKCBKLAILO         46.4451 -> 46.4951
46930,1 fw Controll.static OFJKHAFJIMA          0.0018 -> 0.0067
46930,1 fw PLH.static      ADJMBEDDHLB         46.4522 -> 46.4566
46930,1 fw PLH.static      CFIMEAFDJFM         41.9626 -> 41.9833
46934,7 fw PLH.static      ADJMBEDDHLB         46.4566 -> 46.4727
46934,7 fw PLH.static      CFIMEAFDJFM         41.9833 -> 41.9955
46945,4 fw PLH.static      ADJMBEDDHLB         46.4727 -> 46.4776
46950,0 fw player          LNIDBHIAJJI              11 -> 10
46950,0 fw player          ACAIGMNLLEC             251 -> 252
46950,0 fw Controll.static GIPNIMALPEG          0.8243 -> 0.9453
46950,0 fw PLH.static      ADJMBEDDHLB         46.4776 -> 46.4879
46966,2 fw PLH.static      ADJMBEDDHLB         46.4879 -> 46.4926
46970,7 fw PLH.static      ADJMBEDDHLB         46.4926 -> 46.5087
46970,7 fw PLH.static      CFIMEAFDJFM         41.9955 -> 42.0304
46982,1 fw Controll.static MKFDGFOCKNO         46.4451 -> 46.4951
46982,1 fw Controll.static LEKCBKLAILO         46.4951 -> 46.5451
46982,2 fw PLH.static      ADJMBEDDHLB         46.5087 -> 46.5132
46987,8 fw Controll.static OFJKHAFJIMA          0.0067 -> 0.0132
46987,9 fw PLH.static      ADJMBEDDHLB         46.5132 -> 46.525
46988,0 fw PLH.static      CFIMEAFDJFM         42.0304 -> 42.0508
47004,2 fw PLH.static      ADJMBEDDHLB          46.525 -> 46.5306
47008,4 fw Controll.static GIPNIMALPEG          0.9453 -> 0.1144
47008,5 fw PLH.static      ADJMBEDDHLB         46.5306 -> 46.5467
47020,0 fw PLH.static      ADJMBEDDHLB         46.5467 -> 46.551
47025,8 fw PLH.static      ADJMBEDDHLB          46.551 -> 46.5626
47025,8 fw PLH.static      CFIMEAFDJFM         42.0508 -> 42.0889
47039,5 fw PLH.static      ADJMBEDDHLB         46.5626 -> 46.5683
47044,8 fw Controll.static MKFDGFOCKNO         46.4951 -> 46.5451
47044,8 fw Controll.static LEKCBKLAILO         46.5451 -> 46.5951
47044,8 fw Controll.static OFJKHAFJIMA          0.0132 -> 0.0012
47044,8 fw PLH.static      ADJMBEDDHLB         46.5683 -> 46.5825
47044,8 fw PLH.static      CFIMEAFDJFM         42.0889 -> 42.1041
47055,6 fw PLH.static      ADJMBEDDHLB         46.5825 -> 46.5875
47064,1 fw Controll.static GIPNIMALPEG          0.1144 -> 0.2268
47064,1 fw PLH.static      ADJMBEDDHLB         46.5875 -> 46.5983
47064,1 fw PLH.static      CFIMEAFDJFM         42.1041 -> 42.1244
47069,3 fw PLH.static      ADJMBEDDHLB         46.5983 -> 46.6066
47079,5 fw PLH.static      ADJMBEDDHLB         46.6066 -> 46.6127
47079,6 fw PLH.static      CFIMEAFDJFM         42.1244 -> 42.1386
47085,3 fw PLH.static      ADJMBEDDHLB         46.6127 -> 46.6221
47095,9 fw Controll.static MKFDGFOCKNO         46.5451 -> 46.5951
47095,9 fw Controll.static LEKCBKLAILO         46.5951 -> 46.6451
47095,9 fw Controll.static OFJKHAFJIMA          0.0012 -> 0.0025
47096,0 fw PLH.static      ADJMBEDDHLB         46.6221 -> 46.6278
47100,6 fw PLH.static      ADJMBEDDHLB         46.6278 -> 46.6385
47100,6 fw PLH.static      CFIMEAFDJFM         42.1386 -> 42.1647
47112,5 fw Controll.static GIPNIMALPEG          0.2268 -> 0.195
47112,5 fw PLH.static      ADJMBEDDHLB         46.6385 -> 46.6432
47116,9 fw PLH.static      ADJMBEDDHLB         46.6432 -> 46.6551
47116,9 fw PLH.static      CFIMEAFDJFM         42.1647 -> 42.1811
47127,7 fw PLH.static      ADJMBEDDHLB         46.6551 -> 46.6596
47133,2 fw PLH.static      ADJMBEDDHLB         46.6596 -> 46.6702
47143,2 fw Controll.static MKFDGFOCKNO         46.5951 -> 46.6451
47143,2 fw Controll.static LEKCBKLAILO         46.6451 -> 46.6951
47143,2 fw Controll.static OFJKHAFJIMA          0.0025 -> 0.0095
47143,3 fw PLH.static      ADJMBEDDHLB         46.6702 -> 46.6757
47147,8 fw PLH.static      ADJMBEDDHLB         46.6757 -> 46.6859
47147,8 fw PLH.static      CFIMEAFDJFM         42.1811 -> 42.2126
47159,4 fw Controll.static GIPNIMALPEG           0.195 -> 0.1328
47159,4 fw PLH.static      ADJMBEDDHLB         46.6859 -> 46.6904
47164,0 fw PLH.static      ADJMBEDDHLB         46.6904 -> 46.702
47164,0 fw PLH.static      CFIMEAFDJFM         42.2126 -> 42.228
47175,1 fw PLH.static      ADJMBEDDHLB          46.702 -> 46.7065
47181,1 fw PLH.static      ADJMBEDDHLB         46.7065 -> 46.7177
47181,1 fw PLH.static      CFIMEAFDJFM          42.228 -> 42.244
47192,4 fw Controll.static MKFDGFOCKNO         46.6451 -> 46.6951
47192,4 fw Controll.static LEKCBKLAILO         46.6951 -> 46.7451
47192,4 fw Controll.static OFJKHAFJIMA          0.0095 -> 0.0065
47192,5 fw PLH.static      ADJMBEDDHLB         46.7177 -> 46.7236
47198,7 fw PLH.static      ADJMBEDDHLB         46.7236 -> 46.7357
47210,1 fw Controll.static GIPNIMALPEG          0.1328 -> 0.146
47210,1 fw PLH.static      ADJMBEDDHLB         46.7357 -> 46.7412
47210,1 fw PLH.static      CFIMEAFDJFM          42.244 -> 42.2683
47225,1 fw PLH.static      ADJMBEDDHLB         46.7412 -> 46.7605
47225,1 fw PLH.static      CFIMEAFDJFM         42.2683 -> 42.2792
47236,0 fw PLH.static      ADJMBEDDHLB         46.7605 -> 46.7677
47241,3 fw PLH.static      ADJMBEDDHLB         46.7677 -> 46.7786
47241,3 fw PLH.static      CFIMEAFDJFM         42.2792 -> 42.3048
47251,6 fw Controll.static MKFDGFOCKNO         46.6951 -> 46.7451
47251,6 fw Controll.static LEKCBKLAILO         46.7451 -> 46.7951
47251,7 fw Controll.static OFJKHAFJIMA          0.0065 -> 0.007
47251,7 fw PLH.static      ADJMBEDDHLB         46.7786 -> 46.7839
47258,1 fw PLH.static      ADJMBEDDHLB         46.7839 -> 46.7942
47267,7 fw PLH.static      ADJMBEDDHLB         46.7942 -> 46.8007
47275,8 fw Controll.static GIPNIMALPEG           0.146 -> 0.4611
47275,9 fw PLH.static      ADJMBEDDHLB         46.8007 -> 46.8102
47281,5 fw Controll.static NAKNALFCOIF           -4.65 -> -4.35
47281,5 fw Controll.static IGLCENGMMMJ           14.85 -> 15
47281,6 fw PLH.static      ADJMBEDDHLB         46.8102 -> 46.8184
47292,4 fw PLH.static      ADJMBEDDHLB         46.8184 -> 46.8241
47292,4 fw PLH.static      CFIMEAFDJFM         42.3048 -> 42.3512
47296,3 fw Controll.static MKFDGFOCKNO         46.7451 -> 46.7951
47296,3 fw Controll.static LEKCBKLAILO         46.7951 -> 46.8451
47296,4 fw PLH.static      ADJMBEDDHLB         46.8241 -> 46.8349
47296,4 fw PLH.static      CFIMEAFDJFM         42.3512 -> 42.3605
47308,0 fw Controll.static OFJKHAFJIMA           0.007 -> 0.0051
47308,0 fw PLH.static      ADJMBEDDHLB         46.8349 -> 46.8389
47313,0 fw PLH.static      ADJMBEDDHLB         46.8389 -> 46.8506
47313,0 fw PLH.static      CFIMEAFDJFM         42.3605 -> 42.3775
47324,0 fw Controll.static GIPNIMALPEG          0.4611 -> 0.4242
47324,0 fw PLH.static      ADJMBEDDHLB         46.8506 -> 46.8556
47328,1 fw Controll.static NAKNALFCOIF           -4.35 -> -4.2
47328,1 fw Controll.static IGLCENGMMMJ              15 -> 15.15
47328,2 fw PLH.static      ADJMBEDDHLB         46.8556 -> 46.8667
47328,2 fw PLH.static      CFIMEAFDJFM         42.3775 -> 42.3936
47343,3 fw Controll.static BFEOOOMMGLK               0 -> 1
47343,3 fw Controll        MJPKOOHJOPA         37.6576 -> 42.7101
47343,4 fw PLH.static      ADJMBEDDHLB         46.8667 -> 46.8707
47347,6 fw Controll.static GLGCAOADGMN               0 -> 1
47347,7 fw PLH.static      ADJMBEDDHLB         46.8707 -> 46.8859
47347,7 fw PLH.static      CFIMEAFDJFM         42.3936 -> 42.4101
47359,5 fw Controll.static MKFDGFOCKNO         46.7951 -> 46.8951
47359,5 fw Controll.static LEKCBKLAILO         46.8451 -> 46.9451
47359,5 fw Controll.static OFJKHAFJIMA          0.0051 -> 0.0066
47359,6 fw PLH.static      ADJMBEDDHLB         46.8859 -> 46.8902
47363,6 fw PLH.static      ADJMBEDDHLB         46.8902 -> 46.9021
47363,7 fw PLH.static      CFIMEAFDJFM         42.4101 -> 42.4281
47375,4 fw Controll.static MNHBPCOOMLE         2626091 -> 2631145
47375,4 fw Controll.static GIPNIMALPEG          0.4242 -> 0.4529
47375,5 fw PLH.static      ADJMBEDDHLB         46.9021 -> 46.9062
47379,6 fw PLH.static      ADJMBEDDHLB         46.9062 -> 46.918
47391,4 fw Controll.static BFEOOOMMGLK               1 -> 0
47391,4 fw PLH.static      ADJMBEDDHLB          46.918 -> 46.9221
47395,3 fw PLH.static      ADJMBEDDHLB         46.9221 -> 46.934
47395,3 fw PLH.static      CFIMEAFDJFM         42.4281 -> 42.4602
47407,4 fw Controll.static MKFDGFOCKNO         46.8951 -> 46.9451
47407,4 fw Controll.static LEKCBKLAILO         46.9451 -> 46.9951
47407,4 fw Controll.static OFJKHAFJIMA          0.0066 -> 0.0044
47407,5 fw PLH.static      ADJMBEDDHLB          46.934 -> 46.9378
47412,6 fw PLH.static      ADJMBEDDHLB         46.9378 -> 46.95
47423,6 fw Controll.static GIPNIMALPEG          0.4529 -> 0.4176
47423,7 fw PLH.static      ADJMBEDDHLB           46.95 -> 46.9551
47428,4 fw PLH.static      ADJMBEDDHLB         46.9551 -> 46.9662
47428,4 fw PLH.static      CFIMEAFDJFM         42.4602 -> 42.4933
47443,5 fw PLH.static      ADJMBEDDHLB         46.9662 -> 46.9709
47448,1 fw Controll.static GLGCAOADGMN               1 -> 0
47448,1 fw PLH.static      ADJMBEDDHLB         46.9709 -> 46.987
47448,1 fw PLH.static      CFIMEAFDJFM         42.4933 -> 42.5105
47461,5 fw Controll.static MKFDGFOCKNO         46.9451 -> 46.9951
47461,5 fw Controll.static LEKCBKLAILO         46.9951 -> 47.0451
47461,5 fw Controll.static OFJKHAFJIMA          0.0044 -> 0.0085
47461,6 fw PLH.static      ADJMBEDDHLB          46.987 -> 46.9907
47465,5 fw player          ACAIGMNLLEC             252 -> 253
47465,5 fw PLH.static      ADJMBEDDHLB         46.9907 -> 47.0041
47465,6 fw PLH.static      CFIMEAFDJFM         42.5105 -> 42.5292
47477,1 fw Controll.static GIPNIMALPEG          0.4176 -> 0.4872
47477,2 fw PLH.static      ADJMBEDDHLB         47.0041 -> 47.0081
47481,1 fw PLH.static      ADJMBEDDHLB         47.0081 -> 47.0197
47492,9 fw PLH.static      ADJMBEDDHLB         47.0197 -> 47.0237
47497,4 fw PLH.static      ADJMBEDDHLB         47.0237 -> 47.0355
47508,3 fw Controll.static MKFDGFOCKNO         46.9951 -> 47.0451
47508,3 fw Controll.static LEKCBKLAILO         47.0451 -> 47.0951
47508,3 fw Controll.static OFJKHAFJIMA          0.0085 -> 0.0053
47508,3 fw PLH.static      ADJMBEDDHLB         47.0355 -> 47.0399
47508,3 fw PLH.static      CFIMEAFDJFM         42.5292 -> 42.5667
47513,6 fw PLH.static      ADJMBEDDHLB         47.0399 -> 47.0508
47523,5 fw Controll.static GIPNIMALPEG          0.4872 -> 0.4143
47523,5 fw PLH.static      ADJMBEDDHLB         47.0508 -> 47.0561
47523,5 fw PLH.static      CFIMEAFDJFM         42.5667 -> 42.5825
47528,4 fw Controll.static NAKNALFCOIF            -4.2 -> -4.35
47528,4 fw PLH.static      ADJMBEDDHLB         47.0561 -> 47.0661
47540,8 fw PLH.static      ADJMBEDDHLB         47.0661 -> 47.071
47546,0 fw PLH.static      ADJMBEDDHLB          47.071 -> 47.0833
47546,0 fw PLH.static      CFIMEAFDJFM         42.5825 -> 42.6095
47558,5 fw Controll.static MKFDGFOCKNO         47.0451 -> 47.0951
47558,5 fw Controll.static LEKCBKLAILO         47.0951 -> 47.1451
47558,5 fw Controll.static OFJKHAFJIMA          0.0053 -> 0.0054
47558,6 fw PLH.static      ADJMBEDDHLB         47.0833 -> 47.0886
47563,1 fw PLH.static      ADJMBEDDHLB         47.0886 -> 47.1011
47575,0 fw PLH.static      ADJMBEDDHLB         47.1011 -> 47.1056
47578,9 fw Controll.static GIPNIMALPEG          0.4143 -> 0.5232
47579,0 fw PLH.static      ADJMBEDDHLB         47.1056 -> 47.1176
47579,0 fw PLH.static      CFIMEAFDJFM         42.6095 -> 42.6438
47590,0 fw PLH.static      ADJMBEDDHLB         47.1176 -> 47.1215
47595,5 fw PLH.static      ADJMBEDDHLB         47.1215 -> 47.1325
47606,7 fw Controll.static MKFDGFOCKNO         47.0951 -> 47.1452
47606,7 fw Controll.static LEKCBKLAILO         47.1451 -> 47.1952
47606,8 fw PLH.static      ADJMBEDDHLB         47.1325 -> 47.1381
47606,8 fw PLH.static      CFIMEAFDJFM         42.6438 -> 42.6644
47611,8 fw Controll.static OFJKHAFJIMA          0.0054 -> 0.0037
47611,9 fw PLH.static      ADJMBEDDHLB         47.1381 -> 47.1493
47623,2 fw PLH.static      ADJMBEDDHLB         47.1493 -> 47.1544
47627,3 fw Controll.static GIPNIMALPEG          0.5232 -> 0.4905
47627,3 fw PLH.static      ADJMBEDDHLB         47.1544 -> 47.1657
47640,4 fw PLH.static      ADJMBEDDHLB         47.1657 -> 47.1699
47640,4 fw PLH.static      CFIMEAFDJFM         42.6644 -> 42.697
47644,4 fw PLH.static      ADJMBEDDHLB         47.1699 -> 47.183
47657,2 fw PLH.static      ADJMBEDDHLB          47.183 -> 47.1869
47661,7 fw Controll.static MKFDGFOCKNO         47.1452 -> 47.1952
47661,7 fw Controll.static LEKCBKLAILO         47.1952 -> 47.2452
47661,7 fw Controll.static OFJKHAFJIMA          0.0037 -> 0.0042
47661,8 fw PLH.static      ADJMBEDDHLB         47.1869 -> 47.2001
47661,8 fw PLH.static      CFIMEAFDJFM          42.697 -> 42.7258
47661,8 fw HUD.static      EHBHDOAHOAO              12 -> 13
47661,8 fw HUD.static      CGDKPLKDION              12 -> 14
47661,8 fw HUD.static      GONEFAMEMOJ             315 -> 310
47661,8 fw HUD.static      DIIAFKMNANI         37.6892 -> 42.7258
47673,8 fw PLH.static      ADJMBEDDHLB         47.2001 -> 47.2043
47677,8 fw player          HEADELMLILF               0 -> 1
47677,9 fw Controll.static GIPNIMALPEG          0.4905 -> 0.501
47677,9 fw PLH.static      ADJMBEDDHLB         47.2043 -> 47.2163
47677,9 fw PLH.static      CFIMEAFDJFM         42.7258 -> 42.7426
47689,3 fw PLH.static      ADJMBEDDHLB         47.2163 -> 47.2204
47694,5 fw PLH.static      ADJMBEDDHLB         47.2204 -> 47.2319
47694,6 fw PLH.static      CFIMEAFDJFM         42.7426 -> 42.7588
47706,3 fw PLH.static      ADJMBEDDHLB         47.2319 -> 47.2372
47710,3 fw player          ACAIGMNLLEC             253 -> 252
47710,3 fw player          HEADELMLILF               1 -> 0
47710,3 fw Controll.static MKFDGFOCKNO         47.1952 -> 47.2452
47710,3 fw Controll.static LEKCBKLAILO         47.2452 -> 47.2952
47710,3 fw Controll.static OFJKHAFJIMA          0.0042 -> 0.0033
47710,3 fw PLH.static      ADJMBEDDHLB         47.2372 -> 47.2489
47710,3 fw PLH.static      CFIMEAFDJFM         42.7588 -> 42.7757
47723,5 fw PLH.static      ADJMBEDDHLB         47.2489 -> 47.2529
47727,5 fw Controll.static GIPNIMALPEG           0.501 -> 0.4936
47727,5 fw PLH.static      ADJMBEDDHLB         47.2529 -> 47.266
47727,5 fw PLH.static      CFIMEAFDJFM         42.7757 -> 42.7924
47740,5 fw PLH.static      ADJMBEDDHLB          47.266 -> 47.2701
47745,1 fw PLH.static      ADJMBEDDHLB         47.2701 -> 47.2831
47745,1 fw PLH.static      CFIMEAFDJFM         42.7924 -> 42.8091
47757,7 fw PLH.static      ADJMBEDDHLB         47.2831 -> 47.2876
47762,0 fw Controll.static MKFDGFOCKNO         47.2452 -> 47.2952
47762,0 fw Controll.static LEKCBKLAILO         47.2952 -> 47.3452
47762,0 fw Controll.static OFJKHAFJIMA          0.0033 -> 0.0046
47762,1 fw PLH.static      ADJMBEDDHLB         47.2876 -> 47.3003
47774,1 fw PLH.static      ADJMBEDDHLB         47.3003 -> 47.3046
47778,6 fw Controll.static GIPNIMALPEG          0.4936 -> 0.5153
47778,6 fw PLH.static      ADJMBEDDHLB         47.3046 -> 47.3169
47778,6 fw PLH.static      CFIMEAFDJFM         42.8091 -> 42.8428
47790,2 fw PLH.static      ADJMBEDDHLB         47.3169 -> 47.3212
47790,2 fw PLH.static      CFIMEAFDJFM         42.8428 -> 42.8482
47790,2 fw HUD.static      ACOMFBALLPB               0 -> -1
47795,5 fw Controll.static DGNDKAKOEPD         2630418 -> 2631377
47795,5 fw Controll.static BEJBLGGGOCC       340210563 -> 340211562
47795,5 fw Controll.static JELGPAKAJPE             159 -> 117
47795,5 fw Controll.static EENJPDHGGGC         46.3583 -> 47.3169
47795,6 fw PLH.static      ADJMBEDDHLB         47.3212 -> 47.3327
47806,6 fw PLH.static      ADJMBEDDHLB         47.3327 -> 47.3381
47806,6 fw PLH.static      CFIMEAFDJFM         42.8482 -> 42.8645
47812,2 fw Controll.static MKFDGFOCKNO         47.2952 -> 47.3452
47812,2 fw Controll.static LEKCBKLAILO         47.3452 -> 47.3952
47812,2 fw Controll.static OFJKHAFJIMA          0.0046 -> 0.0036
47812,3 fw PLH.static      ADJMBEDDHLB         47.3381 -> 47.3492
47824,6 fw PLH.static      ADJMBEDDHLB         47.3492 -> 47.3548
47824,6 fw PLH.static      CFIMEAFDJFM         42.8645 -> 42.881
47828,7 fw Controll.static GIPNIMALPEG          0.5153 -> 0.518
47828,7 fw PLH.static      ADJMBEDDHLB         47.3548 -> 47.3671
47840,7 fw PLH.static      ADJMBEDDHLB         47.3671 -> 47.3713
47840,7 fw PLH.static      CFIMEAFDJFM          42.881 -> 42.8984
47845,1 fw PLH.static      ADJMBEDDHLB         47.3713 -> 47.3833
47857,5 fw PLH.static      ADJMBEDDHLB         47.3833 -> 47.3876
47861,6 fw Controll.static MKFDGFOCKNO         47.3452 -> 47.3952
47861,6 fw Controll.static LEKCBKLAILO         47.3952 -> 47.4452
47861,6 fw Controll.static OFJKHAFJIMA          0.0036 -> 0.0045
47861,7 fw PLH.static      ADJMBEDDHLB         47.3876 -> 47.4001
47861,7 fw PLH.static      CFIMEAFDJFM         42.8984 -> 42.9261
47874,1 fw PLH.static      ADJMBEDDHLB         47.4001 -> 47.4042
47878,4 fw PLH.static      ADJMBEDDHLB         47.4042 -> 47.4168
47878,4 fw PLH.static      CFIMEAFDJFM         42.9261 -> 42.9428
47889,4 fw Controll.static GIPNIMALPEG           0.518 -> 0.7318
47889,4 fw PLH.static      ADJMBEDDHLB         47.4168 -> 47.4209
47895,0 fw PLH.static      ADJMBEDDHLB         47.4209 -> 47.432
47906,1 fw PLH.static      ADJMBEDDHLB          47.432 -> 47.4376
47906,1 fw PLH.static      CFIMEAFDJFM         42.9428 -> 42.9638
47910,2 fw Controll.static MKFDGFOCKNO         47.3952 -> 47.4452
47910,2 fw Controll.static LEKCBKLAILO         47.4452 -> 47.4952
47910,3 fw PLH.static      ADJMBEDDHLB         47.4376 -> 47.4487
47922,9 fw Controll.static OFJKHAFJIMA          0.0045 -> 0.0031
47922,9 fw PLH.static      ADJMBEDDHLB         47.4487 -> 47.4528
47927,4 fw PLH.static      ADJMBEDDHLB         47.4528 -> 47.4654
47927,4 fw PLH.static      CFIMEAFDJFM         42.9638 -> 42.9916
47940,0 fw Controll.static GIPNIMALPEG          0.7318 -> 0.743
47940,0 fw PLH.static      ADJMBEDDHLB         47.4654 -> 47.4699
47945,1 fw PLH.static      ADJMBEDDHLB         47.4699 -> 47.4826
47945,1 fw PLH.static      CFIMEAFDJFM         42.9916 -> 43.0086
47957,5 fw PLH.static      ADJMBEDDHLB         47.4826 -> 47.4877
47961,3 fw PLH.static      ADJMBEDDHLB         47.4877 -> 47.5
47973,3 fw Controll.static MKFDGFOCKNO         47.4452 -> 47.4952
47973,3 fw Controll.static LEKCBKLAILO         47.4952 -> 47.5452
47973,3 fw Controll.static OFJKHAFJIMA          0.0031 -> 0.0043
47973,3 fw PLH.static      ADJMBEDDHLB            47.5 -> 47.5038
47977,5 fw PLH.static      ADJMBEDDHLB         47.5038 -> 47.5159
47977,5 fw PLH.static      CFIMEAFDJFM         43.0086 -> 43.0421
47989,1 fw Controll.static GIPNIMALPEG           0.743 -> 0.7251
47989,1 fw PLH.static      ADJMBEDDHLB         47.5159 -> 47.52
47994,4 fw PLH.static      ADJMBEDDHLB           47.52 -> 47.5316
48006,0 fw PLH.static      ADJMBEDDHLB         47.5316 -> 47.5369
48010,7 #### SNAPSHOT #3 ####
48010,8 #S  player: _LCEIAGLFFJN_k__BackingField=1 GLFBKBKFPCL=2063882 CCINALOJCNH=2 LGOAHLMABFF=0 ADNMLOLHFCD=0 LDKMPMIANCE=1 MMMGPDBMOLM=1 FACPLDFKHIO=0 FDOJDJLIGLF=0 EFHBKMHCMOH=0 INGHEHAALBJ=0 PIBCGHCJKAA=0 BANHJLHDFLI=0 FGFKPMPLNKO=0 MOPBMENEGLN=0 ECBCOHFLJCC=0 ELBOPMABJOA=0 GDFNLALKMAN=0 PELNEJDOBKH=0 DECAKELAHPI=0 OLDBINBEFFG=0 EGCCBDKJGAB=0 EEHMHJBNAFP=0 NGCMFJECPIO=0 BCLPAILBBFP=0 AADFNNLGALL=0 PFGNALDDNDB=2 HIDMDLLHEKO=0 HOJIIOCKKLO=1 BCACFHNPIBP=45 ONOGCCOHPJC=0 LCMOBPPHLLM=0 CIPOBFGAMOP=13.361 GEDMGLAMGMD=0 MHCOJFIAGLP=0 JHGGICCFNFJ=0 CNHNFDDJMJO=0 HJLHOFPDEAA=1804 OLOOMMIKDPJ=13.361 LBKINNIDKEC=0 BDHNEDFEHBA=512 LNIDBHIAJJI=10 ACAIGMNLLEC=252 LCPGFBMKNHJ=999 CLOEJLAOIGI=0 APFNBGHAJMD=1 HEADELMLILF=0 CGHKKDBILGF=1 COCGLNFEFAF=0 HIECLOJIFIL=1 WasCollected=0
48010,8 #   player.GPBAJMJILMA len=2 [14,0625, 354,375]
48010,8 #   player.JNBMIDFBOHD len=2 [14,0625, 0]
48010,8 #   player.JPDHFNADBKI len=2 [14,0625, 354,375]
48010,8 #   player.GDEMINMDJAC len=4 [0, 0, 0, 0]
48010,8 #   player.DDKPBGMMNIA len=10 [0, 0, 0, 1, 0, 1, 0, 0, 0, 0]
48010,8 #   player.PPOOANLEBNI len=40 [0, 0, 0, 0, 0, 0, 0, 0, 0, 0, 0, 0]
48010,9 #S  Controll.static: BIAHHOIOFKG=0.5 LCMOBPPHLLM=0 BNHEPNNOAIK=2.4 BNALIDHMCIG=2.75 JLPIAOFJHBB=0 DNNCGMPDMCF=0 IECMAFHGHND=0 JOJODHNJNGO=3 AJKDGEACHKD=3 NAKNALFCOIF=-4.35 IGLCENGMMMJ=15.15 EPEEFBDJAHO=0 JEOINCHFPCC=0 HKPMJHCGMDE=0.4 DGNDKAKOEPD=2631377 BEJBLGGGOCC=340211562 JELGPAKAJPE=117 EENJPDHGGGC=47.317 ONGHDHKFEBG=-1 NIGBIPNBOPC=0 KEPGFOEOHPD=0 HLBAGIACGBI=0 PBICPLCFAGG=1 NJPDKJKJMCG=0 GCHFDAPNBNB=0 BFEOOOMMGLK=0 EKEAAHAKHIN=0 DJACNOGOCKD=0 MJHNOEIFBEO=0 JGNLBAMNEBA=0 HCOLPFEEENG=0 EGDKJEFGFIC=0 GLGCAOADGMN=0 FGGKANNFBDH=0 LKPFNJHLOHL=0 ILFOFIOFBAM=-1 KJOMABGHAIJ=0 IPCNAHJLMAP=0 CGJDLMEINBJ=0 CFACCGMPPOE=1 NKFBOBMMGCL=0 CMGGPFHFKCM=2.4 MKFDGFOCKNO=47.545 LEKCBKLAILO=47.595 CIDLIJFIKPG=0.05 OFJKHAFJIMA=0.003 LADGFAFJJNM=0 CFHLIKBFICO=0 PEPKIHHGDHG=0 MBFKABGNPCM=0 AJKBMMMOPMF=0 DEBGAILDKPC=0 GKNJELHPMDE=-1 FBINCNDDPAO=0 ILGHFLMKMCO=0 CKLMDECPAGK=0 DBMGNKNGFLL=0 JADIDAJFOGK=0 OINJNFHMDFE=0 _JFKCDODJALP_k__BackingField=0 GHLDENBLDPH=0 IEKGMGGHAPE=0 BEINLJCOGBO=0 GAMBHJPMDON=1 POFKNJGAKPK=0 OGDPMIBJLDH=0 MNHBPCOOMLE=2631145 MBLGPNKENLH=0 AFDPPPDHDGP=0 IPKHNCADMPM=0 KMJLDLGDMGK=1 GIPNIMALPEG=0.158 ANDBANJHOLD=0 JBKBOPCCIBM=0
48011,0 #   Controll.static.DDOHELGGICN len=6 [(normal:(0.59, -0.20, 0.78), distance:-35.00), (normal:(-0.70, -0.20, 0.68), distance:37.27), (normal:(-0.06, 0.67, 0.74), distance:-7.95), (normal:(-0.02, -0.95, 0.30), distance:9.55), (normal:(-0.07, -0.26, 0.96), distance:1.48), (normal:(0.07, 0.26, -0.96), distance:254.22)]
48011,1 #S  Controll: IFFKNMHKCKD=0.05 NIJLEBGNMAK=0.001 KNHCENJLPCN=0 MHMBOOBHFAO=0 BMPGKHBBDKJ=0 DKMDNEBPDLN=100000000 EDFJFJADEOI=0 PKPGKHAGALH=0 ANHKKECOIIK=0 CJIOKPOOHIC=-1 KOPOBDGHLFL=0 CLEHDNFKJPB=12.768 CAFJCKPAKIB=1 NLJFFCIKAFH=0 CGNEAAGAMKC=50 NFIICDMHEEI=0 IKILBFGJOKH=0 ANJGKCCKEED=0 APLGDDHLOHA=0 MCOGBCDKDJD=10 MFMJHNGIFGM=0 DJJBAKDOCPN=-1 ABEDBPBPOFI=0 MJPKOOHJOPA=42.71 useGUILayout=1 enabled=1 isActiveAndEnabled=1 WasCollected=0
48011,1 #S  weapon: OCDNCKANJPB=1 NLNJMBCBEAF=0 WasCollected=0
48011,1 #S  activeEntry: AIEPBAHGMJD=0 NIBLMFFHJHK=0 PICIILNDDJO=1 LJAIJIMKOGP=0 GLGJDNLBAOB=0 NIKINLIKGCP=15 MOGDFDEMPLE=45 WasCollected=0
48011,1 #   activeEntry.COAAKMDBKJM len=3 [0, 0, 0]
48011,1 #S  PLH.static: LCKKCAHAPEF=2.08 IFFKNMHKCKD=0.05 EHHGKJHIGIL=1 BMPGKHBBDKJ=0 ADJMBEDDHLB=47.549 CFIMEAFDJFM=43.075 KMLIIIGJAEK=4 OJDIKHJOGJC=0 EDLPNENMJFF=50 FEFGNPKFKPE=0 EKHCENHLMAM=1
48011,2 #S  HUD.static: CBFLNECJIFF=1 ACOMFBALLPB=-1 MMEPGJJAHCI=42.839 JNBEDAECKGM=0 EHBHDOAHOAO=13 CGDKPLKDION=14 NEICGEOMFGN=0 GONEFAMEMOJ=310 DJBNLINNLOJ=-1 DIIAFKMNANI=42.726 ANDPEBCAPAC=0 GAELHMDBFBO=0 FKLAELDOEAG=0 PIPJJIMDAHF=0 KDGCJFDGFAJ=0 FCHLFNBPLLH=0 GPFCJFOLNII=0 DFEHJHOHPHK=0 NIHKFABDHPH=100 IPLCMBBHJKO=0 IBFMBINJKJN=0 LCJPDJJKNDM=1 PHNGEPIGKIO=0 FJMNBAGNAIH=13.861 OOIBIGCALAA=0.5 IICPDHNGAKC=1 MJKGICKCFNC=0 DIIIBNOFMCH=0 LGJHAJDMKAB=0 IHMHNDHECDO=0 EGBJBLEELNC=0 AMEOBGEEGCI=0
48011,3 #   HUD.static.DPOPNDPLFMN len=8 [(x:773.49, y:43.38, width:40.48, height:40.48), (x:727.22, y:43.38, width:40.48, height:40.48), (x:680.95, y:43.38, width:40.48, height:40.48), (x:634.69, y:43.38, width:40.48, height:40.48), (x:588.42, y:43.38, width:40.48, height:40.48), (x:542.15, y:43.38, width:40.48, height:40.48), (x:495.89, y:43.38, width:40.48, height:40.48), (x:449.62, y:43.38, width:40.48, height:40.48)]
48011,3 #   HUD.static.MGJBGOOFALD len=8 [(x:1106.03, y:43.38, width:40.48, height:40.48), (x:1152.30, y:43.38, width:40.48, height:40.48), (x:1198.56, y:43.38, width:40.48, height:40.48), (x:1244.83, y:43.38, width:40.48, height:40.48), (x:1291.10, y:43.38, width:40.48, height:40.48), (x:1337.36, y:43.38, width:40.48, height:40.48), (x:1383.63, y:43.38, width:40.48, height:40.48), (x:1429.90, y:43.38, width:40.48, height:40.48)]
48011,5 #   HUD.static.FBJDJBJOIJD len=16 [(x:773.49, y:20.24, width:40.48, height:40.48), (x:727.22, y:20.24, width:40.48, height:40.48), (x:680.95, y:20.24, width:40.48, height:40.48), (x:634.69, y:20.24, width:40.48, height:40.48), (x:588.42, y:20.24, width:40.48, height:40.48), (x:542.15, y:20.24, width:40.48, height:40.48), (x:495.89, y:20.24, width:40.48, height:40.48), (x:449.62, y:20.24, width:40.48, height:40.48), (x:773.49, y:66.51, width:40.48, height:40.48), (x:727.22, y:66.51, width:40.48, height:40.48), (x:680.95, y:66.51, width:40.48, height:40.48), (x:634.69, y:66.51, width:40.48, height:40.48)]
48011,6 #   HUD.static.HPCDGLNGIJJ len=16 [(x:1106.03, y:20.24, width:40.48, height:40.48), (x:1152.30, y:20.24, width:40.48, height:40.48), (x:1198.56, y:20.24, width:40.48, height:40.48), (x:1244.83, y:20.24, width:40.48, height:40.48), (x:1291.10, y:20.24, width:40.48, height:40.48), (x:1337.36, y:20.24, width:40.48, height:40.48), (x:1383.63, y:20.24, width:40.48, height:40.48), (x:1429.90, y:20.24, width:40.48, height:40.48), (x:1106.03, y:66.51, width:40.48, height:40.48), (x:1152.30, y:66.51, width:40.48, height:40.48), (x:1198.56, y:66.51, width:40.48, height:40.48), (x:1244.83, y:66.51, width:40.48, height:40.48)]
48011,6 #   HUD.static.JNAIOMMAIJG len=128 [0, 0, 0, 0, 0, 0, 0, 0, 0, 0, 0, 0]
48011,6 #S  HUD: DHKHMLPECLF=0 IDFHNKPJNCJ=0 CBDLILOKFDN=0 LCANLDDJLFB=1 IMPGDAPCBJF=108 ECHGPEPBOIM=0 NCPLNFKICBA=0 useGUILayout=1 enabled=1 isActiveAndEnabled=1 WasCollected=0
48011,7 #S  GUIInv.static: CBFLNECJIFF=0 HIMLDGKPFPO=0 DGIJIEDOAEG=0 HKFEGAMNGEB=0 MPBHJGCJBDE=0 JMACIGCBFBD=0 BFJLPHFIAAH=0 HJDOBCDPGPN=0 AHGBOGEBGKK=0 BACEMKABHAP=0 FBCMGKKKPPN=0 PNMFBNFKNAP=1 CAMEKFBNJEC=0 EFBFIHJMABF=1 NOMKICNEPMC=0 CPDKLHLLOKJ=0 IJNHDOGBGNE=0 FEBBCHLIJAM=0 LALEHGDILEB=9 INCDIECCFMC=7 LOILCIEIHHF=8 LPIHIDHBCAG=0 NDGEDGDLEMI=0 GLPOMODNMHL=0 NJLOOIBPPHE=0
48011,7 #   GUIInv.static.MHCPNENABCD len=9 [0, 0, 0, 1, 1, 0, 0, 0, 0]
48011,7 #   GUIInv.static.CLKDEHIHPAJ len=31 [0, 0, 1, 1, 1, 1, 1, 1, 1, 1, 1, 1]
48011,7 #   GUIInv.static.EKNEPPFAEME len=30 [0, 0, 0, 1, 1, 1, 1, 1, 1, 1, 1, 1]
48011,7 #   GUIInv.static.ODBDHJLHOGP len=29 [0, 0, 1, 1, 1, 1, 1, 1, 1, 1, 1, 1]
48011,7 #   GUIInv.static.JGFMOAHNPDN len=3 [0, 1, 1]
48011,7 #S  GUIInv: LDKMPMIANCE=0 WasCollected=0
48011,8 fw PLH.static      ADJMBEDDHLB         47.5369 -> 47.5485
48011,8 fw PLH.static      CFIMEAFDJFM         43.0421 -> 43.0753
48022,7 fw Controll.static MKFDGFOCKNO         47.4952 -> 47.5452
48022,7 fw Controll.static LEKCBKLAILO         47.5452 -> 47.5952
48022,7 fw Controll.static OFJKHAFJIMA          0.0043 -> 0.0029
48022,7 fw PLH.static      ADJMBEDDHLB         47.5485 -> 47.5544
48028,2 fw PLH.static      ADJMBEDDHLB         47.5544 -> 47.5652
48028,2 fw PLH.static      CFIMEAFDJFM         43.0753 -> 43.0916
48039,9 fw Controll.static GIPNIMALPEG          0.7251 -> 0.7417
48040,0 fw PLH.static      ADJMBEDDHLB         47.5652 -> 47.5708
48040,0 fw PLH.static      CFIMEAFDJFM         43.0916 -> 43.0979
48043,9 fw PLH.static      ADJMBEDDHLB         47.5708 -> 47.5825
48056,5 fw PLH.static      ADJMBEDDHLB         47.5825 -> 47.5864
48060,8 fw PLH.static      ADJMBEDDHLB         47.5864 -> 47.5993
48072,9 fw Controll.static MKFDGFOCKNO         47.5452 -> 47.5952
48072,9 fw Controll.static LEKCBKLAILO         47.5952 -> 47.6452
48072,9 fw Controll.static OFJKHAFJIMA          0.0029 -> 0.0034
48072,9 fw PLH.static      ADJMBEDDHLB         47.5993 -> 47.6033
48072,9 fw PLH.static      CFIMEAFDJFM         43.0979 -> 43.1304
48077,2 fw PLH.static      ADJMBEDDHLB         47.6033 -> 47.6155
48077,2 fw PLH.static      CFIMEAFDJFM         43.1304 -> 43.1417
48088,5 fw Controll.static GIPNIMALPEG          0.7417 -> 0.7129
48088,5 fw PLH.static      ADJMBEDDHLB         47.6155 -> 47.6198
48093,5 fw PLH.static      ADJMBEDDHLB         47.6198 -> 47.631
48106,0 fw PLH.static      ADJMBEDDHLB          47.631 -> 47.636
48106,0 fw PLH.static      CFIMEAFDJFM         43.1417 -> 43.1623
48111,5 fw PLH.static      ADJMBEDDHLB          47.636 -> 47.6485
48121,9 fw Controll.static MKFDGFOCKNO         47.5952 -> 47.6452
48121,9 fw Controll.static LEKCBKLAILO         47.6452 -> 47.6952
48121,9 fw Controll.static OFJKHAFJIMA          0.0034 -> 0.0029
48121,9 fw PLH.static      ADJMBEDDHLB         47.6485 -> 47.654
48122,0 fw PLH.static      CFIMEAFDJFM         43.1623 -> 43.1804
48127,3 fw PLH.static      ADJMBEDDHLB          47.654 -> 47.6645
48139,0 fw Controll.static GIPNIMALPEG          0.7129 -> 0.7239
48139,1 fw PLH.static      ADJMBEDDHLB         47.6645 -> 47.6699
48139,1 fw PLH.static      CFIMEAFDJFM         43.1804 -> 43.1969
48143,4 fw PLH.static      ADJMBEDDHLB         47.6699 -> 47.6817
48156,3 fw PLH.static      ADJMBEDDHLB         47.6817 -> 47.686
48160,7 fw PLH.static      ADJMBEDDHLB          47.686 -> 47.6988
48172,6 fw Controll.static MKFDGFOCKNO         47.6452 -> 47.6952
48172,6 fw Controll.static LEKCBKLAILO         47.6952 -> 47.7452
48172,6 fw Controll.static OFJKHAFJIMA          0.0029 -> 0.0031
48172,6 fw PLH.static      ADJMBEDDHLB         47.6988 -> 47.7033
48172,6 fw PLH.static      CFIMEAFDJFM         43.1969 -> 43.2304
48176,6 fw PLH.static      ADJMBEDDHLB         47.7033 -> 47.7152
48188,3 fw PLH.static      ADJMBEDDHLB         47.7152 -> 47.7191
48193,1 fw Controll.static GIPNIMALPEG          0.7239 -> 0.8063
48193,2 fw PLH.static      ADJMBEDDHLB         47.7191 -> 47.7308
48193,2 fw PLH.static      CFIMEAFDJFM         43.2304 -> 43.2578
48205,2 fw PLH.static      ADJMBEDDHLB         47.7308 -> 47.7357
48209,3 fw PLH.static      ADJMBEDDHLB         47.7357 -> 47.7478
48222,6 fw Controll.static MKFDGFOCKNO         47.6952 -> 47.7452
48222,6 fw Controll.static LEKCBKLAILO         47.7452 -> 47.7952
48222,6 fw PLH.static      ADJMBEDDHLB         47.7478 -> 47.7518
48222,6 fw PLH.static      CFIMEAFDJFM         43.2578 -> 43.2789
48226,5 fw Controll.static OFJKHAFJIMA          0.0031 -> 0.0021
48226,5 fw PLH.static      ADJMBEDDHLB         47.7518 -> 47.7652
48226,5 fw PLH.static      CFIMEAFDJFM         43.2789 -> 43.2913
48239,4 fw PLH.static      ADJMBEDDHLB         47.7652 -> 47.769
48244,2 fw Controll.static GIPNIMALPEG          0.8063 -> 0.8269
48244,2 fw PLH.static      ADJMBEDDHLB          47.769 -> 47.7824
48244,2 fw PLH.static      CFIMEAFDJFM         43.2913 -> 43.3081
48256,1 fw PLH.static      ADJMBEDDHLB         47.7824 -> 47.7868
48260,4 fw PLH.static      ADJMBEDDHLB         47.7868 -> 47.7987
48272,4 fw PLH.static      ADJMBEDDHLB         47.7987 -> 47.803
48277,4 fw Controll.static MKFDGFOCKNO         47.7452 -> 47.7952
48277,4 fw Controll.static LEKCBKLAILO         47.7952 -> 47.8452
48277,4 fw Controll.static OFJKHAFJIMA          0.0021 -> 0.003
48277,5 fw PLH.static      ADJMBEDDHLB          47.803 -> 47.8149
48277,5 fw PLH.static      CFIMEAFDJFM         43.3081 -> 43.3413
48289,1 fw PLH.static      ADJMBEDDHLB         47.8149 -> 47.82
48294,9 fw Controll.static GIPNIMALPEG          0.8269 -> 0.8419
48295,0 fw PLH.static      ADJMBEDDHLB           47.82 -> 47.8317
48305,0 fw PLH.static      ADJMBEDDHLB         47.8317 -> 47.8375
48305,0 fw PLH.static      CFIMEAFDJFM         43.3413 -> 43.3638
48309,0 fw PLH.static      ADJMBEDDHLB         47.8375 -> 47.8475
48321,9 fw PLH.static      ADJMBEDDHLB         47.8475 -> 47.8515
48325,5 fw Controll.static MKFDGFOCKNO         47.7952 -> 47.8452
48325,5 fw Controll.static LEKCBKLAILO         47.8452 -> 47.8952
48325,5 fw Controll.static OFJKHAFJIMA           0.003 -> 0.0019
48325,6 fw PLH.static      ADJMBEDDHLB         47.8515 -> 47.8644
48325,6 fw PLH.static      CFIMEAFDJFM         43.3638 -> 43.3907
48338,5 fw PLH.static      ADJMBEDDHLB         47.8644 -> 47.8681
48338,5 fw PLH.static      CFIMEAFDJFM         43.3907 -> 43.3952
48342,7 fw Controll.static GIPNIMALPEG          0.8419 -> 0.7968
48342,7 fw PLH.static      ADJMBEDDHLB         47.8681 -> 47.8811
48355,7 fw PLH.static      ADJMBEDDHLB         47.8811 -> 47.8853
48359,8 fw PLH.static      ADJMBEDDHLB         47.8853 -> 47.8983
48359,8 fw PLH.static      CFIMEAFDJFM         43.3952 -> 43.4242
48372,3 fw PLH.static      ADJMBEDDHLB         47.8983 -> 47.9023
48376,2 fw Controll.static MKFDGFOCKNO         47.8452 -> 47.8952
48376,2 fw Controll.static LEKCBKLAILO         47.8952 -> 47.9452
48376,2 fw Controll.static OFJKHAFJIMA          0.0019 -> 0.0025
48376,3 fw PLH.static      ADJMBEDDHLB         47.9023 -> 47.9149
48376,3 fw PLH.static      CFIMEAFDJFM         43.4242 -> 43.4411
48388,0 fw PLH.static      ADJMBEDDHLB         47.9149 -> 47.9188
48393,7 fw Controll.static GIPNIMALPEG          0.7968 -> 0.8171
48393,7 fw PLH.static      ADJMBEDDHLB         47.9188 -> 47.9306
48404,9 fw PLH.static      ADJMBEDDHLB         47.9306 -> 47.9363
48409,3 fw PLH.static      ADJMBEDDHLB         47.9363 -> 47.9474
48409,3 fw PLH.static      CFIMEAFDJFM         43.4411 -> 43.4742
48421,7 fw PLH.static      ADJMBEDDHLB         47.9474 -> 47.9518
48425,6 fw Controll.static MKFDGFOCKNO         47.8952 -> 47.9452
48425,6 fw Controll.static LEKCBKLAILO         47.9452 -> 47.9952
48425,6 fw Controll.static OFJKHAFJIMA          0.0025 -> 0.0018
48425,7 fw PLH.static      ADJMBEDDHLB         47.9518 -> 47.9643
48438,4 fw PLH.static      ADJMBEDDHLB         47.9643 -> 47.9682
48442,6 fw Controll.static GIPNIMALPEG          0.8171 -> 0.7945
48442,6 fw PLH.static      ADJMBEDDHLB         47.9682 -> 47.981
48442,6 fw PLH.static      CFIMEAFDJFM         43.4742 -> 43.5073
48455,5 fw PLH.static      ADJMBEDDHLB          47.981 -> 47.9852
48459,5 fw PLH.static      ADJMBEDDHLB         47.9852 -> 47.998
48471,7 fw PLH.static      ADJMBEDDHLB          47.998 -> 48.002
48475,9 fw Controll.static MKFDGFOCKNO         47.9452 -> 47.9952
48475,9 fw Controll.static LEKCBKLAILO         47.9952 -> 48.0452
48475,9 fw Controll.static OFJKHAFJIMA          0.0018 -> 0.0023
48476,0 fw PLH.static      ADJMBEDDHLB          48.002 -> 48.0143
48476,0 fw PLH.static      CFIMEAFDJFM         43.5073 -> 43.5406
48487,5 fw PLH.static      ADJMBEDDHLB         48.0143 -> 48.0185
48492,3 fw PLH.static      ADJMBEDDHLB         48.0185 -> 48.03
48492,3 fw PLH.static      CFIMEAFDJFM         43.5406 -> 43.557
48504,2 fw Controll.static GIPNIMALPEG          0.7945 -> 0.0275
48504,3 fw PLH.static      ADJMBEDDHLB           48.03 -> 48.0348
48508,4 fw PLH.static      ADJMBEDDHLB         48.0348 -> 48.0468
48508,4 fw PLH.static      CFIMEAFDJFM          43.557 -> 43.5736
48521,6 fw PLH.static      ADJMBEDDHLB         48.0468 -> 48.0509
48526,1 fw Controll.static MKFDGFOCKNO         47.9952 -> 48.0452
48526,1 fw Controll.static LEKCBKLAILO         48.0452 -> 48.0952
48526,1 fw PLH.static      ADJMBEDDHLB         48.0509 -> 48.0642
48526,1 fw PLH.static      CFIMEAFDJFM         43.5736 -> 43.5904
48538,3 fw Controll.static OFJKHAFJIMA          0.0023 -> 0.0011
48538,4 fw PLH.static      ADJMBEDDHLB         48.0642 -> 48.0686
48542,3 fw PLH.static      ADJMBEDDHLB         48.0686 -> 48.0809
48554,7 fw Controll.static GIPNIMALPEG          0.0275 -> 0.0369
48554,8 fw PLH.static      ADJMBEDDHLB         48.0809 -> 48.0848
48559,0 fw PLH.static      ADJMBEDDHLB         48.0848 -> 48.0973
48559,0 fw PLH.static      CFIMEAFDJFM         43.5904 -> 43.6234
48571,3 fw PLH.static      ADJMBEDDHLB         48.0973 -> 48.1015
48575,6 fw PLH.static      ADJMBEDDHLB         48.1015 -> 48.1139
48575,6 fw PLH.static      CFIMEAFDJFM         43.6234 -> 43.6402
48587,3 fw Controll.static MKFDGFOCKNO         48.0452 -> 48.0952
48587,4 fw Controll.static LEKCBKLAILO         48.0952 -> 48.1452
48587,4 fw Controll.static OFJKHAFJIMA          0.0011 -> 0.0017
48587,4 fw PLH.static      ADJMBEDDHLB         48.1139 -> 48.1181
48593,4 fw PLH.static      ADJMBEDDHLB         48.1181 -> 48.1299
48604,0 fw Controll.static GIPNIMALPEG          0.0369 -> 0.0224
48604,0 fw PLH.static      ADJMBEDDHLB         48.1299 -> 48.1359
48604,0 fw PLH.static      CFIMEAFDJFM         43.6402 -> 43.6622
48608,8 fw PLH.static      ADJMBEDDHLB         48.1359 -> 48.147
48608,8 fw PLH.static      CFIMEAFDJFM         43.6622 -> 43.6734
48621,2 fw PLH.static      ADJMBEDDHLB          48.147 -> 48.1514
48625,5 fw PLH.static      ADJMBEDDHLB         48.1514 -> 48.1637
48625,5 fw PLH.static      CFIMEAFDJFM         43.6734 -> 43.6901
48637,7 fw Controll.static MKFDGFOCKNO         48.0952 -> 48.1452
48637,7 fw Controll.static LEKCBKLAILO         48.1452 -> 48.1952
48637,7 fw Controll.static OFJKHAFJIMA          0.0017 -> 0.0009
48637,8 fw PLH.static      ADJMBEDDHLB         48.1637 -> 48.168
48641,6 fw PLH.static      ADJMBEDDHLB          48.168 -> 48.1803
48641,6 fw PLH.static      CFIMEAFDJFM         43.6901 -> 43.7066
48654,7 fw Controll.static GIPNIMALPEG          0.0224 -> 0.0363
48654,7 fw PLH.static      ADJMBEDDHLB         48.1803 -> 48.1842
48658,6 fw PLH.static      ADJMBEDDHLB         48.1842 -> 48.1973
48671,3 fw PLH.static      ADJMBEDDHLB         48.1973 -> 48.2011
48675,0 fw PLH.static      ADJMBEDDHLB         48.2011 -> 48.2138
48675,0 fw PLH.static      CFIMEAFDJFM         43.7066 -> 43.7401
48686,9 fw Controll.static MKFDGFOCKNO         48.1452 -> 48.1952
48686,9 fw Controll.static LEKCBKLAILO         48.1952 -> 48.2452
48686,9 fw Controll.static OFJKHAFJIMA          0.0009 -> 0.0016
48687,0 fw PLH.static      ADJMBEDDHLB         48.2138 -> 48.2176
48691,7 fw PLH.static      ADJMBEDDHLB         48.2176 -> 48.2295
48691,7 fw PLH.static      CFIMEAFDJFM         43.7401 -> 43.7565
48703,9 fw Controll.static GIPNIMALPEG          0.0363 -> 0.0205
48704,0 fw PLH.static      ADJMBEDDHLB         48.2295 -> 48.2343
48708,3 fw PLH.static      ADJMBEDDHLB         48.2343 -> 48.2465
48721,4 fw PLH.static      ADJMBEDDHLB         48.2465 -> 48.2509
48721,4 fw PLH.static      CFIMEAFDJFM         43.7565 -> 43.7779
48725,6 fw PLH.static      ADJMBEDDHLB         48.2509 -> 48.2639
48725,6 fw PLH.static      CFIMEAFDJFM         43.7779 -> 43.7901
48738,0 fw Controll.static MKFDGFOCKNO         48.1952 -> 48.2452
48738,0 fw Controll.static LEKCBKLAILO         48.2452 -> 48.2952
48738,0 fw Controll.static OFJKHAFJIMA          0.0016 -> 0.0008
48738,0 fw PLH.static      ADJMBEDDHLB         48.2639 -> 48.2681
48742,8 fw PLH.static      ADJMBEDDHLB         48.2681 -> 48.2806
48755,9 fw Controll.static GIPNIMALPEG          0.0205 -> 0.0611
48756,0 fw PLH.static      ADJMBEDDHLB         48.2806 -> 48.2854
48756,0 fw PLH.static      CFIMEAFDJFM         43.7901 -> 43.8124
48771,6 fw PLH.static      ADJMBEDDHLB         48.2854 -> 48.2985
48781,6 fw Controll.static DGNDKAKOEPD         2631377 -> 2632374
48781,6 fw Controll.static BEJBLGGGOCC       340211562 -> 340212561
48781,6 fw Controll.static JELGPAKAJPE             117 -> 118
48781,6 fw Controll.static EENJPDHGGGC         47.3169 -> 48.3141
48781,7 fw PLH.static      ADJMBEDDHLB         48.2985 -> 48.3141
48781,7 fw PLH.static      CFIMEAFDJFM         43.8124 -> 43.8308
48794,5 fw PLH.static      ADJMBEDDHLB         48.3141 -> 48.3242
48794,5 fw PLH.static      CFIMEAFDJFM         43.8308 -> 43.8502
48798,7 fw Controll.static MKFDGFOCKNO         48.2452 -> 48.2952
48798,7 fw Controll.static LEKCBKLAILO         48.2952 -> 48.3452
48798,7 fw Controll.static OFJKHAFJIMA          0.0008 -> 0.0028
48798,7 fw PLH.static      ADJMBEDDHLB         48.3242 -> 48.337
48811,1 fw PLH.static      ADJMBEDDHLB          48.337 -> 48.3414
48817,1 fw PLH.static      ADJMBEDDHLB         48.3414 -> 48.3536
48817,1 fw PLH.static      CFIMEAFDJFM         43.8502 -> 43.8798
48828,0 fw Controll.static GIPNIMALPEG          0.0611 -> 0.5026
48828,1 fw PLH.static      ADJMBEDDHLB         48.3536 -> 48.3597
48838,9 fw PLH.static      ADJMBEDDHLB         48.3597 -> 48.3706
48843,1 fw PLH.static      ADJMBEDDHLB         48.3706 -> 48.3814
48843,1 fw PLH.static      CFIMEAFDJFM         43.8798 -> 43.9076
48856,9 fw Controll.static MKFDGFOCKNO         48.2952 -> 48.3953
48856,9 fw Controll.static LEKCBKLAILO         48.3452 -> 48.4453
48857,0 fw PLH.static      ADJMBEDDHLB         48.3814 -> 48.3857
48917,8 fw Controll.static OFJKHAFJIMA          0.0028 -> 0.0146
48917,9 fw PLH.static      ADJMBEDDHLB         48.3857 -> 48.4082
48917,9 fw PLH.static      CFIMEAFDJFM         43.9076 -> 43.9244
48932,4 fw PLH.static      ADJMBEDDHLB         48.4082 -> 48.4605
48932,4 fw PLH.static      CFIMEAFDJFM         43.9244 -> 43.9825
48942,8 fw Controll.static GIPNIMALPEG          0.5026 -> 0.7971
48942,8 fw PLH.static      ADJMBEDDHLB         48.4605 -> 48.4749
48942,8 fw PLH.static      CFIMEAFDJFM         43.9825 -> 44.0002
48952,9 fw PLH.static      ADJMBEDDHLB         48.4749 -> 48.4857
48952,9 fw PLH.static      CFIMEAFDJFM         44.0002 -> 44.0123
48961,5 fw PLH.static      ADJMBEDDHLB         48.4857 -> 48.4954
48979,1 fw PLH.static      ADJMBEDDHLB         48.4954 -> 48.504
48993,0 fw Controll.static MKFDGFOCKNO         48.3953 -> 48.4953
48993,0 fw Controll.static LEKCBKLAILO         48.4453 -> 48.5453
48993,0 fw Controll.static OFJKHAFJIMA          0.0146 -> 0.0044
48993,1 fw PLH.static      ADJMBEDDHLB          48.504 -> 48.5218
48993,1 fw PLH.static      CFIMEAFDJFM         44.0123 -> 44.0482
49006,3 fw PLH.static      ADJMBEDDHLB         48.5218 -> 48.5356
49006,3 fw PLH.static      CFIMEAFDJFM         44.0482 -> 44.0616
49012,1 fw Controll.static GIPNIMALPEG          0.7971 -> 0.1832
49012,2 fw PLH.static      ADJMBEDDHLB         48.5356 -> 48.5489
49026,5 fw PLH.static      ADJMBEDDHLB         48.5489 -> 48.5547
49042,8 fw PLH.static      ADJMBEDDHLB         48.5547 -> 48.569
49042,8 fw PLH.static      CFIMEAFDJFM         44.0616 -> 44.0961
49049,6 fw PLH.static      ADJMBEDDHLB          48.569 -> 48.5855
49049,6 fw PLH.static      CFIMEAFDJFM         44.0961 -> 44.1106
49062,4 fw Controll.static MKFDGFOCKNO         48.4953 -> 48.5953
49062,4 fw Controll.static LEKCBKLAILO         48.5453 -> 48.6453
49062,4 fw Controll.static OFJKHAFJIMA          0.0044 -> 0.0092
49062,5 fw PLH.static      ADJMBEDDHLB         48.5855 -> 48.5921
49074,5 fw PLH.static      ADJMBEDDHLB         48.5921 -> 48.6051
49074,5 fw PLH.static      CFIMEAFDJFM         44.1106 -> 44.1304
49112,4 fw Controll.static GIPNIMALPEG          0.1832 -> 0.1894
49112,4 fw PLH.static      ADJMBEDDHLB         48.6051 -> 48.6171
49112,5 fw PLH.static      CFIMEAFDJFM         44.1304 -> 44.1427
49124,0 fw PLH.static      ADJMBEDDHLB         48.6171 -> 48.6555
49124,0 fw PLH.static      CFIMEAFDJFM         44.1427 -> 44.1805
49129,2 fw PLH.static      ADJMBEDDHLB         48.6555 -> 48.6665
49140,1 fw PLH.static      ADJMBEDDHLB         48.6665 -> 48.6718
49140,1 fw PLH.static      CFIMEAFDJFM         44.1805 -> 44.1988
49145,1 fw Controll.static MKFDGFOCKNO         48.5953 -> 48.6453
49145,1 fw Controll.static LEKCBKLAILO         48.6453 -> 48.6953
49145,1 fw Controll.static OFJKHAFJIMA          0.0092 -> 0.0093
49145,2 fw PLH.static      ADJMBEDDHLB         48.6718 -> 48.6827
49157,1 fw PLH.static      ADJMBEDDHLB         48.6827 -> 48.6877
49160,8 fw Controll.static GIPNIMALPEG          0.1894 -> 0.1583
49160,9 fw PLH.static      ADJMBEDDHLB         48.6877 -> 48.6996
49160,9 fw PLH.static      CFIMEAFDJFM         44.1988 -> 44.2258
49172,5 fw PLH.static      ADJMBEDDHLB         48.6996 -> 48.7034
49176,6 fw PLH.static      ADJMBEDDHLB         48.7034 -> 48.715
49187,0 fw PLH.static      ADJMBEDDHLB          48.715 -> 48.7192
49187,0 fw PLH.static      CFIMEAFDJFM         44.2258 -> 44.2462
49193,8 fw Controll.static MKFDGFOCKNO         48.6453 -> 48.6953
49193,8 fw Controll.static LEKCBKLAILO         48.6953 -> 48.7453
49193,8 fw Controll.static OFJKHAFJIMA          0.0093 -> 0.0039
49193,8 fw PLH.static      ADJMBEDDHLB         48.7192 -> 48.7298
49200,5 fw PLH.static      ADJMBEDDHLB         48.7298 -> 48.7364
49207,8 fw Controll.static GIPNIMALPEG          0.1583 -> 0.0974
49207,9 fw PLH.static      ADJMBEDDHLB         48.7364 -> 48.743
49207,9 fw PLH.static      CFIMEAFDJFM         44.2462 -> 44.2701
49216,1 fw PLH.static      ADJMBEDDHLB          48.743 -> 48.7504
49220,8 fw PLH.static      ADJMBEDDHLB         48.7504 -> 48.759
49232,0 fw PLH.static      ADJMBEDDHLB          48.759 -> 48.7634
49237,2 fw Controll.static MKFDGFOCKNO         48.6953 -> 48.7453
49237,2 fw Controll.static LEKCBKLAILO         48.7453 -> 48.7953
49237,2 fw Controll.static OFJKHAFJIMA          0.0039 -> 0.0046
49244,2 fw PLH.static      ADJMBEDDHLB         48.7634 -> 48.7746
49256,0 fw PLH.static      ADJMBEDDHLB         48.7746 -> 48.7868
49256,0 fw PLH.static      CFIMEAFDJFM         44.2701 -> 44.3067
49260,2 fw PLH.static      ADJMBEDDHLB         48.7868 -> 48.7986
49271,3 fw Controll.static GIPNIMALPEG          0.0974 -> 0.3671
49271,3 fw PLH.static      ADJMBEDDHLB         48.7986 -> 48.8027
49275,9 fw PLH.static      ADJMBEDDHLB         48.8027 -> 48.8139
49275,9 fw PLH.static      CFIMEAFDJFM         44.3067 -> 44.3403
49285,9 fw PLH.static      ADJMBEDDHLB         48.8139 -> 48.8185
49291,9 fw Controll.static MKFDGFOCKNO         48.7453 -> 48.7953
49291,9 fw Controll.static LEKCBKLAILO         48.7953 -> 48.8453
49292,0 fw PLH.static      ADJMBEDDHLB         48.8185 -> 48.8284
49292,0 fw PLH.static      CFIMEAFDJFM         44.3403 -> 44.3554
49299,5 fw Controll.static OFJKHAFJIMA          0.0046 -> 0.0028
49299,6 fw PLH.static      ADJMBEDDHLB         48.8284 -> 48.8345
49307,4 fw PLH.static      ADJMBEDDHLB         48.8345 -> 48.8421
49312,8 fw Controll.static GIPNIMALPEG          0.3671 -> 0.197
49312,9 fw PLH.static      ADJMBEDDHLB         48.8421 -> 48.85
49321,6 fw PLH.static      ADJMBEDDHLB           48.85 -> 48.8555
49321,6 fw PLH.static      CFIMEAFDJFM         44.3554 -> 44.3819
49327,1 fw PLH.static      ADJMBEDDHLB         48.8555 -> 48.8642
49327,1 fw PLH.static      CFIMEAFDJFM         44.3819 -> 44.3912
49336,5 fw PLH.static      ADJMBEDDHLB         48.8642 -> 48.8697
49336,5 fw PLH.static      CFIMEAFDJFM         44.3912 -> 44.3967
49341,3 fw Controll.static MKFDGFOCKNO         48.7953 -> 48.8453
49341,3 fw Controll.static LEKCBKLAILO         48.8453 -> 48.8953
49341,3 fw Controll.static OFJKHAFJIMA          0.0028 -> 0.0042
49341,4 fw PLH.static      ADJMBEDDHLB         48.8697 -> 48.879
49351,0 fw PLH.static      ADJMBEDDHLB          48.879 -> 48.8841
49357,0 fw Controll.static GIPNIMALPEG           0.197 -> 0.0813
49357,1 fw PLH.static      ADJMBEDDHLB         48.8841 -> 48.8936
49364,8 fw PLH.static      ADJMBEDDHLB         48.8936 -> 48.8996
49364,8 fw PLH.static      CFIMEAFDJFM         44.3967 -> 44.4263
49375,7 fw PLH.static      ADJMBEDDHLB         48.8996 -> 48.9073
49380,3 fw PLH.static      ADJMBEDDHLB         48.9073 -> 48.9183
49390,2 fw Controll.static MKFDGFOCKNO         48.8453 -> 48.8953
49390,2 fw Controll.static LEKCBKLAILO         48.8953 -> 48.9453
49390,2 fw Controll.static OFJKHAFJIMA          0.0042 -> 0.0039
49390,2 fw PLH.static      ADJMBEDDHLB         48.9183 -> 48.9228
49396,4 fw PLH.static      ADJMBEDDHLB         48.9228 -> 48.9328
49396,4 fw PLH.static      CFIMEAFDJFM         44.4263 -> 44.4598
49405,0 fw Controll.static GIPNIMALPEG          0.0813 -> 0.0405
49405,0 fw PLH.static      ADJMBEDDHLB         48.9328 -> 48.939
49410,3 fw PLH.static      ADJMBEDDHLB          48.939 -> 48.9476
49419,6 fw PLH.static      ADJMBEDDHLB         48.9476 -> 48.9529
49424,4 fw PLH.static      ADJMBEDDHLB         48.9529 -> 48.9621
49424,4 fw PLH.static      CFIMEAFDJFM         44.4598 -> 44.4886
49434,1 fw Controll.static MKFDGFOCKNO         48.8953 -> 48.9453
49434,1 fw Controll.static LEKCBKLAILO         48.9453 -> 48.9953
49434,1 fw Controll.static OFJKHAFJIMA          0.0039 -> 0.0018
49434,2 fw PLH.static      ADJMBEDDHLB         48.9621 -> 48.967
49439,3 fw PLH.static      ADJMBEDDHLB          48.967 -> 48.9767
49448,2 fw Controll.static GIPNIMALPEG          0.0405 -> 0.9045
49448,3 fw PLH.static      ADJMBEDDHLB         48.9767 -> 48.9819
49454,4 fw PLH.static      ADJMBEDDHLB         48.9819 -> 48.9908
49463,6 fw PLH.static      ADJMBEDDHLB         48.9908 -> 48.997
49463,6 fw PLH.static      CFIMEAFDJFM         44.4886 -> 44.5233
49468,3 fw PLH.static      ADJMBEDDHLB          48.997 -> 49.0061
49480,9 fw Controll.static MKFDGFOCKNO         48.9453 -> 48.9953
49480,9 fw Controll.static LEKCBKLAILO         48.9953 -> 49.0453
49480,9 fw Controll.static OFJKHAFJIMA          0.0018 -> 0.0013
49481,0 fw PLH.static      ADJMBEDDHLB         49.0061 -> 49.0109
49484,9 fw PLH.static      ADJMBEDDHLB         49.0109 -> 49.0235
49496,2 fw Controll.static GIPNIMALPEG          0.9045 -> 0.865
49496,2 fw PLH.static      ADJMBEDDHLB         49.0235 -> 49.0276
49501,6 fw PLH.static      ADJMBEDDHLB         49.0276 -> 49.0387
49512,1 fw PLH.static      ADJMBEDDHLB         49.0387 -> 49.0441
49517,8 fw PLH.static      ADJMBEDDHLB         49.0441 -> 49.0553
49531,2 fw Controll.static MKFDGFOCKNO         48.9953 -> 49.0453
49531,2 fw Controll.static LEKCBKLAILO         49.0453 -> 49.0953
49531,2 fw Controll.static OFJKHAFJIMA          0.0013 -> 0.0088
49531,3 fw PLH.static      ADJMBEDDHLB         49.0553 -> 49.0603
49535,2 fw PLH.static      ADJMBEDDHLB         49.0603 -> 49.0738
49545,5 fw PLH.static      ADJMBEDDHLB         49.0738 -> 49.0778
49551,6 fw Controll.static GIPNIMALPEG           0.865 -> 0.9735
49551,7 fw PLH.static      ADJMBEDDHLB         49.0778 -> 49.0881
49561,4 fw PLH.static      ADJMBEDDHLB         49.0881 -> 49.0942
49567,8 fw PLH.static      ADJMBEDDHLB         49.0942 -> 49.1041
49579,9 fw Controll.static MKFDGFOCKNO         49.0453 -> 49.0953
49580,0 fw Controll.static LEKCBKLAILO         49.0953 -> 49.1453
49580,0 fw PLH.static      ADJMBEDDHLB         49.1041 -> 49.1104
49585,8 fw Controll.static OFJKHAFJIMA          0.0088 -> 0.0081
49585,8 fw PLH.static      ADJMBEDDHLB         49.1104 -> 49.1225
49593,3 fw PLH.static      ADJMBEDDHLB         49.1225 -> 49.1284
49600,0 fw Controll.static GIPNIMALPEG          0.9735 -> 0.9399
49600,0 fw PLH.static      ADJMBEDDHLB         49.1284 -> 49.1358
49606,8 fw PLH.static      ADJMBEDDHLB         49.1358 -> 49.1426
49615,7 fw PLH.static      ADJMBEDDHLB         49.1426 -> 49.1493
49620,6 fw PLH.static      ADJMBEDDHLB         49.1493 -> 49.1583
49630,1 fw Controll.static MKFDGFOCKNO         49.0953 -> 49.1453
49630,1 fw Controll.static LEKCBKLAILO         49.1453 -> 49.1953
49630,1 fw Controll.static OFJKHAFJIMA          0.0081 -> 0.0035
49630,2 fw PLH.static      ADJMBEDDHLB         49.1583 -> 49.1632
49636,0 fw PLH.static      ADJMBEDDHLB         49.1632 -> 49.1728
49644,8 # net: TcpClient.Connected = True
49644,8 fw Controll.static GIPNIMALPEG          0.9399 -> 0.8356
49644,9 fw PLH.static      ADJMBEDDHLB         49.1728 -> 49.1786
49644,9 fw PLH.static      CFIMEAFDJFM         44.5233 -> 44.705
49651,1 fw PLH.static      ADJMBEDDHLB         49.1786 -> 49.1874
49661,3 fw PLH.static      ADJMBEDDHLB         49.1874 -> 49.1936
49666,2 fw player          APFNBGHAJMD               1 -> 0
49666,3 fw PLH.static      ADJMBEDDHLB         49.1936 -> 49.2038
49666,3 fw PLH.static      CFIMEAFDJFM          44.705 -> 44.7306
49677,4 fw Controll.static MKFDGFOCKNO         49.1453 -> 49.1953
49677,4 fw Controll.static LEKCBKLAILO         49.1953 -> 49.2453
49677,4 fw Controll.static OFJKHAFJIMA          0.0035 -> 0.008
49677,5 fw PLH.static      ADJMBEDDHLB         49.2038 -> 49.2088
49683,1 fw PLH.static      ADJMBEDDHLB         49.2088 -> 49.22
49683,1 fw PLH.static      CFIMEAFDJFM         44.7306 -> 44.7463
49694,0 fw Controll.static GIPNIMALPEG          0.8356 -> 0.8206
49694,1 fw PLH.static      ADJMBEDDHLB           49.22 -> 49.2257
49698,6 fw PLH.static      ADJMBEDDHLB         49.2257 -> 49.2366
49708,4 fw PLH.static      ADJMBEDDHLB         49.2366 -> 49.2411
49714,5 fw PLH.static      ADJMBEDDHLB         49.2411 -> 49.2509
49714,5 fw PLH.static      CFIMEAFDJFM         44.7463 -> 44.7777
49724,5 fw Controll.static MKFDGFOCKNO         49.1953 -> 49.2453
49724,6 fw Controll.static LEKCBKLAILO         49.2453 -> 49.2953
49724,6 fw Controll.static OFJKHAFJIMA           0.008 -> 0.0052
49724,6 fw PLH.static      ADJMBEDDHLB         49.2509 -> 49.257
49730,1 fw player          APFNBGHAJMD               0 -> 1
49730,1 fw PLH.static      ADJMBEDDHLB          49.257 -> 49.2672
49730,1 fw PLH.static      CFIMEAFDJFM         44.7777 -> 44.7942
49740,8 fw Controll.static GIPNIMALPEG          0.8206 -> 0.7557
49740,8 fw PLH.static      ADJMBEDDHLB         49.2672 -> 49.2734
49746,1 fw PLH.static      ADJMBEDDHLB         49.2734 -> 49.2843
49746,1 fw PLH.static      CFIMEAFDJFM         44.7942 -> 44.8098
49757,5 fw PLH.static      ADJMBEDDHLB         49.2843 -> 49.2886
49762,0 fw PLH.static      ADJMBEDDHLB         49.2886 -> 49.3001
49773,6 fw Controll.static MKFDGFOCKNO         49.2453 -> 49.2953
49773,6 fw Controll.static LEKCBKLAILO         49.2953 -> 49.3453
49773,6 fw Controll.static OFJKHAFJIMA          0.0052 -> 0.0043
49773,7 fw PLH.static      ADJMBEDDHLB         49.3001 -> 49.3045
49773,7 fw PLH.static      CFIMEAFDJFM         44.8098 -> 44.8316
49778,4 fw PLH.static      ADJMBEDDHLB         49.3045 -> 49.3162
49778,4 fw PLH.static      CFIMEAFDJFM         44.8316 -> 44.8427
49787,3 fw Controll.static GIPNIMALPEG          0.7557 -> 0.6873
49787,4 fw PLH.static      ADJMBEDDHLB         49.3162 -> 49.321
49793,2 fw PLH.static      ADJMBEDDHLB          49.321 -> 49.3299
49801,2 fw Controll.static DGNDKAKOEPD         2632374 -> 2633381
49801,2 fw Controll.static BEJBLGGGOCC       340212561 -> 340213568
49801,2 fw Controll.static JELGPAKAJPE             118 -> 117
49801,2 fw Controll.static EENJPDHGGGC         48.3141 -> 49.321
49801,3 fw PLH.static      ADJMBEDDHLB         49.3299 -> 49.3357
49807,2 fw PLH.static      ADJMBEDDHLB         49.3357 -> 49.3438
49807,2 fw PLH.static      CFIMEAFDJFM         44.8427 -> 44.8709
49815,6 fw Controll.static MKFDGFOCKNO         49.2953 -> 49.3453
49815,6 fw Controll.static LEKCBKLAILO         49.3453 -> 49.3953
49815,6 fw Controll.static OFJKHAFJIMA          0.0043 -> 0.0039
49815,7 fw PLH.static      ADJMBEDDHLB         49.3438 -> 49.3497
49820,6 fw PLH.static      ADJMBEDDHLB         49.3497 -> 49.3582
49820,6 fw PLH.static      CFIMEAFDJFM         44.8709 -> 44.8847
49830,6 fw PLH.static      ADJMBEDDHLB         49.3582 -> 49.3631
49836,0 fw Controll.static GIPNIMALPEG          0.6873 -> 0.6613
49836,1 fw PLH.static      ADJMBEDDHLB         49.3631 -> 49.3732
49845,1 fw PLH.static      ADJMBEDDHLB         49.3732 -> 49.3786
49850,2 fw PLH.static      ADJMBEDDHLB         49.3786 -> 49.3876
49860,5 fw Controll.static MKFDGFOCKNO         49.3453 -> 49.3954
49860,5 fw Controll.static LEKCBKLAILO         49.3953 -> 49.4454
49860,5 fw PLH.static      ADJMBEDDHLB         49.3876 -> 49.3927
49865,5 fw Controll.static OFJKHAFJIMA          0.0039 -> 0.0073
49865,6 fw PLH.static      ADJMBEDDHLB         49.3927 -> 49.4031
49865,6 fw PLH.static      CFIMEAFDJFM         44.8847 -> 44.9294
49876,5 fw PLH.static      ADJMBEDDHLB         49.4031 -> 49.4083
49876,5 fw PLH.static      CFIMEAFDJFM         44.9294 -> 44.9351
49881,4 fw Controll.static GIPNIMALPEG          0.6613 -> 0.569
49881,5 fw PLH.static      ADJMBEDDHLB         49.4083 -> 49.419
49892,5 fw PLH.static      ADJMBEDDHLB          49.419 -> 49.424
49897,5 fw PLH.static      ADJMBEDDHLB          49.424 -> 49.4351
49897,5 fw PLH.static      CFIMEAFDJFM         44.9351 -> 44.9616
49909,2 fw PLH.static      ADJMBEDDHLB         49.4351 -> 49.44
49915,7 fw Controll.static MKFDGFOCKNO         49.3954 -> 49.4454
49915,7 fw Controll.static LEKCBKLAILO         49.4454 -> 49.4954
49915,7 fw Controll.static OFJKHAFJIMA          0.0073 -> 0.0059
49915,7 fw PLH.static      ADJMBEDDHLB           49.44 -> 49.4517
49925,4 fw PLH.static      ADJMBEDDHLB         49.4517 -> 49.4583
49925,4 fw PLH.static      CFIMEAFDJFM         44.9616 -> 44.9847
49931,2 fw Controll.static GIPNIMALPEG           0.569 -> 0.5651
49931,3 fw PLH.static      ADJMBEDDHLB         49.4583 -> 49.468
49940,4 fw PLH.static      ADJMBEDDHLB          49.468 -> 49.4738
49940,4 fw PLH.static      CFIMEAFDJFM         44.9847 -> 45.0003
49946,3 fw PLH.static      ADJMBEDDHLB         49.4738 -> 49.4829
49955,1 fw PLH.static      ADJMBEDDHLB         49.4829 -> 49.4888
49955,1 fw PLH.static      CFIMEAFDJFM         45.0003 -> 45.0158
49964,0 fw Controll.static MKFDGFOCKNO         49.4454 -> 49.4954
49964,0 fw Controll.static LEKCBKLAILO         49.4954 -> 49.5454
49964,1 fw Controll.static OFJKHAFJIMA          0.0059 -> 0.0018
49964,1 fw PLH.static      ADJMBEDDHLB         49.4888 -> 49.4985
49974,4 fw PLH.static      ADJMBEDDHLB         49.4985 -> 49.5066
49983,4 fw Controll.static GIPNIMALPEG          0.5651 -> 0.6082
49983,4 fw PLH.static      ADJMBEDDHLB         49.5066 -> 49.517
49983,4 fw PLH.static      CFIMEAFDJFM         45.0158 -> 45.0431
49988,6 fw PLH.static      ADJMBEDDHLB          49.517 -> 49.5259
49998,5 fw PLH.static      ADJMBEDDHLB         49.5259 -> 49.5312
50003,4 fw PLH.static      ADJMBEDDHLB         49.5312 -> 49.541
50013,7 fw Controll.static MKFDGFOCKNO         49.4954 -> 49.5454
50013,7 fw Controll.static LEKCBKLAILO         49.5454 -> 49.5954
50013,7 fw Controll.static OFJKHAFJIMA          0.0018 -> 0.0001
50013,7 fw PLH.static      ADJMBEDDHLB          49.541 -> 49.546
50018,3 fw PLH.static      ADJMBEDDHLB          49.546 -> 49.5563
50018,3 fw PLH.static      CFIMEAFDJFM         45.0431 -> 45.0825
50028,0 fw Controll.static GIPNIMALPEG          0.6082 -> 0.4997
50028,0 fw PLH.static      ADJMBEDDHLB         49.5563 -> 49.5608
50033,6 fw PLH.static      ADJMBEDDHLB         49.5608 -> 49.5706
50033,6 fw PLH.static      CFIMEAFDJFM         45.0825 -> 45.0976
50042,8 fw PLH.static      ADJMBEDDHLB         49.5706 -> 49.5761
50051,2 fw PLH.static      ADJMBEDDHLB         49.5761 -> 49.5854
50057,7 fw Controll.static MKFDGFOCKNO         49.5454 -> 49.5954
50057,7 fw Controll.static LEKCBKLAILO         49.5954 -> 49.6454
50057,7 fw Controll.static OFJKHAFJIMA          0.0001 -> 0.0045
50057,8 fw PLH.static      ADJMBEDDHLB         49.5854 -> 49.5937
50057,8 fw PLH.static      CFIMEAFDJFM         45.0976 -> 45.1201
50064,7 fw PLH.static      ADJMBEDDHLB         49.5937 -> 49.6004
50072,5 fw Controll.static GIPNIMALPEG          0.4997 -> 0.39
50072,5 fw PLH.static      ADJMBEDDHLB         49.6004 -> 49.6073
50072,5 fw PLH.static      CFIMEAFDJFM         45.1201 -> 45.1342
50079,7 fw PLH.static      ADJMBEDDHLB         49.6073 -> 49.615
50085,8 fw PLH.static      ADJMBEDDHLB          49.615 -> 49.6223
50085,8 fw PLH.static      CFIMEAFDJFM         45.1342 -> 45.1484
50097,2 fw PLH.static      ADJMBEDDHLB         49.6223 -> 49.6283
50101,0 fw PLH.static      ADJMBEDDHLB         49.6283 -> 49.6398
50112,5 fw PLH.static      ADJMBEDDHLB         49.6398 -> 49.6435
50116,9 fw PLH.static      ADJMBEDDHLB         49.6435 -> 49.655
50126,9 fw Controll.static GIPNIMALPEG            0.39 -> 0.4695
50127,0 fw PLH.static      ADJMBEDDHLB          49.655 -> 49.6595
50132,5 fw PLH.static      ADJMBEDDHLB         49.6595 -> 49.6698
50132,5 fw PLH.static      CFIMEAFDJFM         45.1484 -> 45.1961
50142,2 fw PLH.static      ADJMBEDDHLB         49.6698 -> 49.675
50147,7 fw Controll.static MKFDGFOCKNO         49.5954 -> 49.6454
50147,7 fw Controll.static LEKCBKLAILO         49.6454 -> 49.6954
50147,7 fw PLH.static      ADJMBEDDHLB          49.675 -> 49.6847
50158,0 fw Controll.static OFJKHAFJIMA          0.0045 -> 0.0048
50158,1 fw PLH.static      ADJMBEDDHLB         49.6847 -> 49.6903
50164,0 fw PLH.static      ADJMBEDDHLB         49.6903 -> 49.7008
50178,3 fw Controll.static GIPNIMALPEG          0.4695 -> 0.5046
50178,3 fw PLH.static      ADJMBEDDHLB         49.7008 -> 49.7066
50178,3 fw PLH.static      CFIMEAFDJFM         45.1961 -> 45.2335
50182,8 fw PLH.static      ADJMBEDDHLB         49.7066 -> 49.7212
50182,8 fw PLH.static      CFIMEAFDJFM         45.2335 -> 45.246
50196,7 fw PLH.static      ADJMBEDDHLB         49.7212 -> 49.7254
50201,4 fw PLH.static      ADJMBEDDHLB         49.7254 -> 49.7392
50201,4 fw PLH.static      CFIMEAFDJFM          45.246 -> 45.2652
50217,8 fw Controll.static MKFDGFOCKNO         49.6454 -> 49.7454
50217,8 fw Controll.static LEKCBKLAILO         49.6954 -> 49.7954
50217,8 fw Controll.static OFJKHAFJIMA          0.0048 -> 0.0144
50217,9 fw PLH.static      ADJMBEDDHLB         49.7392 -> 49.7439
50222,8 fw PLH.static      ADJMBEDDHLB         49.7439 -> 49.7604
50222,8 fw PLH.static      CFIMEAFDJFM         45.2652 -> 45.2853
50235,7 fw Controll.static GIPNIMALPEG          0.5046 -> 0.6527
50235,7 fw PLH.static      ADJMBEDDHLB         49.7604 -> 49.7654
50246,6 fw PLH.static      ADJMBEDDHLB         49.7654 -> 49.7782
50246,6 fw PLH.static      CFIMEAFDJFM         45.2853 -> 45.3046
50262,0 fw PLH.static      ADJMBEDDHLB         49.7782 -> 49.7891
50269,1 fw PLH.static      ADJMBEDDHLB         49.7891 -> 49.8047
50269,1 fw PLH.static      CFIMEAFDJFM         45.3046 -> 45.3305
50277,1 fw Controll.static MKFDGFOCKNO         49.7454 -> 49.7954
50277,1 fw Controll.static LEKCBKLAILO         49.7954 -> 49.8454
50277,1 fw Controll.static OFJKHAFJIMA          0.0144 -> 0.0087
50277,2 fw PLH.static      ADJMBEDDHLB         49.8047 -> 49.8117
50277,2 fw PLH.static      CFIMEAFDJFM         45.3305 -> 45.3387
50284,3 fw PLH.static      ADJMBEDDHLB         49.8117 -> 49.8197
50284,3 fw PLH.static      CFIMEAFDJFM         45.3387 -> 45.3458
50294,5 fw Controll.static GIPNIMALPEG          0.6527 -> 0.8289
50294,5 fw PLH.static      ADJMBEDDHLB         49.8197 -> 49.8268
50304,8 fw PLH.static      ADJMBEDDHLB         49.8268 -> 49.8371
50315,6 fw PLH.static      ADJMBEDDHLB         49.8371 -> 49.8474
50315,6 fw PLH.static      CFIMEAFDJFM         45.3458 -> 45.3703
50367,3 fw PLH.static      ADJMBEDDHLB         49.8474 -> 49.8582
50376,9 fw Controll.static MKFDGFOCKNO         49.7954 -> 49.8954
50376,9 fw Controll.static LEKCBKLAILO         49.8454 -> 49.9454
50376,9 fw Controll.static OFJKHAFJIMA          0.0087 -> 0.0139
50377,0 fw PLH.static      ADJMBEDDHLB         49.8582 -> 49.91
50377,0 fw PLH.static      CFIMEAFDJFM         45.3703 -> 45.411
50383,3 fw PLH.static      ADJMBEDDHLB           49.91 -> 49.9198
50383,4 fw PLH.static      CFIMEAFDJFM          45.411 -> 45.4415
50393,6 fw Controll.static GIPNIMALPEG          0.8289 -> 0.812
50393,7 fw PLH.static      ADJMBEDDHLB         49.9198 -> 49.9259
50400,9 fw PLH.static      ADJMBEDDHLB         49.9259 -> 49.9362
50409,7 fw PLH.static      ADJMBEDDHLB         49.9362 -> 49.9435
50409,7 fw PLH.static      CFIMEAFDJFM         45.4415 -> 45.4705
50416,1 fw PLH.static      ADJMBEDDHLB         49.9435 -> 49.9525
50425,8 fw Controll.static MKFDGFOCKNO         49.8954 -> 49.9454
50425,8 fw Controll.static LEKCBKLAILO         49.9454 -> 49.9954
50425,8 fw Controll.static OFJKHAFJIMA          0.0139 -> 0.0063
50425,9 fw PLH.static      ADJMBEDDHLB         49.9525 -> 49.9587
50434,8 fw PLH.static      ADJMBEDDHLB         49.9587 -> 49.9684
50439,4 fw Controll.static GIPNIMALPEG           0.812 -> 0.7272
50439,5 fw PLH.static      ADJMBEDDHLB         49.9684 -> 49.9773
50456,2 fw PLH.static      ADJMBEDDHLB         49.9773 -> 49.982
50456,2 fw PLH.static      CFIMEAFDJFM         45.4705 -> 45.5091
50460,2 fw PLH.static      ADJMBEDDHLB          49.982 -> 49.9987
50472,3 fw PLH.static      ADJMBEDDHLB         49.9987 -> 50.0027
50476,9 fw Controll.static MKFDGFOCKNO         49.9454 -> 49.9954
50476,9 fw Controll.static LEKCBKLAILO         49.9954 -> 50.0454
50476,9 fw Controll.static OFJKHAFJIMA          0.0063 -> 0.0029
50477,0 fw PLH.static      ADJMBEDDHLB         50.0027 -> 50.0148
50477,0 fw PLH.static      CFIMEAFDJFM         45.5091 -> 45.5407
50492,1 fw PLH.static      ADJMBEDDHLB         50.0148 -> 50.0196
50501,5 fw PLH.static      ADJMBEDDHLB         50.0196 -> 50.0355
50512,6 fw Controll.static GIPNIMALPEG          0.7272 -> 0.1914
50512,7 fw PLH.static      ADJMBEDDHLB         50.0355 -> 50.0441
50512,7 fw PLH.static      CFIMEAFDJFM         45.5407 -> 45.5696
50517,7 fw PLH.static      ADJMBEDDHLB         50.0441 -> 50.0553
50532,6 fw PLH.static      ADJMBEDDHLB         50.0553 -> 50.0602
50539,0 fw Controll.static MKFDGFOCKNO         49.9954 -> 50.0454
50539,0 fw Controll.static LEKCBKLAILO         50.0454 -> 50.0954
50539,0 fw PLH.static      ADJMBEDDHLB         50.0602 -> 50.0754
50539,0 fw PLH.static      CFIMEAFDJFM         45.5696 -> 45.5973
50550,1 fw Controll.static OFJKHAFJIMA          0.0029 -> 0.0093
50550,1 fw PLH.static      ADJMBEDDHLB         50.0754 -> 50.0815
50550,1 fw PLH.static      CFIMEAFDJFM         45.5973 -> 45.6078
50555,4 fw PLH.static      ADJMBEDDHLB         50.0815 -> 50.0928
50555,4 fw PLH.static      CFIMEAFDJFM         45.6078 -> 45.6195
50571,0 fw Controll.static GIPNIMALPEG          0.1914 -> 0.3568
50571,1 fw PLH.static      ADJMBEDDHLB         50.0928 -> 50.0979
50575,6 fw PLH.static      ADJMBEDDHLB         50.0979 -> 50.1136
50575,6 fw PLH.static      CFIMEAFDJFM         45.6195 -> 45.6357
50585,8 fw PLH.static      ADJMBEDDHLB         50.1136 -> 50.1181
50594,5 fw PLH.static      ADJMBEDDHLB         50.1181 -> 50.1284
50601,3 fw Controll.static MKFDGFOCKNO         50.0454 -> 50.0954
50601,3 fw Controll.static LEKCBKLAILO         50.0954 -> 50.1454
50601,3 fw Controll.static OFJKHAFJIMA          0.0093 -> 0.002
50601,3 fw PLH.static      ADJMBEDDHLB         50.1284 -> 50.137
50609,6 fw PLH.static      ADJMBEDDHLB          50.137 -> 50.1438
50609,6 fw PLH.static      CFIMEAFDJFM         45.6357 -> 45.6699
50617,2 fw Controll.static GIPNIMALPEG          0.3568 -> 0.2836
50617,3 fw PLH.static      ADJMBEDDHLB         50.1438 -> 50.1522
50623,5 fw PLH.static      ADJMBEDDHLB         50.1522 -> 50.1598
50623,5 fw PLH.static      CFIMEAFDJFM         45.6699 -> 45.6859
50633,9 fw PLH.static      ADJMBEDDHLB         50.1598 -> 50.166
50638,3 fw PLH.static      ADJMBEDDHLB          50.166 -> 50.1765
50638,3 fw PLH.static      CFIMEAFDJFM         45.6859 -> 45.7024
50650,3 fw Controll.static MKFDGFOCKNO         50.0954 -> 50.1454
50650,3 fw Controll.static LEKCBKLAILO         50.1454 -> 50.1954
50650,3 fw Controll.static OFJKHAFJIMA           0.002 -> 0.0063
50650,4 fw PLH.static      ADJMBEDDHLB         50.1765 -> 50.1808
50655,7 fw PLH.static      ADJMBEDDHLB         50.1808 -> 50.1931
50666,6 fw Controll.static GIPNIMALPEG          0.2836 -> 0.269
50666,6 fw PLH.static      ADJMBEDDHLB         50.1931 -> 50.1982
50666,6 fw PLH.static      CFIMEAFDJFM         45.7024 -> 45.7241
50671,8 fw PLH.static      ADJMBEDDHLB         50.1982 -> 50.2091
50682,5 fw PLH.static      ADJMBEDDHLB         50.2091 -> 50.2143
50682,5 fw PLH.static      CFIMEAFDJFM         45.7241 -> 45.7404
50686,6 fw PLH.static      ADJMBEDDHLB         50.2143 -> 50.225
50700,1 fw Controll.static MKFDGFOCKNO         50.1454 -> 50.1954
50700,1 fw Controll.static LEKCBKLAILO         50.1954 -> 50.2454
50700,1 fw Controll.static OFJKHAFJIMA          0.0063 -> 0.0024
50700,1 fw PLH.static      ADJMBEDDHLB          50.225 -> 50.2291
50704,4 fw PLH.static      ADJMBEDDHLB         50.2291 -> 50.2427
50704,4 fw PLH.static      CFIMEAFDJFM         45.7404 -> 45.7684
50716,2 fw Controll.static GIPNIMALPEG           0.269 -> 0.2632
50716,3 fw PLH.static      ADJMBEDDHLB         50.2427 -> 50.2469
50720,6 fw PLH.static      ADJMBEDDHLB         50.2469 -> 50.2588
50733,0 fw PLH.static      ADJMBEDDHLB         50.2588 -> 50.2631
50733,1 fw PLH.static      CFIMEAFDJFM         45.7684 -> 45.7902
50737,0 fw PLH.static      ADJMBEDDHLB         50.2631 -> 50.2756
50748,2 fw Controll.static MKFDGFOCKNO         50.1954 -> 50.2454
50748,2 fw Controll.static LEKCBKLAILO         50.2454 -> 50.2954
50748,2 fw Controll.static OFJKHAFJIMA          0.0024 -> 0.001
50748,3 fw PLH.static      ADJMBEDDHLB         50.2756 -> 50.2796
50748,3 fw PLH.static      CFIMEAFDJFM         45.7902 -> 45.8067
50753,6 fw PLH.static      ADJMBEDDHLB         50.2796 -> 50.2908
50764,7 fw Controll.static GIPNIMALPEG          0.2632 -> 0.2331
50764,8 fw PLH.static      ADJMBEDDHLB         50.2908 -> 50.2962
50773,8 fw PLH.static      ADJMBEDDHLB         50.2962 -> 50.3119
50773,8 fw PLH.static      CFIMEAFDJFM         45.8067 -> 45.8344
50784,3 fw Controll.static DGNDKAKOEPD         2633381 -> 2634372
50784,3 fw Controll.static BEJBLGGGOCC       340213568 -> 340214560
50784,3 fw Controll.static JELGPAKAJPE             117 -> 114
50784,3 fw Controll.static EENJPDHGGGC          49.321 -> 50.3119
50784,3 fw PLH.static      ADJMBEDDHLB         50.3119 -> 50.3163
50788,9 fw PLH.static      ADJMBEDDHLB         50.3163 -> 50.3269
50788,9 fw PLH.static      CFIMEAFDJFM         45.8344 -> 45.8539
50800,1 fw Controll.static MKFDGFOCKNO         50.2454 -> 50.2954
50800,1 fw Controll.static LEKCBKLAILO         50.2954 -> 50.3454
50800,1 fw Controll.static OFJKHAFJIMA           0.001 -> 0.0003
50800,2 fw PLH.static      ADJMBEDDHLB         50.3269 -> 50.3315
50804,4 fw PLH.static      ADJMBEDDHLB         50.3315 -> 50.3427
50815,4 fw PLH.static      ADJMBEDDHLB         50.3427 -> 50.347
50815,4 fw PLH.static      CFIMEAFDJFM         45.8539 -> 45.8738
50819,8 fw Controll.static GIPNIMALPEG          0.2331 -> 0.3347
50819,9 fw PLH.static      ADJMBEDDHLB          50.347 -> 50.3579
50819,9 fw PLH.static      CFIMEAFDJFM         45.8738 -> 45.8842
50831,9 fw PLH.static      ADJMBEDDHLB         50.3579 -> 50.3624
50835,8 fw PLH.static      ADJMBEDDHLB         50.3624 -> 50.3744
50847,7 fw Controll.static MKFDGFOCKNO         50.2954 -> 50.3454
50847,8 fw Controll.static LEKCBKLAILO         50.3454 -> 50.3954
50847,8 fw PLH.static      ADJMBEDDHLB         50.3744 -> 50.3787
50847,8 fw PLH.static      CFIMEAFDJFM         45.8842 -> 45.9055
50852,6 fw Controll.static OFJKHAFJIMA          0.0003 -> 0.001
50852,7 fw PLH.static      ADJMBEDDHLB         50.3787 -> 50.3903
50864,7 fw PLH.static      ADJMBEDDHLB         50.3903 -> 50.3952
50868,6 fw Controll.static GIPNIMALPEG          0.3347 -> 0.3095
50868,6 fw PLH.static      ADJMBEDDHLB         50.3952 -> 50.4072
50868,6 fw PLH.static      CFIMEAFDJFM         45.9055 -> 45.9341
50882,2 fw PLH.static      ADJMBEDDHLB         50.4072 -> 50.4112
50885,9 fw PLH.static      ADJMBEDDHLB         50.4112 -> 50.4247
50886,0 fw PLH.static      CFIMEAFDJFM         45.9341 -> 45.9508
50898,6 fw PLH.static      ADJMBEDDHLB         50.4247 -> 50.4285
50902,2 fw Controll.static MKFDGFOCKNO         50.3454 -> 50.3954
50902,2 fw Controll.static LEKCBKLAILO         50.3954 -> 50.4454
50902,2 fw Controll.static OFJKHAFJIMA           0.001 -> 0.0114
50902,3 fw PLH.static      ADJMBEDDHLB         50.4285 -> 50.4412
50915,4 fw PLH.static      ADJMBEDDHLB         50.4412 -> 50.4448
50918,8 fw Controll.static GIPNIMALPEG          0.3095 -> 0.3151
50918,9 fw PLH.static      ADJMBEDDHLB         50.4448 -> 50.458
50918,9 fw PLH.static      CFIMEAFDJFM         45.9508 -> 45.984
50931,5 fw PLH.static      ADJMBEDDHLB          50.458 -> 50.4614
50935,2 fw PLH.static      ADJMBEDDHLB         50.4614 -> 50.4741
50935,2 fw PLH.static      CFIMEAFDJFM          45.984 -> 46.0003
50947,5 fw PLH.static      ADJMBEDDHLB         50.4741 -> 50.4777
50952,1 fw Controll.static MKFDGFOCKNO         50.3954 -> 50.4454
50952,1 fw Controll.static LEKCBKLAILO         50.4454 -> 50.4954
50952,1 fw Controll.static OFJKHAFJIMA          0.0114 -> 0.0121
50952,1 fw PLH.static      ADJMBEDDHLB         50.4777 -> 50.49
50952,1 fw PLH.static      CFIMEAFDJFM         46.0003 -> 46.0171
50961,8 fw PLH.static      ADJMBEDDHLB           50.49 -> 50.4947
50967,2 fw Controll.static GIPNIMALPEG          0.3151 -> 0.2824
50967,2 fw PLH.static      ADJMBEDDHLB         50.4947 -> 50.5043
50976,5 fw PLH.static      ADJMBEDDHLB         50.5043 -> 50.5098
50982,1 fw PLH.static      ADJMBEDDHLB         50.5098 -> 50.5191
50992,3 fw PLH.static      ADJMBEDDHLB         50.5191 -> 50.5247
50998,0 fw Controll.static MKFDGFOCKNO         50.4454 -> 50.4955
50998,0 fw Controll.static LEKCBKLAILO         50.4954 -> 50.5455
50998,0 fw Controll.static OFJKHAFJIMA          0.0121 -> 0.0084
50998,0 fw PLH.static      ADJMBEDDHLB         50.5247 -> 50.5348
50998,0 fw PLH.static      CFIMEAFDJFM         46.0171 -> 46.0611
51006,6 fw PLH.static      ADJMBEDDHLB         50.5348 -> 50.5405
51014,9 fw Controll.static GIPNIMALPEG          0.2824 -> 0.2365
51015,0 fw PLH.static      ADJMBEDDHLB         50.5405 -> 50.5492
51015,0 fw PLH.static      CFIMEAFDJFM         46.0611 -> 46.076
51019,8 fw PLH.static      ADJMBEDDHLB         50.5492 -> 50.5575
51019,8 fw PLH.static      CFIMEAFDJFM          46.076 -> 46.0837
51031,7 fw PLH.static      ADJMBEDDHLB         50.5575 -> 50.5623
51035,5 fw PLH.static      ADJMBEDDHLB         50.5623 -> 50.5742
51035,5 fw PLH.static      CFIMEAFDJFM         46.0837 -> 46.1004
51047,3 fw Controll.static MKFDGFOCKNO         50.4955 -> 50.5455
51047,3 fw Controll.static LEKCBKLAILO         50.5455 -> 50.5955
51047,3 fw Controll.static OFJKHAFJIMA          0.0084 -> 0.0033
51047,4 fw PLH.static      ADJMBEDDHLB         50.5742 -> 50.578
51052,1 fw PLH.static      ADJMBEDDHLB          50.578 -> 50.5899
51061,2 fw Controll.static GIPNIMALPEG          0.2365 -> 0.163
51061,3 fw PLH.static      ADJMBEDDHLB         50.5899 -> 50.5946
51067,3 fw PLH.static      ADJMBEDDHLB         50.5946 -> 50.6038
51067,3 fw PLH.static      CFIMEAFDJFM         46.1004 -> 46.1306
51077,5 fw PLH.static      ADJMBEDDHLB         50.6038 -> 50.6098
51077,5 fw PLH.static      CFIMEAFDJFM         46.1306 -> 46.1369
51082,1 fw PLH.static      ADJMBEDDHLB         50.6098 -> 50.6201
51092,4 fw Controll.static MKFDGFOCKNO         50.5455 -> 50.5955
51092,4 fw Controll.static LEKCBKLAILO         50.5955 -> 50.6455
51092,4 fw Controll.static OFJKHAFJIMA          0.0033 -> 0.0079
51092,4 fw PLH.static      ADJMBEDDHLB         50.6201 -> 50.6247
51098,3 fw PLH.static      ADJMBEDDHLB         50.6247 -> 50.635
51107,6 fw PLH.static      ADJMBEDDHLB          50.635 -> 50.6409
51107,6 fw PLH.static      CFIMEAFDJFM         46.1369 -> 46.1679
51115,3 fw Controll.static GIPNIMALPEG           0.163 -> 0.2435
51115,3 fw PLH.static      ADJMBEDDHLB         50.6409 -> 50.6502
51121,8 fw PLH.static      ADJMBEDDHLB         50.6502 -> 50.6579
51121,8 fw PLH.static      CFIMEAFDJFM         46.1679 -> 46.1842
