# Blockpost room-protocol capture, started 2026-08-23 03:04:15
# tx: <ms> tx hdr=0xNN op=0xNN <name> : <fields>    rx: <ms> rx len=N <hex>

13444,2 ==== CAPTURE ON ====
13452,5 # net: TcpClient.Connected = True
13489,4 tx hdr=0xF5 op=0x2D MOVE(x,y,z,rx,ry,state,tick) : 54,5 7 52,5 358,5 178,65 b0 i298477139
13506,6 rx src=FPKEAECEOPE len=14 F5 03 0E 00 00 A0 0D C0 01 20 0D FE 7F 00 
13506,6 rx src=FPKEAECEOPE len=14 F5 03 0E 00 02 1C 0E C0 01 A1 09 00 BA 00 
13506,6 rx src=FPKEAECEOPE len=34 F5 03 22 00 01 1B 0D 40 03 99 01 19 16 00 03 49 04 C0 01 2D 01 05 44 00 07 38 06 00 03 92 00 2E 21 00 
13506,6 rx src=FPKEAECEOPE len=14 F5 03 0E 00 05 31 04 C0 01 B4 07 01 36 06 
13506,6 rx src=FPKEAECEOPE len=24 F5 03 18 00 00 A0 0D C0 01 20 0D FE 7F 00 05 20 04 C0 01 99 07 01 36 06 
13506,6 rx src=FPKEAECEOPE len=14 F5 03 0E 00 02 1C 0E C0 01 A1 09 00 BA 00 
13510,2 rx src=FPKEAECEOPE len=34 F5 03 22 00 01 1A 0D 40 03 99 01 19 16 00 03 49 04 C0 01 2D 01 05 44 00 07 38 06 00 03 92 00 2E 21 00 
13524,1 rx src=FPKEAECEOPE len=5 F5 04 05 00 05 
13548,0 tx hdr=0xF5 op=0x2D MOVE(x,y,z,rx,ry,state,tick) : 54,5 7 52,5 358,5 178,5 b0 i298477197
13548,2 rx src=FPKEAECEOPE len=14 F5 03 0E 00 05 0F 04 C0 01 7E 07 01 35 06 
13548,3 rx src=FPKEAECEOPE len=14 F5 03 0E 00 02 1C 0E C0 01 A1 09 00 BA 00 
13561,5 rx src=FPKEAECEOPE len=34 F5 03 22 00 01 1A 0D 40 03 99 01 19 16 00 03 49 04 C0 01 2D 01 04 44 00 07 38 06 00 03 92 00 2E 21 00 
13587,1 rx src=FPKEAECEOPE len=24 F5 03 18 00 00 A0 0D C0 01 20 0D FE 7F 00 05 09 04 C0 01 61 07 02 34 04 
13596,2 tx hdr=0xF5 op=0x2D MOVE(x,y,z,rx,ry,state,tick) : 54,5 7 52,5 358,5 178,5 b0 i298477245
13596,4 rx src=FPKEAECEOPE len=14 F5 03 0E 00 00 A0 0D C0 01 20 0D FE 7F 00 
13601,9 rx src=FPKEAECEOPE len=14 F5 03 0E 00 02 1C 0E C0 01 A1 09 00 BA 00 
13610,1 rx src=FPKEAECEOPE len=34 F5 03 22 00 01 19 0D 40 03 99 01 19 16 00 03 49 04 C0 01 2D 01 03 43 00 07 38 06 00 03 92 00 2E 21 00 
13643,3 tx hdr=0xF5 op=0x2D MOVE(x,y,z,rx,ry,state,tick) : 54,5 7 52,5 358,8 178,35 b0 i298477292
13643,5 rx src=FPKEAECEOPE len=14 F5 03 0E 00 00 A0 0D C0 01 20 0D FE 7E 00 
13657,6 rx src=FPKEAECEOPE len=24 F5 03 18 00 02 1C 0E C0 01 A1 09 01 BD 00 03 49 04 C0 01 2D 01 02 43 00 
13667,6 rx src=FPKEAECEOPE len=14 F5 03 0E 00 07 38 06 00 03 92 00 2E 21 00 
13667,7 rx src=FPKEAECEOPE len=5 F5 04 05 00 05 
13672,6 rx src=FPKEAECEOPE len=14 F5 03 0E 00 01 19 0D 40 03 99 01 19 16 00 
13684,0 rx src=FPKEAECEOPE len=14 F5 03 0E 00 05 09 04 C0 01 44 07 01 32 04 
13684,0 rx src=FPKEAECEOPE len=14 F5 03 0E 00 05 0D 04 C0 01 26 07 01 31 04 
13696,6 tx hdr=0xF5 op=0x2D MOVE(x,y,z,rx,ry,state,tick) : 54,5 7 52,5 359,4 178,35 b0 i298477346
13696,9 rx src=FPKEAECEOPE len=14 F5 03 0E 00 00 A0 0D C0 01 20 0D FE 7E 00 
13711,3 rx src=FPKEAECEOPE len=34 F5 03 22 00 01 19 0D 40 03 99 01 19 16 00 02 1C 0E C0 01 A1 09 02 C0 00 03 49 04 C0 01 2D 01 02 43 00 
13717,4 rx src=FPKEAECEOPE len=14 F5 03 0E 00 07 38 06 00 03 92 00 2E 21 00 
13735,9 rx src=FPKEAECEOPE len=24 F5 03 18 00 00 A0 0D C0 01 20 0D FF 7E 00 05 14 04 C0 01 09 07 01 31 04 
13743,0 tx hdr=0xF5 op=0x2D MOVE(x,y,z,rx,ry,state,tick) : 54,5 7 52,5 359,4 178,35 b0 i298477392
13751,1 rx src=FPKEAECEOPE len=14 F5 03 0E 00 02 1C 0E C0 01 A1 09 02 C0 00 
13764,0 rx src=FPKEAECEOPE len=24 F5 03 18 00 01 19 0D 40 03 99 01 19 16 00 03 49 04 C0 01 2D 01 02 43 00 
13770,6 rx src=FPKEAECEOPE len=14 F5 03 0E 00 07 38 06 00 03 92 00 2E 21 00 
13791,3 tx hdr=0xF5 op=0x2D MOVE(x,y,z,rx,ry,state,tick) : 54,5 7 52,5 359,55 178,5 b0 i298477440
13791,6 rx src=FPKEAECEOPE len=14 F5 03 0E 00 00 A0 0D C0 01 20 0D FF 7E 00 
13807,5 rx src=FPKEAECEOPE len=14 F5 03 0E 00 05 1C 04 C0 01 EB 06 01 31 04 
13807,5 rx src=FPKEAECEOPE len=24 F5 03 18 00 02 1C 0E C0 01 A1 09 02 C0 00 03 49 04 C0 01 2D 01 02 43 00 
13821,8 rx src=FPKEAECEOPE len=14 F5 03 0E 00 07 38 06 00 03 92 00 2E 21 00 
13821,8 rx src=FPKEAECEOPE len=14 F5 03 0E 00 01 19 0D 40 03 99 01 19 16 00 
13836,0 rx src=FPKEAECEOPE len=24 F5 03 18 00 00 A0 0D C0 01 20 0D FF 7E 00 05 2D 04 C0 01 D4 06 01 4F 01 
13840,0 tx hdr=0xF5 op=0x2D MOVE(x,y,z,rx,ry,state,tick) : 54,5 7 52,5 359,55 178,65 b0 i298477489
13850,3 rx src=FPKEAECEOPE len=14 F5 03 0E 00 02 1C 0E C0 01 A1 09 02 C0 00 
13863,2 rx src=FPKEAECEOPE len=34 F5 03 22 00 01 19 0D 40 03 99 01 19 16 00 03 48 04 C0 01 21 01 02 43 04 07 38 06 00 03 92 00 2E 21 00 
13888,4 tx hdr=0xF5 op=0x2D MOVE(x,y,z,rx,ry,state,tick) : 54,5 7 52,5 359,55 178,65 b0 i298477538
13888,6 rx src=FPKEAECEOPE len=24 F5 03 18 00 00 A0 0D C0 01 20 0D FF 7E 00 05 40 04 C0 01 BC 06 01 62 01 
13901,7 rx src=FPKEAECEOPE len=14 F5 03 0E 00 02 1C 0E C0 01 94 09 02 BF 08 
13910,1 rx src=FPKEAECEOPE len=24 F5 03 18 00 03 48 04 C0 01 0C 01 02 3D 04 07 38 06 00 03 92 00 2E 21 00 
13930,1 rx src=FPKEAECEOPE len=14 F5 03 0E 00 01 19 0D 40 03 99 01 19 16 00 
13935,5 rx src=FPKEAECEOPE len=24 F5 03 18 00 00 A0 0D C0 01 20 0D FF 7F 00 05 52 04 C0 01 A4 06 02 67 01 
13942,9 tx hdr=0xF5 op=0x2D MOVE(x,y,z,rx,ry,state,tick) : 54,5 7 52,5 359,55 178,65 b0 i298477592
13967,5 rx src=FPKEAECEOPE len=44 F5 03 2C 00 01 19 0D 40 03 99 01 19 16 00 02 1C 0E C0 01 8D 09 01 BC 00 03 4A 04 C0 01 F3 00 02 38 04 07 38 06 00 03 92 00 2E 21 00 
13982,9 rx src=FPKEAECEOPE len=14 F5 03 0E 00 00 A0 0D C0 01 20 0D FF 7F 00 
13988,0 tx hdr=0xF5 op=0x2D MOVE(x,y,z,rx,ry,state,tick) : 54,5 7 52,5 359,55 178,65 b0 i298477637
13988,2 rx src=FPKEAECEOPE len=14 F5 03 0E 00 05 64 04 C0 01 8A 06 02 67 01 
14003,2 rx src=FPKEAECEOPE len=14 F5 03 0E 00 02 1C 0E C0 01 88 09 00 B9 00 
14003,2 rx src=FPKEAECEOPE len=6 F5 0F 06 00 01 03 
14015,0 rx src=FPKEAECEOPE len=24 F5 03 18 00 03 50 04 C0 01 D9 00 02 30 04 07 38 06 00 03 92 00 2E 21 00 
14028,9 rx src=FPKEAECEOPE len=14 F5 03 0E 00 01 19 0D 40 03 99 01 19 16 00 
14043,8 tx hdr=0xF5 op=0x2D MOVE(x,y,z,rx,ry,state,tick) : 54,5 7 52,5 359,7 178,8 b0 i298477693
14044,1 rx src=FPKEAECEOPE len=24 F5 03 18 00 00 A0 0D C0 01 20 0D FF 7F 00 05 64 04 C0 01 70 06 02 68 01 
14051,6 rx src=FPKEAECEOPE len=14 F5 03 0E 00 02 1C 0E C0 01 85 09 00 B8 00 
14064,3 rx src=FPKEAECEOPE len=34 F5 03 22 00 01 19 0D 40 03 99 01 19 16 00 03 59 04 C0 01 BD 00 02 30 04 07 38 06 00 03 92 00 2E 21 00 
14085,0 rx src=FPKEAECEOPE len=14 F5 03 0E 00 00 A0 0D C0 01 20 0D FF 7F 00 
14091,4 tx hdr=0xF5 op=0x2D MOVE(x,y,z,rx,ry,state,tick) : 54,5 7 52,5 2,7 179,25 b0 i298477741
14091,6 rx src=FPKEAECEOPE len=14 F5 03 0E 00 05 64 04 C0 01 56 06 02 68 01 
14149,5 tx hdr=0xF5 op=0x2D MOVE(x,y,z,rx,ry,state,tick) : 54,5 7 52,5 6 177,9 b0 i298477799
14168,0 rx src=FPKEAECEOPE len=14 F5 03 0E 00 02 1C 0E C0 01 84 09 00 B8 00 
14168,1 rx src=FPKEAECEOPE len=24 F5 03 18 00 03 64 04 C0 01 A1 00 02 2B 04 07 38 06 00 03 92 00 2E 21 00 
14168,1 rx src=FPKEAECEOPE len=14 F5 03 0E 00 01 19 0D 40 03 99 01 1A 19 00 
14168,1 rx src=FPKEAECEOPE len=24 F5 03 18 00 00 A0 0D C0 01 20 0D FF 7F 00 05 64 04 C0 01 3A 06 02 68 05 
14168,1 rx src=FPKEAECEOPE len=14 F5 03 0E 00 02 1C 0E C0 01 83 09 00 B8 00 
14168,1 rx src=FPKEAECEOPE len=34 F5 03 22 00 01 19 0D 40 03 99 01 1B 1B 00 03 72 04 C0 01 A1 00 02 28 04 07 38 06 00 03 92 00 2E 21 00 
14168,1 rx src=FPKEAECEOPE len=5 F5 04 05 00 02 
14188,2 tx hdr=0xF5 op=0x2D MOVE(x,y,z,rx,ry,state,tick) : 54,5 7 52,5 7,35 177,45 b0 i298477837
14200,3 rx src=FPKEAECEOPE len=14 F5 03 0E 00 05 64 04 C0 01 1D 06 02 68 05 
14216,2 rx src=FPKEAECEOPE len=34 F5 03 22 00 02 1C 0E C0 01 83 09 00 B8 00 03 7A 04 C0 01 A1 00 02 26 00 07 38 06 00 03 92 00 2E 21 00 
14230,5 rx src=FPKEAECEOPE len=14 F5 03 0E 00 01 19 0D 40 03 99 01 1C 1B 00 
14243,5 tx hdr=0xF5 op=0x2D MOVE(x,y,z,rx,ry,state,tick) : 54,5 7 52,5 7,8 177,15 b0 i298477893
14258,1 rx src=FPKEAECEOPE len=34 F5 03 22 00 02 1C 0E C0 01 83 09 00 B8 00 03 7F 04 C0 01 A1 00 02 23 00 05 5B 04 C0 01 04 06 02 68 04 
14264,7 rx src=FPKEAECEOPE len=14 F5 03 0E 00 07 38 06 00 03 92 00 2E 21 00 
14272,7 rx src=FPKEAECEOPE len=14 F5 03 0E 00 01 19 0D 40 03 99 01 1C 1B 00 
14289,3 tx hdr=0xF5 op=0x2D MOVE(x,y,z,rx,ry,state,tick) : 54,5 7 52,5 8,1 177,15 b0 i298477939
14289,6 rx src=FPKEAECEOPE len=14 F5 03 0E 00 05 4B 04 C0 01 EE 05 02 68 04 
14289,6 rx src=FPKEAECEOPE len=5 F5 04 05 00 02 
14305,2 rx src=FPKEAECEOPE len=24 F5 03 18 00 02 1C 0E C0 01 83 09 00 B8 00 03 82 04 C0 01 9B 00 02 23 00 
14319,3 rx src=FPKEAECEOPE len=14 F5 03 0E 00 07 38 06 00 03 92 00 2E 21 00 
14323,6 rx src=FPKEAECEOPE len=14 F5 03 0E 00 01 19 0D 40 03 99 01 1C 1B 00 
14335,2 rx src=FPKEAECEOPE len=14 F5 03 0E 00 00 A0 0D C0 01 20 0D 05 7E 00 
14338,6 tx hdr=0xF5 op=0x2D MOVE(x,y,z,rx,ry,state,tick) : 54,5 7 52,5 8,25 177,15 b0 i298477988
14338,7 rx src=FPKEAECEOPE len=14 F5 03 0E 00 00 A0 0D C0 01 20 0D 05 7D 00 
14349,6 rx src=FPKEAECEOPE len=14 F5 03 0E 00 05 37 04 C0 01 D9 05 02 67 04 
14353,9 rx src=FPKEAECEOPE len=14 F5 03 0E 00 02 1C 0E C0 01 83 09 00 B8 00 
14365,8 rx src=FPKEAECEOPE len=24 F5 03 18 00 03 83 04 C0 01 9B 00 02 22 00 07 38 06 00 03 92 00 2E 21 00 
14378,7 rx src=FPKEAECEOPE len=14 F5 03 0E 00 01 19 0D 40 03 99 01 1C 1B 00 
14384,3 rx src=FPKEAECEOPE len=14 F5 03 0E 00 00 A0 0D C0 01 20 0D 05 7D 00 
14392,6 tx hdr=0xF5 op=0x2D MOVE(x,y,z,rx,ry,state,tick) : 54,5 7 52,5 8,25 177,15 b0 i298478042
14392,9 rx src=FPKEAECEOPE len=14 F5 03 0E 00 05 20 04 C0 01 C6 05 02 65 04 
14392,9 rx src=FPKEAECEOPE len=5 F5 04 05 00 02 
14406,1 rx src=FPKEAECEOPE len=24 F5 03 18 00 02 1C 0E C0 01 83 09 00 B8 00 03 84 04 C0 01 9B 00 02 22 00 
14420,4 rx src=FPKEAECEOPE len=14 F5 03 0E 00 07 38 06 00 03 92 00 2E 21 00 
14420,4 rx src=FPKEAECEOPE len=14 F5 03 0E 00 01 19 0D 40 03 99 01 1C 1A 00 
14420,4 rx src=FPKEAECEOPE len=10 F5 14 0A 00 09 00 09 00 3B 01 
14420,5 rx src=FPKEAECEOPE len=12 F5 34 0C 00 A4 69 CA 11 FC 69 CA 11 
14435,5 rx src=FPKEAECEOPE len=14 F5 03 0E 00 00 A0 0D C0 01 20 0D 05 7D 00 
14438,7 tx hdr=0xF5 op=0x2D MOVE(x,y,z,rx,ry,state,tick) : 54,5 7 52,5 8,25 177,15 b0 i298478094
14465,6 rx src=FPKEAECEOPE len=24 F5 03 18 00 02 1C 0E C0 01 83 09 00 B8 00 07 38 06 00 03 92 00 2E 21 00 
14465,7 rx src=FPKEAECEOPE len=14 F5 03 0E 00 03 85 04 C0 01 99 00 02 22 00 
14481,3 rx src=FPKEAECEOPE len=14 F5 03 0E 00 01 19 0D 40 03 99 01 1D 1A 00 
14495,2 tx hdr=0xF5 op=0x2D MOVE(x,y,z,rx,ry,state,tick) : 54,5 7 52,5 8,25 177,15 b0 i298478150
14495,5 rx src=FPKEAECEOPE len=14 F5 03 0E 00 00 A0 0D C0 01 20 0D 05 7D 00 
14495,5 rx src=FPKEAECEOPE len=5 F5 04 05 00 02 
14509,3 rx src=FPKEAECEOPE len=24 F5 03 18 00 02 1C 0E C0 01 83 09 00 B8 00 05 0A 04 C0 01 B0 05 02 5D 04 
14509,3 rx src=FPKEAECEOPE len=34 F5 03 22 00 03 85 04 C0 01 99 00 02 21 00 05 F8 03 C0 01 97 05 03 4F 04 07 38 06 00 03 92 00 2E 21 00 
14522,1 rx src=FPKEAECEOPE len=12 F5 07 0C 00 14 00 09 00 04 00 00 28 
14523,0 rx src=FPKEAECEOPE len=14 F5 03 0E 00 01 19 0D 40 03 99 01 1D 19 00 
14536,8 rx src=FPKEAECEOPE len=14 F5 03 0E 00 00 A0 0D C0 01 20 0D 05 7D 00 
14540,7 tx hdr=0xF5 op=0x2D MOVE(x,y,z,rx,ry,state,tick) : 54,5 7 52,5 8,25 177,15 b0 i298478196
14540,9 rx src=FPKEAECEOPE len=14 F5 03 0E 00 05 EB 03 C0 01 7C 05 04 48 04 
14551,5 rx src=FPKEAECEOPE len=13 F5 0A 0D 00 04 10 00 07 00 04 00 00 00 
14556,4 rx src=FPKEAECEOPE len=24 F5 03 18 00 02 1C 0E C0 01 83 09 00 B8 00 04 20 04 C0 01 20 01 01 00 08 
14567,0 rx src=FPKEAECEOPE len=24 F5 03 18 00 03 85 04 C0 01 99 00 02 21 00 07 38 06 00 03 92 00 2E 21 00 
14581,1 rx src=FPKEAECEOPE len=12 F5 07 0C 00 35 00 0D 00 08 00 00 28 
14588,0 tx hdr=0xF5 op=0x2D MOVE(x,y,z,rx,ry,state,tick) : 54,511 7 52,284 8,25 177,15 b1 i298478243
14588,3 rx src=FPKEAECEOPE len=24 F5 03 18 00 00 A0 0D C0 01 20 0D 05 7D 00 01 19 0D 40 03 99 01 1D 19 00 
14588,3 rx src=FPKEAECEOPE len=5 F5 04 05 00 02 
14598,3 rx src=FPKEAECEOPE len=14 F5 03 0E 00 05 E4 03 C0 01 5F 05 02 3D 04 
14615,8 rx src=FPKEAECEOPE len=14 F5 03 0E 00 02 1C 0E C0 01 83 09 00 B8 00 
14615,8 rx src=FPKEAECEOPE len=24 F5 03 18 00 03 85 04 C0 01 99 00 01 21 00 07 38 06 00 03 92 00 2E 21 00 
14631,9 rx src=FPKEAECEOPE len=14 F5 03 0E 00 01 19 0D 40 03 99 01 1D 19 00 
14635,2 rx src=FPKEAECEOPE len=14 F5 03 0E 00 00 A0 0D C0 01 20 0D 05 7D 00 
14648,1 tx hdr=0xF5 op=0x2D MOVE(x,y,z,rx,ry,state,tick) : 54,528 7 51,939 8,25 177,15 b1 i298478303
14648,4 rx src=FPKEAECEOPE len=14 F5 03 0E 00 05 E8 03 C0 01 44 05 09 21 04 
14661,6 rx src=FPKEAECEOPE len=34 F5 03 22 00 02 1C 0E C0 01 83 09 00 B8 00 03 85 04 C0 01 99 00 FA 1D 00 07 38 06 00 03 92 00 2E 21 00 
14674,7 rx src=FPKEAECEOPE len=14 F5 03 0E 00 01 19 0D 40 03 99 01 1D 19 00 
14681,8 rx src=FPKEAECEOPE len=14 F5 03 0E 00 00 A0 0D C0 01 12 0D 05 7D 01 
14693,5 tx hdr=0xF5 op=0x2D MOVE(x,y,z,rx,ry,state,tick) : 54,549 7 51,516 8,25 177,15 b1 i298478348
14693,7 rx src=FPKEAECEOPE len=14 F5 03 0E 00 05 F6 03 C0 01 2E 05 0C 13 04 
14707,2 rx src=FPKEAECEOPE len=14 F5 03 0E 00 02 1C 0E C0 01 83 09 00 B8 00 
14714,5 rx src=FPKEAECEOPE len=24 F5 03 18 00 03 85 04 C0 01 99 00 F8 1B 00 07 38 06 00 03 92 00 2E 21 00 
14728,2 rx src=FPKEAECEOPE len=14 F5 03 0E 00 01 19 0D 40 03 99 01 1B 19 00 
14740,7 tx hdr=0xF5 op=0x2D MOVE(x,y,z,rx,ry,state,tick) : 54,572 7 51,047 8,55 177,3 b1 i298478396
14741,0 rx src=FPKEAECEOPE len=24 F5 03 18 00 00 A1 0D C0 01 FC 0C 05 7D 01 05 0A 04 C0 01 1B 05 0C 11 04 
14797,0 tx hdr=0xF5 op=0x2D MOVE(x,y,z,rx,ry,state,tick) : 54,595 7 50,549 8,7 177,6 b1 i298478452
14824,5 rx src=FPKEAECEOPE len=14 F5 03 0E 00 02 1C 0E C0 01 83 09 00 B8 00 
14824,5 rx src=FPKEAECEOPE len=24 F5 03 18 00 03 85 04 C0 01 99 00 F7 1B 00 07 38 06 00 03 92 00 2E 21 00 
14824,5 rx src=FPKEAECEOPE len=14 F5 03 0E 00 01 19 0D 40 03 99 01 17 1A 00 
14824,5 rx src=FPKEAECEOPE len=24 F5 03 18 00 00 A3 0D C0 01 E1 0C 05 7D 01 05 22 04 C0 01 0B 05 0B 0F 04 
14824,5 rx src=FPKEAECEOPE len=24 F5 03 18 00 02 1C 0E C0 01 83 09 00 B8 00 03 85 04 C0 01 99 00 F6 1C 00 
14824,5 rx src=FPKEAECEOPE len=14 F5 03 0E 00 07 38 06 00 03 92 00 2E 21 00 
14824,5 rx src=FPKEAECEOPE len=14 F5 03 0E 00 01 19 0D 40 03 99 01 14 1B 00 
14833,2 rx src=FPKEAECEOPE len=14 F5 03 0E 00 00 A4 0D C0 01 C2 0C 06 7E 01 
14848,4 tx hdr=0xF5 op=0x2D MOVE(x,y,z,rx,ry,state,tick) : 54,617 7 50,035 8,85 177,75 b1 i298478503
14848,7 rx src=FPKEAECEOPE len=14 F5 03 0E 00 05 3C 04 C0 01 FD 04 0A 0F 04 
14864,2 rx src=FPKEAECEOPE len=34 F5 03 22 00 02 1C 0E C0 01 83 09 00 B8 00 03 85 04 C0 01 99 00 F6 1D 00 07 38 06 00 03 92 00 2E 21 00 
14864,2 rx src=FPKEAECEOPE len=6 F5 0F 06 00 04 00 
14877,2 rx src=FPKEAECEOPE len=14 F5 03 0E 00 01 19 0D 40 03 99 01 14 1B 00 
14892,6 tx hdr=0xF5 op=0x2D MOVE(x,y,z,rx,ry,state,tick) : 54,638 7 49,511 8,85 177,9 b1 i298478548
14892,8 rx src=FPKEAECEOPE len=24 F5 03 18 00 04 09 04 C0 01 12 01 02 00 00 05 58 04 C0 01 F0 04 0A 0E 04 
14908,8 rx src=FPKEAECEOPE len=14 F5 03 0E 00 03 85 04 C0 01 99 00 F5 1E 00 
14915,9 rx src=FPKEAECEOPE len=34 F5 03 22 00 00 A6 0D C0 01 A3 0C 06 7E 01 02 1C 0E C0 01 83 09 01 B8 00 07 38 06 00 03 92 00 2E 21 00 
14922,4 rx src=FPKEAECEOPE len=14 F5 03 0E 00 01 19 0D 40 03 99 01 14 1B 00 
14935,8 rx src=FPKEAECEOPE len=14 F5 03 0E 00 05 74 04 C0 01 E3 04 0A 0E 04 
14940,1 tx hdr=0xF5 op=0x2D MOVE(x,y,z,rx,ry,state,tick) : 54,502 7 49,039 8,55 178,35 b5 i298478595
14951,6 rx src=FPKEAECEOPE len=14 F5 03 0E 00 00 A7 0D C0 01 82 0C 06 7E 01 
14965,5 rx src=FPKEAECEOPE len=44 F5 03 2C 00 02 1C 0E C0 01 83 09 01 B8 00 03 85 04 C0 01 99 00 F5 1E 00 04 0F 04 C0 01 1D 01 02 00 00 07 38 06 00 03 92 00 2E 21 00 
14981,8 rx src=FPKEAECEOPE len=14 F5 03 0E 00 01 19 0D 40 03 99 01 14 1B 00 
14981,8 rx src=FPKEAECEOPE len=12 F5 07 0C 00 14 00 0A 00 04 00 00 28 
14982,8 rx src=FPKEAECEOPE len=24 F5 03 18 00 00 A8 0D C0 01 60 0C 06 7E 01 05 7A 04 C0 01 E0 04 0A 0E 08 
14998,1 tx hdr=0xF5 op=0x2D MOVE(x,y,z,rx,ry,state,tick) : 54,27 7 48,601 7,95 179,25 b5 i298478653
15013,9 rx src=FPKEAECEOPE len=34 F5 03 22 00 02 1C 0E C0 01 83 09 01 B8 00 03 85 04 C0 01 99 00 F5 1E 00 04 12 04 C0 01 23 01 02 00 00 
15013,9 rx src=FPKEAECEOPE len=14 F5 03 0E 00 07 38 06 00 03 92 00 2E 21 00 
15028,6 rx src=FPKEAECEOPE len=14 F5 03 0E 00 01 19 0D 40 03 99 01 14 1B 00 
15032,3 rx src=FPKEAECEOPE len=14 F5 03 0E 00 00 A0 0D C0 01 42 0C 06 7E 05 
15043,5 tx hdr=0xF5 op=0x2D MOVE(x,y,z,rx,ry,state,tick) : 54,13 7 48,122 7,2 180,3 b1 i298478699
15044,0 rx src=FPKEAECEOPE len=14 F5 03 0E 00 05 71 04 C0 01 E3 04 0A 0E 08 
15057,8 rx src=FPKEAECEOPE len=34 F5 03 22 00 02 1C 0E C0 01 83 09 01 B8 00 03 85 04 C0 01 99 00 F5 1E 00 04 14 04 C0 01 35 01 02 00 01 
15063,9 rx src=FPKEAECEOPE len=14 F5 03 0E 00 07 38 06 00 03 92 00 2E 21 00 
15070,7 rx src=FPKEAECEOPE len=14 F5 03 0E 00 01 19 0D 40 03 99 01 14 1B 00 
15083,4 rx src=FPKEAECEOPE len=13 F5 0A 0D 00 06 36 00 07 00 31 00 80 00 
15089,4 tx hdr=0xF5 op=0x2D MOVE(x,y,z,rx,ry,state,tick) : 54,043 7 47,619 7,05 180,6 b1 i298478744
15097,8 rx src=FPKEAECEOPE len=24 F5 03 18 00 00 91 0D C0 01 26 0C 05 7F 05 06 A0 0D C0 01 60 0C FF 80 01 
15115,5 rx src=FPKEAECEOPE len=54 F5 03 36 00 02 1C 0E C0 01 83 09 01 B8 00 03 85 04 C0 01 99 00 F5 1E 00 04 16 04 C0 01 4E 01 02 00 01 05 60 04 C0 01 E9 04 09 0E 08 07 38 06 00 03 92 00 2E 21 00 
15130,6 rx src=FPKEAECEOPE len=14 F5 03 0E 00 01 19 0D 40 03 99 01 14 1B 00 
15143,4 tx hdr=0xF5 op=0x2D MOVE(x,y,z,rx,ry,state,tick) : 53,982 7 47,101 6,3 182,55 b1 i298478798
15143,6 rx src=FPKEAECEOPE len=24 F5 03 18 00 00 88 0D C0 01 07 0C 05 80 01 05 4A 04 C0 01 F2 04 08 11 08 
15157,4 rx src=FPKEAECEOPE len=14 F5 03 0E 00 04 17 04 C0 01 6A 01 02 00 01 
15163,7 rx src=FPKEAECEOPE len=34 F5 03 22 00 02 1C 0E C0 01 83 09 01 B8 00 03 85 04 C0 01 99 00 F4 1F 00 07 38 06 00 03 92 00 2E 21 00 
15178,5 rx src=FPKEAECEOPE len=14 F5 03 0E 00 01 19 0D 40 03 99 01 14 1B 00 
15189,1 tx hdr=0xF5 op=0x2D MOVE(x,y,z,rx,ry,state,tick) : 53,92 7 46,576 5,7 186,6 b1 i298478844
15189,3 rx src=FPKEAECEOPE len=14 F5 03 0E 00 00 82 0D C0 01 E7 0B 05 80 01 
15205,2 rx src=FPKEAECEOPE len=12 F5 07 0C 00 35 00 0E 00 08 00 00 28 
15207,6 rx src=FPKEAECEOPE len=44 F5 03 2C 00 02 1C 0E C0 01 83 09 01 B8 00 03 85 04 C0 01 99 00 F2 22 00 04 17 04 C0 01 89 01 02 00 01 07 38 06 00 03 92 00 2E 21 00 
15222,3 rx src=FPKEAECEOPE len=24 F5 03 18 00 01 19 0D 40 03 99 01 14 1B 00 05 31 04 C0 01 FD 04 08 12 08 
15236,7 rx src=FPKEAECEOPE len=24 F5 03 18 00 00 7E 0D C0 01 C6 0B 04 81 01 05 17 04 C0 01 0A 05 08 13 08 
15240,6 tx hdr=0xF5 op=0x2D MOVE(x,y,z,rx,ry,state,tick) : 53,797 7 46,063 4,65 203,55 b1 i298478896
15253,7 rx src=FPKEAECEOPE len=14 F5 03 0E 00 04 18 04 00 02 AA 01 02 00 01 
15263,1 rx src=FPKEAECEOPE len=24 F5 03 18 00 02 1C 0E C0 01 83 09 01 B8 00 03 85 04 C0 01 99 00 F1 23 00 
15279,4 rx src=FPKEAECEOPE len=14 F5 03 0E 00 01 19 0D 40 03 99 01 14 1B 00 
15282,6 rx src=FPKEAECEOPE len=14 F5 03 0E 00 00 7A 0D C0 01 A4 0B 04 84 01 
15292,7 tx hdr=0xF5 op=0x2D MOVE(x,y,z,rx,ry,state,tick) : 53,601 7 45,577 2,55 214,2 b1 i298478948
15293,1 rx src=FPKEAECEOPE len=14 F5 03 0E 00 05 FC 03 C0 01 18 05 08 14 08 
15307,5 rx src=FPKEAECEOPE len=24 F5 03 18 00 03 85 04 C0 01 99 00 F0 23 00 04 19 04 00 02 CB 01 01 00 01 
15321,8 rx src=FPKEAECEOPE len=14 F5 03 0E 00 02 1C 0E C0 01 83 09 01 B8 00 
15321,8 rx src=FPKEAECEOPE len=5 F5 28 05 00 07 
15326,0 rx src=FPKEAECEOPE len=14 F5 03 0E 00 01 19 0D 40 03 99 01 14 1B 00 
15337,0 rx src=FPKEAECEOPE len=24 F5 03 18 00 00 72 0D C0 01 84 0B 03 90 01 05 E1 03 C0 01 26 05 08 15 08 
15340,6 tx hdr=0xF5 op=0x2D MOVE(x,y,z,rx,ry,state,tick) : 53,356 7 45,111 2,1 216,45 b1 i298478996
15355,0 rx src=FPKEAECEOPE len=24 F5 03 18 00 02 1C 0E C0 01 83 09 01 B8 00 03 85 04 C0 01 99 00 F0 24 00 
15364,3 rx src=FPKEAECEOPE len=14 F5 03 0E 00 04 19 04 00 02 ED 01 01 00 01 
15378,8 rx src=FPKEAECEOPE len=14 F5 03 0E 00 01 19 0D 40 03 99 01 0B 1B 00 
15393,5 tx hdr=0xF5 op=0x2D MOVE(x,y,z,rx,ry,state,tick) : 53,08 7 44,658 2,1 216,6 b1 i298479049
15393,7 rx src=FPKEAECEOPE len=24 F5 03 18 00 00 66 0D C0 01 64 0B 01 98 01 05 C6 03 C0 01 36 05 08 18 08 
15406,5 rx src=FPKEAECEOPE len=14 F5 03 0E 00 03 85 04 C0 01 99 00 F0 25 00 
15414,0 rx src=FPKEAECEOPE len=24 F5 03 18 00 02 1C 0E C0 01 83 09 01 B8 00 04 1A 04 00 02 0F 02 01 00 01 
15440,1 tx hdr=0xF5 op=0x2D MOVE(x,y,z,rx,ry,state,tick) : 52,782 7 44,215 1,8 217,5 b1 i298479095
15482,2 rx src=FPKEAECEOPE len=14 F5 03 0E 00 01 19 0D 40 03 99 01 07 1C 00 
15482,2 rx src=FPKEAECEOPE len=12 F5 34 0C 00 94 6D CA 11 E5 6D CA 11 
15482,3 rx src=FPKEAECEOPE len=14 F5 03 0E 00 00 56 0D C0 01 47 0B 01 99 01 
15482,3 rx src=FPKEAECEOPE len=14 F5 03 0E 00 05 B4 03 C0 01 4D 05 08 1A 09 
15482,3 rx src=FPKEAECEOPE len=24 F5 03 18 00 02 1C 0E C0 01 83 09 01 B9 00 03 85 04 C0 01 99 00 EF 25 00 
15482,3 rx src=FPKEAECEOPE len=14 F5 03 0E 00 01 19 0D 40 03 99 01 05 1C 00 
15486,7 rx src=FPKEAECEOPE len=14 F5 03 0E 00 00 45 0D C0 01 2A 0B 01 9A 01 
15495,3 tx hdr=0xF5 op=0x2D MOVE(x,y,z,rx,ry,state,tick) : 52,471 7 43,779 1,65 217,95 b1 i298479090
15495,5 rx src=FPKEAECEOPE len=14 F5 03 0E 00 05 A8 03 C0 01 67 05 08 1B 09 
15514,3 rx src=FPKEAECEOPE len=24 F5 03 18 00 02 1C 0E C0 01 83 09 01 BA 00 03 85 04 C0 01 99 00 EF 25 00 
15522,4 rx src=FPKEAECEOPE len=14 F5 03 0E 00 04 1B 04 00 02 31 02 01 00 01 
15529,6 rx src=FPKEAECEOPE len=24 F5 03 18 00 01 19 0D 40 03 99 01 04 1D 00 04 1B 04 00 02 53 02 01 00 01 
15542,1 tx hdr=0xF5 op=0x2D MOVE(x,y,z,rx,ry,state,tick) : 52,152 7 43,347 1,65 217,95 b1 i298479136
15542,4 rx src=FPKEAECEOPE len=14 F5 03 0E 00 05 A0 03 C0 01 83 05 08 1C 09 
15562,1 rx src=FPKEAECEOPE len=34 F5 03 22 00 02 1C 0E C0 01 83 09 01 BA 00 03 85 04 C0 01 99 00 EF 25 00 04 1B 04 C0 01 76 02 00 FD 11 
15568,0 rx src=FPKEAECEOPE len=6 F5 0F 06 00 06 00 
15568,1 rx src=FPKEAECEOPE len=14 F5 03 0E 00 01 19 0D 40 03 99 01 04 1D 00 
15580,7 rx src=FPKEAECEOPE len=14 F5 03 0E 00 00 32 0D C0 01 0D 0B 01 9A 01 
15580,7 rx src=FPKEAECEOPE len=14 F5 03 0E 00 05 9A 03 C0 01 A1 05 08 1D 09 
15588,4 tx hdr=0xF5 op=0x2D MOVE(x,y,z,rx,ry,state,tick) : 51,827 7 42,917 1,65 217,95 b1 i298479183
15588,5 rx src=FPKEAECEOPE len=14 F5 03 0E 00 00 1E 0D C0 01 F1 0A 01 9A 01 
15614,4 rx src=FPKEAECEOPE len=34 F5 03 22 00 02 1E 0E C0 01 76 09 01 BA 08 03 85 04 C0 01 99 00 EF 25 00 04 1B 04 C0 01 98 02 00 FC 01 
15628,7 rx src=FPKEAECEOPE len=14 F5 03 0E 00 06 A0 0D C0 01 60 0C FF 80 00 
15628,7 rx src=FPKEAECEOPE len=12 F5 07 0C 00 14 00 0A 00 03 00 00 28 
15629,6 rx src=FPKEAECEOPE len=14 F5 03 0E 00 01 19 0D 40 03 99 01 04 1D 00 
15642,1 tx hdr=0xF5 op=0x2D MOVE(x,y,z,rx,ry,state,tick) : 51,5 7 42,489 1,65 217,95 b1 i298479236
15642,3 rx src=FPKEAECEOPE len=24 F5 03 18 00 00 09 0D C0 01 D6 0A 01 9A 01 05 9F 03 C0 01 BD 05 08 1D 01 
15655,1 rx src=FPKEAECEOPE len=14 F5 03 0E 00 04 1A 04 C0 01 BB 02 00 FC 01 
15661,9 rx src=FPKEAECEOPE len=24 F5 03 18 00 02 20 0E C0 01 61 09 01 BB 08 03 85 04 C0 01 99 00 EF 25 00 
15680,1 rx src=FPKEAECEOPE len=14 F5 03 0E 00 01 19 0D 40 03 99 01 04 1D 00 
15680,1 rx src=FPKEAECEOPE len=14 F5 03 0E 00 06 A0 0D C0 01 60 0C 00 7F 00 
15688,0 rx src=FPKEAECEOPE len=24 F5 03 18 00 00 F4 0C C0 01 BA 0A 01 9A 01 05 AA 03 C0 01 D6 05 08 1E 01 
15692,5 tx hdr=0xF5 op=0x2D MOVE(x,y,z,rx,ry,state,tick) : 51,33 7 42,018 1,5 217,95 b9 i298479287
15702,5 rx src=FPKEAECEOPE len=14 F5 03 0E 00 04 18 04 C0 01 DD 02 00 FC 01 
15715,4 rx src=FPKEAECEOPE len=24 F5 03 18 00 02 22 0E C0 01 55 09 02 BB 00 03 85 04 C0 01 99 00 EF 25 00 
15720,5 rx src=FPKEAECEOPE len=14 F5 03 0E 00 06 A0 0D C0 01 60 0C 00 7E 00 
15729,3 rx src=FPKEAECEOPE len=14 F5 03 0E 00 01 19 0D 40 03 99 01 04 1D 00 
15733,1 rx src=FPKEAECEOPE len=14 F5 03 0E 00 00 DF 0C C0 01 9F 0A 01 9A 01 
15747,1 tx hdr=0xF5 op=0x2D MOVE(x,y,z,rx,ry,state,tick) : 51,253 7 41,521 0,9 218,25 b9 i298479341
15747,3 rx src=FPKEAECEOPE len=14 F5 03 0E 00 05 BA 03 C0 01 EF 05 08 1F 01 
15762,9 rx src=FPKEAECEOPE len=24 F5 03 18 00 02 23 0E C0 01 4E 09 02 BB 00 03 85 04 C0 01 99 00 EF 24 00 
15766,5 rx src=FPKEAECEOPE len=14 F5 03 0E 00 04 15 04 C0 01 00 03 00 FC 01 
15777,9 rx src=FPKEAECEOPE len=14 F5 03 0E 00 01 19 0D 40 03 99 01 04 1D 00 
15777,9 rx src=FPKEAECEOPE len=14 F5 03 0E 00 06 A0 0D C0 01 60 0C 00 7C 00 
15777,9 rx src=FPKEAECEOPE len=12 F5 07 0C 00 35 00 0F 00 08 00 00 28 
15796,6 tx hdr=0xF5 op=0x2D MOVE(x,y,z,rx,ry,state,tick) : 51,231 7 41,008 0,75 218,7 b9 i298479391
15796,9 rx src=FPKEAECEOPE len=24 F5 03 18 00 00 D5 0C C0 01 81 0A 01 9A 09 05 CD 03 C0 01 07 06 08 20 01 
15811,9 rx src=FPKEAECEOPE len=24 F5 03 18 00 02 23 0E C0 01 4A 09 02 BD 00 03 7D 04 C0 01 A2 00 F1 20 08 
15824,5 rx src=FPKEAECEOPE len=14 F5 03 0E 00 04 13 04 C0 01 22 03 00 FC 01 
15824,5 rx src=FPKEAECEOPE len=14 F5 03 0E 00 01 19 0D 40 03 99 01 04 1D 00 
15851,9 tx hdr=0xF5 op=0x2D MOVE(x,y,z,rx,ry,state,tick) : 51,24 7 40,485 0,45 219 b9 i298479446
15852,0 rx src=FPKEAECEOPE len=24 F5 03 18 00 00 D0 0C C0 01 61 0A 00 9B 09 05 D8 03 C0 01 22 06 08 20 09 
15852,0 rx src=FPKEAECEOPE len=24 F5 03 18 00 04 10 04 C0 01 44 03 00 FC 01 06 A0 0D C0 01 60 0C 00 79 00 
15855,0 rx src=FPKEAECEOPE len=24 F5 03 18 00 02 23 0E C0 01 47 09 02 BD 00 03 6E 04 C0 01 B1 00 F1 1F 08 
15878,5 rx src=FPKEAECEOPE len=14 F5 03 0E 00 01 19 0D 40 03 99 01 04 1D 00 
15883,6 rx src=FPKEAECEOPE len=14 F5 03 0E 00 06 A0 0D C0 01 60 0C 01 75 00 
15883,6 rx src=FPKEAECEOPE len=14 F5 03 0E 00 05 E0 03 C0 01 3F 06 08 20 09 
15893,3 tx hdr=0xF5 op=0x2D MOVE(x,y,z,rx,ry,state,tick) : 51,266 7 40,485 0,45 219,45 b9 i298479488
15893,5 rx src=FPKEAECEOPE len=14 F5 03 0E 00 00 CE 0C C0 01 40 0A 00 9B 09 
15909,2 rx src=FPKEAECEOPE len=24 F5 03 18 00 02 24 0E C0 01 45 09 01 BE 00 03 5C 04 C0 01 C2 00 F2 1D 08 
15921,8 rx src=FPKEAECEOPE len=14 F5 03 0E 00 04 0D 04 C0 01 67 03 00 FC 01 
15921,8 rx src=FPKEAECEOPE len=14 F5 03 0E 00 01 19 0D 40 03 99 01 04 1D 00 
15928,3 rx src=FPKEAECEOPE len=14 F5 03 0E 00 06 A0 0D C0 01 60 0C 01 6A 00 
15940,4 tx hdr=0xF5 op=0x2D MOVE(x,y,z,rx,ry,state,tick) : 51,301 7 40,485 0,3 219,9 b9 i298479535
15940,8 rx src=FPKEAECEOPE len=14 F5 03 0E 00 05 DB 03 C0 01 5A 06 08 21 08 
15947,6 rx src=FPKEAECEOPE len=14 F5 03 0E 00 00 CF 0C C0 01 1F 0A 00 9B 09 
15960,8 rx src=FPKEAECEOPE len=24 F5 03 18 00 02 24 0E C0 01 44 09 01 BE 00 03 47 04 C0 01 D4 00 F5 19 08 
15973,3 rx src=FPKEAECEOPE len=14 F5 03 0E 00 04 0A 04 C0 01 89 03 00 FC 01 
15980,3 rx src=FPKEAECEOPE len=14 F5 03 0E 00 01 19 0D 40 03 99 01 04 1D 00 
15988,0 rx src=FPKEAECEOPE len=34 F5 03 22 00 00 D1 0C C0 01 1F 0A 00 9C 09 05 D1 03 C0 01 74 06 07 27 08 06 A0 0D C0 01 60 0C 04 60 00 
15994,6 tx hdr=0xF5 op=0x2D MOVE(x,y,z,rx,ry,state,tick) : 51,338 7 40,485 359,85 220,95 b9 i298479589
16001,6 rx src=FPKEAECEOPE len=14 F5 03 0E 00 04 08 04 C0 01 AC 03 00 FC 01 
16007,6 rx src=FPKEAECEOPE len=24 F5 03 18 00 02 24 0E C0 01 44 09 01 BE 00 03 2F 04 C0 01 E5 00 FA 14 08 
16026,9 rx src=FPKEAECEOPE len=24 F5 03 18 00 01 19 0D 40 03 99 01 02 15 00 06 A0 0D C0 01 60 0C 05 60 00 
16035,6 rx src=FPKEAECEOPE len=14 F5 03 0E 00 00 D3 0C C0 01 1F 0A 00 9C 09 
16040,5 tx hdr=0xF5 op=0x2D MOVE(x,y,z,rx,ry,state,tick) : 51,52 7 40,02 359,85 221,85 b8 i298479635
16040,8 rx src=FPKEAECEOPE len=14 F5 03 0E 00 05 C5 03 C0 01 8F 06 07 2B 08 
16050,9 rx src=FPKEAECEOPE len=14 F5 03 0E 00 04 05 04 C0 01 CE 03 00 FC 01 
16064,8 rx src=FPKEAECEOPE len=24 F5 03 18 00 02 24 0E C0 01 44 09 01 BE 00 03 15 04 C0 01 F5 00 FA 14 08 
16095,8 tx hdr=0xF5 op=0x2D MOVE(x,y,z,rx,ry,state,tick) : 51,781 7 39,587 359,85 225,6 b8 i298479690
16142,1 tx hdr=0xF5 op=0x2D MOVE(x,y,z,rx,ry,state,tick) : 52,073 7 39,158 359,85 231,3 b8 i298479736
16142,5 rx src=FPKEAECEOPE len=14 F5 03 0E 00 01 19 0D 40 03 99 01 FE 0B 00 
16142,5 rx src=FPKEAECEOPE len=34 F5 03 22 00 00 D5 0C C0 01 1F 0A FF 9D 09 05 B9 03 C0 01 AB 06 06 2E 08 06 A0 0D C0 01 60 0C 05 60 00 
16142,5 rx src=FPKEAECEOPE len=14 F5 03 0E 00 04 02 04 C0 01 F1 03 00 FC 01 
16142,5 rx src=FPKEAECEOPE len=24 F5 03 18 00 02 24 0E C0 01 44 09 01 BE 00 03 FA 03 C0 01 05 01 FA 14 08 
16142,5 rx src=FPKEAECEOPE len=14 F5 03 0E 00 01 19 0D 40 03 99 01 FD 0A 00 
16142,5 rx src=FPKEAECEOPE len=24 F5 03 18 00 00 E1 0C C0 01 01 0A FF 9D 08 06 A0 0D C0 01 60 0C 05 60 00 
16142,5 rx src=FPKEAECEOPE len=14 F5 03 0E 00 05 AD 03 C0 01 C8 06 05 32 08 
16149,1 rx src=FPKEAECEOPE len=14 F5 03 0E 00 04 FF 03 C0 01 13 04 00 FC 01 
16163,5 rx src=FPKEAECEOPE len=24 F5 03 18 00 02 24 0E C0 01 44 09 01 BE 00 03 EA 03 C0 01 0F 01 FA 14 00 
16169,1 rx src=FPKEAECEOPE len=14 F5 03 0E 00 06 A0 0D C0 01 60 0C 05 60 00 
16176,5 rx src=FPKEAECEOPE len=14 F5 03 0E 00 01 19 0D 40 03 99 01 FD 09 00 
16190,2 tx hdr=0xF5 op=0x2D MOVE(x,y,z,rx,ry,state,tick) : 52,203 7 38,69 359,85 236,85 b9 i298479784
16190,7 rx src=FPKEAECEOPE len=14 F5 03 0E 00 05 A2 03 F8 01 E6 06 05 33 18 
16210,7 rx src=FPKEAECEOPE len=34 F5 03 22 00 02 24 0E C0 01 44 09 01 BD 00 03 E1 03 C0 01 14 01 FB 14 00 04 FC 03 C0 01 35 04 00 FC 01 
16219,9 rx src=FPKEAECEOPE len=14 F5 03 0E 00 06 A0 0D C0 01 60 0C 05 5F 00 
16225,7 rx src=FPKEAECEOPE len=14 F5 03 0E 00 01 19 0D 40 03 99 01 FD 08 00 
16236,3 rx src=FPKEAECEOPE len=24 F5 03 18 00 00 F1 0C C0 01 E5 09 FF A0 08 05 97 03 21 02 03 07 05 35 18 
16239,1 tx hdr=0xF5 op=0x2D MOVE(x,y,z,rx,ry,state,tick) : 52,229 7 38,199 359,85 238,95 b9 i298479833
16250,1 rx src=FPKEAECEOPE len=24 F5 03 18 00 00 04 0D C0 01 CA 09 FF A4 08 04 F9 03 C0 01 58 04 00 FC 01 
16264,3 rx src=FPKEAECEOPE len=24 F5 03 18 00 02 24 0E C0 01 44 09 01 BC 00 03 DB 03 C0 01 18 01 FB 13 00 
16278,1 rx src=FPKEAECEOPE len=14 F5 03 0E 00 01 19 0D 40 03 99 01 FD 08 00 
16278,1 rx src=FPKEAECEOPE len=14 F5 03 0E 00 06 A0 0D C0 01 60 0C 07 5F 00 
16294,6 tx hdr=0xF5 op=0x2D MOVE(x,y,z,rx,ry,state,tick) : 52,189 7 37,696 359,85 240,15 b9 i298479889
16294,9 rx src=FPKEAECEOPE len=24 F5 03 18 00 00 0D 0D C0 01 AC 09 FF A8 09 05 8C 03 3A 02 21 07 04 36 18 
16309,1 rx src=FPKEAECEOPE len=24 F5 03 18 00 03 D8 03 C0 01 1A 01 FB 12 00 04 F6 03 C0 01 7A 04 00 FC 01 
16313,9 rx src=FPKEAECEOPE len=14 F5 03 0E 00 02 24 0E C0 01 44 09 01 BC 00 
16323,1 rx src=FPKEAECEOPE len=14 F5 03 0E 00 01 19 0D 40 03 99 01 FD 08 00 
16336,6 rx src=FPKEAECEOPE len=24 F5 03 18 00 00 0E 0D C0 01 8C 09 FF A9 09 06 A0 0D C0 01 60 0C 08 5E 00 
16340,5 tx hdr=0xF5 op=0x2D MOVE(x,y,z,rx,ry,state,tick) : 52,1 7 37,188 359,85 242,25 b9 i298479935
16353,7 rx src=FPKEAECEOPE len=24 F5 03 18 00 04 F3 03 C0 01 9D 04 00 FC 01 05 81 03 45 02 3E 07 04 37 18 
16368,2 rx src=FPKEAECEOPE len=24 F5 03 18 00 02 24 0E C0 01 44 09 01 BC 00 03 D6 03 C0 01 1B 01 FD 12 00 
16380,7 rx src=FPKEAECEOPE len=24 F5 03 18 00 01 19 0D 40 03 99 01 FD 09 00 06 A0 0D C0 01 60 0C 08 5E 00 
16384,5 rx src=FPKEAECEOPE len=14 F5 03 0E 00 00 0C 0D C0 01 6C 09 FF AA 09 
16395,1 tx hdr=0xF5 op=0x2D MOVE(x,y,z,rx,ry,state,tick) : 51,958 7 36,686 0,45 249,3 b9 i298479989
16411,7 rx src=FPKEAECEOPE len=44 F5 03 2C 00 02 24 0E C0 01 44 09 01 BC 00 03 D4 03 C0 01 1C 01 05 0E 00 04 F0 03 C0 01 BF 04 00 FC 01 05 76 03 40 02 5C 07 04 38 18 
16427,0 rx src=FPKEAECEOPE len=14 F5 03 0E 00 06 A0 0D C0 01 60 0C 07 5E 00 
16427,0 rx src=FPKEAECEOPE len=14 F5 03 0E 00 01 19 0D 40 03 99 01 FE 0B 00 
16427,0 rx src=FPKEAECEOPE len=12 F5 34 0C 00 3F 71 CA 11 CF 71 CA 11 
16439,7 tx hdr=0xF5 op=0x2D MOVE(x,y,z,rx,ry,state,tick) : 51,769 7 36,196 0,45 253,95 b9 i298480091
16440,1 rx src=FPKEAECEOPE len=24 F5 03 18 00 00 06 0D C0 01 4C 09 FF AC 09 05 6B 03 2B 02 79 07 03 3A 18 
16460,4 rx src=FPKEAECEOPE len=34 F5 03 22 00 02 24 0E C0 01 44 09 01 BC 00 03 D4 03 C0 01 1C 01 05 0D 00 04 EE 03 C0 01 E2 04 00 FC 01 
16476,1 rx src=FPKEAECEOPE len=14 F5 03 0E 00 01 19 0D 40 03 99 01 03 11 00 
16506,7 tx hdr=0xF5 op=0x2D MOVE(x,y,z,rx,ry,state,tick) : 51,442 7 35,864 358,051 259,713 b1 i298480158
16506,9 rx src=FPKEAECEOPE len=14 F5 03 0E 00 06 A0 0D C0 01 60 0C 04 61 00 
16506,9 rx src=FPKEAECEOPE len=14 F5 03 0E 00 00 FD 0C C0 01 2B 09 00 B1 09 
16506,9 rx src=FPKEAECEOPE len=14 F5 03 0E 00 05 60 03 07 02 97 07 03 3B 18 
16506,9 rx src=FPKEAECEOPE len=14 F5 03 0E 00 03 D4 03 C0 01 1C 01 05 0D 00 
16513,4 tx hdr=0xF5 op=0x06 int3/6 : s2 s9 s29
16513,5 tx hdr=0xF5 op=0x04 HIT_REPORT(pos,seq,hits[]) :
16513,7 rx src=FPKEAECEOPE len=24 F5 03 18 00 02 24 0E C0 01 44 09 01 BD 00 04 EB 03 C0 01 04 05 00 FC 01 
16529,0 rx src=FPKEAECEOPE len=14 F5 03 0E 00 01 19 0D 40 03 99 01 0A 14 00 
16545,3 tx hdr=0xF5 op=0x2D MOVE(x,y,z,rx,ry,state,tick) : 51,033 7 35,631 358,254 261,111 b1 i298480197
16546,1 rx src=FPKEAECEOPE len=34 F5 03 22 00 00 F1 0C C0 01 0C 09 00 B4 09 05 56 03 D4 01 B4 07 03 3C 18 06 A0 0D C0 01 60 0C 02 65 00 
16562,9 rx src=FPKEAECEOPE len=34 F5 03 22 00 02 24 0E C0 01 44 09 01 BD 00 03 D4 03 C0 01 1C 01 05 0D 00 04 E8 03 C0 01 27 05 00 FC 01 
16579,4 rx src=FPKEAECEOPE len=14 F5 03 0E 00 01 19 0D 40 03 99 01 0D 12 00 
16585,0 rx src=FPKEAECEOPE len=14 F5 03 0E 00 06 A0 0D C0 01 60 0C FF 6B 00 
16596,2 tx hdr=0xF5 op=0x2D MOVE(x,y,z,rx,ry,state,tick) : 50,574 7 35,461 358,988 261,995 b1 i298480248
16597,1 rx src=FPKEAECEOPE len=14 F5 03 0E 00 05 4B 03 C0 01 D2 07 03 3D 08 
16602,0 rx src=FPKEAECEOPE len=24 F5 03 18 00 00 DC 0C C0 01 F7 08 FE B8 01 03 D4 03 C0 01 1C 01 05 0D 00 
16602,0 rx src=FPKEAECEOPE len=5 F5 04 05 00 00 
16614,8 rx src=FPKEAECEOPE len=24 F5 03 18 00 02 24 0E C0 01 38 09 01 BD 08 04 E5 03 C0 01 49 05 00 FC 01 
16620,7 tx hdr=0xF5 op=0x04 HIT_REPORT(pos,seq,hits[]) : 50,793 9,403 35,531 i298480272 b5 b0 14,244 9,164 30,484
16629,7 rx src=FPKEAECEOPE len=14 F5 03 0E 00 01 19 0D 40 03 99 01 0A 01 00 
16635,7 rx src=FPKEAECEOPE len=24 F5 03 18 00 05 43 03 C0 01 F0 07 03 3D 08 06 A0 0D C0 01 60 0C FF 6E 00 
16645,9 tx hdr=0xF5 op=0x2D MOVE(x,y,z,rx,ry,state,tick) : 50,083 7 35,333 359,358 263,075 b1 i298480297
16646,3 rx src=FPKEAECEOPE len=14 F5 03 0E 00 00 C2 0C C0 01 E8 08 FE B9 01 
16662,7 rx src=FPKEAECEOPE len=14 F5 03 0E 00 03 D4 03 C0 01 1C 01 05 0D 00 
16668,6 rx src=FPKEAECEOPE len=34 F5 03 22 00 02 25 0E C0 01 23 09 01 BD 08 04 E2 03 C0 01 6B 05 00 FC 01 06 A0 0D C0 01 60 0C FF 6E 00 
16678,5 rx src=FPKEAECEOPE len=14 F5 03 0E 00 01 19 0D 40 03 99 01 08 EF 00 
16695,8 tx hdr=0xF5 op=0x2D MOVE(x,y,z,rx,ry,state,tick) : 49,575 7 35,233 359,75 263,861 b1 i298480347
16700,4 rx src=FPKEAECEOPE len=14 F5 03 0E 00 00 A4 0C C0 01 DD 08 FF BA 01 
16711,9 rx src=FPKEAECEOPE len=14 F5 03 0E 00 05 41 03 C0 01 00 08 02 3F 28 
16716,7 rx src=FPKEAECEOPE len=14 F5 03 0E 00 03 D4 03 C0 01 1C 01 05 0D 00 
16716,7 rx src=FPKEAECEOPE len=34 F5 03 22 00 02 27 0E C0 01 0A 09 01 BD 08 04 DF 03 C0 01 8E 05 00 FC 01 06 A0 0D C0 01 60 0C FF 6E 00 
16716,7 rx src=FPKEAECEOPE len=7 F5 04 07 00 00 05 80 
16729,1 rx src=FPKEAECEOPE len=14 F5 03 0E 00 01 19 0D 40 03 99 01 09 ED 00 
16745,1 tx hdr=0xF5 op=0x04 HIT_REPORT(pos,seq,hits[]) : 49,629 9,384 35,246 i298480397 b5 b1 13,572 8,98 31,289
16745,4 tx hdr=0xF5 op=0x2D MOVE(x,y,z,rx,ry,state,tick) : 49,055 7 35,151 0,844 264,16 b1 i298480397
16792,2 tx hdr=0xF5 op=0x2D MOVE(x,y,z,rx,ry,state,tick) : 48,527 7 35,081 0,859 264,428 b1 i298480444
16803,5 rx src=FPKEAECEOPE len=14 F5 03 0E 00 05 3E 03 C0 01 1F 08 02 3F 08 
16803,5 rx src=FPKEAECEOPE len=6 F5 0F 06 00 04 02 
16803,5 rx src=FPKEAECEOPE len=14 F5 03 0E 00 00 85 0C C0 01 D5 08 FF BB 01 
16803,5 rx src=FPKEAECEOPE len=14 F5 03 0E 00 04 DC 03 C0 01 B1 05 00 FC 01 
16803,5 rx src=FPKEAECEOPE len=14 F5 03 0E 00 03 D4 03 C0 01 1C 01 05 0D 00 
16803,5 rx src=FPKEAECEOPE len=24 F5 03 18 00 02 28 0E C0 01 EE 08 01 BD 08 06 A0 0D C0 01 60 0C FF 6E 00 
16803,5 rx src=FPKEAECEOPE len=14 F5 03 0E 00 01 19 0D 40 03 99 01 0A EA 00 
16803,6 rx src=FPKEAECEOPE len=14 F5 03 0E 00 05 3C 03 C0 01 3F 08 02 3F 08 
16803,6 rx src=FPKEAECEOPE len=14 F5 03 0E 00 00 64 0C C0 01 CE 08 FF BB 01 
16812,1 rx src=FPKEAECEOPE len=24 F5 03 18 00 03 D4 03 C0 01 1C 01 05 0D 00 04 D9 03 C0 01 D4 05 02 FD 01 
16826,3 rx src=FPKEAECEOPE len=14 F5 03 0E 00 02 29 0E C0 01 D1 08 01 BE 08 
16826,3 rx src=FPKEAECEOPE len=24 F5 03 18 00 01 19 0D 40 03 99 01 08 E8 00 06 A0 0D C0 01 60 0C 00 6F 00 
16839,0 tx hdr=0xF5 op=0x2D MOVE(x,y,z,rx,ry,state,tick) : 47,996 7 35,021 0,221 265,06 b1 i298480491
16845,5 rx src=FPKEAECEOPE len=14 F5 03 0E 00 05 3B 03 C0 01 5F 08 01 3E 08 
16859,7 rx src=FPKEAECEOPE len=24 F5 03 18 00 03 D4 03 C0 01 1C 01 05 0D 00 04 D7 03 C0 01 F7 05 02 FD 01 
16866,0 tx hdr=0xF5 op=0x06 int3/6 : s1 s8 s32
16866,2 tx hdr=0xF5 op=0x04 HIT_REPORT(pos,seq,hits[]) :
16866,4 rx src=FPKEAECEOPE len=14 F5 03 0E 00 02 2A 0E C0 01 BF 08 01 C0 00 
16880,6 rx src=FPKEAECEOPE len=24 F5 03 18 00 01 19 0D 40 03 99 01 05 E7 00 06 A0 0D C0 01 60 0C 00 70 00 
16885,6 rx src=FPKEAECEOPE len=14 F5 03 0E 00 05 3B 03 C0 01 65 08 01 3E 04 
16894,7 tx hdr=0xF5 op=0x2D MOVE(x,y,z,rx,ry,state,tick) : 47,462 7 34,969 0,165 266,096 b1 i298480546
16895,0 rx src=FPKEAECEOPE len=7 F5 04 07 00 00 05 41 
16909,4 rx src=FPKEAECEOPE len=44 F5 03 2C 00 00 43 0C C0 01 C9 08 00 BB 01 02 2B 0E C0 01 B4 08 02 C0 00 03 D4 03 C0 01 1C 01 05 0D 00 04 D5 03 C0 01 1A 06 02 FD 01 
16909,4 rx src=FPKEAECEOPE len=14 F5 03 0E 00 00 21 0C C0 01 C5 08 00 BC 01 
16923,0 rx src=FPKEAECEOPE len=24 F5 03 18 00 01 19 0D 40 03 99 01 04 E9 00 06 A0 0D C0 01 60 0C 01 71 00 
16929,8 rx src=FPKEAECEOPE len=5 F5 04 05 00 05 
16938,1 rx src=FPKEAECEOPE len=14 F5 03 0E 00 00 FF 0B C0 01 C1 08 00 BC 01 
16944,0 tx hdr=0xF5 op=0x2D MOVE(x,y,z,rx,ry,state,tick) : 46,925 7 34,927 0,285 266,794 b1 i298480595
16944,2 rx src=FPKEAECEOPE len=14 F5 03 0E 00 05 3B 03 C0 01 5C 08 01 3D 04 
16953,5 rx src=FPKEAECEOPE len=5 F5 04 05 00 00 
16953,5 rx src=FPKEAECEOPE len=34 F5 03 22 00 02 2B 0E C0 01 AE 08 02 C1 00 03 D4 03 C0 01 1C 01 05 0D 00 04 D2 03 C0 01 3D 06 02 FD 01 
16980,7 rx src=FPKEAECEOPE len=24 F5 03 18 00 01 19 0D 40 03 99 01 02 EF 00 06 A0 0D C0 01 60 0C 03 71 00 
16985,7 tx hdr=0xF5 op=0x04 HIT_REPORT(pos,seq,hits[]) : 47,009 9,387 34,938 i298480637 b5 b0 13,168 8,349 33,281
16985,9 rx src=FPKEAECEOPE len=14 F5 03 0E 00 05 3C 03 C0 01 4A 08 01 3D 04 
16996,0 tx hdr=0xF5 op=0x2D MOVE(x,y,z,rx,ry,state,tick) : 46,388 7 34,89 0,138 267,061 b1 i298480647
16996,2 rx src=FPKEAECEOPE len=14 F5 03 0E 00 00 DD 0B C0 01 BE 08 00 BD 01 
17010,3 rx src=FPKEAECEOPE len=24 F5 03 18 00 03 D4 03 C0 01 1C 01 05 0D 00 04 D1 03 C0 01 61 06 02 FF 01 
17025,4 rx src=FPKEAECEOPE len=14 F5 03 0E 00 02 2A 0E C0 01 9D 08 02 C1 08 
17025,5 rx src=FPKEAECEOPE len=14 F5 03 0E 00 01 19 0D 40 03 99 01 01 F8 00 
17029,2 rx src=FPKEAECEOPE len=14 F5 03 0E 00 06 A0 0D C0 01 60 0C 04 71 00 
17029,2 rx src=FPKEAECEOPE len=14 F5 03 0E 00 05 3E 03 C0 01 33 08 01 3D 04 
17038,3 rx src=FPKEAECEOPE len=14 F5 03 0E 00 00 BB 0B C0 01 BB 08 00 BD 01 
17043,7 tx hdr=0xF5 op=0x2D MOVE(x,y,z,rx,ry,state,tick) : 45,85 7 34,857 0,261 266,986 b1 i298480695
17052,7 rx src=FPKEAECEOPE len=5 F5 04 05 00 05 
17052,8 rx src=FPKEAECEOPE len=14 F5 03 0E 00 03 D4 03 C0 01 1C 01 05 0D 00 
17066,4 rx src=FPKEAECEOPE len=24 F5 03 18 00 02 2A 0E C0 01 87 08 02 C1 08 04 D2 03 C0 01 84 06 02 05 01 
17070,6 rx src=FPKEAECEOPE len=14 F5 03 0E 00 01 19 0D 40 03 99 01 01 F9 00 
17070,6 rx src=FPKEAECEOPE len=7 F5 04 07 00 00 05 40 
17080,9 rx src=FPKEAECEOPE len=14 F5 03 0E 00 06 A0 0D C0 01 60 0C 06 70 00 
17095,3 tx hdr=0xF5 op=0x2D MOVE(x,y,z,rx,ry,state,tick) : 45,311 7 34,824 0,391 266,775 b1 i298480747
17095,5 rx src=FPKEAECEOPE len=14 F5 03 0E 00 00 98 0B C0 01 B8 08 00 BD 01 
17111,7 rx src=FPKEAECEOPE len=14 F5 03 0E 00 03 D4 03 C0 01 1C 01 05 0D 00 
17116,7 tx hdr=0xF5 op=0x04 HIT_REPORT(pos,seq,hits[]) : 45,602 9,401 34,831 i298480768 b5 b1 13,285 9,322 32,864
17116,9 rx src=FPKEAECEOPE len=24 F5 03 18 00 02 29 0E C0 01 6C 08 02 C1 08 04 D7 03 C0 01 A6 06 02 0C 01 
17126,2 rx src=FPKEAECEOPE len=34 F5 03 22 00 01 19 0D 40 03 99 01 01 F9 00 05 3F 03 C0 01 18 08 00 3D 04 06 A0 0D C0 01 60 0C 06 6F 00 
17141,3 tx hdr=0xF5 op=0x2D MOVE(x,y,z,rx,ry,state,tick) : 44,772 7 34,792 0,285 266,566 b1 i298480793
17141,5 rx src=FPKEAECEOPE len=14 F5 03 0E 00 00 76 0B C0 01 B6 08 00 BD 01 
17154,7 rx src=FPKEAECEOPE len=14 F5 03 0E 00 05 41 03 C0 01 FB 07 00 3C 04 
17154,7 rx src=FPKEAECEOPE len=5 F5 04 05 00 05 
17162,2 rx src=FPKEAECEOPE len=24 F5 03 18 00 03 E0 03 C0 01 18 01 05 0D 04 04 DE 03 C0 01 C8 06 02 0D 01 
17168,9 rx src=FPKEAECEOPE len=14 F5 03 0E 00 02 28 0E C0 01 50 08 02 C1 08 
17175,9 rx src=FPKEAECEOPE len=24 F5 03 18 00 01 19 0D 40 03 99 01 01 F9 00 06 A0 0D C0 01 60 0C 08 6D 00 
17189,5 tx hdr=0xF5 op=0x2D MOVE(x,y,z,rx,ry,state,tick) : 44,234 7 34,757 0,403 265,907 b1 i298480841
17189,9 rx src=FPKEAECEOPE len=24 F5 03 18 00 00 53 0B C0 01 B4 08 00 BD 01 05 44 03 C0 01 DD 07 FF 3A 04 
17211,4 rx src=FPKEAECEOPE len=14 F5 03 0E 00 03 F3 03 C0 01 11 01 05 0D 04 
17211,4 rx src=FPKEAECEOPE len=7 F5 04 07 00 00 05 21 
17215,0 rx src=FPKEAECEOPE len=24 F5 03 18 00 02 26 0E C0 01 32 08 02 C1 08 04 E8 03 C0 01 EA 06 02 0E 01 
17226,3 rx src=FPKEAECEOPE len=24 F5 03 18 00 01 19 0D 40 03 99 01 01 F9 00 06 A0 0D C0 01 60 0C 08 6C 00 
17242,1 tx hdr=0xF5 op=0x04 HIT_REPORT(pos,seq,hits[]) : 44,322 9,407 34,757 i298480894 b5 b0 13,318 8,773 31,695
17242,3 tx hdr=0xF5 op=0x2D MOVE(x,y,z,rx,ry,state,tick) : 43,695 7 34,718 0,501 265,187 b1 i298480894
17242,5 rx src=FPKEAECEOPE len=14 F5 03 0E 00 05 48 03 C0 01 BE 07 00 3A 04 
17242,5 rx src=FPKEAECEOPE len=14 F5 03 0E 00 00 31 0B C0 01 B2 08 00 BD 01 
17258,6 rx src=FPKEAECEOPE len=24 F5 03 18 00 03 0B 04 C0 01 09 01 05 0D 04 04 F5 03 C0 01 0A 07 02 15 01 
17274,8 rx src=FPKEAECEOPE len=14 F5 03 0E 00 02 25 0E C0 01 13 08 02 C1 08 
17274,8 rx src=FPKEAECEOPE len=14 F5 03 0E 00 01 19 0D 40 03 99 01 01 F9 00 
17290,0 tx hdr=0xF5 op=0x2D MOVE(x,y,z,rx,ry,state,tick) : 43,157 7 34,674 0,338 264,295 b1 i298480941
17290,2 rx src=FPKEAECEOPE len=5 F5 04 05 00 05 
17290,3 rx src=FPKEAECEOPE len=24 F5 03 18 00 00 0E 0B C0 01 B0 08 00 BD 01 06 A0 0D C0 01 60 0C 0A 65 00 
17303,6 rx src=FPKEAECEOPE len=14 F5 03 0E 00 05 4C 03 C0 01 9F 07 00 39 04 
17324,7 rx src=FPKEAECEOPE len=24 F5 03 18 00 03 25 04 C0 01 00 01 05 0D 04 04 06 04 C0 01 27 07 05 20 01 
17324,7 rx src=FPKEAECEOPE len=14 F5 03 0E 00 02 25 0E C0 01 0D 08 02 C1 04 
17331,0 rx src=FPKEAECEOPE len=24 F5 03 18 00 01 19 0D 40 03 99 01 01 F8 00 05 4E 03 C0 01 8F 07 00 38 24 
17331,0 rx src=FPKEAECEOPE len=5 F5 04 05 00 02 
17331,1 rx src=FPKEAECEOPE len=7 F5 04 07 00 00 05 10 
17331,1 rx src=FPKEAECEOPE len=14 F5 03 0E 00 06 A0 0D C0 01 60 0C 0A 58 00 
17340,8 tx hdr=0xF5 op=0x2D MOVE(x,y,z,rx,ry,state,tick) : 42,7 7 34,477 1,419 263,445 b9 i298480992
17341,0 rx src=FPKEAECEOPE len=14 F5 03 0E 00 00 EC 0A C0 01 AD 08 00 BC 01 
17356,4 rx src=FPKEAECEOPE len=24 F5 03 18 00 03 41 04 C0 01 F6 00 05 0D 04 04 1C 04 C0 01 41 07 08 26 01 
17360,9 tx hdr=0xF5 op=0x06 int3/6 : s1 s8 s30
17361,1 tx hdr=0xF5 op=0x04 HIT_REPORT(pos,seq,hits[]) :
17370,6 rx src=FPKEAECEOPE len=14 F5 03 0E 00 02 25 0E C0 01 17 08 02 C1 04 
17375,7 rx src=FPKEAECEOPE len=14 F5 03 0E 00 01 19 0D 40 03 99 01 02 F7 00 
17384,1 rx src=FPKEAECEOPE len=5 F5 04 05 00 05 
17384,2 rx src=FPKEAECEOPE len=14 F5 03 0E 00 06 A0 0D C0 01 60 0C 0B 48 00 
17391,8 tx hdr=0xF5 op=0x2D MOVE(x,y,z,rx,ry,state,tick) : 42,293 7 34,189 1,322 262,844 b9 i298481043
17392,1 rx src=FPKEAECEOPE len=24 F5 03 18 00 00 CA 0A C0 01 AB 08 00 BB 01 05 51 03 C0 01 80 07 00 38 24 
17440,9 tx hdr=0xF5 op=0x2D MOVE(x,y,z,rx,ry,state,tick) : 41,917 7 33,845 1,471 262,68 b9 i298481092
17468,4 rx src=FPKEAECEOPE len=14 F5 03 0E 00 03 5E 04 C0 01 EC 00 05 0D 04 
17468,4 rx src=FPKEAECEOPE len=24 F5 03 18 00 02 26 0E C0 01 29 08 02 C1 04 04 36 04 C0 01 56 07 09 2F 01 
17468,4 rx src=FPKEAECEOPE len=34 F5 03 22 00 01 19 0D 40 03 99 01 02 F7 00 05 56 03 C0 01 60 07 00 38 04 06 A0 0D C0 01 60 0C 0C 39 00 
17468,4 rx src=FPKEAECEOPE len=5 F5 04 05 00 02 
17468,7 rx src=FPKEAECEOPE len=12 F5 34 0C 00 60 75 CA 11 C3 75 CA 11 
17468,7 rx src=FPKEAECEOPE len=14 F5 03 0E 00 00 AC 0A C0 01 9E 08 01 BB 09 
17468,7 rx src=FPKEAECEOPE len=5 F5 04 05 00 00 
17475,4 rx src=FPKEAECEOPE len=14 F5 03 0E 00 04 53 04 C0 01 68 07 09 31 01 
17475,4 rx src=FPKEAECEOPE len=24 F5 03 18 00 02 27 0E C0 01 41 08 01 C2 04 03 7B 04 C0 01 E2 00 05 0D 04 
17475,4 rx src=FPKEAECEOPE len=14 F5 03 0E 00 06 A0 0D C0 01 60 0C 0D 1B 00 
17475,4 rx src=FPKEAECEOPE len=14 F5 03 0E 00 01 19 0D 40 03 99 01 03 F6 00 
17475,4 rx src=FPKEAECEOPE len=5 F5 04 05 00 05 
17484,2 tx hdr=0xF5 op=0x06 int3/6 : s3 s8 s29
17484,5 tx hdr=0xF5 op=0x04 HIT_REPORT(pos,seq,hits[]) :
17491,0 tx hdr=0xF5 op=0x2D MOVE(x,y,z,rx,ry,state,tick) : 41,56 7 33,468 0,333 262,638 b9 i298481113
17500,4 rx src=FPKEAECEOPE len=14 F5 03 0E 00 05 5C 03 C0 01 41 07 01 38 04 
17500,5 rx src=FPKEAECEOPE len=14 F5 03 0E 00 02 29 0E C0 01 5C 08 01 C3 04 
17513,3 rx src=FPKEAECEOPE len=24 F5 03 18 00 03 99 04 C0 01 D7 00 05 0D 04 04 72 04 C0 01 77 07 09 31 01 
17520,9 rx src=FPKEAECEOPE len=14 F5 03 0E 00 06 A0 0D C0 01 60 0C 0E FF 00 
17527,1 rx src=FPKEAECEOPE len=24 F5 03 18 00 01 19 0D 40 03 99 01 03 F5 00 05 5D 03 C0 01 3B 07 00 38 08 
17541,2 tx hdr=0xF5 op=0x2D MOVE(x,y,z,rx,ry,state,tick) : 41,214 7 33,07 0,446 262,377 b9 i298481163
17550,3 rx src=FPKEAECEOPE len=5 F5 04 05 00 02 
17556,4 rx src=FPKEAECEOPE len=14 F5 03 0E 00 03 B7 04 C0 01 CD 00 05 0D 04 
17567,7 rx src=FPKEAECEOPE len=14 F5 03 0E 00 02 2C 0E C0 01 79 08 00 C4 04 
17574,1 rx src=FPKEAECEOPE len=24 F5 03 18 00 01 19 0D 40 03 99 01 04 F5 00 04 91 04 C0 01 85 07 09 32 01 
17588,0 rx src=FPKEAECEOPE len=14 F5 03 0E 00 06 A0 0D C0 01 60 0C 0F E7 00 
17588,0 rx src=FPKEAECEOPE len=5 F5 04 05 00 05 
17596,9 tx hdr=0xF5 op=0x2D MOVE(x,y,z,rx,ry,state,tick) : 40,978 7 33,045 0,545 262,388 b4 i298481219
17611,7 rx src=FPKEAECEOPE len=34 F5 03 22 00 03 D5 04 C0 01 C2 00 05 0D 04 04 B2 04 C0 01 92 07 08 32 01 05 5C 03 C0 01 43 07 01 38 08 
17616,5 rx src=FPKEAECEOPE len=24 F5 03 18 00 02 30 0E C0 01 97 08 FF C7 04 06 A0 0D C0 01 60 0C 0F D9 00 
17627,2 rx src=FPKEAECEOPE len=24 F5 03 18 00 01 19 0D 40 03 99 01 04 F4 00 05 58 03 C0 01 55 07 00 38 08 
17641,7 tx hdr=0xF5 op=0x2D MOVE(x,y,z,rx,ry,state,tick) : 40,808 7 33,244 0,631 262,388 b4 i298481264
17661,0 rx src=FPKEAECEOPE len=14 F5 03 0E 00 04 D2 04 C0 01 9E 07 07 33 01 
17661,0 rx src=FPKEAECEOPE len=24 F5 03 18 00 03 D5 04 C0 01 B8 00 05 0D 04 06 A0 0D C0 01 60 0C 10 CB 00 
17661,0 rx src=FPKEAECEOPE len=5 F5 04 05 00 02 
17661,1 rx src=FPKEAECEOPE len=5 F5 04 05 00 00 
17671,4 rx src=FPKEAECEOPE len=14 F5 03 0E 00 00 4D 0A C0 01 44 08 00 BA 09 
17671,5 rx src=FPKEAECEOPE len=14 F5 03 0E 00 02 34 0E C0 01 B5 08 FF C7 04 
17686,2 rx src=FPKEAECEOPE len=14 F5 03 0E 00 01 19 0D 40 03 99 01 05 F4 00 
17686,2 rx src=FPKEAECEOPE len=5 F5 04 05 00 05 
17691,4 tx hdr=0xF5 op=0x2D MOVE(x,y,z,rx,ry,state,tick) : 40,677 7 33,578 0,693 262,388 b4 i298481313
17691,7 rx src=FPKEAECEOPE len=24 F5 03 18 00 00 3E 0A C0 01 42 08 00 BA 04 02 39 0E C0 01 D5 08 FF C5 04 
17699,8 rx src=FPKEAECEOPE len=14 F5 03 0E 00 05 56 03 C0 01 61 07 01 38 28 
17707,8 rx src=FPKEAECEOPE len=14 F5 03 0E 00 03 D5 04 C0 01 B1 00 05 0D 00 
17712,8 rx src=FPKEAECEOPE len=14 F5 03 0E 00 04 F4 04 C0 01 A9 07 06 34 01 
17724,5 rx src=FPKEAECEOPE len=24 F5 03 18 00 01 19 0D 40 03 99 01 05 F4 00 06 A0 0D C0 01 60 0C 10 B9 00 
17740,9 tx hdr=0xF5 op=0x2D MOVE(x,y,z,rx,ry,state,tick) : 40,567 7 33,992 0,976 261,479 b4 i298481363
17741,3 rx src=FPKEAECEOPE len=24 F5 03 18 00 00 33 0A C0 01 4F 08 00 BA 04 05 52 03 C0 01 7B 07 00 38 08 
17747,3 tx hdr=0xF5 op=0x06 int3/6 : s24 s9 s30
17747,5 tx hdr=0xF5 op=0x04 HIT_REPORT(pos,seq,hits[]) :
17756,1 rx src=FPKEAECEOPE len=14 F5 03 0E 00 02 3C 0E C0 01 F4 08 01 C1 04 
17759,9 rx src=FPKEAECEOPE len=24 F5 03 18 00 03 DF 04 C0 01 AE 00 05 0D 00 04 15 05 C0 01 B3 07 06 35 01 
17759,9 rx src=FPKEAECEOPE len=5 F5 04 05 00 02 
17782,3 rx src=FPKEAECEOPE len=14 F5 03 0E 00 01 19 0D 40 03 99 01 05 F4 00 
17782,3 rx src=FPKEAECEOPE len=14 F5 03 0E 00 06 A0 0D C0 01 60 0C 10 A4 00 
17789,8 tx hdr=0xF5 op=0x2D MOVE(x,y,z,rx,ry,state,tick) : 40,465 7 34,453 0,861 260,676 b4 i298481412
17790,0 rx src=FPKEAECEOPE len=14 F5 03 0E 00 00 2B 0A C0 01 64 08 00 BA 04 
17802,4 rx src=FPKEAECEOPE len=24 F5 03 18 00 02 3C 0E C0 01 14 09 03 BB 04 05 51 03 C0 01 7F 07 01 38 04 
17802,4 rx src=FPKEAECEOPE len=5 F5 04 05 00 05 
17808,5 rx src=FPKEAECEOPE len=14 F5 03 0E 00 03 DF 04 C0 01 AB 00 05 0D 00 
17815,9 rx src=FPKEAECEOPE len=24 F5 03 18 00 04 37 05 C0 01 BB 07 06 3A 01 06 A0 0D C0 01 60 0C 0E 9B 00 
17822,6 rx src=FPKEAECEOPE len=14 F5 03 0E 00 01 19 0D 40 03 99 01 05 F4 00 
17834,9 rx src=FPKEAECEOPE len=24 F5 03 18 00 00 24 0A C0 01 7F 08 00 B9 04 05 53 03 C0 01 74 07 00 38 04 
17834,9 rx src=FPKEAECEOPE len=5 F5 04 05 00 00 
17840,5 tx hdr=0xF5 op=0x2D MOVE(x,y,z,rx,ry,state,tick) : 40,365 7 34,943 0,954 259,565 b4 i298481462
17862,6 rx src=FPKEAECEOPE len=14 F5 03 0E 00 03 E3 04 C0 01 AA 00 05 0D 00 
17862,6 rx src=FPKEAECEOPE len=5 F5 04 05 00 02 
17867,6 tx hdr=0xF5 op=0x04 HIT_REPORT(pos,seq,hits[]) : 40,42 9,402 34,677 i298481489 b4 b0 20,413 8,922 30,515
17867,8 rx src=FPKEAECEOPE len=14 F5 03 0E 00 04 5A 05 C0 01 C0 07 06 41 01 
17876,1 rx src=FPKEAECEOPE len=34 F5 03 22 00 01 19 0D 40 03 99 01 05 F4 00 02 3A 0E C0 01 33 09 03 BA 04 05 56 03 C0 01 61 07 01 38 04 
17876,1 rx src=FPKEAECEOPE len=14 F5 03 0E 00 06 A0 0D C0 01 60 0C 0C 8E 00 
17889,4 tx hdr=0xF5 op=0x2D MOVE(x,y,z,rx,ry,state,tick) : 40,262 7 35,448 0,771 258,421 b4 i298481511
17889,7 rx src=FPKEAECEOPE len=14 F5 03 0E 00 00 1D 0A C0 01 9D 08 00 B9 04 
17889,7 rx src=FPKEAECEOPE len=5 F5 05 05 00 32 
17889,8 rx src=FPKEAECEOPE len=7 F5 04 07 00 05 00 41 
17902,6 rx src=FPKEAECEOPE len=14 F5 03 0E 00 02 39 0E C0 01 46 09 03 BA 00 
17908,9 rx src=FPKEAECEOPE len=34 F5 03 22 00 03 E6 04 C0 01 A9 00 05 0D 00 04 7C 05 C0 01 C0 07 06 45 01 06 A0 0D C0 01 60 0C 0B 8B 00 
17928,6 rx src=FPKEAECEOPE len=24 F5 03 18 00 01 19 0D 40 03 99 01 05 F4 00 05 56 03 C0 01 61 07 00 38 28 
17934,4 rx src=FPKEAECEOPE len=14 F5 03 0E 00 00 17 0A C0 01 BC 08 00 B8 04 
17941,0 tx hdr=0xF5 op=0x2D MOVE(x,y,z,rx,ry,state,tick) : 40,314 7 35,934 0,827 256,767 b6 i298481563
17955,8 rx src=FPKEAECEOPE len=24 F5 03 18 00 03 E6 04 C0 01 A9 00 05 0D 00 04 9F 05 C0 01 BD 07 06 49 01 
17955,8 rx src=FPKEAECEOPE len=5 F5 04 05 00 02 
17955,9 rx src=FPKEAECEOPE len=5 F5 04 05 00 00 
17973,2 rx src=FPKEAECEOPE len=34 F5 03 22 00 02 3B 0E C0 01 45 09 03 BA 08 05 55 03 C0 01 68 07 01 38 28 06 A0 0D C0 01 60 0C 0A 85 00 
17975,7 rx src=FPKEAECEOPE len=14 F5 03 0E 00 01 19 0D 40 03 99 01 04 F6 00 
17975,7 rx src=FPKEAECEOPE len=5 F5 05 05 00 19 
17975,8 rx src=FPKEAECEOPE len=7 F5 04 07 00 05 00 20 
17987,8 rx src=FPKEAECEOPE len=14 F5 03 0E 00 00 10 0A C0 01 DC 08 00 B7 04 
17992,6 tx hdr=0xF5 op=0x04 HIT_REPORT(pos,seq,hits[]) : 40,312 9,38 35,927 i298481614 b4 b1 21,905 9,405 30,752
17992,9 tx hdr=0xF5 op=0x2D MOVE(x,y,z,rx,ry,state,tick) : 40,453 7 36,413 0,91 255,042 b6 i298481615
18007,3 rx src=FPKEAECEOPE len=14 F5 03 0E 00 03 E6 04 C0 01 A8 00 05 0D 00 
18013,3 rx src=FPKEAECEOPE len=24 F5 03 18 00 02 3D 0E C0 01 37 09 FF BB 08 04 C1 05 C0 01 B6 07 06 4F 01 
18022,3 rx src=FPKEAECEOPE len=24 F5 03 18 00 01 19 0D 40 03 99 01 03 F7 00 06 A0 0D C0 01 60 0C 08 7D 00 
18035,6 rx src=FPKEAECEOPE len=14 F5 03 0E 00 00 14 0A C0 01 FB 08 00 B6 06 
18041,5 tx hdr=0xF5 op=0x2D MOVE(x,y,z,rx,ry,state,tick) : 40,639 7 36,891 0,806 253,368 b6 i298481663
18090,3 tx hdr=0xF5 op=0x2D MOVE(x,y,z,rx,ry,state,tick) : 40,848 7 37,37 0,942 251,842 b6 i298481712
18125,6 tx hdr=0xF5 op=0x04 HIT_REPORT(pos,seq,hits[]) : 40,725 9,41 37,095 i298481747 b4 b0 23,248 8,63 30,766
18125,8 rx src=FPKEAECEOPE len=24 F5 03 18 00 03 E6 04 C0 01 A8 00 05 0D 00 04 E1 05 C0 01 AB 07 06 54 01 
18125,8 rx src=FPKEAECEOPE len=34 F5 03 22 00 02 3F 0E C0 01 22 09 FF BB 08 05 55 03 C0 01 66 07 00 38 24 06 A0 0D C0 01 60 0C 06 79 00 
18125,8 rx src=FPKEAECEOPE len=24 F5 03 18 00 01 19 0D 40 03 99 01 03 F7 00 05 58 03 C0 01 56 07 01 38 04 
18125,8 rx src=FPKEAECEOPE len=5 F5 04 05 00 02 
18125,9 rx src=FPKEAECEOPE len=5 F5 04 05 00 05 
18126,0 rx src=FPKEAECEOPE len=5 F5 04 05 00 00 
18126,0 rx src=FPKEAECEOPE len=14 F5 03 0E 00 00 1C 0A C0 01 1A 09 00 B5 06 
18126,0 rx src=FPKEAECEOPE len=24 F5 03 18 00 03 E6 04 C0 01 A8 00 05 0D 00 04 E1 05 C0 01 9D 07 06 55 01 
18126,0 rx src=FPKEAECEOPE len=24 F5 03 18 00 02 42 0E C0 01 09 09 FF BC 08 06 A0 0D C0 01 60 0C 04 76 00 
18126,0 rx src=FPKEAECEOPE len=24 F5 03 18 00 01 19 0D 40 03 99 01 03 F7 00 05 5C 03 C0 01 41 07 00 38 04 
18130,2 rx src=FPKEAECEOPE len=14 F5 03 0E 00 00 28 0A C0 01 39 09 00 B4 06 
18140,2 tx hdr=0xF5 op=0x2D MOVE(x,y,z,rx,ry,state,tick) : 41,066 7 37,37 0,806 250,198 b6 i298481762
18156,2 rx src=FPKEAECEOPE len=24 F5 03 18 00 03 E6 04 C0 01 A8 00 05 0D 00 04 E1 05 C0 01 8D 07 06 58 01 
18172,5 rx src=FPKEAECEOPE len=14 F5 03 0E 00 02 44 0E C0 01 ED 08 FF BC 08 
18172,5 rx src=FPKEAECEOPE len=34 F5 03 22 00 01 19 0D 40 03 99 01 03 F7 00 05 5C 03 C0 01 41 07 01 38 08 06 A0 0D C0 01 60 0C 04 76 00 
18189,6 tx hdr=0xF5 op=0x2D MOVE(x,y,z,rx,ry,state,tick) : 41,301 7 37,37 0,456 253,848 b6 i298481811
18190,0 rx src=FPKEAECEOPE len=5 F5 04 05 00 02 
18205,9 rx src=FPKEAECEOPE len=10 F5 06 0A 00 18 00 09 00 1E 00 
18206,6 rx src=FPKEAECEOPE len=14 F5 03 0E 00 03 E6 04 C0 01 A8 00 05 0D 00 
18206,6 rx src=FPKEAECEOPE len=5 F5 04 05 00 05 
18242,1 tx hdr=0xF5 op=0x04 HIT_REPORT(pos,seq,hits[]) :
18242,3 tx hdr=0xF5 op=0x2D MOVE(x,y,z,rx,ry,state,tick) : 41,649 7 37,717 0,51 254 b2 i298481864
18250,5 rx src=FPKEAECEOPE len=24 F5 03 18 00 02 47 0E C0 01 D0 08 FF BC 08 04 E1 05 C0 01 78 07 06 67 01 
18250,5 rx src=FPKEAECEOPE len=5 F5 04 05 00 00 
18257,1 rx src=FPKEAECEOPE len=24 F5 03 18 00 00 44 0A C0 01 57 09 00 B1 06 05 5E 03 C0 01 34 07 00 38 04 
18272,6 rx src=FPKEAECEOPE len=44 F5 03 2C 00 01 19 0D 40 03 A6 01 03 F7 01 03 E6 04 C0 01 A8 00 05 0D 00 04 E1 05 C0 01 5D 07 06 73 01 06 A0 0D C0 01 60 0C 04 76 00 
18272,6 rx src=FPKEAECEOPE len=34 F5 03 22 00 01 19 0D 40 03 BA 01 05 F7 01 02 4A 0E C0 01 B1 08 FF BC 08 05 62 03 C0 01 20 07 01 38 04 
18286,3 rx src=FPKEAECEOPE len=14 F5 03 0E 00 00 53 0A C0 01 57 09 00 B4 06 
18291,0 tx hdr=0xF5 op=0x2D MOVE(x,y,z,rx,ry,state,tick) : 42,065 7 37,989 0,346 252,887 b2 i298481913
18291,4 rx src=FPKEAECEOPE len=14 F5 03 0E 00 06 A0 0D C0 01 60 0C 03 7C 00 
18291,4 rx src=FPKEAECEOPE len=5 F5 04 05 00 02 
18306,0 rx src=FPKEAECEOPE len=5 F5 04 05 00 05 
18311,1 rx src=FPKEAECEOPE len=34 F5 03 22 00 02 4D 0E C0 01 92 08 FF BC 08 03 E6 04 C0 01 A8 00 05 0D 00 04 E1 05 C0 01 40 07 06 7B 01 
18321,2 rx src=FPKEAECEOPE len=34 F5 03 22 00 01 19 0D 40 03 D2 01 09 F8 01 05 66 03 C0 01 07 07 00 38 04 06 A0 0D C0 01 60 0C 03 7D 00 
18325,9 rx src=FPKEAECEOPE len=5 F5 04 05 00 00 
18340,7 tx hdr=0xF5 op=0x2D MOVE(x,y,z,rx,ry,state,tick) : 42,519 7 38,218 0,443 252,06 b2 i298481963
18341,0 rx src=FPKEAECEOPE len=14 F5 03 0E 00 00 69 0A C0 01 6D 09 00 B4 02 
18362,6 rx src=FPKEAECEOPE len=24 F5 03 18 00 03 E6 04 C0 01 A8 00 05 0D 00 04 E1 05 C0 01 20 07 06 7B 01 
18369,2 tx hdr=0xF5 op=0x04 HIT_REPORT(pos,seq,hits[]) :
18369,4 rx src=FPKEAECEOPE len=14 F5 03 0E 00 02 50 0E C0 01 73 08 FF BC 08 
18382,3 rx src=FPKEAECEOPE len=14 F5 03 0E 00 01 19 0D 40 03 EE 01 0B FA 01 
18382,3 rx src=FPKEAECEOPE len=24 F5 03 18 00 05 66 03 C0 01 06 07 01 38 28 06 A0 0D C0 01 53 0C 03 7E 01 
18389,7 tx hdr=0xF5 op=0x2D MOVE(x,y,z,rx,ry,state,tick) : 42,997 7 38,425 1,291 251,43 b2 i298482012
18390,0 rx src=FPKEAECEOPE len=14 F5 03 0E 00 00 84 0A C0 01 7F 09 00 B3 02 
18395,0 rx src=FPKEAECEOPE len=5 F5 04 05 00 02 
18408,8 rx src=FPKEAECEOPE len=34 F5 03 22 00 02 52 0E C0 01 53 08 00 BC 08 03 E6 04 C0 01 A8 00 05 0D 00 04 E1 05 C0 01 FF 06 06 7B 01 
18408,8 rx src=FPKEAECEOPE len=5 F5 04 05 00 05 
18418,8 rx src=FPKEAECEOPE len=14 F5 03 0E 00 06 A1 0D C0 01 3E 0C 03 7E 01 
18423,7 rx src=FPKEAECEOPE len=14 F5 03 0E 00 05 65 03 C0 01 0B 07 00 38 28 
18423,7 rx src=FPKEAECEOPE len=14 F5 03 0E 00 01 19 0D 40 03 0B 02 0C FB 01 
18423,7 rx src=FPKEAECEOPE len=12 F5 34 0C 00 2B 79 CA 11 9E 79 CA 11 
18432,1 rx src=FPKEAECEOPE len=14 F5 03 0E 00 00 A1 0A C0 01 8D 09 00 B3 02 
18445,9 tx hdr=0xF5 op=0x2D MOVE(x,y,z,rx,ry,state,tick) : 43,478 7 38,454 1,379 251,056 b10 i298482100
18446,1 # net: TcpClient.Connected = True
18459,5 rx src=FPKEAECEOPE len=24 F5 03 18 00 02 55 0E C0 01 34 08 01 BD 08 03 E6 04 C0 01 A8 00 05 0D 00 
18459,5 rx src=FPKEAECEOPE len=5 F5 04 05 00 00 
18463,7 rx src=FPKEAECEOPE len=24 F5 03 18 00 04 E1 05 C0 01 DD 06 06 7B 01 06 A2 0D C0 01 24 0C 03 7E 01 
18473,5 rx src=FPKEAECEOPE len=14 F5 03 0E 00 01 19 0D 40 03 29 02 0D FB 01 
18477,2 rx src=FPKEAECEOPE len=14 F5 03 0E 00 05 66 03 C0 01 08 07 01 38 24 
18489,0 tx hdr=0xF5 op=0x2D MOVE(x,y,z,rx,ry,state,tick) : 43,96 7 38,376 1,429 251,136 b10 i298482143
18489,3 rx src=FPKEAECEOPE len=14 F5 03 0E 00 00 BF 0A C0 01 9B 09 00 B2 02 
18493,7 tx hdr=0xF5 op=0x04 HIT_REPORT(pos,seq,hits[]) : 43,485 9,402 38,443 i298482147 b5 b0 14,012 7,91 28,638
18504,1 rx src=FPKEAECEOPE len=5 F5 04 05 00 02 
18508,8 rx src=FPKEAECEOPE len=24 F5 03 18 00 03 E6 04 C0 01 A8 00 05 0D 00 04 E1 05 C0 01 BA 06 06 7B 01 
18508,8 rx src=FPKEAECEOPE len=5 F5 04 05 00 05 
18518,1 rx src=FPKEAECEOPE len=24 F5 03 18 00 02 55 0E C0 01 14 08 00 C2 08 06 A3 0D C0 01 08 0C 03 7E 01 
18523,6 rx src=FPKEAECEOPE len=24 F5 03 18 00 01 19 0D 40 03 48 02 0E FA 01 05 69 03 C0 01 F8 06 00 38 04 
18538,2 rx src=FPKEAECEOPE len=14 F5 03 0E 00 00 DE 0A C0 01 9D 09 00 B2 0A 
18545,8 tx hdr=0xF5 op=0x2D MOVE(x,y,z,rx,ry,state,tick) : 44,443 7 38,233 0,311 251,552 b10 i298482200
18559,9 rx src=FPKEAECEOPE len=14 F5 03 0E 00 03 E6 04 C0 01 A8 00 05 0D 00 
18563,9 rx src=FPKEAECEOPE len=14 F5 03 0E 00 04 E5 05 C0 01 98 06 06 7B 01 
18574,3 rx src=FPKEAECEOPE len=34 F5 03 22 00 01 17 0D 40 03 5B 02 10 F8 00 02 56 0E C0 01 01 08 00 C3 00 05 6D 03 C0 01 E2 06 01 38 04 
18574,3 rx src=FPKEAECEOPE len=14 F5 03 0E 00 06 A4 0D C0 01 EA 0B 03 7F 01 
18574,3 rx src=FPKEAECEOPE len=7 F5 0B 07 00 05 00 00 
18574,7 rx src=FPKEAECEOPE len=8 F5 0C 08 00 00 05 00 00 
18577,9 rx src=FPKEAECEOPE len=10 F5 13 0A 00 05 01 04 00 0C 00 
18577,9 rx src=FPKEAECEOPE len=10 F5 13 0A 00 00 00 01 00 0A 00 
18577,9 rx src=FPKEAECEOPE len=6 F5 15 06 00 00 0A 
18577,9 rx src=FPKEAECEOPE len=7 F5 04 07 00 00 05 10 
18581,9 rx src=FPKEAECEOPE len=14 F5 03 0E 00 00 FD 0A C0 01 98 09 01 B2 0A 
18594,1 tx hdr=0xF5 op=0x2D MOVE(x,y,z,rx,ry,state,tick) : 44,443 7 38,05 0,385 251,843 b10 i298482248
18597,7 rx src=FPKEAECEOPE len=5 F5 04 05 00 02 
18608,9 rx src=FPKEAECEOPE len=24 F5 03 18 00 03 E6 04 C0 01 A8 00 05 0D 00 04 E5 05 C0 01 83 06 06 7B 00 
18608,9 rx src=FPKEAECEOPE len=5 F5 04 05 00 05 
18623,4 rx src=FPKEAECEOPE len=14 F5 03 0E 00 02 57 0E C0 01 02 08 00 C3 04 
18623,4 rx src=FPKEAECEOPE len=14 F5 03 0E 00 01 15 0D 40 03 66 02 14 F3 00 
18637,1 rx src=FPKEAECEOPE len=14 F5 03 0E 00 06 A4 0D C0 01 CB 0B 03 7F 01 
18642,8 tx hdr=0xF5 op=0x2D MOVE(x,y,z,rx,ry,state,tick) : 44,443 7 37,841 0,477 252,143 b10 i298482297
18643,1 rx src=FPKEAECEOPE len=14 F5 03 0E 00 00 1C 0B C0 01 8E 09 00 B2 0A 
18652,9 rx src=FPKEAECEOPE len=24 F5 03 18 00 02 59 0E C0 01 10 08 00 C3 04 04 E5 05 C0 01 77 06 06 7B 00 
18667,2 rx src=FPKEAECEOPE len=14 F5 03 0E 00 03 E6 04 C0 01 A8 00 05 0D 00 
18681,5 rx src=FPKEAECEOPE len=24 F5 03 18 00 01 15 0D 40 03 6C 02 18 EE 00 06 A5 0D C0 01 AB 0B 03 7F 01 
18689,8 tx hdr=0xF5 op=0x2D MOVE(x,y,z,rx,ry,state,tick) : 44,443 7 37,616 0,535 252,593 b10 i298482344
18690,0 rx src=FPKEAECEOPE len=14 F5 03 0E 00 00 1C 0B C0 01 83 09 00 B3 0A 
18704,9 rx src=FPKEAECEOPE len=14 F5 03 0E 00 03 E6 04 C0 01 A8 00 05 0D 00 
18739,5 tx hdr=0xF5 op=0x2D MOVE(x,y,z,rx,ry,state,tick) : 44,921 7 37,379 0,598 253,193 b10 i298482393
18790,0 tx hdr=0xF5 op=0x2D MOVE(x,y,z,rx,ry,state,tick) : 45,398 7 37,134 0,647 253,343 b10 i298482444
18790,3 rx src=FPKEAECEOPE len=24 F5 03 18 00 04 E5 05 C0 01 6F 06 06 84 00 06 A6 0D C0 01 8B 0B 03 7F 01 
18790,3 rx src=FPKEAECEOPE len=5 F5 04 05 00 02 
18790,5 rx src=FPKEAECEOPE len=14 F5 03 0E 00 01 14 0D 40 03 70 02 1D EA 00 
18790,5 rx src=FPKEAECEOPE len=14 F5 03 0E 00 02 5B 0E C0 01 24 08 00 C3 04 
18790,5 rx src=FPKEAECEOPE len=14 F5 03 0E 00 00 1C 0B C0 01 75 09 00 B3 0A 
18790,5 rx src=FPKEAECEOPE len=14 F5 03 0E 00 02 5E 0E C0 01 3E 08 00 C3 04 
18790,5 rx src=FPKEAECEOPE len=24 F5 03 18 00 03 E6 04 C0 01 A8 00 05 0D 00 04 E5 05 C0 01 6B 06 06 97 00 
18790,5 rx src=FPKEAECEOPE len=14 F5 03 0E 00 06 A6 0D C0 01 6B 0B 03 7F 01 
18790,5 rx src=FPKEAECEOPE len=14 F5 03 0E 00 01 14 0D 40 03 73 02 22 E5 00 
18790,5 rx src=FPKEAECEOPE len=14 F5 03 0E 00 00 1C 0B C0 01 67 09 00 B3 0A 
18805,9 rx src=FPKEAECEOPE len=14 F5 03 0E 00 02 60 0E C0 01 5A 08 00 C2 04 
18809,1 rx src=FPKEAECEOPE len=24 F5 03 18 00 03 E6 04 C0 01 A8 00 05 0D 00 04 E6 05 C0 01 68 06 06 97 00 
18820,2 rx src=FPKEAECEOPE len=14 F5 03 0E 00 06 A7 0D C0 01 4A 0B 03 7F 01 
18820,2 rx src=FPKEAECEOPE len=5 F5 04 05 00 02 
18834,7 rx src=FPKEAECEOPE len=14 F5 03 0E 00 01 13 0D 40 03 74 02 25 E4 00 
18838,9 tx hdr=0xF5 op=0x2D MOVE(x,y,z,rx,ry,state,tick) : 45,875 7 36,884 0,678 253,343 b10 i298482493
18849,0 rx src=FPKEAECEOPE len=14 F5 03 0E 00 02 62 0E C0 01 77 08 01 C1 04 
18862,9 rx src=FPKEAECEOPE len=14 F5 03 0E 00 03 E6 04 C0 01 A8 00 05 0D 00 
18862,9 rx src=FPKEAECEOPE len=39 F5 01 27 00 07 50 4C 41 59 45 52 35 34 39 35 33 31 34 00 02 00 00 00 01 00 01 00 00 00 00 00 00 00 00 00 00 00 00 00 
18872,9 rx src=FPKEAECEOPE len=13 F5 12 0D 00 07 00 00 00 00 00 00 00 00 
18872,9 rx src=FPKEAECEOPE len=10 F5 5D 0A 00 07 12 DA 53 00 05 
18879,6 rx src=FPKEAECEOPE len=14 F5 03 0E 00 04 DF 05 C0 01 5A 06 06 95 01 
18879,6 rx src=FPKEAECEOPE len=14 F5 03 0E 00 01 13 0D 40 03 75 02 25 E5 00 
18879,6 rx src=FPKEAECEOPE len=14 F5 03 0E 00 00 3A 0B C0 01 58 09 00 B4 0A 
18893,1 tx hdr=0xF5 op=0x2D MOVE(x,y,z,rx,ry,state,tick) : 46,263 7 36,925 0,711 253,343 b6 i298482547
18893,4 rx src=FPKEAECEOPE len=24 F5 03 18 00 00 59 0B C0 01 48 09 00 B4 0A 06 A7 0D C0 01 2A 0B 03 7F 01 
18908,1 rx src=FPKEAECEOPE len=14 F5 03 0E 00 03 E6 04 C0 01 A8 00 05 0D 00 
18922,0 rx src=FPKEAECEOPE len=24 F5 03 18 00 04 D5 05 C0 01 45 06 06 91 01 06 A8 0D C0 01 09 0B 03 7F 01 
18926,6 rx src=FPKEAECEOPE len=24 F5 03 18 00 01 13 0D 40 03 75 02 25 E6 00 02 63 0E C0 01 96 08 01 C0 04 
18936,2 rx src=FPKEAECEOPE len=14 F5 03 0E 00 00 77 0B C0 01 38 09 00 B4 0A 
18939,1 tx hdr=0xF5 op=0x2D MOVE(x,y,z,rx,ry,state,tick) : 46,599 7 37,139 0,712 253,343 b6 i298482593
18963,1 rx src=FPKEAECEOPE len=24 F5 03 18 00 03 E6 04 C0 01 A8 00 05 0D 00 04 CA 05 C0 01 2B 06 05 8C 01 
18963,1 rx src=FPKEAECEOPE len=14 F5 03 0E 00 02 64 0E C0 01 B5 08 01 C0 04 
18975,4 rx src=FPKEAECEOPE len=14 F5 03 0E 00 01 13 0D 40 03 75 02 26 E6 00 
18987,1 rx src=FPKEAECEOPE len=14 F5 03 0E 00 06 A8 0D C0 01 E9 0A 03 7F 01 
18987,1 rx src=FPKEAECEOPE len=14 F5 03 0E 00 00 90 0B C0 01 3B 09 00 B4 06 
18990,1 tx hdr=0xF5 op=0x2D MOVE(x,y,z,rx,ry,state,tick) : 46,903 7 37,458 0,712 253,343 b6 i298482644
19003,3 rx src=FPKEAECEOPE len=14 F5 03 0E 00 02 65 0E C0 01 D4 08 02 C0 04 
19016,8 rx src=FPKEAECEOPE len=24 F5 03 18 00 03 E6 04 C0 01 A8 00 05 0D 00 04 C3 05 C0 01 0D 06 05 84 01 
19031,4 rx src=FPKEAECEOPE len=24 F5 03 18 00 01 13 0D 40 03 75 02 27 E6 00 06 A9 0D C0 01 C8 0A 03 7F 01 
19031,4 rx src=FPKEAECEOPE len=14 F5 03 0E 00 00 A6 0B C0 01 48 09 00 B4 06 
19046,3 tx hdr=0xF5 op=0x2D MOVE(x,y,z,rx,ry,state,tick) : 47,188 7 37,458 0,712 253,343 b6 i298482700
19053,2 rx src=FPKEAECEOPE len=14 F5 03 0E 00 02 65 0E C0 01 F4 08 02 BF 04 
19058,9 rx src=FPKEAECEOPE len=24 F5 03 18 00 03 E6 04 C0 01 A8 00 05 0D 00 04 C1 05 C0 01 EE 05 04 78 01 
19080,7 rx src=FPKEAECEOPE len=14 F5 03 0E 00 01 13 0D 40 03 75 02 27 E6 00 
19088,3 rx src=FPKEAECEOPE len=14 F5 03 0E 00 00 B9 0B C0 01 5D 09 00 B4 06 
19094,1 tx hdr=0xF5 op=0x2D MOVE(x,y,z,rx,ry,state,tick) : 47,461 7 37,458 0,712 253,343 b6 i298482748
19099,8 rx src=FPKEAECEOPE len=24 F5 03 18 00 02 65 0E C0 01 14 09 02 BF 04 06 A9 0D C0 01 A7 0A 03 7F 01 
19121,8 rx src=FPKEAECEOPE len=24 F5 03 18 00 03 DA 04 C0 01 AD 00 05 0D 08 04 C4 05 C0 01 CD 05 03 73 01 
19136,2 rx src=FPKEAECEOPE len=14 F5 03 0E 00 01 13 0D 40 03 75 02 27 E6 00 
19136,2 rx src=FPKEAECEOPE len=24 F5 03 18 00 00 CC 0B C0 01 5D 09 00 B4 06 06 AA 0D C0 01 87 0A 03 7F 01 
19139,5 tx hdr=0xF5 op=0x2D MOVE(x,y,z,rx,ry,state,tick) : 47,728 7 37,458 0,712 253,343 b6 i298482793
19155,3 rx src=FPKEAECEOPE len=14 F5 03 0E 00 02 64 0E C0 01 34 09 02 BD 04 
19167,3 rx src=FPKEAECEOPE len=34 F5 03 22 00 03 C6 04 C0 01 B3 00 05 0D 08 04 CB 05 C0 01 AD 05 02 71 01 06 AA 0D C0 01 66 0A 03 7F 01 
19180,6 rx src=FPKEAECEOPE len=14 F5 03 0E 00 01 13 0D 40 03 75 02 28 E6 00 
19187,7 rx src=FPKEAECEOPE len=14 F5 03 0E 00 00 DD 0B C0 01 5D 09 00 B4 06 
19194,3 tx hdr=0xF5 op=0x2D MOVE(x,y,z,rx,ry,state,tick) : 47,992 7 37,458 1,012 253,943 b6 i298482848
19209,6 rx src=FPKEAECEOPE len=14 F5 03 0E 00 02 61 0E C0 01 53 09 04 B7 04 
19209,6 rx src=FPKEAECEOPE len=24 F5 03 18 00 03 AF 04 C0 01 BC 00 05 0D 08 04 D4 05 C0 01 8C 05 02 70 01 
19224,7 rx src=FPKEAECEOPE len=24 F5 03 18 00 01 13 0D 40 03 75 02 2A E6 00 06 AB 0D C0 01 45 0A 03 7F 01 
19240,4 tx hdr=0xF5 op=0x2D MOVE(x,y,z,rx,ry,state,tick) : 48,257 7 37,458 1,162 254,243 b6 i298482894
19240,7 rx src=FPKEAECEOPE len=14 F5 03 0E 00 00 EE 0B C0 01 5D 09 00 B4 06 
19257,0 rx src=FPKEAECEOPE len=24 F5 03 18 00 03 94 04 C0 01 C5 00 05 0D 08 04 DF 05 C0 01 6C 05 02 6F 01 
19273,7 rx src=FPKEAECEOPE len=34 F5 03 22 00 01 1B 0D 40 03 6B 02 2A E6 02 02 5C 0E C0 01 73 09 04 B7 04 06 AB 0D C0 01 25 0A 03 7F 01 
19289,1 tx hdr=0xF5 op=0x2D MOVE(x,y,z,rx,ry,state,tick) : 48,532 7 37,458 2,212 257,693 b6 i298482943
19289,4 rx src=FPKEAECEOPE len=14 F5 03 0E 00 00 FF 0B C0 01 5D 09 00 B4 06 
19306,2 rx src=FPKEAECEOPE len=14 F5 03 0E 00 02 57 0E C0 01 92 09 04 B7 04 
19312,2 rx src=FPKEAECEOPE len=24 F5 03 18 00 03 78 04 C0 01 CD 00 04 09 08 04 DF 05 C0 01 4B 05 02 6F 01 
19319,8 rx src=FPKEAECEOPE len=14 F5 03 0E 00 06 AC 0D C0 01 04 0A 03 7F 01 
19323,9 rx src=FPKEAECEOPE len=14 F5 03 0E 00 01 27 0D 40 03 5A 02 2A E6 02 
19336,8 rx src=FPKEAECEOPE len=14 F5 03 0E 00 00 10 0C C0 01 5D 09 00 B4 06 
19340,2 tx hdr=0xF5 op=0x2D MOVE(x,y,z,rx,ry,state,tick) : 48,837 7 37,458 3,712 265,343 b6 i298482994
19352,7 rx src=FPKEAECEOPE len=14 F5 03 0E 00 02 53 0E C0 01 A5 09 03 B6 00 
19356,0 rx src=FPKEAECEOPE len=14 F5 03 0E 00 03 5A 04 C0 01 D5 00 04 07 08 
19366,8 rx src=FPKEAECEOPE len=14 F5 03 0E 00 04 DF 05 C0 01 2B 05 02 6F 01 
19394,1 tx hdr=0xF5 op=0x2D MOVE(x,y,z,rx,ry,state,tick) : 49,177 7 37,458 5,962 271,643 b6 i298483048
19440,6 tx hdr=0xF5 op=0x2D MOVE(x,y,z,rx,ry,state,tick) : 49,549 7 37,458 7,012 275,993 b6 i298483094
19440,8 rx src=FPKEAECEOPE len=14 F5 03 0E 00 01 36 0D 40 03 5A 02 2A E5 02 
19440,8 rx src=FPKEAECEOPE len=14 F5 03 0E 00 06 AD 0D C0 01 E3 09 03 7E 01 
19440,8 rx src=FPKEAECEOPE len=14 F5 03 0E 00 00 22 0C C0 01 5D 09 01 B7 06 
19440,8 rx src=FPKEAECEOPE len=14 F5 03 0E 00 03 3C 04 C0 01 DC 00 04 07 08 
19440,8 rx src=FPKEAECEOPE len=24 F5 03 18 00 04 DF 05 C0 01 0A 05 02 6F 01 06 AE 0D C0 01 C3 09 02 7C 01 
19440,8 rx src=FPKEAECEOPE len=24 F5 03 18 00 01 3F 0D 40 03 5A 02 28 E4 00 02 51 0E C0 01 B0 09 03 B6 00 
19440,9 rx src=FPKEAECEOPE len=10 F5 14 0A 00 09 00 0A 00 36 01 
19440,9 rx src=FPKEAECEOPE len=12 F5 34 0C 00 32 7D CA 11 85 7D CA 11 
19440,9 rx src=FPKEAECEOPE len=14 F5 03 0E 00 00 35 0C C0 01 5D 09 02 BC 06 
19455,6 rx src=FPKEAECEOPE len=14 F5 03 0E 00 02 4D 0E C0 01 C4 09 03 B6 04 
19455,6 rx src=FPKEAECEOPE len=14 F5 03 0E 00 03 1D 04 C0 01 E2 00 04 07 08 
19467,2 rx src=FPKEAECEOPE len=24 F5 03 18 00 04 DF 05 C0 01 EA 04 02 6F 01 06 B2 0D C0 01 A3 09 01 76 01 
19479,9 rx src=FPKEAECEOPE len=14 F5 03 0E 00 01 45 0D 40 03 5A 02 25 E3 00 
19494,2 tx hdr=0xF5 op=0x2D MOVE(x,y,z,rx,ry,state,tick) : 49,95 7 37,458 8,062 280,793 b6 i298483130
19508,6 rx src=FPKEAECEOPE len=14 F5 03 0E 00 02 48 0E C0 01 DC 09 03 B5 04 
19512,1 rx src=FPKEAECEOPE len=24 F5 03 18 00 03 FE 03 C0 01 E9 00 04 07 08 04 DF 05 C0 01 C9 04 02 6F 01 
19528,3 rx src=FPKEAECEOPE len=24 F5 03 18 00 01 48 0D 40 03 5A 02 24 E2 00 06 B7 0D C0 01 83 09 01 75 01 
19528,3 rx src=FPKEAECEOPE len=6 F5 0F 06 00 03 00 
19537,2 rx src=FPKEAECEOPE len=14 F5 03 0E 00 00 4B 0C C0 01 5D 09 04 C1 06 
19541,3 tx hdr=0xF5 op=0x2D MOVE(x,y,z,rx,ry,state,tick) : 50,399 7 37,458 8,962 285,893 b2 i298483177
19541,6 rx src=FPKEAECEOPE len=14 F5 03 0E 00 00 63 0C C0 01 5D 09 04 C4 06 
19552,1 rx src=FPKEAECEOPE len=14 F5 03 0E 00 02 3E 0E C0 01 F5 09 00 AB 04 
19567,7 rx src=FPKEAECEOPE len=24 F5 03 18 00 03 DE 03 C0 01 EF 00 04 07 08 04 DF 05 C0 01 A8 04 03 74 01 
19567,7 rx src=FPKEAECEOPE len=14 F5 03 0E 00 06 BE 0D C0 01 63 09 01 75 01 
19571,8 rx src=FPKEAECEOPE len=14 F5 03 0E 00 01 4A 0D 40 03 5A 02 22 E2 00 
19588,9 rx src=FPKEAECEOPE len=14 F5 03 0E 00 00 7C 0C C0 01 5D 09 05 C7 06 
19595,5 tx hdr=0xF5 op=0x2D MOVE(x,y,z,rx,ry,state,tick) : 50,873 7 37,481 9,112 288,293 b2 i298483231
19609,9 rx src=FPKEAECEOPE len=14 F5 03 0E 00 02 30 0E C0 01 0E 0A FF A3 04 
19614,0 rx src=FPKEAECEOPE len=14 F5 03 0E 00 03 BE 03 C0 01 F5 00 04 07 08 
19623,7 rx src=FPKEAECEOPE len=24 F5 03 18 00 04 DF 05 C0 01 87 04 05 7A 01 06 C5 0D C0 01 43 09 01 75 01 
19629,1 rx src=FPKEAECEOPE len=14 F5 03 0E 00 01 4B 0D 40 03 5A 02 20 E1 00 
19636,9 rx src=FPKEAECEOPE len=14 F5 03 0E 00 00 99 0C C0 01 5D 09 06 CB 02 
19641,8 tx hdr=0xF5 op=0x2D MOVE(x,y,z,rx,ry,state,tick) : 51,351 7 37,592 9,112 288,293 b6 i298483277
19652,0 rx src=FPKEAECEOPE len=14 F5 03 0E 00 02 1F 0E C0 01 0E 0A FF A3 04 
19669,8 rx src=FPKEAECEOPE len=34 F5 03 22 00 03 9D 03 C0 01 FC 00 04 07 08 04 E6 05 C0 01 65 04 06 7C 01 06 CC 0D C0 01 23 09 01 75 01 
19686,2 rx src=FPKEAECEOPE len=14 F5 03 0E 00 01 4C 0D 40 03 59 02 20 E1 00 
19691,1 tx hdr=0xF5 op=0x2D MOVE(x,y,z,rx,ry,state,tick) : 51,829 7 37,759 8,062 287,393 b6 i298483327
19691,3 rx src=FPKEAECEOPE len=14 F5 03 0E 00 00 B7 0C C0 01 5E 09 06 CD 02 
19704,3 rx src=FPKEAECEOPE len=14 F5 03 0E 00 02 0D 0E C0 01 0E 0A FF A2 04 
19715,4 rx src=FPKEAECEOPE len=24 F5 03 18 00 03 7C 03 C0 01 02 01 04 07 08 04 E6 05 C0 01 42 04 07 7D 01 
19729,1 rx src=FPKEAECEOPE len=14 F5 03 0E 00 01 4C 0D 40 03 59 02 20 E0 00 
19735,6 rx src=FPKEAECEOPE len=24 F5 03 18 00 00 D6 0C C0 01 65 09 06 CD 06 06 D4 0D C0 01 04 09 01 75 01 
19741,2 tx hdr=0xF5 op=0x2D MOVE(x,y,z,rx,ry,state,tick) : 52,302 7 37,967 6,262 284,843 b6 i298483377
19761,3 rx src=FPKEAECEOPE len=24 F5 03 18 00 02 F9 0D C0 01 0E 0A 02 A1 04 03 5C 03 C0 01 08 01 04 07 08 
19768,9 rx src=FPKEAECEOPE len=24 F5 03 18 00 04 E6 05 C0 01 1F 04 07 7D 01 06 DC 0D C0 01 E4 08 01 75 01 
19773,4 rx src=FPKEAECEOPE len=14 F5 03 0E 00 01 4C 0D 40 03 59 02 21 DE 00 
19787,5 rx src=FPKEAECEOPE len=14 F5 03 0E 00 00 F5 0C C0 01 70 09 05 CC 06 
19794,1 tx hdr=0xF5 op=0x2D MOVE(x,y,z,rx,ry,state,tick) : 52,761 7 38,22 3,862 278,843 b6 i298483430
19807,3 rx src=FPKEAECEOPE len=24 F5 03 18 00 02 E5 0D C0 01 26 0A 05 A1 04 03 3B 03 C0 01 0E 01 04 07 08 
19819,5 rx src=FPKEAECEOPE len=14 F5 03 0E 00 04 E6 05 C0 01 FC 03 07 7D 01 
19826,7 rx src=FPKEAECEOPE len=14 F5 03 0E 00 01 4C 0D 40 03 59 02 22 DD 00 
19826,8 rx src=FPKEAECEOPE len=14 F5 03 0E 00 06 E4 0D C0 01 C4 08 01 75 01 
19831,2 rx src=FPKEAECEOPE len=14 F5 03 0E 00 00 13 0D C0 01 7D 09 04 CA 06 
19840,0 tx hdr=0xF5 op=0x2D MOVE(x,y,z,rx,ry,state,tick) : 53,187 7 38,526 2,062 269,393 b6 i298483476
19855,7 rx src=FPKEAECEOPE len=34 F5 03 22 00 02 CF 0D C0 01 3E 0A 06 A1 04 03 1A 03 C0 01 15 01 04 07 08 06 EC 0D C0 01 A5 08 01 75 01 
19871,5 rx src=FPKEAECEOPE len=24 F5 03 18 00 01 4C 0D 40 03 59 02 22 DD 00 04 E6 05 C0 01 D9 03 07 7D 01 
19886,6 rx src=FPKEAECEOPE len=12 F5 07 0C 00 33 00 0D 00 0A 00 00 28 
19887,7 rx src=FPKEAECEOPE len=14 F5 03 0E 00 00 30 0D C0 01 8E 09 02 C6 06 
19891,3 tx hdr=0xF5 op=0x2D MOVE(x,y,z,rx,ry,state,tick) : 53,418 7 38,924 0,712 263,243 b4 i298483527
19904,4 rx src=FPKEAECEOPE len=24 F5 03 18 00 02 BA 0D C0 01 55 0A 06 A1 04 04 E6 05 C0 01 B6 03 07 7D 01 
19917,6 rx src=FPKEAECEOPE len=24 F5 03 18 00 03 FA 02 C0 01 1B 01 04 07 08 06 F4 0D C0 01 85 08 01 75 01 
19932,8 rx src=FPKEAECEOPE len=14 F5 03 0E 00 01 4C 0D 40 03 59 02 22 DD 00 
19932,8 rx src=FPKEAECEOPE len=14 F5 03 0E 00 00 4B 0D C0 01 A1 09 01 BF 06 
19947,7 tx hdr=0xF5 op=0x2D MOVE(x,y,z,rx,ry,state,tick) : 53,524 7 39,376 0,562 261,443 b4 i298483583
19953,1 rx src=FPKEAECEOPE len=24 F5 03 18 00 02 A4 0D C0 01 6C 0A 06 A1 04 03 D9 02 C0 01 21 01 04 07 08 
19969,1 rx src=FPKEAECEOPE len=24 F5 03 18 00 04 E6 05 C0 01 93 03 07 7D 01 06 FC 0D C0 01 65 08 01 76 01 
19973,4 rx src=FPKEAECEOPE len=14 F5 03 0E 00 01 4C 0D 40 03 59 02 22 DD 00 
19985,8 rx src=FPKEAECEOPE len=14 F5 03 0E 00 00 5A 0D C0 01 BB 09 00 BB 04 
19989,2 tx hdr=0xF5 op=0x2D MOVE(x,y,z,rx,ry,state,tick) : 53,552 7 39,861 0,262 260,543 b4 i298483625
20001,6 rx src=FPKEAECEOPE len=24 F5 03 18 00 02 8E 0D C0 01 84 0A 06 A1 04 06 03 0E C0 01 46 08 00 76 01 
20018,1 rx src=FPKEAECEOPE len=14 F5 03 0E 00 03 B8 02 C0 01 27 01 04 07 08 
20018,1 rx src=FPKEAECEOPE len=14 F5 03 0E 00 04 E6 05 C0 01 70 03 06 7E 01 
20018,1 rx src=FPKEAECEOPE len=6 F5 02 06 00 07 00 
20035,5 rx src=FPKEAECEOPE len=14 F5 03 0E 00 01 4C 0D 40 03 59 02 22 DC 00 
20035,5 rx src=FPKEAECEOPE len=122 F5 0E 7A 00 07 00 1C 00 6B 72 69 73 73 5F 76 65 63 74 6F 72 00 4B 52 49 53 53 20 56 65 63 74 6F 72 00 00 00 01 00 00 00 17 00 62 65 72 65 74 74 61 39 32 00 42 65 72 65 74 74 61 20 39 32 00 01 00 01 00 00 00 44 00 73 68 6F 76 65 6C 00 D0 9B D0 BE D0 BF D0 B0 D1 82 D0 B0 00 02 00 01 00 00 
20035,5 rx src=FPKEAECEOPE len=13 F5 0A 0D 00 07 10 00 07 00 0A 00 00 00 
20058,8 tx hdr=0xF5 op=0x2D MOVE(x,y,z,rx,ry,state,tick) : 53,52 7 40,362 359,662 257,093 b4 i298483694
20089,8 tx hdr=0xF5 op=0x2D MOVE(x,y,z,rx,ry,state,tick) : 53,449 7 40,872 359,662 255,893 b4 i298483725
20106,8 rx src=FPKEAECEOPE len=14 F5 03 0E 00 07 20 04 C0 01 A0 02 2E 00 00 
20106,8 rx src=FPKEAECEOPE len=14 F5 03 0E 00 00 61 0D C0 01 D8 09 00 B9 04 
20106,9 rx src=FPKEAECEOPE len=34 F5 03 22 00 02 78 0D C0 01 9B 0A 06 A1 04 03 98 02 C0 01 2E 01 04 07 08 04 E6 05 C0 01 4D 03 05 7E 01 
20106,9 rx src=FPKEAECEOPE len=14 F5 03 0E 00 01 4C 0D 40 03 59 02 23 D5 00 
20106,9 rx src=FPKEAECEOPE len=24 F5 03 18 00 00 63 0D C0 01 F7 09 00 B9 04 06 0B 0E C0 01 26 08 00 76 01 
20106,9 rx src=FPKEAECEOPE len=24 F5 03 18 00 02 62 0D C0 01 B2 0A 06 9F 04 03 84 02 C0 01 31 01 04 07 00 
20117,8 rx src=FPKEAECEOPE len=14 F5 03 0E 00 04 E6 05 C0 01 2A 03 05 7E 01 
20122,8 rx src=FPKEAECEOPE len=14 F5 03 0E 00 01 4C 0D 40 03 59 02 23 CE 00 
20135,8 rx src=FPKEAECEOPE len=14 F5 03 0E 00 06 13 0E C0 01 06 08 00 76 01 
20140,0 tx hdr=0xF5 op=0x2D MOVE(x,y,z,rx,ry,state,tick) : 53,348 7 41,386 359,662 254,543 b4 i298483776
20153,5 rx src=FPKEAECEOPE len=24 F5 03 18 00 02 4B 0D C0 01 C8 0A 06 9E 04 06 1A 0E C0 01 E6 07 00 76 01 
20170,1 rx src=FPKEAECEOPE len=24 F5 03 18 00 03 78 02 C0 01 34 01 04 07 00 04 E6 05 C0 01 06 03 05 7E 01 
20170,1 rx src=FPKEAECEOPE len=14 F5 03 0E 00 01 4C 0D 40 03 59 02 23 CB 00 
20188,7 rx src=FPKEAECEOPE len=14 F5 03 0E 00 00 61 0D C0 01 17 0A FF B6 04 
20199,5 tx hdr=0xF5 op=0x2D MOVE(x,y,z,rx,ry,state,tick) : 53,39 7 41,886 359,812 253,043 b6 i298483835
20199,9 rx src=FPKEAECEOPE len=14 F5 03 0E 00 00 5C 0D C0 01 37 0A FF B5 04 
20204,1 rx src=FPKEAECEOPE len=24 F5 03 18 00 02 34 0D C0 01 DE 0A 06 9E 04 03 71 02 C0 01 35 01 04 07 00 
20218,8 rx src=FPKEAECEOPE len=14 F5 03 0E 00 04 E6 05 C0 01 E3 02 05 7E 01 
20221,3 rx src=FPKEAECEOPE len=14 F5 03 0E 00 01 4C 0D 40 03 59 02 22 C7 00 
20234,8 rx src=FPKEAECEOPE len=14 F5 03 0E 00 06 22 0E C0 01 C7 07 00 76 01 
20237,9 rx src=FPKEAECEOPE len=14 F5 03 0E 00 00 56 0D C0 01 58 0A FF B5 04 
20251,9 tx hdr=0xF5 op=0x2D MOVE(x,y,z,rx,ry,state,tick) : 53,511 7 42,378 0,112 251,543 b6 i298483888
20252,1 rx src=FPKEAECEOPE len=14 F5 03 0E 00 02 1D 0D C0 01 F4 0A 06 9E 04 
20268,1 rx src=FPKEAECEOPE len=24 F5 03 18 00 03 6D 02 C0 01 36 01 04 07 00 04 E6 05 C0 01 C0 02 05 7E 01 
20284,4 rx src=FPKEAECEOPE len=24 F5 03 18 00 01 4C 0D 40 03 59 02 22 C7 00 06 29 0E C0 01 A7 07 00 76 01 
20299,7 tx hdr=0xF5 op=0x2D MOVE(x,y,z,rx,ry,state,tick) : 53,674 7 42,87 0,562 249,743 b6 i298483935
20315,4 rx src=FPKEAECEOPE len=24 F5 03 18 00 02 05 0D C0 01 09 0B 07 99 04 03 77 02 C0 01 34 01 04 07 04 
20315,4 rx src=FPKEAECEOPE len=14 F5 03 0E 00 04 E6 05 C0 01 9D 02 05 7E 01 
20330,9 rx src=FPKEAECEOPE len=34 F5 03 22 00 00 58 0D C0 01 78 0A FF B3 06 01 4C 0D 40 03 59 02 23 C7 00 06 31 0E C0 01 87 07 00 76 01 
20345,1 tx hdr=0xF5 op=0x2D MOVE(x,y,z,rx,ry,state,tick) : 53,689 7 43,365 1,012 247,493 b4 i298483981
20352,6 rx src=FPKEAECEOPE len=14 F5 03 0E 00 02 F6 0C C0 01 16 0B 08 8E 00 
20366,9 rx src=FPKEAECEOPE len=24 F5 03 18 00 03 8B 02 C0 01 30 01 04 07 04 06 38 0E C0 01 67 07 00 76 01 
20373,8 rx src=FPKEAECEOPE len=14 F5 03 0E 00 01 4C 0D 40 03 59 02 23 C7 00 
20391,6 tx hdr=0xF5 op=0x2D MOVE(x,y,z,rx,ry,state,tick) : 53,608 7 43,858 1,312 245,243 b4 i298484027
20391,9 rx src=FPKEAECEOPE len=14 F5 03 0E 00 00 60 0D C0 01 98 0A 00 B2 06 
20407,2 rx src=FPKEAECEOPE len=34 F5 03 22 00 03 A3 02 C0 01 2B 01 04 07 04 04 E6 05 C0 01 7A 02 05 7E 01 06 3F 0E C0 01 47 07 00 76 01 
20424,5 rx src=FPKEAECEOPE len=14 F5 03 0E 00 00 6B 0D C0 01 B7 0A 00 B1 06 
20424,5 rx src=FPKEAECEOPE len=14 F5 03 0E 00 01 4C 0D 40 03 59 02 23 C7 00 
20440,4 tx hdr=0xF5 op=0x2D MOVE(x,y,z,rx,ry,state,tick) : 53,461 7 44,346 1,462 242,843 b4 i298484076
20440,7 rx src=FPKEAECEOPE len=12 F5 07 0C 00 33 00 0D 00 09 00 00 28 
20442,5 rx src=FPKEAECEOPE len=14 F5 03 0E 00 02 ED 0C C0 01 1D 0B 09 84 00 
20446,9 rx src=FPKEAECEOPE len=12 F5 34 0C 00 0D 81 CA 11 83 81 CA 11 
20460,5 rx src=FPKEAECEOPE len=34 F5 03 22 00 00 6C 0D C0 01 D7 0A 00 AF 04 02 E8 0C C0 01 21 0B 09 82 00 03 BF 02 C0 01 26 01 04 07 04 
20466,8 rx src=FPKEAECEOPE len=24 F5 03 18 00 04 E6 05 C0 01 56 02 05 7E 01 06 47 0E C0 01 28 07 00 76 01 
20476,6 rx src=FPKEAECEOPE len=14 F5 03 0E 00 01 4C 0D 40 03 59 02 23 C7 00 
20484,1 rx src=FPKEAECEOPE len=14 F5 03 0E 00 00 66 0D C0 01 F6 0A 00 AE 04 
20491,9 tx hdr=0xF5 op=0x2D MOVE(x,y,z,rx,ry,state,tick) : 53,372 7 44,639 1,462 240,143 b0 i298484143
20507,0 rx src=FPKEAECEOPE len=24 F5 03 18 00 02 E5 0C C0 01 24 0B 09 7D 00 03 DD 02 C0 01 20 01 04 07 04 
20517,2 rx src=FPKEAECEOPE len=14 F5 03 0E 00 04 E6 05 C0 01 33 02 05 7E 01 
20534,6 rx src=FPKEAECEOPE len=14 F5 03 0E 00 01 4C 0D 40 03 59 02 23 C7 00 
20534,6 rx src=FPKEAECEOPE len=14 F5 03 0E 00 00 5D 0D C0 01 16 0B 01 AC 04 
20539,2 tx hdr=0xF5 op=0x2D MOVE(x,y,z,rx,ry,state,tick) : 53,319 7 44,814 1,462 237,143 b0 i298484191
20569,0 rx src=FPKEAECEOPE len=34 F5 03 22 00 02 E3 0C C0 01 26 0B 09 7D 00 03 FC 02 C0 01 1A 01 04 07 04 04 E6 05 C0 01 10 02 05 7E 01 
20584,5 rx src=FPKEAECEOPE len=14 F5 03 0E 00 01 4C 0D 40 03 59 02 22 C7 00 
20584,5 rx src=FPKEAECEOPE len=14 F5 03 0E 00 06 4E 0E C0 01 08 07 00 77 01 
20588,2 rx src=FPKEAECEOPE len=13 F5 0A 0D 00 05 0D 00 07 00 0A 00 00 00 
20599,9 tx hdr=0xF5 op=0x2D MOVE(x,y,z,rx,ry,state,tick) : 53,287 7 44,92 1,462 234,743 b0 i298484251
20600,1 rx src=FPKEAECEOPE len=14 F5 03 0E 00 05 60 03 C0 01 A0 02 01 00 04 
20600,1 rx src=FPKEAECEOPE len=24 F5 03 18 00 02 E2 0C C0 01 27 0B 0A 7B 00 03 1C 03 C0 01 14 01 04 07 04 
20616,0 rx src=FPKEAECEOPE len=24 F5 03 18 00 00 57 0D C0 01 28 0B 01 AA 00 04 E6 05 C0 01 ED 01 05 7E 01 
20633,8 rx src=FPKEAECEOPE len=14 F5 03 0E 00 01 4C 0D 40 03 59 02 1E CB 00 
20633,8 rx src=FPKEAECEOPE len=14 F5 03 0E 00 00 54 0D C0 01 34 0B 01 A8 00 
20651,8 tx hdr=0xF5 op=0x2D MOVE(x,y,z,rx,ry,state,tick) : 53,268 7 44,983 1,462 234,293 b0 i298484303
20655,0 rx src=FPKEAECEOPE len=14 F5 03 0E 00 02 E1 0C C0 01 27 0B 0A 78 00 
20666,7 rx src=FPKEAECEOPE len=24 F5 03 18 00 03 3C 03 C0 01 0D 01 04 07 04 04 E6 05 C0 01 CA 01 05 7E 01 
20671,1 rx src=FPKEAECEOPE len=14 F5 03 0E 00 06 55 0E C0 01 E8 06 00 78 01 
20681,6 rx src=FPKEAECEOPE len=14 F5 03 0E 00 01 4C 0D 40 03 59 02 1B D2 00 
20698,3 tx hdr=0xF5 op=0x2D MOVE(x,y,z,rx,ry,state,tick) : 53,257 7 45,021 1,462 234,293 b0 i298484350
20750,0 tx hdr=0xF5 op=0x2D MOVE(x,y,z,rx,ry,state,tick) : 53,25 7 45,044 1,462 234,293 b0 i298484402
20766,5 rx src=FPKEAECEOPE len=24 F5 03 18 00 00 52 0D C0 01 3A 0B 01 A6 00 06 5B 0E C0 01 C8 06 00 78 01 
20766,6 rx src=FPKEAECEOPE len=24 F5 03 18 00 02 E1 0C C0 01 27 0B 0B 77 00 03 5C 03 C0 01 07 01 04 07 04 
20766,6 rx src=FPKEAECEOPE len=14 F5 03 0E 00 04 E6 05 C0 01 A7 01 05 7E 01 
20766,6 rx src=FPKEAECEOPE len=14 F5 03 0E 00 01 4C 0D 40 03 59 02 1A D4 00 
20766,6 rx src=FPKEAECEOPE len=14 F5 03 0E 00 06 61 0E C0 01 A8 06 00 78 01 
20766,6 rx src=FPKEAECEOPE len=24 F5 03 18 00 00 51 0D C0 01 3E 0B 01 A6 00 02 E1 0C C0 01 27 0B 0B 76 00 
20766,6 rx src=FPKEAECEOPE len=24 F5 03 18 00 03 7C 03 C0 01 01 01 04 07 04 04 E6 05 C0 01 83 01 05 7E 01 
20784,2 rx src=FPKEAECEOPE len=14 F5 03 0E 00 01 4C 0D 40 03 59 02 17 DA 00 
20800,6 tx hdr=0xF5 op=0x2D MOVE(x,y,z,rx,ry,state,tick) : 53,246 7 45,057 1,462 234,293 b0 i298484452
20818,1 rx src=FPKEAECEOPE len=34 F5 03 22 00 02 E1 0C C0 01 27 0B 0B 76 00 03 9D 03 C0 01 FB 00 04 07 04 04 E6 05 C0 01 60 01 05 7E 01 
20834,8 rx src=FPKEAECEOPE len=14 F5 03 0E 00 01 4C 0D 40 03 59 02 16 DB 00 
20851,3 tx hdr=0xF5 op=0x2D MOVE(x,y,z,rx,ry,state,tick) : 53,246 7 45,057 1,462 234,293 b0 i298484503
20851,4 rx src=FPKEAECEOPE len=14 F5 03 0E 00 06 68 0E C0 01 88 06 00 78 01 
20851,4 rx src=FPKEAECEOPE len=34 F5 03 22 00 02 E1 0C C0 01 27 0B 0B 76 00 03 BE 03 C0 01 F4 00 04 07 04 04 E6 05 C0 01 3D 01 05 7D 01 
20868,0 rx src=FPKEAECEOPE len=14 F5 03 0E 00 00 50 0D C0 01 41 0B 01 A6 00 
20873,4 rx src=FPKEAECEOPE len=24 F5 03 18 00 00 4F 0D C0 01 42 0B 01 A6 00 01 4C 0D 40 03 59 02 16 DB 00 
20890,3 tx hdr=0xF5 op=0x2D MOVE(x,y,z,rx,ry,state,tick) : 53,246 7 45,057 1,462 234,293 b0 i298484542
20890,6 rx src=FPKEAECEOPE len=14 F5 03 0E 00 06 6E 0E C0 01 68 06 00 78 01 
20901,4 rx src=FPKEAECEOPE len=24 F5 03 18 00 00 4F 0D C0 01 43 0B 01 A6 00 02 E1 0C C0 01 27 0B 0B 76 00 
20901,4 rx src=FPKEAECEOPE len=12 F5 07 0C 00 33 00 0E 00 0A 00 00 28 
20918,8 rx src=FPKEAECEOPE len=24 F5 03 18 00 03 DE 03 C0 01 EE 00 04 07 04 04 E6 05 C0 01 1A 01 04 7B 01 
20918,8 rx src=FPKEAECEOPE len=14 F5 03 0E 00 01 4C 0D 40 03 59 02 16 DB 00 
20939,0 rx src=FPKEAECEOPE len=14 F5 03 0E 00 06 73 0E C0 01 48 06 01 78 01 
20952,8 tx hdr=0xF5 op=0x2D MOVE(x,y,z,rx,ry,state,tick) : 53,246 7 45,057 1,462 234,293 b0 i298484604
20953,0 rx src=FPKEAECEOPE len=14 F5 03 0E 00 00 4F 0D C0 01 43 0B 01 A6 00 
20953,0 rx src=FPKEAECEOPE len=14 F5 03 0E 00 02 E1 0C C0 01 27 0B 0C 76 00 
20969,1 rx src=FPKEAECEOPE len=24 F5 03 18 00 03 FF 03 C0 01 E7 00 04 07 04 04 E6 05 F8 01 F7 00 03 7A 11 
20969,1 rx src=FPKEAECEOPE len=14 F5 03 0E 00 01 4C 0D 40 03 59 02 16 DB 00 
20969,1 rx src=FPKEAECEOPE len=6 F5 0F 06 00 05 00 
20989,0 rx src=FPKEAECEOPE len=14 F5 03 0E 00 05 60 03 C0 01 A0 02 07 00 00 
21000,8 tx hdr=0xF5 op=0x2D MOVE(x,y,z,rx,ry,state,tick) : 53,246 7 45,057 1,462 234,293 b0 i298484652
21001,0 rx src=FPKEAECEOPE len=24 F5 03 18 00 00 4F 0D C0 01 43 0B 01 A6 00 06 79 0E C0 01 27 06 01 78 01 
21001,0 rx src=FPKEAECEOPE len=14 F5 03 0E 00 02 E1 0C C0 01 27 0B 0D 83 00 
21017,4 rx src=FPKEAECEOPE len=24 F5 03 18 00 03 1F 04 C0 01 E1 00 04 07 04 04 E6 05 21 02 F7 00 02 78 11 
21020,9 rx src=FPKEAECEOPE len=14 F5 03 0E 00 01 4C 0D 40 03 59 02 16 DB 00 
21051,0 tx hdr=0xF5 op=0x2D MOVE(x,y,z,rx,ry,state,tick) : 53,246 7 45,057 1,462 234,293 b0 i298484703
21051,2 rx src=FPKEAECEOPE len=14 F5 03 0E 00 00 4F 0D C0 01 43 0B 01 A6 00 
21051,2 rx src=FPKEAECEOPE len=14 F5 03 0E 00 06 7F 0E C0 01 07 06 01 78 01 
21066,4 rx src=FPKEAECEOPE len=44 F5 03 2C 00 02 E1 0C C0 01 27 0B 0D 8A 00 03 40 04 C0 01 DB 00 04 07 04 04 E6 05 3A 02 F7 00 02 77 11 05 60 03 C0 01 A0 02 07 00 00 
21082,9 rx src=FPKEAECEOPE len=14 F5 03 0E 00 01 4C 0D 40 03 59 02 18 D2 00 
21099,1 tx hdr=0xF5 op=0x2D MOVE(x,y,z,rx,ry,state,tick) : 53,246 7 45,057 1,462 234,293 b0 i298484751
21099,3 rx src=FPKEAECEOPE len=24 F5 03 18 00 00 4F 0D C0 01 43 0B 01 A6 00 06 85 0E C0 01 E7 05 01 78 01 
21115,6 rx src=FPKEAECEOPE len=44 F5 03 2C 00 02 E1 0C C0 01 27 0B 0D A0 00 03 61 04 C0 01 D4 00 04 08 04 04 E6 05 45 02 F7 00 02 76 11 05 60 03 C0 01 A0 02 07 00 00 
21132,6 rx src=FPKEAECEOPE len=14 F5 03 0E 00 01 4C 0D 40 03 59 02 18 CD 00 
21148,5 tx hdr=0xF5 op=0x2D MOVE(x,y,z,rx,ry,state,tick) : 53,246 7 45,057 1,462 234,293 b0 i298484800
21148,8 rx src=FPKEAECEOPE len=24 F5 03 18 00 00 4F 0D C0 01 43 0B 01 A6 00 06 8A 0E 00 02 C7 05 01 78 01 
21165,1 rx src=FPKEAECEOPE len=44 F5 03 2C 00 02 E1 0C C0 01 27 0B 0D AE 00 03 81 04 C0 01 CD 00 04 0A 04 04 E6 05 40 02 D4 00 03 72 11 05 60 03 C0 01 A0 02 07 00 00 
21181,5 rx src=FPKEAECEOPE len=14 F5 03 0E 00 01 4C 0D 40 03 59 02 17 CA 00 
21186,3 rx src=FPKEAECEOPE len=14 F5 03 0E 00 06 90 0E 00 02 A7 05 01 78 01 
21198,5 tx hdr=0xF5 op=0x2D MOVE(x,y,z,rx,ry,state,tick) : 53,246 7 45,057 1,462 234,293 b0 i298484850
21203,5 rx src=FPKEAECEOPE len=34 F5 03 22 00 00 4F 0D C0 01 43 0B 01 A6 00 02 E1 0C C0 01 27 0B 0D AE 00 05 60 03 C0 01 A0 02 07 00 00 
21216,9 rx src=FPKEAECEOPE len=24 F5 03 18 00 03 A1 04 C0 01 C3 00 03 0E 04 04 E6 05 40 02 B1 00 04 6E 01 
21233,2 rx src=FPKEAECEOPE len=14 F5 03 0E 00 01 4C 0D 40 03 59 02 17 C9 00 
21233,2 rx src=FPKEAECEOPE len=14 F5 03 0E 00 06 95 0E 40 02 87 05 01 79 01 
21249,5 tx hdr=0xF5 op=0x2D MOVE(x,y,z,rx,ry,state,tick) : 53,246 7 45,057 1,462 234,293 b0 i298484901
21249,7 rx src=FPKEAECEOPE len=14 F5 03 0E 00 00 4F 0D C0 01 43 0B 01 A6 00 
21265,9 rx src=FPKEAECEOPE len=14 F5 03 0E 00 02 E1 0C C0 01 27 0B 0D B0 00 
21265,9 rx src=FPKEAECEOPE len=24 F5 03 18 00 03 C0 04 C0 01 B9 00 03 0F 04 04 E6 05 80 02 8F 00 04 6C 01 
21270,0 rx src=FPKEAECEOPE len=24 F5 03 18 00 01 4C 0D 40 03 59 02 17 C8 00 05 60 03 C0 01 A0 02 07 00 00 
21298,7 tx hdr=0xF5 op=0x2D MOVE(x,y,z,rx,ry,state,tick) : 53,246 7 45,057 1,462 234,293 b0 i298484950
21299,0 rx src=FPKEAECEOPE len=24 F5 03 18 00 00 4F 0D C0 01 43 0B 01 A6 00 06 9B 0E 40 02 66 05 03 79 01 
21299,0 rx src=FPKEAECEOPE len=6 F5 0F 06 00 07 00 
21315,5 rx src=FPKEAECEOPE len=34 F5 03 22 00 02 E1 0C C0 01 27 0B 0C B1 00 03 E0 04 C0 01 AD 00 03 0F 04 04 E6 05 80 02 6F 00 05 69 01 
21315,5 rx src=FPKEAECEOPE len=14 F5 03 0E 00 05 60 03 C0 01 A0 02 07 FF 00 
21331,8 rx src=FPKEAECEOPE len=14 F5 03 0E 00 01 4C 0D 40 03 59 02 17 C8 00 
21336,3 rx src=FPKEAECEOPE len=14 F5 03 0E 00 06 A0 0E 80 02 46 05 04 79 01 
21349,1 tx hdr=0xF5 op=0x2D MOVE(x,y,z,rx,ry,state,tick) : 53,246 7 45,057 1,462 234,293 b0 i298485001
21349,3 rx src=FPKEAECEOPE len=14 F5 03 0E 00 00 4F 0D C0 01 43 0B 01 A6 00 
21354,1 rx src=FPKEAECEOPE len=14 F5 03 0E 00 02 E1 0C C0 01 27 0B 0B B3 00 
21397,8 tx hdr=0xF5 op=0x2D MOVE(x,y,z,rx,ry,state,tick) : 53,246 7 45,057 1,462 234,293 b0 i298485049
21432,9 rx src=FPKEAECEOPE len=34 F5 03 22 00 03 E0 04 C0 01 A2 00 03 0F 04 04 E6 05 80 02 51 00 05 65 01 05 60 03 C0 01 A0 02 07 FE 00 
21432,9 rx src=FPKEAECEOPE len=14 F5 03 0E 00 01 4C 0D 40 03 59 02 17 C8 00 
21432,9 rx src=FPKEAECEOPE len=24 F5 03 18 00 00 4F 0D C0 01 43 0B 01 A6 00 06 A5 0E 80 02 26 05 05 79 01 
21432,9 rx src=FPKEAECEOPE len=34 F5 03 22 00 02 E1 0C C0 01 27 0B 09 B7 00 03 E0 04 C0 01 9B 00 04 04 00 04 E6 05 80 02 34 00 05 63 01 
21432,9 rx src=FPKEAECEOPE len=14 F5 03 0E 00 05 60 03 C0 01 A0 02 08 FE 00 
21432,9 rx src=FPKEAECEOPE len=12 F5 07 0C 00 33 00 0E 00 09 00 00 28 
21436,6 rx src=FPKEAECEOPE len=14 F5 03 0E 00 01 4C 0D 40 03 59 02 17 C8 00 
21449,9 tx hdr=0xF5 op=0x2D MOVE(x,y,z,rx,ry,state,tick) : 53,246 7 45,057 1,462 234,293 b0 i298485101
21450,0 rx src=FPKEAECEOPE len=14 F5 03 0E 00 06 AA 0E 80 02 06 05 06 79 01 
21450,1 rx src=FPKEAECEOPE len=24 F5 03 18 00 05 60 03 C0 01 A0 02 08 FD 00 07 20 04 C0 01 A0 02 00 00 00 
21465,6 rx src=FPKEAECEOPE len=34 F5 03 22 00 02 E1 0C C0 01 27 0B 08 B8 00 03 E0 04 C0 01 97 00 03 FA 00 04 E6 05 B8 02 20 00 05 62 11 
21479,6 rx src=FPKEAECEOPE len=14 F5 03 0E 00 01 4C 0D 40 03 59 02 17 C8 00 
21495,1 tx hdr=0xF5 op=0x2D MOVE(x,y,z,rx,ry,state,tick) : 53,246 7 45,057 1,462 234,293 b0 i298485147
21495,4 rx src=FPKEAECEOPE len=24 F5 03 18 00 05 60 03 C0 01 A0 02 07 FD 00 06 AF 0E 80 02 E6 04 07 79 01 
21509,5 rx src=FPKEAECEOPE len=34 F5 03 22 00 02 E1 0C C0 01 27 0B 08 B8 00 03 E0 04 C0 01 94 00 03 F7 00 04 E6 05 E1 02 20 00 05 61 11 
21522,7 rx src=FPKEAECEOPE len=14 F5 03 0E 00 01 4C 0D 40 03 59 02 17 C8 00 
21522,7 rx src=FPKEAECEOPE len=12 F5 34 0C 00 09 85 CA 11 B3 85 CA 11 
21530,1 rx src=FPKEAECEOPE len=14 F5 03 0E 00 00 4F 0D C0 01 43 0B 01 A6 00 
21535,4 rx src=FPKEAECEOPE len=24 F5 03 18 00 00 4F 0D C0 01 43 0B 01 A6 00 06 B4 0E 80 02 C5 04 09 79 01 
21546,2 tx hdr=0xF5 op=0x2D MOVE(x,y,z,rx,ry,state,tick) : 53,246 7 45,057 1,462 234,293 b0 i298485194
21546,5 rx src=FPKEAECEOPE len=14 F5 03 0E 00 00 4F 0D C0 01 43 0B 01 A6 00 
21562,7 rx src=FPKEAECEOPE len=14 F5 03 0E 00 05 60 03 C0 01 AC 02 06 00 01 
21562,7 rx src=FPKEAECEOPE len=34 F5 03 22 00 02 E1 0C C0 01 27 0B 07 B6 00 03 E4 04 C0 01 93 00 03 F7 00 04 E6 05 FA 02 20 00 06 5E 11 
21576,2 rx src=FPKEAECEOPE len=24 F5 03 18 00 01 4C 0D 40 03 59 02 17 C8 00 07 20 04 C0 01 A0 02 00 00 00 
21582,2 rx src=FPKEAECEOPE len=14 F5 03 0E 00 05 61 03 C0 01 AC 02 05 04 01 
21593,1 tx hdr=0xF5 op=0x2D MOVE(x,y,z,rx,ry,state,tick) : 53,246 7 45,057 1,462 234,293 b0 i298485241
21593,4 rx src=FPKEAECEOPE len=24 F5 03 18 00 00 4F 0D C0 01 43 0B 01 A6 00 06 B9 0E 80 02 A5 04 0A 79 01 
21610,4 rx src=FPKEAECEOPE len=34 F5 03 22 00 02 E1 0C C0 01 27 0B 06 B5 00 03 E4 04 C0 01 92 00 03 F7 00 04 E6 05 05 03 20 00 08 56 11 
21627,1 rx src=FPKEAECEOPE len=14 F5 03 0E 00 01 4C 0D 40 03 59 02 0F CD 00 
21632,4 rx src=FPKEAECEOPE len=14 F5 03 0E 00 07 20 04 C0 01 A0 02 00 00 00 
21642,2 tx hdr=0xF5 op=0x2D MOVE(x,y,z,rx,ry,state,tick) : 53,246 7 45,057 1,462 234,293 b0 i298485290
21642,5 rx src=FPKEAECEOPE len=24 F5 03 18 00 00 4F 0D C0 01 43 0B 01 A6 00 06 BE 0E 80 02 85 04 0A 79 01 
21658,3 rx src=FPKEAECEOPE len=34 F5 03 22 00 02 E1 0C C0 01 27 0B 06 B4 00 03 E5 04 C0 01 91 00 03 F7 00 04 FA 05 00 03 20 00 0B 48 11 
21665,0 rx src=FPKEAECEOPE len=14 F5 03 0E 00 05 62 03 C0 01 AC 02 05 07 01 
21675,1 rx src=FPKEAECEOPE len=14 F5 03 0E 00 01 4C 0D 40 03 59 02 0B D2 00 
21681,9 rx src=FPKEAECEOPE len=14 F5 03 0E 00 07 20 04 C0 01 A0 02 00 00 00 
21694,0 tx hdr=0xF5 op=0x2D MOVE(x,y,z,rx,ry,state,tick) : 53,246 7 45,057 1,462 234,293 b0 i298485342
21694,3 rx src=FPKEAECEOPE len=24 F5 03 18 00 00 4F 0D C0 01 43 0B 01 A6 00 05 59 03 C0 01 AB 02 04 0B 09 
21694,3 rx src=FPKEAECEOPE len=14 F5 03 0E 00 06 C3 0E 80 02 65 04 0A 79 01 
21713,0 rx src=FPKEAECEOPE len=34 F5 03 22 00 02 E1 0C C0 01 27 0B 06 B3 00 03 E5 04 C0 01 91 00 03 F7 00 04 0F 06 00 03 20 00 0E 36 00 
21731,1 rx src=FPKEAECEOPE len=14 F5 03 0E 00 01 4C 0D 40 03 59 02 0A D2 00 
21734,1 rx src=FPKEAECEOPE len=34 F5 03 22 00 00 4F 0D C0 01 43 0B 01 A6 00 05 5B 03 C0 01 AB 02 03 11 09 06 C8 0E 80 02 44 04 0A 79 01 
21747,0 tx hdr=0xF5 op=0x2D MOVE(x,y,z,rx,ry,state,tick) : 53,246 7 45,057 1,462 234,293 b0 i298485395
21763,6 rx src=FPKEAECEOPE len=14 F5 03 0E 00 07 20 04 C0 01 A0 02 00 00 00 
21763,6 rx src=FPKEAECEOPE len=34 F5 03 22 00 02 E1 0C C0 01 27 0B 06 B3 00 03 E5 04 C0 01 91 00 03 F7 00 04 1B 06 00 03 20 00 13 1B 00 
21779,9 rx src=FPKEAECEOPE len=14 F5 03 0E 00 01 4C 0D 40 03 59 02 07 D5 00 
21779,9 rx src=FPKEAECEOPE len=14 F5 03 0E 00 06 CD 0E 80 02 24 04 0A 79 01 
21797,8 tx hdr=0xF5 op=0x2D MOVE(x,y,z,rx,ry,state,tick) : 53,246 7 45,057 1,462 234,293 b0 i298485446
21798,3 rx src=FPKEAECEOPE len=14 F5 03 0E 00 00 4F 0D C0 01 43 0B 01 A6 00 
21802,3 rx src=FPKEAECEOPE len=24 F5 03 18 00 05 5C 03 C0 01 AC 02 03 14 09 07 20 04 C0 01 A0 02 00 00 00 
21802,3 rx src=FPKEAECEOPE len=34 F5 03 22 00 02 E1 0C C0 01 27 0B 06 B3 00 03 E5 04 C0 01 91 00 03 F7 00 04 22 06 00 03 20 00 13 0B 00 
21830,5 rx src=FPKEAECEOPE len=14 F5 03 0E 00 01 4C 0D 40 03 59 02 05 D6 00 
21830,5 rx src=FPKEAECEOPE len=14 F5 03 0E 00 06 D2 0E 80 02 04 04 0A 79 01 
21830,5 rx src=FPKEAECEOPE len=24 F5 03 18 00 05 56 03 C0 01 BF 02 03 14 09 07 20 04 C0 01 A0 02 00 00 00 
21848,8 tx hdr=0xF5 op=0x2D MOVE(x,y,z,rx,ry,state,tick) : 53,246 7 45,057 1,462 234,293 b0 i298485497
21849,1 rx src=FPKEAECEOPE len=14 F5 03 0E 00 00 4F 0D C0 01 43 0B 01 A6 00 
21864,0 rx src=FPKEAECEOPE len=34 F5 03 22 00 02 E1 0C C0 01 27 0B 06 B3 00 03 E5 04 C0 01 91 00 03 F7 00 04 27 06 00 03 20 00 13 07 00 
21881,2 rx src=FPKEAECEOPE len=14 F5 03 0E 00 01 4C 0D 40 03 59 02 05 D6 00 
21881,2 rx src=FPKEAECEOPE len=14 F5 03 0E 00 06 D8 0E 80 02 E4 03 0A 79 01 
21881,3 rx src=FPKEAECEOPE len=14 F5 03 0E 00 05 50 03 C0 01 D8 02 03 15 09 
21897,2 tx hdr=0xF5 op=0x2D MOVE(x,y,z,rx,ry,state,tick) : 53,246 7 45,057 1,462 234,293 b0 i298485545
21897,5 rx src=FPKEAECEOPE len=24 F5 03 18 00 00 4F 0D C0 01 43 0B 01 A6 00 07 20 04 C0 01 A0 02 00 00 00 
21913,6 rx src=FPKEAECEOPE len=34 F5 03 22 00 02 E1 0C C0 01 27 0B 06 B3 00 03 E5 04 C0 01 91 00 03 F8 00 04 29 06 00 03 20 00 13 05 00 
21930,5 rx src=FPKEAECEOPE len=14 F5 03 0E 00 01 4C 0D 40 03 59 02 05 D6 00 
21930,5 rx src=FPKEAECEOPE len=14 F5 03 0E 00 06 DD 0E 40 02 C3 03 0A 79 11 
21930,5 rx src=FPKEAECEOPE len=14 F5 03 0E 00 07 20 04 C0 01 A0 02 00 00 00 
21947,0 tx hdr=0xF5 op=0x2D MOVE(x,y,z,rx,ry,state,tick) : 53,246 7 45,057 1,462 234,293 b0 i298485595
21947,3 rx src=FPKEAECEOPE len=14 F5 03 0E 00 00 4F 0D C0 01 43 0B 01 A6 00 
21947,3 rx src=FPKEAECEOPE len=12 F5 07 0C 00 33 00 0F 00 0A 00 00 28 
21953,7 rx src=FPKEAECEOPE len=34 F5 03 22 00 02 E1 0C C0 01 27 0B 06 B3 00 03 E5 04 C0 01 91 00 03 F8 00 04 2B 06 00 03 20 00 13 05 00 
21964,5 rx src=FPKEAECEOPE len=14 F5 03 0E 00 05 49 03 C0 01 F2 02 02 15 09 
21980,7 rx src=FPKEAECEOPE len=14 F5 03 0E 00 01 4C 0D 40 03 59 02 05 D6 00 
21980,8 rx src=FPKEAECEOPE len=14 F5 03 0E 00 06 E2 0E 40 02 A3 03 0A 79 01 
21980,8 rx src=FPKEAECEOPE len=14 F5 03 0E 00 05 41 03 C0 01 0F 03 02 16 09 
21997,1 tx hdr=0xF5 op=0x2D MOVE(x,y,z,rx,ry,state,tick) : 53,246 7 45,057 1,462 234,293 b0 i298485645
21997,5 rx src=FPKEAECEOPE len=24 F5 03 18 00 00 4F 0D C0 01 43 0B 01 A6 00 07 20 04 C0 01 A0 02 00 00 00 
22013,7 rx src=FPKEAECEOPE len=34 F5 03 22 00 02 E1 0C C0 01 27 0B 06 B3 00 03 E5 04 C0 01 91 00 03 F8 00 04 2C 06 00 03 20 00 13 05 00 
22045,9 tx hdr=0xF5 op=0x2D MOVE(x,y,z,rx,ry,state,tick) : 53,246 7 45,057 1,462 234,293 b0 i298485694
22085,2 rx src=FPKEAECEOPE len=14 F5 03 0E 00 01 4C 0D 40 03 59 02 05 D6 00 
22085,3 rx src=FPKEAECEOPE len=14 F5 03 0E 00 07 20 04 C0 01 A0 02 00 00 00 
22085,3 rx src=FPKEAECEOPE len=24 F5 03 18 00 05 3A 03 C0 01 2D 03 02 16 09 06 E7 0E 40 02 83 03 0B 79 01 
22085,3 rx src=FPKEAECEOPE len=14 F5 03 0E 00 00 4F 0D C0 01 43 0B 01 A6 00 
22085,3 rx src=FPKEAECEOPE len=34 F5 03 22 00 02 E1 0C C0 01 27 0B 06 B3 00 03 D8 04 C0 01 8E 00 03 F8 08 04 2C 06 00 03 20 00 13 06 00 
22085,3 rx src=FPKEAECEOPE len=14 F5 03 0E 00 01 4C 0D 40 03 59 02 05 D6 00 
22085,3 rx src=FPKEAECEOPE len=24 F5 03 18 00 05 32 03 C0 01 4B 03 02 16 09 06 EC 0E 40 02 63 03 0D 79 01 
22085,3 rx src=FPKEAECEOPE len=14 F5 03 0E 00 07 20 04 C0 01 A0 02 00 FD 00 
22096,8 tx hdr=0xF5 op=0x2D MOVE(x,y,z,rx,ry,state,tick) : 53,246 7 45,057 1,462 234,293 b0 i298485745
22097,1 rx src=FPKEAECEOPE len=14 F5 03 0E 00 00 4F 0D C0 01 43 0B 01 A6 00 
22113,3 rx src=FPKEAECEOPE len=34 F5 03 22 00 02 E1 0C C0 01 27 0B 06 B3 00 03 C3 04 C0 01 8A 00 03 F8 08 04 2C 06 00 03 20 00 12 07 00 
22129,9 rx src=FPKEAECEOPE len=14 F5 03 0E 00 01 4C 0D 40 03 59 02 06 D1 00 
22146,0 tx hdr=0xF5 op=0x2D MOVE(x,y,z,rx,ry,state,tick) : 53,246 7 45,057 1,462 234,293 b0 i298485794
22146,2 rx src=FPKEAECEOPE len=34 F5 03 22 00 05 2B 03 C0 01 69 03 02 16 09 06 F1 0E 40 02 42 03 0D 79 01 07 20 04 C0 01 A0 02 02 EF 00 
22162,5 rx src=FPKEAECEOPE len=24 F5 03 18 00 02 E1 0C C0 01 27 0B 06 B3 00 03 AA 04 C0 01 85 00 03 F8 08 
22179,4 rx src=FPKEAECEOPE len=24 F5 03 18 00 01 4C 0D 40 03 59 02 06 CF 00 04 2C 06 00 03 20 00 11 09 00 
22183,6 rx src=FPKEAECEOPE len=34 F5 03 22 00 00 4F 0D C0 01 43 0B 01 A6 00 05 23 03 C0 01 88 03 02 16 09 06 F6 0E 40 02 22 03 0D 79 01 
22194,8 tx hdr=0xF5 op=0x2D MOVE(x,y,z,rx,ry,state,tick) : 53,246 7 45,057 1,462 234,293 b0 i298485843
22195,1 rx src=FPKEAECEOPE len=24 F5 03 18 00 00 4F 0D C0 01 43 0B 01 A6 00 07 20 04 C0 01 A0 02 05 E2 00 
22211,7 rx src=FPKEAECEOPE len=24 F5 03 18 00 02 E1 0C C0 01 27 0B 06 B3 00 03 AA 04 C0 01 81 00 02 FB 08 
22229,5 rx src=FPKEAECEOPE len=14 F5 03 0E 00 04 2C 06 00 03 20 00 11 0A 00 
22229,5 rx src=FPKEAECEOPE len=14 F5 03 0E 00 01 4C 0D 40 03 59 02 06 CE 00 
22234,1 rx src=FPKEAECEOPE len=14 F5 03 0E 00 06 FB 0E 40 02 02 03 0D 79 01 
22234,1 rx src=FPKEAECEOPE len=14 F5 03 0E 00 05 1C 03 C0 01 A7 03 02 16 09 
22245,9 tx hdr=0xF5 op=0x2D MOVE(x,y,z,rx,ry,state,tick) : 53,246 7 45,057 1,462 234,293 b0 i298485894
22246,2 rx src=FPKEAECEOPE len=24 F5 03 18 00 00 4F 0D C0 01 43 0B 01 A6 00 07 20 04 C0 01 A0 02 05 E2 00 
22261,7 rx src=FPKEAECEOPE len=14 F5 03 0E 00 02 E1 0C C0 01 27 0B 06 B3 00 
22261,7 rx src=FPKEAECEOPE len=24 F5 03 18 00 03 AA 04 C0 01 7E 00 00 00 08 04 2C 06 00 03 20 00 10 0C 00 
22277,7 rx src=FPKEAECEOPE len=14 F5 03 0E 00 01 4C 0D 40 03 59 02 06 CC 00 
22277,7 rx src=FPKEAECEOPE len=14 F5 03 0E 00 06 00 0F 40 02 E2 02 0D 79 01 
22281,6 rx src=FPKEAECEOPE len=14 F5 03 0E 00 05 15 03 C0 01 C6 03 02 1A 09 
22295,2 tx hdr=0xF5 op=0x2D MOVE(x,y,z,rx,ry,state,tick) : 53,246 7 45,057 1,462 234,293 b0 i298485943
22295,8 rx src=FPKEAECEOPE len=24 F5 03 18 00 00 4F 0D C0 01 43 0B 01 A6 00 07 20 04 C0 01 A0 02 05 E2 00 
22311,3 rx src=FPKEAECEOPE len=24 F5 03 18 00 02 E1 0C C0 01 27 0B 06 B3 00 03 AA 04 C0 01 7E 00 FF 04 08 
22315,3 rx src=FPKEAECEOPE len=14 F5 03 0E 00 04 2C 06 00 03 20 00 10 0D 00 
22327,8 rx src=FPKEAECEOPE len=14 F5 03 0E 00 01 4C 0D 40 03 59 02 06 CB 00 
22344,6 tx hdr=0xF5 op=0x2D MOVE(x,y,z,rx,ry,state,tick) : 53,246 7 45,057 1,462 234,293 b0 i298485992
22345,0 rx src=FPKEAECEOPE len=34 F5 03 22 00 00 4F 0D C0 01 43 0B 01 A6 00 06 06 0F 40 02 C1 02 0D 79 01 07 16 04 C0 01 AA 02 05 E2 01 
22361,8 rx src=FPKEAECEOPE len=14 F5 03 0E 00 02 E1 0C C0 01 27 0B 06 B3 00 
22361,8 rx src=FPKEAECEOPE len=34 F5 03 22 00 03 AA 04 C0 01 80 00 FE 05 08 04 2C 06 00 03 20 00 10 0D 00 05 10 03 C0 01 E6 03 02 1B 09 
22377,6 rx src=FPKEAECEOPE len=14 F5 03 0E 00 01 4C 0D 40 03 59 02 05 CB 00 
22377,6 rx src=FPKEAECEOPE len=14 F5 03 0E 00 06 0B 0F 40 02 A1 02 0D 79 01 
22381,9 rx src=FPKEAECEOPE len=24 F5 03 18 00 05 0C 03 C0 01 05 04 02 1D 09 07 07 04 C0 01 BA 02 05 E2 01 
22396,3 tx hdr=0xF5 op=0x2D MOVE(x,y,z,rx,ry,state,tick) : 53,246 7 45,057 1,462 234,293 b0 i298486044
22396,8 rx src=FPKEAECEOPE len=14 F5 03 0E 00 00 4F 0D C0 01 43 0B 01 A6 00 
22413,6 rx src=FPKEAECEOPE len=14 F5 03 0E 00 02 E1 0C C0 01 27 0B 06 B3 00 
22413,6 rx src=FPKEAECEOPE len=14 F5 03 0E 00 04 2C 06 00 03 20 00 10 0D 00 
22430,0 rx src=FPKEAECEOPE len=14 F5 03 0E 00 01 4C 0D 40 03 59 02 05 CB 00 
22430,0 rx src=FPKEAECEOPE len=34 F5 03 22 00 03 AA 04 C0 01 83 00 FE 07 08 06 10 0F 40 02 81 02 0E 79 01 07 F5 03 C0 01 CE 02 05 E2 01 
22435,1 rx src=FPKEAECEOPE len=14 F5 03 0E 00 05 09 03 C0 01 25 04 02 1D 09 
22435,2 rx src=FPKEAECEOPE len=12 F5 34 0C 00 E8 88 CA 11 44 89 CA 11 
22446,5 tx hdr=0xF5 op=0x2D MOVE(x,y,z,rx,ry,state,tick) : 53,246 7 45,057 1,462 234,293 b0 i298486095
22446,8 rx src=FPKEAECEOPE len=14 F5 03 0E 00 00 4F 0D C0 01 43 0B 01 A6 00 
22464,0 rx src=FPKEAECEOPE len=14 F5 03 0E 00 03 AA 04 C0 01 8A 00 FD 0E 08 
22464,0 rx src=FPKEAECEOPE len=24 F5 03 18 00 02 E1 0C C0 01 27 0B 06 B3 00 04 2C 06 00 03 20 00 10 0E 00 
22480,2 rx src=FPKEAECEOPE len=14 F5 03 0E 00 01 4C 0D 40 03 59 02 05 CB 00 
22480,2 rx src=FPKEAECEOPE len=14 F5 03 0E 00 06 14 0F 40 02 61 02 0F 7C 01 
22480,2 rx src=FPKEAECEOPE len=14 F5 03 0E 00 05 07 03 C0 01 45 04 03 1E 09 
22494,6 tx hdr=0xF5 op=0x2D MOVE(x,y,z,rx,ry,state,tick) : 53,246 7 45,057 1,462 234,293 b0 i298486143
22494,9 rx src=FPKEAECEOPE len=24 F5 03 18 00 00 4F 0D C0 01 43 0B 01 A6 00 07 E2 03 C0 01 E5 02 04 E4 01 
22510,6 rx src=FPKEAECEOPE len=24 F5 03 18 00 02 E1 0C C0 01 27 0B 06 B3 00 04 2C 06 00 03 20 00 10 11 00 
22527,0 rx src=FPKEAECEOPE len=24 F5 03 18 00 01 4C 0D 40 03 59 02 05 CB 00 03 AA 04 C0 01 96 00 FD 1B 08 
22531,2 rx src=FPKEAECEOPE len=24 F5 03 18 00 05 05 03 C0 01 65 04 03 1E 09 07 CF 03 C0 01 FF 02 02 EA 01 
22545,8 tx hdr=0xF5 op=0x2D MOVE(x,y,z,rx,ry,state,tick) : 53,246 7 45,057 1,462 234,293 b0 i298486194
22546,1 rx src=FPKEAECEOPE len=24 F5 03 18 00 00 4F 0D C0 01 43 0B 01 A6 00 06 15 0F 40 02 40 02 13 84 01 
22546,1 rx src=FPKEAECEOPE len=12 F5 07 0C 00 33 00 0F 00 09 00 00 28 
22561,8 rx src=FPKEAECEOPE len=14 F5 03 0E 00 03 8E 04 C0 01 A7 00 FD 1E 08 
22567,0 rx src=FPKEAECEOPE len=24 F5 03 18 00 02 E1 0C C0 01 27 0B 06 B3 00 04 2C 06 00 03 20 00 10 11 00 
22576,4 rx src=FPKEAECEOPE len=14 F5 03 0E 00 01 4C 0D 40 03 59 02 05 CB 00 
22581,4 rx src=FPKEAECEOPE len=34 F5 03 22 00 05 04 03 C0 01 85 04 03 1F 09 06 13 0F 40 02 20 02 13 86 01 07 C0 03 C0 01 1B 03 FE F3 01 
22590,4 tx hdr=0xF5 op=0x2D MOVE(x,y,z,rx,ry,state,tick) : 53,246 7 45,057 1,462 234,293 b0 i298486239
22590,9 rx src=FPKEAECEOPE len=14 F5 03 0E 00 00 4F 0D C0 01 43 0B 01 A6 00 
22611,4 rx src=FPKEAECEOPE len=14 F5 03 0E 00 03 74 04 C0 01 BA 00 FD 1F 08 
22618,4 rx src=FPKEAECEOPE len=24 F5 03 18 00 02 E1 0C C0 01 27 0B 06 B3 00 04 2C 06 00 03 20 00 10 11 00 
22623,9 rx src=FPKEAECEOPE len=14 F5 03 0E 00 01 4C 0D 40 03 59 02 05 CB 00 
22633,3 rx src=FPKEAECEOPE len=14 F5 03 0E 00 07 B5 03 C0 01 3A 03 FC FA 01 
22637,5 rx src=FPKEAECEOPE len=14 F5 03 0E 00 05 03 03 C0 01 A5 04 03 1F 09 
22648,3 tx hdr=0xF5 op=0x2D MOVE(x,y,z,rx,ry,state,tick) : 53,246 7 45,057 1,462 234,293 b0 i298486297
22648,5 rx src=FPKEAECEOPE len=24 F5 03 18 00 00 4F 0D C0 01 43 0B 01 A6 00 06 10 0F 40 02 00 02 13 87 01 
22664,7 rx src=FPKEAECEOPE len=34 F5 03 22 00 02 E1 0C C0 01 27 0B 06 B3 00 03 64 04 C0 01 C5 00 FD 1F 00 04 2C 06 00 03 20 00 10 11 00 
22694,1 tx hdr=0xF5 op=0x2D MOVE(x,y,z,rx,ry,state,tick) : 53,246 7 45,057 1,462 234,293 b0 i298486342
22743,0 tx hdr=0xF5 op=0x2D MOVE(x,y,z,rx,ry,state,tick) : 53,246 7 45,057 1,462 234,293 b0 i298486391
22743,2 rx src=FPKEAECEOPE len=14 F5 03 0E 00 01 4C 0D 40 03 59 02 05 CB 00 
22743,2 rx src=FPKEAECEOPE len=24 F5 03 18 00 00 4F 0D C0 01 43 0B 01 A6 00 07 AE 03 C0 01 5B 03 FA FF 01 
22743,2 rx src=FPKEAECEOPE len=14 F5 03 0E 00 06 0B 0F 40 02 E0 01 13 89 01 
22743,3 rx src=FPKEAECEOPE len=24 F5 03 18 00 03 5B 04 C0 01 CC 00 FD 1F 00 04 2C 06 00 03 20 00 10 11 00 
22743,3 rx src=FPKEAECEOPE len=14 F5 03 0E 00 02 E1 0C C0 01 27 0B 06 B3 00 
22743,3 rx src=FPKEAECEOPE len=14 F5 03 0E 00 01 4C 0D 40 03 59 02 01 BE 00 
22743,3 rx src=FPKEAECEOPE len=14 F5 03 0E 00 05 03 03 C0 01 C5 04 03 20 09 
22743,3 rx src=FPKEAECEOPE len=24 F5 03 18 00 06 05 0F 40 02 C0 01 13 89 01 07 AE 03 C0 01 7B 03 F7 0D 01 
22743,3 rx src=FPKEAECEOPE len=24 F5 03 18 00 00 4F 0D C0 01 43 0B 01 A6 00 05 03 03 C0 01 E5 04 03 21 09 
22756,7 rx src=FPKEAECEOPE len=24 F5 03 18 00 03 55 04 C0 01 D0 00 FD 1F 00 04 2C 06 00 03 20 00 10 11 00 
22773,8 rx src=FPKEAECEOPE len=14 F5 03 0E 00 02 E1 0C C0 01 27 0B 06 B3 00 
22773,8 rx src=FPKEAECEOPE len=14 F5 03 0E 00 01 4C 0D 40 03 59 02 FE B1 00 
22788,0 rx src=FPKEAECEOPE len=14 F5 03 0E 00 06 FE 0E 40 02 A0 01 13 89 01 
22788,0 rx src=FPKEAECEOPE len=24 F5 03 18 00 05 04 03 C0 01 05 05 03 22 09 07 B8 03 C0 01 99 03 F4 1D 01 
22795,1 tx hdr=0xF5 op=0x2D MOVE(x,y,z,rx,ry,state,tick) : 53,246 7 45,057 1,462 234,293 b0 i298486443
22811,5 rx src=FPKEAECEOPE len=24 F5 03 18 00 03 48 04 C0 01 DC 00 FC 1F 08 04 2C 06 00 03 20 00 10 11 00 
22816,9 rx src=FPKEAECEOPE len=14 F5 03 0E 00 02 E1 0C C0 01 27 0B 06 B3 00 
22828,5 rx src=FPKEAECEOPE len=14 F5 03 0E 00 01 52 0D 40 03 59 02 FD AE 08 
22828,5 rx src=FPKEAECEOPE len=14 F5 03 0E 00 06 F7 0E 40 02 80 01 13 89 01 
22844,0 tx hdr=0xF5 op=0x2D MOVE(x,y,z,rx,ry,state,tick) : 53,246 7 45,057 1,462 234,293 b0 i298486492
22844,3 rx src=FPKEAECEOPE len=14 F5 03 0E 00 05 05 03 C0 01 24 05 03 22 09 
22849,7 rx src=FPKEAECEOPE len=14 F5 03 0E 00 07 C9 03 C0 01 B3 03 F4 27 01 
22860,6 rx src=FPKEAECEOPE len=14 F5 03 0E 00 03 33 04 C0 01 E3 00 FC 1F 0A 
22860,6 rx src=FPKEAECEOPE len=24 F5 03 18 00 02 E1 0C C0 01 27 0B 06 B3 00 04 2C 06 00 03 20 00 10 11 00 
22878,0 rx src=FPKEAECEOPE len=14 F5 03 0E 00 01 5A 0D 40 03 59 02 FD AE 08 
22894,2 tx hdr=0xF5 op=0x2D MOVE(x,y,z,rx,ry,state,tick) : 53,246 7 45,057 1,462 234,293 b0 i298486543
22894,5 rx src=FPKEAECEOPE len=24 F5 03 18 00 05 07 03 C0 01 44 05 03 23 09 07 DE 03 C0 01 CA 03 F4 28 01 
22911,4 rx src=FPKEAECEOPE len=14 F5 03 0E 00 06 F0 0E 40 02 60 01 13 89 01 
22911,4 rx src=FPKEAECEOPE len=34 F5 03 22 00 02 E1 0C C0 01 27 0B 06 B3 00 03 1A 04 C0 01 E7 00 FD 1E 0A 04 2C 06 00 03 20 00 10 11 00 
22929,1 rx src=FPKEAECEOPE len=14 F5 03 0E 00 01 65 0D 40 03 59 02 FD AE 08 
22943,9 tx hdr=0xF5 op=0x2D MOVE(x,y,z,rx,ry,state,tick) : 53,246 7 45,057 1,462 234,293 b0 i298486592
22944,1 rx src=FPKEAECEOPE len=24 F5 03 18 00 00 4F 0D C0 01 43 0B 01 A6 00 05 0A 03 C0 01 64 05 03 24 09 
22944,1 rx src=FPKEAECEOPE len=24 F5 03 18 00 00 4F 0D C0 01 43 0B 01 A6 00 06 E8 0E 40 02 41 01 13 89 01 
22960,5 rx src=FPKEAECEOPE len=34 F5 03 22 00 02 E1 0C C0 01 27 0B 06 B3 00 03 FD 03 C0 01 E6 00 FE 17 0A 04 32 06 00 03 2C 00 10 12 01 
22977,5 rx src=FPKEAECEOPE len=14 F5 03 0E 00 01 6B 0D 40 03 59 02 FD AE 00 
22977,6 rx src=FPKEAECEOPE len=14 F5 03 0E 00 06 E0 0E 40 02 21 01 13 89 01 
22992,8 tx hdr=0xF5 op=0x2D MOVE(x,y,z,rx,ry,state,tick) : 53,246 7 45,057 1,462 234,293 b0 i298486641
22993,0 rx src=FPKEAECEOPE len=34 F5 03 22 00 00 4F 0D C0 01 43 0B 01 A6 00 05 03 03 C0 01 82 05 03 25 08 07 F8 03 C0 01 DE 03 F6 2B 01 
22996,8 rx src=FPKEAECEOPE len=14 F5 03 0E 00 07 13 04 C0 01 F0 03 F9 2D 01 
23011,7 rx src=FPKEAECEOPE len=14 F5 03 0E 00 03 E0 03 C0 01 E0 00 FF 0D 0A 
23011,7 rx src=FPKEAECEOPE len=24 F5 03 18 00 02 E1 0C C0 01 27 0B 06 B3 00 04 3F 06 00 03 3F 00 0F 1A 01 
23026,1 rx src=FPKEAECEOPE len=14 F5 03 0E 00 01 6F 0D 40 03 59 02 FD AE 00 
23041,9 tx hdr=0xF5 op=0x2D MOVE(x,y,z,rx,ry,state,tick) : 53,246 7 45,057 1,462 234,293 b0 i298486690
23042,1 rx src=FPKEAECEOPE len=24 F5 03 18 00 00 4F 0D C0 01 43 0B 01 A6 00 05 F8 02 C0 01 9D 05 03 26 08 
23042,1 rx src=FPKEAECEOPE len=14 F5 03 0E 00 06 D9 0E 80 02 01 01 13 89 01 
23055,6 rx src=FPKEAECEOPE len=14 F5 03 0E 00 07 13 04 C0 01 00 04 FF 30 01 
23055,6 rx src=FPKEAECEOPE len=14 F5 03 0E 00 03 C3 03 C0 01 D6 00 00 0A 0A 
23072,3 rx src=FPKEAECEOPE len=24 F5 03 18 00 02 E1 0C C0 01 27 0B 06 B3 00 04 53 06 00 03 4F 00 0B 32 01 
23072,3 rx src=FPKEAECEOPE len=14 F5 03 0E 00 01 72 0D 40 03 59 02 FE AE 00 
23087,6 rx src=FPKEAECEOPE len=24 F5 03 18 00 00 4F 0D C0 01 43 0B 01 A6 00 05 EA 02 C0 01 B9 05 03 27 08 
23093,3 tx hdr=0xF5 op=0x2D MOVE(x,y,z,rx,ry,state,tick) : 53,246 7 45,057 1,462 234,293 b0 i298486742
23093,5 rx src=FPKEAECEOPE len=14 F5 03 0E 00 07 13 04 C0 01 10 04 01 2F 01 
23103,7 tx hdr=0xF5 op=0x0E weapon_select/14 : b1
23104,1 rx src=FPKEAECEOPE len=14 F5 03 0E 00 06 D0 0E 40 02 E2 00 13 8D 11 
23109,5 rx src=FPKEAECEOPE len=24 F5 03 18 00 03 A6 03 C0 01 C9 00 00 0A 0A 04 6E 06 C0 02 5B 00 09 39 11 
23117,8 rx src=FPKEAECEOPE len=14 F5 03 0E 00 02 E1 0C C0 01 27 0B 06 B3 00 
23128,7 rx src=FPKEAECEOPE len=14 F5 03 0E 00 01 73 0D 40 03 59 02 FE AE 00 
23142,2 tx hdr=0xF5 op=0x2D MOVE(x,y,z,rx,ry,state,tick) : 53,246 7 45,057 1,462 234,293 b0 i298486791
23142,4 rx src=FPKEAECEOPE len=34 F5 03 22 00 00 4F 0D C0 01 43 0B 01 A6 00 05 DB 02 C0 01 D4 05 03 28 08 07 32 04 C0 01 1F 04 02 2D 01 
23161,2 rx src=FPKEAECEOPE len=24 F5 03 18 00 03 89 03 C0 01 BB 00 00 0A 0A 04 88 06 80 02 66 00 09 39 11 
23169,7 rx src=FPKEAECEOPE len=24 F5 03 18 00 02 E1 0C C0 01 27 0B 06 B3 00 06 C7 0E 40 02 C2 00 11 94 01 
23175,9 rx src=FPKEAECEOPE len=14 F5 03 0E 00 01 74 0D 40 03 59 02 FE AE 00 
23184,0 rx src=FPKEAECEOPE len=44 F5 03 2C 00 00 4F 0D C0 01 43 0B 01 A6 00 05 CA 02 C0 01 EF 05 03 29 08 06 BB 0E 00 02 A5 00 10 98 11 07 50 04 C0 01 2F 04 06 28 01 
23193,3 tx hdr=0xF5 op=0x2D MOVE(x,y,z,rx,ry,state,tick) : 53,246 7 45,057 1,462 234,293 b0 i298486842
23212,2 rx src=FPKEAECEOPE len=34 F5 03 22 00 02 E1 0C C0 01 27 0B 06 B3 00 03 6C 03 C0 01 AB 00 00 0A 0A 04 A2 06 40 02 72 00 09 39 11 
23228,5 rx src=FPKEAECEOPE len=14 F5 03 0E 00 01 74 0D 40 03 59 02 FE AE 00 
23235,4 rx src=FPKEAECEOPE len=24 F5 03 18 00 00 4F 0D C0 01 43 0B 01 A6 00 06 AE 0E C0 01 87 00 0E A6 11 
23241,8 tx hdr=0xF5 op=0x2D MOVE(x,y,z,rx,ry,state,tick) : 53,246 7 45,057 1,462 234,293 b0 i298486890
23249,4 rx src=FPKEAECEOPE len=14 F5 03 0E 00 07 6D 04 C0 01 42 04 08 24 01 
23264,4 rx src=FPKEAECEOPE len=34 F5 03 22 00 03 50 03 C0 01 9B 00 00 0A 0A 04 BD 06 00 02 7E 00 09 3A 11 05 BA 02 F8 01 0A 06 03 2A 18 
23269,7 rx src=FPKEAECEOPE len=14 F5 03 0E 00 02 E1 0C C0 01 27 0B 06 B3 00 
23277,8 rx src=FPKEAECEOPE len=14 F5 03 0E 00 01 75 0D 40 03 59 02 FF B0 00 
23292,0 tx hdr=0xF5 op=0x2D MOVE(x,y,z,rx,ry,state,tick) : 53,246 7 45,057 1,462 234,293 b0 i298486940
23292,3 rx src=FPKEAECEOPE len=24 F5 03 18 00 00 4F 0D C0 01 43 0B 01 A6 00 05 AA 02 21 02 25 06 02 2B 18 
23308,7 rx src=FPKEAECEOPE len=14 F5 03 0E 00 07 85 04 C0 01 59 04 0A 17 01 
23308,7 rx src=FPKEAECEOPE len=24 F5 03 18 00 03 33 03 C0 01 8B 00 00 0C 0A 06 A1 0E C0 01 6A 00 0C AF 00 
23322,7 rx src=FPKEAECEOPE len=14 F5 03 0E 00 02 E1 0C C0 01 27 0B 06 B3 00 
23328,8 rx src=FPKEAECEOPE len=24 F5 03 18 00 01 75 0D 40 03 59 02 FF B0 00 06 99 0E C0 01 58 00 0C B1 00 
23328,8 rx src=FPKEAECEOPE len=14 F5 03 0E 00 04 D7 06 C0 01 8A 00 09 3C 11 
23342,2 tx hdr=0xF5 op=0x2D MOVE(x,y,z,rx,ry,state,tick) : 53,246 7 45,057 1,762 234,443 b0 i298486991
23391,6 tx hdr=0xF5 op=0x2D MOVE(x,y,z,rx,ry,state,tick) : 53,246 7 45,057 2,362 234,893 b0 i298487040
23408,6 rx src=FPKEAECEOPE len=24 F5 03 18 00 00 4F 0D C0 01 43 0B 01 A6 00 07 97 04 C0 01 74 04 0C 07 01 
23408,6 rx src=FPKEAECEOPE len=14 F5 03 0E 00 03 1C 03 C0 01 75 00 01 0F 02 
23408,7 rx src=FPKEAECEOPE len=24 F5 03 18 00 02 E1 0C C0 01 27 0B 06 B3 00 04 F1 06 C0 01 95 00 09 3D 01 
23408,7 rx src=FPKEAECEOPE len=24 F5 03 18 00 01 69 0D 40 03 59 02 FF B0 01 05 9A 02 3A 02 41 06 02 2D 18 
23408,7 rx src=FPKEAECEOPE len=14 F5 03 0E 00 07 A0 04 C0 01 92 04 0D FE 01 
23408,7 rx src=FPKEAECEOPE len=34 F5 03 22 00 00 4F 0D C0 01 43 0B 01 A6 00 05 8A 02 45 02 5C 06 02 30 18 06 95 0E C0 01 4D 00 0B B2 00 
23408,7 rx src=FPKEAECEOPE len=14 F5 03 0E 00 03 0F 03 C0 01 68 00 01 10 00 
23424,5 rx src=FPKEAECEOPE len=24 F5 03 18 00 02 E1 0C C0 01 27 0B 06 B3 00 04 0F 07 C0 01 9D 00 09 3D 01 
23424,5 rx src=FPKEAECEOPE len=14 F5 03 0E 00 01 56 0D 40 03 59 02 FF B0 01 
23439,0 rx src=FPKEAECEOPE len=24 F5 03 18 00 05 7A 02 40 02 77 06 02 32 18 06 92 0E C0 01 47 00 0B B2 00 
23443,3 tx hdr=0xF5 op=0x2D MOVE(x,y,z,rx,ry,state,tick) : 53,246 7 45,057 3,412 235,643 b0 i298487092
23452,5 # net: TcpClient.Connected = True
23458,7 rx src=FPKEAECEOPE len=24 F5 03 18 00 03 07 03 C0 01 60 00 01 10 00 07 A2 04 C0 01 B2 04 0D F4 01 
23466,6 rx src=FPKEAECEOPE len=14 F5 03 0E 00 04 2F 07 80 01 A3 00 09 3D 11 
23473,0 rx src=FPKEAECEOPE len=24 F5 03 18 00 01 3F 0D 40 03 59 02 00 B0 01 02 E1 0C C0 01 27 0B 06 B3 00 
23492,1 tx hdr=0xF5 op=0x2D MOVE(x,y,z,rx,ry,state,tick) : 53,246 7 45,057 4,012 235,793 b0 i298487140
23492,4 rx src=FPKEAECEOPE len=14 F5 03 0E 00 06 90 0E C0 01 43 00 0B B2 00 
23492,4 rx src=FPKEAECEOPE len=12 F5 34 0C 00 CF 8C CA 11 67 8D CA 11 
23502,4 rx src=FPKEAECEOPE len=24 F5 03 18 00 00 4F 0D C0 01 43 0B 01 A6 00 03 02 03 C0 01 5C 00 01 10 00 
23509,7 rx src=FPKEAECEOPE len=24 F5 03 18 00 00 4F 0D C0 01 43 0B 01 A7 00 04 4F 07 80 01 A8 00 09 3D 01 
23516,6 rx src=FPKEAECEOPE len=14 F5 03 0E 00 07 9D 04 C0 01 D1 04 0C EC 01 
23524,1 rx src=FPKEAECEOPE len=34 F5 03 22 00 01 25 0D 40 03 4E 02 01 AE 01 02 E1 0C C0 01 27 0B 06 B3 00 05 6A 02 2B 02 92 06 02 33 18 
23530,7 rx src=FPKEAECEOPE len=24 F5 03 18 00 05 62 02 07 02 A0 06 02 35 38 07 92 04 C0 01 EF 04 0A E6 01 
23536,8 rx src=FPKEAECEOPE len=24 F5 03 18 00 00 4F 0D C0 01 43 0B 02 A7 00 06 83 0E C0 01 3C 00 0B B2 01 
23543,1 tx hdr=0xF5 op=0x2D MOVE(x,y,z,rx,ry,state,tick) : 53,246 7 45,057 5,212 235,043 b0 i298487193
23562,2 rx src=FPKEAECEOPE len=14 F5 03 0E 00 03 FF 02 C0 01 5C 00 01 10 00 
23576,1 rx src=FPKEAECEOPE len=24 F5 03 18 00 01 25 0D 40 03 48 02 01 AD 00 04 70 07 80 01 AC 00 09 3E 01 
23576,2 rx src=FPKEAECEOPE len=14 F5 03 0E 00 02 E1 0C C0 01 27 0B 06 B3 00 
23580,2 rx src=FPKEAECEOPE len=14 F5 03 0E 00 06 6F 0E C0 01 34 00 0B B2 01 
23591,6 tx hdr=0xF5 op=0x2D MOVE(x,y,z,rx,ry,state,tick) : 53,246 7 45,057 7,462 229,043 b0 i298487242
23591,9 rx src=FPKEAECEOPE len=34 F5 03 22 00 00 4F 0D C0 01 43 0B 02 A7 00 05 59 02 D4 01 AE 06 01 37 38 07 82 04 C0 01 0B 05 09 E1 01 
23612,3 rx src=FPKEAECEOPE len=14 F5 03 0E 00 03 FE 02 C0 01 5A 00 01 10 00 
23623,7 rx src=FPKEAECEOPE len=24 F5 03 18 00 01 1C 0D 40 03 44 02 02 AC 00 02 E1 0C C0 01 27 0B 06 B3 00 
23628,3 rx src=FPKEAECEOPE len=14 F5 03 0E 00 04 92 07 80 01 AF 00 09 3E 01 
23640,5 tx hdr=0xF5 op=0x2D MOVE(x,y,z,rx,ry,state,tick) : 53,246 7 45,057 9,562 218,843 b0 i298487291
23640,8 rx src=FPKEAECEOPE len=34 F5 03 22 00 00 4F 0D C0 01 43 0B 03 A7 00 05 49 02 C0 01 C9 06 01 38 08 06 56 0E C0 01 2B 00 0B B2 01 
23657,8 rx src=FPKEAECEOPE len=14 F5 03 0E 00 07 6F 04 C0 01 25 05 09 E1 01 
23657,8 rx src=FPKEAECEOPE len=14 F5 03 0E 00 03 09 03 C0 01 5A 00 01 10 04 
23674,3 rx src=FPKEAECEOPE len=14 F5 03 0E 00 04 B5 07 40 01 B1 00 08 3F 11 
23674,3 rx src=FPKEAECEOPE len=24 F5 03 18 00 01 1C 0D 40 03 41 02 02 AA 00 02 E1 0C C0 01 27 0B 06 B3 00 
23691,2 tx hdr=0xF5 op=0x2D MOVE(x,y,z,rx,ry,state,tick) : 53,246 7 45,057 10,912 212,843 b0 i298487341
23691,5 rx src=FPKEAECEOPE len=24 F5 03 18 00 00 4F 0D C0 01 43 0B 05 A2 00 07 5A 04 C0 01 40 05 09 E1 01 
23708,7 rx src=FPKEAECEOPE len=14 F5 03 0E 00 06 3C 0E C0 01 21 00 0B B2 01 
23708,7 rx src=FPKEAECEOPE len=34 F5 03 22 00 02 E1 0C C0 01 27 0B 06 B3 00 03 1C 03 C0 01 5A 00 01 10 04 05 3D 02 C0 01 E6 06 01 38 08 
23723,5 rx src=FPKEAECEOPE len=14 F5 03 0E 00 04 D7 07 40 01 B3 00 08 3F 01 
23728,6 rx src=FPKEAECEOPE len=24 F5 03 18 00 01 1C 0D 40 03 40 02 02 A7 00 06 1F 0E C0 01 20 00 0B B2 01 
23737,0 rx src=FPKEAECEOPE len=34 F5 03 22 00 00 4F 0D C0 01 43 0B 06 9B 00 05 34 02 C0 01 04 07 01 39 08 07 44 04 C0 01 59 05 09 E1 01 
23742,8 tx hdr=0xF5 op=0x2D MOVE(x,y,z,rx,ry,state,tick) : 53,246 7 45,057 10,912 212,393 b0 i298487393
23766,1 rx src=FPKEAECEOPE len=14 F5 03 0E 00 03 33 03 C0 01 59 00 01 10 05 
23780,9 rx src=FPKEAECEOPE len=34 F5 03 22 00 01 1A 0D 40 03 3F 02 03 A6 00 02 E1 0C C0 01 27 0B 06 B3 00 04 D7 07 78 01 B5 00 08 3F 11 
23780,9 rx src=FPKEAECEOPE len=14 F5 03 0E 00 06 01 0E C0 01 20 00 0B B3 01 
23787,4 rx src=FPKEAECEOPE len=34 F5 03 22 00 00 4F 0D C0 01 43 0B 07 97 00 05 2C 02 C0 01 22 07 00 39 08 07 2E 04 C0 01 74 05 08 E3 01 
23795,3 tx hdr=0xF5 op=0x2D MOVE(x,y,z,rx,ry,state,tick) : 53,13 7 44,875 10,912 212,393 b1 i298487445
23810,3 rx src=FPKEAECEOPE len=14 F5 03 0E 00 03 4E 03 C0 01 5D 00 01 12 05 
23824,4 rx src=FPKEAECEOPE len=14 F5 03 0E 00 02 E1 0C C0 01 27 0B 06 B3 00 
23824,4 rx src=FPKEAECEOPE len=24 F5 03 18 00 01 1A 0D 40 03 3F 02 03 A5 00 04 D7 07 A1 01 B6 00 08 3F 11 
23829,7 rx src=FPKEAECEOPE len=24 F5 03 18 00 06 E3 0D C0 01 20 00 0B B5 01 07 18 04 C0 01 8E 05 07 E5 01 
23839,7 tx hdr=0xF5 op=0x2D MOVE(x,y,z,rx,ry,state,tick) : 52,945 7 44,583 10,912 212,393 b1 i298487490
23839,9 rx src=FPKEAECEOPE len=24 F5 03 18 00 00 4F 0D C0 01 43 0B 07 97 00 05 26 02 C0 01 42 07 00 3A 08 
23857,0 rx src=FPKEAECEOPE len=14 F5 03 0E 00 03 66 03 C0 01 6A 00 03 1A 01 
23874,1 rx src=FPKEAECEOPE len=14 F5 03 0E 00 02 E1 0C C0 01 27 0B 06 B3 00 
23874,1 rx src=FPKEAECEOPE len=24 F5 03 18 00 01 1A 0D 40 03 3E 02 03 A5 00 04 D7 07 BA 01 B7 00 08 40 11 
23890,6 tx hdr=0xF5 op=0x2D MOVE(x,y,z,rx,ry,state,tick) : 52,718 7 44,226 10,912 212,393 b1 i298487541
23890,8 rx src=FPKEAECEOPE len=14 F5 03 0E 00 07 04 04 C0 01 AA 05 07 E8 01 
23890,8 rx src=FPKEAECEOPE len=24 F5 03 18 00 00 48 0D C0 01 37 0B 07 97 01 06 C4 0D C0 01 20 00 0A B6 01 
23907,2 rx src=FPKEAECEOPE len=14 F5 03 0E 00 03 81 03 C0 01 78 00 08 2E 01 
23923,0 rx src=FPKEAECEOPE len=44 F5 03 2C 00 01 1A 0D 40 03 3E 02 03 A5 00 02 E1 0C C0 01 27 0B 06 B3 00 04 D7 07 C5 01 B9 00 08 40 11 05 21 02 C0 01 61 07 00 3B 08 
23936,6 rx src=FPKEAECEOPE len=24 F5 03 18 00 00 3C 0D C0 01 25 0B 07 97 01 05 1C 02 C0 01 80 07 00 3B 08 
23943,7 tx hdr=0xF5 op=0x2D MOVE(x,y,z,rx,ry,state,tick) : 52,629 7 43,8 10,912 212,393 b9 i298487594
23943,9 rx src=FPKEAECEOPE len=24 F5 03 18 00 06 A5 0D C0 01 20 00 0A B9 01 07 F0 03 C0 01 C6 05 06 E9 01 
23957,5 rx src=FPKEAECEOPE len=14 F5 03 0E 00 03 9D 03 C0 01 85 00 08 2F 01 
23973,5 rx src=FPKEAECEOPE len=44 F5 03 2C 00 01 1A 0D 40 03 3E 02 04 A8 00 02 E1 0C C0 01 27 0B 06 B3 00 04 FA 07 C0 01 BA 00 08 40 11 06 85 0D C0 01 20 00 0A BB 01 
23987,0 rx src=FPKEAECEOPE len=24 F5 03 18 00 00 2D 0D C0 01 0E 0B 07 97 01 05 19 02 C0 01 A0 07 00 3D 08 
23992,0 tx hdr=0xF5 op=0x2D MOVE(x,y,z,rx,ry,state,tick) : 52,623 7 43,334 10,912 212,393 b9 i298487642
23992,2 rx src=FPKEAECEOPE len=14 F5 03 0E 00 07 DE 03 C0 01 E3 05 05 ED 01 
24043,6 tx hdr=0xF5 op=0x2D MOVE(x,y,z,rx,ry,state,tick) : 52,666 7 42,844 10,912 212,393 b9 i298487694
24066,7 rx src=FPKEAECEOPE len=14 F5 03 0E 00 03 BB 03 C0 01 92 00 08 30 01 
24066,7 rx src=FPKEAECEOPE len=14 F5 03 0E 00 02 E1 0C C0 01 27 0B 06 B3 00 
24066,7 rx src=FPKEAECEOPE len=24 F5 03 18 00 01 1A 0D 40 03 3E 02 04 AA 00 04 1D 08 C0 01 BB 00 08 40 01 
24066,7 rx src=FPKEAECEOPE len=14 F5 03 0E 00 06 65 0D C0 01 20 00 09 BE 01 
24066,7 rx src=FPKEAECEOPE len=6 F5 0F 06 00 03 03 
24066,7 rx src=FPKEAECEOPE len=24 F5 03 18 00 00 28 0D C0 01 F3 0A 07 97 09 07 D2 03 C0 01 03 06 02 FC 01 
24066,8 rx src=FPKEAECEOPE len=14 F5 03 0E 00 05 17 02 C0 01 C0 07 00 3F 08 
24066,8 rx src=FPKEAECEOPE len=14 F5 03 0E 00 03 D7 03 C0 01 9E 00 08 30 01 
24066,8 rx src=FPKEAECEOPE len=24 F5 03 18 00 02 E1 0C C0 01 27 0B 06 B3 00 04 40 08 C0 01 BC 00 08 40 01 
24074,0 rx src=FPKEAECEOPE len=14 F5 03 0E 00 01 1A 0D 40 03 3E 02 05 AA 00 
24079,0 rx src=FPKEAECEOPE len=14 F5 03 0E 00 07 CE 03 C0 01 23 06 FF 07 01 
24087,2 rx src=FPKEAECEOPE len=14 F5 03 0E 00 05 16 02 C0 01 E0 07 00 40 08 
24093,0 tx hdr=0xF5 op=0x2D MOVE(x,y,z,rx,ry,state,tick) : 52,74 7 42,339 10,612 212,243 b9 i298487743
24102,0 rx src=FPKEAECEOPE len=14 F5 03 0E 00 06 45 0D C0 01 20 00 09 C0 01 
24107,0 rx src=FPKEAECEOPE len=14 F5 03 0E 00 03 F4 03 C0 01 AB 00 09 2D 01 
24115,5 rx src=FPKEAECEOPE len=14 F5 03 0E 00 02 E1 0C C0 01 27 0B 06 B3 00 
24123,2 rx src=FPKEAECEOPE len=14 F5 03 0E 00 01 1A 0D 40 03 3E 02 05 AE 00 
24129,6 rx src=FPKEAECEOPE len=14 F5 03 0E 00 06 24 0D C0 01 20 00 09 C0 01 
24135,9 rx src=FPKEAECEOPE len=24 F5 03 18 00 04 63 08 C0 01 BC 00 08 40 01 05 16 02 C0 01 00 08 00 41 08 
24142,1 tx hdr=0xF5 op=0x2D MOVE(x,y,z,rx,ry,state,tick) : 52,831 7 41,825 10,012 212,543 b9 i298487792
24149,7 tx hdr=0xF5 op=0x65 ? :
24156,5 rx src=FPKEAECEOPE len=34 F5 03 22 00 00 27 0D C0 01 D5 0A 07 97 09 03 11 04 C0 01 B8 00 0B 2C 01 07 D1 03 C0 01 43 06 FE 13 01 
24162,7 rx src=FPKEAECEOPE len=34 F5 03 22 00 00 2A 0D C0 01 B6 0A 07 97 09 02 E1 0C C0 01 27 0B 06 B3 00 04 86 08 C0 01 BC 00 08 40 01 
24170,2 rx src=FPKEAECEOPE len=14 F5 03 0E 00 01 1A 0D 40 03 3E 02 06 AF 00 
24182,3 rx src=FPKEAECEOPE len=14 F5 03 0E 00 06 04 0D C0 01 20 00 09 C0 01 
24189,9 tx hdr=0xF5 op=0x2D MOVE(x,y,z,rx,ry,state,tick) : 52,93 7 41,306 9,562 212,993 b9 i298487840
24190,2 rx src=FPKEAECEOPE len=24 F5 03 18 00 00 2F 0D C0 01 95 0A 07 96 09 05 16 02 C0 01 20 08 00 42 08 
24206,2 rx src=FPKEAECEOPE len=14 F5 03 0E 00 07 DE 03 C0 01 5F 06 04 24 01 
24210,1 rx src=FPKEAECEOPE len=24 F5 03 18 00 03 22 04 C0 01 C0 00 0E 2D 00 04 A9 08 C0 01 BC 00 08 40 01 
24222,1 rx src=FPKEAECEOPE len=14 F5 03 0E 00 02 E1 0C C0 01 27 0B 06 B3 00 
24227,1 rx src=FPKEAECEOPE len=14 F5 03 0E 00 01 1A 0D 40 03 3E 02 06 AF 00 
24239,2 rx src=FPKEAECEOPE len=24 F5 03 18 00 00 35 0D C0 01 74 0A 07 97 09 05 16 02 C0 01 26 08 00 42 04 
24242,3 tx hdr=0xF5 op=0x2D MOVE(x,y,z,rx,ry,state,tick) : 53,025 7 40,781 7,762 215,843 b9 i298487892
24252,9 rx src=FPKEAECEOPE len=14 F5 03 0E 00 07 F3 03 C0 01 74 06 09 32 01 
24252,9 rx src=FPKEAECEOPE len=14 F5 03 0E 00 06 E3 0C C0 01 20 00 09 C0 01 
24266,6 rx src=FPKEAECEOPE len=24 F5 03 18 00 03 2C 04 C0 01 C5 00 13 2F 00 04 CC 08 C0 01 BC 00 08 40 01 
24272,8 rx src=FPKEAECEOPE len=14 F5 03 0E 00 02 E1 0C C0 01 27 0B 06 B3 00 
24272,8 rx src=FPKEAECEOPE len=14 F5 03 0E 00 01 1A 0D 40 03 3E 02 06 AF 00 
24284,2 rx src=FPKEAECEOPE len=24 F5 03 18 00 00 3B 0D C0 01 53 0A 06 97 09 06 C2 0C C0 01 20 00 09 C0 01 
24293,9 tx hdr=0xF5 op=0x2D MOVE(x,y,z,rx,ry,state,tick) : 53,101 7 40,251 5,062 219,593 b9 i298487944
24294,1 rx src=FPKEAECEOPE len=14 F5 03 0E 00 05 15 02 C0 01 1D 08 00 42 04 
24298,0 rx src=FPKEAECEOPE len=14 F5 03 0E 00 07 0E 04 C0 01 82 06 0A 3A 01 
24308,9 rx src=FPKEAECEOPE len=14 F5 03 0E 00 03 32 04 C0 01 C8 00 13 30 00 
24312,2 rx src=FPKEAECEOPE len=14 F5 03 0E 00 02 E1 0C C0 01 27 0B 06 B3 00 
24323,0 rx src=FPKEAECEOPE len=14 F5 03 0E 00 01 1A 0D 40 03 3E 02 06 AF 00 
24327,3 rx src=FPKEAECEOPE len=14 F5 03 0E 00 04 EF 08 F8 01 BC 00 08 40 11 
24338,5 rx src=FPKEAECEOPE len=14 F5 03 0E 00 00 41 0D C0 01 31 0A 05 99 09 
24341,6 tx hdr=0xF5 op=0x2D MOVE(x,y,z,rx,ry,state,tick) : 53,144 7 39,717 2,212 225,893 b9 i298487992
24351,8 rx src=FPKEAECEOPE len=34 F5 03 22 00 05 13 02 C0 01 0B 08 00 42 04 06 AF 0C C0 01 20 00 09 C0 00 07 2B 04 C0 01 8C 06 0A 3B 01 
24351,9 rx src=FPKEAECEOPE len=12 F5 07 0C 00 12 00 08 00 04 00 00 28 
24366,8 rx src=FPKEAECEOPE len=34 F5 03 22 00 02 E1 0C C0 01 27 0B 06 B3 00 03 36 04 C0 01 CA 00 13 30 00 04 12 09 21 02 BB 00 08 40 11 
24379,8 rx src=FPKEAECEOPE len=14 F5 03 0E 00 01 1A 0D 40 03 3E 02 06 AE 00 
24393,6 tx hdr=0xF5 op=0x2D MOVE(x,y,z,rx,ry,state,tick) : 53,138 7 39,183 0,712 233,543 b9 i298488044
24393,8 rx src=FPKEAECEOPE len=24 F5 03 18 00 00 46 0D C0 01 10 0A 03 9C 09 05 11 02 C0 01 F4 07 00 42 04 
24396,8 rx src=FPKEAECEOPE len=14 F5 03 0E 00 06 A3 0C C0 01 20 00 09 C0 00 
24409,2 rx src=FPKEAECEOPE len=14 F5 03 0E 00 07 4A 04 C0 01 94 06 0A 3B 01 
24412,1 rx src=FPKEAECEOPE len=24 F5 03 18 00 03 38 04 C0 01 CB 00 13 30 00 04 36 09 3A 02 BB 00 08 40 11 
24425,2 rx src=FPKEAECEOPE len=24 F5 03 18 00 01 1A 0D 40 03 3E 02 04 A7 00 02 E1 0C C0 01 27 0B 06 B3 00 
24428,5 rx src=FPKEAECEOPE len=14 F5 03 0E 00 06 9C 0C C0 01 20 00 09 C0 00 
24428,5 rx src=FPKEAECEOPE len=10 F5 14 0A 00 09 00 0A 00 31 01 
24428,6 rx src=FPKEAECEOPE len=12 F5 34 0C 00 B8 90 CA 11 10 91 CA 11 
24440,4 tx hdr=0xF5 op=0x2D MOVE(x,y,z,rx,ry,state,tick) : 53,077 7 38,654 0,262 240,143 b9 i298488091
24440,6 rx src=FPKEAECEOPE len=24 F5 03 18 00 00 49 0D C0 01 ED 09 01 A0 09 05 0F 02 C0 01 D9 07 00 42 04 
24457,3 rx src=FPKEAECEOPE len=14 F5 03 0E 00 07 4A 04 C0 01 9A 06 0A 3B 01 
24459,7 rx src=FPKEAECEOPE len=24 F5 03 18 00 03 3A 04 C0 01 CC 00 13 30 00 04 59 09 45 02 BB 00 08 40 11 
24473,6 rx src=FPKEAECEOPE len=14 F5 03 0E 00 02 E1 0C C0 01 27 0B 06 B3 00 
24475,9 rx src=FPKEAECEOPE len=14 F5 03 0E 00 01 1A 0D 40 03 3E 02 04 A7 00 
24475,9 rx src=FPKEAECEOPE len=14 F5 03 0E 00 06 98 0C C0 01 20 00 09 C1 00 
24492,3 tx hdr=0xF5 op=0x2D MOVE(x,y,z,rx,ry,state,tick) : 52,964 7 38,135 0,112 245,993 b9 i298488143
24492,5 rx src=FPKEAECEOPE len=34 F5 03 22 00 00 48 0D C0 01 CB 09 00 A6 09 05 0D 02 C0 01 BC 07 00 42 04 07 4A 04 C0 01 A1 06 0A 38 01 
24511,9 tx hdr=0xF5 op=0x04 HIT_REPORT(pos,seq,hits[]) : 53,037 9,365 38,482 i298488163 b5 b0 8,093 8,011 31,954
24512,1 rx src=FPKEAECEOPE len=14 F5 03 0E 00 03 3B 04 C0 01 CC 00 13 30 00 
24528,2 rx src=FPKEAECEOPE len=34 F5 03 22 00 01 1A 0D 40 03 3E 02 04 A3 00 02 E1 0C C0 01 27 0B 06 B3 00 04 7C 09 40 02 BA 00 08 40 11 
24528,2 rx src=FPKEAECEOPE len=24 F5 03 18 00 06 95 0C C0 01 20 00 08 C1 00 07 4A 04 C0 01 AD 06 07 26 01 
24540,0 tx hdr=0xF5 op=0x2D MOVE(x,y,z,rx,ry,state,tick) : 52,766 7 37,65 0,248 261,811 b9 i298488191
24540,4 rx src=FPKEAECEOPE len=24 F5 03 18 00 00 44 0D C0 01 A9 09 00 AA 09 05 0B 02 C0 01 9E 07 00 42 04 
24561,6 rx src=FPKEAECEOPE len=14 F5 03 0E 00 03 3B 04 C0 01 CC 00 13 30 00 
24577,3 rx src=FPKEAECEOPE len=34 F5 03 22 00 01 1A 0D 40 03 3E 02 03 9E 00 02 E1 0C C0 01 27 0B 06 B3 00 04 9F 09 40 02 BA 00 08 40 01 
24577,3 rx src=FPKEAECEOPE len=14 F5 03 0E 00 06 93 0C C0 01 20 00 08 C1 00 
24590,6 tx hdr=0xF5 op=0x2D MOVE(x,y,z,rx,ry,state,tick) : 52,517 7 37,187 0,427 262,035 b9 i298488242
24590,8 rx src=FPKEAECEOPE len=24 F5 03 18 00 00 3D 0D C0 01 88 09 00 AE 09 05 0A 02 C0 01 7F 07 01 41 04 
24605,7 rx src=FPKEAECEOPE len=14 F5 03 0E 00 07 63 04 C0 01 C0 06 03 12 01 
24605,7 rx src=FPKEAECEOPE len=7 F5 04 07 00 00 05 80 
24605,7 rx src=FPKEAECEOPE len=24 F5 03 18 00 02 E1 0C C0 01 27 0B 06 B3 00 03 3B 04 C0 01 CC 00 14 31 00 
24625,9 rx src=FPKEAECEOPE len=14 F5 03 0E 00 01 1A 0D 40 03 3E 02 02 9D 00 
24637,0 rx src=FPKEAECEOPE len=14 F5 03 0E 00 04 C2 09 40 02 BA 00 08 40 01 
24637,0 rx src=FPKEAECEOPE len=34 F5 03 22 00 00 31 0D C0 01 69 09 00 BA 09 05 08 02 C0 01 60 07 01 40 04 06 93 0C C0 01 20 00 08 C2 00 
24641,9 tx hdr=0xF5 op=0x04 HIT_REPORT(pos,seq,hits[]) : 52,531 9,371 37,203 i298488293 b5 b1 8,504 9,256 30,411
24642,1 tx hdr=0xF5 op=0x2D MOVE(x,y,z,rx,ry,state,tick) : 52,239 7 36,737 0,33 261,761 b9 i298488293
24690,8 tx hdr=0xF5 op=0x2D MOVE(x,y,z,rx,ry,state,tick) : 51,942 7 36,293 0,31 261,986 b9 i298488342
24724,8 rx src=FPKEAECEOPE len=14 F5 03 0E 00 07 76 04 C0 01 D9 06 02 0C 01 
24724,9 rx src=FPKEAECEOPE len=24 F5 03 18 00 03 3B 04 C0 01 CC 00 16 35 00 04 E6 09 00 02 B9 00 08 40 11 
24724,9 rx src=FPKEAECEOPE len=14 F5 03 0E 00 02 E1 0C C0 01 27 0B 06 B3 00 
24724,9 rx src=FPKEAECEOPE len=24 F5 03 18 00 01 1A 0D 40 03 3E 02 02 9D 00 06 93 0C C0 01 20 00 07 C3 00 
24724,9 rx src=FPKEAECEOPE len=24 F5 03 18 00 00 21 0D C0 01 4B 09 00 BA 09 05 07 02 C0 01 40 07 01 3F 04 
24724,9 rx src=FPKEAECEOPE len=14 F5 03 0E 00 07 86 04 C0 01 F5 06 02 0C 01 
24724,9 rx src=FPKEAECEOPE len=14 F5 03 0E 00 03 3B 04 C0 01 CC 00 16 37 00 
24724,9 rx src=FPKEAECEOPE len=14 F5 03 0E 00 02 E1 0C C0 01 27 0B 06 B3 00 
24724,9 rx src=FPKEAECEOPE len=14 F5 03 0E 00 01 1A 0D 40 03 3E 02 02 9D 00 
24732,2 rx src=FPKEAECEOPE len=14 F5 03 0E 00 06 93 0C C0 01 20 00 06 C4 00 
24732,2 rx src=FPKEAECEOPE len=7 F5 04 07 00 00 05 41 
24739,6 rx src=FPKEAECEOPE len=34 F5 03 22 00 00 0F 0D C0 01 2F 09 00 BA 09 04 E6 09 C0 01 B9 00 08 40 11 05 07 02 C0 01 20 07 01 3F 04 
24745,8 tx hdr=0xF5 op=0x2D MOVE(x,y,z,rx,ry,state,tick) : 51,635 7 35,854 0,24 261,608 b9 i298488397
24754,2 rx src=FPKEAECEOPE len=14 F5 03 0E 00 07 93 04 C0 01 13 07 02 0C 01 
24759,8 rx src=FPKEAECEOPE len=14 F5 03 0E 00 03 3B 04 C0 01 CC 00 16 37 00 
24768,5 tx hdr=0xF5 op=0x06 int3/6 : s3 s8 s29
24768,7 tx hdr=0xF5 op=0x04 HIT_REPORT(pos,seq,hits[]) :
24768,8 rx src=FPKEAECEOPE len=12 F5 07 0C 00 33 00 0F 00 07 00 00 28 
24784,6 rx src=FPKEAECEOPE len=14 F5 03 0E 00 02 E1 0C C0 01 27 0B 06 B3 00 
24784,7 rx src=FPKEAECEOPE len=34 F5 03 22 00 01 1A 0D 40 03 3E 02 02 9D 00 04 E6 09 C0 01 B9 00 08 40 01 06 93 0C C0 01 20 00 06 C5 00 
24784,7 rx src=FPKEAECEOPE len=12 F5 07 0C 00 13 00 07 00 03 00 00 28 
24790,1 tx hdr=0xF5 op=0x2D MOVE(x,y,z,rx,ry,state,tick) : 51,323 7 35,417 0,049 261,333 b9 i298488441
24798,9 rx src=FPKEAECEOPE len=14 F5 03 0E 00 05 07 02 C0 01 01 07 01 3E 04 
24812,2 rx src=FPKEAECEOPE len=14 F5 03 0E 00 03 3B 04 C0 01 CC 00 16 37 00 
24817,2 rx src=FPKEAECEOPE len=14 F5 03 0E 00 07 9F 04 C0 01 33 07 02 0C 01 
24826,8 rx src=FPKEAECEOPE len=24 F5 03 18 00 02 E1 0C C0 01 27 0B 06 B3 00 04 E6 09 C0 01 B8 00 08 40 01 
24826,8 rx src=FPKEAECEOPE len=34 F5 03 22 00 00 FC 0C C0 01 12 09 00 BA 09 01 1A 0D 40 03 3E 02 02 9D 00 05 08 02 C0 01 E1 06 01 3E 04 
24840,7 tx hdr=0xF5 op=0x2D MOVE(x,y,z,rx,ry,state,tick) : 50,922 7 35,121 0,128 261,163 b1 i298488492
24840,9 rx src=FPKEAECEOPE len=24 F5 03 18 00 00 E8 0C C0 01 F6 08 00 BA 09 06 93 0C C0 01 20 00 04 C6 00 
24855,2 rx src=FPKEAECEOPE len=14 F5 03 0E 00 07 AA 04 C0 01 53 07 02 0C 01 
24855,2 rx src=FPKEAECEOPE len=14 F5 03 0E 00 03 3B 04 C0 01 CC 00 16 37 00 
24855,2 rx src=FPKEAECEOPE len=5 F5 04 05 00 00 
24871,7 rx src=FPKEAECEOPE len=14 F5 03 0E 00 02 E1 0C C0 01 27 0B 06 B3 00 
24871,7 rx src=FPKEAECEOPE len=14 F5 03 0E 00 06 93 0C C0 01 20 00 04 C7 00 
24875,4 rx src=FPKEAECEOPE len=14 F5 03 0E 00 04 E6 09 C0 01 B8 00 08 40 01 
24888,9 rx src=FPKEAECEOPE len=24 F5 03 18 00 00 D4 0C C0 01 DA 08 00 B9 09 01 1A 0D 40 03 3E 02 02 9D 00 
24892,6 tx hdr=0xF5 op=0x06 int3/6 : s1 s8 s27
24892,7 tx hdr=0xF5 op=0x04 HIT_REPORT(pos,seq,hits[]) :
24892,8 tx hdr=0xF5 op=0x2D MOVE(x,y,z,rx,ry,state,tick) : 50,468 7 34,909 0,223 260,86 b1 i298488544
24904,1 rx src=FPKEAECEOPE len=14 F5 03 0E 00 07 B6 04 C0 01 73 07 02 0D 01 
24908,4 rx src=FPKEAECEOPE len=14 F5 03 0E 00 03 3B 04 C0 01 CC 00 16 37 00 
24923,1 rx src=FPKEAECEOPE len=24 F5 03 18 00 01 1A 0D 40 03 3E 02 01 A0 00 02 E1 0C C0 01 27 0B 06 B3 00 
24930,8 rx src=FPKEAECEOPE len=34 F5 03 22 00 04 E6 09 C0 01 B7 00 07 42 01 05 09 02 C0 01 C1 06 01 3D 04 06 93 0C C0 01 20 00 04 C7 00 
24937,4 rx src=FPKEAECEOPE len=34 F5 03 22 00 00 BB 0C C0 01 C7 08 00 B9 01 05 0B 02 C0 01 A1 06 01 3D 04 07 C2 04 C0 01 93 07 02 11 01 
24942,4 tx hdr=0xF5 op=0x2D MOVE(x,y,z,rx,ry,state,tick) : 49,983 7 34,746 0,097 260,487 b1 i298488593
24963,7 rx src=FPKEAECEOPE len=14 F5 03 0E 00 03 3B 04 C0 01 CC 00 16 35 00 
24971,5 rx src=FPKEAECEOPE len=14 F5 03 0E 00 02 E1 0C C0 01 27 0B 06 B3 00 
24983,7 rx src=FPKEAECEOPE len=24 F5 03 18 00 04 E6 09 C0 01 B4 00 07 46 01 06 93 0C C0 01 20 00 04 C7 00 
24983,7 rx src=FPKEAECEOPE len=14 F5 03 0E 00 01 21 0D 40 03 34 02 00 A7 08 
24983,7 rx src=FPKEAECEOPE len=5 F5 04 05 00 00 
24990,0 tx hdr=0xF5 op=0x2D MOVE(x,y,z,rx,ry,state,tick) : 49,479 7 34,613 0,393 260,472 b1 i298488641
24990,2 rx src=FPKEAECEOPE len=24 F5 03 18 00 00 9D 0C C0 01 BA 08 00 B9 01 07 D0 04 C0 01 B2 07 03 13 01 
25010,6 rx src=FPKEAECEOPE len=24 F5 03 18 00 02 E1 0C C0 01 27 0B 05 B3 00 03 3B 04 C0 01 CC 00 18 31 00 
25017,0 tx hdr=0xF5 op=0x04 HIT_REPORT(pos,seq,hits[]) :
25030,0 rx src=FPKEAECEOPE len=24 F5 03 18 00 04 E6 09 C0 01 AE 00 06 4A 01 06 93 0C C0 01 20 00 04 C7 00 
25030,0 rx src=FPKEAECEOPE len=14 F5 03 0E 00 05 0D 02 C0 01 81 06 01 3C 04 
25034,5 rx src=FPKEAECEOPE len=44 F5 03 2C 00 00 7E 0C C0 01 AF 08 00 B9 01 01 21 0D 40 03 22 02 00 AB 08 05 0F 02 C0 01 61 06 01 3C 04 07 E0 04 C0 01 D1 07 04 15 01 
25043,1 tx hdr=0xF5 op=0x2D MOVE(x,y,z,rx,ry,state,tick) : 48,963 7 34,501 0,291 261,475 b1 i298488694
25060,3 rx src=FPKEAECEOPE len=14 F5 03 0E 00 03 3B 04 C0 01 CC 00 18 2F 00 
25074,4 rx src=FPKEAECEOPE len=14 F5 03 0E 00 02 E1 0C C0 01 27 0B 01 B5 00 
25083,7 rx src=FPKEAECEOPE len=34 F5 03 22 00 04 E6 09 C0 01 A8 00 05 4A 01 06 93 0C C0 01 20 00 04 C7 00 07 F0 04 C0 01 EF 07 04 17 01 
25083,7 rx src=FPKEAECEOPE len=24 F5 03 18 00 00 5E 0C C0 01 A7 08 00 B9 01 01 21 0D 40 03 0C 02 01 B0 08 
25089,9 tx hdr=0xF5 op=0x2D MOVE(x,y,z,rx,ry,state,tick) : 48,439 7 34,406 0,384 262,479 b1 i298488741
25103,8 rx src=FPKEAECEOPE len=14 F5 03 0E 00 03 3B 04 C0 01 CC 00 19 2E 00 
25103,8 rx src=FPKEAECEOPE len=5 F5 04 05 00 00 
25112,0 rx src=FPKEAECEOPE len=24 F5 03 18 00 02 E1 0C C0 01 27 0B 01 B6 00 05 12 02 C0 01 41 06 01 3B 04 
25126,1 rx src=FPKEAECEOPE len=14 F5 03 0E 00 04 08 0A C0 01 A0 00 05 4A 01 
25141,5 tx hdr=0xF5 op=0x2D MOVE(x,y,z,rx,ry,state,tick) : 47,955 7 34,482 0,468 263,274 b5 i298488792
25141,9 rx src=FPKEAECEOPE len=44 F5 03 2C 00 00 3D 0C C0 01 A0 08 00 B9 01 01 21 0D 40 03 F2 01 03 B6 08 05 15 02 C0 01 21 06 01 3B 04 06 93 0C C0 01 20 00 03 C7 00 
25146,6 tx hdr=0xF5 op=0x04 HIT_REPORT(pos,seq,hits[]) : 48,417 9,363 34,415 i298488797 b7 b1 19,418 9,438 31,503
25159,1 rx src=FPKEAECEOPE len=14 F5 03 0E 00 03 3B 04 C0 01 CC 00 19 2E 00 
25170,7 rx src=FPKEAECEOPE len=24 F5 03 18 00 02 E1 0C C0 01 27 0B 01 B6 00 07 03 05 C0 01 0C 08 04 1B 01 
25183,7 rx src=FPKEAECEOPE len=24 F5 03 18 00 01 29 0D 40 03 D6 01 04 B8 08 04 2A 0A C0 01 A0 00 05 4A 01 
25183,7 rx src=FPKEAECEOPE len=14 F5 03 0E 00 06 93 0C C0 01 20 00 02 C7 00 
25183,7 rx src=FPKEAECEOPE len=24 F5 03 18 00 00 1C 0C C0 01 99 08 00 BA 01 05 18 02 C0 01 01 06 01 3B 04 
25189,8 tx hdr=0xF5 op=0x2D MOVE(x,y,z,rx,ry,state,tick) : 47,497 7 34,664 0,326 263,886 b5 i298488841
25203,7 rx src=FPKEAECEOPE len=14 F5 03 0E 00 07 18 05 C0 01 27 08 04 1D 01 
25208,9 rx src=FPKEAECEOPE len=14 F5 03 0E 00 03 3B 04 C0 01 CC 00 19 2D 00 
25221,7 rx src=FPKEAECEOPE len=24 F5 03 18 00 02 E1 0C C0 01 27 0B 01 B6 00 04 4C 0A C0 01 A0 00 05 4A 01 
25229,8 rx src=FPKEAECEOPE len=24 F5 03 18 00 06 93 0C C0 01 20 00 01 C7 00 07 2E 05 C0 01 42 08 04 1F 01 
25233,8 rx src=FPKEAECEOPE len=34 F5 03 22 00 00 FD 0B C0 01 9E 08 00 BB 05 01 2E 0D 40 03 B8 01 05 BF 08 05 24 02 C0 01 E6 05 01 3B 05 
25233,9 rx src=FPKEAECEOPE len=7 F5 04 07 00 00 07 81 
25244,1 tx hdr=0xF5 op=0x2D MOVE(x,y,z,rx,ry,state,tick) : 47,055 7 34,909 0,462 264,369 b5 i298488895
25258,2 rx src=FPKEAECEOPE len=14 F5 03 0E 00 03 3B 04 C0 01 CC 00 19 2D 00 
25263,0 rx src=FPKEAECEOPE len=14 F5 03 0E 00 02 E1 0C C0 01 27 0B 01 B6 00 
25273,9 tx hdr=0xF5 op=0x04 HIT_REPORT(pos,seq,hits[]) : 47,29 9,37 34,775 i298488925 b7 b0 20,712 8,843 31,97
25274,2 rx src=FPKEAECEOPE len=14 F5 03 0E 00 01 2E 0D 40 03 9A 01 09 C9 08 
25274,2 rx src=FPKEAECEOPE len=14 F5 03 0E 00 04 6E 0A C0 01 97 00 05 4A 01 
25288,5 rx src=FPKEAECEOPE len=24 F5 03 18 00 00 DF 0B C0 01 AA 08 00 BB 05 05 35 02 C0 01 CE 05 01 3B 05 
25288,5 rx src=FPKEAECEOPE len=12 F5 07 0C 00 12 00 08 00 03 00 00 28 
25292,6 tx hdr=0xF5 op=0x2D MOVE(x,y,z,rx,ry,state,tick) : 46,623 7 35,195 0,374 264,601 b5 i298488944
25303,2 rx src=FPKEAECEOPE len=14 F5 03 0E 00 07 45 05 C0 01 5A 08 04 23 01 
25307,7 rx src=FPKEAECEOPE len=24 F5 03 18 00 03 3B 04 C0 01 CC 00 19 2D 00 06 93 0C C0 01 20 00 00 C8 00 
25343,9 tx hdr=0xF5 op=0x2D MOVE(x,y,z,rx,ry,state,tick) : 46,198 7 35,504 0,513 264,772 b5 i298488995
25387,6 rx src=FPKEAECEOPE len=14 F5 03 0E 00 02 E1 0C C0 01 27 0B 01 B7 00 
25387,6 rx src=FPKEAECEOPE len=14 F5 03 0E 00 04 90 0A C0 01 8E 00 05 4A 01 
25387,6 rx src=FPKEAECEOPE len=24 F5 03 18 00 00 C3 0B C0 01 BA 08 00 BB 05 01 39 0D 40 03 9A 01 0D D5 02 
25387,6 rx src=FPKEAECEOPE len=14 F5 03 0E 00 06 93 0C C0 01 20 00 00 C8 00 
25387,6 rx src=FPKEAECEOPE len=24 F5 03 18 00 05 4A 02 C0 01 B8 05 01 3B 05 07 60 05 C0 01 70 08 06 2C 01 
25387,6 rx src=FPKEAECEOPE len=14 F5 03 0E 00 03 3B 04 C0 01 CC 00 19 2D 00 
25387,6 rx src=FPKEAECEOPE len=14 F5 03 0E 00 02 E1 0C C0 01 27 0B 04 B9 00 
25387,6 rx src=FPKEAECEOPE len=7 F5 04 07 00 00 07 40 
25387,6 rx src=FPKEAECEOPE len=14 F5 03 0E 00 04 B2 0A C0 01 86 00 05 49 01 
25387,6 rx src=FPKEAECEOPE len=24 F5 03 18 00 00 A7 0B C0 01 CC 08 00 BC 05 06 93 0C C0 01 20 00 00 C8 00 
25391,4 tx hdr=0xF5 op=0x06 int3/6 : s1 s8 s30
25391,6 tx hdr=0xF5 op=0x04 HIT_REPORT(pos,seq,hits[]) :
25391,6 tx hdr=0xF5 op=0x2D MOVE(x,y,z,rx,ry,state,tick) : 45,776 7 35,827 0,614 264,484 b5 i298489043
25391,8 rx src=FPKEAECEOPE len=34 F5 03 22 00 01 4A 0D 40 03 9A 01 0E DB 02 05 60 02 C0 01 A3 05 01 3B 05 07 7D 05 C0 01 81 08 07 31 01 
25416,5 rx src=FPKEAECEOPE len=14 F5 03 0E 00 03 3B 04 C0 01 CC 00 19 2D 00 
25416,5 rx src=FPKEAECEOPE len=14 F5 03 0E 00 02 E3 0C C0 01 1B 0B 04 B9 08 
25430,1 rx src=FPKEAECEOPE len=24 F5 03 18 00 01 5D 0D 40 03 9A 01 0E DD 02 04 D5 0A C0 01 7E 00 04 48 01 
25436,3 rx src=FPKEAECEOPE len=14 F5 03 0E 00 06 93 0C C0 01 20 00 00 C8 00 
25442,5 tx hdr=0xF5 op=0x2D MOVE(x,y,z,rx,ry,state,tick) : 45,308 7 36 0,475 264,52 b1 i298489093
25442,7 rx src=FPKEAECEOPE len=14 F5 03 0E 00 05 77 02 C0 01 8E 05 01 3B 05 
25460,3 rx src=FPKEAECEOPE len=14 F5 03 0E 00 03 3B 04 C0 01 CC 00 1A 30 00 
25470,0 rx src=FPKEAECEOPE len=14 F5 03 0E 00 07 9B 05 C0 01 90 08 08 33 01 
25470,0 rx src=FPKEAECEOPE len=14 F5 03 0E 00 02 E6 0C C0 01 06 0B 04 B9 08 
25470,0 rx src=FPKEAECEOPE len=12 F5 34 0C 00 A3 94 CA 11 1F 95 CA 11 
25486,2 rx src=FPKEAECEOPE len=24 F5 03 18 00 00 8C 0B C0 01 E0 08 00 BC 05 04 D5 0A C0 01 76 00 04 48 01 
25486,2 rx src=FPKEAECEOPE len=5 F5 04 05 00 00 
25486,2 rx src=FPKEAECEOPE len=24 F5 03 18 00 00 71 0B C0 01 F4 08 00 BC 05 01 70 0D 40 03 9A 01 0F E9 02 
25499,0 tx hdr=0xF5 op=0x2D MOVE(x,y,z,rx,ry,state,tick) : 44,812 7 36,083 0,586 264,523 b1 i298489148
25499,3 rx src=FPKEAECEOPE len=24 F5 03 18 00 06 93 0C C0 01 20 00 00 C8 00 07 BB 05 C0 01 9C 08 08 35 01 
25514,5 rx src=FPKEAECEOPE len=14 F5 03 0E 00 03 3B 04 C0 01 CC 00 1A 31 00 
25520,5 tx hdr=0xF5 op=0x04 HIT_REPORT(pos,seq,hits[]) : 45,062 9,355 36,042 i298489169 b7 b1 22,314 9,412 34,008
25520,7 rx src=FPKEAECEOPE len=24 F5 03 18 00 02 EA 0C C0 01 EE 0A 04 B9 08 05 90 02 C0 01 7A 05 01 3B 05 
25528,4 rx src=FPKEAECEOPE len=24 F5 03 18 00 01 7B 0D 40 03 9A 01 0E EB 00 04 D5 0A C0 01 6F 00 04 48 01 
25542,1 tx hdr=0xF5 op=0x2D MOVE(x,y,z,rx,ry,state,tick) : 44,3 7 36,114 0,472 264,783 b1 i298489191
25542,3 rx src=FPKEAECEOPE len=34 F5 03 22 00 00 53 0B C0 01 00 09 00 BC 01 06 93 0C C0 01 20 00 00 C8 00 07 DC 05 C0 01 A5 08 0B 39 01 
25560,9 rx src=FPKEAECEOPE len=24 F5 03 18 00 03 3B 04 C0 01 CC 00 1A 31 00 05 A8 02 C0 01 66 05 01 3B 05 
25571,5 rx src=FPKEAECEOPE len=14 F5 03 0E 00 02 EE 0C C0 01 D2 0A 04 B9 08 
25586,0 rx src=FPKEAECEOPE len=24 F5 03 18 00 04 D5 0A C0 01 68 00 04 48 01 06 93 0C C0 01 20 00 00 C8 00 
25586,0 rx src=FPKEAECEOPE len=14 F5 03 0E 00 05 C1 02 C0 01 52 05 01 3B 05 
25598,8 tx hdr=0xF5 op=0x2D MOVE(x,y,z,rx,ry,state,tick) : 43,777 7 36,113 0,672 265,049 b1 i298489247
25599,1 rx src=FPKEAECEOPE len=34 F5 03 22 00 00 33 0B C0 01 05 09 00 BC 01 01 81 0D 40 03 9A 01 0E EB 00 07 FD 05 C0 01 AC 08 0C 3D 01 
25612,9 rx src=FPKEAECEOPE len=14 F5 03 0E 00 03 3B 04 C0 01 CC 00 1A 30 00 
25612,9 rx src=FPKEAECEOPE len=7 F5 04 07 00 00 07 21 
25618,9 rx src=FPKEAECEOPE len=24 F5 03 18 00 02 F3 0C C0 01 B5 0A 04 B9 08 04 F7 0A C0 01 61 00 04 47 01 
25631,1 rx src=FPKEAECEOPE len=14 F5 03 0E 00 06 93 0C C0 01 20 00 00 C8 00 
25640,8 tx hdr=0xF5 op=0x2D MOVE(x,y,z,rx,ry,state,tick) : 43,248 7 36,095 0,825 265,262 b1 i298489289
25641,1 rx src=FPKEAECEOPE len=44 F5 03 2C 00 00 13 0B C0 01 07 09 00 BC 01 01 85 0D 40 03 9A 01 0E EB 00 05 DA 02 C0 01 3E 05 01 3B 05 07 1F 06 C0 01 B0 08 0D 3E 01 
25645,2 tx hdr=0xF5 op=0x04 HIT_REPORT(pos,seq,hits[]) : 43,761 9,386 36,124 i298489294 b7 b0 23,393 8,88 34,964
25669,8 rx src=FPKEAECEOPE len=14 F5 03 0E 00 03 3B 04 C0 01 CC 00 1B 30 00 
25669,8 rx src=FPKEAECEOPE len=14 F5 03 0E 00 02 F8 0C C0 01 97 0A 04 B9 08 
25685,9 rx src=FPKEAECEOPE len=14 F5 03 0E 00 04 1A 0B C0 01 5A 00 04 47 01 
25685,9 rx src=FPKEAECEOPE len=34 F5 03 22 00 01 88 0D 40 03 9A 01 0A EA 00 05 F3 02 C0 01 2A 05 01 3B 05 06 93 0C C0 01 20 00 00 C8 00 
25698,7 tx hdr=0xF5 op=0x2D MOVE(x,y,z,rx,ry,state,tick) : 42,715 7 36,067 0,772 265,476 b1 i298489347
25698,9 rx src=FPKEAECEOPE len=14 F5 03 0E 00 00 F1 0A C0 01 07 09 00 BC 01 
25715,2 rx src=FPKEAECEOPE len=14 F5 03 0E 00 03 2F 04 C0 01 C7 00 1C 30 02 
25719,8 rx src=FPKEAECEOPE len=24 F5 03 18 00 02 FC 0C C0 01 78 0A 04 B9 08 07 41 06 C0 01 B3 08 0D 3F 01 
25729,4 rx src=FPKEAECEOPE len=14 F5 03 0E 00 04 3C 0B C0 01 54 00 04 46 01 
25729,4 rx src=FPKEAECEOPE len=24 F5 03 18 00 00 CF 0A C0 01 06 09 00 BC 01 07 63 06 C0 01 B4 08 0D 40 01 
25729,4 rx src=FPKEAECEOPE len=7 F5 04 07 00 00 07 20 
25742,2 tx hdr=0xF5 op=0x2D MOVE(x,y,z,rx,ry,state,tick) : 42,18 7 36,034 0,876 265,587 b1 i298489391
25742,5 rx src=FPKEAECEOPE len=24 F5 03 18 00 01 89 0D 40 03 9A 01 09 E7 00 05 0F 03 C0 01 1F 05 01 3B 01 
25755,3 rx src=FPKEAECEOPE len=14 F5 03 0E 00 03 1C 04 C0 01 C0 00 1C 30 02 
25770,2 tx hdr=0xF5 op=0x04 HIT_REPORT(pos,seq,hits[]) : 42,489 9,364 36,057 i298489419 b7 b0 24,767 8,73 34,404
25770,4 rx src=FPKEAECEOPE len=14 F5 03 0E 00 02 01 0D C0 01 59 0A 04 B9 08 
25785,6 rx src=FPKEAECEOPE len=14 F5 03 0E 00 04 5F 0B C0 01 4E 00 04 46 01 
25801,2 tx hdr=0xF5 op=0x2D MOVE(x,y,z,rx,ry,state,tick) : 41,644 7 35,997 0,779 265,664 b1 i298489450
25801,4 rx src=FPKEAECEOPE len=24 F5 03 18 00 00 AD 0A C0 01 04 09 00 BC 01 01 8A 0D 40 03 9A 01 08 E5 00 
25801,4 rx src=FPKEAECEOPE len=14 F5 03 0E 00 07 86 06 C0 01 B5 08 0D 40 01 
25815,1 rx src=FPKEAECEOPE len=24 F5 03 18 00 03 04 04 C0 01 B6 00 1C 30 02 05 2C 03 C0 01 1B 05 01 3B 01 
25819,8 rx src=FPKEAECEOPE len=14 F5 03 0E 00 02 06 0D C0 01 3A 0A 04 B9 08 
25828,8 rx src=FPKEAECEOPE len=14 F5 03 0E 00 04 82 0B C0 01 48 00 04 46 01 
25835,2 rx src=FPKEAECEOPE len=24 F5 03 18 00 00 8B 0A C0 01 02 09 00 BC 01 01 8B 0D 40 03 99 01 07 E1 00 
25841,1 tx hdr=0xF5 op=0x2D MOVE(x,y,z,rx,ry,state,tick) : 41,107 7 35,959 0,923 265,679 b1 i298489490
25848,2 rx src=FPKEAECEOPE len=6 F5 0F 06 00 05 02 
25853,4 rx src=FPKEAECEOPE len=14 F5 03 0E 00 07 A8 06 C0 01 B6 08 0B 40 01 
25860,9 rx src=FPKEAECEOPE len=24 F5 03 18 00 03 EB 03 C0 01 AC 00 1C 30 02 05 4F 03 C0 01 19 05 01 3B 01 
25860,9 rx src=FPKEAECEOPE len=7 F5 04 07 00 00 07 10 
25866,3 rx src=FPKEAECEOPE len=14 F5 03 0E 00 02 0B 0D C0 01 1A 0A 04 B9 08 
25874,5 rx src=FPKEAECEOPE len=14 F5 03 0E 00 05 72 03 C0 01 1A 05 01 3B 01 
25889,3 rx src=FPKEAECEOPE len=14 F5 03 0E 00 04 A4 0B C0 01 42 00 04 45 01 
25889,3 rx src=FPKEAECEOPE len=14 F5 03 0E 00 01 8B 0D 40 03 99 01 07 DE 00 
25893,2 tx hdr=0xF5 op=0x04 HIT_REPORT(pos,seq,hits[]) : 41,112 9,368 35,952 i298489542 b7 b1 26,161 9,096 34,662
25893,3 tx hdr=0xF5 op=0x2D MOVE(x,y,z,rx,ry,state,tick) : 40,569 7 35,92 1,158 265,676 b1 i298489542
25902,8 rx src=FPKEAECEOPE len=24 F5 03 18 00 00 69 0A C0 01 FF 08 00 BC 01 07 CB 06 C0 01 B5 08 09 41 01 
25918,0 rx src=FPKEAECEOPE len=14 F5 03 0E 00 03 CF 03 C0 01 A1 00 1C 30 02 
25918,1 rx src=FPKEAECEOPE len=14 F5 03 0E 00 02 0F 0D C0 01 FB 09 04 B9 08 
25932,4 rx src=FPKEAECEOPE len=14 F5 03 0E 00 04 C7 0B C0 01 3D 00 04 45 01 
25937,1 rx src=FPKEAECEOPE len=34 F5 03 22 00 00 46 0A C0 01 FD 08 00 BC 01 01 8B 0D 40 03 99 01 05 DA 00 07 ED 06 C0 01 B4 08 08 42 01 
25946,3 tx hdr=0xF5 op=0x2D MOVE(x,y,z,rx,ry,state,tick) : 40,031 7 35,88 1,2 265,547 b1 i298489595
25952,1 rx src=FPKEAECEOPE len=14 F5 03 0E 00 05 96 03 C0 01 1C 05 01 3C 01 
25960,0 rx src=FPKEAECEOPE len=14 F5 03 0E 00 03 C1 03 C0 01 9B 00 1B 2F 22 
25975,7 rx src=FPKEAECEOPE len=14 F5 03 0E 00 02 14 0D C0 01 DB 09 04 B9 08 
25990,0 tx hdr=0xF5 op=0x2D MOVE(x,y,z,rx,ry,state,tick) : 39,493 7 35,838 1,414 265,385 b1 i298489638
26022,5 tx hdr=0xF5 op=0x04 HIT_REPORT(pos,seq,hits[]) : 39,721 9,382 35,843 i298489671 b7 b1 27,477 9,183 34,865
26047,9 tx hdr=0xF5 op=0x2D MOVE(x,y,z,rx,ry,state,tick) : 39,005 7 35,953 1,373 265,089 b5 i298489696
26048,2 rx src=FPKEAECEOPE len=24 F5 03 18 00 04 EA 0B C0 01 37 00 04 45 01 05 BB 03 C0 01 1E 05 01 3D 01 
26048,2 rx src=FPKEAECEOPE len=7 F5 0B 07 00 07 00 01 
26048,5 rx src=FPKEAECEOPE len=8 F5 0C 08 00 00 07 00 01 
26048,7 rx src=FPKEAECEOPE len=10 F5 13 0A 00 07 01 01 00 00 00 
26048,7 rx src=FPKEAECEOPE len=10 F5 13 0A 00 00 00 02 00 0D 00 
26048,7 rx src=FPKEAECEOPE len=6 F5 15 06 00 01 03 
26048,7 rx src=FPKEAECEOPE len=7 F5 04 07 00 00 07 11 
26048,7 rx src=FPKEAECEOPE len=14 F5 03 0E 00 01 8B 0D 40 03 99 01 05 DA 00 
26048,7 rx src=FPKEAECEOPE len=14 F5 03 0E 00 00 24 0A C0 01 FA 08 00 BC 01 
26048,7 rx src=FPKEAECEOPE len=14 F5 03 0E 00 03 B9 03 C0 01 98 00 18 2F 20 
26048,7 rx src=FPKEAECEOPE len=14 F5 03 0E 00 02 19 0D C0 01 BB 09 04 B9 08 
26048,7 rx src=FPKEAECEOPE len=7 F5 0B 07 00 06 04 01 
26048,9 rx src=FPKEAECEOPE len=8 F5 0C 08 00 04 06 02 01 
26052,6 rx src=FPKEAECEOPE len=10 F5 13 0A 00 06 01 06 00 10 00 
26052,6 rx src=FPKEAECEOPE len=10 F5 13 0A 00 04 00 03 00 15 00 
26052,7 rx src=FPKEAECEOPE len=7 F5 04 07 00 04 06 11 
26052,7 rx src=FPKEAECEOPE len=14 F5 03 0E 00 04 0D 0C C0 01 32 00 04 45 01 
26052,7 rx src=FPKEAECEOPE len=24 F5 03 18 00 00 01 0A C0 01 F8 08 00 BC 01 01 8B 0D 40 03 99 01 05 DA 00 
26057,6 rx src=FPKEAECEOPE len=24 F5 03 18 00 03 B4 03 C0 01 95 00 17 2F 20 05 DF 03 C0 01 20 05 02 3D 01 
26074,5 rx src=FPKEAECEOPE len=34 F5 03 22 00 02 1E 0D C0 01 9C 09 02 B9 08 04 30 0C C0 01 2D 00 04 45 01 05 04 04 C0 01 22 05 02 3E 01 
26091,4 tx hdr=0xF5 op=0x2D MOVE(x,y,z,rx,ry,state,tick) : 38,544 6 36,157 1,456 264,04 b21 i298489740
26091,6 rx src=FPKEAECEOPE len=14 F5 03 0E 00 01 8B 0D 40 03 99 01 05 DA 00 
26106,8 rx src=FPKEAECEOPE len=14 F5 03 0E 00 03 B0 03 C0 01 94 00 17 2F 20 
26118,9 rx src=FPKEAECEOPE len=14 F5 03 0E 00 02 23 0D C0 01 7C 09 02 B9 08 
26138,0 rx src=FPKEAECEOPE len=14 F5 03 0E 00 04 52 0C C0 01 28 00 03 45 01 
26138,0 rx src=FPKEAECEOPE len=34 F5 03 22 00 00 DF 09 C0 01 F5 08 01 BC 01 01 8B 0D 40 03 99 01 04 DB 00 05 28 04 C0 01 24 05 02 3E 01 
26138,0 rx src=FPKEAECEOPE len=5 F5 04 05 00 00 
26140,6 tx hdr=0xF5 op=0x2D MOVE(x,y,z,rx,ry,state,tick) : 38,544 6 36,362 1,552 263,29 b5 i298489789
26153,4 rx src=FPKEAECEOPE len=24 F5 03 18 00 00 C0 09 C0 01 FC 08 00 BC 05 03 AF 03 C0 01 94 00 15 2F 20 
26169,7 rx src=FPKEAECEOPE len=24 F5 03 18 00 02 28 0D C0 01 5D 09 02 B9 08 05 4D 04 C0 01 26 05 02 3E 01 
26185,2 rx src=FPKEAECEOPE len=14 F5 03 0E 00 04 75 0C C0 01 23 00 03 45 01 
26185,3 rx src=FPKEAECEOPE len=14 F5 03 0E 00 00 A2 09 80 01 0A 09 01 BB 15 
26200,6 tx hdr=0xF5 op=0x2D MOVE(x,y,z,rx,ry,state,tick) : 38,091 6 36,608 1,044 259,99 b5 i298489849
26201,0 rx src=FPKEAECEOPE len=14 F5 03 0E 00 01 8B 0D 40 03 99 01 04 DB 00 
26218,4 rx src=FPKEAECEOPE len=14 F5 03 0E 00 03 AE 03 C0 01 93 00 13 2E 20 
26221,5 rx src=FPKEAECEOPE len=24 F5 03 18 00 02 2B 0D C0 01 4A 09 02 BA 00 04 98 0C C0 01 20 00 03 45 01 
26236,1 rx src=FPKEAECEOPE len=14 F5 03 0E 00 05 72 04 C0 01 27 05 02 3E 01 
26236,1 rx src=FPKEAECEOPE len=24 F5 03 18 00 00 A2 09 80 01 17 09 01 BB 05 01 8B 0D 40 03 99 01 04 DB 00 
26236,1 rx src=FPKEAECEOPE len=5 F5 04 05 00 04 
26240,3 tx hdr=0xF5 op=0x2D MOVE(x,y,z,rx,ry,state,tick) : 37,638 6 36,875 0,793 258,19 b5 i298489889
26257,6 rx src=FPKEAECEOPE len=14 F5 03 0E 00 03 AD 03 C0 01 93 00 12 2E 20 
26276,2 rx src=FPKEAECEOPE len=24 F5 03 18 00 02 2C 0D C0 01 3E 09 01 BA 00 04 BB 0C C0 01 20 00 03 45 01 
26288,6 rx src=FPKEAECEOPE len=14 F5 03 0E 00 05 96 04 F8 01 28 05 02 3E 11 
26288,6 rx src=FPKEAECEOPE len=5 F5 04 05 00 07 
26288,7 rx src=FPKEAECEOPE len=14 F5 03 0E 00 01 8B 0D 40 03 99 01 04 DB 00 
26292,7 tx hdr=0xF5 op=0x2D MOVE(x,y,z,rx,ry,state,tick) : 37,183 6 37,148 0,708 256,69 b5 i298489941
26292,9 rx src=FPKEAECEOPE len=14 F5 03 0E 00 00 85 09 80 01 26 09 00 B8 05 
26313,7 rx src=FPKEAECEOPE len=14 F5 03 0E 00 03 AD 03 C0 01 93 00 0F 2E 20 
26319,6 rx src=FPKEAECEOPE len=14 F5 03 0E 00 05 BB 04 21 02 29 05 02 3E 11 
26327,1 rx src=FPKEAECEOPE len=24 F5 03 18 00 02 2D 0D C0 01 37 09 01 BA 00 04 DE 0C C0 01 20 00 03 45 01 
26336,8 rx src=FPKEAECEOPE len=14 F5 03 0E 00 00 68 09 80 01 37 09 00 B7 05 
26336,8 rx src=FPKEAECEOPE len=12 F5 07 0C 00 33 00 0F 00 08 00 00 28 
26342,0 tx hdr=0xF5 op=0x2D MOVE(x,y,z,rx,ry,state,tick) : 36,725 6 37,424 0,74 256,24 b5 i298489990
26355,3 rx src=FPKEAECEOPE len=14 F5 03 0E 00 01 8B 0D 40 03 99 01 04 DB 00 
26358,4 rx src=FPKEAECEOPE len=14 F5 03 0E 00 03 AD 03 C0 01 93 00 0E 2E 20 
26374,0 rx src=FPKEAECEOPE len=24 F5 03 18 00 02 2E 0D C0 01 33 09 01 BA 00 04 01 0D C0 01 20 00 04 44 01 
26385,9 rx src=FPKEAECEOPE len=14 F5 03 0E 00 05 E0 04 3A 02 2A 05 03 3D 11 
26385,9 rx src=FPKEAECEOPE len=24 F5 03 18 00 00 4B 09 80 01 49 09 00 B6 05 01 8B 0D 40 03 99 01 04 DC 00 
26401,5 tx hdr=0xF5 op=0x2D MOVE(x,y,z,rx,ry,state,tick) : 36,259 6 37,689 359,876 252,64 b5 i298490050
26417,5 rx src=FPKEAECEOPE len=14 F5 03 0E 00 03 AD 03 C0 01 93 00 0E 2E 20 
26417,5 rx src=FPKEAECEOPE len=5 F5 04 05 00 07 
26432,1 rx src=FPKEAECEOPE len=24 F5 03 18 00 02 2E 0D C0 01 31 09 01 BA 00 04 24 0D C0 01 20 00 05 43 01 
26432,1 rx src=FPKEAECEOPE len=14 F5 03 0E 00 05 E0 04 45 02 2C 05 03 38 11 
26432,1 rx src=FPKEAECEOPE len=12 F5 34 0C 00 86 98 CA 11 DF 98 CA 11 
26437,0 rx src=FPKEAECEOPE len=24 F5 03 18 00 00 2E 09 80 01 5B 09 00 B6 05 01 8B 0D 40 03 99 01 04 DC 00 
26447,5 tx hdr=0xF5 op=0x2D MOVE(x,y,z,rx,ry,state,tick) : 35,785 6 37,943 359,44 250,84 b5 i298490094
26460,5 rx src=FPKEAECEOPE len=14 F5 03 0E 00 03 AD 03 C0 01 93 00 0E 2E 20 
26482,8 rx src=FPKEAECEOPE len=34 F5 03 22 00 02 2F 0D C0 01 2F 09 01 BA 00 04 47 0D C0 01 20 00 08 41 01 05 05 05 40 02 2D 05 06 31 11 
26486,5 rx src=FPKEAECEOPE len=14 F5 03 0E 00 01 8B 0D 40 03 99 01 04 DC 00 
26497,0 tx hdr=0xF5 op=0x2D MOVE(x,y,z,rx,ry,state,tick) : 35,3 7 38,176 358,54 247,09 b5 i298490143
26497,4 rx src=FPKEAECEOPE len=14 F5 03 0E 00 00 10 09 80 01 6C 09 FF B3 05 
26513,0 rx src=FPKEAECEOPE len=14 F5 03 0E 00 03 AD 03 C0 01 93 00 0E 2E 20 
26526,4 rx src=FPKEAECEOPE len=14 F5 03 0E 00 02 2F 0D C0 01 2F 09 01 BA 00 
26526,5 rx src=FPKEAECEOPE len=5 F5 04 05 00 04 
26526,5 rx src=FPKEAECEOPE len=6 F5 0F 06 00 05 00 
26531,5 rx src=FPKEAECEOPE len=14 F5 03 0E 00 04 6A 0D C0 01 20 00 0D 3F 01 
26541,1 tx hdr=0xF5 op=0x2D MOVE(x,y,z,rx,ry,state,tick) : 34,807 7 38,392 358,239 245,44 b5 i298490187
26541,3 rx src=FPKEAECEOPE len=34 F5 03 22 00 00 F2 08 80 01 7C 09 FF B2 05 01 8B 0D 40 03 99 01 04 D4 00 05 25 05 40 02 2E 05 0B 21 01 
26571,5 rx src=FPKEAECEOPE len=14 F5 03 0E 00 03 AD 03 C0 01 93 00 0E 2E 20 
26571,5 rx src=FPKEAECEOPE len=24 F5 03 18 00 02 2F 0D C0 01 2F 09 01 BB 00 05 40 05 40 02 39 05 0C 1A 01 
26585,1 rx src=FPKEAECEOPE len=14 F5 03 0E 00 04 8D 0D C0 01 20 00 10 3A 01 
26589,1 rx src=FPKEAECEOPE len=24 F5 03 18 00 00 D3 08 C0 01 8B 09 FE AF 05 01 8B 0D 40 03 99 01 00 B9 00 
26600,2 tx hdr=0xF5 op=0x2D MOVE(x,y,z,rx,ry,state,tick) : 34,305 7 38,585 357,64 242,29 b5 i298490247
26600,4 rx src=FPKEAECEOPE len=5 F5 04 05 00 06 
26604,4 rx src=FPKEAECEOPE len=14 F5 03 0E 00 03 AD 03 C0 01 93 00 0E 2E 20 
26618,9 rx src=FPKEAECEOPE len=14 F5 03 0E 00 02 2F 0D C0 01 2F 09 01 BB 00 
26634,2 rx src=FPKEAECEOPE len=24 F5 03 18 00 04 A9 0D C0 01 2D 00 12 15 01 05 55 05 40 02 4B 05 0D 12 01 
26649,8 tx hdr=0xF5 op=0x2D MOVE(x,y,z,rx,ry,state,tick) : 33,794 7 38,754 357,64 238,99 b5 i298490296
26690,0 tx hdr=0xF5 op=0x2D MOVE(x,y,z,rx,ry,state,tick) : 33,275 7 38,896 357,339 235,99 b5 i298490336
26702,3 rx src=FPKEAECEOPE len=14 F5 03 0E 00 00 B3 08 C0 01 99 09 FE AE 05 
26702,3 rx src=FPKEAECEOPE len=14 F5 03 0E 00 01 8B 0D 40 03 99 01 FE AD 00 
26702,3 rx src=FPKEAECEOPE len=14 F5 03 0E 00 03 AD 03 C0 01 93 00 0E 2E 20 
26702,3 rx src=FPKEAECEOPE len=14 F5 03 0E 00 04 B2 0D C0 01 40 00 12 E6 01 
26702,3 rx src=FPKEAECEOPE len=5 F5 04 05 00 02 
26702,5 rx src=FPKEAECEOPE len=24 F5 03 18 00 01 8B 0D 40 03 99 01 FD AA 00 02 2F 0D C0 01 2F 09 00 BC 00 
26702,5 rx src=FPKEAECEOPE len=14 F5 03 0E 00 00 93 08 C0 01 A5 09 FE AC 05 
26711,2 rx src=FPKEAECEOPE len=24 F5 03 18 00 03 AD 03 C0 01 93 00 0E 2E 20 05 66 05 00 02 62 05 0D 0B 11 
26717,6 rx src=FPKEAECEOPE len=14 F5 03 0E 00 02 2F 0D C0 01 2F 09 00 BC 00 
26730,5 rx src=FPKEAECEOPE len=24 F5 03 18 00 04 B7 0D C0 01 4C 00 12 C6 00 05 77 05 C0 01 79 05 0D 07 11 
26744,9 tx hdr=0xF5 op=0x2D MOVE(x,y,z,rx,ry,state,tick) : 32,749 7 39,002 357,339 230,59 b5 i298490391
26745,4 rx src=FPKEAECEOPE len=14 F5 03 0E 00 01 8B 0D 40 03 99 01 FD A7 00 
26757,0 rx src=FPKEAECEOPE len=14 F5 03 0E 00 03 AD 03 C0 01 93 00 0D 2E 20 
26772,5 rx src=FPKEAECEOPE len=24 F5 03 18 00 02 2F 0D C0 01 2F 09 00 BC 00 04 BA 0D C0 01 53 00 11 C2 00 
26788,8 rx src=FPKEAECEOPE len=14 F5 03 0E 00 05 87 05 C0 01 90 05 0B 04 01 
26788,8 rx src=FPKEAECEOPE len=14 F5 03 0E 00 01 8B 0D 40 03 99 01 FC A6 00 
26788,8 rx src=FPKEAECEOPE len=5 F5 04 05 00 02 
26793,6 tx hdr=0xF5 op=0x2D MOVE(x,y,z,rx,ry,state,tick) : 32,218 7 39,075 357,339 227,44 b5 i298490440
26804,2 rx src=FPKEAECEOPE len=24 F5 03 18 00 00 72 08 C0 01 B0 09 FE A9 05 03 AD 03 C0 01 93 00 0D 2E 20 
26804,2 rx src=FPKEAECEOPE len=14 F5 03 0E 00 00 51 08 C0 01 B9 09 FE A7 05 
26819,2 rx src=FPKEAECEOPE len=24 F5 03 18 00 02 2F 0D C0 01 2F 09 FF BD 00 05 92 05 C0 01 AA 05 0B 03 01 
26834,0 rx src=FPKEAECEOPE len=14 F5 03 0E 00 04 BC 0D C0 01 57 00 11 C2 00 
26834,0 rx src=FPKEAECEOPE len=14 F5 03 0E 00 01 8B 0D 40 03 99 01 FA A9 00 
26837,2 rx src=FPKEAECEOPE len=14 F5 03 0E 00 00 2F 08 C0 01 C0 09 FE A3 05 
26852,7 tx hdr=0xF5 op=0x2D MOVE(x,y,z,rx,ry,state,tick) : 31,683 7 39,112 357,339 223,24 b5 i298490499
26868,1 rx src=FPKEAECEOPE len=14 F5 03 0E 00 03 AD 03 C0 01 93 00 0D 2E 20 
26868,1 rx src=FPKEAECEOPE len=14 F5 03 0E 00 02 2F 0D C0 01 2F 09 FF BD 00 
26884,3 rx src=FPKEAECEOPE len=24 F5 03 18 00 04 BD 0D C0 01 59 00 11 C2 00 05 9A 05 C0 01 C7 05 0A 02 01 
26888,9 rx src=FPKEAECEOPE len=24 F5 03 18 00 00 0D 08 C0 01 C4 09 FE A1 05 01 8B 0D 40 03 99 01 F6 AF 00 
26900,0 tx hdr=0xF5 op=0x2D MOVE(x,y,z,rx,ry,state,tick) : 31,147 6 39,119 357,339 220,99 b21 i298490546
26900,3 rx src=FPKEAECEOPE len=5 F5 04 05 00 02 
26915,0 rx src=FPKEAECEOPE len=14 F5 03 0E 00 03 AD 03 C0 01 93 00 0D 2E 20 
26929,3 rx src=FPKEAECEOPE len=14 F5 03 0E 00 02 2F 0D C0 01 2F 09 FF BD 00 
26929,4 rx src=FPKEAECEOPE len=24 F5 03 18 00 04 BD 0D C0 01 5B 00 10 C3 00 05 A0 05 C0 01 E5 05 08 03 01 
26942,5 tx hdr=0xF5 op=0x2D MOVE(x,y,z,rx,ry,state,tick) : 30,61 5 39,127 357,339 219,49 b21 i298490589
26942,7 rx src=FPKEAECEOPE len=14 F5 03 0E 00 01 8B 0D 40 03 99 01 F2 B8 00 
26948,7 rx src=FPKEAECEOPE len=14 F5 03 0E 00 00 EB 07 C0 01 C7 09 FE 9E 05 
26957,2 rx src=FPKEAECEOPE len=14 F5 03 0E 00 03 AD 03 C0 01 93 00 0D 2E 20 
26974,2 rx src=FPKEAECEOPE len=14 F5 03 0E 00 02 2F 0D C0 01 2F 09 FF BD 00 
26979,0 rx src=FPKEAECEOPE len=24 F5 03 18 00 04 BE 0D C0 01 5B 00 0F C5 00 05 A4 05 C0 01 04 06 07 03 01 
26990,9 tx hdr=0xF5 op=0x2D MOVE(x,y,z,rx,ry,state,tick) : 30,074 5 39,134 357,339 217,99 b5 i298490637
26991,1 rx src=FPKEAECEOPE len=24 F5 03 18 00 00 C9 07 80 01 C7 09 FE 9D 15 01 8B 0D 40 03 99 01 F0 C1 00 
27005,9 rx src=FPKEAECEOPE len=5 F5 04 05 00 02 
27006,0 rx src=FPKEAECEOPE len=14 F5 03 0E 00 03 AD 03 C0 01 93 00 0B 2E 20 
27025,6 rx src=FPKEAECEOPE len=24 F5 03 18 00 02 2F 0D C0 01 2F 09 FF BD 00 05 A8 05 C0 01 23 06 06 04 01 
27036,6 rx src=FPKEAECEOPE len=14 F5 03 0E 00 04 BE 0D C0 01 5B 00 0D CD 00 
27036,6 rx src=FPKEAECEOPE len=24 F5 03 18 00 00 A7 07 40 01 C8 09 FE 9C 15 01 8B 0D 40 03 99 01 F0 C4 00 
27040,4 tx hdr=0xF5 op=0x2D MOVE(x,y,z,rx,ry,state,tick) : 29,538 5 39,107 357,339 216,79 b5 i298490687
27065,8 rx src=FPKEAECEOPE len=14 F5 03 0E 00 03 AD 03 C0 01 93 00 0B 2F 20 
27084,8 rx src=FPKEAECEOPE len=34 F5 03 22 00 02 2F 0D C0 01 2F 09 01 BD 00 04 BE 0D C0 01 5B 00 07 E8 00 05 AC 05 C0 01 42 06 06 05 01 
27084,8 rx src=FPKEAECEOPE len=14 F5 03 0E 00 00 84 07 40 01 C8 09 FE 9B 05 
27088,9 rx src=FPKEAECEOPE len=14 F5 03 0E 00 01 8B 0D 40 03 99 01 EF C6 00 
27099,5 tx hdr=0xF5 op=0x2D MOVE(x,y,z,rx,ry,state,tick) : 29,004 6 39,055 357,339 215,29 b5 i298490746
27106,2 rx src=FPKEAECEOPE len=14 F5 03 0E 00 03 AD 03 C0 01 93 00 0A 30 20 
27106,2 rx src=FPKEAECEOPE len=5 F5 04 05 00 02 
27120,8 rx src=FPKEAECEOPE len=24 F5 03 18 00 02 2F 0D C0 01 2F 09 02 BC 00 05 B1 05 C0 01 62 06 06 07 01 
27134,0 rx src=FPKEAECEOPE len=14 F5 03 0E 00 04 BE 0D C0 01 5B 00 02 05 00 
27134,1 rx src=FPKEAECEOPE len=24 F5 03 18 00 00 62 07 40 01 C6 09 FE 9A 05 01 8B 0D 40 03 99 01 EF C7 00 
27149,7 tx hdr=0xF5 op=0x2D MOVE(x,y,z,rx,ry,state,tick) : 28,471 6 38,983 357,339 214,09 b5 i298490796
27166,2 rx src=FPKEAECEOPE len=14 F5 03 0E 00 03 AD 03 C0 01 93 00 0A 30 20 
27178,7 rx src=FPKEAECEOPE len=24 F5 03 18 00 02 2F 0D C0 01 2F 09 02 BC 00 05 B6 05 C0 01 81 06 06 07 01 
27178,8 rx src=FPKEAECEOPE len=14 F5 03 0E 00 04 BE 0D C0 01 5B 00 01 08 00 
27185,7 rx src=FPKEAECEOPE len=14 F5 03 0E 00 01 8B 0D 40 03 99 01 F0 CB 00 
27196,6 tx hdr=0xF5 op=0x2D MOVE(x,y,z,rx,ry,state,tick) : 27,941 6 38,895 357,339 213,04 b5 i298490843
27196,8 rx src=FPKEAECEOPE len=14 F5 03 0E 00 00 40 07 80 01 C3 09 FE 99 05 
27211,8 rx src=FPKEAECEOPE len=14 F5 03 0E 00 03 AD 03 C0 01 93 00 0A 30 20 
27226,3 rx src=FPKEAECEOPE len=14 F5 03 0E 00 05 BC 05 C0 01 A0 06 06 08 01 
27226,3 rx src=FPKEAECEOPE len=5 F5 04 05 00 02 
27233,7 rx src=FPKEAECEOPE len=14 F5 03 0E 00 04 BE 0D C0 01 5B 00 01 08 00 
27233,7 rx src=FPKEAECEOPE len=24 F5 03 18 00 01 8B 0D 40 03 99 01 F0 CD 00 02 2F 0D C0 01 2F 09 02 BC 00 
27240,7 tx hdr=0xF5 op=0x2D MOVE(x,y,z,rx,ry,state,tick) : 27,505 6 38,66 357,339 212,74 b1 i298490887
27246,3 rx src=FPKEAECEOPE len=14 F5 03 0E 00 00 1E 07 80 01 BE 09 FE 98 05 
27256,5 rx src=FPKEAECEOPE len=14 F5 03 0E 00 03 AD 03 C0 01 93 00 0A 30 20 
27272,9 rx src=FPKEAECEOPE len=24 F5 03 18 00 02 2F 0D C0 01 2F 09 02 BC 00 04 C1 0D C0 01 69 00 00 08 01 
27287,0 rx src=FPKEAECEOPE len=14 F5 03 0E 00 05 C2 05 C0 01 C0 06 06 08 01 
27287,0 rx src=FPKEAECEOPE len=14 F5 03 0E 00 01 8B 0D 40 03 99 01 F1 D0 00 
27290,4 tx hdr=0xF5 op=0x2D MOVE(x,y,z,rx,ry,state,tick) : 27,128 7 38,337 357,339 212,44 b1 i298490937
27290,6 rx src=FPKEAECEOPE len=14 F5 03 0E 00 00 FC 06 80 01 B9 09 FE 97 05 
27344,2 tx hdr=0xF5 op=0x2D MOVE(x,y,z,rx,ry,state,tick) : 26,787 7 37,96 357,19 211,99 b1 i298490991
27365,5 rx src=FPKEAECEOPE len=14 F5 03 0E 00 03 AD 03 C0 01 93 00 07 30 20 
27365,5 rx src=FPKEAECEOPE len=14 F5 03 0E 00 05 C8 05 C0 01 DF 06 06 09 01 
27365,5 rx src=FPKEAECEOPE len=5 F5 04 05 00 02 
27365,6 rx src=FPKEAECEOPE len=14 F5 03 0E 00 04 C5 0D C0 01 7F 00 FF 08 01 
27365,6 rx src=FPKEAECEOPE len=34 F5 03 22 00 00 E0 06 80 01 AA 09 FE 97 01 01 8B 0D 40 03 99 01 F1 D2 00 02 2F 0D C0 01 2F 09 02 BC 00 
27365,6 rx src=FPKEAECEOPE len=14 F5 03 0E 00 03 AD 03 C0 01 93 00 03 30 20 
27371,9 rx src=FPKEAECEOPE len=14 F5 03 0E 00 02 2F 0D C0 01 2F 09 02 BC 00 
27382,3 rx src=FPKEAECEOPE len=24 F5 03 18 00 04 CB 0D F8 01 9A 00 FE 08 11 05 C6 05 C0 01 FD 06 06 0B 09 
27387,1 rx src=FPKEAECEOPE len=14 F5 03 0E 00 01 80 0D 40 03 A0 01 F2 D5 01 
27399,0 tx hdr=0xF5 op=0x2D MOVE(x,y,z,rx,ry,state,tick) : 26,472 7 37,548 357,19 210,94 b1 i298491045
27416,1 rx src=FPKEAECEOPE len=14 F5 03 0E 00 03 AD 03 C0 01 93 00 FF 30 20 
27420,4 rx src=FPKEAECEOPE len=24 F5 03 18 00 04 D1 0D 21 02 9A 00 FE 08 11 05 B9 05 C0 01 14 07 05 0F 08 
27433,4 tx hdr=0xF5 op=0x06 int3/6 : s24 s9 s29
27433,5 tx hdr=0xF5 op=0x04 HIT_REPORT(pos,seq,hits[]) :
27433,7 rx src=FPKEAECEOPE len=14 F5 03 0E 00 02 2F 0D C0 01 2F 09 02 BC 00 
27451,3 tx hdr=0xF5 op=0x2D MOVE(x,y,z,rx,ry,state,tick) : 26,379 7 37,108 1,794 198,5 b9 i298491098
27451,5 rx src=FPKEAECEOPE len=14 F5 03 0E 00 01 6E 0D 40 03 AA 01 F2 D5 01 
27451,5 rx src=FPKEAECEOPE len=14 F5 03 0E 00 03 AD 03 C0 01 93 00 FB 30 20 
27464,9 rx src=FPKEAECEOPE len=14 F5 03 0E 00 00 C8 06 C0 01 95 09 FE 97 01 
27465,0 rx src=FPKEAECEOPE len=12 F5 34 0C 00 6F 9C CA 11 E4 9C CA 11 
27465,0 rx src=FPKEAECEOPE len=14 F5 03 0E 00 00 B2 06 C0 01 7D 09 FE 96 01 
27481,0 rx src=FPKEAECEOPE len=24 F5 03 18 00 02 2F 0D C0 01 2F 09 02 BC 00 05 A6 05 C0 01 28 07 04 16 08 
27484,4 rx src=FPKEAECEOPE len=14 F5 03 0E 00 04 D6 0D 3A 02 9A 00 FE 08 11 
27499,4 tx hdr=0xF5 op=0x2D MOVE(x,y,z,rx,ry,state,tick) : 26,414 7 36,648 2,061 200,234 b9 i298491142
27499,6 rx src=FPKEAECEOPE len=24 F5 03 18 00 00 9E 06 C0 01 63 09 FE 96 01 01 58 0D 40 03 B7 01 F2 D5 01 
27516,4 tx hdr=0xF5 op=0x10 ready/16 :
27516,7 rx src=FPKEAECEOPE len=14 F5 03 0E 00 03 AD 03 C0 01 93 00 FA 30 20 
27516,7 rx src=FPKEAECEOPE len=14 F5 03 0E 00 04 DC 0D 45 02 9A 00 FE 08 11 
27520,7 rx src=FPKEAECEOPE len=24 F5 03 18 00 02 2F 0D C0 01 2F 09 02 BC 00 05 A6 05 C0 01 3C 07 04 1A 08 
27520,7 rx src=FPKEAECEOPE len=5 F5 04 05 00 00 
27552,1 tx hdr=0xF5 op=0x2D MOVE(x,y,z,rx,ry,state,tick) : 26,515 7 36,171 2,521 203,075 b9 i298491195
27552,3 rx src=FPKEAECEOPE len=14 F5 03 0E 00 01 40 0D 40 03 C5 01 F2 D5 01 
27552,3 rx src=FPKEAECEOPE len=14 F5 03 0E 00 00 98 06 C0 01 46 09 01 8D 09 
27558,6 rx src=FPKEAECEOPE len=14 F5 03 0E 00 03 AD 03 C0 01 93 00 FA 30 20 
27566,8 rx src=FPKEAECEOPE len=14 F5 03 0E 00 04 E2 0D 40 02 B5 00 FE 08 11 
27571,1 rx src=FPKEAECEOPE len=14 F5 03 0E 00 05 A6 05 F8 01 51 07 04 1E 18 
27582,3 rx src=FPKEAECEOPE len=14 F5 03 0E 00 02 2F 0D C0 01 2F 09 02 BC 00 
27587,8 rx src=FPKEAECEOPE len=24 F5 03 18 00 00 9A 06 C0 01 29 09 01 8E 09 01 32 0D 40 03 CE 01 F2 D5 00 
27598,2 tx hdr=0xF5 op=0x2D MOVE(x,y,z,rx,ry,state,tick) : 26,646 7 35,681 1,685 206,288 b9 i298491241
27602,0 rx src=FPKEAECEOPE len=14 F5 03 0E 00 03 AD 03 C0 01 93 00 FA 30 20 
27615,9 rx src=FPKEAECEOPE len=14 F5 03 0E 00 04 E7 0D 40 02 D0 00 FE 08 01 
27633,9 rx src=FPKEAECEOPE len=24 F5 03 18 00 02 2F 0D C0 01 2F 09 02 BC 00 05 90 05 21 02 66 07 04 22 18 
27633,9 rx src=FPKEAECEOPE len=14 F5 03 0E 00 01 29 0D 40 03 D3 01 F2 D6 00 
27649,1 tx hdr=0xF5 op=0x2D MOVE(x,y,z,rx,ry,state,tick) : 26,779 7 35,178 358,824 210,061 b9 i298491292
27649,4 rx src=FPKEAECEOPE len=14 F5 03 0E 00 00 A0 06 C0 01 0A 09 01 90 09 
27663,6 rx src=FPKEAECEOPE len=14 F5 03 0E 00 03 AD 03 C0 01 93 00 FA 30 20 
27678,5 rx src=FPKEAECEOPE len=24 F5 03 18 00 02 2F 0D C0 01 2F 09 02 BC 00 05 7A 05 3A 02 7B 07 04 27 18 
27684,1 rx src=FPKEAECEOPE len=14 F5 03 0E 00 04 EE 0D 40 02 D0 00 FE 08 01 
27692,7 tx hdr=0xF5 op=0x2D MOVE(x,y,z,rx,ry,state,tick) : 26,895 7 34,663 355,453 215,531 b9 i298491335
27693,3 rx src=FPKEAECEOPE len=24 F5 03 18 00 00 A9 06 C0 01 EB 08 01 92 09 01 24 0D 40 03 D6 01 F2 D6 00 
27710,2 rx src=FPKEAECEOPE len=14 F5 03 0E 00 03 AD 03 C0 01 93 00 FA 30 20 
27723,9 rx src=FPKEAECEOPE len=14 F5 03 0E 00 05 64 05 45 02 90 07 04 2B 18 
27730,9 rx src=FPKEAECEOPE len=24 F5 03 18 00 02 30 0D C0 01 22 09 02 BC 08 04 F4 0D 40 02 D0 00 FE 08 01 
27736,4 rx src=FPKEAECEOPE len=14 F5 03 0E 00 01 21 0D 40 03 D8 01 F0 D8 00 
27743,0 tx hdr=0xF5 op=0x2D MOVE(x,y,z,rx,ry,state,tick) : 26,973 7 34,138 351,599 222,911 b9 i298491386
27749,5 rx src=FPKEAECEOPE len=14 F5 03 0E 00 00 B1 06 C0 01 CB 08 FF 95 09 
27763,3 rx src=FPKEAECEOPE len=14 F5 03 0E 00 03 AD 03 C0 01 93 00 F9 31 20 
27776,7 rx src=FPKEAECEOPE len=24 F5 03 18 00 02 31 0D C0 01 0D 09 02 BD 08 05 4D 05 40 02 A4 07 03 2F 18 
27776,7 rx src=FPKEAECEOPE len=14 F5 03 0E 00 04 FB 0D 40 02 D0 00 FE 08 01 
27793,1 tx hdr=0xF5 op=0x2D MOVE(x,y,z,rx,ry,state,tick) : 27,001 7 33,608 349,296 229,71 b9 i298491436
27793,5 rx src=FPKEAECEOPE len=24 F5 03 18 00 00 B9 06 C0 01 AA 08 FC 99 09 01 1F 0D 40 03 D9 01 EE DB 00 
27809,5 rx src=FPKEAECEOPE len=14 F5 03 0E 00 03 AD 03 C0 01 93 00 F8 31 20 
27827,4 rx src=FPKEAECEOPE len=24 F5 03 18 00 02 31 0D C0 01 F4 08 02 C1 08 05 37 05 2B 02 B9 07 02 34 18 
27827,4 rx src=FPKEAECEOPE len=14 F5 03 0E 00 04 02 0E 40 02 D0 00 FE 08 01 
27835,2 rx src=FPKEAECEOPE len=24 F5 03 18 00 00 BE 06 C0 01 88 08 FA 9E 09 01 1E 0D 40 03 D9 01 EC DD 00 
27849,7 tx hdr=0xF5 op=0x2D MOVE(x,y,z,rx,ry,state,tick) : 26,968 7 33,08 348,164 238,44 b9 i298491492
27862,9 rx src=FPKEAECEOPE len=14 F5 03 0E 00 03 AD 03 C0 01 93 00 F7 31 20 
27875,8 rx src=FPKEAECEOPE len=24 F5 03 18 00 02 31 0D C0 01 D8 08 02 C1 08 05 2C 05 07 02 C4 07 01 3D 38 
27875,8 rx src=FPKEAECEOPE len=14 F5 03 0E 00 04 09 0E 40 02 D0 00 FE 08 01 
27891,6 tx hdr=0xF5 op=0x2D MOVE(x,y,z,rx,ry,state,tick) : 26,874 7 32,56 348,885 245,062 b9 i298491534
27891,8 rx src=FPKEAECEOPE len=24 F5 03 18 00 00 C0 06 C0 01 66 08 F8 A3 09 01 1D 0D 40 03 DA 01 EC DD 00 
27906,1 rx src=FPKEAECEOPE len=14 F5 03 0E 00 03 AD 03 C0 01 93 00 F7 31 20 
27925,2 rx src=FPKEAECEOPE len=14 F5 03 0E 00 04 10 0E 40 02 D0 00 FE 08 01 
27925,2 rx src=FPKEAECEOPE len=24 F5 03 18 00 02 30 0D C0 01 BB 08 02 C2 08 05 21 05 D4 01 CE 07 01 3F 38 
27938,5 rx src=FPKEAECEOPE len=14 F5 03 0E 00 01 1D 0D 40 03 DA 01 EB DD 00 
27942,8 tx hdr=0xF5 op=0x2D MOVE(x,y,z,rx,ry,state,tick) : 26,716 7 32,058 352,365 253,203 b9 i298491585
27952,6 rx src=FPKEAECEOPE len=14 F5 03 0E 00 00 BD 06 C0 01 45 08 F7 A9 09 
27997,5 tx hdr=0xF5 op=0x2D MOVE(x,y,z,rx,ry,state,tick) : 26,662 7 31,545 355,406 259,052 b8 i298491640
28028,3 rx src=FPKEAECEOPE len=14 F5 03 0E 00 03 AF 03 C0 01 8D 00 F7 31 24 
28028,3 rx src=FPKEAECEOPE len=14 F5 03 0E 00 04 17 0E 40 02 D0 00 FE 08 01 
28028,3 rx src=FPKEAECEOPE len=24 F5 03 18 00 02 2E 0D C0 01 9D 08 02 C3 08 05 0B 05 C0 01 E3 07 01 3F 08 
28028,3 rx src=FPKEAECEOPE len=24 F5 03 18 00 00 B7 06 C0 01 23 08 F8 AE 09 01 1D 0D 40 03 DA 01 E9 DE 00 
28028,3 rx src=FPKEAECEOPE len=13 F5 0A 0D 00 07 0A 00 07 00 0A 00 00 00 
28028,7 rx src=FPKEAECEOPE len=14 F5 03 0E 00 07 A0 02 C0 01 A0 02 08 00 01 
28028,7 rx src=FPKEAECEOPE len=14 F5 03 0E 00 03 B0 03 C0 01 89 00 F7 30 20 
28028,7 rx src=FPKEAECEOPE len=24 F5 03 18 00 02 2C 0D C0 01 7D 08 02 C3 08 05 FE 04 C0 01 FC 07 01 3F 08 
28028,7 rx src=FPKEAECEOPE len=13 F5 0A 0D 00 06 36 00 07 00 2E 00 80 00 
28028,8 rx src=FPKEAECEOPE len=24 F5 03 18 00 04 1E 0E 80 02 F3 00 FE 08 01 06 A0 0D C0 01 A0 0B 00 80 00 
28033,4 rx src=FPKEAECEOPE len=24 F5 03 18 00 00 AD 06 C0 01 03 08 FA B4 09 01 1D 0D 40 03 DA 01 E4 D4 00 
28044,6 tx hdr=0xF5 op=0x2D MOVE(x,y,z,rx,ry,state,tick) : 26,645 7 31,021 357,772 265,779 b8 i298491687
28059,6 rx src=FPKEAECEOPE len=14 F5 03 0E 00 03 B1 03 C0 01 87 00 F7 30 20 
28074,0 rx src=FPKEAECEOPE len=24 F5 03 18 00 02 2A 0D C0 01 5E 08 02 C3 08 05 F5 04 C0 01 18 08 01 3F 08 
28094,5 tx hdr=0xF5 op=0x2D MOVE(x,y,z,rx,ry,state,tick) : 26,618 7 30,492 0,288 274,558 b8 i298491737
28094,8 rx src=FPKEAECEOPE len=24 F5 03 18 00 01 1D 0D 40 03 DA 01 D8 9F 00 04 25 0E 80 02 15 01 FE 08 01 
28110,7 rx src=FPKEAECEOPE len=14 F5 03 0E 00 03 B2 03 C0 01 84 00 F7 30 00 
28110,8 rx src=FPKEAECEOPE len=5 F5 04 05 00 05 
28123,4 rx src=FPKEAECEOPE len=34 F5 03 22 00 00 AA 06 C0 01 E2 07 FC B8 08 02 27 0D C0 01 3F 08 02 C3 08 05 F0 04 C0 01 36 08 01 3F 08 
28141,4 tx hdr=0xF5 op=0x2D MOVE(x,y,z,rx,ry,state,tick) : 26,555 7 29,963 1,682 282,493 b8 i298491784
28141,7 rx src=FPKEAECEOPE len=14 F5 03 0E 00 01 1D 0D 40 03 DA 01 D2 79 00 
28153,2 rx src=FPKEAECEOPE len=14 F5 03 0E 00 00 A9 06 C0 01 C1 07 FE BC 08 
28162,7 rx src=FPKEAECEOPE len=14 F5 03 0E 00 03 B3 03 C0 01 83 00 F6 30 00 
28168,7 rx src=FPKEAECEOPE len=14 F5 03 0E 00 04 2D 0E 80 02 38 01 FE 08 01 
28175,3 rx src=FPKEAECEOPE len=14 F5 03 0E 00 02 24 0D C0 01 1F 08 02 C3 08 
28189,2 rx src=FPKEAECEOPE len=34 F5 03 22 00 00 A7 06 C0 01 9F 07 00 C3 08 01 1D 0D 40 03 DA 01 D1 7A 00 04 34 0E 80 02 5A 01 FE 08 01 
28195,7 tx hdr=0xF5 op=0x2D MOVE(x,y,z,rx,ry,state,tick) : 26,443 7 29,443 2,479 290,087 b8 i298491838
28208,9 rx src=FPKEAECEOPE len=24 F5 03 18 00 03 B3 03 C0 01 82 00 F6 30 00 05 ED 04 C0 01 54 08 01 3F 08 
28209,0 rx src=FPKEAECEOPE len=5 F5 04 05 00 05 
28229,5 rx src=FPKEAECEOPE len=24 F5 03 18 00 02 21 0D C0 01 FF 07 02 C3 08 05 EA 04 C0 01 73 08 01 3D 08 
28234,2 rx src=FPKEAECEOPE len=34 F5 03 22 00 00 A3 06 C0 01 7D 07 01 C8 08 01 1D 0D 40 03 DA 01 D2 7B 00 04 3B 0E C0 02 7D 01 FE 08 01 
28241,7 tx hdr=0xF5 op=0x2D MOVE(x,y,z,rx,ry,state,tick) : 26,281 7 28,937 2,667 296,171 b8 i298491884
28263,5 rx src=FPKEAECEOPE len=14 F5 03 0E 00 03 B3 03 C0 01 82 00 F6 30 00 
28280,7 rx src=FPKEAECEOPE len=24 F5 03 18 00 02 13 0D C0 01 ED 07 02 C3 01 05 E7 04 C0 01 93 08 02 3C 08 
28283,1 rx src=FPKEAECEOPE len=14 F5 03 0E 00 04 42 0E F8 02 9F 01 FE 08 11 
28297,0 tx hdr=0xF5 op=0x2D MOVE(x,y,z,rx,ry,state,tick) : 26,073 7 28,449 2,668 300,877 b8 i298491940
28297,7 rx src=FPKEAECEOPE len=24 F5 03 18 00 00 9C 06 C0 01 5C 07 01 CE 08 01 1D 0D 40 03 DA 01 D3 7D 00 
28312,3 rx src=FPKEAECEOPE len=7 F5 0B 07 00 00 05 01 
28313,1 rx src=FPKEAECEOPE len=8 F5 0C 08 00 05 00 00 01 
28313,3 rx src=FPKEAECEOPE len=10 F5 13 0A 00 00 01 01 00 0D 00 
28313,3 rx src=FPKEAECEOPE len=10 F5 13 0A 00 05 00 07 00 0D 00 
28313,3 rx src=FPKEAECEOPE len=7 F5 04 07 00 05 00 11 
28313,4 rx src=FPKEAECEOPE len=14 F5 03 0E 00 03 BF 03 C0 01 86 00 F6 30 01 
28334,7 rx src=FPKEAECEOPE len=24 F5 03 18 00 04 49 0E C0 02 C1 01 FE 08 11 05 E5 04 C0 01 B2 08 02 3C 08 
28334,7 rx src=FPKEAECEOPE len=14 F5 03 0E 00 02 FD 0C C0 01 E4 07 02 C3 01 
28334,8 rx src=FPKEAECEOPE len=14 F5 03 0E 00 01 1D 0D 40 03 DA 01 D3 7D 00 
28364,4 rx src=FPKEAECEOPE len=14 F5 03 0E 00 03 D2 03 C0 01 8E 00 F6 2F 01 
28379,0 tx hdr=0xF5 op=0x42 req/66 :
28379,2 rx src=FPKEAECEOPE len=24 F5 03 18 00 02 E4 0C C0 01 DF 07 02 C3 01 05 E3 04 C0 01 C2 08 04 3D 28 
28379,2 rx src=FPKEAECEOPE len=14 F5 03 0E 00 04 50 0E C0 02 E4 01 FE 08 01 
28395,9 rx src=FPKEAECEOPE len=14 F5 03 0E 00 01 1D 0D 40 03 DA 01 D3 7D 00 
28409,3 rx src=FPKEAECEOPE len=14 F5 03 0E 00 03 E9 03 C0 01 98 00 F7 2E 01 
28422,2 rx src=FPKEAECEOPE len=14 F5 03 0E 00 04 57 0E C0 02 E4 01 FE 08 01 
28422,2 rx src=FPKEAECEOPE len=5 F5 04 05 00 05 
28430,1 rx src=FPKEAECEOPE len=14 F5 03 0E 00 02 C7 0C C0 01 DE 07 02 C3 01 
28442,8 rx src=FPKEAECEOPE len=24 F5 03 18 00 01 1D 0D 40 03 DA 01 D5 7C 00 05 E2 04 C0 01 C5 08 04 42 24 
28455,9 # net: TcpClient.Connected = True
28469,1 rx src=FPKEAECEOPE len=14 F5 03 0E 00 03 F7 03 C0 01 9E 00 F7 2C 00 
28469,1 rx src=FPKEAECEOPE len=24 F5 03 18 00 02 AA 0C C0 01 DD 07 01 C2 01 05 DF 04 C0 01 BC 08 03 44 04 
28486,8 rx src=FPKEAECEOPE len=24 F5 03 18 00 01 1D 0D 40 03 DA 01 D5 79 00 04 5F 0E 80 02 06 02 FE 08 11 
28500,0 tx hdr=0xF5 op=0x42 req/66 :
28511,8 rx src=FPKEAECEOPE len=14 F5 03 0E 00 03 FF 03 C0 01 A1 00 F8 2C 00 
28511,8 rx src=FPKEAECEOPE len=6 F5 0F 06 00 06 00 
28526,0 rx src=FPKEAECEOPE len=14 F5 03 0E 00 02 8B 0C C0 01 DE 07 00 C1 01 
28526,0 rx src=FPKEAECEOPE len=5 F5 04 05 00 05 
28540,1 rx src=FPKEAECEOPE len=14 F5 03 0E 00 04 66 0E 80 02 29 02 FE 08 01 
28540,1 rx src=FPKEAECEOPE len=24 F5 03 18 00 01 1D 0D 40 03 DA 01 D6 77 00 05 DC 04 C0 01 AA 08 04 45 04 
28553,0 rx src=FPKEAECEOPE len=14 F5 03 0E 00 06 A0 0D C0 01 A0 0B 00 80 00 
28557,4 rx src=FPKEAECEOPE len=14 F5 03 0E 00 03 04 04 C0 01 A4 00 F8 2C 00 
28557,4 rx src=FPKEAECEOPE len=6 F5 0F 06 00 07 00 
28581,2 rx src=FPKEAECEOPE len=14 F5 03 0E 00 02 6C 0C C0 01 DE 07 FF BF 01 
28581,2 rx src=FPKEAECEOPE len=14 F5 03 0E 00 04 6D 0E 80 02 4B 02 FF 08 01 
28585,5 rx src=FPKEAECEOPE len=14 F5 03 0E 00 01 1D 0D 40 03 DA 01 DA 6F 00 
28608,1 rx src=FPKEAECEOPE len=14 F5 03 0E 00 07 92 02 C0 01 7D 02 FE 0A 00 
28612,4 rx src=FPKEAECEOPE len=24 F5 03 18 00 03 07 04 C0 01 A5 00 F8 2C 00 06 A0 0D C0 01 A0 0B 00 80 00 
28626,6 tx hdr=0xF5 op=0x42 req/66 :
28691,3 rx src=FPKEAECEOPE len=34 F5 03 22 00 01 1D 0D 40 03 DA 01 E1 70 00 04 73 0E 80 02 6E 02 00 06 01 05 D8 04 C0 01 93 08 03 45 04 
28691,3 rx src=FPKEAECEOPE len=5 F5 04 05 00 02 
28691,5 rx src=FPKEAECEOPE len=14 F5 03 0E 00 05 D4 04 C0 01 78 08 04 45 04 
28691,5 rx src=FPKEAECEOPE len=14 F5 03 0E 00 02 4D 0C C0 01 DE 07 FF BF 01 
28691,5 rx src=FPKEAECEOPE len=12 F5 07 0C 00 13 00 0A 00 04 00 00 28 
28692,6 rx src=FPKEAECEOPE len=5 F5 04 05 00 05 
28692,7 rx src=FPKEAECEOPE len=24 F5 03 18 00 03 09 04 C0 01 A6 00 F8 2C 00 07 9D 02 C0 01 7B 02 FE 0B 00 
28692,7 rx src=FPKEAECEOPE len=34 F5 03 22 00 02 2D 0C C0 01 DE 07 FF BF 01 05 D0 04 C0 01 5C 08 03 45 04 06 A0 0D C0 01 A0 0B 00 81 00 
28692,7 rx src=FPKEAECEOPE len=14 F5 03 0E 00 04 79 0E 80 02 91 02 00 04 01 
28692,7 rx src=FPKEAECEOPE len=14 F5 03 0E 00 01 1D 0D 40 03 DA 01 E4 74 00 
28706,1 rx src=FPKEAECEOPE len=14 F5 03 0E 00 03 0A 04 C0 01 A6 00 F8 2C 00 
28717,8 rx src=FPKEAECEOPE len=24 F5 03 18 00 06 A0 0D C0 01 A0 0B 00 81 00 07 A4 02 C0 01 7A 02 FE 0B 00 
28730,4 rx src=FPKEAECEOPE len=34 F5 03 22 00 02 1A 0C C0 01 DE 07 01 C0 00 04 7D 0E 80 02 B4 02 01 01 01 05 CB 04 C0 01 3E 08 03 45 04 
28743,5 rx src=FPKEAECEOPE len=14 F5 03 0E 00 01 1D 0D 40 03 DA 01 E6 79 00 
28747,5 rx src=FPKEAECEOPE len=14 F5 03 0E 00 06 A0 0D C0 01 A0 0B FF 81 00 
28747,5 rx src=FPKEAECEOPE len=5 F5 04 05 00 02 
28755,7 rx src=FPKEAECEOPE len=5 F5 04 05 00 05 
28761,4 rx src=FPKEAECEOPE len=14 F5 03 0E 00 03 0B 04 C0 01 A6 00 F8 2D 00 
28768,8 rx src=FPKEAECEOPE len=14 F5 03 0E 00 05 C6 04 C0 01 1F 08 03 46 04 
28781,5 rx src=FPKEAECEOPE len=34 F5 03 22 00 02 0E 0C C0 01 DE 07 01 C0 00 04 7F 0E 80 02 D7 02 01 00 01 07 A7 02 C0 01 79 02 FE 0B 00 
28794,0 rx src=FPKEAECEOPE len=14 F5 03 0E 00 01 1D 0D 40 03 DA 01 E7 82 00 
28807,4 rx src=FPKEAECEOPE len=14 F5 03 0E 00 03 0B 04 C0 01 A6 00 F6 35 00 
28812,1 rx src=FPKEAECEOPE len=24 F5 03 18 00 06 A0 0D C0 01 A0 0B FF 82 00 07 AA 02 C0 01 79 02 FE 0B 00 
28819,7 rx src=FPKEAECEOPE len=14 F5 03 0E 00 05 B9 04 C0 01 05 08 02 46 06 
28832,6 rx src=FPKEAECEOPE len=24 F5 03 18 00 02 08 0C C0 01 DE 07 01 C1 00 04 80 0E 80 02 FA 02 00 FC 01 
28846,1 rx src=FPKEAECEOPE len=14 F5 03 0E 00 01 1D 0D 40 03 DA 01 E8 8B 00 
28846,1 rx src=FPKEAECEOPE len=5 F5 04 05 00 02 
28846,2 rx src=FPKEAECEOPE len=14 F5 03 0E 00 06 A0 0D C0 01 A0 0B FF 82 00 
28859,9 rx src=FPKEAECEOPE len=14 F5 03 0E 00 03 0B 04 C0 01 A6 00 F6 35 00 
28859,9 rx src=FPKEAECEOPE len=5 F5 04 05 00 05 
28860,0 rx src=FPKEAECEOPE len=14 F5 03 0E 00 07 AB 02 C0 01 79 02 FE 0B 00 
28872,3 rx src=FPKEAECEOPE len=14 F5 03 0E 00 05 A8 04 C0 01 ED 07 03 42 06 
28877,8 rx src=FPKEAECEOPE len=24 F5 03 18 00 02 04 0C C0 01 DE 07 01 C2 00 04 7C 0E 80 02 1C 03 FF F6 01 
28885,7 rx src=FPKEAECEOPE len=14 F5 03 0E 00 01 1D 0D 40 03 DA 01 E8 8D 00 
28911,9 rx src=FPKEAECEOPE len=24 F5 03 18 00 03 0B 04 C0 01 A6 00 F6 35 00 06 A0 0D C0 01 A0 0B FE 82 00 
28928,0 rx src=FPKEAECEOPE len=14 F5 03 0E 00 07 AC 02 C0 01 79 02 FE 0B 00 
28928,0 rx src=FPKEAECEOPE len=14 F5 03 0E 00 02 01 0C C0 01 DE 07 02 C4 00 
28943,2 rx src=FPKEAECEOPE len=24 F5 03 18 00 01 1D 0D 40 03 DA 01 E7 8B 00 04 75 0E 80 02 3E 03 00 EF 01 
28943,3 rx src=FPKEAECEOPE len=12 F5 07 0C 00 13 00 0A 00 03 00 00 28 
28955,8 rx src=FPKEAECEOPE len=14 F5 03 0E 00 06 A0 0D C0 01 A0 0B FE 82 00 
28955,8 rx src=FPKEAECEOPE len=5 F5 04 05 00 02 
28961,4 rx src=FPKEAECEOPE len=34 F5 03 22 00 03 0B 04 C0 01 A6 00 F6 35 00 05 9E 04 C0 01 EC 07 04 40 08 07 AC 02 C0 01 79 02 FE 0B 00 
28981,4 rx src=FPKEAECEOPE len=14 F5 03 0E 00 04 69 0E 80 02 5F 03 01 EA 01 
28981,4 rx src=FPKEAECEOPE len=5 F5 04 05 00 05 
28985,6 rx src=FPKEAECEOPE len=14 F5 03 0E 00 02 00 0C C0 01 DE 07 01 C6 00 
28993,7 rx src=FPKEAECEOPE len=24 F5 03 18 00 01 1D 0D 40 03 DA 01 E5 88 00 05 98 04 C0 01 F7 07 04 40 08 
29006,7 rx src=FPKEAECEOPE len=24 F5 03 18 00 03 0B 04 C0 01 A6 00 F6 35 00 06 A0 0D C0 01 A0 0B FE 81 00 
29022,8 rx src=FPKEAECEOPE len=24 F5 03 18 00 05 95 04 C0 01 0B 08 03 40 08 07 AC 02 C0 01 79 02 FE 0B 00 
29032,3 rx src=FPKEAECEOPE len=24 F5 03 18 00 02 FF 0B C0 01 DE 07 01 C6 00 04 5B 0E 80 02 7E 03 01 EA 01 
29045,8 rx src=FPKEAECEOPE len=14 F5 03 0E 00 01 1D 0D 40 03 DA 01 E5 88 00 
29045,8 rx src=FPKEAECEOPE len=14 F5 03 0E 00 06 A0 0D C0 01 A0 0B FE 81 00 
29059,2 rx src=FPKEAECEOPE len=14 F5 03 0E 00 03 0B 04 C0 01 A6 00 F8 30 00 
29065,3 rx src=FPKEAECEOPE len=14 F5 03 0E 00 07 AC 02 C0 01 79 02 FE 0B 00 
29065,3 rx src=FPKEAECEOPE len=5 F5 04 05 00 02 
29077,7 rx src=FPKEAECEOPE len=24 F5 03 18 00 02 FF 0B C0 01 DE 07 01 C6 00 04 5B 0E 80 02 9D 03 01 EA 01 
29086,1 rx src=FPKEAECEOPE len=14 F5 03 0E 00 01 1D 0D 40 03 DA 01 E4 88 00 
29100,0 rx src=FPKEAECEOPE len=5 F5 04 05 00 05 
29103,5 rx src=FPKEAECEOPE len=14 F5 03 0E 00 06 A0 0D C0 01 A0 0B FE 81 00 
29113,8 rx src=FPKEAECEOPE len=24 F5 03 18 00 03 0B 04 C0 01 A6 00 FA 2C 00 05 94 04 C0 01 17 08 03 40 28 
29126,6 rx src=FPKEAECEOPE len=44 F5 03 2C 00 02 FF 0B C0 01 DE 07 01 C6 00 04 5B 0E 80 02 BC 03 01 EA 01 05 92 04 C0 01 1A 08 02 41 04 07 AC 02 C0 01 79 02 FE 0B 00 
29138,9 rx src=FPKEAECEOPE len=14 F5 03 0E 00 01 1D 0D 40 03 DA 01 E4 88 00 
29163,7 rx src=FPKEAECEOPE len=34 F5 03 22 00 03 0B 04 C0 01 A6 00 FC 2A 00 06 A0 0D C0 01 A0 0B FE 81 00 07 AC 02 C0 01 79 02 FE 0B 00 
29167,4 rx src=FPKEAECEOPE len=5 F5 04 05 00 02 
29167,4 rx src=FPKEAECEOPE len=7 F5 04 07 00 05 02 80 
29175,6 rx src=FPKEAECEOPE len=14 F5 03 0E 00 04 5B 0E 80 02 DB 03 02 EA 01 
29187,6 rx src=FPKEAECEOPE len=24 F5 03 18 00 02 FF 0B C0 01 DE 07 02 C5 00 05 91 04 C0 01 0E 08 01 41 04 
29192,9 rx src=FPKEAECEOPE len=14 F5 03 0E 00 01 1D 0D 40 03 DA 01 E5 88 00 
29210,7 rx src=FPKEAECEOPE len=14 F5 03 0E 00 03 0B 04 C0 01 A6 00 FE 2A 00 
29215,3 rx src=FPKEAECEOPE len=14 F5 03 0E 00 07 AC 02 C0 01 79 02 FE 0B 00 
29222,0 rx src=FPKEAECEOPE len=24 F5 03 18 00 05 90 04 C0 01 FA 07 01 41 04 06 9F 0D C0 01 93 0B FE 81 01 
29233,4 rx src=FPKEAECEOPE len=24 F5 03 18 00 02 FF 0B C0 01 DE 07 03 C3 00 04 5B 0E 80 02 FA 03 04 ED 01 
29239,0 rx src=FPKEAECEOPE len=14 F5 03 0E 00 01 1D 0D 40 03 DA 01 E5 88 00 
29259,5 rx src=FPKEAECEOPE len=24 F5 03 18 00 03 0B 04 C0 01 A6 00 FE 2A 00 06 9F 0D C0 01 93 0B FE 81 01 
29263,0 rx src=FPKEAECEOPE len=7 F5 04 07 00 05 02 40 
29274,4 rx src=FPKEAECEOPE len=12 F5 07 0C 00 13 00 09 00 04 00 00 28 
29347,9 rx src=FPKEAECEOPE len=34 F5 03 22 00 04 4C 0E C0 02 1A 04 04 EE 01 05 8F 04 C0 01 E2 07 01 41 04 07 AC 02 C0 01 79 02 FE 0B 00 
29347,9 rx src=FPKEAECEOPE len=5 F5 04 05 00 02 
29348,1 rx src=FPKEAECEOPE len=14 F5 03 0E 00 01 1D 0D 40 03 DA 01 E5 88 00 
29348,1 rx src=FPKEAECEOPE len=14 F5 03 0E 00 02 FF 0B C0 01 DE 07 04 C1 00 
29348,1 rx src=FPKEAECEOPE len=34 F5 03 22 00 03 0B 04 C0 01 A6 00 FE 2A 00 06 9F 0D C0 01 93 0B FE 81 01 07 AC 02 C0 01 79 02 FE 0B 00 
29348,1 rx src=FPKEAECEOPE len=14 F5 03 0E 00 05 8E 04 C0 01 C6 07 01 41 04 
29348,1 rx src=FPKEAECEOPE len=24 F5 03 18 00 02 FF 0B C0 01 DE 07 04 C1 00 04 3D 0E C0 02 39 04 05 EF 01 
29348,1 rx src=FPKEAECEOPE len=14 F5 03 0E 00 01 1D 0D 40 03 DA 01 E6 87 00 
29361,5 rx src=FPKEAECEOPE len=24 F5 03 18 00 03 0B 04 C0 01 A6 00 FE 2A 00 07 AC 02 C0 01 79 02 FE 0B 00 
29376,1 rx src=FPKEAECEOPE len=34 F5 03 22 00 04 2E 0E 80 02 59 04 05 EF 11 05 8D 04 C0 01 C2 07 01 41 08 06 9F 0D C0 01 93 0B FE 81 01 
29388,8 rx src=FPKEAECEOPE len=14 F5 03 0E 00 02 FF 0B C0 01 DE 07 04 C1 00 
29388,8 rx src=FPKEAECEOPE len=14 F5 03 0E 00 01 1D 0D 40 03 DA 01 E6 87 00 
29388,8 rx src=FPKEAECEOPE len=5 F5 04 05 00 05 
29402,2 rx src=FPKEAECEOPE len=14 F5 03 0E 00 06 9F 0D C0 01 92 0B FE 80 01 
29402,3 rx src=FPKEAECEOPE len=5 F5 04 05 00 02 
29406,0 rx src=FPKEAECEOPE len=14 F5 03 0E 00 03 0B 04 C0 01 A6 00 FD 2F 00 
29416,8 rx src=FPKEAECEOPE len=14 F5 03 0E 00 07 AC 02 C0 01 79 02 FF 0B 00 
29430,0 rx src=FPKEAECEOPE len=24 F5 03 18 00 02 FF 0B C0 01 DE 07 04 C1 00 04 20 0E 80 02 79 04 05 EF 01 
29442,8 rx src=FPKEAECEOPE len=14 F5 03 0E 00 01 1D 0D 40 03 DA 01 E7 87 00 
29442,8 rx src=FPKEAECEOPE len=10 F5 14 0A 00 0B 00 0B 00 2C 01 
29454,3 rx src=FPKEAECEOPE len=24 F5 03 18 00 03 0B 04 C0 01 A6 00 FC 31 00 05 84 04 C0 01 C9 07 01 40 0A 
29466,4 rx src=FPKEAECEOPE len=14 F5 03 0E 00 06 A0 0D C0 01 92 0B FE 7F 01 
29470,5 rx src=FPKEAECEOPE len=14 F5 03 0E 00 05 76 04 C0 01 D6 07 01 3F 0A 
29480,0 rx src=FPKEAECEOPE len=24 F5 03 18 00 02 FF 0B C0 01 DE 07 04 C1 00 04 11 0E 80 02 99 04 04 ED 01 
29492,8 rx src=FPKEAECEOPE len=24 F5 03 18 00 01 1D 0D 40 03 DA 01 E8 85 00 07 AC 02 C0 01 79 02 02 0F 00 
29492,9 rx src=FPKEAECEOPE len=5 F5 04 05 00 05 
29492,9 rx src=FPKEAECEOPE len=5 F5 04 05 00 02 
29515,2 rx src=FPKEAECEOPE len=14 F5 03 0E 00 03 0B 04 C0 01 A6 00 FC 32 00 
29522,1 rx src=FPKEAECEOPE len=14 F5 03 0E 00 06 A0 0D C0 01 93 0B FE 7E 01 
29527,2 rx src=FPKEAECEOPE len=34 F5 03 22 00 02 FF 0B C0 01 DE 07 04 C1 00 04 01 0E 80 02 B9 04 04 EC 01 07 AC 02 C0 01 79 02 03 11 00 
29534,0 rx src=FPKEAECEOPE len=24 F5 03 18 00 01 1D 0D 40 03 DA 01 ED 85 00 05 64 04 C0 01 E7 07 01 3F 0A 
29559,9 rx src=FPKEAECEOPE len=24 F5 03 18 00 03 0B 04 C0 01 A6 00 FC 32 00 07 AC 02 C0 01 79 02 03 11 00 
29576,7 rx src=FPKEAECEOPE len=34 F5 03 22 00 04 F1 0D 80 02 D8 04 04 EB 01 05 50 04 C0 01 E8 07 01 3F 06 06 A0 0D C0 01 93 0B FE 7D 01 
29584,0 rx src=FPKEAECEOPE len=14 F5 03 0E 00 02 FF 0B C0 01 DE 07 04 C1 00 
29584,0 rx src=FPKEAECEOPE len=12 F5 07 0C 00 13 00 09 00 03 00 00 28 
29599,2 tx hdr=0xF5 op=0x42 req/66 :
29599,5 rx src=FPKEAECEOPE len=14 F5 03 0E 00 01 1D 0D 40 03 DA 01 F2 87 00 
29599,5 rx src=FPKEAECEOPE len=5 F5 04 05 00 05 
29599,6 rx src=FPKEAECEOPE len=5 F5 04 05 00 02 
29613,3 rx src=FPKEAECEOPE len=24 F5 03 18 00 03 0B 04 C0 01 A6 00 FC 32 20 06 A2 0D C0 01 7E 0B FE 7D 01 
29616,6 rx src=FPKEAECEOPE len=5 F5 10 05 00 00 
29627,3 rx src=FPKEAECEOPE len=24 F5 03 18 00 02 FF 0B C0 01 DE 07 03 C0 00 07 AC 02 C0 01 79 02 04 11 00 
29631,0 rx src=FPKEAECEOPE len=14 F5 03 0E 00 04 E0 0D 80 02 F7 04 06 EA 01 
29641,1 rx src=FPKEAECEOPE len=14 F5 03 0E 00 01 1D 0D 40 03 DA 01 F3 87 00 
29653,2 rx src=FPKEAECEOPE len=14 F5 03 0E 00 05 3B 04 C0 01 DF 07 01 3F 06 
29658,7 rx src=FPKEAECEOPE len=14 F5 03 0E 00 06 A3 0D C0 01 64 0B FE 7D 01 
29664,4 rx src=FPKEAECEOPE len=14 F5 03 0E 00 03 0B 04 C0 01 A6 00 FC 32 20 
29670,7 rx src=FPKEAECEOPE len=24 F5 03 18 00 05 31 04 C0 01 D8 07 01 3F 26 07 AC 02 C0 01 79 02 05 12 00 
29682,6 rx src=FPKEAECEOPE len=24 F5 03 18 00 02 FF 0B C0 01 DE 07 FF BF 00 04 CF 0D 80 02 16 05 07 EA 01 
29682,6 rx src=FPKEAECEOPE len=14 F5 03 0E 00 01 1D 0D 40 03 DA 01 F6 88 00 
29687,2 rx src=FPKEAECEOPE len=5 F5 04 05 00 02 
29687,3 rx src=FPKEAECEOPE len=5 F5 04 05 00 05 
29708,4 rx src=FPKEAECEOPE len=14 F5 03 0E 00 03 0B 04 C0 01 A6 00 FC 32 20 
29712,4 rx src=FPKEAECEOPE len=14 F5 03 0E 00 07 AC 02 C0 01 79 02 05 12 00 
29720,1 rx src=FPKEAECEOPE len=24 F5 03 18 00 05 26 04 C0 01 D8 07 01 3F 2A 06 A5 0D C0 01 48 0B FE 7D 01 
29731,8 rx src=FPKEAECEOPE len=24 F5 03 18 00 02 FF 0B C0 01 DE 07 FF BF 00 04 BD 0D 80 02 34 05 07 EA 01 
29736,9 rx src=FPKEAECEOPE len=14 F5 03 0E 00 01 1D 0D 40 03 DA 01 FB 8A 00 
29748,9 rx src=FPKEAECEOPE len=14 F5 03 0E 00 06 A7 0D C0 01 2A 0B FE 7D 01 
29760,9 rx src=FPKEAECEOPE len=14 F5 03 0E 00 03 0B 04 C0 01 A6 00 FD 2F 20 
29774,7 rx src=FPKEAECEOPE len=24 F5 03 18 00 05 18 04 C0 01 E5 07 01 3F 08 07 AC 02 C0 01 79 02 05 12 00 
29774,7 rx src=FPKEAECEOPE len=14 F5 03 0E 00 04 AB 0D 80 02 52 05 07 EA 01 
29787,1 rx src=FPKEAECEOPE len=24 F5 03 18 00 01 1D 0D 40 03 DA 01 FF 8C 00 02 FF 0B C0 01 DE 07 FE C0 00 
29787,1 rx src=FPKEAECEOPE len=7 F5 04 07 00 05 02 20 
29792,0 rx src=FPKEAECEOPE len=5 F5 04 05 00 02 
29811,4 rx src=FPKEAECEOPE len=14 F5 03 0E 00 03 0B 04 C0 01 A6 00 04 2A 20 
29823,9 rx src=FPKEAECEOPE len=14 F5 03 0E 00 07 B2 02 C0 01 85 02 05 12 01 
29823,9 rx src=FPKEAECEOPE len=24 F5 03 18 00 05 07 04 C0 01 F6 07 01 3F 0A 06 A9 0D C0 01 0B 0B FE 7D 01 
29835,3 rx src=FPKEAECEOPE len=34 F5 03 22 00 01 1D 0D 40 03 DA 01 02 8D 00 02 FF 0B C0 01 DE 07 FE C1 00 04 99 0D 40 02 71 05 07 EA 11 
29859,2 rx src=FPKEAECEOPE len=34 F5 03 22 00 03 0B 04 C0 01 A6 00 08 2A 20 06 AB 0D C0 01 EB 0A FE 7D 01 07 BC 02 C0 01 99 02 05 12 01 
29871,6 rx src=FPKEAECEOPE len=14 F5 03 0E 00 05 F4 03 C0 01 F7 07 01 3F 06 
29884,0 rx src=FPKEAECEOPE len=24 F5 03 18 00 02 FF 0B C0 01 DE 07 FE C1 00 04 88 0D 40 02 8F 05 07 EA 01 
29884,0 rx src=FPKEAECEOPE len=7 F5 0B 07 00 02 05 00 
29884,3 rx src=FPKEAECEOPE len=8 F5 0C 08 00 05 02 00 00 
29884,7 rx src=FPKEAECEOPE len=10 F5 13 0A 00 02 01 04 00 0C 00 
29884,7 rx src=FPKEAECEOPE len=10 F5 13 0A 00 05 00 08 00 0E 00 
29884,7 rx src=FPKEAECEOPE len=7 F5 04 07 00 05 02 10 
29891,3 rx src=FPKEAECEOPE len=14 F5 03 0E 00 01 1D 0D 40 03 DA 01 07 8E 00 
29891,3 rx src=FPKEAECEOPE len=5 F5 04 05 00 02 
29903,5 rx src=FPKEAECEOPE len=14 F5 03 0E 00 03 0B 04 C0 01 A6 00 09 2A 20 
29923,8 rx src=FPKEAECEOPE len=24 F5 03 18 00 05 DF 03 C0 01 EF 07 01 40 06 07 C8 02 C0 01 B1 02 05 12 01 
29935,7 rx src=FPKEAECEOPE len=24 F5 03 18 00 04 75 0D 00 02 AD 05 07 E9 11 06 AE 0D C0 01 CB 0A FE 7C 01 
30003,6 rx src=FPKEAECEOPE len=14 F5 03 0E 00 01 1D 0D 40 03 DA 01 09 8E 00 
30003,6 rx src=FPKEAECEOPE len=14 F5 03 0E 00 06 B0 0D C0 01 AB 0A FE 7C 01 
30003,6 rx src=FPKEAECEOPE len=24 F5 03 18 00 03 07 04 C0 01 AC 00 0D 2A 28 07 D5 02 C0 01 CC 02 05 12 01 
30003,6 rx src=FPKEAECEOPE len=24 F5 03 18 00 04 63 0D 00 02 CB 05 07 E9 01 05 CA 03 C0 01 E1 07 01 40 06 
30003,6 rx src=FPKEAECEOPE len=14 F5 03 0E 00 01 1D 0D 40 03 DA 01 0A 8F 00 
30012,0 rx src=FPKEAECEOPE len=24 F5 03 18 00 03 02 04 C0 01 B5 00 12 2A 28 07 E3 02 C0 01 E9 02 04 10 01 
30012,0 rx src=FPKEAECEOPE len=5 F5 04 05 00 02 
30024,2 rx src=FPKEAECEOPE len=14 F5 03 0E 00 06 B3 0D C0 01 8B 0A FD 7C 01 
30035,9 rx src=FPKEAECEOPE len=24 F5 03 18 00 01 1D 0D 40 03 DA 01 0A 8F 00 04 51 0D C0 01 E9 05 08 E8 11 
30048,6 rx src=FPKEAECEOPE len=14 F5 03 0E 00 06 B6 0D C0 01 6A 0A FC 7C 01 
30060,9 rx src=FPKEAECEOPE len=14 F5 03 0E 00 03 FC 03 C0 01 C0 00 12 2A 28 
30073,9 rx src=FPKEAECEOPE len=14 F5 03 0E 00 07 F0 02 C0 01 07 03 04 10 01 
30073,9 rx src=FPKEAECEOPE len=5 F5 04 05 00 05 
30086,1 rx src=FPKEAECEOPE len=14 F5 03 0E 00 04 3E 0D C0 01 07 06 09 E7 01 
30090,9 rx src=FPKEAECEOPE len=24 F5 03 18 00 01 1D 0D 40 03 DA 01 0A 8F 00 05 B4 03 C0 01 D0 07 00 40 06 
30098,5 rx src=FPKEAECEOPE len=14 F5 03 0E 00 05 9D 03 C0 01 BC 07 01 40 06 
30112,0 rx src=FPKEAECEOPE len=24 F5 03 18 00 03 F5 03 C0 01 CC 00 12 2A 28 06 B9 0D C0 01 4A 0A FC 7C 01 
30124,3 rx src=FPKEAECEOPE len=14 F5 03 0E 00 07 FE 02 C0 01 26 03 04 10 01 
30128,7 rx src=FPKEAECEOPE len=14 F5 03 0E 00 04 2B 0D C0 01 25 06 0A E7 01 
30128,7 rx src=FPKEAECEOPE len=5 F5 04 05 00 02 
30136,6 rx src=FPKEAECEOPE len=24 F5 03 18 00 01 1D 0D 40 03 DA 01 0A 8F 00 05 87 03 C0 01 A8 07 01 40 06 
30162,2 rx src=FPKEAECEOPE len=24 F5 03 18 00 03 EE 03 C0 01 D8 00 12 2A 28 06 BB 0D C0 01 29 0A FC 7C 01 
30176,9 rx src=FPKEAECEOPE len=14 F5 03 0E 00 05 70 03 C0 01 A5 07 01 40 0A 
30177,0 rx src=FPKEAECEOPE len=14 F5 03 0E 00 07 0C 03 C0 01 45 03 04 10 01 
30193,0 rx src=FPKEAECEOPE len=24 F5 03 18 00 01 1D 0D 40 03 DA 01 08 8D 00 04 17 0D C0 01 42 06 0A E7 01 
30207,1 rx src=FPKEAECEOPE len=14 F5 03 0E 00 06 BE 0D C0 01 09 0A FC 7C 01 
30210,0 rx src=FPKEAECEOPE len=24 F5 03 18 00 03 E6 03 C0 01 E6 00 12 2B 28 07 1A 03 C0 01 64 03 04 10 01 
30226,9 rx src=FPKEAECEOPE len=14 F5 03 0E 00 04 04 0D C0 01 5F 06 0A E7 01 
30226,9 rx src=FPKEAECEOPE len=5 F5 04 05 00 05 
30239,5 rx src=FPKEAECEOPE len=14 F5 03 0E 00 01 1D 0D 40 03 DA 01 05 88 00 
30242,7 rx src=FPKEAECEOPE len=14 F5 03 0E 00 05 5A 03 C0 01 AC 07 01 40 0A 
30252,3 rx src=FPKEAECEOPE len=14 F5 03 0E 00 06 C1 0D C0 01 E8 09 FC 7D 01 
30257,4 rx src=FPKEAECEOPE len=24 F5 03 18 00 03 DF 03 C0 01 F4 00 13 2F 28 07 27 03 C0 01 84 03 04 10 01 
30281,2 rx src=FPKEAECEOPE len=24 F5 03 18 00 04 EF 0C C0 01 7C 06 0A E6 01 05 43 03 C0 01 B9 07 00 40 0A 
30291,3 rx src=FPKEAECEOPE len=14 F5 03 0E 00 01 1D 0D 40 03 DA 01 05 85 00 
30303,1 rx src=FPKEAECEOPE len=14 F5 03 0E 00 03 D9 03 C0 01 02 01 12 33 28 
30303,1 rx src=FPKEAECEOPE len=138 F5 0E 8A 00 00 01 47 00 73 6C 38 00 53 4C 38 00 00 00 01 00 00 00 17 00 62 65 72 65 74 74 61 39 32 00 42 65 72 65 74 74 61 20 39 32 00 01 00 01 00 00 00 44 00 73 68 6F 76 65 6C 00 D0 9B D0 BE D0 BF D0 B0 D1 82 D0 B0 00 02 00 01 00 00 00 45 00 62 6C 6F 63 6B 00 D0 91 D0 BB D0 BE D0 BA 00 
30303,1 rx src=FPKEAECEOPE len=13 F5 0A 0D 00 00 31 00 07 00 3D 00 C0 01 
30347,9 tx hdr=0xF5 op=0x0F slot/15 : b0
30361,6 tx hdr=0xF5 op=0x2D MOVE(x,y,z,rx,ry,state,tick) : 48,888 7 60,737 2,967 270 b0 i298494004
30361,9 rx src=FPKEAECEOPE len=14 F5 03 0E 00 00 60 0C C0 01 60 0F 01 C0 08 
30361,9 rx src=FPKEAECEOPE len=14 F5 03 0E 00 07 35 03 C0 01 A3 03 04 10 01 
30361,9 rx src=FPKEAECEOPE len=34 F5 03 22 00 04 DB 0C C0 01 99 06 09 E6 01 05 2D 03 C0 01 B9 07 01 40 06 06 C3 0D C0 01 C8 09 FB 7E 01 
30361,9 rx src=FPKEAECEOPE len=10 F5 06 0A 00 18 00 08 00 1E 00 
30363,0 rx src=FPKEAECEOPE len=14 F5 03 0E 00 01 1D 0D 40 03 DA 01 05 85 00 
30363,0 rx src=FPKEAECEOPE len=5 F5 04 05 00 05 
30363,2 rx src=FPKEAECEOPE len=24 F5 03 18 00 03 D4 03 C0 01 11 01 12 35 28 06 C4 0D C0 01 A7 09 FB 7E 01 
30366,5 rx src=FPKEAECEOPE len=24 F5 03 18 00 05 16 03 C0 01 AF 07 00 40 06 07 43 03 C0 01 C3 03 04 10 01 
30376,9 rx src=FPKEAECEOPE len=14 F5 03 0E 00 04 C7 0C C0 01 B5 06 08 E6 01 
30390,5 rx src=FPKEAECEOPE len=14 F5 03 0E 00 01 1D 0D 40 03 DA 01 05 85 00 
30409,4 rx src=FPKEAECEOPE len=24 F5 03 18 00 03 D0 03 C0 01 1A 01 12 39 20 07 51 03 C0 01 E2 03 04 10 01 
30415,0 tx hdr=0xF5 op=0x2D MOVE(x,y,z,rx,ry,state,tick) : 48,82 7 60,578 2,967 270 b0 i298494058
30436,6 rx src=FPKEAECEOPE len=44 F5 03 2C 00 01 1D 0D 40 03 DA 01 05 85 00 04 B3 0C C0 01 D2 06 07 E6 01 05 08 03 C0 01 9D 07 01 40 04 06 C6 0D C0 01 87 09 FB 7F 01 
30436,6 rx src=FPKEAECEOPE len=6 F5 0F 06 00 00 00 
30450,4 rx src=FPKEAECEOPE len=10 F5 3B 0A 00 60 0C C0 01 60 0F 
30456,0 rx src=FPKEAECEOPE len=34 F5 03 22 00 00 60 0C C0 01 60 0F 02 C0 00 03 CE 03 C0 01 1F 01 11 3B 20 07 5D 03 C0 01 03 04 04 0B 01 
30462,9 tx hdr=0xF5 op=0x2D MOVE(x,y,z,rx,ry,state,tick) : 49,5 7 61,5 2,967 270 b0 i298494105
30476,5 rx src=FPKEAECEOPE len=14 F5 03 0E 00 06 C6 0D C0 01 66 09 FB 80 01 
30481,0 rx src=FPKEAECEOPE len=24 F5 03 18 00 04 9E 0C C0 01 EF 06 07 E7 01 05 FF 02 C0 01 85 07 01 40 04 
30491,4 rx src=FPKEAECEOPE len=14 F5 03 0E 00 01 1D 0D 40 03 DA 01 05 85 00 
30507,2 rx src=FPKEAECEOPE len=10 F5 3B 0A 00 60 0C C0 01 60 0F 
30507,2 rx src=FPKEAECEOPE len=44 F5 03 2C 00 00 60 0C C0 01 60 0F 02 C0 00 03 CD 03 C0 01 22 01 10 3D 20 06 C6 0D C0 01 45 09 FB 82 01 07 69 03 C0 01 23 04 02 0D 01 
30524,5 tx hdr=0xF5 op=0x2D MOVE(x,y,z,rx,ry,state,tick) : 49,5 7 61,5 3,567 269,7 b0 i298494167
30529,2 rx src=FPKEAECEOPE len=24 F5 03 18 00 04 8A 0C C0 01 0C 07 06 E7 01 05 01 03 C0 01 6C 07 01 49 05 
30540,9 rx src=FPKEAECEOPE len=14 F5 03 0E 00 01 1D 0D 40 03 DA 01 05 85 00 
30556,2 rx src=FPKEAECEOPE len=14 F5 03 0E 00 07 78 03 C0 01 41 04 02 1B 01 
30556,2 rx src=FPKEAECEOPE len=12 F5 34 0C 00 99 A8 CA 11 F7 A8 CA 11 
30556,2 rx src=FPKEAECEOPE len=24 F5 03 18 00 00 60 0C C0 01 60 0F 02 C0 00 03 CD 03 C0 01 24 01 10 3D 20 
30569,1 tx hdr=0xF5 op=0x2D MOVE(x,y,z,rx,ry,state,tick) : 49,5 7 61,5 3,567 270,45 b0 i298494211
30574,1 rx src=FPKEAECEOPE len=14 F5 03 0E 00 06 C4 0D C0 01 25 09 FB 83 01 
30582,1 rx src=FPKEAECEOPE len=24 F5 03 18 00 04 79 0C C0 01 2A 07 06 F0 01 05 0E 03 C0 01 58 07 03 70 09 
30589,6 rx src=FPKEAECEOPE len=14 F5 03 0E 00 01 1D 0D 40 03 DA 01 05 87 00 
30615,4 tx hdr=0xF5 op=0x2D MOVE(x,y,z,rx,ry,state,tick) : 49,5 7 61,5 3,417 270,3 b0 i298494258
30670,7 tx hdr=0xF5 op=0x2D MOVE(x,y,z,rx,ry,state,tick) : 49,5 7 61,5 3,267 270,75 b0 i298494313
30671,0 rx src=FPKEAECEOPE len=14 F5 03 0E 00 06 C2 0D C0 01 04 09 FB 84 01 
30671,0 rx src=FPKEAECEOPE len=14 F5 03 0E 00 03 CC 03 C0 01 25 01 0F 3F 20 
30671,0 rx src=FPKEAECEOPE len=34 F5 03 22 00 00 60 0C C0 01 60 0F 02 BF 00 01 1D 0D 40 03 DA 01 05 87 00 07 8E 03 C0 01 5A 04 FF 2C 01 
30671,0 rx src=FPKEAECEOPE len=14 F5 03 0E 00 04 6F 0C C0 01 4A 07 07 02 01 
30671,0 rx src=FPKEAECEOPE len=14 F5 03 0E 00 05 1D 03 C0 01 42 07 05 83 09 
30671,0 rx src=FPKEAECEOPE len=14 F5 03 0E 00 03 CC 03 C0 01 26 01 0E 40 20 
30671,0 rx src=FPKEAECEOPE len=24 F5 03 18 00 00 60 0C C0 01 60 0F 02 C0 00 05 25 03 C0 01 28 07 05 85 01 
30683,7 rx src=FPKEAECEOPE len=14 F5 03 0E 00 07 A9 03 C0 01 6B 04 FF 38 01 
30683,8 rx src=FPKEAECEOPE len=14 F5 03 0E 00 06 BE 0D C0 01 E4 08 FC 88 01 
30690,3 rx src=FPKEAECEOPE len=24 F5 03 18 00 01 1D 0D 40 03 DA 01 05 87 00 04 72 0C C0 01 69 07 07 1A 01 
30708,9 rx src=FPKEAECEOPE len=14 F5 03 0E 00 03 CC 03 C0 01 26 01 0E 40 20 
30721,3 tx hdr=0xF5 op=0x2D MOVE(x,y,z,rx,ry,state,tick) : 49,5 7 61,5 3,267 270,75 b0 i298494364
30721,6 rx src=FPKEAECEOPE len=14 F5 03 0E 00 05 29 03 C0 01 0C 07 05 85 01 
30724,1 rx src=FPKEAECEOPE len=14 F5 03 0E 00 04 7E 0C C0 01 85 07 08 22 01 
30735,9 rx src=FPKEAECEOPE len=12 F5 07 0C 00 13 00 07 00 04 00 00 28 
30740,3 rx src=FPKEAECEOPE len=24 F5 03 18 00 01 1D 0D 40 03 DA 01 05 87 00 07 B9 03 C0 01 75 04 FF 48 00 
30750,4 rx src=FPKEAECEOPE len=14 F5 03 0E 00 06 B9 0D C0 01 C4 08 FD 88 01 
30757,5 rx src=FPKEAECEOPE len=24 F5 03 18 00 00 60 0C C0 01 60 0F 02 C0 00 03 CC 03 C0 01 26 01 0E 40 20 
30763,5 tx hdr=0xF5 op=0x2D MOVE(x,y,z,rx,ry,state,tick) : 49,306 7 61,501 3,267 270,3 b1 i298494406
30773,8 rx src=FPKEAECEOPE len=34 F5 03 22 00 00 60 0C C0 01 60 0F 02 C0 00 05 29 03 C0 01 EE 06 04 85 01 07 C2 03 C0 01 7B 04 FF 4B 00 
30788,8 rx src=FPKEAECEOPE len=14 F5 03 0E 00 04 92 0C C0 01 9C 07 08 2C 01 
30788,8 rx src=FPKEAECEOPE len=14 F5 03 0E 00 01 1D 0D 40 03 DA 01 05 87 00 
30801,4 rx src=FPKEAECEOPE len=14 F5 03 0E 00 06 B3 0D C0 01 A4 08 FD 88 01 
30809,1 rx src=FPKEAECEOPE len=14 F5 03 0E 00 03 CC 03 C0 01 26 01 0E 40 20 
30809,1 rx src=FPKEAECEOPE len=14 F5 03 0E 00 07 C8 03 C0 01 7F 04 FF 4D 00 
30813,4 tx hdr=0xF5 op=0x2D MOVE(x,y,z,rx,ry,state,tick) : 48,996 7 61,502 3,267 270 b1 i298494456
30821,4 rx src=FPKEAECEOPE len=24 F5 03 18 00 00 60 0C C0 01 60 0F 02 C0 00 05 27 03 C0 01 D0 06 04 85 01 
30833,8 rx src=FPKEAECEOPE len=14 F5 03 0E 00 04 AB 0C C0 01 B0 07 08 2D 01 
30840,5 rx src=FPKEAECEOPE len=24 F5 03 18 00 01 1D 0D 40 03 DA 01 05 87 00 06 AC 0D C0 01 84 08 FD 89 01 
30853,1 rx src=FPKEAECEOPE len=24 F5 03 18 00 00 53 0C C0 01 60 0F 02 C0 01 03 CC 03 C0 01 26 01 0E 40 20 
30865,4 tx hdr=0xF5 op=0x2D MOVE(x,y,z,rx,ry,state,tick) : 48,615 7 61,499 3,567 269,25 b1 i298494508
30871,6 rx src=FPKEAECEOPE len=24 F5 03 18 00 05 25 03 C0 01 B1 06 04 84 01 06 A5 0D C0 01 64 08 FF 8A 01 
30885,5 rx src=FPKEAECEOPE len=24 F5 03 18 00 04 C6 0C C0 01 C3 07 06 2A 01 07 CC 03 C0 01 81 04 FF 4D 00 
30890,2 rx src=FPKEAECEOPE len=14 F5 03 0E 00 01 1D 0D 40 03 DA 01 06 86 00 
30905,7 rx src=FPKEAECEOPE len=44 F5 03 2C 00 00 3F 0C C0 01 60 0F 02 C0 01 03 CC 03 C0 01 26 01 0E 40 20 06 9D 0D C0 01 45 08 00 8B 01 07 CE 03 C0 01 83 04 FF 4D 00 
30916,6 tx hdr=0xF5 op=0x2D MOVE(x,y,z,rx,ry,state,tick) : 48,193 7 61,494 3,567 268,8 b1 i298494559
30924,0 rx src=FPKEAECEOPE len=14 F5 03 0E 00 05 22 03 C0 01 92 06 03 84 01 
30937,7 rx src=FPKEAECEOPE len=14 F5 03 0E 00 01 1D 0D 40 03 DA 01 07 87 00 
30950,2 rx src=FPKEAECEOPE len=14 F5 03 0E 00 04 E0 0C C0 01 D8 07 05 23 01 
30955,5 rx src=FPKEAECEOPE len=24 F5 03 18 00 00 27 0C C0 01 5F 0F 02 BF 01 03 CC 03 C0 01 26 01 0E 40 20 
30962,4 tx hdr=0xF5 op=0x2D MOVE(x,y,z,rx,ry,state,tick) : 47,746 7 61,486 3,717 268,65 b1 i298494605
30976,3 rx src=FPKEAECEOPE len=14 F5 03 0E 00 05 20 03 C0 01 72 06 03 82 01 
30989,4 rx src=FPKEAECEOPE len=24 F5 03 18 00 01 2A 0D 40 03 D7 01 07 88 08 04 FB 0C C0 01 ED 07 04 22 01 
31004,2 rx src=FPKEAECEOPE len=14 F5 03 0E 00 07 CF 03 C0 01 83 04 FF 4C 00 
31004,2 rx src=FPKEAECEOPE len=14 F5 03 0E 00 03 CC 03 C0 01 20 01 0E 40 24 
31016,3 tx hdr=0xF5 op=0x2D MOVE(x,y,z,rx,ry,state,tick) : 47,344 7 61,341 3,717 268,65 b9 i298494659
31016,7 rx src=FPKEAECEOPE len=24 F5 03 18 00 00 0C 0C C0 01 5F 0F 02 BF 01 07 DD 03 C0 01 81 04 FF 47 01 
31022,4 rx src=FPKEAECEOPE len=14 F5 03 0E 00 06 95 0D C0 01 25 08 00 8B 01 
31030,7 rx src=FPKEAECEOPE len=24 F5 03 18 00 04 14 0D C0 01 05 08 03 1C 01 05 1E 03 C0 01 52 06 03 81 01 
31034,9 rx src=FPKEAECEOPE len=14 F5 03 0E 00 01 3E 0D 40 03 D2 01 07 89 08 
31056,1 rx src=FPKEAECEOPE len=24 F5 03 18 00 00 EF 0B C0 01 5F 0F 02 BF 01 03 CC 03 C0 01 15 01 0E 40 24 
31069,8 tx hdr=0xF5 op=0x2D MOVE(x,y,z,rx,ry,state,tick) : 46,968 7 61,114 3,867 268,8 b9 i298494712
31073,3 rx src=FPKEAECEOPE len=14 F5 03 0E 00 05 1C 03 C0 01 32 06 03 80 01 
31084,2 rx src=FPKEAECEOPE len=24 F5 03 18 00 04 2B 0D C0 01 1F 08 02 17 01 07 F3 03 C0 01 83 04 FF 37 01 
31092,2 rx src=FPKEAECEOPE len=14 F5 03 0E 00 01 56 0D 40 03 CC 01 06 8A 08 
31117,8 tx hdr=0xF5 op=0x2D MOVE(x,y,z,rx,ry,state,tick) : 46,605 7 60,842 4,167 270,3 b9 i298494760
31118,1 rx src=FPKEAECEOPE len=24 F5 03 18 00 00 D6 0B C0 01 55 0F 02 BF 09 03 CC 03 C0 01 0F 01 0E 3F 20 
31118,1 rx src=FPKEAECEOPE len=24 F5 03 18 00 06 89 0D C0 01 07 08 03 93 01 07 0E 04 C0 01 89 04 FF 32 01 
31131,9 rx src=FPKEAECEOPE len=24 F5 03 18 00 04 40 0D C0 01 3B 08 02 17 01 05 1C 03 C0 01 13 06 03 7E 01 
31139,7 rx src=FPKEAECEOPE len=14 F5 03 0E 00 01 71 0D 40 03 C5 01 06 8D 08 
31157,1 rx src=FPKEAECEOPE len=24 F5 03 18 00 03 CC 03 C0 01 0C 01 0E 3F 20 05 13 03 C0 01 F6 05 04 7C 05 
31163,5 tx hdr=0xF5 op=0x2D MOVE(x,y,z,rx,ry,state,tick) : 46,193 7 60,689 4,167 273,3 b1 i298494806
31163,8 rx src=FPKEAECEOPE len=24 F5 03 18 00 00 BD 0B C0 01 47 0F 02 BF 09 07 2A 04 C0 01 91 04 00 2F 01 
31169,6 rx src=FPKEAECEOPE len=12 F5 07 0C 00 12 00 07 00 04 00 00 28 
31177,3 rx src=FPKEAECEOPE len=14 F5 03 0E 00 04 55 0D C0 01 57 08 02 17 01 
31192,9 rx src=FPKEAECEOPE len=14 F5 03 0E 00 01 81 0D 40 03 C0 01 07 92 00 
31192,9 rx src=FPKEAECEOPE len=14 F5 03 0E 00 06 7B 0D C0 01 EA 07 03 99 01 
31207,7 rx src=FPKEAECEOPE len=34 F5 03 22 00 03 CC 03 C0 01 09 01 0E 3F 20 05 07 03 C0 01 D9 05 05 76 05 07 47 04 C0 01 9E 04 00 2A 01 
31223,1 tx hdr=0xF5 op=0x2D MOVE(x,y,z,rx,ry,state,tick) : 45,756 7 60,633 4,167 280,5 b1 i298494865
31223,4 rx src=FPKEAECEOPE len=14 F5 03 0E 00 00 A6 0B C0 01 35 0F 02 C0 09 
31226,6 rx src=FPKEAECEOPE len=24 F5 03 18 00 04 6A 0D C0 01 73 08 04 1B 01 06 6B 0D C0 01 CE 07 03 9A 01 
31239,4 rx src=FPKEAECEOPE len=14 F5 03 0E 00 01 8B 0D 40 03 BE 01 07 99 00 
31265,0 tx hdr=0xF5 op=0x2D MOVE(x,y,z,rx,ry,state,tick) : 45,312 7 60,669 4,167 291,15 b1 i298494907
31317,1 tx hdr=0xF5 op=0x2D MOVE(x,y,z,rx,ry,state,tick) : 44,886 7 60,801 4,167 304,5 b1 i298494959
31322,6 rx src=FPKEAECEOPE len=34 F5 03 22 00 00 8C 0B C0 01 2C 0F 02 C2 01 03 CC 03 C0 01 08 01 0E 3F 20 05 FE 02 C0 01 BC 05 08 68 05 
31322,6 rx src=FPKEAECEOPE len=5 F5 04 05 00 04 
31322,6 rx src=FPKEAECEOPE len=14 F5 03 0E 00 07 63 04 C0 01 AF 04 01 20 01 
31322,6 rx src=FPKEAECEOPE len=14 F5 03 0E 00 04 81 0D C0 01 8D 08 07 22 01 
31322,6 rx src=FPKEAECEOPE len=14 F5 03 0E 00 01 90 0D 40 03 BC 01 07 9F 00 
31322,6 rx src=FPKEAECEOPE len=24 F5 03 18 00 03 CC 03 C0 01 07 01 0E 3F 20 06 58 0D C0 01 B4 07 05 9F 01 
31322,6 rx src=FPKEAECEOPE len=24 F5 03 18 00 05 FA 02 C0 01 9E 05 0D 5A 05 07 79 04 C0 01 C5 04 01 11 01 
31322,6 rx src=FPKEAECEOPE len=14 F5 03 0E 00 00 70 0B C0 01 28 0F 02 C7 01 
31334,1 rx src=FPKEAECEOPE len=34 F5 03 22 00 01 94 0D 40 03 BB 01 06 A3 00 04 99 0D C0 01 A6 08 07 22 01 06 42 0D C0 01 9C 07 05 A3 01 
31357,6 rx src=FPKEAECEOPE len=24 F5 03 18 00 03 CC 03 C0 01 00 01 0E 3F 24 05 F4 02 C0 01 7F 05 13 49 04 
31371,8 tx hdr=0xF5 op=0x2D MOVE(x,y,z,rx,ry,state,tick) : 44,502 7 61,025 4,167 318,6 b1 i298495014
31372,0 rx src=FPKEAECEOPE len=14 F5 03 0E 00 07 89 04 C0 01 E1 04 01 08 01 
31385,1 rx src=FPKEAECEOPE len=14 F5 03 0E 00 04 A8 0D C0 01 B5 08 07 22 00 
31387,9 rx src=FPKEAECEOPE len=14 F5 03 0E 00 01 96 0D 40 03 BA 01 05 A5 00 
31397,0 rx src=FPKEAECEOPE len=14 F5 03 0E 00 06 35 0D C0 01 8E 07 05 AC 00 
31411,9 tx hdr=0xF5 op=0x2D MOVE(x,y,z,rx,ry,state,tick) : 44,155 7 61,315 4,167 322,8 b1 i298495054
31412,1 rx src=FPKEAECEOPE len=14 F5 03 0E 00 03 CC 03 C0 01 F6 00 0E 3F 24 
31413,9 rx src=FPKEAECEOPE len=14 F5 03 0E 00 05 F0 02 F8 01 60 05 15 44 14 
31427,3 rx src=FPKEAECEOPE len=34 F5 03 22 00 04 B1 0D C0 01 BE 08 18 39 00 06 2E 0D C0 01 85 07 05 B0 00 07 93 04 C0 01 FF 04 01 02 01 
31438,4 rx src=FPKEAECEOPE len=14 F5 03 0E 00 01 97 0D 40 03 BA 01 05 A7 00 
31464,7 tx hdr=0xF5 op=0x2D MOVE(x,y,z,rx,ry,state,tick) : 43,837 7 61,649 4,167 325,8 b1 i298495107
31465,1 rx src=FPKEAECEOPE len=24 F5 03 18 00 03 CC 03 C0 01 E9 00 0E 3F 24 05 EB 02 21 02 41 05 16 3D 14 
31465,1 rx src=FPKEAECEOPE len=5 F5 04 05 00 04 
31490,8 rx src=FPKEAECEOPE len=44 F5 03 2C 00 01 98 0D 40 03 BA 01 05 A8 00 04 B6 0D C0 01 C3 08 29 72 00 06 29 0D C0 01 80 07 05 B5 00 07 97 04 C0 01 1E 05 01 F9 01 
31513,4 tx hdr=0xF5 op=0x2D MOVE(x,y,z,rx,ry,state,tick) : 43,538 7 62,01 4,167 325,95 b1 i298495156
31513,7 rx src=FPKEAECEOPE len=34 F5 03 22 00 03 CC 03 C0 01 E1 00 0E 3F 20 05 E6 02 3A 02 21 05 16 39 14 07 96 04 C0 01 3F 05 01 F5 01 
31527,0 rx src=FPKEAECEOPE len=14 F5 03 0E 00 06 26 0D C0 01 7D 07 05 B9 00 
31530,6 rx src=FPKEAECEOPE len=34 F5 03 22 00 00 09 0B C0 01 54 0F 02 E5 01 01 98 0D 40 03 BA 01 05 A8 00 04 BA 0D C0 01 C6 08 1A C6 00 
31554,3 rx src=FPKEAECEOPE len=14 F5 03 0E 00 03 CC 03 C0 01 DD 00 0E 3F 20 
31554,3 rx src=FPKEAECEOPE len=12 F5 34 0C 00 83 AC CA 11 E0 AC CA 11 
31555,8 rx src=FPKEAECEOPE len=14 F5 03 0E 00 00 F5 0A C0 01 69 0F 02 E7 01 
31565,2 tx hdr=0xF5 op=0x2D MOVE(x,y,z,rx,ry,state,tick) : 43,538 7 62,418 4,167 324,15 b5 i298495210
31572,1 rx src=FPKEAECEOPE len=14 F5 03 0E 00 07 8F 04 C0 01 5E 05 01 EC 01 
31581,8 rx src=FPKEAECEOPE len=24 F5 03 18 00 04 BB 0D C0 01 C8 08 0F 00 00 05 E2 02 45 02 02 05 13 31 14 
31581,8 rx src=FPKEAECEOPE len=12 F5 07 0C 00 12 00 07 00 03 00 00 28 
31590,3 rx src=FPKEAECEOPE len=24 F5 03 18 00 01 98 0D 40 03 BA 01 05 AB 00 06 24 0D C0 01 7B 07 03 CA 00 
31604,0 rx src=FPKEAECEOPE len=14 F5 03 0E 00 03 CC 03 C0 01 DA 00 0E 3F 20 
31606,7 rx src=FPKEAECEOPE len=34 F5 03 22 00 00 E2 0A C0 01 80 0F 02 E7 01 05 DD 02 40 02 E3 04 12 2D 14 07 84 04 C0 01 7E 05 01 EC 01 
31618,1 tx hdr=0xF5 op=0x2D MOVE(x,y,z,rx,ry,state,tick) : 43,431 7 62,856 4,017 309,75 b5 i298495263
31630,5 rx src=FPKEAECEOPE len=14 F5 03 0E 00 06 23 0D C0 01 7A 07 03 CC 00 
31630,5 rx src=FPKEAECEOPE len=14 F5 03 0E 00 04 BD 0D C0 01 C9 08 0E 03 00 
31641,8 rx src=FPKEAECEOPE len=14 F5 03 0E 00 01 98 0D 40 03 BA 01 05 AB 00 
31649,3 rx src=FPKEAECEOPE len=14 F5 03 0E 00 03 CC 03 C0 01 D9 00 0E 3F 20 
31660,8 rx src=FPKEAECEOPE len=14 F5 03 0E 00 00 E2 0A C0 01 9A 0F 02 E6 05 
31666,3 tx hdr=0xF5 op=0x2D MOVE(x,y,z,rx,ry,state,tick) : 43,431 7 63,287 1,917 284,7 b5 i298495311
31666,7 rx src=FPKEAECEOPE len=14 F5 03 0E 00 07 77 04 C0 01 9D 05 01 EC 01 
31680,2 rx src=FPKEAECEOPE len=24 F5 03 18 00 04 BD 0D C0 01 CA 08 0C 03 00 06 23 0D C0 01 79 07 03 D4 00 
31692,8 rx src=FPKEAECEOPE len=14 F5 03 0E 00 01 98 0D 40 03 BA 01 05 AC 00 
31705,5 rx src=FPKEAECEOPE len=24 F5 03 18 00 03 CC 03 C0 01 D8 00 07 3E 20 05 D8 02 2B 02 C4 04 11 29 14 
31713,8 tx hdr=0xF5 op=0x2D MOVE(x,y,z,rx,ry,state,tick) : 43,431 7 63,287 1,767 255,6 b5 i298495359
31714,0 rx src=FPKEAECEOPE len=24 F5 03 18 00 00 DB 0A C0 01 B6 0F 02 DC 05 05 D4 02 07 02 A5 04 0E 25 14 
31720,7 rx src=FPKEAECEOPE len=14 F5 03 0E 00 07 69 04 C0 01 BB 05 01 EC 01 
31737,3 rx src=FPKEAECEOPE len=24 F5 03 18 00 01 98 0D 40 03 BA 01 04 AC 00 04 BD 0D C0 01 CA 08 09 03 00 
31745,1 rx src=FPKEAECEOPE len=14 F5 03 0E 00 06 23 0D C0 01 79 07 06 E9 00 
31759,9 rx src=FPKEAECEOPE len=24 F5 03 18 00 03 CC 03 C0 01 D8 00 01 3E 20 07 5A 04 C0 01 DA 05 01 EC 01 
31759,9 rx src=FPKEAECEOPE len=14 F5 03 0E 00 00 DB 0A C0 01 D2 0F 01 CA 05 
31763,8 tx hdr=0xF5 op=0x2D MOVE(x,y,z,rx,ry,state,tick) : 43,431 6 63,5 1,767 231,3 b21 i298495409
31779,3 rx src=FPKEAECEOPE len=14 F5 03 0E 00 04 BD 0D C0 01 CA 08 05 03 00 
31790,7 rx src=FPKEAECEOPE len=14 F5 03 0E 00 01 98 0D 40 03 BA 01 05 AC 00 
31795,1 rx src=FPKEAECEOPE len=14 F5 03 0E 00 05 CF 02 D4 01 86 04 0D 23 14 
31806,2 rx src=FPKEAECEOPE len=14 F5 03 0E 00 06 23 0D C0 01 79 07 07 F6 00 
31806,3 rx src=FPKEAECEOPE len=24 F5 03 18 00 00 DB 0A C0 01 D2 0F 01 B5 05 03 CC 03 C0 01 D8 00 FE 3E 20 
31821,3 tx hdr=0xF5 op=0x2D MOVE(x,y,z,rx,ry,state,tick) : 43,079 6 63,5 1,767 217,5 b1 i298495466
31821,5 rx src=FPKEAECEOPE len=14 F5 03 0E 00 05 CA 02 C0 01 67 04 0B 20 04 
31821,5 rx src=FPKEAECEOPE len=14 F5 03 0E 00 07 4B 04 C0 01 F9 05 01 EC 01 
31827,4 rx src=FPKEAECEOPE len=14 F5 03 0E 00 04 BE 0D C0 01 D8 08 FD 00 01 
31837,5 rx src=FPKEAECEOPE len=14 F5 03 0E 00 01 98 0D 40 03 BA 01 05 AA 00 
31853,3 rx src=FPKEAECEOPE len=34 F5 03 22 00 03 CC 03 C0 01 D8 00 FA 3F 20 05 D1 02 C0 01 4B 04 09 1D 04 06 23 0D C0 01 79 07 07 FD 00 
31858,6 rx src=FPKEAECEOPE len=14 F5 03 0E 00 00 DB 0A 80 01 E0 0F 01 A4 15 
31870,8 tx hdr=0xF5 op=0x2D MOVE(x,y,z,rx,ry,state,tick) : 42,902 6 63,45 1,767 215,1 b9 i298495516
31871,0 rx src=FPKEAECEOPE len=14 F5 03 0E 00 07 41 04 C0 01 0B 06 01 ED 00 
31871,1 rx src=FPKEAECEOPE len=14 F5 03 0E 00 06 23 0D C0 01 79 07 07 01 00 
31886,4 rx src=FPKEAECEOPE len=14 F5 03 0E 00 04 BB 0D C0 01 EF 08 F8 F6 01 
31886,4 rx src=FPKEAECEOPE len=14 F5 03 0E 00 01 98 0D 40 03 BA 01 06 A4 00 
31886,4 rx src=FPKEAECEOPE len=139 F5 0E 8B 00 02 00 14 00 67 72 6F 7A 61 00 47 72 6F 7A 61 00 00 00 01 00 00 00 06 00 63 6F 6C 74 31 39 31 31 00 43 6F 6C 74 20 31 39 31 31 00 01 00 01 00 00 00 44 00 73 68 6F 76 65 6C 00 D0 9B D0 BE D0 BF D0 B0 D1 82 D0 B0 00 02 00 01 00 00 00 45 00 62 6C 6F 63 6B 00 D0 91 D0 BB D0 BE D0 
31886,5 rx src=FPKEAECEOPE len=13 F5 0A 0D 00 02 31 00 07 00 3A 00 C0 00 
31908,1 rx src=FPKEAECEOPE len=14 F5 03 0E 00 02 60 0C C0 01 A0 0E FE C0 00 
31908,1 rx src=FPKEAECEOPE len=24 F5 03 18 00 03 CC 03 C0 01 D8 00 F7 3F 20 05 DF 02 C0 01 33 04 08 1B 04 
31917,1 tx hdr=0xF5 op=0x2D MOVE(x,y,z,rx,ry,state,tick) : 42,83 6 63,45 1,767 214,65 b9 i298495562
31917,3 rx src=FPKEAECEOPE len=24 F5 03 18 00 00 C5 0A 80 01 E0 0F 01 9A 01 07 3C 04 C0 01 16 06 01 F3 00 
31966,6 tx hdr=0xF5 op=0x2D MOVE(x,y,z,rx,ry,state,tick) : 42,831 6 63,45 1,917 212,1 b9 i298495612
31982,7 rx src=FPKEAECEOPE len=14 F5 03 0E 00 04 B3 0D C0 01 09 09 F8 EF 01 
31982,7 rx src=FPKEAECEOPE len=14 F5 03 0E 00 01 98 0D 40 03 BA 01 06 8F 00 
31982,7 rx src=FPKEAECEOPE len=24 F5 03 18 00 03 CC 03 C0 01 D8 00 F6 3F 20 05 F2 02 C0 01 1D 04 05 17 04 
31982,7 rx src=FPKEAECEOPE len=24 F5 03 18 00 00 B9 0A 80 01 DC 0F 01 98 09 07 38 04 C0 01 1D 06 02 FB 00 
31982,7 rx src=FPKEAECEOPE len=14 F5 03 0E 00 04 A2 0D C0 01 1F 09 FD D2 01 
31987,9 rx src=FPKEAECEOPE len=14 F5 03 0E 00 01 98 0D 40 03 BA 01 05 85 00 
32003,2 rx src=FPKEAECEOPE len=24 F5 03 18 00 03 CC 03 C0 01 D8 00 F4 3F 20 05 08 03 C0 01 0A 04 02 14 04 
32015,3 tx hdr=0xF5 op=0x2D MOVE(x,y,z,rx,ry,state,tick) : 42,883 6 63,45 2,367 209,25 b9 i298495660
32033,8 rx src=FPKEAECEOPE len=24 F5 03 18 00 04 8A 0D C0 01 28 09 03 B3 01 07 36 04 C0 01 21 06 02 11 00 
32049,8 rx src=FPKEAECEOPE len=14 F5 03 0E 00 01 98 0D 40 03 BA 01 05 85 00 
32063,6 tx hdr=0xF5 op=0x2D MOVE(x,y,z,rx,ry,state,tick) : 42,978 6 63,45 2,367 206,1 b9 i298495709
32063,8 rx src=FPKEAECEOPE len=24 F5 03 18 00 03 CC 03 C0 01 D8 00 F3 3F 20 05 21 03 C0 01 F9 03 01 14 04 
32070,2 rx src=FPKEAECEOPE len=14 F5 03 0E 00 07 35 04 C0 01 23 06 02 22 00 
32078,5 rx src=FPKEAECEOPE len=14 F5 03 0E 00 04 70 0D C0 01 26 09 04 AB 01 
32085,8 rx src=FPKEAECEOPE len=14 F5 03 0E 00 01 A5 0D 40 03 B8 01 05 85 08 
32107,6 rx src=FPKEAECEOPE len=14 F5 03 0E 00 03 CC 03 C0 01 D8 00 F3 3F 20 
32121,1 tx hdr=0xF5 op=0x2D MOVE(x,y,z,rx,ry,state,tick) : 43,104 6 63,45 2,667 204 b9 i298495766
32121,4 rx src=FPKEAECEOPE len=24 F5 03 18 00 05 3B 03 C0 01 E8 03 01 14 04 07 35 04 C0 01 25 06 02 28 00 
32137,6 rx src=FPKEAECEOPE len=24 F5 03 18 00 01 A5 0D 40 03 B5 01 05 85 08 04 53 0D C0 01 1E 09 04 AB 01 
32156,8 rx src=FPKEAECEOPE len=14 F5 03 0E 00 03 CC 03 C0 01 D8 00 F3 3F 20 
32168,8 tx hdr=0xF5 op=0x2D MOVE(x,y,z,rx,ry,state,tick) : 43,251 6 63,45 2,817 203,55 b9 i298495814
32169,1 rx src=FPKEAECEOPE len=14 F5 03 0E 00 07 34 04 C0 01 25 06 03 28 00 
32185,2 rx src=FPKEAECEOPE len=24 F5 03 18 00 04 36 0D C0 01 13 09 04 AB 01 05 56 03 C0 01 D8 03 01 14 04 
32185,2 rx src=FPKEAECEOPE len=24 F5 03 18 00 01 A5 0D 40 03 B2 01 04 86 08 06 23 0D C0 01 79 07 05 1A 00 
32189,2 rx src=FPKEAECEOPE len=14 F5 03 0E 00 00 BE 0A 80 01 DC 0F 01 92 09 
32204,7 rx src=FPKEAECEOPE len=24 F5 03 18 00 03 CC 03 C0 01 D8 00 F2 3E 20 05 72 03 C0 01 C8 03 01 14 04 
32215,2 tx hdr=0xF5 op=0x2D MOVE(x,y,z,rx,ry,state,tick) : 43,41 7 63,007 2,817 203,4 b9 i298495860
32215,6 rx src=FPKEAECEOPE len=14 F5 03 0E 00 07 34 04 C0 01 25 06 03 28 00 
32215,6 rx src=FPKEAECEOPE len=14 F5 03 0E 00 00 C6 0A 80 01 DC 0F 01 91 09 
32236,2 rx src=FPKEAECEOPE len=24 F5 03 18 00 01 A5 0D 40 03 AD 01 04 87 08 04 18 0D C0 01 05 09 04 AA 01 
32257,8 rx src=FPKEAECEOPE len=24 F5 03 18 00 03 CC 03 C0 01 D8 00 EF 3E 20 07 34 04 C0 01 25 06 03 28 00 
32257,8 rx src=FPKEAECEOPE len=6 F5 0F 06 00 02 00 
32269,2 tx hdr=0xF5 op=0x2D MOVE(x,y,z,rx,ry,state,tick) : 43,428 7 62,564 2,817 203,7 b1 i298495914
32269,5 rx src=FPKEAECEOPE len=24 F5 03 18 00 00 D0 0A 80 01 DC 0F 02 90 09 06 23 0D C0 01 79 07 04 1D 00 
32285,5 rx src=FPKEAECEOPE len=14 F5 03 0E 00 04 FA 0C C0 01 F5 08 04 AA 01 
32291,6 rx src=FPKEAECEOPE len=24 F5 03 18 00 01 A5 0D 40 03 A6 01 05 8E 08 02 60 0C C0 01 A0 0E 01 C0 00 
32303,1 rx src=FPKEAECEOPE len=24 F5 03 18 00 05 77 03 C0 01 C5 03 01 14 08 06 23 0D C0 01 79 07 04 1F 00 
32303,1 rx src=FPKEAECEOPE len=24 F5 03 18 00 03 CC 03 C0 01 D8 00 EE 3D 20 05 6F 03 C0 01 C9 03 01 14 08 
32317,8 tx hdr=0xF5 op=0x2D MOVE(x,y,z,rx,ry,state,tick) : 43,428 7 62,25 1,767 210,6 b5 i298495963
32318,1 rx src=FPKEAECEOPE len=14 F5 03 0E 00 00 DA 0A C0 01 C0 0F 02 90 09 
32335,1 rx src=FPKEAECEOPE len=34 F5 03 22 00 01 A5 0D 40 03 9D 01 05 8F 08 04 DC 0C C0 01 E5 08 04 A9 01 07 34 04 C0 01 25 06 03 28 00 
32352,9 rx src=FPKEAECEOPE len=14 F5 03 0E 00 06 23 0D C0 01 79 07 04 21 00 
32355,7 rx src=FPKEAECEOPE len=34 F5 03 22 00 02 60 0C C0 01 A0 0E 01 C0 00 03 CC 03 C0 01 D8 00 ED 3D 20 05 5F 03 C0 01 D1 03 01 14 08 
32369,3 tx hdr=0xF5 op=0x2D MOVE(x,y,z,rx,ry,state,tick) : 43,428 7 62,047 0,717 220,65 b5 i298496014
32369,5 rx src=FPKEAECEOPE len=24 F5 03 18 00 00 DB 0A C0 01 A4 0F 02 90 01 07 34 04 C0 01 25 06 03 28 00 
32385,2 rx src=FPKEAECEOPE len=14 F5 03 0E 00 04 C1 0C C0 01 D1 08 04 9F 01 
32388,2 rx src=FPKEAECEOPE len=14 F5 03 0E 00 01 A5 0D 40 03 9D 01 04 91 00 
32402,0 rx src=FPKEAECEOPE len=24 F5 03 18 00 02 60 0C C0 01 A0 0E 01 C0 00 03 CC 03 C0 01 D8 00 ED 3D 20 
32414,9 tx hdr=0xF5 op=0x2D MOVE(x,y,z,rx,ry,state,tick) : 43,428 7 61,913 0,567 221,55 b5 i298496060
32415,3 rx src=FPKEAECEOPE len=24 F5 03 18 00 00 DB 0A C0 01 8F 0F 01 95 05 05 52 03 C0 01 E3 03 02 14 09 
32428,5 rx src=FPKEAECEOPE len=14 F5 03 0E 00 07 34 04 C0 01 25 06 03 28 00 
32434,5 rx src=FPKEAECEOPE len=24 F5 03 18 00 01 A5 0D 40 03 9A 01 04 92 00 04 AB 0C C0 01 B7 08 08 8D 01 
32434,5 rx src=FPKEAECEOPE len=12 F5 07 0C 00 12 00 0A 00 03 00 00 28 
32441,5 rx src=FPKEAECEOPE len=24 F5 03 18 00 02 60 0C C0 01 A0 0E 01 C0 00 06 23 0D C0 01 79 07 04 25 00 
32453,8 rx src=FPKEAECEOPE len=24 F5 03 18 00 03 CC 03 C0 01 D8 00 ED 3D 20 05 47 03 C0 01 F9 03 02 15 09 
32460,9 rx src=FPKEAECEOPE len=24 F5 03 18 00 00 DB 0A C0 01 82 0F 00 9C 05 06 23 0D C0 01 79 07 04 26 00 
32468,1 tx hdr=0xF5 op=0x2D MOVE(x,y,z,rx,ry,state,tick) : 43,428 7 61,821 0,567 221,55 b5 i298496113
32481,2 rx src=FPKEAECEOPE len=14 F5 03 0E 00 07 40 04 C0 01 2D 06 03 28 01 
32487,6 rx src=FPKEAECEOPE len=24 F5 03 18 00 01 A5 0D 40 03 9A 01 04 92 00 04 9B 0C C0 01 9A 08 09 8A 01 
32494,9 rx src=FPKEAECEOPE len=14 F5 03 0E 00 02 60 0C C0 01 A0 0E 01 C1 00 
32501,4 rx src=FPKEAECEOPE len=34 F5 03 22 00 03 CC 03 C0 01 D8 00 ED 3D 20 05 3D 03 C0 01 14 04 02 16 09 06 23 0D C0 01 79 07 04 26 00 
32508,0 rx src=FPKEAECEOPE len=24 F5 03 18 00 00 DB 0A C0 01 7A 0F 00 9D 05 07 52 04 C0 01 39 06 03 28 01 
32513,1 tx hdr=0xF5 op=0x2D MOVE(x,y,z,rx,ry,state,tick) : 43,428 7 61,754 0,567 221,55 b5 i298496158
32535,0 rx src=FPKEAECEOPE len=24 F5 03 18 00 01 A5 0D 40 03 9A 01 04 92 00 04 8D 0C C0 01 7C 08 0C 8D 01 
32551,0 rx src=FPKEAECEOPE len=14 F5 03 0E 00 02 60 0C C0 01 A0 0E 05 CB 00 
32551,0 rx src=FPKEAECEOPE len=14 F5 03 0E 00 06 23 0D C0 01 79 07 03 25 00 
32551,0 rx src=FPKEAECEOPE len=24 F5 03 18 00 03 CC 03 C0 01 D8 00 EE 38 20 05 35 03 C0 01 30 04 02 17 09 
32551,0 rx src=FPKEAECEOPE len=12 F5 34 0C 00 71 B0 CA 11 CB B0 CA 11 
32569,0 tx hdr=0xF5 op=0x2D MOVE(x,y,z,rx,ry,state,tick) : 43,034 7 61,568 0,567 221,1 b1 i298496221
32569,3 rx src=FPKEAECEOPE len=24 F5 03 18 00 00 DB 0A C0 01 74 0F 00 9D 05 07 52 04 C0 01 48 06 03 28 01 
32615,5 tx hdr=0xF5 op=0x2D MOVE(x,y,z,rx,ry,state,tick) : 42,675 7 61,306 0,867 219,15 b1 i298496267
32648,0 rx src=FPKEAECEOPE len=24 F5 03 18 00 01 A5 0D 40 03 99 01 04 92 00 04 79 0C C0 01 61 08 0D A5 01 
32648,0 rx src=FPKEAECEOPE len=14 F5 03 0E 00 06 23 0D C0 01 79 07 02 22 00 
32648,0 rx src=FPKEAECEOPE len=44 F5 03 2C 00 00 DB 0A C0 01 70 0F 00 9D 05 02 60 0C C0 01 A0 0E 05 CC 00 03 CC 03 C0 01 D8 00 EF 33 20 05 2D 03 C0 01 4D 04 02 17 09 
32648,0 rx src=FPKEAECEOPE len=14 F5 03 0E 00 07 52 04 C0 01 58 06 03 28 01 
32648,0 rx src=FPKEAECEOPE len=14 F5 03 0E 00 04 63 0C C0 01 5B 08 04 E2 01 
32648,0 rx src=FPKEAECEOPE len=14 F5 03 0E 00 01 A5 0D 40 03 99 01 04 92 00 
32648,0 rx src=FPKEAECEOPE len=14 F5 03 0E 00 06 23 0D C0 01 79 07 01 1F 00 
32653,6 rx src=FPKEAECEOPE len=24 F5 03 18 00 02 60 0C C0 01 A0 0E 05 CD 00 05 26 03 C0 01 6B 04 02 18 09 
32665,5 tx hdr=0xF5 op=0x2D MOVE(x,y,z,rx,ry,state,tick) : 42,352 6 60,987 0,867 213,75 b17 i298496317
32665,8 rx src=FPKEAECEOPE len=14 F5 03 0E 00 03 CC 03 C0 01 D8 00 EF 33 20 
32685,1 rx src=FPKEAECEOPE len=14 F5 03 0E 00 07 62 04 C0 01 62 06 03 28 00 
32685,1 rx src=FPKEAECEOPE len=14 F5 03 0E 00 04 55 0C C0 01 66 08 01 FC 01 
32685,1 rx src=FPKEAECEOPE len=14 F5 03 0E 00 01 A6 0D 40 03 99 01 04 92 00 
32701,0 rx src=FPKEAECEOPE len=24 F5 03 18 00 02 60 0C C0 01 A0 0E 05 CD 00 06 23 0D C0 01 79 07 01 1D 00 
32718,9 tx hdr=0xF5 op=0x2D MOVE(x,y,z,rx,ry,state,tick) : 42,029 6 60,669 0,867 211,5 b1 i298496370
32719,2 rx src=FPKEAECEOPE len=24 F5 03 18 00 03 CC 03 C0 01 D8 00 EF 33 20 07 62 04 C0 01 67 06 03 28 00 
32735,4 rx src=FPKEAECEOPE len=24 F5 03 18 00 01 A6 0D 40 03 99 01 04 93 00 04 4E 0C C0 01 7B 08 01 02 01 
32740,8 rx src=FPKEAECEOPE len=24 F5 03 18 00 02 60 0C C0 01 A0 0E 05 CD 00 05 20 03 C0 01 8A 04 03 18 09 
32770,4 tx hdr=0xF5 op=0x2D MOVE(x,y,z,rx,ry,state,tick) : 41,897 7 60,294 0,867 206,4 b9 i298496422
32770,6 rx src=FPKEAECEOPE len=34 F5 03 22 00 03 CC 03 C0 01 D8 00 EF 33 20 05 19 03 C0 01 A9 04 04 15 09 06 23 0D C0 01 79 07 00 1A 00 
32770,6 rx src=FPKEAECEOPE len=14 F5 03 0E 00 07 62 04 C0 01 6B 06 03 28 00 
32770,6 rx src=FPKEAECEOPE len=12 F5 07 0C 00 12 00 0A 00 04 00 00 28 
32787,8 rx src=FPKEAECEOPE len=14 F5 03 0E 00 04 4C 0C C0 01 95 08 01 07 01 
32803,3 rx src=FPKEAECEOPE len=14 F5 03 0E 00 01 A6 0D 40 03 99 01 04 93 00 
32803,3 rx src=FPKEAECEOPE len=14 F5 03 0E 00 02 60 0C C0 01 A0 0E 05 CB 00 
32803,3 rx src=FPKEAECEOPE len=24 F5 03 18 00 03 CC 03 C0 01 D8 00 EF 33 20 06 23 0D C0 01 79 07 FF 18 00 
32818,2 tx hdr=0xF5 op=0x2D MOVE(x,y,z,rx,ry,state,tick) : 41,895 7 59,891 0,867 201,45 b9 i298496470
32822,1 rx src=FPKEAECEOPE len=24 F5 03 18 00 05 10 03 C0 01 C7 04 03 10 09 07 65 04 C0 01 6D 06 03 28 00 
32833,3 rx src=FPKEAECEOPE len=14 F5 03 0E 00 04 4F 0C C0 01 B2 08 01 0B 01 
32847,6 rx src=FPKEAECEOPE len=14 F5 03 0E 00 01 A6 0D 40 03 99 01 04 93 00 
32847,6 rx src=FPKEAECEOPE len=24 F5 03 18 00 00 81 0A 80 01 2A 0F 00 96 01 02 60 0C C0 01 A0 0E 04 C7 00 
32863,3 tx hdr=0xF5 op=0x2D MOVE(x,y,z,rx,ry,state,tick) : 41,986 7 59,478 0,867 196,65 b9 i298496515
32863,6 rx src=FPKEAECEOPE len=34 F5 03 22 00 03 CC 03 C0 01 D8 00 EF 33 20 05 04 03 C0 01 E5 04 03 0B 09 06 23 0D C0 01 79 07 FF 15 00 
32863,6 rx src=FPKEAECEOPE len=24 F5 03 18 00 00 79 0A C0 01 12 0F 00 92 09 07 65 04 C0 01 6E 06 03 28 00 
32879,6 rx src=FPKEAECEOPE len=14 F5 03 0E 00 04 54 0C C0 01 D1 08 01 09 01 
32894,8 rx src=FPKEAECEOPE len=14 F5 03 0E 00 01 A6 0D 40 03 99 01 04 92 00 
32900,7 rx src=FPKEAECEOPE len=14 F5 03 0E 00 02 60 0C C0 01 A0 0E 03 C4 00 
32912,2 rx src=FPKEAECEOPE len=24 F5 03 18 00 03 CC 03 C0 01 D8 00 F0 33 20 06 23 0D C0 01 79 07 00 12 00 
32912,3 rx src=FPKEAECEOPE len=24 F5 03 18 00 00 79 0A C0 01 F9 0E 00 8F 09 05 F6 02 C0 01 01 05 03 05 09 
32918,0 tx hdr=0xF5 op=0x2D MOVE(x,y,z,rx,ry,state,tick) : 42,148 7 59,069 1,617 191,4 b9 i298496570
32928,1 rx src=FPKEAECEOPE len=24 F5 03 18 00 04 4F 0C C0 01 F0 08 01 E8 01 07 65 04 C0 01 77 06 03 28 01 
32933,6 rx src=FPKEAECEOPE len=14 F5 03 0E 00 01 A6 0D 40 03 99 01 05 90 00 
32944,0 rx src=FPKEAECEOPE len=14 F5 03 0E 00 02 60 0C C0 01 A0 0E 03 BF 00 
32950,7 rx src=FPKEAECEOPE len=24 F5 03 18 00 03 CC 03 C0 01 D8 00 F4 32 20 05 E5 02 C0 01 1B 05 03 03 09 
32958,9 rx src=FPKEAECEOPE len=34 F5 03 22 00 00 7F 0A C0 01 DE 0E 00 8B 09 06 23 0D C0 01 79 07 01 0D 00 07 65 04 C0 01 83 06 03 28 01 
32966,7 tx hdr=0xF5 op=0x2D MOVE(x,y,z,rx,ry,state,tick) : 42,355 7 58,664 1,767 190,5 b9 i298496618
32988,8 rx src=FPKEAECEOPE len=24 F5 03 18 00 01 A6 0D 40 03 99 01 05 8F 00 04 45 0C C0 01 F6 08 01 97 01 
32988,8 rx src=FPKEAECEOPE len=24 F5 03 18 00 02 60 0C C0 01 A0 0E 03 BD 00 06 23 0D C0 01 79 07 01 0B 00 
33003,9 rx src=FPKEAECEOPE len=14 F5 03 0E 00 03 CC 03 C0 01 D8 00 F8 33 20 
33008,8 rx src=FPKEAECEOPE len=34 F5 03 22 00 00 89 0A C0 01 C4 0E 01 88 09 05 D2 02 C0 01 35 05 03 03 09 07 65 04 C0 01 92 06 03 28 01 
33018,3 tx hdr=0xF5 op=0x2D MOVE(x,y,z,rx,ry,state,tick) : 42,593 7 58,264 2,217 189,15 b9 i298496670
33035,8 rx src=FPKEAECEOPE len=24 F5 03 18 00 01 A6 0D 40 03 99 01 05 8F 00 04 45 0C C0 01 EE 08 01 6A 01 
33040,6 rx src=FPKEAECEOPE len=24 F5 03 18 00 02 60 0C C0 01 A0 0E 04 AC 00 06 23 0D C0 01 79 07 02 05 00 
33052,4 rx src=FPKEAECEOPE len=24 F5 03 18 00 03 CC 03 C0 01 D8 00 F9 33 20 05 C0 02 C0 01 4F 05 02 07 09 
33069,9 tx hdr=0xF5 op=0x2D MOVE(x,y,z,rx,ry,state,tick) : 42,853 7 57,868 2,367 187,95 b9 i298496721
33070,3 rx src=FPKEAECEOPE len=24 F5 03 18 00 00 96 0A C0 01 AA 0E 01 87 09 07 65 04 C0 01 9B 06 03 28 00 
33075,1 rx src=FPKEAECEOPE len=14 F5 03 0E 00 04 4F 0C C0 01 DE 08 01 64 01 
33085,8 rx src=FPKEAECEOPE len=14 F5 03 0E 00 01 A6 0D 40 03 99 01 05 8F 00 
33100,7 rx src=FPKEAECEOPE len=14 F5 03 0E 00 02 60 0C C0 01 A0 0E 07 97 00 
33100,7 rx src=FPKEAECEOPE len=14 F5 03 0E 00 06 23 0D C0 01 79 07 02 FB 00 
33100,7 rx src=FPKEAECEOPE len=12 F5 07 0C 00 12 00 09 00 04 00 00 28 
33105,9 rx src=FPKEAECEOPE len=14 F5 03 0E 00 05 AF 02 C0 01 6A 05 02 0C 09 
33116,4 tx hdr=0xF5 op=0x2D MOVE(x,y,z,rx,ry,state,tick) : 42,982 7 57,439 2,367 187,8 b1 i298496768
33116,7 rx src=FPKEAECEOPE len=24 F5 03 18 00 00 A5 0A C0 01 90 0E 01 86 09 03 CC 03 C0 01 D8 00 F9 33 20 
33132,3 rx src=FPKEAECEOPE len=24 F5 03 18 00 04 5D 0C C0 01 CA 08 01 62 01 07 65 04 C0 01 A1 06 03 28 00 
33136,2 rx src=FPKEAECEOPE len=24 F5 03 18 00 01 A6 0D 40 03 99 01 05 8E 00 02 60 0C C0 01 A0 0E 09 8A 00 
33165,6 tx hdr=0xF5 op=0x2D MOVE(x,y,z,rx,ry,state,tick) : 43,033 7 56,989 2,367 187,8 b1 i298496817
33165,8 rx src=FPKEAECEOPE len=24 F5 03 18 00 05 A0 02 C0 01 86 05 03 11 09 06 23 0D C0 01 79 07 01 F6 00 
33165,8 rx src=FPKEAECEOPE len=14 F5 03 0E 00 03 CC 03 C0 01 D8 00 F9 33 20 
33165,8 rx src=FPKEAECEOPE len=24 F5 03 18 00 00 B6 0A C0 01 77 0E 01 85 09 07 65 04 C0 01 A4 06 03 28 00 
33181,9 rx src=FPKEAECEOPE len=14 F5 03 0E 00 04 70 0C C0 01 B3 08 01 62 01 
33187,7 rx src=FPKEAECEOPE len=24 F5 03 18 00 01 A6 0D 40 03 99 01 05 8E 00 02 60 0C C0 01 A0 0E 09 7C 00 
33199,7 rx src=FPKEAECEOPE len=14 F5 03 0E 00 06 23 0D C0 01 79 07 01 F3 00 
33215,7 tx hdr=0xF5 op=0x2D MOVE(x,y,z,rx,ry,state,tick) : 43,038 7 56,527 2,367 187,8 b1 i298496867
33216,0 rx src=FPKEAECEOPE len=34 F5 03 22 00 00 BE 0A C0 01 5C 0E 01 85 01 03 CC 03 C0 01 D8 00 F8 35 20 05 94 02 C0 01 A3 05 04 13 09 
33216,1 rx src=FPKEAECEOPE len=14 F5 03 0E 00 07 65 04 C0 01 A6 06 03 28 00 
33264,6 tx hdr=0xF5 op=0x2D MOVE(x,y,z,rx,ry,state,tick) : 43,014 7 56,058 2,367 187,8 b1 i298496916
33301,8 rx src=FPKEAECEOPE len=24 F5 03 18 00 01 A6 0D 40 03 99 01 05 8E 00 04 84 0C C0 01 9B 08 01 62 01 
33301,8 rx src=FPKEAECEOPE len=24 F5 03 18 00 02 60 0C C0 01 A0 0E 00 44 00 06 23 0D C0 01 79 07 00 F2 00 
33301,8 rx src=FPKEAECEOPE len=24 F5 03 18 00 03 CC 03 C0 01 D8 00 F7 38 20 05 89 02 C0 01 C1 05 04 15 09 
33301,8 rx src=FPKEAECEOPE len=14 F5 03 0E 00 00 C2 0A C0 01 3F 0E 01 85 01 
33301,9 rx src=FPKEAECEOPE len=24 F5 03 18 00 04 99 0C C0 01 82 08 01 62 01 07 65 04 C0 01 A7 06 03 28 00 
33301,9 rx src=FPKEAECEOPE len=14 F5 03 0E 00 01 A6 0D 40 03 99 01 05 8E 00 
33301,9 rx src=FPKEAECEOPE len=14 F5 03 0E 00 02 60 0C C0 01 A0 0E FD 2A 00 
33301,9 rx src=FPKEAECEOPE len=34 F5 03 22 00 03 CC 03 C0 01 D8 00 F6 39 20 05 7F 02 C0 01 DF 05 04 16 09 06 23 0D C0 01 79 07 FF EA 00 
33312,8 tx hdr=0xF5 op=0x2D MOVE(x,y,z,rx,ry,state,tick) : 42,974 7 55,584 2,367 187,8 b1 i298496964
33313,2 rx src=FPKEAECEOPE len=14 F5 03 0E 00 00 C2 0A C0 01 21 0E 01 85 01 
33318,5 rx src=FPKEAECEOPE len=6 F5 0F 06 00 05 02 
33329,0 rx src=FPKEAECEOPE len=14 F5 03 0E 00 07 66 04 C0 01 A8 06 03 28 00 
33334,0 rx src=FPKEAECEOPE len=24 F5 03 18 00 01 A6 0D 40 03 99 01 05 8E 00 04 B0 0C C0 01 68 08 01 62 01 
33343,2 rx src=FPKEAECEOPE len=14 F5 03 0E 00 02 60 0C C0 01 A0 0E FD 29 00 
33350,5 rx src=FPKEAECEOPE len=14 F5 03 0E 00 06 23 0D C0 01 79 07 FF E6 00 
33357,2 rx src=FPKEAECEOPE len=24 F5 03 18 00 03 CC 03 C0 01 D8 00 F6 3A 20 05 76 02 C0 01 03 06 04 18 09 
33365,4 tx hdr=0xF5 op=0x2D MOVE(x,y,z,rx,ry,state,tick) : 42,923 7 55,107 2,367 187,8 b1 i298497017
33365,6 rx src=FPKEAECEOPE len=14 F5 03 0E 00 07 66 04 C0 01 A8 06 03 28 00 
33381,4 rx src=FPKEAECEOPE len=14 F5 03 0E 00 04 C6 0C C0 01 4E 08 01 65 01 
33385,6 rx src=FPKEAECEOPE len=14 F5 03 0E 00 02 60 0C C0 01 A0 0E FD 28 00 
33397,9 rx src=FPKEAECEOPE len=24 F5 03 18 00 00 C0 0A C0 01 03 0E 01 85 01 01 A6 0D 40 03 99 01 05 8E 00 
33397,9 rx src=FPKEAECEOPE len=14 F5 03 0E 00 05 6F 02 C0 01 27 06 05 1B 09 
33415,3 tx hdr=0xF5 op=0x2D MOVE(x,y,z,rx,ry,state,tick) : 42,866 7 54,629 2,367 187,8 b1 i298497067
33415,7 rx src=FPKEAECEOPE len=34 F5 03 22 00 00 BE 0A C0 01 E5 0D 01 85 01 03 CC 03 C0 01 D8 00 F6 3A 20 07 66 04 C0 01 A8 06 03 28 00 
33431,6 rx src=FPKEAECEOPE len=14 F5 03 0E 00 06 23 0D C0 01 79 07 FF E2 00 
33431,6 rx src=FPKEAECEOPE len=12 F5 07 0C 00 12 00 09 00 03 00 00 28 
33432,4 rx src=FPKEAECEOPE len=14 F5 03 0E 00 04 D9 0C C0 01 31 08 01 6E 01 
33432,4 rx src=FPKEAECEOPE len=12 F5 07 0C 00 35 00 0F 00 04 00 00 28 
33436,3 rx src=FPKEAECEOPE len=14 F5 03 0E 00 02 60 0C C0 01 A0 0E FF 27 00 
33448,8 rx src=FPKEAECEOPE len=14 F5 03 0E 00 01 A6 0D 40 03 99 01 05 8E 00 
33452,9 rx src=FPKEAECEOPE len=14 F5 03 0E 00 05 6A 02 C0 01 4B 06 05 1D 09 
33464,2 tx hdr=0xF5 op=0x2D MOVE(x,y,z,rx,ry,state,tick) : 42,678 7 54,225 2,367 187,8 b5 i298497116
33464,5 # net: TcpClient.Connected = True
33464,5 rx src=FPKEAECEOPE len=34 F5 03 22 00 00 BB 0A C0 01 C6 0D 01 85 01 03 CC 03 C0 01 D8 00 F5 3A 20 06 23 0D C0 01 79 07 FF DE 00 
33478,2 rx src=FPKEAECEOPE len=14 F5 03 0E 00 07 66 04 C0 01 A8 06 03 28 00 
33484,2 rx src=FPKEAECEOPE len=24 F5 03 18 00 01 A6 0D 40 03 99 01 05 8E 00 04 EA 0C C0 01 13 08 01 6F 01 
33492,9 rx src=FPKEAECEOPE len=14 F5 03 0E 00 02 60 0C C0 01 A0 0E 01 26 00 
33499,3 rx src=FPKEAECEOPE len=14 F5 03 0E 00 06 23 0D C0 01 79 07 00 DA 00 
33508,2 rx src=FPKEAECEOPE len=34 F5 03 22 00 03 CC 03 C0 01 D8 00 F5 3A 20 05 67 02 C0 01 6F 06 05 20 09 07 66 04 C0 01 B0 06 03 28 01 
33508,2 rx src=FPKEAECEOPE len=14 F5 03 0E 00 00 B7 0A C0 01 A8 0D 01 85 01 
33514,6 tx hdr=0xF5 op=0x2D MOVE(x,y,z,rx,ry,state,tick) : 42,41 7 53,865 2,367 187,8 b5 i298497166
33527,5 rx src=FPKEAECEOPE len=14 F5 03 0E 00 04 F9 0C C0 01 F4 07 01 6F 01 
33536,5 rx src=FPKEAECEOPE len=14 F5 03 0E 00 01 A6 0D 40 03 99 01 05 8E 00 
33540,7 rx src=FPKEAECEOPE len=14 F5 03 0E 00 02 60 0C C0 01 A0 0E 07 3F 00 
33550,7 rx src=FPKEAECEOPE len=12 F5 34 0C 00 5C B4 CA 11 B0 B4 CA 11 
33564,7 tx hdr=0xF5 op=0x2D MOVE(x,y,z,rx,ry,state,tick) : 42,095 7 53,532 2,367 187,8 b5 i298497214
33565,0 rx src=FPKEAECEOPE len=34 F5 03 22 00 00 AB 0A C0 01 8E 0D 01 85 05 03 CC 03 C0 01 D8 00 F8 2D 20 05 66 02 C0 01 94 06 05 21 09 
33570,2 rx src=FPKEAECEOPE len=24 F5 03 18 00 06 23 0D C0 01 79 07 01 D8 00 07 66 04 C0 01 BC 06 03 28 01 
33570,2 rx src=FPKEAECEOPE len=7 F5 0B 07 00 06 04 01 
33570,5 rx src=FPKEAECEOPE len=8 F5 0C 08 00 04 06 02 01 
33570,7 rx src=FPKEAECEOPE len=10 F5 13 0A 00 06 01 07 00 10 00 
33570,7 rx src=FPKEAECEOPE len=10 F5 13 0A 00 04 00 04 00 1F 00 
33570,7 rx src=FPKEAECEOPE len=7 F5 04 07 00 04 06 11 
33590,8 rx src=FPKEAECEOPE len=34 F5 03 22 00 01 A6 0D 40 03 99 01 05 8E 00 02 60 0C C0 01 A0 0E 07 51 00 04 08 0D C0 01 D4 07 03 70 01 
33599,0 rx src=FPKEAECEOPE len=24 F5 03 18 00 03 CC 03 C0 01 D8 00 FC 1C 20 05 5B 02 C0 01 B5 06 05 22 08 
33614,6 tx hdr=0xF5 op=0x2D MOVE(x,y,z,rx,ry,state,tick) : 41,88 7 53,14 2,367 187,8 b1 i298497263
33615,0 rx src=FPKEAECEOPE len=14 F5 03 0E 00 00 9A 0A C0 01 77 0D 01 85 05 
33632,0 rx src=FPKEAECEOPE len=24 F5 03 18 00 04 11 0D C0 01 C1 07 03 70 00 07 66 04 C0 01 C3 06 03 28 00 
33648,1 rx src=FPKEAECEOPE len=24 F5 03 18 00 01 A6 0D 40 03 99 01 05 8E 00 02 60 0C C0 01 A0 0E 07 52 00 
33648,1 rx src=FPKEAECEOPE len=14 F5 03 0E 00 05 4C 02 C0 01 D4 06 05 24 08 
33648,1 rx src=FPKEAECEOPE len=6 F5 0F 06 00 03 00 
33663,7 tx hdr=0xF5 op=0x2D MOVE(x,y,z,rx,ry,state,tick) : 41,724 7 52,713 2,367 187,8 b1 i298497312
33663,9 rx src=FPKEAECEOPE len=24 F5 03 18 00 00 86 0A C0 01 62 0D 01 85 05 07 66 04 C0 01 C7 06 03 28 00 
33663,9 rx src=FPKEAECEOPE len=14 F5 03 0E 00 03 CC 03 C0 01 D8 00 FE 19 20 
33683,0 rx src=FPKEAECEOPE len=14 F5 03 0E 00 04 16 0D C0 01 B6 07 03 70 00 
33691,3 rx src=FPKEAECEOPE len=14 F5 03 0E 00 01 A6 0D 40 03 99 01 06 8A 00 
33698,4 rx src=FPKEAECEOPE len=14 F5 03 0E 00 02 60 0C C0 01 A0 0E 07 58 00 
33698,4 rx src=FPKEAECEOPE len=14 F5 03 0E 00 05 3B 02 C0 01 F3 06 06 27 08 
33706,4 rx src=FPKEAECEOPE len=34 F5 03 22 00 00 78 0A C0 01 48 0D 01 85 01 03 CC 03 C0 01 D8 00 FF 17 20 07 66 04 C0 01 CA 06 03 28 00 
33721,2 tx hdr=0xF5 op=0x2D MOVE(x,y,z,rx,ry,state,tick) : 41,605 7 52,264 2,367 187,65 b1 i298497370
33734,8 rx src=FPKEAECEOPE len=14 F5 03 0E 00 04 19 0D C0 01 AF 07 0C 77 00 
33739,9 rx src=FPKEAECEOPE len=24 F5 03 18 00 01 A6 0D 40 03 99 01 06 88 00 02 60 0C C0 01 A0 0E 05 5D 00 
33749,6 rx src=FPKEAECEOPE len=14 F5 03 0E 00 05 29 02 C0 01 13 07 07 2A 08 
33754,9 rx src=FPKEAECEOPE len=24 F5 03 18 00 00 6E 0A C0 01 2D 0D 01 85 01 03 CC 03 C0 01 D8 00 FF 17 20 
33764,8 tx hdr=0xF5 op=0x2D MOVE(x,y,z,rx,ry,state,tick) : 41,509 7 51,802 2,367 187,35 b1 i298497414
33780,1 rx src=FPKEAECEOPE len=14 F5 03 0E 00 07 66 04 C0 01 CC 06 03 28 00 
33780,1 rx src=FPKEAECEOPE len=5 F5 04 05 00 04 
33794,3 rx src=FPKEAECEOPE len=24 F5 03 18 00 01 A6 0D 40 03 99 01 06 87 00 02 60 0C C0 01 A0 0E 04 60 00 
33799,6 rx src=FPKEAECEOPE len=14 F5 03 0E 00 04 1B 0D C0 01 AB 07 0E 78 00 
33810,8 rx src=FPKEAECEOPE len=24 F5 03 18 00 03 CC 03 C0 01 D8 00 00 14 20 05 17 02 C0 01 32 07 07 2B 08 
33814,5 tx hdr=0xF5 op=0x2D MOVE(x,y,z,rx,ry,state,tick) : 41,426 7 51,333 2,367 187,2 b1 i298497463
33814,7 rx src=FPKEAECEOPE len=24 F5 03 18 00 00 66 0A C0 01 10 0D 01 85 01 07 66 04 C0 01 CD 06 03 28 00 
33831,9 rx src=FPKEAECEOPE len=24 F5 03 18 00 01 A6 0D 40 03 99 01 06 86 00 04 1C 0D C0 01 A8 07 0E 78 00 
33838,6 rx src=FPKEAECEOPE len=14 F5 03 0E 00 02 6A 0C C0 01 A8 0E 04 65 08 
33847,6 rx src=FPKEAECEOPE len=24 F5 03 18 00 03 CC 03 C0 01 D8 00 02 0F 00 05 05 02 C0 01 52 07 07 2C 08 
33863,4 tx hdr=0xF5 op=0x2D MOVE(x,y,z,rx,ry,state,tick) : 41,426 7 50,859 2,367 187,2 b1 i298497512
33863,6 rx src=FPKEAECEOPE len=14 F5 03 0E 00 00 60 0A C0 01 F3 0C 01 85 01 
33880,3 rx src=FPKEAECEOPE len=14 F5 03 0E 00 04 1D 0D C0 01 A7 07 0E 78 00 
33897,6 rx src=FPKEAECEOPE len=24 F5 03 18 00 01 A6 0D 40 03 99 01 06 86 00 02 7C 0C C0 01 B4 0E 04 68 08 
33914,0 tx hdr=0xF5 op=0x2D MOVE(x,y,z,rx,ry,state,tick) : 41,426 7 50,382 2,367 187,2 b1 i298497563
33963,1 tx hdr=0xF5 op=0x2D MOVE(x,y,z,rx,ry,state,tick) : 41,426 7 49,903 2,367 187,2 b1 i298497612
33963,4 rx src=FPKEAECEOPE len=14 F5 03 0E 00 07 66 04 C0 01 CD 06 03 28 00 
33963,4 rx src=FPKEAECEOPE len=14 F5 03 0E 00 03 CC 03 C0 01 D8 00 02 0E 00 
33963,4 rx src=FPKEAECEOPE len=34 F5 03 22 00 00 5B 0A C0 01 D5 0C 01 85 01 05 F5 01 C0 01 73 07 07 2D 08 07 66 04 C0 01 CD 06 03 28 00 
33963,4 rx src=FPKEAECEOPE len=14 F5 03 0E 00 04 20 0D C0 01 98 07 0E 78 01 
33963,4 rx src=FPKEAECEOPE len=14 F5 03 0E 00 01 A6 0D 40 03 99 01 06 86 00 
33963,4 rx src=FPKEAECEOPE len=14 F5 03 0E 00 02 91 0C C0 01 C2 0E 03 69 08 
33963,4 rx src=FPKEAECEOPE len=24 F5 03 18 00 03 CC 03 C0 01 D8 00 02 0E 00 05 E4 01 C0 01 94 07 07 2E 08 
33963,4 rx src=FPKEAECEOPE len=14 F5 03 0E 00 00 5B 0A C0 01 B6 0C 01 85 01 
33963,4 rx src=FPKEAECEOPE len=12 F5 07 0C 00 36 00 0F 00 04 00 00 28 
33979,5 rx src=FPKEAECEOPE len=14 F5 03 0E 00 04 24 0D C0 01 82 07 0E 78 01 
33993,6 rx src=FPKEAECEOPE len=34 F5 03 22 00 01 A6 0D 40 03 99 01 06 86 00 02 AA 0C C0 01 D2 0E 03 69 08 07 66 04 C0 01 CD 06 03 28 00 
34008,1 rx src=FPKEAECEOPE len=14 F5 03 0E 00 03 CC 03 C0 01 D8 00 02 0E 00 
34013,8 tx hdr=0xF5 op=0x2D MOVE(x,y,z,rx,ry,state,tick) : 41,426 7 49,423 2,367 187,2 b1 i298497663
34027,8 rx src=FPKEAECEOPE len=34 F5 03 22 00 04 2A 0D C0 01 66 07 0D 77 01 05 D5 01 C0 01 B5 07 07 2F 08 07 66 04 C0 01 CD 06 03 28 00 
34034,8 rx src=FPKEAECEOPE len=14 F5 03 0E 00 01 A6 0D 40 03 99 01 06 86 00 
34049,2 rx src=FPKEAECEOPE len=14 F5 03 0E 00 02 C4 0C C0 01 E1 0E 03 6B 08 
34049,2 rx src=FPKEAECEOPE len=14 F5 03 0E 00 00 5B 0A C0 01 98 0C 01 85 01 
34063,2 tx hdr=0xF5 op=0x2D MOVE(x,y,z,rx,ry,state,tick) : 41,426 7 48,943 2,367 187,2 b1 i298497712
34063,4 rx src=FPKEAECEOPE len=34 F5 03 22 00 00 5B 0A C0 01 79 0C 01 85 01 03 CC 03 C0 01 D8 00 02 0E 00 05 C6 01 C0 01 D7 07 07 30 08 
34063,4 rx src=FPKEAECEOPE len=14 F5 03 0E 00 07 66 04 C0 01 CD 06 03 28 00 
34076,4 rx src=FPKEAECEOPE len=5 F5 04 05 00 04 
34090,5 rx src=FPKEAECEOPE len=34 F5 03 22 00 01 A6 0D 40 03 99 01 06 86 00 02 E0 0C C0 01 F0 0E 04 6E 08 04 30 0D C0 01 48 07 0D 77 01 
34103,8 rx src=FPKEAECEOPE len=14 F5 03 0E 00 03 CC 03 C0 01 D8 00 02 0E 00 
34109,8 rx src=FPKEAECEOPE len=14 F5 03 0E 00 00 5B 0A C0 01 5B 0C 01 85 01 
34116,7 tx hdr=0xF5 op=0x2D MOVE(x,y,z,rx,ry,state,tick) : 41,426 7 48,462 2,367 187,2 b1 i298497766
34122,6 rx src=FPKEAECEOPE len=24 F5 03 18 00 05 B8 01 C0 01 F9 07 07 30 08 07 66 04 C0 01 D5 06 03 28 01 
34130,7 rx src=FPKEAECEOPE len=14 F5 03 0E 00 04 37 0D C0 01 28 07 0D 77 01 
34147,0 rx src=FPKEAECEOPE len=14 F5 03 0E 00 01 A6 0D 40 03 99 01 06 86 00 
34147,0 rx src=FPKEAECEOPE len=14 F5 03 0E 00 02 FE 0C C0 01 FC 0E 06 77 08 
34147,0 rx src=FPKEAECEOPE len=14 F5 03 0E 00 03 CC 03 C0 01 D8 00 02 0E 00 
34162,6 tx hdr=0xF5 op=0x2D MOVE(x,y,z,rx,ry,state,tick) : 41,426 7 47,982 2,367 187,2 b1 i298497811
34162,8 rx src=FPKEAECEOPE len=14 F5 03 0E 00 00 5B 0A C0 01 3C 0C 01 85 01 
34162,8 rx src=FPKEAECEOPE len=24 F5 03 18 00 05 AA 01 C0 01 1B 08 07 31 08 07 79 04 C0 01 E1 06 03 28 01 
34181,7 rx src=FPKEAECEOPE len=14 F5 03 0E 00 04 3E 0D C0 01 07 07 0B 77 01 
34190,0 rx src=FPKEAECEOPE len=14 F5 03 0E 00 01 A6 0D 40 03 99 01 08 86 00 
34197,9 rx src=FPKEAECEOPE len=14 F5 03 0E 00 02 1D 0D C0 01 06 0F 06 78 08 
34202,4 rx src=FPKEAECEOPE len=14 F5 03 0E 00 03 C0 03 C0 01 DC 00 02 0E 08 
34213,2 tx hdr=0xF5 op=0x2D MOVE(x,y,z,rx,ry,state,tick) : 41,426 7 47,501 2,217 187,35 b1 i298497862
34213,5 rx src=FPKEAECEOPE len=24 F5 03 18 00 00 5B 0A C0 01 1D 0C 01 85 01 07 8F 04 C0 01 EF 06 03 28 01 
34236,5 rx src=FPKEAECEOPE len=24 F5 03 18 00 01 A6 0D 40 03 99 01 0D 87 00 04 44 0D C0 01 E5 06 09 7A 01 
34247,4 rx src=FPKEAECEOPE len=14 F5 03 0E 00 02 3C 0D C0 01 0E 0F 05 7A 08 
34263,9 tx hdr=0xF5 op=0x2D MOVE(x,y,z,rx,ry,state,tick) : 41,504 7 47,056 1,617 188,85 b9 i298497913
34264,1 rx src=FPKEAECEOPE len=34 F5 03 22 00 00 5B 0A C0 01 FE 0B 01 85 01 03 AC 03 C0 01 E4 00 02 0E 08 07 A9 04 C0 01 FF 06 03 28 01 
34264,1 rx src=FPKEAECEOPE len=14 F5 03 0E 00 05 9D 01 C0 01 3D 08 07 31 08 
34278,5 rx src=FPKEAECEOPE len=14 F5 03 0E 00 05 8F 01 C0 01 5F 08 07 31 08 
34281,9 rx src=FPKEAECEOPE len=14 F5 03 0E 00 04 47 0D C0 01 C3 06 08 7F 01 
34293,6 rx src=FPKEAECEOPE len=14 F5 03 0E 00 01 A6 0D 40 03 99 01 10 87 00 
34299,4 rx src=FPKEAECEOPE len=14 F5 03 0E 00 02 5D 0D C0 01 14 0F 03 7B 08 
34299,4 rx src=FPKEAECEOPE len=14 F5 03 0E 00 03 93 03 C0 01 ED 00 02 0E 08 
34307,7 rx src=FPKEAECEOPE len=34 F5 03 22 00 00 5B 0A C0 01 E0 0B 01 85 01 05 82 01 C0 01 82 08 07 31 08 07 B8 04 C0 01 09 07 03 28 00 
34313,5 tx hdr=0xF5 op=0x2D MOVE(x,y,z,rx,ry,state,tick) : 41,659 7 46,627 1,017 191,1 b9 i298497962
34338,5 rx src=FPKEAECEOPE len=14 F5 03 0E 00 04 47 0D C0 01 A1 06 02 88 01 
34338,5 rx src=FPKEAECEOPE len=14 F5 03 0E 00 01 A6 0D 40 03 99 01 10 87 00 
34354,8 rx src=FPKEAECEOPE len=14 F5 03 0E 00 02 7D 0D C0 01 18 0F 01 7E 08 
34354,8 rx src=FPKEAECEOPE len=24 F5 03 18 00 03 78 03 C0 01 F7 00 02 0E 08 05 76 01 C0 01 A4 08 07 31 08 
34354,8 rx src=FPKEAECEOPE len=24 F5 03 18 00 00 60 0A C0 01 C3 0B 01 86 09 07 C1 04 C0 01 0F 07 03 28 00 
34369,3 tx hdr=0xF5 op=0x2D MOVE(x,y,z,rx,ry,state,tick) : 41,849 7 46,203 0,867 194,7 b9 i298498018
34383,2 rx src=FPKEAECEOPE len=14 F5 03 0E 00 04 43 0D C0 01 7E 06 01 88 01 
34388,0 rx src=FPKEAECEOPE len=14 F5 03 0E 00 01 A6 0D 40 03 99 01 10 87 00 
34397,5 rx src=FPKEAECEOPE len=14 F5 03 0E 00 02 9E 0D C0 01 1B 0F 01 7E 08 
34397,5 rx src=FPKEAECEOPE len=24 F5 03 18 00 03 5C 03 C0 01 02 01 02 0E 08 05 69 01 C0 01 A4 08 07 31 08 
34414,4 tx hdr=0xF5 op=0x2D MOVE(x,y,z,rx,ry,state,tick) : 42,053 7 45,776 0,867 197,55 b9 i298498063
34414,7 rx src=FPKEAECEOPE len=14 F5 03 0E 00 00 6A 0A C0 01 A8 0B 00 87 09 
34414,7 rx src=FPKEAECEOPE len=14 F5 03 0E 00 07 C7 04 C0 01 12 07 03 28 00 
34431,2 rx src=FPKEAECEOPE len=14 F5 03 0E 00 04 3E 0D C0 01 5C 06 FF 89 01 
34447,8 rx src=FPKEAECEOPE len=14 F5 03 0E 00 01 A6 0D 40 03 99 01 10 87 00 
34447,8 rx src=FPKEAECEOPE len=10 F5 14 0A 00 0D 00 0B 00 27 01 
34447,8 rx src=FPKEAECEOPE len=14 F5 03 0E 00 02 BF 0D C0 01 1D 0F 01 7E 08 
34451,8 rx src=FPKEAECEOPE len=24 F5 03 18 00 03 3E 03 C0 01 0E 01 02 0E 08 05 5C 01 C0 01 A4 08 07 31 08 
34464,7 tx hdr=0xF5 op=0x2D MOVE(x,y,z,rx,ry,state,tick) : 42,258 7 45,344 0,867 199,95 b9 i298498114
34465,0 rx src=FPKEAECEOPE len=14 F5 03 0E 00 00 76 0A C0 01 8C 0B 00 8A 09 
34468,4 rx src=FPKEAECEOPE len=14 F5 03 0E 00 07 CA 04 C0 01 15 07 03 28 00 
34478,6 rx src=FPKEAECEOPE len=14 F5 03 0E 00 04 37 0D C0 01 3A 06 FE 8B 01 
34492,3 rx src=FPKEAECEOPE len=14 F5 03 0E 00 01 A6 0D 40 03 99 01 10 87 00 
34492,3 rx src=FPKEAECEOPE len=14 F5 03 0E 00 02 E0 0D C0 01 1F 0F 01 7F 08 
34512,5 rx src=FPKEAECEOPE len=34 F5 03 22 00 00 83 0A C0 01 71 0B 00 8C 09 03 20 03 C0 01 19 01 02 0E 08 05 5B 01 C0 01 A4 08 07 31 09 
34512,5 rx src=FPKEAECEOPE len=14 F5 03 0E 00 07 CC 04 C0 01 16 07 03 28 00 
34519,0 tx hdr=0xF5 op=0x2D MOVE(x,y,z,rx,ry,state,tick) : 42,462 7 44,91 0,867 199,95 b9 i298498168
34532,4 rx src=FPKEAECEOPE len=14 F5 03 0E 00 04 2F 0D C0 01 18 06 FE 8B 01 
34536,6 rx src=FPKEAECEOPE len=14 F5 03 0E 00 01 A6 0D 40 03 99 01 10 87 00 
34546,6 rx src=FPKEAECEOPE len=14 F5 03 0E 00 02 02 0E C0 01 1F 0F 01 81 08 
34546,6 rx src=FPKEAECEOPE len=12 F5 34 0C 00 42 B8 CA 11 98 B8 CA 11 
34565,7 tx hdr=0xF5 op=0x2D MOVE(x,y,z,rx,ry,state,tick) : 42,667 7 44,473 0,867 199,95 b9 i298498219
34616,6 tx hdr=0xF5 op=0x2D MOVE(x,y,z,rx,ry,state,tick) : 42,872 7 44,035 0,867 200,1 b9 i298498270
34621,2 rx src=FPKEAECEOPE len=34 F5 03 22 00 00 90 0A C0 01 56 0B 00 8E 09 03 01 03 C0 01 25 01 02 0E 08 05 60 01 C0 01 A4 08 07 31 09 
34621,2 rx src=FPKEAECEOPE len=14 F5 03 0E 00 07 D9 04 C0 01 1E 07 03 28 01 
34621,2 rx src=FPKEAECEOPE len=14 F5 03 0E 00 04 26 0D C0 01 F6 05 FE 8B 01 
34621,2 rx src=FPKEAECEOPE len=14 F5 03 0E 00 01 A6 0D 40 03 99 01 10 87 00 
34621,2 rx src=FPKEAECEOPE len=14 F5 03 0E 00 02 23 0E C0 01 1E 0F 01 83 08 
34621,2 rx src=FPKEAECEOPE len=24 F5 03 18 00 03 E2 02 C0 01 30 01 02 0E 08 05 69 01 C0 01 A4 08 07 31 09 
34621,2 rx src=FPKEAECEOPE len=14 F5 03 0E 00 00 9D 0A C0 01 3A 0B 00 8E 09 
34634,2 rx src=FPKEAECEOPE len=14 F5 03 0E 00 07 D9 04 C0 01 2A 07 03 28 01 
34634,2 rx src=FPKEAECEOPE len=14 F5 03 0E 00 01 A6 0D 40 03 99 01 10 87 00 
34650,7 rx src=FPKEAECEOPE len=14 F5 03 0E 00 02 37 0E C0 01 1E 0F 01 83 00 
34653,5 rx src=FPKEAECEOPE len=14 F5 03 0E 00 04 1D 0D 00 02 D4 05 FE 8B 01 
34665,4 tx hdr=0xF5 op=0x2D MOVE(x,y,z,rx,ry,state,tick) : 43,074 7 43,595 0,867 200,85 b9 i298498318
34665,6 rx src=FPKEAECEOPE len=24 F5 03 18 00 03 C3 02 C0 01 3C 01 02 0E 08 05 7D 01 C0 01 A4 08 07 31 01 
34683,8 rx src=FPKEAECEOPE len=24 F5 03 18 00 01 A6 0D 40 03 99 01 10 87 00 07 D9 04 C0 01 39 07 03 28 01 
34695,7 rx src=FPKEAECEOPE len=24 F5 03 18 00 02 43 0E C0 01 1D 0F 01 83 00 04 14 0D 38 02 B2 05 FE 8A 11 
34712,2 rx src=FPKEAECEOPE len=24 F5 03 18 00 03 A4 02 C0 01 48 01 02 0E 08 05 96 01 C0 01 A4 08 07 31 01 
34712,2 rx src=FPKEAECEOPE len=24 F5 03 18 00 00 AA 0A C0 01 1E 0B 00 8E 09 07 D9 04 C0 01 49 07 03 28 01 
34715,4 tx hdr=0xF5 op=0x2D MOVE(x,y,z,rx,ry,state,tick) : 43,266 7 43,15 0,867 203,85 b9 i298498368
34728,4 rx src=FPKEAECEOPE len=14 F5 03 0E 00 00 B7 0A C0 01 02 0B 00 8E 09 
34728,4 rx src=FPKEAECEOPE len=14 F5 03 0E 00 04 0B 0D 61 02 B2 05 FE 89 11 
34743,3 rx src=FPKEAECEOPE len=14 F5 03 0E 00 01 A6 0D 40 03 99 01 0F 89 00 
34748,4 rx src=FPKEAECEOPE len=14 F5 03 0E 00 02 4A 0E C0 01 1D 0F 01 83 00 
34757,0 rx src=FPKEAECEOPE len=24 F5 03 18 00 03 8C 02 C0 01 5B 01 02 0E 09 05 B3 01 C0 01 B5 08 07 31 01 
34763,1 tx hdr=0xF5 op=0x2D MOVE(x,y,z,rx,ry,state,tick) : 43,438 7 42,698 0,867 207,75 b9 i298498416
34763,4 rx src=FPKEAECEOPE len=14 F5 03 0E 00 00 C4 0A C0 01 E6 0A 00 8E 09 
34779,7 rx src=FPKEAECEOPE len=14 F5 03 0E 00 07 D9 04 C0 01 53 07 03 28 00 
34787,8 rx src=FPKEAECEOPE len=24 F5 03 18 00 01 A6 0D 40 03 99 01 0B 8B 00 04 03 0D 7A 02 90 05 FD 88 11 
34797,1 rx src=FPKEAECEOPE len=14 F5 03 0E 00 02 4E 0E C0 01 1D 0F 01 86 00 
34801,7 rx src=FPKEAECEOPE len=24 F5 03 18 00 03 83 02 C0 01 73 01 03 0E 01 05 D2 01 C0 01 C5 08 07 31 01 
34813,7 tx hdr=0xF5 op=0x2D MOVE(x,y,z,rx,ry,state,tick) : 43,587 7 42,238 0,867 211,35 b9 i298498467
34814,0 rx src=FPKEAECEOPE len=14 F5 03 0E 00 00 D0 0A C0 01 C9 0A 00 90 09 
34817,8 rx src=FPKEAECEOPE len=14 F5 03 0E 00 07 E2 04 C0 01 59 07 03 28 00 
34833,6 rx src=FPKEAECEOPE len=24 F5 03 18 00 01 A6 0D 40 03 99 01 05 8F 00 04 FA 0C 85 02 6E 05 FD 88 11 
34846,6 rx src=FPKEAECEOPE len=14 F5 03 0E 00 02 51 0E C0 01 1D 0F 01 86 00 
34862,9 tx hdr=0xF5 op=0x2D MOVE(x,y,z,rx,ry,state,tick) : 43,712 7 41,772 0,867 214,35 b9 i298498516
34863,2 rx src=FPKEAECEOPE len=34 F5 03 22 00 00 DC 0A C0 01 AC 0A 00 93 09 03 81 02 C0 01 8E 01 0D 0E 01 05 F3 01 C0 01 D4 08 07 2F 01 
34867,8 rx src=FPKEAECEOPE len=14 F5 03 0E 00 07 E7 04 C0 01 5D 07 03 28 00 
34881,4 rx src=FPKEAECEOPE len=14 F5 03 0E 00 04 F1 0C 80 02 4C 05 FD 88 11 
34898,1 rx src=FPKEAECEOPE len=14 F5 03 0E 00 01 A6 0D 40 03 99 01 04 90 00 
34898,1 rx src=FPKEAECEOPE len=14 F5 03 0E 00 02 52 0E C0 01 1D 0F 01 86 00 
34913,4 tx hdr=0xF5 op=0x2D MOVE(x,y,z,rx,ry,state,tick) : 43,809 7 41,299 0,867 218,7 b9 i298498566
34913,7 rx src=FPKEAECEOPE len=34 F5 03 22 00 00 E5 0A C0 01 8F 0A 00 96 09 03 81 02 C0 01 9E 01 0F 0E 00 05 0E 02 C0 01 D4 08 09 15 01 
34913,7 rx src=FPKEAECEOPE len=5 F5 04 05 00 02 
34928,2 rx src=FPKEAECEOPE len=24 F5 03 18 00 04 E8 0C 80 02 2A 05 FD 88 01 07 EB 04 C0 01 5F 07 02 2A 00 
34943,0 rx src=FPKEAECEOPE len=14 F5 03 0E 00 01 A6 0D 40 03 99 01 04 90 00 
34943,1 rx src=FPKEAECEOPE len=14 F5 03 0E 00 02 53 0E C0 01 1D 0F 01 86 00 
34957,0 rx src=FPKEAECEOPE len=34 F5 03 22 00 00 ED 0A C0 01 71 0A 00 98 09 03 80 02 C0 01 A8 01 0F 0E 00 05 12 02 C0 01 D4 08 0C F9 09 
34972,0 tx hdr=0xF5 op=0x2D MOVE(x,y,z,rx,ry,state,tick) : 43,867 7 40,821 0,867 224,85 b9 i298498625
34977,1 rx src=FPKEAECEOPE len=14 F5 03 0E 00 04 E0 0C 80 02 08 05 FD 88 01 
34988,4 rx src=FPKEAECEOPE len=14 F5 03 0E 00 01 A6 0D 40 03 99 01 04 90 00 
35003,6 rx src=FPKEAECEOPE len=14 F5 03 0E 00 02 53 0E C0 01 1D 0F 01 86 00 
35003,6 rx src=FPKEAECEOPE len=14 F5 03 0E 00 07 ED 04 C0 01 60 07 02 2A 00 
35009,6 rx src=FPKEAECEOPE len=24 F5 03 18 00 00 F3 0A C0 01 53 0A 00 9B 09 03 80 02 C0 01 AE 01 0E 0D 00 
35009,6 rx src=FPKEAECEOPE len=5 F5 04 05 00 02 
35018,9 tx hdr=0xF5 op=0x2D MOVE(x,y,z,rx,ry,state,tick) : 43,889 7 40,341 0,867 229,05 b9 i298498672
35036,6 rx src=FPKEAECEOPE len=24 F5 03 18 00 01 A6 0D 40 03 99 01 03 92 00 04 D8 0C 80 02 E5 04 FD 88 01 
35040,9 rx src=FPKEAECEOPE len=24 F5 03 18 00 05 07 02 C0 01 D4 08 0C F1 09 07 FA 04 C0 01 67 07 02 2B 01 
35052,2 rx src=FPKEAECEOPE len=14 F5 03 0E 00 02 53 0E C0 01 1D 0F 01 86 00 
35057,1 rx src=FPKEAECEOPE len=14 F5 03 0E 00 03 80 02 C0 01 B1 01 0E 0D 00 
35057,1 rx src=FPKEAECEOPE len=14 F5 03 0E 00 07 0E 05 C0 01 72 07 02 2C 01 
35067,9 tx hdr=0xF5 op=0x2D MOVE(x,y,z,rx,ry,state,tick) : 43,88 7 39,86 0,867 231,45 b9 i298498721
35068,2 rx src=FPKEAECEOPE len=24 F5 03 18 00 00 F7 0A C0 01 34 0A 00 9F 09 05 F3 01 C0 01 E5 08 0C F0 09 
35082,5 rx src=FPKEAECEOPE len=24 F5 03 18 00 01 A6 0D 40 03 99 01 02 97 00 04 D1 0C 80 02 C3 04 FD 88 01 
35096,9 rx src=FPKEAECEOPE len=14 F5 03 0E 00 02 53 0E C0 01 1D 0F 01 86 00 
35099,9 rx src=FPKEAECEOPE len=24 F5 03 18 00 03 80 02 C0 01 B3 01 0E 0D 00 05 DA 01 C0 01 F5 08 0B F1 09 
35112,2 rx src=FPKEAECEOPE len=24 F5 03 18 00 00 F8 0A C0 01 15 0A 00 A2 09 07 27 05 C0 01 7F 07 02 2C 01 
35112,2 rx src=FPKEAECEOPE len=5 F5 04 05 00 02 
35116,2 tx hdr=0xF5 op=0x2D MOVE(x,y,z,rx,ry,state,tick) : 43,844 7 39,38 0,867 233,85 b9 i298498769
35130,0 rx src=FPKEAECEOPE len=24 F5 03 18 00 01 9D 0D 40 03 A3 01 02 A1 04 04 CA 0C 80 02 A1 04 FD 88 01 
35149,5 rx src=FPKEAECEOPE len=14 F5 03 0E 00 02 53 0E C0 01 1D 0F 01 86 00 
35149,5 rx src=FPKEAECEOPE len=24 F5 03 18 00 03 80 02 C0 01 B4 01 0E 0D 00 05 C5 01 C0 01 0D 09 0B F2 01 
35160,0 rx src=FPKEAECEOPE len=14 F5 03 0E 00 00 F8 0A C0 01 F7 09 00 A4 09 
35162,8 tx hdr=0xF5 op=0x2D MOVE(x,y,z,rx,ry,state,tick) : 43,785 7 38,902 0,867 236,4 b9 i298498816
35175,7 rx src=FPKEAECEOPE len=14 F5 03 0E 00 07 42 05 C0 01 8D 07 02 2C 01 
35190,2 rx src=FPKEAECEOPE len=24 F5 03 18 00 01 8F 0D 40 03 B2 01 01 A3 04 04 C2 0C 80 02 A1 04 FE 89 01 
35190,3 rx src=FPKEAECEOPE len=14 F5 03 0E 00 02 53 0E C0 01 1D 0F 01 86 00 
35207,0 rx src=FPKEAECEOPE len=24 F5 03 18 00 03 80 02 C0 01 B5 01 0E 0D 00 05 B4 01 C0 01 29 09 0B F2 01 
35214,2 tx hdr=0xF5 op=0x04 HIT_REPORT(pos,seq,hits[]) : 43,79 9,388 38,96 i298498867 b7 b1 20,7 8,983 30,203
35214,4 tx hdr=0xF5 op=0x2D MOVE(x,y,z,rx,ry,state,tick) : 43,67 7 38,438 0,936 249,238 b9 i298498867
35214,7 rx src=FPKEAECEOPE len=24 F5 03 18 00 00 F6 0A C0 01 D8 09 00 A6 09 07 52 05 C0 01 96 07 02 2C 00 
35214,7 rx src=FPKEAECEOPE len=5 F5 04 05 00 02 
35264,7 tx hdr=0xF5 op=0x2D MOVE(x,y,z,rx,ry,state,tick) : 43,517 7 37,984 0,092 250,351 b9 i298498918
35297,9 rx src=FPKEAECEOPE len=14 F5 03 0E 00 01 7F 0D 40 03 C5 01 00 A3 04 
35297,9 rx src=FPKEAECEOPE len=14 F5 03 0E 00 04 BA 0C 80 02 A1 04 FF 8A 01 
35297,9 rx src=FPKEAECEOPE len=14 F5 03 0E 00 02 53 0E C0 01 1D 0F 01 86 00 
35297,9 rx src=FPKEAECEOPE len=34 F5 03 22 00 00 F2 0A C0 01 B9 09 00 A8 09 03 80 02 C0 01 B5 01 0E 0D 00 05 A6 01 C0 01 48 09 0B F2 01 
35297,9 rx src=FPKEAECEOPE len=14 F5 03 0E 00 07 5B 05 C0 01 9B 07 02 2C 00 
35297,9 rx src=FPKEAECEOPE len=14 F5 03 0E 00 04 B2 0C 80 02 A1 04 FF 8B 01 
35297,9 rx src=FPKEAECEOPE len=14 F5 03 0E 00 01 6D 0D 40 03 DA 01 01 A2 04 
35298,0 rx src=FPKEAECEOPE len=24 F5 03 18 00 02 53 0E C0 01 1D 0F 01 86 00 05 A6 01 C0 01 68 09 0B F2 01 
35313,2 tx hdr=0xF5 op=0x2D MOVE(x,y,z,rx,ry,state,tick) : 43,339 7 37,539 359,834 251,613 b9 i298498966
35313,6 rx src=FPKEAECEOPE len=24 F5 03 18 00 03 80 02 C0 01 B5 01 0E 0D 00 07 61 05 C0 01 9E 07 02 2D 00 
35313,6 rx src=FPKEAECEOPE len=5 F5 04 05 00 02 
35348,4 rx src=FPKEAECEOPE len=24 F5 03 18 00 01 62 0D 40 03 DA 01 02 A0 00 04 A8 0C 80 02 A1 04 00 8C 01 
35348,4 rx src=FPKEAECEOPE len=24 F5 03 18 00 02 53 0E C0 01 1D 0F 00 86 00 05 A6 01 C0 01 89 09 0B F2 01 
35359,6 rx src=FPKEAECEOPE len=14 F5 03 0E 00 03 80 02 C0 01 B5 01 0E 0D 00 
35374,2 tx hdr=0xF5 op=0x2D MOVE(x,y,z,rx,ry,state,tick) : 43,142 7 37,1 0,233 252,824 b9 i298499027
35374,6 rx src=FPKEAECEOPE len=14 F5 03 0E 00 07 65 05 C0 01 A0 07 02 2F 00 
35378,8 rx src=FPKEAECEOPE len=24 F5 03 18 00 01 5B 0D 40 03 E2 01 02 9F 00 04 9F 0C 80 02 7F 04 00 8C 01 
35378,8 rx src=FPKEAECEOPE len=7 F5 04 07 00 00 07 21 
35389,3 rx src=FPKEAECEOPE len=14 F5 03 0E 00 00 EA 0A C0 01 9C 09 00 B1 09 
35393,8 rx src=FPKEAECEOPE len=24 F5 03 18 00 00 E1 0A C0 01 7F 09 00 B2 09 02 53 0E C0 01 1D 0F FF 86 00 
35404,6 rx src=FPKEAECEOPE len=14 F5 03 0E 00 05 9B 01 C0 01 AC 09 09 F7 01 
35404,6 rx src=FPKEAECEOPE len=24 F5 03 18 00 00 D5 0A C0 01 62 09 FF B2 09 03 80 02 C0 01 B5 01 0B 0F 00 
35420,0 tx hdr=0xF5 op=0x2D MOVE(x,y,z,rx,ry,state,tick) : 42,93 7 36,666 0,514 253,595 b9 i298499073
35420,5 rx src=FPKEAECEOPE len=14 F5 03 0E 00 07 67 05 C0 01 A1 07 03 34 00 
35420,5 rx src=FPKEAECEOPE len=5 F5 04 05 00 02 
35437,9 rx src=FPKEAECEOPE len=34 F5 03 22 00 01 58 0D 40 03 E2 01 02 9C 00 04 95 0C 80 02 5D 04 00 8C 01 05 9B 01 C0 01 CF 09 09 FA 01 
35442,7 rx src=FPKEAECEOPE len=14 F5 03 0E 00 02 53 0E C0 01 1D 0F FF 87 00 
35455,3 rx src=FPKEAECEOPE len=14 F5 03 0E 00 03 74 02 C0 01 BB 01 07 10 08 
35460,3 tx hdr=0xF5 op=0x04 HIT_REPORT(pos,seq,hits[]) : 42,964 9,406 36,72 i298499113 b7 b1 21,665 9,18 30,786
35471,6 tx hdr=0xF5 op=0x2D MOVE(x,y,z,rx,ry,state,tick) : 42,709 7 36,236 0,334 254,108 b9 i298499125
35472,1 rx src=FPKEAECEOPE len=14 F5 03 0E 00 00 C9 0A C0 01 46 09 00 B3 09 
35491,7 rx src=FPKEAECEOPE len=14 F5 03 0E 00 04 8C 0C C0 02 3B 04 00 88 01 
35491,7 rx src=FPKEAECEOPE len=14 F5 03 0E 00 01 55 0D 40 03 E5 01 01 98 00 
35507,5 rx src=FPKEAECEOPE len=24 F5 03 18 00 02 53 0E C0 01 1D 0F FE 87 00 05 9B 01 C0 01 F3 09 09 FF 01 
35507,5 rx src=FPKEAECEOPE len=14 F5 03 0E 00 03 60 02 C0 01 C4 01 05 12 08 
35507,5 rx src=FPKEAECEOPE len=14 F5 03 0E 00 07 68 05 C0 01 A2 07 03 42 00 
35507,5 rx src=FPKEAECEOPE len=5 F5 04 05 00 02 
35520,3 tx hdr=0xF5 op=0x2D MOVE(x,y,z,rx,ry,state,tick) : 42,479 7 35,811 0,2 255,064 b9 i298499173
35520,5 rx src=FPKEAECEOPE len=14 F5 03 0E 00 00 BB 0A C0 01 2A 09 00 B4 09 
35533,3 rx src=FPKEAECEOPE len=14 F5 03 0E 00 04 86 0C C0 02 3B 04 01 7F 01 
35545,0 rx src=FPKEAECEOPE len=14 F5 03 0E 00 01 54 0D 40 03 E5 01 01 95 00 
35545,0 rx src=FPKEAECEOPE len=24 F5 03 18 00 02 53 0E C0 01 1D 0F FE 87 00 07 69 05 C0 01 A2 07 03 47 00 
35545,0 rx src=FPKEAECEOPE len=7 F5 0B 07 00 07 00 01 
35545,4 rx src=FPKEAECEOPE len=8 F5 0C 08 00 00 07 00 01 
35549,6 rx src=FPKEAECEOPE len=10 F5 13 0A 00 07 01 02 00 00 00 
35549,6 rx src=FPKEAECEOPE len=10 F5 13 0A 00 00 00 03 00 10 00 
35549,6 rx src=FPKEAECEOPE len=6 F5 15 06 00 01 03 
35549,6 rx src=FPKEAECEOPE len=7 F5 04 07 00 00 07 11 
35554,7 rx src=FPKEAECEOPE len=14 F5 03 0E 00 03 49 02 C0 01 D0 01 03 14 08 
35554,7 rx src=FPKEAECEOPE len=12 F5 34 0C 00 35 BC CA 11 87 BC CA 11 
35566,4 tx hdr=0xF5 op=0x2D MOVE(x,y,z,rx,ry,state,tick) : 42,243 7 35,388 359,877 255,485 b9 i298499218
35566,7 rx src=FPKEAECEOPE len=24 F5 03 18 00 00 AD 0A C0 01 0F 09 00 B4 09 05 9B 01 C0 01 17 0A 09 00 01 
35580,6 rx src=FPKEAECEOPE len=14 F5 03 0E 00 04 84 0C C0 02 3B 04 01 7D 01 
35580,6 rx src=FPKEAECEOPE len=13 F5 0A 0D 00 06 3C 00 07 00 3C 00 C0 00 
35596,2 rx src=FPKEAECEOPE len=24 F5 03 18 00 01 53 0D 40 03 E6 01 01 92 00 06 20 0F C0 01 20 0F 01 C0 00 
35596,2 rx src=FPKEAECEOPE len=24 F5 03 18 00 02 53 0E C0 01 1D 0F FE 87 00 05 9A 01 C0 01 3C 0A 09 01 01 
35610,8 rx src=FPKEAECEOPE len=5 F5 04 05 00 02 
35610,9 rx src=FPKEAECEOPE len=14 F5 03 0E 00 03 30 02 C0 01 DD 01 03 15 08 
35614,3 tx hdr=0xF5 op=0x2D MOVE(x,y,z,rx,ry,state,tick) : 42,002 7 34,968 0,167 255,635 b9 i298499266
35614,5 rx src=FPKEAECEOPE len=14 F5 03 0E 00 00 9E 0A C0 01 F3 08 00 B5 09 
35640,0 rx src=FPKEAECEOPE len=14 F5 03 0E 00 04 84 0C C0 02 3B 04 02 7B 01 
35640,0 rx src=FPKEAECEOPE len=14 F5 03 0E 00 01 52 0D 40 03 E6 01 01 92 00 
35644,6 rx src=FPKEAECEOPE len=14 F5 03 0E 00 02 53 0E C0 01 1D 0F FE 87 00 
35653,7 rx src=FPKEAECEOPE len=24 F5 03 18 00 03 15 02 C0 01 EC 01 03 15 08 05 9A 01 C0 01 60 0A 09 02 01 
35653,7 rx src=FPKEAECEOPE len=6 F5 0F 06 00 05 00 
35659,5 rx src=FPKEAECEOPE len=14 F5 03 0E 00 00 8F 0A C0 01 D8 08 FF B5 09 
35668,5 tx hdr=0xF5 op=0x2D MOVE(x,y,z,rx,ry,state,tick) : 41,759 7 34,548 0,473 255,635 b9 i298499320
35687,6 rx src=FPKEAECEOPE len=24 F5 03 18 00 01 4D 0D 40 03 DA 01 00 91 01 04 87 0C C0 02 3B 04 03 79 01 
35697,4 rx src=FPKEAECEOPE len=14 F5 03 0E 00 05 9B 01 C0 01 80 0A 09 04 01 
35697,4 rx src=FPKEAECEOPE len=14 F5 03 0E 00 02 53 0E C0 01 1D 0F FE 87 00 
35711,3 rx src=FPKEAECEOPE len=24 F5 03 18 00 00 80 0A C0 01 BD 08 00 B5 09 03 01 02 C0 01 02 02 03 15 09 
35711,3 rx src=FPKEAECEOPE len=5 F5 04 05 00 02 
35714,3 tx hdr=0xF5 op=0x2D MOVE(x,y,z,rx,ry,state,tick) : 41,514 7 34,13 0,746 255,635 b9 i298499366
35740,1 rx src=FPKEAECEOPE len=24 F5 03 18 00 01 44 0D 40 03 C8 01 00 91 01 04 8A 0C C0 02 3B 04 04 79 01 
35753,7 rx src=FPKEAECEOPE len=24 F5 03 18 00 02 53 0E C0 01 1D 0F FD 86 00 05 9E 01 C0 01 A0 0A 09 04 01 
35761,2 rx src=FPKEAECEOPE len=24 F5 03 18 00 00 70 0A C0 01 A3 08 00 B5 09 03 F2 01 C0 01 1C 02 03 15 09 
35766,6 tx hdr=0xF5 op=0x2D MOVE(x,y,z,rx,ry,state,tick) : 41,267 7 33,712 0,987 255,935 b9 i298499418
35791,9 rx src=FPKEAECEOPE len=14 F5 03 0E 00 04 8F 0C C0 02 3B 04 04 79 01 
35791,9 rx src=FPKEAECEOPE len=14 F5 03 0E 00 05 A1 01 C0 01 C0 0A 09 05 01 
35806,0 rx src=FPKEAECEOPE len=24 F5 03 18 00 01 39 0D 40 03 B1 01 00 91 01 02 53 0E C0 01 1D 0F FE 86 00 
35806,0 rx src=FPKEAECEOPE len=14 F5 03 0E 00 03 E5 01 C0 01 38 02 03 15 09 
35806,0 rx src=FPKEAECEOPE len=7 F5 04 07 00 02 04 41 
35811,9 rx src=FPKEAECEOPE len=14 F5 03 0E 00 00 60 0A C0 01 88 08 00 B5 09 
35822,1 tx hdr=0xF5 op=0x2D MOVE(x,y,z,rx,ry,state,tick) : 41,016 7 33,298 1,009 257,285 b9 i298499474
35836,7 rx src=FPKEAECEOPE len=24 F5 03 18 00 01 2E 0D 40 03 B1 01 00 91 01 04 94 0C C0 02 3B 04 04 79 01 
35843,3 rx src=FPKEAECEOPE len=14 F5 03 0E 00 05 A4 01 C0 01 DF 0A 09 05 01 
35852,5 rx src=FPKEAECEOPE len=14 F5 03 0E 00 02 53 0E C0 01 1D 0F FD 86 00 
35857,5 rx src=FPKEAECEOPE len=14 F5 03 0E 00 03 DA 01 C0 01 56 02 03 15 09 
35870,3 tx hdr=0xF5 op=0x2D MOVE(x,y,z,rx,ry,state,tick) : 40,755 7 32,889 1,028 259,385 b9 i298499522
35870,7 rx src=FPKEAECEOPE len=14 F5 03 0E 00 00 51 0A C0 01 6D 08 00 B5 09 
35917,2 tx hdr=0xF5 op=0x2D MOVE(x,y,z,rx,ry,state,tick) : 40,48 7 32,491 1,047 262,985 b9 i298499569
35950,6 rx src=FPKEAECEOPE len=14 F5 03 0E 00 04 99 0C C0 02 3B 04 04 79 01 
35950,6 rx src=FPKEAECEOPE len=34 F5 03 22 00 01 27 0D 40 03 A2 01 00 8F 00 02 53 0E C0 01 1D 0F FE 86 00 05 A8 01 C0 01 FF 0A 0A 04 01 
35950,6 rx src=FPKEAECEOPE len=14 F5 03 0E 00 03 DA 01 C0 01 73 02 03 16 01 
35950,6 rx src=FPKEAECEOPE len=5 F5 04 05 00 02 
35950,8 rx src=FPKEAECEOPE len=14 F5 03 0E 00 00 41 0A C0 01 53 08 00 B6 09 
35950,8 rx src=FPKEAECEOPE len=24 F5 03 18 00 01 23 0D 40 03 A2 01 FF 8B 00 04 9F 0C C0 02 3B 04 04 7A 01 
35950,8 rx src=FPKEAECEOPE len=14 F5 03 0E 00 05 AA 01 C0 01 1F 0B 0A 02 01 
35950,8 rx src=FPKEAECEOPE len=14 F5 03 0E 00 02 53 0E C0 01 1D 0F FD 86 00 
35955,1 rx src=FPKEAECEOPE len=14 F5 03 0E 00 03 E2 01 C0 01 90 02 03 17 01 
35966,0 tx hdr=0xF5 op=0x2D MOVE(x,y,z,rx,ry,state,tick) : 40,181 7 32,111 1,064 268,535 b9 i298499618
35981,7 rx src=FPKEAECEOPE len=14 F5 03 0E 00 04 A0 0C C0 02 3B 04 05 83 01 
35986,9 rx src=FPKEAECEOPE len=24 F5 03 18 00 01 20 0D 40 03 9D 01 FF 8A 00 05 AC 01 C0 01 3F 0B 0A FE 01 
35997,1 rx src=FPKEAECEOPE len=14 F5 03 0E 00 02 53 0E C0 01 1D 0F FE 86 00 
36012,9 tx hdr=0xF5 op=0x2D MOVE(x,y,z,rx,ry,state,tick) : 39,848 7 31,764 1,064 277,085 b9 i298499665
36013,1 rx src=FPKEAECEOPE len=7 F5 04 07 00 02 04 20 
36013,3 rx src=FPKEAECEOPE len=14 F5 03 0E 00 03 EE 01 C0 01 AC 02 03 17 01 
36033,6 rx src=FPKEAECEOPE len=14 F5 03 0E 00 04 9F 0C C0 02 3B 04 06 88 01 
36044,4 rx src=FPKEAECEOPE len=34 F5 03 22 00 00 1E 0A C0 01 1F 08 00 BB 09 02 53 0E C0 01 1D 0F FD 86 00 05 AB 01 C0 01 5F 0B 09 FA 01 
36048,4 rx src=FPKEAECEOPE len=14 F5 03 0E 00 01 1F 0D 40 03 99 01 FF 88 00 
36059,7 rx src=FPKEAECEOPE len=14 F5 03 0E 00 03 F2 01 C0 01 CB 02 02 18 09 
36059,8 rx src=FPKEAECEOPE len=14 F5 03 0E 00 00 0B 0A C0 01 07 08 00 BE 09 
36064,3 tx hdr=0xF5 op=0x2D MOVE(x,y,z,rx,ry,state,tick) : 39,476 7 31,467 1,064 287,735 b9 i298499716
36076,3 rx src=FPKEAECEOPE len=6 F5 0F 06 00 06 00 
36094,7 rx src=FPKEAECEOPE len=14 F5 03 0E 00 04 99 0C C0 02 3B 04 07 8C 01 
36094,7 rx src=FPKEAECEOPE len=14 F5 03 0E 00 05 A8 01 C0 01 7E 0B 09 F8 01 
36094,7 rx src=FPKEAECEOPE len=24 F5 03 18 00 01 1E 0D 40 03 99 01 FE 85 00 02 53 0E C0 01 1D 0F FE 86 00 
36110,4 rx src=FPKEAECEOPE len=24 F5 03 18 00 00 F6 09 C0 01 F0 07 00 C5 09 03 F3 01 C0 01 EA 02 02 19 09 
36110,4 rx src=FPKEAECEOPE len=5 F5 04 05 00 02 
36114,2 tx hdr=0xF5 op=0x2D MOVE(x,y,z,rx,ry,state,tick) : 39,073 7 31,216 1,064 292,985 b9 i298499766
36126,1 rx src=FPKEAECEOPE len=14 F5 03 0E 00 06 20 0F C0 01 20 0F FD BE 00 
36126,1 rx src=FPKEAECEOPE len=6 F5 0F 06 00 05 02 
36143,1 rx src=FPKEAECEOPE len=24 F5 03 18 00 04 91 0C C0 02 19 04 08 8F 01 05 A8 01 C0 01 A3 0B 06 05 01 
36143,1 rx src=FPKEAECEOPE len=14 F5 03 0E 00 02 53 0E C0 01 1D 0F FD 86 00 
36146,4 rx src=FPKEAECEOPE len=14 F5 03 0E 00 01 1D 0D 40 03 99 01 FE 84 00 
36159,4 rx src=FPKEAECEOPE len=24 F5 03 18 00 00 DE 09 C0 01 DD 07 00 CC 09 03 F2 01 C0 01 0A 03 02 1A 09 
36177,7 tx hdr=0xF5 op=0x2D MOVE(x,y,z,rx,ry,state,tick) : 38,647 7 31,005 0,764 296,735 b9 i298499829
36180,2 rx src=FPKEAECEOPE len=14 F5 03 0E 00 04 87 0C C0 02 19 04 08 8F 01 
36191,4 rx src=FPKEAECEOPE len=24 F5 03 18 00 01 1D 0D 40 03 99 01 FE 82 00 06 20 0F C0 01 20 0F FD BD 00 
36196,2 rx src=FPKEAECEOPE len=24 F5 03 18 00 02 53 0E C0 01 1D 0F FE 86 00 05 B6 01 C0 01 B7 0B 05 44 01 
36208,2 rx src=FPKEAECEOPE len=24 F5 03 18 00 00 C4 09 C0 01 CD 07 00 D0 09 03 EF 01 C0 01 2A 03 02 1A 09 
36208,2 rx src=FPKEAECEOPE len=7 F5 04 07 00 02 04 20 
36222,5 tx hdr=0xF5 op=0x2D MOVE(x,y,z,rx,ry,state,tick) : 38,207 7 30,818 0,614 297,035 b9 i298499874
36235,9 rx src=FPKEAECEOPE len=14 F5 03 0E 00 04 7D 0C C0 02 19 04 06 8C 01 
36250,8 rx src=FPKEAECEOPE len=24 F5 03 18 00 02 53 0E C0 01 1D 0F FD 86 00 05 C7 01 C0 01 B7 0B 07 69 01 
36256,9 rx src=FPKEAECEOPE len=34 F5 03 22 00 01 1D 0D 40 03 99 01 FE 7F 00 03 EC 01 C0 01 4B 03 02 1B 09 06 20 0F C0 01 20 0F FC BC 00 
36266,0 tx hdr=0xF5 op=0x2D MOVE(x,y,z,rx,ry,state,tick) : 37,758 7 30,647 0,614 297,035 b9 i298499918
36266,2 rx src=FPKEAECEOPE len=14 F5 03 0E 00 00 A9 09 C0 01 C0 07 00 D3 09 
36279,8 rx src=FPKEAECEOPE len=14 F5 03 0E 00 04 75 0C C0 02 19 04 05 84 01 
36283,2 rx src=FPKEAECEOPE len=14 F5 03 0E 00 06 20 0F C0 01 20 0F FC BC 00 
36298,1 rx src=FPKEAECEOPE len=24 F5 03 18 00 01 1D 0D 40 03 99 01 FD 7E 00 02 53 0E C0 01 1D 0F FE 86 00 
36309,2 rx src=FPKEAECEOPE len=14 F5 03 0E 00 03 E9 01 C0 01 6B 03 02 1B 09 
36309,2 rx src=FPKEAECEOPE len=5 F5 04 05 00 02 
36325,1 tx hdr=0xF5 op=0x2D MOVE(x,y,z,rx,ry,state,tick) : 37,305 6 30,484 0,614 297,035 b25 i298499977
36325,7 rx src=FPKEAECEOPE len=24 F5 03 18 00 00 8D 09 C0 01 B4 07 00 D3 09 05 D6 01 C0 01 A9 0B 06 71 01 
36329,2 rx src=FPKEAECEOPE len=14 F5 03 0E 00 04 6F 0C C0 02 19 04 04 82 01 
36338,1 rx src=FPKEAECEOPE len=14 F5 03 0E 00 05 E4 01 C0 01 93 0B 06 71 01 
36353,2 rx src=FPKEAECEOPE len=24 F5 03 18 00 02 53 0E C0 01 1D 0F FD 86 00 06 20 0F C0 01 20 0F FB BB 00 
36353,2 rx src=FPKEAECEOPE len=24 F5 03 18 00 01 1D 0D 40 03 99 01 FD 7E 00 03 DD 01 C0 01 88 03 01 1C 08 
36358,1 rx src=FPKEAECEOPE len=14 F5 03 0E 00 00 70 09 C0 01 A9 07 00 D3 09 
36366,9 tx hdr=0xF5 op=0x2D MOVE(x,y,z,rx,ry,state,tick) : 36,851 6 30,484 0,614 297,035 b9 i298500019
36381,2 rx src=FPKEAECEOPE len=24 F5 03 18 00 04 6B 0C C0 02 19 04 04 82 01 06 20 0F C0 01 20 0F FB BA 00 
36398,0 rx src=FPKEAECEOPE len=24 F5 03 18 00 01 1D 0D 40 03 99 01 FD 7D 00 02 53 0E C0 01 1D 0F FE 86 00 
36407,1 rx src=FPKEAECEOPE len=14 F5 03 0E 00 03 CB 01 C0 01 A1 03 01 1C 08 
36407,1 rx src=FPKEAECEOPE len=7 F5 0B 07 00 04 02 00 
36407,4 rx src=FPKEAECEOPE len=8 F5 0C 08 00 02 04 00 00 
36411,2 rx src=FPKEAECEOPE len=10 F5 13 0A 00 04 01 05 00 1F 00 
36411,3 rx src=FPKEAECEOPE len=10 F5 13 0A 00 02 00 02 00 11 00 
36411,3 rx src=FPKEAECEOPE len=7 F5 04 07 00 02 04 10 
36411,4 rx src=FPKEAECEOPE len=14 F5 03 0E 00 05 E4 01 C0 01 78 0B 06 71 01 
36415,1 tx hdr=0xF5 op=0x2D MOVE(x,y,z,rx,ry,state,tick) : 36,394 6 30,326 0,614 297,035 b9 i298500067
36426,8 rx src=FPKEAECEOPE len=14 F5 03 0E 00 00 53 09 80 01 9E 07 00 D3 19 
36439,9 rx src=FPKEAECEOPE len=14 F5 03 0E 00 01 1D 0D 40 03 99 01 FE 7D 00 
36443,5 rx src=FPKEAECEOPE len=14 F5 03 0E 00 05 E4 01 C0 01 5A 0B 06 71 01 
36452,5 rx src=FPKEAECEOPE len=24 F5 03 18 00 02 53 0E C0 01 1D 0F FD 86 00 06 20 0F C0 01 20 0F FA B9 00 
36458,4 rx src=FPKEAECEOPE len=14 F5 03 0E 00 03 B7 01 C0 01 B9 03 01 1D 08 
36465,8 tx hdr=0xF5 op=0x2D MOVE(x,y,z,rx,ry,state,tick) : 35,935 6 30,172 0,614 297,035 b9 i298500118
36470,3 rx src=FPKEAECEOPE len=14 F5 03 0E 00 00 36 09 80 01 9E 07 00 D3 09 
36482,7 rx src=FPKEAECEOPE len=12 F5 07 0C 00 34 00 0F 00 04 00 00 28 
36493,2 rx src=FPKEAECEOPE len=24 F5 03 18 00 05 E4 01 C0 01 3A 0B 04 7A 01 06 20 0F C0 01 20 0F F9 B8 00 
36507,3 rx src=FPKEAECEOPE len=24 F5 03 18 00 01 1D 0D 40 03 99 01 FE 7D 00 02 53 0E C0 01 1D 0F FE 86 00 
36507,3 rx src=FPKEAECEOPE len=14 F5 03 0E 00 03 AA 01 C0 01 C8 03 01 1D 00 
36507,3 rx src=FPKEAECEOPE len=5 F5 04 05 00 02 
36521,4 tx hdr=0xF5 op=0x2D MOVE(x,y,z,rx,ry,state,tick) : 35,487 6 30,167 0,614 297,035 b1 i298500173
36521,7 rx src=FPKEAECEOPE len=14 F5 03 0E 00 00 19 09 80 01 94 07 00 D3 09 
36534,0 rx src=FPKEAECEOPE len=14 F5 03 0E 00 06 20 0F C0 01 20 0F F9 B6 00 
36564,3 tx hdr=0xF5 op=0x2D MOVE(x,y,z,rx,ry,state,tick) : 35,046 7 30,253 0,614 297,035 b1 i298500216
36608,3 rx src=FPKEAECEOPE len=14 F5 03 0E 00 05 E4 01 C0 01 17 0B 04 80 01 
36608,3 rx src=FPKEAECEOPE len=24 F5 03 18 00 01 1D 0D 40 03 99 01 FE 7D 00 02 53 0E C0 01 1D 0F FD 86 00 
36608,3 rx src=FPKEAECEOPE len=14 F5 03 0E 00 03 A3 01 C0 01 D0 03 01 1D 00 
36608,3 rx src=FPKEAECEOPE len=12 F5 34 0C 00 16 C0 CA 11 82 C0 CA 11 
36608,4 rx src=FPKEAECEOPE len=24 F5 03 18 00 00 FB 08 80 01 8A 07 00 D3 09 05 E4 01 C0 01 F4 0A 04 80 01 
36608,4 rx src=FPKEAECEOPE len=24 F5 03 18 00 01 1D 0D 40 03 99 01 FE 7D 00 02 53 0E C0 01 1D 0F FE 86 00 
36608,4 rx src=FPKEAECEOPE len=24 F5 03 18 00 03 9E 01 C0 01 D6 03 01 1D 00 06 20 0F C0 01 20 0F F8 B2 00 
36608,4 rx src=FPKEAECEOPE len=5 F5 04 05 00 02 
36624,5 tx hdr=0xF5 op=0x2D MOVE(x,y,z,rx,ry,state,tick) : 34,607 7 30,39 0,614 296,435 b1 i298500242
36641,8 rx src=FPKEAECEOPE len=24 F5 03 18 00 00 DF 08 80 01 8A 07 00 D3 01 06 20 0F C0 01 20 0F F8 B0 00 
36641,8 rx src=FPKEAECEOPE len=14 F5 03 0E 00 05 E4 01 C0 01 D0 0A 04 80 01 
36656,7 rx src=FPKEAECEOPE len=14 F5 03 0E 00 02 53 0E C0 01 1D 0F FD 86 00 
36656,7 rx src=FPKEAECEOPE len=24 F5 03 18 00 01 1D 0D 40 03 99 01 FE 7D 00 03 9C 01 C0 01 D9 03 00 1D 00 
36669,9 tx hdr=0xF5 op=0x2D MOVE(x,y,z,rx,ry,state,tick) : 34,17 7 30,558 0,614 296,135 b1 i298500287
36690,1 rx src=FPKEAECEOPE len=14 F5 03 0E 00 05 E5 01 C0 01 AC 0A 04 80 01 
36696,9 rx src=FPKEAECEOPE len=14 F5 03 0E 00 06 20 0F C0 01 20 0F F8 AA 00 
36701,5 rx src=FPKEAECEOPE len=24 F5 03 18 00 01 1D 0D 40 03 99 01 FE 7D 00 02 53 0E C0 01 1D 0F FE 86 00 
36710,7 rx src=FPKEAECEOPE len=14 F5 03 0E 00 03 9A 01 C0 01 DB 03 00 1D 00 
36710,7 rx src=FPKEAECEOPE len=5 F5 04 05 00 02 
36714,8 tx hdr=0xF5 op=0x2D MOVE(x,y,z,rx,ry,state,tick) : 33,733 7 30,743 0,614 295,685 b1 i298500332
36723,7 rx src=FPKEAECEOPE len=14 F5 03 0E 00 00 C2 08 C0 01 90 07 00 D3 01 
36723,7 rx src=FPKEAECEOPE len=14 F5 03 0E 00 06 20 0F C0 01 20 0F F9 A8 00 
36735,8 rx src=FPKEAECEOPE len=14 F5 03 0E 00 00 A6 08 C0 01 98 07 00 D2 01 
36735,8 rx src=FPKEAECEOPE len=6 F5 0F 06 00 05 00 
36748,7 rx src=FPKEAECEOPE len=24 F5 03 18 00 02 53 0E C0 01 1D 0F FD 86 00 05 E5 01 C0 01 8C 0A 04 80 01 
36761,2 rx src=FPKEAECEOPE len=24 F5 03 18 00 01 1D 0D 40 03 99 01 FE 7D 00 03 99 01 C0 01 DC 03 00 1D 00 
36765,7 tx hdr=0xF5 op=0x2D MOVE(x,y,z,rx,ry,state,tick) : 33,295 7 30,938 0,614 295,535 b1 i298500383
36773,9 rx src=FPKEAECEOPE len=14 F5 03 0E 00 00 8A 08 C0 01 A3 07 00 D2 01 
36791,1 rx src=FPKEAECEOPE len=24 F5 03 18 00 05 E5 01 C0 01 6C 0A 04 80 01 06 20 0F C0 01 20 0F FA A7 00 
36798,6 rx src=FPKEAECEOPE len=24 F5 03 18 00 01 1D 0D 40 03 99 01 FE 7E 00 02 53 0E C0 01 1D 0F FE 86 00 
36812,7 rx src=FPKEAECEOPE len=14 F5 03 0E 00 03 A3 01 C0 01 D4 03 00 1D 04 
36812,7 rx src=FPKEAECEOPE len=5 F5 04 05 00 02 
36812,9 rx src=FPKEAECEOPE len=14 F5 03 0E 00 00 6E 08 C0 01 AF 07 00 D2 01 
36816,2 tx hdr=0xF5 op=0x2D MOVE(x,y,z,rx,ry,state,tick) : 32,858 7 31,138 0,614 295,535 b1 i298500433
36828,2 rx src=FPKEAECEOPE len=14 F5 03 0E 00 06 20 0F C0 01 20 0F FB A7 00 
36840,8 rx src=FPKEAECEOPE len=14 F5 03 0E 00 05 E4 01 C0 01 4C 0A 04 80 01 
36856,0 rx src=FPKEAECEOPE len=24 F5 03 18 00 01 1D 0D 40 03 99 01 FD 81 00 02 53 0E C0 01 1D 0F FD 86 00 
36856,0 rx src=FPKEAECEOPE len=24 F5 03 18 00 00 52 08 C0 01 BC 07 00 D2 01 03 B2 01 C0 01 C6 03 00 1D 04 
36869,0 tx hdr=0xF5 op=0x2D MOVE(x,y,z,rx,ry,state,tick) : 32,42 7 31,341 0,614 295,235 b1 i298500486
36895,8 rx src=FPKEAECEOPE len=24 F5 03 18 00 05 E4 01 C0 01 2D 0A 04 80 01 06 20 0F C0 01 20 0F FD A6 00 
36899,5 rx src=FPKEAECEOPE len=24 F5 03 18 00 01 1D 0D 40 03 99 01 FD 81 00 02 53 0E C0 01 1D 0F FE 86 00 
36909,4 rx src=FPKEAECEOPE len=14 F5 03 0E 00 03 C6 01 C0 01 B5 03 00 1D 04 
36914,5 tx hdr=0xF5 op=0x2D MOVE(x,y,z,rx,ry,state,tick) : 31,981 7 31,545 0,614 295,085 b1 i298500532
36914,7 rx src=FPKEAECEOPE len=14 F5 03 0E 00 00 36 08 C0 01 C8 07 00 D2 01 
36940,9 rx src=FPKEAECEOPE len=14 F5 03 0E 00 05 E4 01 C0 01 0D 0A 04 80 01 
36951,2 rx src=FPKEAECEOPE len=14 F5 03 0E 00 02 53 0E C0 01 1D 0F FE 86 00 
36955,4 rx src=FPKEAECEOPE len=24 F5 03 18 00 01 1D 0D 40 03 99 01 FD 81 00 03 DB 01 C0 01 A2 03 00 1D 04 
36964,3 tx hdr=0xF5 op=0x2D MOVE(x,y,z,rx,ry,state,tick) : 31,542 6 31,748 0,614 294,635 b17 i298500581
36964,5 rx src=FPKEAECEOPE len=24 F5 03 18 00 00 1A 08 C0 01 D5 07 00 D1 01 06 20 0F C0 01 20 0F FF 9F 00 
36984,4 rx src=FPKEAECEOPE len=14 F5 03 0E 00 05 E3 01 C0 01 ED 09 04 80 01 
37009,3 rx src=FPKEAECEOPE len=24 F5 03 18 00 01 1D 0D 40 03 99 01 FD 81 00 02 53 0E C0 01 1D 0F FE 86 00 
37009,3 rx src=FPKEAECEOPE len=34 F5 03 22 00 00 FE 07 C0 01 E2 07 00 D1 01 03 F2 01 C0 01 8E 03 00 1D 04 06 18 0F C0 01 15 0F FF 9A 01 
37022,6 tx hdr=0xF5 op=0x2D MOVE(x,y,z,rx,ry,state,tick) : 31,102 6 31,952 0,614 293,585 b1 i298500640
37038,1 rx src=FPKEAECEOPE len=14 F5 03 0E 00 05 E3 01 C0 01 CD 09 04 80 01 
37052,9 rx src=FPKEAECEOPE len=24 F5 03 18 00 02 53 0E C0 01 1D 0F FE 86 00 06 0B 0F C0 01 04 0F FF 98 01 
37052,9 rx src=FPKEAECEOPE len=24 F5 03 18 00 01 1D 0D 40 03 99 01 FD 80 00 03 00 02 C0 01 82 03 00 1D 00 
37064,7 tx hdr=0xF5 op=0x2D MOVE(x,y,z,rx,ry,state,tick) : 30,657 6 32,141 0,014 290,285 b1 i298500682
37064,9 rx src=FPKEAECEOPE len=14 F5 03 0E 00 00 E2 07 80 01 EF 07 00 D1 11 
37106,7 rx src=FPKEAECEOPE len=34 F5 03 22 00 01 1D 0D 40 03 99 01 FD 80 00 02 53 0E C0 01 1D 0F FE 86 00 06 18 0F C0 01 15 0F FF 98 01 
37106,7 rx src=FPKEAECEOPE len=14 F5 03 0E 00 03 11 02 C0 01 84 03 00 1D 01 
37121,2 tx hdr=0xF5 op=0x2D MOVE(x,y,z,rx,ry,state,tick) : 30,201 6 32,301 358,815 283,985 b1 i298500738
37121,5 rx src=FPKEAECEOPE len=24 F5 03 18 00 00 C6 07 80 01 FC 07 00 D0 01 05 E4 01 C0 01 AD 09 04 7D 01 
37140,1 rx src=FPKEAECEOPE len=24 F5 03 18 00 05 E6 01 C0 01 8D 09 04 7A 01 06 18 0F C0 01 15 0F FF 97 01 
37150,1 rx src=FPKEAECEOPE len=14 F5 03 0E 00 02 53 0E C0 01 1D 0F FE 86 00 
37150,1 rx src=FPKEAECEOPE len=24 F5 03 18 00 01 1D 0D 40 03 99 01 FE 7F 00 03 24 02 C0 01 90 03 00 1D 01 
37155,5 rx src=FPKEAECEOPE len=14 F5 03 0E 00 00 AA 07 80 01 09 08 00 CE 01 
37170,2 tx hdr=0xF5 op=0x2D MOVE(x,y,z,rx,ry,state,tick) : 29,736 6 32,425 357,764 278,135 b1 i298500787
37191,2 rx src=FPKEAECEOPE len=14 F5 03 0E 00 05 E6 01 C0 01 6D 09 03 73 01 
37222,4 tx hdr=0xF5 op=0x2D MOVE(x,y,z,rx,ry,state,tick) : 29,263 6 32,515 357,764 274,535 b1 i298500840
37268,5 tx hdr=0xF5 op=0x2D MOVE(x,y,z,rx,ry,state,tick) : 28,785 6 32,57 357,764 270,485 b1 i298500886
37268,8 rx src=FPKEAECEOPE len=34 F5 03 22 00 01 1D 0D 40 03 99 01 FE 7B 00 02 53 0E C0 01 1D 0F FE 86 00 06 19 0F C0 01 14 0F FF 95 01 
37268,8 rx src=FPKEAECEOPE len=24 F5 03 18 00 00 8C 07 80 01 13 08 FF C9 01 03 38 02 C0 01 A1 03 00 1D 01 
37268,8 rx src=FPKEAECEOPE len=14 F5 03 0E 00 06 0F 0F C0 01 02 0F FF 94 01 
37268,8 rx src=FPKEAECEOPE len=34 F5 03 22 00 01 1D 0D 40 03 99 01 FF 6D 00 02 53 0E C0 01 1D 0F FE 86 00 05 E6 01 C0 01 4F 09 03 6E 01 
37268,8 rx src=FPKEAECEOPE len=14 F5 03 0E 00 03 4D 02 C0 01 B6 03 00 1C 01 
37268,8 rx src=FPKEAECEOPE len=14 F5 03 0E 00 00 6F 07 80 01 1B 08 FE C5 01 
37290,0 rx src=FPKEAECEOPE len=14 F5 03 0E 00 05 E6 01 C0 01 32 09 04 6A 01 
37294,4 rx src=FPKEAECEOPE len=14 F5 03 0E 00 06 03 0F C0 01 EC 0E FE 91 01 
37305,0 rx src=FPKEAECEOPE len=24 F5 03 18 00 01 1D 0D 40 03 99 01 FB 52 00 02 53 0E C0 01 1D 0F FE 86 00 
37309,6 rx src=FPKEAECEOPE len=14 F5 03 0E 00 03 62 02 C0 01 CC 03 00 1C 01 
37320,7 tx hdr=0xF5 op=0x2D MOVE(x,y,z,rx,ry,state,tick) : 28,355 7 32,733 357,764 266,885 b5 i298500938
37324,6 rx src=FPKEAECEOPE len=14 F5 03 0E 00 06 F6 0E C0 01 D2 0E FE 91 01 
37341,3 rx src=FPKEAECEOPE len=14 F5 03 0E 00 05 E6 01 C0 01 16 09 04 66 01 
37350,6 rx src=FPKEAECEOPE len=24 F5 03 18 00 01 1D 0D 40 03 99 01 F8 3F 00 02 53 0E C0 01 1D 0F FE 86 00 
37350,6 rx src=FPKEAECEOPE len=14 F5 03 0E 00 03 77 02 C0 01 E4 03 00 1C 01 
37356,3 rx src=FPKEAECEOPE len=14 F5 03 0E 00 00 50 07 80 01 20 08 FE C3 01 
37363,8 tx hdr=0xF5 op=0x2D MOVE(x,y,z,rx,ry,state,tick) : 27,949 7 32,957 357,764 265,685 b5 i298500981
37363,9 rx src=FPKEAECEOPE len=14 F5 03 0E 00 00 32 07 80 01 24 08 FE C0 01 
37373,8 rx src=FPKEAECEOPE len=14 F5 03 0E 00 06 E9 0E C0 01 B7 0E FE 91 01 
37405,0 rx src=FPKEAECEOPE len=14 F5 03 0E 00 05 E6 01 C0 01 F8 08 04 60 05 
37405,0 rx src=FPKEAECEOPE len=24 F5 03 18 00 01 1D 0D 40 03 99 01 F7 2B 00 02 53 0E C0 01 1D 0F 01 87 00 
37422,2 tx hdr=0xF5 op=0x2D MOVE(x,y,z,rx,ry,state,tick) : 27,555 7 33,214 357,764 264,335 b5 i298501039
37422,7 rx src=FPKEAECEOPE len=24 F5 03 18 00 00 16 07 C0 01 2E 08 FE BD 05 03 8C 02 C0 01 FC 03 00 1C 01 
37427,2 rx src=FPKEAECEOPE len=14 F5 03 0E 00 06 DC 0E C0 01 9B 0E FE 91 01 
37439,1 rx src=FPKEAECEOPE len=14 F5 03 0E 00 05 ED 01 C0 01 DA 08 04 58 05 
37456,8 rx src=FPKEAECEOPE len=24 F5 03 18 00 01 1D 0D 40 03 99 01 F7 1E 00 02 53 0E C0 01 1D 0F 05 8B 00 
37456,8 rx src=FPKEAECEOPE len=14 F5 03 0E 00 03 A1 02 C0 01 15 04 00 1C 01 
37473,1 tx hdr=0xF5 op=0x2D MOVE(x,y,z,rx,ry,state,tick) : 27,166 7 33,487 357,764 262,685 b5 i298501090
37473,5 rx src=FPKEAECEOPE len=14 F5 03 0E 00 00 FC 06 C0 01 3D 08 FE BC 05 
37490,8 rx src=FPKEAECEOPE len=14 F5 03 0E 00 05 F6 01 C0 01 BB 08 04 52 05 
37505,7 rx src=FPKEAECEOPE len=14 F5 03 0E 00 06 CF 0E C0 01 7E 0E FE 91 01 
37505,7 rx src=FPKEAECEOPE len=24 F5 03 18 00 01 1D 0D 40 03 99 01 F8 19 00 02 53 0E C0 01 1D 0F 07 8D 00 
37509,7 tx hdr=0xF5 op=0x04 HIT_REPORT(pos,seq,hits[]) : 27,225 9,393 33,454 i298501127 b5 b1 8,071 8,986 35,786
37509,9 rx src=FPKEAECEOPE len=14 F5 03 0E 00 03 B6 02 C0 01 2F 04 00 1C 01 
37520,1 tx hdr=0xF5 op=0x2D MOVE(x,y,z,rx,ry,state,tick) : 26,739 7 33,671 0,897 275,907 b1 i298501137
37520,5 rx src=FPKEAECEOPE len=14 F5 03 0E 00 00 E3 06 C0 01 4D 08 FE BB 05 
37539,9 rx src=FPKEAECEOPE len=14 F5 03 0E 00 05 07 02 C0 01 A5 08 04 4E 01 
37554,8 rx src=FPKEAECEOPE len=44 F5 03 2C 00 01 1D 0D 40 03 99 01 F9 0F 00 02 53 0E C0 01 1D 0F 08 90 00 03 CB 02 C0 01 48 04 FF 1C 01 06 C2 0E C0 01 61 0E FE 91 01 
37554,8 rx src=FPKEAECEOPE len=13 F5 0A 0D 00 07 03 00 07 00 3D 00 40 00 
37562,2 rx src=FPKEAECEOPE len=14 F5 03 0E 00 07 E0 00 C0 01 60 0F 03 40 00 
37562,3 rx src=FPKEAECEOPE len=12 F5 34 0C 00 E2 C3 CA 11 5B C4 CA 11 
37568,9 tx hdr=0xF5 op=0x2D MOVE(x,y,z,rx,ry,state,tick) : 26,29 7 33,797 0,533 274,717 b1 i298501217
37569,2 rx src=FPKEAECEOPE len=14 F5 03 0E 00 00 CA 06 C0 01 5F 08 FE BA 05 
37593,3 rx src=FPKEAECEOPE len=14 F5 03 0E 00 06 B5 0E C0 01 43 0E FE 90 01 
37593,3 rx src=FPKEAECEOPE len=34 F5 03 22 00 01 1D 0D 40 03 99 01 FA 0C 00 02 53 0E C0 01 1D 0F 08 91 00 05 1E 02 C0 01 94 08 04 48 01 
37593,3 rx src=FPKEAECEOPE len=7 F5 0B 07 00 05 00 01 
37593,7 rx src=FPKEAECEOPE len=8 F5 0C 08 00 00 05 00 01 
37594,0 rx src=FPKEAECEOPE len=10 F5 13 0A 00 05 01 05 00 0E 00 
37594,0 rx src=FPKEAECEOPE len=10 F5 13 0A 00 00 00 04 00 1D 00 
37594,0 rx src=FPKEAECEOPE len=6 F5 15 06 00 01 0D 
37594,1 rx src=FPKEAECEOPE len=7 F5 04 07 00 00 05 11 
37608,8 rx src=FPKEAECEOPE len=14 F5 03 0E 00 03 E0 02 C0 01 62 04 FE 1C 01 
37613,3 tx hdr=0xF5 op=0x2D MOVE(x,y,z,rx,ry,state,tick) : 25,827 7 33,888 0,193 274,414 b1 i298501262
37613,5 rx src=FPKEAECEOPE len=14 F5 03 0E 00 00 AF 06 C0 01 6A 08 00 C4 01 
37626,4 rx src=FPKEAECEOPE len=14 F5 03 0E 00 06 A8 0E C0 01 26 0E FE 90 01 
37651,4 rx src=FPKEAECEOPE len=24 F5 03 18 00 01 1D 0D 40 03 99 01 FB 0B 00 02 53 0E C0 01 1D 0F 09 91 00 
37655,5 rx src=FPKEAECEOPE len=14 F5 03 0E 00 03 F6 02 C0 01 7B 04 FD 1C 01 
37663,8 tx hdr=0xF5 op=0x2D MOVE(x,y,z,rx,ry,state,tick) : 25,355 7 33,957 0,465 274,414 b1 i298501312
37664,1 rx src=FPKEAECEOPE len=24 F5 03 18 00 00 92 06 C0 01 73 08 00 C3 01 06 9B 0E C0 01 08 0E FF 8F 01 
37703,2 rx src=FPKEAECEOPE len=24 F5 03 18 00 01 1D 0D 40 03 99 01 FB 0A 00 02 53 0E C0 01 1D 0F 09 90 00 
37712,2 rx src=FPKEAECEOPE len=24 F5 03 18 00 00 74 06 C0 01 78 08 00 C3 01 03 0B 03 C0 01 95 04 FC 1C 01 
37715,8 tx hdr=0xF5 op=0x2D MOVE(x,y,z,rx,ry,state,tick) : 24,879 7 34,014 0,747 274,414 b1 i298501364
37728,9 rx src=FPKEAECEOPE len=14 F5 03 0E 00 06 8F 0E C0 01 E9 0D FF 8E 01 
37754,3 rx src=FPKEAECEOPE len=14 F5 03 0E 00 01 1D 0D 40 03 99 01 FD 09 00 
37754,3 rx src=FPKEAECEOPE len=24 F5 03 18 00 02 53 0E C0 01 1D 0F 09 90 00 03 21 03 C0 01 AE 04 FB 1D 01 
37756,9 rx src=FPKEAECEOPE len=14 F5 03 0E 00 00 56 06 C0 01 7D 08 00 C3 01 
37767,2 tx hdr=0xF5 op=0x2D MOVE(x,y,z,rx,ry,state,tick) : 24,446 7 33,922 1,018 274,414 b9 i298501415
37792,0 rx src=FPKEAECEOPE len=14 F5 03 0E 00 06 83 0E C0 01 CB 0D FF 8E 01 
37800,9 rx src=FPKEAECEOPE len=34 F5 03 22 00 01 1D 0D 40 03 99 01 FF 09 00 02 53 0E C0 01 1D 0F 09 90 00 03 37 03 C0 01 C7 04 FA 1E 01 
37816,1 tx hdr=0xF5 op=0x2D MOVE(x,y,z,rx,ry,state,tick) : 24,038 7 33,742 1,248 275,014 b9 i298501464
37816,4 rx src=FPKEAECEOPE len=14 F5 03 0E 00 00 38 06 C0 01 80 08 00 C3 01 
37830,1 rx src=FPKEAECEOPE len=14 F5 03 0E 00 06 77 0E C0 01 AD 0D FF 8E 01 
37848,8 rx src=FPKEAECEOPE len=34 F5 03 22 00 01 1D 0D 40 03 99 01 01 0A 00 02 53 0E C0 01 1D 0F 09 90 00 03 4D 03 C0 01 E0 04 FA 1E 01 
37866,4 tx hdr=0xF5 op=0x2D MOVE(x,y,z,rx,ry,state,tick) : 23,644 7 33,509 1,269 275,014 b9 i298501515
37915,8 tx hdr=0xF5 op=0x2D MOVE(x,y,z,rx,ry,state,tick) : 23,259 7 33,245 1,289 275,014 b9 i298501564
37925,6 rx src=FPKEAECEOPE len=14 F5 03 0E 00 00 1C 06 C0 01 7A 08 00 C3 09 
37925,6 rx src=FPKEAECEOPE len=14 F5 03 0E 00 06 6C 0E C0 01 8E 0D FF 8D 01 
37925,6 rx src=FPKEAECEOPE len=34 F5 03 22 00 01 1D 0D 40 03 99 01 01 0B 00 02 53 0E C0 01 1D 0F 09 90 00 03 63 03 C0 01 F8 04 F9 1F 01 
37925,7 rx src=FPKEAECEOPE len=14 F5 03 0E 00 00 02 06 C0 01 6F 08 00 C3 09 
37925,7 rx src=FPKEAECEOPE len=6 F5 0F 06 00 07 00 
37952,9 rx src=FPKEAECEOPE len=14 F5 03 0E 00 06 62 0E C0 01 6F 0D FF 8C 01 
37955,6 rx src=FPKEAECEOPE len=34 F5 03 22 00 01 1D 0D 40 03 99 01 03 0C 00 02 53 0E C0 01 1D 0F 09 90 00 03 7A 03 C0 01 10 05 F8 1F 01 
37966,3 tx hdr=0xF5 op=0x2D MOVE(x,y,z,rx,ry,state,tick) : 22,879 7 32,961 1,309 275,014 b9 i298501615
37970,9 rx src=FPKEAECEOPE len=14 F5 03 0E 00 07 E0 00 C0 01 60 0F FF 40 00 
37979,1 rx src=FPKEAECEOPE len=14 F5 03 0E 00 06 58 0E C0 01 50 0D FF 8C 01 
38006,4 rx src=FPKEAECEOPE len=24 F5 03 18 00 01 1D 0D 40 03 99 01 05 0E 00 02 4E 0E C0 01 11 0F 09 90 01 
38008,9 rx src=FPKEAECEOPE len=14 F5 03 0E 00 03 91 03 C0 01 28 05 F8 20 01 
38020,4 tx hdr=0xF5 op=0x2D MOVE(x,y,z,rx,ry,state,tick) : 22,504 7 32,666 1,476 274,714 b9 i298501669
38020,7 rx src=FPKEAECEOPE len=14 F5 03 0E 00 00 D0 05 C0 01 4F 08 00 C3 09 
38025,3 rx src=FPKEAECEOPE len=24 F5 03 18 00 06 4E 0E C0 01 31 0D FF 8C 01 07 E0 00 C0 01 60 0F FF 40 00 
38050,4 rx src=FPKEAECEOPE len=24 F5 03 18 00 01 1D 0D 40 03 99 01 06 0E 00 02 47 0E C0 01 FC 0E 09 89 01 
38050,4 rx src=FPKEAECEOPE len=38 F5 16 26 00 03 17 02 00 00 00 EC C7 62 41 C2 92 16 41 63 64 A4 41 7C 05 32 3F CF E6 5F 3E F4 3E 2F 3F F3 CC 35 42 
38065,9 tx hdr=0xF5 op=0x2D MOVE(x,y,z,rx,ry,state,tick) : 22,142 7 32,35 1,776 269,464 b9 i298501714
38066,2 rx src=FPKEAECEOPE len=24 F5 03 18 00 00 B8 05 C0 01 3D 08 00 C3 09 03 A9 03 C0 01 40 05 F7 20 01 
38081,6 rx src=FPKEAECEOPE len=14 F5 03 0E 00 07 E0 00 C0 01 60 0F FF 40 00 
38097,8 rx src=FPKEAECEOPE len=14 F5 03 0E 00 06 44 0E C0 01 12 0D FF 8C 01 
38103,3 rx src=FPKEAECEOPE len=34 F5 03 22 00 01 1D 0D 40 03 99 01 07 0F 00 02 41 0E C0 01 E3 0E 09 89 01 03 B7 03 C0 01 4E 05 F6 20 00 
38111,5 rx src=FPKEAECEOPE len=14 F5 03 0E 00 00 A0 05 C0 01 2A 08 01 C3 09 
38117,1 tx hdr=0xF5 op=0x2D MOVE(x,y,z,rx,ry,state,tick) : 21,76 7 32,262 1,776 256,414 b5 i298501765
38127,9 rx src=FPKEAECEOPE len=24 F5 03 18 00 06 3A 0E C0 01 F3 0C FF 8C 01 07 E0 00 C0 01 60 0F FF 40 00 
38149,6 rx src=FPKEAECEOPE len=24 F5 03 18 00 01 1D 0D 40 03 99 01 07 0F 00 02 39 0E C0 01 C7 0E 09 89 01 
38156,8 rx src=FPKEAECEOPE len=24 F5 03 18 00 00 89 05 C0 01 16 08 01 BF 09 03 BF 03 C0 01 56 05 F5 20 00 
38174,8 tx hdr=0xF5 op=0x2D MOVE(x,y,z,rx,ry,state,tick) : 21,341 7 32,251 1,776 237,514 b5 i298501823
38175,0 rx src=FPKEAECEOPE len=14 F5 03 0E 00 07 E0 00 C0 01 60 0F FF 40 00 
38190,9 rx src=FPKEAECEOPE len=14 F5 03 0E 00 06 31 0E C0 01 D3 0C FF 8C 01 
38205,9 rx src=FPKEAECEOPE len=34 F5 03 22 00 01 1D 0D 40 03 99 01 08 0F 00 02 32 0E C0 01 A9 0E 09 89 01 03 C4 03 C0 01 5C 05 F5 20 00 
38211,3 rx src=FPKEAECEOPE len=24 F5 03 18 00 00 70 05 C0 01 10 08 01 B6 05 07 E0 00 C0 01 60 0F FF 40 00 
38220,8 tx hdr=0xF5 op=0x2D MOVE(x,y,z,rx,ry,state,tick) : 20,896 7 32,245 1,776 225,064 b5 i298501869
38240,3 rx src=FPKEAECEOPE len=14 F5 03 0E 00 06 27 0E C0 01 B4 0C FF 8C 01 
38254,5 rx src=FPKEAECEOPE len=14 F5 03 0E 00 01 1D 0D 40 03 99 01 08 0F 00 
38254,5 rx src=FPKEAECEOPE len=24 F5 03 18 00 02 2A 0E C0 01 8B 0E 09 89 01 03 BE 03 C0 01 55 05 F5 20 02 
38271,4 tx hdr=0xF5 op=0x2D MOVE(x,y,z,rx,ry,state,tick) : 20,436 7 32,224 1,776 219,964 b5 i298501920
38271,6 rx src=FPKEAECEOPE len=24 F5 03 18 00 00 55 05 C0 01 10 08 01 A8 05 06 1D 0E C0 01 95 0C FF 8C 01 
38276,0 rx src=FPKEAECEOPE len=14 F5 03 0E 00 07 E0 00 C0 01 60 0F FF 40 00 
38288,3 tx hdr=0xF5 op=0x06 int3/6 : s18 s9 s26
38288,4 tx hdr=0xF5 op=0x04 HIT_REPORT(pos,seq,hits[]) :
38308,3 rx src=FPKEAECEOPE len=34 F5 03 22 00 01 1D 0D 40 03 99 01 08 0F 00 02 23 0E C0 01 6B 0E 09 89 01 03 B1 03 C0 01 48 05 F5 1F 02 
38318,9 tx hdr=0xF5 op=0x2D MOVE(x,y,z,rx,ry,state,tick) : 19,977 7 32,146 1,539 205,357 b5 i298501967
38319,2 rx src=FPKEAECEOPE len=14 F5 03 0E 00 00 39 05 C0 01 0F 08 01 A0 05 
38336,9 rx src=FPKEAECEOPE len=14 F5 03 0E 00 06 14 0E C0 01 76 0C FF 8C 01 
38339,7 rx src=FPKEAECEOPE len=24 F5 03 18 00 01 1D 0D 40 03 99 01 08 0F 00 07 E0 00 C0 01 60 0F FF 40 00 
38355,3 rx src=FPKEAECEOPE len=14 F5 03 0E 00 03 9F 03 C0 01 37 05 F6 1F 02 
38355,3 rx src=FPKEAECEOPE len=14 F5 03 0E 00 02 1B 0E C0 01 4B 0E 09 89 01 
38367,7 tx hdr=0xF5 op=0x2D MOVE(x,y,z,rx,ry,state,tick) : 19,52 7 32,031 0,916 204,414 b5 i298502016
38367,9 rx src=FPKEAECEOPE len=14 F5 03 0E 00 00 1B 05 C0 01 0E 08 01 9C 05 
38372,2 rx src=FPKEAECEOPE len=14 F5 03 0E 00 07 E0 00 C0 01 60 0F FF 40 00 
38372,2 rx src=FPKEAECEOPE len=5 F5 04 05 00 00 
38396,6 rx src=FPKEAECEOPE len=14 F5 03 0E 00 06 0A 0E C0 01 57 0C FF 8C 01 
38403,8 rx src=FPKEAECEOPE len=24 F5 03 18 00 01 1D 0D 40 03 99 01 08 0E 00 03 8B 03 C0 01 23 05 F6 1F 02 
38411,2 rx src=FPKEAECEOPE len=24 F5 03 18 00 00 FE 04 C0 01 09 08 01 92 05 02 13 0E C0 01 2B 0E 09 89 01 
38411,2 rx src=FPKEAECEOPE len=13 F5 0A 0D 00 04 03 00 07 00 39 00 40 00 
38419,8 tx hdr=0xF5 op=0x2D MOVE(x,y,z,rx,ry,state,tick) : 19,065 7 31,89 0,922 203,195 b5 i298502068
38420,0 rx src=FPKEAECEOPE len=14 F5 03 0E 00 04 E0 00 C0 01 60 0E 04 40 01 
38425,6 rx src=FPKEAECEOPE len=14 F5 03 0E 00 07 E0 00 C0 01 60 0F FF 40 00 
38437,1 rx src=FPKEAECEOPE len=14 F5 03 0E 00 06 01 0E C0 01 38 0C FF 8C 01 
38454,5 rx src=FPKEAECEOPE len=14 F5 03 0E 00 01 1D 0D 40 03 99 01 08 0E 00 
38454,5 rx src=FPKEAECEOPE len=14 F5 03 0E 00 03 76 03 C0 01 0D 05 F6 1F 02 
38457,8 rx src=FPKEAECEOPE len=24 F5 03 18 00 00 E1 04 C0 01 02 08 00 91 05 02 0B 0E C0 01 0B 0E 09 89 01 
38470,7 tx hdr=0xF5 op=0x2D MOVE(x,y,z,rx,ry,state,tick) : 18,613 7 31,732 1,238 202,531 b5 i298502119
38471,1 # net: TcpClient.Connected = True
38471,1 rx src=FPKEAECEOPE len=14 F5 03 0E 00 07 E0 00 C0 01 60 0F FF 40 00 
38486,0 rx src=FPKEAECEOPE len=14 F5 03 0E 00 06 F7 0D C0 01 18 0C FF 8C 01 
38502,7 rx src=FPKEAECEOPE len=14 F5 03 0E 00 01 1D 0D 40 03 99 01 08 0E 00 
38507,9 rx src=FPKEAECEOPE len=24 F5 03 18 00 02 04 0E C0 01 EB 0D 09 89 01 03 60 03 C0 01 F7 04 F6 1F 02 
38519,9 tx hdr=0xF5 op=0x2D MOVE(x,y,z,rx,ry,state,tick) : 18,164 7 31,56 1,572 201,706 b5 i298502168
38525,0 tx hdr=0xF5 op=0x04 HIT_REPORT(pos,seq,hits[]) : 18,563 9,407 31,703 i298502173 b3 b1 14,202 9,076 20,734
38569,1 tx hdr=0xF5 op=0x2D MOVE(x,y,z,rx,ry,state,tick) : 17,717 7 31,377 1,209 200,864 b5 i298502217
38584,3 rx src=FPKEAECEOPE len=14 F5 03 0E 00 00 C4 04 C0 01 F8 07 00 90 05 
38584,3 rx src=FPKEAECEOPE len=14 F5 03 0E 00 07 E0 00 C0 01 60 0F FF 40 00 
38584,3 rx src=FPKEAECEOPE len=14 F5 03 0E 00 06 ED 0D C0 01 F9 0B FF 8B 01 
38584,3 rx src=FPKEAECEOPE len=34 F5 03 22 00 01 1D 0D 40 03 99 01 05 0A 00 02 FC 0D C0 01 CB 0D 09 89 01 03 4A 03 C0 01 E0 04 F7 1F 02 
38584,3 rx src=FPKEAECEOPE len=12 F5 34 0C 00 E7 C7 CA 11 41 C8 CA 11 
38584,3 rx src=FPKEAECEOPE len=24 F5 03 18 00 00 A7 04 C0 01 EE 07 00 90 05 06 E4 0D C0 01 DA 0B FF 8B 01 
38584,3 rx src=FPKEAECEOPE len=14 F5 03 0E 00 07 E0 00 C0 01 60 0F FF 40 00 
38614,6 tx hdr=0xF5 op=0x2D MOVE(x,y,z,rx,ry,state,tick) : 17,274 7 31,186 0,828 200,037 b5 i298502239
38615,0 rx src=FPKEAECEOPE len=34 F5 03 22 00 01 1D 0D 40 03 99 01 FD 02 00 02 F4 0D C0 01 AA 0D 09 89 01 03 33 03 C0 01 C8 04 F8 1F 02 
38619,5 rx src=FPKEAECEOPE len=14 F5 03 0E 00 07 E0 00 C0 01 60 0F FF 40 00 
38629,8 rx src=FPKEAECEOPE len=14 F5 03 0E 00 06 DB 0D C0 01 BA 0B FF 8A 01 
38657,3 rx src=FPKEAECEOPE len=24 F5 03 18 00 01 1D 0D 40 03 99 01 F7 FE 00 02 EC 0D C0 01 8A 0D 09 89 01 
38663,5 tx hdr=0xF5 op=0x2D MOVE(x,y,z,rx,ry,state,tick) : 16,833 7 30,987 0,89 199,244 b5 i298502288
38663,8 rx src=FPKEAECEOPE len=14 F5 03 0E 00 03 1C 03 C0 01 B1 04 F8 1F 02 
38670,6 rx src=FPKEAECEOPE len=7 F5 04 07 00 00 03 21 
38670,6 rx src=FPKEAECEOPE len=24 F5 03 18 00 00 8A 04 C0 01 E3 07 01 8F 05 07 E0 00 C0 01 60 0F FF 40 00 
38684,0 rx src=FPKEAECEOPE len=14 F5 03 0E 00 00 6D 04 C0 01 D8 07 00 8E 05 
38690,4 rx src=FPKEAECEOPE len=14 F5 03 0E 00 06 D2 0D C0 01 9B 0B FF 89 01 
38703,5 rx src=FPKEAECEOPE len=34 F5 03 22 00 01 1D 0D 40 03 99 01 F7 FE 00 02 E5 0D C0 01 6A 0D 09 89 01 03 05 03 C0 01 99 04 F8 1F 02 
38709,9 rx src=FPKEAECEOPE len=14 F5 03 0E 00 00 51 04 C0 01 CB 07 00 8E 05 
38718,8 tx hdr=0xF5 op=0x2D MOVE(x,y,z,rx,ry,state,tick) : 16,394 7 30,781 1,165 198,444 b5 i298502343
38719,1 rx src=FPKEAECEOPE len=14 F5 03 0E 00 07 ED 00 C0 01 60 0F 00 40 01 
38736,6 rx src=FPKEAECEOPE len=6 F5 0F 06 00 04 00 
38736,6 rx src=FPKEAECEOPE len=14 F5 03 0E 00 06 CB 0D C0 01 7B 0B 00 87 01 
38755,1 rx src=FPKEAECEOPE len=24 F5 03 18 00 01 1D 0D 40 03 99 01 F7 FE 00 04 E0 00 C0 01 60 0E 04 3F 00 
38755,1 rx src=FPKEAECEOPE len=24 F5 03 18 00 02 DD 0D C0 01 49 0D 09 89 01 03 EE 02 C0 01 81 04 FB 1E 02 
38757,4 rx src=FPKEAECEOPE len=14 F5 03 0E 00 00 35 04 C0 01 BF 07 00 8D 05 
38770,7 tx hdr=0xF5 op=0x2D MOVE(x,y,z,rx,ry,state,tick) : 15,959 7 30,568 1,472 197,753 b5 i298502395
38774,5 tx hdr=0xF5 op=0x04 HIT_REPORT(pos,seq,hits[]) : 16,32 9,391 30,75 i298502399 b3 b1 12,522 9,063 19,05
38790,4 rx src=FPKEAECEOPE len=14 F5 03 0E 00 07 E9 00 C0 01 56 0F 08 5F 01 
38800,4 rx src=FPKEAECEOPE len=24 F5 03 18 00 01 1D 0D 40 03 99 01 F7 FE 00 06 C4 0D C0 01 5B 0B 01 85 01 
38806,0 rx src=FPKEAECEOPE len=24 F5 03 18 00 02 D5 0D C0 01 29 0D 09 89 01 03 D9 02 C0 01 68 04 00 1B 02 
38806,0 rx src=FPKEAECEOPE len=14 F5 03 0E 00 04 E0 00 C0 01 60 0E 04 3F 00 
38815,2 tx hdr=0xF5 op=0x2D MOVE(x,y,z,rx,ry,state,tick) : 15,526 7 30,35 1,193 197,224 b5 i298502439
38815,5 rx src=FPKEAECEOPE len=14 F5 03 0E 00 00 19 04 C0 01 B1 07 00 8D 05 
38831,4 rx src=FPKEAECEOPE len=14 F5 03 0E 00 06 BF 0D C0 01 3B 0B 01 85 01 
38851,2 rx src=FPKEAECEOPE len=14 F5 03 0E 00 07 EF 00 C0 01 50 0F 09 7B 00 
38853,4 rx src=FPKEAECEOPE len=24 F5 03 18 00 01 1D 0D 40 03 99 01 F6 FE 00 02 CD 0D C0 01 09 0D 09 89 01 
38865,3 tx hdr=0xF5 op=0x2D MOVE(x,y,z,rx,ry,state,tick) : 15,096 7 30,127 0,789 196,495 b5 i298502490
38865,7 rx src=FPKEAECEOPE len=24 F5 03 18 00 03 CD 02 C0 01 4C 04 01 1A 06 04 E0 00 C0 01 60 0E 04 3F 00 
38865,7 rx src=FPKEAECEOPE len=7 F5 0B 07 00 03 00 01 
38866,0 rx src=FPKEAECEOPE len=8 F5 0C 08 00 00 03 00 01 
38866,2 rx src=FPKEAECEOPE len=10 F5 13 0A 00 03 01 02 00 07 00 
38866,2 rx src=FPKEAECEOPE len=10 F5 13 0A 00 00 00 05 00 2A 00 
38866,2 rx src=FPKEAECEOPE len=6 F5 15 06 00 01 0D 
38866,2 rx src=FPKEAECEOPE len=10 F5 13 0A 00 05 02 03 00 10 00 
38866,2 rx src=FPKEAECEOPE len=7 F5 04 07 00 00 03 11 
38866,2 rx src=FPKEAECEOPE len=14 F5 03 0E 00 00 FD 03 C0 01 A4 07 01 8C 05 
38881,6 rx src=FPKEAECEOPE len=14 F5 03 0E 00 07 F3 00 C0 01 4D 0F 09 82 00 
38886,8 rx src=FPKEAECEOPE len=14 F5 03 0E 00 06 BA 0D C0 01 1B 0B 01 84 01 
38910,3 rx src=FPKEAECEOPE len=24 F5 03 18 00 01 1D 0D 40 03 99 01 F6 FE 00 02 C6 0D C0 01 E8 0C 09 89 01 
38910,3 rx src=FPKEAECEOPE len=24 F5 03 18 00 00 E1 03 C0 01 96 07 00 8C 05 04 E0 00 C0 01 60 0E 04 3F 00 
38914,9 tx hdr=0xF5 op=0x2D MOVE(x,y,z,rx,ry,state,tick) : 14,669 7 29,897 0,93 195,595 b5 i298502539
38924,8 rx src=FPKEAECEOPE len=14 F5 03 0E 00 06 B6 0D C0 01 FB 0A 01 83 01 
38929,7 rx src=FPKEAECEOPE len=14 F5 03 0E 00 07 F5 00 C0 01 4A 0F 09 82 00 
38953,6 rx src=FPKEAECEOPE len=14 F5 03 0E 00 01 1D 0D 40 03 99 01 F5 FE 00 
38953,7 rx src=FPKEAECEOPE len=14 F5 03 0E 00 02 BE 0D C0 01 C8 0C 09 89 01 
38969,0 tx hdr=0xF5 op=0x2D MOVE(x,y,z,rx,ry,state,tick) : 14,36 7 29,573 1,244 195,595 b1 i298502593
38969,2 rx src=FPKEAECEOPE len=24 F5 03 18 00 00 C6 03 C0 01 88 07 00 8B 05 04 E0 00 C0 01 60 0E 04 3F 00 
38969,2 rx src=FPKEAECEOPE len=14 F5 03 0E 00 06 B4 0D C0 01 DA 0A 01 81 01 
38997,4 rx src=FPKEAECEOPE len=14 F5 03 0E 00 07 F6 00 C0 01 49 0F 09 82 00 
39001,6 rx src=FPKEAECEOPE len=14 F5 03 0E 00 01 1D 0D 40 03 99 01 F4 FE 00 
39001,6 rx src=FPKEAECEOPE len=14 F5 03 0E 00 02 B6 0D C0 01 A8 0C 09 89 01 
39011,5 rx src=FPKEAECEOPE len=24 F5 03 18 00 00 AA 03 C0 01 79 07 00 8B 05 04 E0 00 C0 01 60 0E 04 41 00 
39017,0 tx hdr=0xF5 op=0x2D MOVE(x,y,z,rx,ry,state,tick) : 14,124 7 29,191 1,529 195,445 b1 i298502641
39017,3 rx src=FPKEAECEOPE len=14 F5 03 0E 00 07 F7 00 C0 01 48 0F 09 84 00 
39024,5 rx src=FPKEAECEOPE len=14 F5 03 0E 00 06 B2 0D C0 01 BA 0A 01 80 01 
39051,9 rx src=FPKEAECEOPE len=14 F5 03 0E 00 01 1D 0D 40 03 99 01 F3 FE 00 
39051,9 rx src=FPKEAECEOPE len=5 F5 05 05 00 41 
39052,0 rx src=FPKEAECEOPE len=7 F5 04 07 00 03 00 40 
39056,9 rx src=FPKEAECEOPE len=14 F5 03 0E 00 02 AE 0D C0 01 87 0C 09 89 01 
39067,0 tx hdr=0xF5 op=0x2D MOVE(x,y,z,rx,ry,state,tick) : 13,93 7 28,775 1,797 195,445 b1 i298502691
39067,4 rx src=FPKEAECEOPE len=24 F5 03 18 00 00 97 03 C0 01 64 07 00 8B 01 04 E0 00 C0 01 60 0E 03 42 00 
39096,2 rx src=FPKEAECEOPE len=24 F5 03 18 00 06 B1 0D C0 01 99 0A 01 7F 01 07 F8 00 C0 01 48 0F 08 86 00 
39102,3 rx src=FPKEAECEOPE len=24 F5 03 18 00 01 1D 0D 40 03 99 01 F3 00 00 02 A7 0D C0 01 67 0C 09 89 01 
39111,5 rx src=FPKEAECEOPE len=24 F5 03 18 00 00 87 03 C0 01 4C 07 01 8A 01 04 E0 00 C0 01 60 0E 03 43 00 
39116,6 tx hdr=0xF5 op=0x2D MOVE(x,y,z,rx,ry,state,tick) : 13,762 7 28,339 1,854 195,445 b1 i298502741
39116,8 rx src=FPKEAECEOPE len=14 F5 03 0E 00 06 B1 0D C0 01 78 0A 01 7E 01 
39126,1 rx src=FPKEAECEOPE len=14 F5 03 0E 00 07 F8 00 C0 01 48 0F 08 86 00 
39150,0 rx src=FPKEAECEOPE len=14 F5 03 0E 00 01 1D 0D 40 03 99 01 F2 00 00 
39150,0 rx src=FPKEAECEOPE len=14 F5 03 0E 00 02 9F 0D C0 01 47 0C 09 89 01 
39150,0 rx src=FPKEAECEOPE len=5 F5 04 05 00 03 
39168,0 tx hdr=0xF5 op=0x2D MOVE(x,y,z,rx,ry,state,tick) : 13,612 7 27,889 1,874 194,845 b1 i298502792
39168,4 rx src=FPKEAECEOPE len=24 F5 03 18 00 00 7B 03 C0 01 31 07 01 8A 01 04 E0 00 C0 01 60 0E 03 43 00 
39215,1 tx hdr=0xF5 op=0x2D MOVE(x,y,z,rx,ry,state,tick) : 13,481 7 27,43 1,893 192,145 b1 i298502839
39248,6 rx src=FPKEAECEOPE len=14 F5 03 0E 00 07 F8 00 C0 01 48 0F 08 86 00 
39248,6 rx src=FPKEAECEOPE len=14 F5 03 0E 00 06 B2 0D C0 01 58 0A 02 7D 01 
39248,6 rx src=FPKEAECEOPE len=14 F5 03 0E 00 01 1D 0D 40 03 99 01 F1 04 00 
39248,6 rx src=FPKEAECEOPE len=14 F5 03 0E 00 02 97 0D C0 01 26 0C 09 89 01 
39248,6 rx src=FPKEAECEOPE len=24 F5 03 18 00 00 70 03 C0 01 15 07 01 8A 01 04 E0 00 C0 01 60 0E 03 43 00 
39248,6 rx src=FPKEAECEOPE len=14 F5 03 0E 00 07 F8 00 C0 01 48 0F 08 86 00 
39248,6 rx src=FPKEAECEOPE len=14 F5 03 0E 00 06 B3 0D C0 01 37 0A 02 7D 01 
39248,6 rx src=FPKEAECEOPE len=14 F5 03 0E 00 01 1D 0D 40 03 99 01 F1 08 00 
39263,5 tx hdr=0xF5 op=0x2D MOVE(x,y,z,rx,ry,state,tick) : 13,521 7 27,001 1,912 187,045 b9 i298502888
39263,8 rx src=FPKEAECEOPE len=14 F5 03 0E 00 02 8F 0D C0 01 06 0C 09 89 01 
39269,2 rx src=FPKEAECEOPE len=14 F5 03 0E 00 04 E0 00 C0 01 60 0E 03 43 00 
39277,4 rx src=FPKEAECEOPE len=14 F5 03 0E 00 07 F8 00 C0 01 48 0F 08 86 00 
39284,6 rx src=FPKEAECEOPE len=14 F5 03 0E 00 06 B5 0D C0 01 17 0A 02 7D 01 
39300,2 rx src=FPKEAECEOPE len=14 F5 03 0E 00 01 1D 0D 40 03 99 01 F1 0B 00 
39307,0 rx src=FPKEAECEOPE len=14 F5 03 0E 00 02 87 0D C0 01 E5 0B 09 89 01 
39316,3 tx hdr=0xF5 op=0x2D MOVE(x,y,z,rx,ry,state,tick) : 13,692 7 26,617 1,917 175,945 b9 i298502941
39316,5 rx src=FPKEAECEOPE len=14 F5 03 0E 00 04 E0 00 C0 01 60 0E 03 43 00 
39320,3 rx src=FPKEAECEOPE len=14 F5 03 0E 00 07 F8 00 C0 01 48 0F 08 86 00 
39335,3 rx src=FPKEAECEOPE len=14 F5 03 0E 00 00 67 03 C0 01 F8 06 01 8A 01 
39345,3 rx src=FPKEAECEOPE len=24 F5 03 18 00 00 5E 03 C0 01 DB 06 01 88 01 01 1D 0D 40 03 99 01 F0 0C 00 
39352,9 rx src=FPKEAECEOPE len=34 F5 03 22 00 02 80 0D C0 01 C5 0B 09 89 01 04 E0 00 C0 01 60 0E 02 43 00 06 B6 0D C0 01 F6 09 02 7D 01 
39360,1 rx src=FPKEAECEOPE len=14 F5 03 0E 00 00 61 03 C0 01 C0 06 01 85 09 
39368,8 tx hdr=0xF5 op=0x2D MOVE(x,y,z,rx,ry,state,tick) : 13,976 7 26,317 1,917 156,145 b9 i298502993
39385,5 rx src=FPKEAECEOPE len=14 F5 03 0E 00 07 F8 00 C0 01 48 0F 08 86 00 
39389,1 rx src=FPKEAECEOPE len=14 F5 03 0E 00 06 B9 0D C0 01 D6 09 02 7B 01 
39400,2 rx src=FPKEAECEOPE len=24 F5 03 18 00 01 1D 0D 40 03 99 01 EE 0B 00 02 78 0D C0 01 A5 0B 09 89 01 
39406,4 rx src=FPKEAECEOPE len=24 F5 03 18 00 00 6C 03 C0 01 A7 06 01 7D 09 04 E0 00 C0 01 60 0E 02 43 00 
39415,0 tx hdr=0xF5 op=0x2D MOVE(x,y,z,rx,ry,state,tick) : 14,293 7 26,262 1,917 139,495 b8 i298503039
39429,9 rx src=FPKEAECEOPE len=14 F5 03 0E 00 06 BB 0D C0 01 B5 09 02 7B 01 
39444,6 rx src=FPKEAECEOPE len=10 F5 14 0A 00 0D 00 0F 00 22 01 
39452,0 rx src=FPKEAECEOPE len=14 F5 03 0E 00 07 F8 00 C0 01 48 0F 07 8B 00 
39452,0 rx src=FPKEAECEOPE len=24 F5 03 18 00 01 1D 0D 40 03 99 01 EB 04 00 02 70 0D C0 01 84 0B 09 89 01 
39467,3 tx hdr=0xF5 op=0x2D MOVE(x,y,z,rx,ry,state,tick) : 14,619 7 26,369 1,917 134,095 b8 i298503092
39467,6 rx src=FPKEAECEOPE len=14 F5 03 0E 00 00 7E 03 C0 01 94 06 01 6F 09 
39472,1 rx src=FPKEAECEOPE len=24 F5 03 18 00 04 E0 00 C0 01 60 0E 02 43 00 06 BF 0D C0 01 95 09 02 7A 01 
39487,9 rx src=FPKEAECEOPE len=14 F5 03 0E 00 07 F8 00 C0 01 48 0F 06 8C 00 
39501,4 rx src=FPKEAECEOPE len=14 F5 03 0E 00 01 1D 0D 40 03 99 01 E9 FD 00 
39511,0 rx src=FPKEAECEOPE len=24 F5 03 18 00 00 92 03 C0 01 90 06 01 63 08 02 68 0D C0 01 64 0B 09 89 01 
39515,5 tx hdr=0xF5 op=0x2D MOVE(x,y,z,rx,ry,state,tick) : 14,948 7 26,573 1,917 133,795 b8 i298503140
39526,0 rx src=FPKEAECEOPE len=14 F5 03 0E 00 07 F3 00 C0 01 3B 0F 06 8D 01 
39534,1 rx src=FPKEAECEOPE len=14 F5 03 0E 00 04 ED 00 C0 01 5F 0E 01 41 01 
39540,3 rx src=FPKEAECEOPE len=14 F5 03 0E 00 06 C3 0D C0 01 74 09 02 7A 01 
39550,7 rx src=FPKEAECEOPE len=14 F5 03 0E 00 01 1D 0D 40 03 99 01 E4 F6 00 
39555,9 rx src=FPKEAECEOPE len=14 F5 03 0E 00 02 61 0D C0 01 44 0B 09 89 01 
39555,9 rx src=FPKEAECEOPE len=12 F5 34 0C 00 B4 CB CA 11 26 CC CA 11 
39566,9 tx hdr=0xF5 op=0x2D MOVE(x,y,z,rx,ry,state,tick) : 15,278 7 26,838 1,917 132,895 b8 i298503216
39567,0 rx src=FPKEAECEOPE len=24 F5 03 18 00 00 A7 03 C0 01 97 06 01 5F 08 04 03 01 C0 01 5F 0E 01 40 01 
39582,9 rx src=FPKEAECEOPE len=14 F5 03 0E 00 06 C7 0D C0 01 54 09 02 7A 01 
39588,5 rx src=FPKEAECEOPE len=14 F5 03 0E 00 07 EC 00 C0 01 26 0F 06 8D 01 
39601,9 rx src=FPKEAECEOPE len=14 F5 03 0E 00 01 1D 0D 40 03 99 01 E0 F2 00 
39617,6 tx hdr=0xF5 op=0x2D MOVE(x,y,z,rx,ry,state,tick) : 15,604 7 27,142 1,917 131,395 b8 i298503267
39617,9 rx src=FPKEAECEOPE len=34 F5 03 22 00 00 BC 03 C0 01 A4 06 01 5F 08 02 59 0D C0 01 23 0B 09 89 01 04 1F 01 C0 01 5F 0E 01 3E 01 
39617,9 rx src=FPKEAECEOPE len=13 F5 0A 0D 00 05 07 00 07 00 37 00 40 00 
39618,1 rx src=FPKEAECEOPE len=14 F5 03 0E 00 05 E0 01 C0 01 E0 0D 04 40 01 
39637,3 rx src=FPKEAECEOPE len=14 F5 03 0E 00 07 E2 00 C0 01 0D 0F 06 8F 01 
39649,1 rx src=FPKEAECEOPE len=14 F5 03 0E 00 01 1D 0D 40 03 99 01 DC EF 00 
39664,7 tx hdr=0xF5 op=0x2D MOVE(x,y,z,rx,ry,state,tick) : 15,923 7 27,474 1,467 129,445 b8 i298503314
39664,9 rx src=FPKEAECEOPE len=24 F5 03 18 00 00 D1 03 C0 01 B5 06 01 5E 08 02 51 0D C0 01 03 0B 09 89 01 
39678,7 rx src=FPKEAECEOPE len=14 F5 03 0E 00 06 CB 0D C0 01 33 09 02 7A 01 
39678,7 rx src=FPKEAECEOPE len=24 F5 03 18 00 04 3D 01 C0 01 5F 0E 01 3E 01 07 D6 00 C0 01 F1 0E 06 94 01 
39699,9 rx src=FPKEAECEOPE len=14 F5 03 0E 00 01 1D 0D 40 03 99 01 D7 EE 00 
39709,0 rx src=FPKEAECEOPE len=14 F5 03 0E 00 06 D0 0D C0 01 13 09 02 7A 01 
39714,7 tx hdr=0xF5 op=0x2D MOVE(x,y,z,rx,ry,state,tick) : 16,239 7 27,823 0,267 129,745 b8 i298503364
39715,0 rx src=FPKEAECEOPE len=34 F5 03 22 00 00 E6 03 C0 01 C9 06 01 5D 08 02 49 0D C0 01 E3 0A 09 89 01 04 5C 01 C0 01 60 0E 01 3E 01 
39723,2 rx src=FPKEAECEOPE len=14 F5 03 0E 00 07 C8 00 C0 01 D5 0E 06 95 01 
39736,4 rx src=FPKEAECEOPE len=14 F5 03 0E 00 06 D4 0D C0 01 F3 08 02 7A 01 
39748,9 rx src=FPKEAECEOPE len=14 F5 03 0E 00 01 1D 0D 40 03 99 01 D3 EF 00 
39764,2 tx hdr=0xF5 op=0x2D MOVE(x,y,z,rx,ry,state,tick) : 16,573 7 28,161 350,517 138,145 b8 i298503414
39764,5 rx src=FPKEAECEOPE len=24 F5 03 18 00 00 FB 03 C0 01 DE 06 01 5C 08 02 45 0D C0 01 CF 0A 09 89 00 
39764,5 rx src=FPKEAECEOPE len=14 F5 03 0E 00 04 7D 01 C0 01 62 0E 01 3E 01 
39780,7 rx src=FPKEAECEOPE len=14 F5 03 0E 00 07 B8 00 C0 01 B8 0E 06 95 01 
39795,5 rx src=FPKEAECEOPE len=14 F5 03 0E 00 06 D9 0D C0 01 D2 08 02 7A 01 
39800,7 rx src=FPKEAECEOPE len=14 F5 03 0E 00 01 1D 0D 40 03 99 01 D1 EF 00 
39810,2 rx src=FPKEAECEOPE len=34 F5 03 22 00 00 0F 04 C0 01 F4 06 00 5C 08 02 42 0D C0 01 C4 0A 07 96 00 04 9F 01 C0 01 63 0E 01 3E 01 
39815,3 tx hdr=0xF5 op=0x2D MOVE(x,y,z,rx,ry,state,tick) : 16,963 7 28,404 330,117 168,295 b8 i298503465
39815,6 rx src=FPKEAECEOPE len=24 F5 03 18 00 06 DD 0D C0 01 B2 08 02 7A 01 07 A8 00 C0 01 9B 0E 06 95 01 
39864,3 tx hdr=0xF5 op=0x2D MOVE(x,y,z,rx,ry,state,tick) : 17,388 7 28,515 322,917 190,345 b8 i298503514
39899,1 rx src=FPKEAECEOPE len=14 F5 03 0E 00 01 1D 0D 40 03 99 01 D0 EF 00 
39899,1 rx src=FPKEAECEOPE len=14 F5 03 0E 00 02 40 0D C0 01 BD 0A 06 9F 00 
39899,2 rx src=FPKEAECEOPE len=24 F5 03 18 00 00 24 04 C0 01 0A 07 F9 62 08 04 C1 01 C0 01 64 0E 01 3F 01 
39899,2 rx src=FPKEAECEOPE len=24 F5 03 18 00 06 E2 0D C0 01 92 08 02 7A 01 07 97 00 C0 01 7D 0E 06 95 01 
39899,2 rx src=FPKEAECEOPE len=14 F5 03 0E 00 01 1D 0D 40 03 99 01 CF EF 00 
39907,4 rx src=FPKEAECEOPE len=34 F5 03 22 00 00 3D 04 C0 01 19 07 EA 77 08 02 47 0D C0 01 AE 0A 06 A5 08 04 E3 01 C0 01 64 0E 01 43 01 
39920,4 tx hdr=0xF5 op=0x2D MOVE(x,y,z,rx,ry,state,tick) : 17,819 7 28,662 323,367 200,245 b10 i298503570
39920,7 rx src=FPKEAECEOPE len=14 F5 03 0E 00 06 E6 0D C0 01 72 08 02 79 01 
39934,9 rx src=FPKEAECEOPE len=14 F5 03 0E 00 07 86 00 C0 01 5F 0E 06 95 01 
39948,5 rx src=FPKEAECEOPE len=14 F5 03 0E 00 01 1D 0D 40 03 99 01 CF F0 00 
39960,8 rx src=FPKEAECEOPE len=14 F5 03 0E 00 02 4F 0D C0 01 98 0A 06 B3 08 
39967,2 tx hdr=0xF5 op=0x2D MOVE(x,y,z,rx,ry,state,tick) : 18,26 7 28,818 325,167 204,745 b10 i298503617
39967,5 rx src=FPKEAECEOPE len=14 F5 03 0E 00 04 05 02 C0 01 60 0E 01 4B 01 
39980,6 rx src=FPKEAECEOPE len=24 F5 03 18 00 06 EB 0D C0 01 51 08 02 79 01 07 75 00 C0 01 42 0E 06 95 01 
39980,6 rx src=FPKEAECEOPE len=6 F5 0F 06 00 05 00 
39998,8 rx src=FPKEAECEOPE len=24 F5 03 18 00 00 58 04 C0 01 20 07 E5 87 08 01 1D 0D 40 03 99 01 CE F1 00 
40007,1 rx src=FPKEAECEOPE len=14 F5 03 0E 00 02 58 0D C0 01 7E 0A 06 B3 08 
40010,7 rx src=FPKEAECEOPE len=24 F5 03 18 00 00 74 04 C0 01 2A 07 E5 8E 0A 04 25 02 C0 01 57 0E 01 52 01 
40020,1 tx hdr=0xF5 op=0x2D MOVE(x,y,z,rx,ry,state,tick) : 18,712 7 28,961 326,967 210,145 b10 i298503670
40035,5 rx src=FPKEAECEOPE len=24 F5 03 18 00 05 CF 01 C0 01 CA 0D 02 40 00 06 F1 0D C0 01 31 08 02 78 01 
40052,3 rx src=FPKEAECEOPE len=24 F5 03 18 00 01 1D 0D 40 03 99 01 CD F5 00 07 64 00 C0 01 24 0E 06 95 01 
40052,3 rx src=FPKEAECEOPE len=14 F5 03 0E 00 02 62 0D C0 01 62 0A 06 B3 08 
40065,8 tx hdr=0xF5 op=0x2D MOVE(x,y,z,rx,ry,state,tick) : 19,086 7 29,211 327,417 212,245 b2 i298503715
40066,1 rx src=FPKEAECEOPE len=24 F5 03 18 00 00 90 04 C0 01 34 07 E7 91 0A 04 45 02 C0 01 4C 0E 02 53 01 
40081,9 rx src=FPKEAECEOPE len=24 F5 03 18 00 06 F6 0D C0 01 11 08 02 78 01 07 51 00 C0 01 07 0E 07 9B 01 
40100,0 rx src=FPKEAECEOPE len=24 F5 03 18 00 01 1D 0D 40 03 99 01 CB FF 00 05 D8 01 C0 01 D1 0D 02 40 00 
40109,4 rx src=FPKEAECEOPE len=14 F5 03 0E 00 02 6C 0D C0 01 45 0A 05 B3 08 
40115,8 tx hdr=0xF5 op=0x2D MOVE(x,y,z,rx,ry,state,tick) : 19,415 7 29,525 327,567 212,545 b2 i298503765
40116,0 rx src=FPKEAECEOPE len=34 F5 03 22 00 00 AD 04 C0 01 3D 07 E8 95 0A 04 65 02 C0 01 3E 0E 02 53 01 05 DE 01 C0 01 D5 0D 02 40 00 
40128,1 rx src=FPKEAECEOPE len=14 F5 03 0E 00 06 FB 0D C0 01 F1 07 02 78 01 
40139,9 rx src=FPKEAECEOPE len=14 F5 03 0E 00 07 3B 00 C0 01 ED 0D 09 A3 01 
40153,8 rx src=FPKEAECEOPE len=14 F5 03 0E 00 01 1D 0D 40 03 99 01 C7 08 00 
40157,0 rx src=FPKEAECEOPE len=24 F5 03 18 00 00 C5 04 C0 01 4D 07 E8 96 02 02 76 0D C0 01 27 0A 02 B2 08 
40168,4 tx hdr=0xF5 op=0x2D MOVE(x,y,z,rx,ry,state,tick) : 19,726 7 29,87 331,317 215,695 b2 i298503818
40168,6 rx src=FPKEAECEOPE len=14 F5 03 0E 00 04 84 02 C0 01 30 0E 02 53 01 
40181,5 rx src=FPKEAECEOPE len=14 F5 03 0E 00 05 E1 01 C0 01 D7 0D 02 40 00 
40181,5 rx src=FPKEAECEOPE len=24 F5 03 18 00 06 01 0E C0 01 D1 07 02 78 01 07 23 00 C0 01 ED 0D 09 A3 01 
40199,0 rx src=FPKEAECEOPE len=14 F5 03 0E 00 01 1D 0D 40 03 99 01 C6 0B 00 
40207,3 rx src=FPKEAECEOPE len=24 F5 03 18 00 00 DA 04 C0 01 61 07 E8 97 02 02 81 0D C0 01 08 0A 01 B1 08 
40220,1 tx hdr=0xF5 op=0x2D MOVE(x,y,z,rx,ry,state,tick) : 20,037 7 30,226 335,067 220,045 b2 i298503870
40223,9 rx src=FPKEAECEOPE len=34 F5 03 22 00 04 A3 02 C0 01 21 0E 02 53 01 05 E3 01 C0 01 D8 0D 02 40 00 07 20 00 C0 01 ED 0D 09 A4 01 
40234,5 rx src=FPKEAECEOPE len=14 F5 03 0E 00 06 07 0E C0 01 B0 07 02 78 01 
40248,9 rx src=FPKEAECEOPE len=14 F5 03 0E 00 01 1D 0D 40 03 99 01 C5 0B 00 
40263,0 rx src=FPKEAECEOPE len=24 F5 03 18 00 00 EE 04 C0 01 77 07 EB 99 02 02 8B 0D C0 01 E9 09 FF B3 08 
40266,9 tx hdr=0xF5 op=0x2D MOVE(x,y,z,rx,ry,state,tick) : 20,369 7 30,569 340,917 228,145 b2 i298503916
40277,3 rx src=FPKEAECEOPE len=24 F5 03 18 00 04 C2 02 C0 01 12 0E 02 53 01 05 E4 01 C0 01 D9 0D 02 40 00 
40282,7 rx src=FPKEAECEOPE len=14 F5 03 0E 00 06 0C 0E C0 01 90 07 02 78 01 
40293,2 rx src=FPKEAECEOPE len=14 F5 03 0E 00 07 20 00 C0 01 ED 0D 09 A4 01 
40307,0 rx src=FPKEAECEOPE len=14 F5 03 0E 00 01 1D 0D 40 03 99 01 C5 0B 00 
40307,1 rx src=FPKEAECEOPE len=14 F5 03 0E 00 02 95 0D C0 01 C9 09 FF B4 08 
40314,2 tx hdr=0xF5 op=0x2D MOVE(x,y,z,rx,ry,state,tick) : 20,604 7 30,966 344,217 235,795 b6 i298503964
40314,4 rx src=FPKEAECEOPE len=14 F5 03 0E 00 00 02 05 C0 01 8E 07 EE 9C 02 
40320,4 rx src=FPKEAECEOPE len=14 F5 03 0E 00 07 20 00 C0 01 ED 0D 09 A4 01 
40327,3 rx src=FPKEAECEOPE len=14 F5 03 0E 00 06 12 0E C0 01 70 07 02 78 01 
40340,1 rx src=FPKEAECEOPE len=14 F5 03 0E 00 04 E1 02 C0 01 03 0E 02 53 01 
40348,1 rx src=FPKEAECEOPE len=14 F5 03 0E 00 05 E5 01 C0 01 DA 0D 02 40 00 
40360,3 rx src=FPKEAECEOPE len=44 F5 03 2C 00 00 17 05 C0 01 A4 07 F2 A2 02 01 1D 0D 40 03 99 01 C5 0B 00 02 9B 0D C0 01 B7 09 FF B5 00 04 00 03 C0 01 F3 0D 02 53 01 
40366,5 tx hdr=0xF5 op=0x2D MOVE(x,y,z,rx,ry,state,tick) : 20,797 7 31,39 346,767 240,595 b6 i298504016
40372,1 rx src=FPKEAECEOPE len=24 F5 03 18 00 05 E5 01 C0 01 DA 0D 02 40 00 07 20 00 C0 01 ED 0D 09 A4 01 
40383,9 rx src=FPKEAECEOPE len=14 F5 03 0E 00 06 17 0E C0 01 50 07 02 78 01 
40397,3 rx src=FPKEAECEOPE len=14 F5 03 0E 00 01 1D 0D 40 03 99 01 C5 0B 00 
40397,3 rx src=FPKEAECEOPE len=40 F5 19 28 00 2D 08 36 2D 09 36 2D 0A 36 2E 08 34 2E 08 35 2E 08 36 2E 09 34 2E 09 35 2E 09 36 2E 0A 34 2E 0A 35 2E 0A 36 
40398,7 rx src=FPKEAECEOPE len=20 F5 18 14 00 17 02 00 00 17 99 37 42 6D 34 10 41 16 99 57 42 
40398,8 rx src=FPKEAECEOPE len=12 F5 07 0C 00 34 00 10 00 06 00 00 28 
40413,5 rx src=FPKEAECEOPE len=24 F5 03 18 00 00 26 05 C0 01 BD 07 F4 A7 06 02 9F 0D C0 01 AB 09 FF B6 00 
40416,4 tx hdr=0xF5 op=0x2D MOVE(x,y,z,rx,ry,state,tick) : 20,978 7 31,828 349,317 244,645 b6 i298504066
40426,5 rx src=FPKEAECEOPE len=14 F5 03 0E 00 05 E5 01 C0 01 DA 0D 02 40 00 
40431,1 rx src=FPKEAECEOPE len=24 F5 03 18 00 06 1D 0E C0 01 30 07 02 78 01 07 20 00 C0 01 ED 0D 09 9A 01 
40453,8 rx src=FPKEAECEOPE len=24 F5 03 18 00 01 1D 0D 40 03 99 01 C5 0B 00 04 1F 03 C0 01 E4 0D 01 52 01 
40460,5 rx src=FPKEAECEOPE len=24 F5 03 18 00 00 32 05 C0 01 D8 07 F6 AB 06 02 A1 0D C0 01 A5 09 00 BC 00 
40466,4 tx hdr=0xF5 op=0x2D MOVE(x,y,z,rx,ry,state,tick) : 21,154 7 32,272 349,917 245,245 b6 i298504116
40480,9 rx src=FPKEAECEOPE len=14 F5 03 0E 00 06 23 0E C0 01 10 07 02 78 01 
40498,0 rx src=FPKEAECEOPE len=24 F5 03 18 00 05 E5 01 C0 01 DA 0D 02 40 00 07 20 00 C0 01 ED 0D 09 89 01 
40514,4 tx hdr=0xF5 op=0x2D MOVE(x,y,z,rx,ry,state,tick) : 21,326 7 32,721 350,817 245,245 b6 i298504164
40564,4 tx hdr=0xF5 op=0x2D MOVE(x,y,z,rx,ry,state,tick) : 21,496 7 33,173 352,317 244,795 b6 i298504214
40564,6 rx src=FPKEAECEOPE len=14 F5 03 0E 00 01 1D 0D 40 03 99 01 C5 0B 00 
40564,6 rx src=FPKEAECEOPE len=14 F5 03 0E 00 02 A2 0D C0 01 A0 09 00 BD 00 
40564,6 rx src=FPKEAECEOPE len=14 F5 03 0E 00 00 3E 05 C0 01 F4 07 F8 AD 06 
40564,6 rx src=FPKEAECEOPE len=44 F5 03 2C 00 04 3E 03 C0 01 D5 0D FC 50 01 05 E5 01 C0 01 DA 0D 02 40 00 06 28 0E C0 01 EF 06 02 78 01 07 20 00 C0 01 ED 0D 09 74 01 
40564,6 rx src=FPKEAECEOPE len=14 F5 03 0E 00 01 1D 0D 40 03 99 01 C5 0B 00 
40564,6 rx src=FPKEAECEOPE len=24 F5 03 18 00 02 A4 0D C0 01 91 09 00 BE 08 04 5D 03 C0 01 C7 0D FC 50 01 
40564,6 rx src=FPKEAECEOPE len=12 F5 34 0C 00 B4 CF CA 11 0E D0 CA 11 
40564,6 rx src=FPKEAECEOPE len=14 F5 03 0E 00 00 49 05 C0 01 11 08 F8 AE 06 
40581,2 rx src=FPKEAECEOPE len=14 F5 03 0E 00 06 2E 0E C0 01 CF 06 02 78 01 
40588,2 rx src=FPKEAECEOPE len=14 F5 03 0E 00 07 27 00 C0 01 ED 0D 09 58 01 
40593,0 rx src=FPKEAECEOPE len=14 F5 03 0E 00 05 E5 01 C0 01 DA 0D 02 40 00 
40606,2 rx src=FPKEAECEOPE len=24 F5 03 18 00 01 1D 0D 40 03 99 01 C5 0B 00 05 E5 01 C0 01 DA 0D 02 40 00 
40616,4 tx hdr=0xF5 op=0x2D MOVE(x,y,z,rx,ry,state,tick) : 21,662 7 33,627 353,967 244,345 b6 i298504257
40616,9 rx src=FPKEAECEOPE len=14 F5 03 0E 00 02 A5 0D C0 01 7A 09 01 BF 08 
40620,2 rx src=FPKEAECEOPE len=24 F5 03 18 00 04 7D 03 C0 01 B9 0D FC 50 01 07 38 00 C0 01 ED 0D 09 4E 01 
40633,3 rx src=FPKEAECEOPE len=14 F5 03 0E 00 06 33 0E C0 01 AF 06 02 78 01 
40648,1 rx src=FPKEAECEOPE len=14 F5 03 0E 00 01 1D 0D 40 03 99 01 C5 0B 00 
40663,2 rx src=FPKEAECEOPE len=24 F5 03 18 00 02 A5 0D C0 01 6C 09 01 BF 00 04 9D 03 C0 01 AC 0D FD 50 01 
40667,8 tx hdr=0xF5 op=0x2D MOVE(x,y,z,rx,ry,state,tick) : 21,821 7 34,084 356,517 242,995 b6 i298504309
40668,1 rx src=FPKEAECEOPE len=14 F5 03 0E 00 05 E5 01 C0 01 DA 0D 02 40 00 
40693,0 rx src=FPKEAECEOPE len=14 F5 03 0E 00 06 39 0E C0 01 8F 06 02 78 01 
40693,1 rx src=FPKEAECEOPE len=14 F5 03 0E 00 07 50 00 C0 01 DC 0D 09 4D 01 
40707,0 rx src=FPKEAECEOPE len=14 F5 03 0E 00 01 1D 0D 40 03 99 01 C5 0B 00 
40707,0 rx src=FPKEAECEOPE len=24 F5 03 18 00 02 A5 0D C0 01 64 09 01 BF 00 05 E5 01 C0 01 DA 0D 02 40 00 
40719,8 tx hdr=0xF5 op=0x2D MOVE(x,y,z,rx,ry,state,tick) : 21,969 7 34,545 359,367 240,745 b6 i298504361
40720,1 rx src=FPKEAECEOPE len=14 F5 03 0E 00 04 BD 03 C0 01 9E 0D FE 50 01 
40737,0 rx src=FPKEAECEOPE len=14 F5 03 0E 00 06 3F 0E C0 01 6F 06 02 78 01 
40748,0 rx src=FPKEAECEOPE len=24 F5 03 18 00 01 1D 0D 40 03 99 01 C8 0B 00 07 69 00 C0 01 DC 0D 0C 5C 01 
40761,4 rx src=FPKEAECEOPE len=14 F5 03 0E 00 05 E5 01 C0 01 DA 0D 05 47 00 
40765,6 tx hdr=0xF5 op=0x2D MOVE(x,y,z,rx,ry,state,tick) : 22,22 7 34,928 1,317 236,545 b2 i298504406
40765,8 rx src=FPKEAECEOPE len=24 F5 03 18 00 02 A6 0D C0 01 5F 09 00 BC 00 04 DC 03 C0 01 90 0D FE 50 01 
40780,1 rx src=FPKEAECEOPE len=14 F5 03 0E 00 07 7D 00 C0 01 DC 0D 0F 6E 01 
40794,9 rx src=FPKEAECEOPE len=24 F5 03 18 00 00 74 05 C0 01 85 08 FD AC 06 06 44 0E C0 01 4F 06 02 78 01 
40802,2 rx src=FPKEAECEOPE len=14 F5 03 0E 00 01 1D 0D 40 03 99 01 CA 0C 00 
40807,8 rx src=FPKEAECEOPE len=24 F5 03 18 00 02 A6 0D C0 01 5C 09 FF B8 00 05 F1 01 C0 01 D5 0D 06 4F 01 
40807,8 rx src=FPKEAECEOPE len=6 F5 0F 06 00 04 02 
40816,3 tx hdr=0xF5 op=0x2D MOVE(x,y,z,rx,ry,state,tick) : 22,565 7 35,156 3,267 225,745 b10 i298504457
40816,6 rx src=FPKEAECEOPE len=14 F5 03 0E 00 00 7E 05 C0 01 A2 08 FF AB 06 
40820,4 rx src=FPKEAECEOPE len=24 F5 03 18 00 04 FD 03 C0 01 82 0D FE 50 01 07 80 00 C0 01 DC 0D 16 9E 01 
40848,5 rx src=FPKEAECEOPE len=14 F5 03 0E 00 06 4A 0E C0 01 2F 06 02 78 01 
40848,5 rx src=FPKEAECEOPE len=24 F5 03 18 00 01 1D 0D 40 03 99 01 CA 0D 00 05 04 02 C0 01 CD 0D 06 4F 01 
40863,8 tx hdr=0xF5 op=0x2D MOVE(x,y,z,rx,ry,state,tick) : 22,962 7 35,328 3,267 214,345 b10 i298504505
40864,2 rx src=FPKEAECEOPE len=24 F5 03 18 00 00 8E 05 C0 01 BB 08 00 A8 02 02 A6 0D C0 01 5B 09 FF B8 00 
40864,3 rx src=FPKEAECEOPE len=14 F5 03 0E 00 04 1D 04 C0 01 74 0D FE 50 01 
40864,3 rx src=FPKEAECEOPE len=156 F5 0E 9C 00 03 02 94 00 73 76 39 38 6D 00 53 56 2D 39 38 4D 00 00 0B 04 00 00 00 1F 00 63 6F 6C 74 5F 61 6E 61 63 6F 6E 64 61 00 43 6F 6C 74 20 41 6E 61 63 6F 6E 64 61 00 01 07 04 00 00 00 6A 00 6B 61 72 61 6D 62 69 74 5F 67 6F 6C 64 00 D0 9A D0 B5 D1 80 D0 B0 D0 BC D0 B1 D0 B8 D1 82 00 
40864,3 rx src=FPKEAECEOPE len=13 F5 0A 0D 00 03 10 00 07 00 3A 00 80 02 
40905,5 rx src=FPKEAECEOPE len=14 F5 03 0E 00 03 20 04 C0 01 A0 0E 01 80 06 
40905,6 rx src=FPKEAECEOPE len=14 F5 03 0E 00 07 75 00 C0 01 DC 0D 17 B5 01 
40905,6 rx src=FPKEAECEOPE len=14 F5 03 0E 00 01 1D 0D 40 03 99 01 CA 0D 00 
40905,6 rx src=FPKEAECEOPE len=24 F5 03 18 00 05 1B 02 C0 01 C4 0D 07 50 01 06 4F 0E C0 01 0E 06 02 78 01 
40915,0 tx hdr=0xF5 op=0x2D MOVE(x,y,z,rx,ry,state,tick) : 23,386 7 35,489 3,267 207,745 b10 i298504556
40915,3 rx src=FPKEAECEOPE len=34 F5 03 22 00 00 A4 05 C0 01 C9 08 02 A0 0A 02 A6 0D C0 01 59 09 FF B8 00 04 3D 04 C0 01 66 0D FF 51 01 
40931,0 rx src=FPKEAECEOPE len=24 F5 03 18 00 06 55 0E C0 01 EE 05 02 78 01 07 60 00 C0 01 DC 0D 17 BC 01 
40948,8 rx src=FPKEAECEOPE len=14 F5 03 0E 00 01 1D 0D 40 03 99 01 CA 0D 00 
40948,8 rx src=FPKEAECEOPE len=6 F5 0F 06 00 05 02 
40957,7 rx src=FPKEAECEOPE len=44 F5 03 2C 00 00 BD 05 C0 01 D5 08 02 98 0A 02 A6 0D C0 01 59 09 FF B8 00 04 5D 04 C0 01 57 0D 00 55 01 05 39 02 C0 01 BA 0D 07 4A 01 
40972,5 tx hdr=0xF5 op=0x2D MOVE(x,y,z,rx,ry,state,tick) : 23,824 7 35,647 3,267 206,545 b10 i298504613
41002,2 rx src=FPKEAECEOPE len=34 F5 03 22 00 01 1D 0D 40 03 99 01 CF 0E 00 06 5B 0E 00 02 CE 05 02 79 01 07 46 00 C0 01 DC 0D 17 C6 01 
41002,2 rx src=FPKEAECEOPE len=14 F5 03 0E 00 05 5A 02 C0 01 B1 0D 07 47 01 
41016,0 tx hdr=0xF5 op=0x2D MOVE(x,y,z,rx,ry,state,tick) : 24,269 7 35,809 2,517 204,745 b10 i298504657
41016,3 rx src=FPKEAECEOPE len=34 F5 03 22 00 00 D8 05 C0 01 DF 08 02 93 0A 02 A6 0D C0 01 59 09 00 B8 00 04 5D 04 C0 01 42 0D 01 64 01 
41031,4 rx src=FPKEAECEOPE len=14 F5 03 0E 00 06 60 0E 00 02 AE 05 02 79 01 
41031,4 rx src=FPKEAECEOPE len=14 F5 03 0E 00 07 29 00 C0 01 DE 0D 17 CD 01 
41050,2 rx src=FPKEAECEOPE len=14 F5 03 0E 00 01 1D 0D 40 03 99 01 DD 0E 00 
41061,9 rx src=FPKEAECEOPE len=14 F5 03 0E 00 05 7C 02 C0 01 AA 0D 08 42 01 
41065,4 tx hdr=0xF5 op=0x2D MOVE(x,y,z,rx,ry,state,tick) : 24,716 7 35,979 2,367 202,945 b10 i298504706
41065,6 rx src=FPKEAECEOPE len=34 F5 03 22 00 00 F4 05 C0 01 E9 08 02 92 0A 02 A6 0D C0 01 59 09 00 B9 00 04 5D 04 C0 01 29 0D 01 74 01 
41076,3 rx src=FPKEAECEOPE len=14 F5 03 0E 00 06 65 0E 40 02 8E 05 02 79 01 
41096,0 rx src=FPKEAECEOPE len=14 F5 03 0E 00 07 20 00 C0 01 E3 0D 17 CD 01 
41105,3 rx src=FPKEAECEOPE len=14 F5 03 0E 00 01 1D 0D 40 03 99 01 ED 0D 00 
41112,4 rx src=FPKEAECEOPE len=34 F5 03 22 00 00 11 06 C0 01 F3 08 01 91 0A 02 A6 0D C0 01 59 09 01 BA 00 04 5D 04 C0 01 0B 0D 01 7E 01 
41116,3 tx hdr=0xF5 op=0x2D MOVE(x,y,z,rx,ry,state,tick) : 25,165 7 36,011 1,917 201,145 b8 i298504757
41130,9 rx src=FPKEAECEOPE len=24 F5 03 18 00 06 6B 0E 40 02 6D 05 02 79 01 07 20 00 C0 01 EA 0D 17 CD 01 
41144,6 rx src=FPKEAECEOPE len=14 F5 03 0E 00 05 9A 02 C0 01 B2 0D 08 3D 09 
41149,8 rx src=FPKEAECEOPE len=14 F5 03 0E 00 01 1D 0D 40 03 99 01 F7 0E 00 
41149,8 rx src=FPKEAECEOPE len=14 F5 03 0E 00 05 B6 02 C0 01 C1 0D 08 3B 09 
41171,5 tx hdr=0xF5 op=0x2D MOVE(x,y,z,rx,ry,state,tick) : 25,616 7 35,965 1,617 199,945 b8 i298504812
41214,2 tx hdr=0xF5 op=0x2D MOVE(x,y,z,rx,ry,state,tick) : 26,07 7 35,871 1,617 199,645 b8 i298504855
41224,6 rx src=FPKEAECEOPE len=34 F5 03 22 00 00 2D 06 C0 01 FE 08 01 90 0A 02 A6 0D C0 01 59 09 01 BA 00 04 63 04 C0 01 EC 0C 01 85 01 
41224,6 rx src=FPKEAECEOPE len=14 F5 03 0E 00 07 20 00 C0 01 F3 0D 17 CD 01 
41224,6 rx src=FPKEAECEOPE len=14 F5 03 0E 00 06 70 0E 80 02 4D 05 02 79 01 
41224,6 rx src=FPKEAECEOPE len=14 F5 03 0E 00 01 1D 0D 40 03 99 01 FA 0D 00 
41224,7 rx src=FPKEAECEOPE len=14 F5 03 0E 00 05 CF 02 C0 01 D6 0D 08 3B 09 
41224,7 rx src=FPKEAECEOPE len=14 F5 03 0E 00 00 4A 06 C0 01 00 09 01 8F 08 
41224,7 rx src=FPKEAECEOPE len=24 F5 03 18 00 04 63 04 C0 01 CB 0C 02 89 01 07 20 00 C0 01 FC 0D 16 CB 01 
41224,7 rx src=FPKEAECEOPE len=14 F5 03 0E 00 02 A6 0D C0 01 59 09 01 BA 00 
41236,6 rx src=FPKEAECEOPE len=14 F5 03 0E 00 06 75 0E 80 02 2D 05 02 79 01 
41236,6 rx src=FPKEAECEOPE len=6 F5 0F 06 00 03 00 
41248,3 rx src=FPKEAECEOPE len=24 F5 03 18 00 01 1D 0D 40 03 99 01 FB 0B 00 02 A6 0D C0 01 59 09 01 BA 00 
41256,6 rx src=FPKEAECEOPE len=14 F5 03 0E 00 05 ED 02 C0 01 E3 0D 08 3E 01 
41262,4 rx src=FPKEAECEOPE len=14 F5 03 0E 00 04 5F 04 C0 01 AA 0C 02 8A 01 
41270,3 tx hdr=0xF5 op=0x2D MOVE(x,y,z,rx,ry,state,tick) : 26,526 7 35,752 1,467 199,045 b8 i298504911
41289,1 rx src=FPKEAECEOPE len=14 F5 03 0E 00 03 20 04 C0 01 A0 0E 02 80 00 
41301,6 rx src=FPKEAECEOPE len=34 F5 03 22 00 01 1D 0D 40 03 99 01 FD 0B 00 06 7B 0E 80 02 0D 05 02 79 01 07 20 00 C0 01 FC 0D 0F B0 01 
41312,2 rx src=FPKEAECEOPE len=14 F5 03 0E 00 02 99 0D C0 01 58 09 01 BA 01 
41315,3 tx hdr=0xF5 op=0x2D MOVE(x,y,z,rx,ry,state,tick) : 26,983 7 35,62 1,017 198,145 b8 i298504956
41329,0 rx src=FPKEAECEOPE len=24 F5 03 18 00 00 67 06 C0 01 FD 08 01 8E 08 04 5A 04 C0 01 88 0C 02 8A 01 
41330,8 rx src=FPKEAECEOPE len=24 F5 03 18 00 00 84 06 C0 01 F7 08 01 8D 08 05 0E 03 C0 01 EC 0D 08 3E 01 
41340,3 rx src=FPKEAECEOPE len=14 F5 03 0E 00 03 20 04 C0 01 A0 0E 02 80 00 
41346,7 rx src=FPKEAECEOPE len=34 F5 03 22 00 01 1D 0D 40 03 99 01 00 0A 00 06 80 0E 80 02 ED 04 02 79 01 07 20 00 C0 01 EF 0D 07 83 01 
41362,4 rx src=FPKEAECEOPE len=14 F5 03 0E 00 05 31 03 C0 01 F1 0D 08 3E 01 
41362,4 rx src=FPKEAECEOPE len=24 F5 03 18 00 02 83 0D C0 01 55 09 02 BA 01 04 53 04 C0 01 66 0C 02 8A 01 
41366,2 tx hdr=0xF5 op=0x2D MOVE(x,y,z,rx,ry,state,tick) : 27,445 6 35,488 0,117 195,595 b24 i298505007
41366,4 rx src=FPKEAECEOPE len=14 F5 03 0E 00 00 A1 06 C0 01 F0 08 01 8D 08 
41395,5 rx src=FPKEAECEOPE len=24 F5 03 18 00 03 20 04 C0 01 A0 0E 02 80 00 07 20 00 C0 01 D9 0D 04 73 01 
41397,6 rx src=FPKEAECEOPE len=14 F5 03 0E 00 01 1D 0D 40 03 99 01 01 0A 00 
41409,1 rx src=FPKEAECEOPE len=44 F5 03 2C 00 00 BE 06 C0 01 E7 08 00 8C 08 02 6A 0D C0 01 51 09 02 BA 01 04 4B 04 C0 01 45 0C 02 8A 01 05 54 03 C0 01 F5 0D 08 3E 01 
41422,0 tx hdr=0xF5 op=0x2D MOVE(x,y,z,rx,ry,state,tick) : 27,906 6 35,488 359,517 193,945 b9 i298505063
41422,3 rx src=FPKEAECEOPE len=14 F5 03 0E 00 06 85 0E 80 02 CC 04 02 79 01 
41443,0 rx src=FPKEAECEOPE len=14 F5 03 0E 00 07 21 00 C0 01 D9 0D 04 6A 01 
41443,0 rx src=FPKEAECEOPE len=24 F5 03 18 00 01 1D 0D 40 03 99 01 02 0A 00 03 20 04 C0 01 A0 0E 02 80 00 
41455,7 rx src=FPKEAECEOPE len=14 F5 03 0E 00 05 78 03 C0 01 F7 0D 08 3E 01 
41461,4 rx src=FPKEAECEOPE len=34 F5 03 22 00 00 DC 06 80 01 DF 08 00 8B 18 02 4D 0D C0 01 4D 09 02 BA 01 04 43 04 C0 01 23 0C 02 8A 01 
41468,6 tx hdr=0xF5 op=0x2D MOVE(x,y,z,rx,ry,state,tick) : 28,284 7 35,244 359,367 193,795 b9 i298505110
41494,8 rx src=FPKEAECEOPE len=14 F5 03 0E 00 03 20 04 C0 01 A0 0E 02 80 00 
41497,7 rx src=FPKEAECEOPE len=24 F5 03 18 00 01 1D 0D 40 03 99 01 04 0A 00 06 89 0E 80 02 AC 04 03 7C 01 
41497,7 rx src=FPKEAECEOPE len=6 F5 0F 06 00 05 00 
41522,2 tx hdr=0xF5 op=0x2D MOVE(x,y,z,rx,ry,state,tick) : 28,611 6 34,931 359,367 193,645 b25 i298505163
41522,5 rx src=FPKEAECEOPE len=54 F5 03 36 00 00 FA 06 80 01 DF 08 FF 89 09 02 2F 0D C0 01 48 09 02 BA 01 04 3A 04 C0 01 01 0C 02 8A 01 05 97 03 C0 01 F9 0D 08 3D 01 07 30 00 C0 01 D9 0D 04 4D 01 
41534,7 rx src=FPKEAECEOPE len=14 F5 03 0E 00 06 8D 0E 80 02 8C 04 03 7D 01 
41539,7 rx src=FPKEAECEOPE len=14 F5 03 0E 00 03 20 04 C0 01 A0 0E 02 80 00 
41549,0 rx src=FPKEAECEOPE len=14 F5 03 0E 00 07 46 00 C0 01 D9 0D 04 46 01 
41552,4 rx src=FPKEAECEOPE len=24 F5 03 18 00 01 1D 0D 40 03 99 01 07 09 00 05 B7 03 C0 01 FC 0D 08 3B 01 
41552,4 rx src=FPKEAECEOPE len=12 F5 34 0C 00 96 D3 CA 11 F4 D3 CA 11 
41561,6 rx src=FPKEAECEOPE len=34 F5 03 22 00 00 12 07 C0 01 CF 08 FF 89 09 02 0F 0D C0 01 44 09 02 BA 01 04 31 04 C0 01 DF 0B 02 8A 01 
41566,0 tx hdr=0xF5 op=0x2D MOVE(x,y,z,rx,ry,state,tick) : 28,939 6 34,619 359,367 193,645 b9 i298505217
41576,0 rx src=FPKEAECEOPE len=14 F5 03 0E 00 07 61 00 C0 01 D9 0D 04 40 01 
41589,2 rx src=FPKEAECEOPE len=14 F5 03 0E 00 06 8F 0E 80 02 6B 04 04 7F 01 
41593,9 rx src=FPKEAECEOPE len=14 F5 03 0E 00 03 20 04 C0 01 A0 0E 02 80 00 
41601,1 rx src=FPKEAECEOPE len=14 F5 03 0E 00 01 1D 0D 40 03 99 01 0A 08 00 
41607,1 rx src=FPKEAECEOPE len=24 F5 03 18 00 02 EF 0C C0 01 3F 09 02 BA 01 05 D7 03 C0 01 FF 0D 08 3A 01 
41613,0 rx src=FPKEAECEOPE len=14 F5 03 0E 00 04 28 04 C0 01 BD 0B 02 8A 01 
41619,1 tx hdr=0xF5 op=0x2D MOVE(x,y,z,rx,ry,state,tick) : 29,236 6 34,265 359,367 193,645 b9 i298505270
41619,3 rx src=FPKEAECEOPE len=14 F5 03 0E 00 00 27 07 80 01 BB 08 FF 89 19 
41626,5 rx src=FPKEAECEOPE len=14 F5 03 0E 00 07 7F 00 C0 01 D9 0D 04 3B 01 
41639,2 rx src=FPKEAECEOPE len=14 F5 03 0E 00 06 8F 0E 80 02 4B 04 05 82 01 
41644,6 rx src=FPKEAECEOPE len=14 F5 03 0E 00 03 20 04 C0 01 A0 0E 02 80 00 
41652,7 rx src=FPKEAECEOPE len=24 F5 03 18 00 01 1D 0D 40 03 99 01 0F 0D 00 05 F6 03 C0 01 04 0E 08 36 01 
41660,2 rx src=FPKEAECEOPE len=24 F5 03 18 00 00 3C 07 80 01 A7 08 FF 89 09 02 CF 0C C0 01 3A 09 02 BA 01 
41664,2 tx hdr=0xF5 op=0x2D MOVE(x,y,z,rx,ry,state,tick) : 29,515 6 33,888 359,367 193,645 b9 i298505315
41674,7 rx src=FPKEAECEOPE len=14 F5 03 0E 00 04 1F 04 C0 01 9B 0B 02 8A 01 
41687,6 rx src=FPKEAECEOPE len=24 F5 03 18 00 06 8E 0E 80 02 2A 04 07 84 01 07 9F 00 C0 01 D9 0D 04 3A 01 
41694,9 rx src=FPKEAECEOPE len=14 F5 03 0E 00 03 20 04 C0 01 A0 0E 02 80 00 
41700,1 rx src=FPKEAECEOPE len=14 F5 03 0E 00 01 1D 0D 40 03 99 01 13 17 00 
41700,1 rx src=FPKEAECEOPE len=14 F5 03 0E 00 05 15 04 C0 01 0A 0E 07 36 01 
41710,3 rx src=FPKEAECEOPE len=34 F5 03 22 00 00 4F 07 80 01 90 08 FF 89 09 02 AE 0C C0 01 35 09 02 BA 01 04 16 04 C0 01 79 0B 02 8A 01 
41722,5 tx hdr=0xF5 op=0x2D MOVE(x,y,z,rx,ry,state,tick) : 29,768 6 33,487 357,867 199,045 b9 i298505374
41735,2 rx src=FPKEAECEOPE len=14 F5 03 0E 00 06 8C 0E 80 02 0A 04 07 84 01 
41739,8 rx src=FPKEAECEOPE len=24 F5 03 18 00 03 20 04 C0 01 94 0E 02 80 01 07 BF 00 C0 01 DB 0D 04 3B 01 
41750,8 rx src=FPKEAECEOPE len=14 F5 03 0E 00 01 1D 0D 40 03 99 01 15 1A 00 
41754,7 rx src=FPKEAECEOPE len=24 F5 03 18 00 00 60 07 80 01 78 08 FF 89 09 05 35 04 C0 01 10 0E 07 36 01 
41764,9 tx hdr=0xF5 op=0x2D MOVE(x,y,z,rx,ry,state,tick) : 29,962 6 33,057 357,567 212,395 b9 i298505416
41765,2 rx src=FPKEAECEOPE len=24 F5 03 18 00 02 8D 0C C0 01 31 09 02 BA 01 04 0D 04 C0 01 57 0B 02 8A 01 
41778,9 rx src=FPKEAECEOPE len=14 F5 03 0E 00 07 E1 00 C0 01 DB 0D 06 41 01 
41793,6 rx src=FPKEAECEOPE len=14 F5 03 0E 00 06 8A 0E 80 02 E9 03 07 84 01 
41796,0 rx src=FPKEAECEOPE len=14 F5 03 0E 00 03 20 04 C0 01 94 0E 02 80 01 
41807,2 rx src=FPKEAECEOPE len=14 F5 03 0E 00 01 1D 0D 40 03 99 01 18 27 00 
41812,3 rx src=FPKEAECEOPE len=24 F5 03 18 00 02 6D 0C C0 01 2C 09 02 BA 01 05 54 04 C0 01 17 0E 07 36 01 
41821,0 tx hdr=0xF5 op=0x2D MOVE(x,y,z,rx,ry,state,tick) : 30,032 6 32,611 357,567 238,795 b9 i298505472
41866,6 tx hdr=0xF5 op=0x2D MOVE(x,y,z,rx,ry,state,tick) : 29,983 6 32,172 357,567 253,045 b9 i298505518
41881,4 rx src=FPKEAECEOPE len=24 F5 03 18 00 00 71 07 80 01 5F 08 FE 8D 09 04 04 04 C0 01 35 0B 02 87 01 
41881,4 rx src=FPKEAECEOPE len=24 F5 03 18 00 06 87 0E 80 02 C9 03 07 84 01 07 FE 00 C0 01 D1 0D 0C 63 01 
41881,4 rx src=FPKEAECEOPE len=14 F5 03 0E 00 03 20 04 C0 01 94 0E 02 80 01 
41881,4 rx src=FPKEAECEOPE len=14 F5 03 0E 00 01 1D 0D 40 03 99 01 1A 2F 00 
41881,4 rx src=FPKEAECEOPE len=14 F5 03 0E 00 05 73 04 C0 01 1E 0E 07 36 01 
41881,4 rx src=FPKEAECEOPE len=34 F5 03 22 00 00 7D 07 80 01 43 08 FE 97 09 02 4C 0C C0 01 27 09 02 BA 01 04 FE 03 C0 01 12 0B 02 85 01 
41881,4 rx src=FPKEAECEOPE len=24 F5 03 18 00 06 84 0E 80 02 A8 03 07 84 01 07 04 01 C0 01 C3 0D 18 A9 01 
41894,6 rx src=FPKEAECEOPE len=14 F5 03 0E 00 03 20 04 C0 01 94 0E 02 80 01 
41910,5 rx src=FPKEAECEOPE len=24 F5 03 18 00 01 1D 0D 40 03 99 01 1A 31 00 05 92 04 C0 01 25 0E 07 37 01 
41910,5 rx src=FPKEAECEOPE len=14 F5 03 0E 00 02 2B 0C C0 01 22 09 02 BA 01 
41914,2 tx hdr=0xF5 op=0x2D MOVE(x,y,z,rx,ry,state,tick) : 29,991 6 31,718 357,567 258,595 b8 i298505565
41927,3 rx src=FPKEAECEOPE len=14 F5 03 0E 00 04 F8 03 C0 01 F0 0A 02 83 01 
41927,3 rx src=FPKEAECEOPE len=14 F5 03 0E 00 07 F9 00 C0 01 BE 0D 1E C7 01 
41943,7 rx src=FPKEAECEOPE len=14 F5 03 0E 00 06 81 0E 80 02 88 03 07 82 01 
41943,7 rx src=FPKEAECEOPE len=14 F5 03 0E 00 03 20 04 C0 01 94 0E 02 80 01 
41959,9 rx src=FPKEAECEOPE len=14 F5 03 0E 00 01 1D 0D 40 03 99 01 1A 31 00 
41960,0 rx src=FPKEAECEOPE len=14 F5 03 0E 00 05 B2 04 C0 01 2C 0E 07 37 01 
41976,0 tx hdr=0xF5 op=0x2D MOVE(x,y,z,rx,ry,state,tick) : 30,017 6 31,253 357,567 263,995 b8 i298505627
41976,2 rx src=FPKEAECEOPE len=24 F5 03 18 00 02 0A 0C C0 01 1D 09 02 BA 01 04 F4 03 C0 01 CD 0A 01 81 01 
41976,2 rx src=FPKEAECEOPE len=6 F5 0F 06 00 01 00 
41992,4 rx src=FPKEAECEOPE len=14 F5 03 0E 00 03 1F 04 C0 01 81 0E 02 80 01 
42009,1 rx src=FPKEAECEOPE len=24 F5 03 18 00 06 7F 0E 80 02 67 03 07 7F 01 07 E6 00 C0 01 BD 0D 1E C8 01 
42009,1 rx src=FPKEAECEOPE len=14 F5 03 0E 00 05 D1 04 C0 01 33 0E 07 38 01 
42026,2 tx hdr=0xF5 op=0x2D MOVE(x,y,z,rx,ry,state,tick) : 30,042 6 30,78 357,717 267,295 b8 i298505677
42026,6 rx src=FPKEAECEOPE len=24 F5 03 18 00 02 E9 0B C0 01 18 09 02 BA 01 04 F3 03 C0 01 AA 0A FE 7C 01 
42041,7 rx src=FPKEAECEOPE len=24 F5 03 18 00 01 1D 0D 40 03 99 01 1A 31 00 06 7F 0E 80 02 47 03 07 7E 01 
42041,7 rx src=FPKEAECEOPE len=24 F5 03 18 00 03 1F 04 C0 01 6A 0E 02 80 01 07 E6 00 C0 01 C2 0D 1E CF 01 
42055,6 rx src=FPKEAECEOPE len=14 F5 03 0E 00 01 1D 0D 40 03 99 01 1A 31 00 
42055,6 rx src=FPKEAECEOPE len=14 F5 03 0E 00 05 F0 04 C0 01 39 0E 07 38 01 
42068,8 tx hdr=0xF5 op=0x2D MOVE(x,y,z,rx,ry,state,tick) : 30,048 7 30,303 358,767 272,545 b8 i298505720
42069,1 rx src=FPKEAECEOPE len=24 F5 03 18 00 02 C8 0B C0 01 13 09 02 BA 01 04 F8 03 C0 01 88 0A FB 71 01 
42082,8 rx src=FPKEAECEOPE len=14 F5 03 0E 00 07 E6 00 C0 01 CD 0D 1E D8 01 
42096,5 rx src=FPKEAECEOPE len=14 F5 03 0E 00 03 1F 04 C0 01 50 0E 02 80 01 
42100,8 rx src=FPKEAECEOPE len=44 F5 03 2C 00 00 81 07 80 01 D0 07 FE BB 08 01 1D 0D 40 03 99 01 1A 30 00 05 10 05 C0 01 3F 0E 07 38 01 06 80 0E 80 02 26 03 08 7C 01 
42112,4 rx src=FPKEAECEOPE len=24 F5 03 18 00 02 A7 0B C0 01 0F 09 03 BA 01 04 01 04 C0 01 67 0A FA 6C 01 
42115,4 tx hdr=0xF5 op=0x2D MOVE(x,y,z,rx,ry,state,tick) : 30,02 7 29,825 358,767 279,295 b8 i298505767
42127,0 rx src=FPKEAECEOPE len=14 F5 03 0E 00 00 82 07 80 01 B1 07 FE BE 08 
42142,6 rx src=FPKEAECEOPE len=14 F5 03 0E 00 06 82 0E 80 02 05 03 08 7B 01 
42142,7 rx src=FPKEAECEOPE len=6 F5 0F 06 00 03 01 
42147,7 rx src=FPKEAECEOPE len=24 F5 03 18 00 01 1D 0D 40 03 99 01 18 2E 00 03 1F 04 C0 01 30 0E 02 80 01 
42160,0 tx hdr=0xF5 op=0x06 int3/6 : s18 s9 s41
42160,2 tx hdr=0xF5 op=0x04 HIT_REPORT(pos,seq,hits[]) :
42160,3 rx src=FPKEAECEOPE len=14 F5 03 0E 00 05 2F 05 C0 01 46 0E 06 37 01 
42163,0 rx src=FPKEAECEOPE len=34 F5 03 22 00 00 83 07 C0 01 93 07 FF C1 08 02 86 0B C0 01 0B 09 04 BC 01 04 0D 04 C0 01 46 0A FA 6C 01 
42177,2 tx hdr=0xF5 op=0x2D MOVE(x,y,z,rx,ry,state,tick) : 29,866 7 29,4 0,861 314,905 b8 i298505828
42193,5 rx src=FPKEAECEOPE len=24 F5 03 18 00 06 84 0E 80 02 E5 02 08 7B 01 07 E6 00 C0 01 D3 0D 19 E6 00 
42196,5 rx src=FPKEAECEOPE len=24 F5 03 18 00 01 1D 0D 40 03 99 01 18 2A 00 03 1F 04 C0 01 0E 0E 02 80 01 
42208,6 rx src=FPKEAECEOPE len=14 F5 03 0E 00 05 4E 05 C0 01 4C 0E 06 37 01 
42208,6 rx src=FPKEAECEOPE len=14 F5 03 0E 00 00 81 07 C0 01 74 07 FF C6 08 
42222,1 tx hdr=0xF5 op=0x2D MOVE(x,y,z,rx,ry,state,tick) : 29,641 7 29,005 0,447 313,624 b8 i298505873
42222,6 rx src=FPKEAECEOPE len=24 F5 03 18 00 02 65 0B C0 01 07 09 05 BD 01 04 1B 04 C0 01 27 0A FA 6C 01 
42229,2 rx src=FPKEAECEOPE len=14 F5 03 0E 00 06 87 0E 80 02 C4 02 08 7B 01 
42242,9 rx src=FPKEAECEOPE len=14 F5 03 0E 00 03 1E 04 C0 01 EC 0D 02 80 01 
42249,3 rx src=FPKEAECEOPE len=14 F5 03 0E 00 01 1D 0D 40 03 99 01 17 24 00 
42249,3 rx src=FPKEAECEOPE len=5 F5 04 05 00 00 
42254,9 rx src=FPKEAECEOPE len=24 F5 03 18 00 05 6D 05 C0 01 53 0E 06 36 01 07 D6 00 C0 01 E3 0D 17 EC 01 
42262,0 rx src=FPKEAECEOPE len=24 F5 03 18 00 02 44 0B C0 01 05 09 05 BE 01 04 2A 04 C0 01 07 0A FA 6C 01 
42269,5 tx hdr=0xF5 op=0x2D MOVE(x,y,z,rx,ry,state,tick) : 29,369 7 28,63 0,374 314,559 b8 i298505921
42269,7 rx src=FPKEAECEOPE len=14 F5 03 0E 00 00 77 07 C0 01 59 07 00 DF 08 
42296,6 rx src=FPKEAECEOPE len=34 F5 03 22 00 03 1E 04 C0 01 C9 0D 02 80 01 06 8A 0E 80 02 A4 02 08 7B 01 07 C6 00 C0 01 F9 0D 17 EC 01 
42301,6 rx src=FPKEAECEOPE len=14 F5 03 0E 00 01 1D 0D 40 03 99 01 14 17 00 
42314,2 tx hdr=0xF5 op=0x2D MOVE(x,y,z,rx,ry,state,tick) : 29,065 7 28,271 0,499 316,449 b8 i298505965
42314,4 rx src=FPKEAECEOPE len=14 F5 03 0E 00 05 8D 05 C0 01 5A 0E 05 37 01 
42314,4 rx src=FPKEAECEOPE len=34 F5 03 22 00 00 68 07 C0 01 40 07 00 DF 08 02 23 0B C0 01 03 09 06 BF 01 04 39 04 C0 01 E8 09 FA 6C 01 
42344,8 rx src=FPKEAECEOPE len=14 F5 03 0E 00 06 8E 0E 80 02 84 02 08 7B 01 
42344,9 rx src=FPKEAECEOPE len=14 F5 03 0E 00 07 B7 00 C0 01 13 0E 17 EC 01 
42350,2 rx src=FPKEAECEOPE len=24 F5 03 18 00 01 1D 0D 40 03 99 01 0F 05 00 03 1D 04 C0 01 A7 0D 02 80 01 
42350,2 rx src=FPKEAECEOPE len=14 F5 03 0E 00 05 AC 05 00 02 5C 0E 05 45 01 
42361,4 rx src=FPKEAECEOPE len=24 F5 03 18 00 00 57 07 C0 01 28 07 00 DF 08 02 0F 0B C0 01 02 09 06 C1 00 
42364,5 tx hdr=0xF5 op=0x2D MOVE(x,y,z,rx,ry,state,tick) : 28,748 7 27,917 0,816 313,995 b8 i298506016
42377,4 rx src=FPKEAECEOPE len=14 F5 03 0E 00 04 49 04 C0 01 C8 09 FA 6C 01 
42377,4 rx src=FPKEAECEOPE len=14 F5 03 0E 00 06 90 0E 80 02 63 02 0A 7D 01 
42392,2 rx src=FPKEAECEOPE len=14 F5 03 0E 00 07 A7 00 C0 01 2E 0E 16 ED 01 
42392,2 rx src=FPKEAECEOPE len=14 F5 03 0E 00 03 1D 04 C0 01 84 0D 02 80 01 
42396,8 tx hdr=0xF5 op=0x04 HIT_REPORT(pos,seq,hits[]) : 28,88 9,394 28,065 i298506048 b4 b1 17,062 9,112 39,783
42404,7 rx src=FPKEAECEOPE len=14 F5 03 0E 00 01 1D 0D 40 03 99 01 0D F5 00 
42404,7 rx src=FPKEAECEOPE len=14 F5 03 0E 00 05 CA 05 00 02 5C 0E 05 56 01 
42411,3 rx src=FPKEAECEOPE len=34 F5 03 22 00 00 44 07 C0 01 11 07 00 E1 08 02 03 0B C0 01 01 09 06 C2 00 04 59 04 C0 01 A9 09 FB 6C 01 
42417,6 tx hdr=0xF5 op=0x2D MOVE(x,y,z,rx,ry,state,tick) : 28,421 7 27,566 0,677 314,92 b8 i298506069
42437,7 rx src=FPKEAECEOPE len=24 F5 03 18 00 06 92 0E 80 02 43 02 0C 81 01 07 98 00 C0 01 4C 0E 12 EE 01 
42444,0 rx src=FPKEAECEOPE len=14 F5 03 0E 00 03 1C 04 C0 01 60 0D 02 80 01 
42451,8 rx src=FPKEAECEOPE len=24 F5 03 18 00 01 1D 0D 40 03 99 01 0D F3 00 02 FC 0A C0 01 01 09 05 C2 00 
42451,9 rx src=FPKEAECEOPE len=14 F5 03 0E 00 05 E4 05 38 02 5C 0E 05 62 11 
42464,5 tx hdr=0xF5 op=0x2D MOVE(x,y,z,rx,ry,state,tick) : 28,086 7 27,221 0,456 315,842 b8 i298506116
42464,8 rx src=FPKEAECEOPE len=24 F5 03 18 00 00 2F 07 C0 01 FA 06 00 DF 08 04 69 04 C0 01 8A 09 FB 6C 01 
42521,4 tx hdr=0xF5 op=0x2D MOVE(x,y,z,rx,ry,state,tick) : 27,742 7 26,882 0,382 317,116 b8 i298506172
42541,4 rx src=FPKEAECEOPE len=14 F5 03 0E 00 06 91 0E 80 02 22 02 0E 84 01 
42541,4 rx src=FPKEAECEOPE len=7 F5 04 07 00 00 04 21 
42541,4 rx src=FPKEAECEOPE len=14 F5 03 0E 00 03 1B 04 C0 01 3D 0D 02 80 01 
42541,4 rx src=FPKEAECEOPE len=24 F5 03 18 00 02 F8 0A C0 01 00 09 04 C5 00 07 8F 00 C0 01 5D 0E 0E F0 00 
42541,4 rx src=FPKEAECEOPE len=24 F5 03 18 00 01 1D 0D 40 03 99 01 0D F3 00 05 E4 05 61 02 5C 0E 04 6A 11 
42541,4 rx src=FPKEAECEOPE len=14 F5 03 0E 00 00 1A 07 C0 01 E4 06 00 DF 08 
42541,4 rx src=FPKEAECEOPE len=24 F5 03 18 00 04 7A 04 C0 01 6B 09 FC 67 01 06 8F 0E 80 02 02 02 0F 85 01 
42541,4 rx src=FPKEAECEOPE len=14 F5 03 0E 00 03 1B 04 C0 01 1A 0D 02 80 01 
42549,0 rx src=FPKEAECEOPE len=24 F5 03 18 00 01 1D 0D 40 03 99 01 0D F4 00 07 8A 00 C0 01 68 0E 0C F4 00 
42549,0 rx src=FPKEAECEOPE len=14 F5 03 0E 00 05 E4 05 7A 02 5C 0E 03 73 11 
42549,0 rx src=FPKEAECEOPE len=12 F5 34 0C 00 84 D7 CA 11 DA D7 CA 11 
42563,0 rx src=FPKEAECEOPE len=34 F5 03 22 00 00 05 07 C0 01 CE 06 00 E0 08 02 F5 0A C0 01 00 09 04 C8 00 04 8F 04 C0 01 4F 09 FC 60 01 
42568,1 tx hdr=0xF5 op=0x2D MOVE(x,y,z,rx,ry,state,tick) : 27,392 7 26,549 0,731 318,179 b8 i298506221
42576,7 rx src=FPKEAECEOPE len=14 F5 03 0E 00 06 8D 0E 80 02 E1 01 0F 85 01 
42590,8 rx src=FPKEAECEOPE len=14 F5 03 0E 00 03 1A 04 C0 01 F7 0C 02 80 01 
42604,1 rx src=FPKEAECEOPE len=24 F5 03 18 00 01 1D 0D 40 03 99 01 0C F5 00 07 87 00 C0 01 6E 0E 08 FA 00 
42610,4 rx src=FPKEAECEOPE len=14 F5 03 0E 00 05 E4 05 85 02 5C 0E 03 78 11 
42617,9 tx hdr=0xF5 op=0x2D MOVE(x,y,z,rx,ry,state,tick) : 27,036 7 26,22 1,02 318,329 b8 i298506270
42618,2 rx src=FPKEAECEOPE len=24 F5 03 18 00 02 F3 0A C0 01 00 09 04 C9 00 04 A6 04 C0 01 36 09 FC 5A 01 
42630,6 rx src=FPKEAECEOPE len=34 F5 03 22 00 00 EF 06 C0 01 B8 06 00 E1 08 06 89 0E 80 02 C1 01 0F 85 01 07 85 00 C0 01 72 0E 08 FB 00 
42644,2 rx src=FPKEAECEOPE len=14 F5 03 0E 00 03 19 04 C0 01 D4 0C 02 80 01 
42657,3 rx src=FPKEAECEOPE len=24 F5 03 18 00 01 1D 0D 40 03 99 01 0D FB 00 05 E4 05 80 02 4F 0E 03 7A 11 
42660,3 rx src=FPKEAECEOPE len=14 F5 03 0E 00 00 D9 06 C0 01 A3 06 00 E2 08 
42671,4 tx hdr=0xF5 op=0x2D MOVE(x,y,z,rx,ry,state,tick) : 26,678 7 25,894 1,323 318,329 b8 i298506324
42671,9 rx src=FPKEAECEOPE len=24 F5 03 18 00 02 F2 0A C0 01 00 09 04 C9 00 04 C0 04 C0 01 1F 09 FC 55 01 
42676,8 rx src=FPKEAECEOPE len=14 F5 03 0E 00 06 86 0E 80 02 A0 01 0F 85 01 
42691,5 rx src=FPKEAECEOPE len=24 F5 03 18 00 03 19 04 C0 01 B1 0C 02 80 01 07 83 00 C0 01 74 0E 07 FC 00 
42700,5 rx src=FPKEAECEOPE len=14 F5 03 0E 00 01 1D 0D 40 03 99 01 0E 01 00 
42708,5 rx src=FPKEAECEOPE len=14 F5 03 0E 00 05 E4 05 80 02 42 0E 03 7B 01 
42708,5 rx src=FPKEAECEOPE len=34 F5 03 22 00 00 C2 06 C0 01 8E 06 00 E2 08 02 F2 0A C0 01 00 09 04 CA 00 04 DD 04 C0 01 0B 09 FC 54 01 
42722,8 tx hdr=0xF5 op=0x2D MOVE(x,y,z,rx,ry,state,tick) : 26,608 7 25,827 1,468 318,329 b4 i298506375
42743,9 rx src=FPKEAECEOPE len=14 F5 03 0E 00 03 18 04 C0 01 8D 0C 02 80 01 
42751,0 rx src=FPKEAECEOPE len=34 F5 03 22 00 01 1F 0D 40 03 A7 01 0E 04 01 06 82 0E 80 02 80 01 0F 85 01 07 83 00 C0 01 75 0E 07 FC 00 
42757,5 rx src=FPKEAECEOPE len=14 F5 03 0E 00 05 E4 05 B8 02 2E 0E 03 7B 11 
42764,6 tx hdr=0xF5 op=0x2D MOVE(x,y,z,rx,ry,state,tick) : 26,712 7 25,915 1,485 318,629 b4 i298506417
42764,9 rx src=FPKEAECEOPE len=34 F5 03 22 00 00 AB 06 C0 01 79 06 00 E2 08 02 F2 0A C0 01 00 09 04 CA 00 04 FA 04 C0 01 F8 08 FC 54 01 
42792,6 rx src=FPKEAECEOPE len=24 F5 03 18 00 03 17 04 C0 01 6A 0C 02 80 01 07 82 00 C0 01 76 0E 07 FC 00 
42800,4 rx src=FPKEAECEOPE len=24 F5 03 18 00 01 21 0D 40 03 BD 01 0E 05 01 06 7E 0E 80 02 5F 01 0F 85 01 
42806,9 rx src=FPKEAECEOPE len=34 F5 03 22 00 02 F2 0A C0 01 00 09 04 CA 00 04 18 05 C0 01 E6 08 FD 54 01 05 E4 05 E1 02 1A 0E 04 7B 11 
42814,3 tx hdr=0xF5 op=0x2D MOVE(x,y,z,rx,ry,state,tick) : 26,921 7 26,095 1,504 319,229 b4 i298506467
42814,6 rx src=FPKEAECEOPE len=14 F5 03 0E 00 00 A6 06 C0 01 74 06 01 E2 04 
42845,4 rx src=FPKEAECEOPE len=24 F5 03 18 00 03 17 04 C0 01 47 0C 02 80 01 07 81 00 C0 01 84 0E 07 FC 01 
42845,4 rx src=FPKEAECEOPE len=24 F5 03 18 00 01 25 0D 40 03 D8 01 0E 05 01 06 7A 0E 80 02 3F 01 0F 85 01 
42845,4 rx src=FPKEAECEOPE len=14 F5 03 0E 00 05 E4 05 FA 02 1A 0E 04 7B 19 
42861,6 rx src=FPKEAECEOPE len=34 F5 03 22 00 00 AD 06 C0 01 7A 06 01 E2 04 02 F2 0A C0 01 00 09 04 CA 00 04 35 05 C0 01 D3 08 FE 57 01 
42865,6 tx hdr=0xF5 op=0x2D MOVE(x,y,z,rx,ry,state,tick) : 27,196 7 26,326 1,825 320,429 b4 i298506518
42892,0 rx src=FPKEAECEOPE len=14 F5 03 0E 00 07 7E 00 C0 01 9B 0E 07 FC 01 
42895,8 rx src=FPKEAECEOPE len=24 F5 03 18 00 01 29 0D 40 03 D8 01 0E 05 01 03 16 04 C0 01 24 0C 02 80 01 
42906,6 rx src=FPKEAECEOPE len=24 F5 03 18 00 05 E4 05 05 03 1A 0E 04 7B 18 06 76 0E 80 02 1F 01 10 85 01 
42906,6 rx src=FPKEAECEOPE len=24 F5 03 18 00 00 BA 06 C0 01 86 06 01 E3 04 04 53 05 C0 01 C0 08 FE 58 01 
42919,6 tx hdr=0xF5 op=0x2D MOVE(x,y,z,rx,ry,state,tick) : 27,511 7 26,588 1,987 320,579 b4 i298506572
42919,9 rx src=FPKEAECEOPE len=14 F5 03 0E 00 02 F2 0A C0 01 00 09 01 C9 00 
42933,4 rx src=FPKEAECEOPE len=14 F5 03 0E 00 06 72 0E 80 02 FE 00 10 86 01 
42939,9 rx src=FPKEAECEOPE len=14 F5 03 0E 00 03 16 04 C0 01 01 0C 02 7F 01 
42947,6 rx src=FPKEAECEOPE len=24 F5 03 18 00 01 2D 0D 40 03 D8 01 0E 05 01 07 79 00 C0 01 B5 0E 03 F2 01 
42952,5 rx src=FPKEAECEOPE len=14 F5 03 0E 00 05 F6 05 00 03 05 0E 04 7B 18 
42962,4 rx src=FPKEAECEOPE len=24 F5 03 18 00 00 CC 06 C0 01 94 06 01 E3 04 04 70 05 C0 01 AD 08 FF 58 01 
42967,5 tx hdr=0xF5 op=0x2D MOVE(x,y,z,rx,ry,state,tick) : 27,85 7 26,869 1,987 320,579 b4 i298506620
42967,8 rx src=FPKEAECEOPE len=14 F5 03 0E 00 02 F2 0A C0 01 00 09 01 C7 00 
42975,5 rx src=FPKEAECEOPE len=14 F5 03 0E 00 06 6C 0E 40 02 DE 00 10 8A 11 
42995,9 tx hdr=0xF5 op=0x04 HIT_REPORT(pos,seq,hits[]) : 27,686 9,403 26,733 i298506648 b4 b1 21,2 8,994 34,931
42996,1 rx src=FPKEAECEOPE len=14 F5 03 0E 00 03 16 04 C0 01 DE 0B 02 7F 01 
43006,5 rx src=FPKEAECEOPE len=24 F5 03 18 00 01 32 0D 40 03 D8 01 0E 05 01 05 07 06 00 03 F1 0D 04 7B 08 
43010,3 rx src=FPKEAECEOPE len=44 F5 03 2C 00 00 E0 06 C0 01 A5 06 01 E3 04 02 F2 0A C0 01 00 09 FE BE 00 04 8D 05 C0 01 99 08 00 58 01 07 71 00 C0 01 D2 0E 02 F2 01 
43022,5 tx hdr=0xF5 op=0x2D MOVE(x,y,z,rx,ry,state,tick) : 28,204 7 27,159 1,784 321,075 b4 i298506675
43027,0 rx src=FPKEAECEOPE len=14 F5 03 0E 00 06 66 0E 40 02 BE 00 0E 91 01 
43053,3 rx src=FPKEAECEOPE len=24 F5 03 18 00 03 17 04 C0 01 BA 0B 02 7D 01 07 67 00 C0 01 F1 0E 02 F1 01 
43053,4 rx src=FPKEAECEOPE len=24 F5 03 18 00 01 36 0D 40 03 D8 01 0E 05 01 05 1E 06 00 03 E6 0D 04 7B 08 
43053,4 rx src=FPKEAECEOPE len=5 F5 04 05 00 02 
43067,0 tx hdr=0xF5 op=0x2D MOVE(x,y,z,rx,ry,state,tick) : 28,564 7 27,459 1,398 319,456 b4 i298506719
43067,3 rx src=FPKEAECEOPE len=24 F5 03 18 00 00 F6 06 C0 01 B7 06 01 E3 04 04 A9 05 C0 01 83 08 02 5E 01 
43072,8 rx src=FPKEAECEOPE len=14 F5 03 0E 00 02 F2 0A C0 01 00 09 FE BB 00 
43080,8 rx src=FPKEAECEOPE len=14 F5 03 0E 00 06 5B 0E 00 02 A0 00 0D 96 11 
43080,8 rx src=FPKEAECEOPE len=7 F5 0B 07 00 04 00 01 
43081,2 rx src=FPKEAECEOPE len=8 F5 0C 08 00 00 04 00 01 
43081,4 rx src=FPKEAECEOPE len=10 F5 13 0A 00 04 01 06 00 1F 00 
43081,4 rx src=FPKEAECEOPE len=10 F5 13 0A 00 00 00 06 00 2F 00 
43081,4 rx src=FPKEAECEOPE len=6 F5 15 06 00 01 05 
43081,4 rx src=FPKEAECEOPE len=7 F5 04 07 00 00 04 11 
43087,2 rx src=FPKEAECEOPE len=24 F5 03 18 00 03 1A 04 C0 01 97 0B 02 79 01 07 5C 00 C0 01 10 0F 02 F0 01 
43112,5 rx src=FPKEAECEOPE len=34 F5 03 22 00 01 3B 0D 40 03 D8 01 0E 05 01 02 F2 0A C0 01 00 09 FF BB 00 05 39 06 00 03 E1 0D 04 7B 08 
43116,1 tx hdr=0xF5 op=0x2D MOVE(x,y,z,rx,ry,state,tick) : 28,926 7 27,767 1,266 318,86 b4 i298506769
43116,3 rx src=FPKEAECEOPE len=14 F5 03 0E 00 00 0D 07 C0 01 CA 06 01 E4 04 
43127,7 rx src=FPKEAECEOPE len=14 F5 03 0E 00 06 51 0E C0 01 82 00 0C 9B 11 
43172,9 tx hdr=0xF5 op=0x2D MOVE(x,y,z,rx,ry,state,tick) : 29,156 7 28,145 1,568 318,86 b5 i298506825
43206,1 rx src=FPKEAECEOPE len=24 F5 03 18 00 03 1E 04 C0 01 74 0B 02 79 01 07 50 00 C0 01 2F 0F 02 EE 01 
43206,1 rx src=FPKEAECEOPE len=24 F5 03 18 00 01 40 0D 40 03 D8 01 0E 05 01 02 F2 0A C0 01 00 09 FF BB 00 
43206,2 rx src=FPKEAECEOPE len=14 F5 03 0E 00 05 55 06 00 03 E0 0D 04 7B 08 
43206,2 rx src=FPKEAECEOPE len=5 F5 04 05 00 02 
43206,6 rx src=FPKEAECEOPE len=14 F5 03 0E 00 00 24 07 C0 01 DD 06 00 E3 04 
43206,6 rx src=FPKEAECEOPE len=34 F5 03 22 00 03 22 04 C0 01 52 0B 02 78 01 06 47 0E C0 01 63 00 09 A4 01 07 43 00 C0 01 4E 0F 02 ED 01 
43206,6 rx src=FPKEAECEOPE len=14 F5 03 0E 00 01 45 0D 40 03 D8 01 0E 07 01 
43210,4 rx src=FPKEAECEOPE len=24 F5 03 18 00 00 3B 07 C0 01 F1 06 00 E2 04 05 73 06 C0 02 E1 0D 04 7A 18 
43222,2 tx hdr=0xF5 op=0x2D MOVE(x,y,z,rx,ry,state,tick) : 29,307 7 28,566 1,838 318,86 b5 i298506875
43222,7 rx src=FPKEAECEOPE len=14 F5 03 0E 00 02 F2 0A C0 01 00 09 00 BB 00 
43238,5 rx src=FPKEAECEOPE len=24 F5 03 18 00 03 1F 04 C0 01 30 0B 02 72 05 07 35 00 C0 01 6D 0F 02 ED 01 
43257,2 rx src=FPKEAECEOPE len=14 F5 03 0E 00 01 4B 0D 40 03 D8 01 0E 07 01 
43257,2 rx src=FPKEAECEOPE len=24 F5 03 18 00 05 91 06 80 02 E2 0D 04 7A 18 06 41 0E C0 01 51 00 08 A9 00 
43272,9 tx hdr=0xF5 op=0x2D MOVE(x,y,z,rx,ry,state,tick) : 29,412 7 29,011 1,956 319,01 b5 i298506925
43273,3 rx src=FPKEAECEOPE len=5 F5 04 05 00 02 
43276,7 rx src=FPKEAECEOPE len=14 F5 03 0E 00 02 F2 0A C0 01 00 09 00 BB 00 
43290,0 rx src=FPKEAECEOPE len=44 F5 03 2C 00 00 49 07 C0 01 09 07 01 E2 05 03 18 04 C0 01 0F 0B 02 6D 05 06 3D 0E C0 01 46 00 08 AA 00 07 26 00 C0 01 8C 0F 02 ED 01 
43305,3 rx src=FPKEAECEOPE len=24 F5 03 18 00 01 51 0D 40 03 D8 01 0E 07 01 02 F2 0A C0 01 00 09 00 BC 00 
43305,3 rx src=FPKEAECEOPE len=14 F5 03 0E 00 05 AF 06 40 02 E3 0D 05 7C 18 
43318,1 tx hdr=0xF5 op=0x2D MOVE(x,y,z,rx,ry,state,tick) : 29,347 7 29,425 2,088 319,01 b1 i298506971
43318,3 rx src=FPKEAECEOPE len=14 F5 03 0E 00 00 53 07 C0 01 24 07 01 E2 05 
43339,2 rx src=FPKEAECEOPE len=14 F5 03 0E 00 03 11 04 C0 01 ED 0A 02 6B 05 
43352,4 rx src=FPKEAECEOPE len=34 F5 03 22 00 01 57 0D 40 03 D8 01 0E 07 01 06 3B 0E C0 01 3F 00 08 AB 00 07 20 00 C0 01 AB 0F 02 ED 01 
43358,2 rx src=FPKEAECEOPE len=14 F5 03 0E 00 05 CD 06 00 02 E4 0D 03 81 18 
43358,2 rx src=FPKEAECEOPE len=5 F5 04 05 00 02 
43364,7 tx hdr=0xF5 op=0x2D MOVE(x,y,z,rx,ry,state,tick) : 29,115 7 29,687 2,106 319,01 b9 i298507017
43373,4 rx src=FPKEAECEOPE len=24 F5 03 18 00 00 5A 07 C0 01 40 07 01 E2 05 02 F2 0A C0 01 00 09 01 BC 00 
43388,7 rx src=FPKEAECEOPE len=24 F5 03 18 00 03 0A 04 C0 01 CB 0A 02 67 05 06 39 0E C0 01 3B 00 07 AC 00 
43401,4 rx src=FPKEAECEOPE len=24 F5 03 18 00 01 5D 0D 40 03 D8 01 0E 07 01 07 20 00 C0 01 CA 0F 02 EB 01 
43407,7 rx src=FPKEAECEOPE len=5 F5 04 05 00 05 
43413,6 rx src=FPKEAECEOPE len=24 F5 03 18 00 00 56 07 C0 01 5B 07 01 E2 01 02 F2 0A C0 01 00 09 01 BC 00 
43421,7 tx hdr=0xF5 op=0x2D MOVE(x,y,z,rx,ry,state,tick) : 28,829 7 29,717 2,129 319,01 b8 i298507074
43422,0 rx src=FPKEAECEOPE len=14 F5 03 0E 00 05 EB 06 C0 01 E5 0D 02 85 19 
43440,0 rx src=FPKEAECEOPE len=14 F5 03 0E 00 07 20 00 C0 01 CA 0F 04 E8 01 
43442,8 rx src=FPKEAECEOPE len=14 F5 03 0E 00 03 04 04 C0 01 A9 0A 02 63 05 
43455,2 rx src=FPKEAECEOPE len=24 F5 03 18 00 01 59 0D 40 03 D8 01 0E 07 09 06 38 0E C0 01 39 00 06 AD 00 
43455,2 rx src=FPKEAECEOPE len=24 F5 03 18 00 00 47 07 C0 01 6B 07 01 E2 09 05 09 07 80 01 E6 0D 01 85 19 
43470,6 tx hdr=0xF5 op=0x2D MOVE(x,y,z,rx,ry,state,tick) : 28,511 7 29,608 1,548 319,16 b8 i298507123
43470,8 # net: TcpClient.Connected = True
43470,8 rx src=FPKEAECEOPE len=5 F5 04 05 00 02 
43483,3 rx src=FPKEAECEOPE len=14 F5 03 0E 00 06 2C 0E C0 01 32 00 06 AE 01 
43489,9 rx src=FPKEAECEOPE len=24 F5 03 18 00 02 F2 0A C0 01 00 09 01 BC 00 07 20 00 C0 01 DC 0F 07 E2 00 
43498,2 rx src=FPKEAECEOPE len=24 F5 03 18 00 01 4F 0D 40 03 D8 01 0E 07 09 03 00 04 C0 01 86 0A 03 61 05 
43515,8 tx hdr=0xF5 op=0x2D MOVE(x,y,z,rx,ry,state,tick) : 28,301 7 29,35 0,958 320,66 b10 i298507168
43516,1 rx src=FPKEAECEOPE len=14 F5 03 0E 00 02 F2 0A C0 01 00 09 01 BC 00 
43516,1 rx src=FPKEAECEOPE len=5 F5 04 05 00 05 
43519,7 rx src=FPKEAECEOPE len=34 F5 03 22 00 00 35 07 C0 01 6D 07 01 E2 08 05 26 07 80 01 E7 0D 01 87 09 06 19 0E C0 01 29 00 06 AF 01 
43536,8 tx hdr=0xF5 op=0x06 int3/6 : s18 s9 s41
43537,0 tx hdr=0xF5 op=0x04 HIT_REPORT(pos,seq,hits[]) :
43546,7 rx src=FPKEAECEOPE len=24 F5 03 18 00 03 FE 03 C0 01 63 0A 03 60 05 07 20 00 C0 01 DC 0F 0A DB 00 
43546,7 rx src=FPKEAECEOPE len=14 F5 03 0E 00 01 41 0D 40 03 D8 01 0E 08 09 
43561,2 rx src=FPKEAECEOPE len=24 F5 03 18 00 02 F2 0A C0 01 00 09 01 BC 00 05 3F 07 80 01 DC 0D 01 88 09 
43561,2 rx src=FPKEAECEOPE len=12 F5 34 0C 00 73 DB CA 11 C4 DB CA 11 
43561,2 rx src=FPKEAECEOPE len=14 F5 03 0E 00 00 20 07 C0 01 66 07 01 E2 08 
43566,0 tx hdr=0xF5 op=0x2D MOVE(x,y,z,rx,ry,state,tick) : 28,167 7 29,001 0,853 317,205 b10 i298507208
43574,7 rx src=FPKEAECEOPE len=14 F5 03 0E 00 06 01 0E C0 01 20 00 06 B0 01 
43591,0 rx src=FPKEAECEOPE len=5 F5 04 05 00 02 
43595,6 rx src=FPKEAECEOPE len=24 F5 03 18 00 03 FD 03 C0 01 40 0A 03 5D 05 07 20 00 C0 01 E0 0F 0B D7 00 
43606,2 rx src=FPKEAECEOPE len=14 F5 03 0E 00 01 31 0D 40 03 D8 01 0D 08 09 
43606,2 rx src=FPKEAECEOPE len=24 F5 03 18 00 00 13 07 C0 01 56 07 00 E4 0A 05 55 07 80 01 CC 0D 01 88 09 
43620,6 tx hdr=0xF5 op=0x2D MOVE(x,y,z,rx,ry,state,tick) : 28,071 7 28,598 0,774 319,752 b10 i298507263
43620,9 rx src=FPKEAECEOPE len=14 F5 03 0E 00 02 F2 0A C0 01 00 09 01 BC 00 
43620,9 rx src=FPKEAECEOPE len=14 F5 03 0E 00 06 E6 0D C0 01 20 00 06 B1 01 
43620,9 rx src=FPKEAECEOPE len=5 F5 04 05 00 05 
43621,0 rx src=FPKEAECEOPE len=5 F5 04 05 00 00 
43638,5 rx src=FPKEAECEOPE len=14 F5 03 0E 00 07 20 00 C0 01 E0 0F 0C D3 00 
43638,6 rx src=FPKEAECEOPE len=14 F5 03 0E 00 03 F4 03 C0 01 20 0A 03 5A 04 
43658,5 rx src=FPKEAECEOPE len=14 F5 03 0E 00 01 20 0D 40 03 F5 01 0D 09 09 
43658,5 rx src=FPKEAECEOPE len=14 F5 03 0E 00 00 0A 07 C0 01 40 07 00 E1 0A 
43658,5 rx src=FPKEAECEOPE len=5 F5 04 05 00 02 
43672,6 tx hdr=0xF5 op=0x2D MOVE(x,y,z,rx,ry,state,tick) : 27,983 7 28,165 0,359 324,021 b10 i298507315
43672,8 rx src=FPKEAECEOPE len=24 F5 03 18 00 02 F2 0A C0 01 00 09 01 BC 00 06 CA 0D C0 01 20 00 06 B2 01 
43688,5 rx src=FPKEAECEOPE len=14 F5 03 0E 00 03 E7 03 C0 01 01 0A 03 59 04 
43706,4 rx src=FPKEAECEOPE len=14 F5 03 0E 00 07 20 00 C0 01 E0 0F 0E C8 00 
43706,4 rx src=FPKEAECEOPE len=34 F5 03 22 00 01 20 0D 40 03 13 02 0D 0A 09 02 F2 0A C0 01 00 09 01 BC 00 05 5F 07 80 01 C1 0D 01 88 29 
43709,7 rx src=FPKEAECEOPE len=24 F5 03 18 00 00 04 07 C0 01 26 07 00 E3 0A 05 61 07 80 01 AD 0D 00 86 05 
43721,5 tx hdr=0xF5 op=0x2D MOVE(x,y,z,rx,ry,state,tick) : 28,046 7 27,75 0,596 323,272 b2 i298507364
43725,6 rx src=FPKEAECEOPE len=14 F5 03 0E 00 06 AD 0D C0 01 20 00 06 B5 01 
43725,6 rx src=FPKEAECEOPE len=5 F5 04 05 00 05 
43751,8 rx src=FPKEAECEOPE len=24 F5 03 18 00 03 DE 03 C0 01 EF 09 03 59 00 07 20 00 C0 01 DD 0F 12 B3 01 
43751,9 rx src=FPKEAECEOPE len=14 F5 03 0E 00 01 20 0D 40 03 31 02 0D 0A 09 
43757,4 rx src=FPKEAECEOPE len=14 F5 03 0E 00 05 56 07 80 01 A2 0D 00 82 04 
43757,4 rx src=FPKEAECEOPE len=5 F5 04 05 00 02 
43765,8 tx hdr=0xF5 op=0x2D MOVE(x,y,z,rx,ry,state,tick) : 28,216 7 27,358 0,834 317,154 b2 i298507408
43766,0 rx src=FPKEAECEOPE len=14 F5 03 0E 00 00 FE 06 C0 01 0A 07 00 E6 0A 
43772,9 rx src=FPKEAECEOPE len=24 F5 03 18 00 02 F2 0A C0 01 00 09 02 BB 00 06 8E 0D C0 01 20 00 06 B6 01 
43790,0 rx src=FPKEAECEOPE len=24 F5 03 18 00 03 DA 03 C0 01 E4 09 03 59 00 07 20 00 C0 01 D2 0F 16 A3 01 
43819,7 tx hdr=0xF5 op=0x2D MOVE(x,y,z,rx,ry,state,tick) : 28,454 7 26,985 1,155 315,363 b2 i298507462
43867,8 tx hdr=0xF5 op=0x2D MOVE(x,y,z,rx,ry,state,tick) : 28,734 7 26,624 1,261 314,941 b2 i298507510
43868,0 rx src=FPKEAECEOPE len=14 F5 03 0E 00 01 1A 0D 40 03 50 02 0D 0B 01 
43868,0 rx src=FPKEAECEOPE len=24 F5 03 18 00 02 F2 0A C0 01 00 09 01 BB 00 05 58 07 80 01 9E 0D 00 81 28 
43868,0 rx src=FPKEAECEOPE len=5 F5 05 05 00 28 
43868,1 rx src=FPKEAECEOPE len=7 F5 04 07 00 05 00 20 
43868,3 rx src=FPKEAECEOPE len=14 F5 03 0E 00 00 02 07 C0 01 EF 06 00 E5 02 
43868,3 rx src=FPKEAECEOPE len=14 F5 03 0E 00 06 6F 0D C0 01 20 00 06 B7 01 
43868,3 rx src=FPKEAECEOPE len=24 F5 03 18 00 03 D7 03 C0 01 DD 09 03 5B 00 07 20 00 C0 01 C1 0F 19 9B 01 
43868,3 rx src=FPKEAECEOPE len=14 F5 03 0E 00 01 1B 0D 40 03 6F 02 0D 0F 01 
43868,3 rx src=FPKEAECEOPE len=14 F5 03 0E 00 05 60 07 80 01 9C 0D 00 80 28 
43868,3 rx src=FPKEAECEOPE len=5 F5 04 05 00 02 
43868,4 rx src=FPKEAECEOPE len=14 F5 03 0E 00 00 0D 07 C0 01 D6 06 00 E1 02 
43868,4 rx src=FPKEAECEOPE len=14 F5 03 0E 00 02 F2 0A C0 01 00 09 02 BB 00 
43896,0 rx src=FPKEAECEOPE len=24 F5 03 18 00 03 D5 03 C0 01 D9 09 02 5C 00 06 50 0D C0 01 20 00 07 B9 01 
43905,2 rx src=FPKEAECEOPE len=34 F5 03 22 00 01 23 0D 40 03 8E 02 0D 16 01 02 F2 0A C0 01 00 09 02 BC 00 07 20 00 C0 01 AB 0F 1E 93 01 
43912,2 rx src=FPKEAECEOPE len=14 F5 03 0E 00 05 77 07 80 01 99 0D 00 80 08 
43920,1 tx hdr=0xF5 op=0x10 ready/16 :
43920,3 tx hdr=0xF5 op=0x2D MOVE(x,y,z,rx,ry,state,tick) : 29,04 7 26,272 1,252 314,547 b2 i298507563
43920,5 rx src=FPKEAECEOPE len=5 F5 05 05 00 0F 
43920,5 rx src=FPKEAECEOPE len=7 F5 04 07 00 05 00 20 
43936,6 rx src=FPKEAECEOPE len=14 F5 03 0E 00 07 20 00 C0 01 90 0F 21 8B 01 
43940,5 rx src=FPKEAECEOPE len=24 F5 03 18 00 03 D4 03 C0 01 D7 09 02 5C 00 06 30 0D C0 01 20 00 07 BC 01 
43940,5 rx src=FPKEAECEOPE len=24 F5 03 18 00 01 31 0D 40 03 AA 02 0D 1E 01 02 F2 0A C0 01 00 09 02 BD 00 
43953,8 rx src=FPKEAECEOPE len=14 F5 03 0E 00 00 1D 07 C0 01 BF 06 00 E0 02 
43970,4 tx hdr=0xF5 op=0x2D MOVE(x,y,z,rx,ry,state,tick) : 29,363 7 25,925 1,239 314,257 b2 i298507613
43970,8 rx src=FPKEAECEOPE len=14 F5 03 0E 00 00 2E 07 C0 01 A7 06 00 DF 02 
43987,5 rx src=FPKEAECEOPE len=14 F5 03 0E 00 05 78 07 80 01 98 0D 00 80 04 
44002,9 rx src=FPKEAECEOPE len=24 F5 03 18 00 03 DC 03 C0 01 E0 09 02 5B 08 07 20 00 C0 01 72 0F 24 81 01 
44002,9 rx src=FPKEAECEOPE len=34 F5 03 22 00 01 45 0D 40 03 C3 02 0D 27 01 02 F2 0A C0 01 00 09 02 BD 00 06 0F 0D C0 01 20 00 08 BF 01 
44002,9 rx src=FPKEAECEOPE len=14 F5 03 0E 00 05 6B 07 80 01 97 0D 00 80 04 
44016,6 tx hdr=0xF5 op=0x2D MOVE(x,y,z,rx,ry,state,tick) : 29,695 6 25,581 1,173 314,463 b18 i298507659
44016,9 rx src=FPKEAECEOPE len=14 F5 03 0E 00 00 42 07 C0 01 91 06 00 DF 02 
44034,3 rx src=FPKEAECEOPE len=14 F5 03 0E 00 06 EF 0C C0 01 20 00 08 C0 01 
44034,3 rx src=FPKEAECEOPE len=5 F5 04 05 00 05 
44049,1 rx src=FPKEAECEOPE len=14 F5 03 0E 00 03 E9 03 C0 01 F1 09 01 5A 08 
44049,1 rx src=FPKEAECEOPE len=24 F5 03 18 00 01 5F 0D 40 03 D3 02 10 3D 01 07 20 00 C0 01 53 0F 25 7C 01 
44054,0 rx src=FPKEAECEOPE len=24 F5 03 18 00 02 F2 0A C0 01 00 09 02 BD 00 05 57 07 80 01 96 0D 00 80 04 
44062,8 rx src=FPKEAECEOPE len=14 F5 03 0E 00 00 57 07 C0 01 7B 06 00 DF 02 
44070,7 tx hdr=0xF5 op=0x2D MOVE(x,y,z,rx,ry,state,tick) : 30,027 6 25,237 358,349 314,485 b2 i298507713
44103,0 rx src=FPKEAECEOPE len=24 F5 03 18 00 03 FA 03 C0 01 07 0A 01 59 08 06 CF 0C C0 01 20 00 08 C0 01 
44103,0 rx src=FPKEAECEOPE len=34 F5 03 22 00 01 7C 0D 40 03 DA 02 11 47 01 02 F2 0A C0 01 00 09 02 BD 00 07 20 00 C0 01 32 0F 25 7B 01 
44103,0 rx src=FPKEAECEOPE len=14 F5 03 0E 00 05 4B 07 80 01 96 0D 00 7F 24 
44120,0 tx hdr=0xF5 op=0x2D MOVE(x,y,z,rx,ry,state,tick) : 30,359 6 24,888 358,634 317,084 b2 i298507762
44120,4 rx src=FPKEAECEOPE len=24 F5 03 18 00 00 6C 07 80 01 65 06 00 DF 12 06 AE 0C C0 01 20 00 08 C1 01 
44137,6 rx src=FPKEAECEOPE len=14 F5 03 0E 00 07 21 00 C0 01 10 0F 25 7B 01 
44137,7 rx src=FPKEAECEOPE len=5 F5 04 05 00 05 
44154,4 tx hdr=0xF5 op=0x65 ? :
44154,7 rx src=FPKEAECEOPE len=5 F5 04 05 00 03 
44154,8 rx src=FPKEAECEOPE len=24 F5 03 18 00 01 96 0D 40 03 D2 02 11 47 05 02 00 0B C0 01 01 09 02 BD 02 
44158,9 rx src=FPKEAECEOPE len=14 F5 03 0E 00 03 0C 04 C0 01 1F 0A 01 59 08 
44170,2 tx hdr=0xF5 op=0x2D MOVE(x,y,z,rx,ry,state,tick) : 30,69 6 24,537 358,413 317,069 b2 i298507812
44170,5 rx src=FPKEAECEOPE len=24 F5 03 18 00 00 81 07 80 01 4F 06 FE DF 02 05 4A 07 80 01 96 0D 00 7F 28 
44186,9 rx src=FPKEAECEOPE len=14 F5 03 0E 00 06 9A 0C C0 01 20 00 08 C2 00 
44190,4 rx src=FPKEAECEOPE len=24 F5 03 18 00 03 20 04 C0 01 38 0A FF 5E 08 07 23 00 C0 01 EF 0E 25 7B 01 
44200,9 rx src=FPKEAECEOPE len=14 F5 03 0E 00 01 AD 0D 40 03 C3 02 12 45 05 
44206,9 rx src=FPKEAECEOPE len=14 F5 03 0E 00 02 15 0B C0 01 02 09 02 BD 02 
44219,9 tx hdr=0xF5 op=0x2D MOVE(x,y,z,rx,ry,state,tick) : 31,021 6 24,185 358,461 317,013 b2 i298507862
44220,2 rx src=FPKEAECEOPE len=14 F5 03 0E 00 00 96 07 80 01 38 06 FF E1 02 
44242,0 rx src=FPKEAECEOPE len=34 F5 03 22 00 03 37 04 C0 01 50 0A FD 63 08 06 8F 0C C0 01 20 00 07 C4 00 07 25 00 C0 01 CD 0E 24 7E 01 
44254,8 rx src=FPKEAECEOPE len=24 F5 03 18 00 01 C9 0D 40 03 BA 02 14 3E 01 02 2F 0B C0 01 04 09 01 BE 02 
44254,8 rx src=FPKEAECEOPE len=14 F5 03 0E 00 05 50 07 80 01 96 0D 00 7F 28 
44254,8 rx src=FPKEAECEOPE len=5 F5 04 05 00 05 
44259,5 rx src=FPKEAECEOPE len=14 F5 03 0E 00 00 AC 07 80 01 22 06 FE E1 02 
44271,3 tx hdr=0xF5 op=0x2D MOVE(x,y,z,rx,ry,state,tick) : 31,209 6 23,779 358,475 318,146 b10 i298507914
44271,7 rx src=FPKEAECEOPE len=14 F5 03 0E 00 05 63 07 80 01 96 0D 00 7F 08 
44276,8 rx src=FPKEAECEOPE len=14 F5 03 0E 00 06 88 0C C0 01 20 00 07 C4 00 
44292,3 rx src=FPKEAECEOPE len=24 F5 03 18 00 03 50 04 C0 01 67 0A FE 63 08 07 20 00 C0 01 AE 0E 1B 9C 01 
44305,6 rx src=FPKEAECEOPE len=24 F5 03 18 00 01 C9 0D 40 03 B9 02 17 33 01 02 4C 0B C0 01 05 09 01 BE 02 
44305,6 rx src=FPKEAECEOPE len=14 F5 03 0E 00 05 7C 07 80 01 96 0D FF 80 08 
44320,3 tx hdr=0xF5 op=0x2D MOVE(x,y,z,rx,ry,state,tick) : 31,303 5 23,343 358,474 320,522 b26 i298507963
44320,7 rx src=FPKEAECEOPE len=14 F5 03 0E 00 00 C1 07 80 01 0B 06 FE E1 02 
44336,8 rx src=FPKEAECEOPE len=14 F5 03 0E 00 07 20 00 C0 01 98 0E 16 B6 01 
44340,2 rx src=FPKEAECEOPE len=24 F5 03 18 00 03 50 04 C0 01 7E 0A FF 63 08 06 83 0C C0 01 20 00 06 C5 00 
44353,8 rx src=FPKEAECEOPE len=24 F5 03 18 00 01 C9 0D 40 03 BE 02 19 2F 01 02 6B 0B C0 01 04 09 FF C6 02 
44353,8 rx src=FPKEAECEOPE len=5 F5 04 05 00 05 
44370,4 tx hdr=0xF5 op=0x2D MOVE(x,y,z,rx,ry,state,tick) : 31,397 5 22,907 356,636 323,024 b10 i298508013
44370,9 rx src=FPKEAECEOPE len=24 F5 03 18 00 00 CD 07 80 01 F1 05 FE E2 0A 05 97 07 80 01 96 0D FF 80 08 
44386,8 rx src=FPKEAECEOPE len=14 F5 03 0E 00 06 81 0C C0 01 20 00 06 C6 00 
44389,8 rx src=FPKEAECEOPE len=14 F5 03 0E 00 03 61 04 C0 01 9A 0A 00 63 0A 
44403,4 rx src=FPKEAECEOPE len=24 F5 03 18 00 01 DB 0D 40 03 C1 02 1A 2B 00 07 20 00 C0 01 89 0E 16 B9 01 
44409,4 rx src=FPKEAECEOPE len=24 F5 03 18 00 02 8A 0B C0 01 01 09 FF C6 02 05 9B 07 40 01 96 0D FF 81 14 
44418,8 tx hdr=0xF5 op=0x2D MOVE(x,y,z,rx,ry,state,tick) : 31,423 5 22,453 356,421 323,863 b10 i298508061
44419,2 rx src=FPKEAECEOPE len=14 F5 03 0E 00 00 D3 07 40 01 D5 05 FE E3 1A 
44447,0 rx src=FPKEAECEOPE len=34 F5 03 22 00 03 61 04 C0 01 B8 0A 02 64 0A 06 7F 0C C0 01 20 00 05 C7 00 07 20 00 C0 01 7D 0E 14 B9 01 
44447,0 rx src=FPKEAECEOPE len=10 F5 14 0A 00 0D 00 10 00 1D 01 
44452,6 rx src=FPKEAECEOPE len=24 F5 03 18 00 01 DB 0D 40 03 C3 02 1C 25 00 02 AA 0B C0 01 FD 08 FF C6 02 
44474,3 tx hdr=0xF5 op=0x2D MOVE(x,y,z,rx,ry,state,tick) : 31,397 5 21,992 356,98 327,551 b10 i298508117
44518,2 tx hdr=0xF5 op=0x2D MOVE(x,y,z,rx,ry,state,tick) : 31,246 5 21,575 0,293 358,993 b10 i298508160
44523,8 rx src=FPKEAECEOPE len=14 F5 03 0E 00 00 D9 07 40 01 BA 05 FD E5 0A 
44523,8 rx src=FPKEAECEOPE len=7 F5 0B 07 00 00 05 00 
44524,5 rx src=FPKEAECEOPE len=8 F5 0C 08 00 05 00 00 00 
44524,7 rx src=FPKEAECEOPE len=10 F5 13 0A 00 00 01 02 00 2F 00 
44524,7 rx src=FPKEAECEOPE len=10 F5 13 0A 00 05 00 09 00 11 00 
44524,7 rx src=FPKEAECEOPE len=7 F5 04 07 00 05 00 10 
44524,7 rx src=FPKEAECEOPE len=5 F5 04 05 00 02 
44524,8 rx src=FPKEAECEOPE len=14 F5 03 0E 00 05 9F 07 40 01 97 0D FF 83 04 
44524,8 rx src=FPKEAECEOPE len=14 F5 03 0E 00 03 5F 04 C0 01 D6 0A 02 66 02 
44524,8 rx src=FPKEAECEOPE len=34 F5 03 22 00 01 DB 0D 40 03 CD 02 1D 22 01 06 7E 0C C0 01 20 00 05 C7 00 07 20 00 C0 01 74 0E 11 B6 01 
44524,8 rx src=FPKEAECEOPE len=24 F5 03 18 00 02 CA 0B C0 01 F8 08 FF C6 02 05 94 07 80 01 98 0D FF 83 04 
44538,1 tx hdr=0xF5 op=0x42 req/66 :
44538,3 rx src=FPKEAECEOPE len=14 F5 03 0E 00 06 7E 0C C0 01 20 00 05 C7 00 
44543,5 rx src=FPKEAECEOPE len=24 F5 03 18 00 03 57 04 C0 01 F4 0A 01 68 02 07 20 00 C0 01 6A 0E 0F B3 01 
44556,7 rx src=FPKEAECEOPE len=14 F5 03 0E 00 01 F0 0D 00 03 DD 02 1D 22 11 
44560,9 rx src=FPKEAECEOPE len=24 F5 03 18 00 02 EB 0B C0 01 F3 08 00 C6 02 05 9B 07 40 01 98 0D FF 83 18 
44574,3 rx src=FPKEAECEOPE len=5 F5 04 05 00 02 
44574,4 rx src=FPKEAECEOPE len=5 F5 04 05 00 05 
44590,6 rx src=FPKEAECEOPE len=14 F5 03 0E 00 06 7E 0C C0 01 20 00 05 C7 00 
44590,6 rx src=FPKEAECEOPE len=24 F5 03 18 00 03 4A 04 C0 01 11 0B 01 68 02 07 20 00 C0 01 5E 0E 0D B0 01 
44608,0 rx src=FPKEAECEOPE len=14 F5 03 0E 00 01 04 0E 00 03 EC 02 1D 21 01 
44613,4 rx src=FPKEAECEOPE len=24 F5 03 18 00 02 FE 0B C0 01 F0 08 01 C5 00 05 A1 07 40 01 98 0D FF 83 08 
44639,7 rx src=FPKEAECEOPE len=34 F5 03 22 00 03 3B 04 C0 01 2F 0B 01 69 02 06 7E 0C C0 01 20 00 05 C7 00 07 20 00 C0 01 52 0E 0C AD 01 
44657,4 tx hdr=0xF5 op=0x42 req/66 :
44657,7 rx src=FPKEAECEOPE len=14 F5 03 0E 00 01 1B 0E C0 02 FF 02 1D 21 11 
44657,7 rx src=FPKEAECEOPE len=24 F5 03 18 00 02 0A 0C C0 01 EE 08 02 C5 00 05 B2 07 40 01 96 0D FF 83 08 
44661,7 rx src=FPKEAECEOPE len=5 F5 04 05 00 05 
44674,8 rx src=FPKEAECEOPE len=14 F5 03 0E 00 06 7E 0C C0 01 20 00 05 C6 00 
44674,8 rx src=FPKEAECEOPE len=5 F5 04 05 00 02 
44690,9 rx src=FPKEAECEOPE len=14 F5 03 0E 00 07 20 00 C0 01 42 0E 0A A5 01 
44694,7 rx src=FPKEAECEOPE len=24 F5 03 18 00 01 31 0E C0 02 11 03 1D 21 01 03 2B 04 C0 01 4D 0B 01 6A 02 
44707,0 rx src=FPKEAECEOPE len=24 F5 03 18 00 02 11 0C C0 01 ED 08 02 C5 00 05 AF 07 40 01 96 0D FF 81 04 
44728,5 rx src=FPKEAECEOPE len=14 F5 03 0E 00 06 71 0C C0 01 21 00 05 C5 01 
44754,2 rx src=FPKEAECEOPE len=24 F5 03 18 00 03 1B 04 C0 01 6B 0B 01 6B 02 07 20 00 C0 01 2D 0E 09 9A 01 
44754,2 rx src=FPKEAECEOPE len=14 F5 03 0E 00 01 49 0E C0 02 26 03 1D 21 01 
44754,2 rx src=FPKEAECEOPE len=24 F5 03 18 00 02 15 0C C0 01 ED 08 02 C5 00 05 A1 07 40 01 97 0D FF 81 04 
44778,8 tx hdr=0xF5 op=0x42 req/66 :
44779,1 rx src=FPKEAECEOPE len=5 F5 04 05 00 02 
44789,1 rx src=FPKEAECEOPE len=14 F5 03 0E 00 06 5D 0C C0 01 24 00 05 C4 01 
44789,1 rx src=FPKEAECEOPE len=5 F5 04 05 00 05 
44793,9 rx src=FPKEAECEOPE len=24 F5 03 18 00 03 0A 04 C0 01 8A 0B 01 6B 02 07 20 00 C0 01 14 0E 0A 90 01 
44803,9 rx src=FPKEAECEOPE len=14 F5 03 0E 00 01 60 0E 80 02 3D 03 1A 1D 11 
44808,4 rx src=FPKEAECEOPE len=24 F5 03 18 00 02 18 0C C0 01 EC 08 02 C5 00 05 96 07 80 01 97 0D FF 80 24 
44839,1 rx src=FPKEAECEOPE len=24 F5 03 18 00 03 F9 03 C0 01 A8 0B 01 6B 02 06 43 0C C0 01 27 00 05 C3 01 
44851,9 rx src=FPKEAECEOPE len=14 F5 03 0E 00 01 77 0E 80 02 53 03 17 16 01 
44855,5 rx src=FPKEAECEOPE len=24 F5 03 18 00 02 19 0C C0 01 EC 08 02 C6 00 07 20 00 C0 01 F7 0D 0B 88 01 
44868,6 rx src=FPKEAECEOPE len=14 F5 03 0E 00 05 89 07 80 01 97 0D FF 80 24 
44872,2 rx src=FPKEAECEOPE len=5 F5 04 05 00 02 
44888,7 rx src=FPKEAECEOPE len=24 F5 03 18 00 06 27 0C C0 01 2A 00 05 C3 01 07 20 00 C0 01 F7 0D 0B 87 01 
44900,3 rx src=FPKEAECEOPE len=14 F5 03 0E 00 03 E8 03 C0 01 C7 0B 01 6B 02 
44905,4 tx hdr=0xF5 op=0x42 req/66 :
44905,6 rx src=FPKEAECEOPE len=24 F5 03 18 00 01 92 0E 80 02 67 03 15 0F 05 02 1A 0C C0 01 EC 08 02 C6 00 
44917,8 rx src=FPKEAECEOPE len=5 F5 04 05 00 05 
44921,2 rx src=FPKEAECEOPE len=14 F5 03 0E 00 06 09 0C C0 01 2C 00 05 C2 01 
44934,5 rx src=FPKEAECEOPE len=14 F5 03 0E 00 05 6D 07 80 01 97 0D FF 80 04 
44934,6 rx src=FPKEAECEOPE len=14 F5 03 0E 00 07 20 00 C0 01 F7 0D 0C 87 01 
44951,2 rx src=FPKEAECEOPE len=14 F5 03 0E 00 03 DD 03 C0 01 D9 0B 01 6A 00 
44951,2 rx src=FPKEAECEOPE len=24 F5 03 18 00 01 AC 0E 80 02 7B 03 10 04 05 02 1A 0C C0 01 EC 08 02 C6 00 
44967,7 rx src=FPKEAECEOPE len=14 F5 03 0E 00 06 EA 0B C0 01 2E 00 05 C1 01 
44983,7 rx src=FPKEAECEOPE len=14 F5 03 0E 00 05 4F 07 80 01 97 0D FF 7F 04 
44983,7 rx src=FPKEAECEOPE len=5 F5 04 05 00 02 
44988,5 rx src=FPKEAECEOPE len=14 F5 03 0E 00 03 D7 03 C0 01 E4 0B 01 6A 00 
45000,3 rx src=FPKEAECEOPE len=24 F5 03 18 00 01 BB 0E 80 02 95 03 0A FA 01 07 20 00 C0 01 F7 0D 0C 86 01 
45000,3 rx src=FPKEAECEOPE len=5 F5 04 05 00 05 
45017,8 rx src=FPKEAECEOPE len=14 F5 03 0E 00 02 1A 0C C0 01 EC 08 02 C6 00 
45017,8 rx src=FPKEAECEOPE len=14 F5 03 0E 00 05 31 07 80 01 97 0D 00 7E 04 
45035,6 tx hdr=0xF5 op=0x42 req/66 :
45036,0 rx src=FPKEAECEOPE len=14 F5 03 0E 00 06 CA 0B C0 01 2F 00 05 C0 01 
45051,4 rx src=FPKEAECEOPE len=24 F5 03 18 00 03 D4 03 C0 01 EB 0B 01 6A 00 07 20 00 C0 01 F7 0D 0C 86 01 
45051,4 rx src=FPKEAECEOPE len=34 F5 03 22 00 01 C3 0E 80 02 A4 03 0A FA 00 02 1A 0C C0 01 EC 08 02 C6 00 05 12 07 80 01 96 0D 00 7E 04 
45068,0 rx src=FPKEAECEOPE len=5 F5 04 05 00 02 
45083,7 rx src=FPKEAECEOPE len=24 F5 03 18 00 06 AA 0B C0 01 30 00 05 C0 01 07 20 00 C0 01 F7 0D 0C 86 01 
45100,4 rx src=FPKEAECEOPE len=14 F5 03 0E 00 03 C5 03 C0 01 E8 0B 01 69 04 
45100,4 rx src=FPKEAECEOPE len=13 F5 0A 0D 00 04 0D 00 07 00 3A 00 80 00 
45100,8 rx src=FPKEAECEOPE len=24 F5 03 18 00 01 C8 0E 80 02 AD 03 0A FA 00 04 60 03 C0 01 A0 0E 02 80 01 
45118,6 rx src=FPKEAECEOPE len=14 F5 03 0E 00 02 1A 0C C0 01 EC 08 02 C6 00 
45188,0 rx src=FPKEAECEOPE len=14 F5 03 0E 00 05 F2 06 80 01 95 0D 01 7D 04 
45188,0 rx src=FPKEAECEOPE len=14 F5 03 0E 00 06 8A 0B C0 01 31 00 05 C0 01 
45188,0 rx src=FPKEAECEOPE len=5 F5 04 05 00 05 
45188,2 rx src=FPKEAECEOPE len=24 F5 03 18 00 03 B1 03 C0 01 DE 0B 01 69 04 07 20 00 C0 01 F7 0D 0C 86 01 
45188,2 rx src=FPKEAECEOPE len=24 F5 03 18 00 01 CC 0E 80 02 B3 03 0A FA 00 02 1A 0C C0 01 EC 08 02 C6 00 
45188,2 rx src=FPKEAECEOPE len=14 F5 03 0E 00 05 E2 06 80 01 94 0D 01 7C 24 
45200,1 rx src=FPKEAECEOPE len=24 F5 03 18 00 03 A5 03 C0 01 D9 0B 01 68 00 06 6A 0B C0 01 33 00 05 C2 01 
45200,1 rx src=FPKEAECEOPE len=24 F5 03 18 00 01 CD 0E 80 02 B6 03 0A FA 00 07 20 00 C0 01 F7 0D 0C 86 01 
45217,1 rx src=FPKEAECEOPE len=14 F5 03 0E 00 02 1A 0C C0 01 EC 08 02 C6 00 
45233,5 rx src=FPKEAECEOPE len=14 F5 03 0E 00 05 DF 06 80 01 94 0D 01 7C 28 
45233,5 rx src=FPKEAECEOPE len=5 F5 04 05 00 05 
45250,6 rx src=FPKEAECEOPE len=24 F5 03 18 00 03 9D 03 C0 01 D5 0B 01 68 00 07 20 00 C0 01 F7 0D 0C 86 01 
45250,6 rx src=FPKEAECEOPE len=24 F5 03 18 00 01 CF 0E 80 02 B8 03 09 FA 00 06 49 0B C0 01 35 00 06 C5 01 
45267,5 rx src=FPKEAECEOPE len=14 F5 03 0E 00 02 1A 0C C0 01 EC 08 02 C6 00 
45267,5 rx src=FPKEAECEOPE len=14 F5 03 0E 00 05 E4 06 80 01 95 0D 01 7B 28 
45282,9 rx src=FPKEAECEOPE len=14 F5 03 0E 00 06 29 0B C0 01 39 00 06 C6 01 
45287,5 rx src=FPKEAECEOPE len=14 F5 03 0E 00 07 20 00 C0 01 F7 0D 0C 88 01 
45297,1 rx src=FPKEAECEOPE len=24 F5 03 18 00 01 CF 0E 80 02 BA 03 09 FA 00 03 99 03 C0 01 D3 0B 01 68 00 
45303,3 rx src=FPKEAECEOPE len=24 F5 03 18 00 02 1A 0C C0 01 EC 08 02 C6 00 05 F6 06 80 01 97 0D 01 7B 08 
45335,8 rx src=FPKEAECEOPE len=5 F5 04 05 00 05 
45351,2 rx src=FPKEAECEOPE len=34 F5 03 22 00 03 8A 03 C0 01 CA 0B 01 68 04 06 09 0B C0 01 3D 00 06 C8 01 07 20 00 C0 01 F7 0D 0C 89 01 
45351,2 rx src=FPKEAECEOPE len=24 F5 03 18 00 01 D0 0E 80 02 BA 03 09 FA 00 02 1A 0C C0 01 EC 08 02 C6 00 
45367,0 rx src=FPKEAECEOPE len=14 F5 03 0E 00 05 0D 07 80 01 9A 0D 01 7A 08 
45384,5 rx src=FPKEAECEOPE len=14 F5 03 0E 00 06 E9 0A C0 01 44 00 06 CA 01 
45399,2 rx src=FPKEAECEOPE len=14 F5 03 0E 00 03 76 03 C0 01 BD 0B 01 68 04 
45399,2 rx src=FPKEAECEOPE len=24 F5 03 18 00 01 D0 0E 80 02 BA 03 09 FA 00 07 20 00 C0 01 E3 0D 0D 7E 00 
45413,3 rx src=FPKEAECEOPE len=24 F5 03 18 00 02 1A 0C C0 01 EC 08 02 C6 00 05 28 07 80 01 9F 0D 01 75 08 
45413,3 rx src=FPKEAECEOPE len=6 F5 0F 06 00 04 00 
45428,8 rx src=FPKEAECEOPE len=14 F5 03 0E 00 06 C9 0A C0 01 4B 00 06 CB 01 
45434,2 rx src=FPKEAECEOPE len=14 F5 03 0E 00 04 60 03 C0 01 A0 0E FD 80 00 
45442,8 rx src=FPKEAECEOPE len=14 F5 03 0E 00 03 5E 03 C0 01 AD 0B 01 67 04 
45451,3 rx src=FPKEAECEOPE len=24 F5 03 18 00 01 D0 0E 80 02 BA 03 09 F9 00 07 20 00 C0 01 E3 0D 0D 6B 00 
45451,3 rx src=FPKEAECEOPE len=5 F5 04 05 00 05 
45456,7 rx src=FPKEAECEOPE len=14 F5 03 0E 00 02 1A 0C C0 01 EC 08 02 C6 00 
45466,3 rx src=FPKEAECEOPE len=14 F5 03 0E 00 05 43 07 80 01 A7 0D 01 72 08 
45498,9 rx src=FPKEAECEOPE len=44 F5 03 2C 00 01 D0 0E 80 02 BA 03 08 F8 00 03 50 03 C0 01 A4 0B 01 67 00 06 AA 0A C0 01 54 00 06 CE 01 07 20 00 C0 01 DC 0D 0D 6A 00 
45502,5 rx src=FPKEAECEOPE len=24 F5 03 18 00 02 1A 0C C0 01 EC 08 01 C6 00 04 60 03 C0 01 A0 0E FD 80 00 
45513,5 rx src=FPKEAECEOPE len=14 F5 03 0E 00 05 60 07 80 01 B0 0D 00 6F 08 
45542,4 rx src=FPKEAECEOPE len=24 F5 03 18 00 06 8B 0A C0 01 5E 00 06 CF 01 07 20 00 C0 01 DC 0D 0D 6A 00 
45549,9 rx src=FPKEAECEOPE len=14 F5 03 0E 00 03 47 03 C0 01 9E 0B 01 67 00 
45555,3 rx src=FPKEAECEOPE len=44 F5 03 2C 00 01 D0 0E 80 02 BA 03 08 F8 00 02 1A 0C C0 01 EC 08 01 C6 00 04 60 03 C0 01 A0 0E FD 80 00 05 7D 07 80 01 BB 0D 00 6F 08 
45586,2 rx src=FPKEAECEOPE len=14 F5 03 0E 00 06 6C 0A C0 01 69 00 06 D0 01 
45586,2 rx src=FPKEAECEOPE len=5 F5 04 05 00 07 
45595,7 rx src=FPKEAECEOPE len=14 F5 03 0E 00 03 42 03 C0 01 9B 0B 01 67 00 
45601,8 rx src=FPKEAECEOPE len=24 F5 03 18 00 01 D0 0E 80 02 BA 03 08 F9 00 04 60 03 C0 01 A0 0E FD 80 00 
45610,4 rx src=FPKEAECEOPE len=34 F5 03 22 00 02 1A 0C C0 01 EC 08 01 C6 00 05 9A 07 B8 01 C6 0D 00 6F 18 07 20 00 C0 01 D9 0D 0C 6A 00 
45624,2 rx src=FPKEAECEOPE len=14 F5 03 0E 00 06 5A 0A C0 01 70 00 06 D1 00 
45649,3 rx src=FPKEAECEOPE len=14 F5 03 0E 00 03 3F 03 C0 01 99 0B 01 66 00 
45649,3 rx src=FPKEAECEOPE len=34 F5 03 22 00 01 D0 0E 80 02 BA 03 07 FA 00 04 60 03 C0 01 A0 0E FD 80 00 07 20 00 C0 01 D9 0D 0C 6A 00 
45666,2 rx src=FPKEAECEOPE len=24 F5 03 18 00 02 1A 0C C0 01 EC 08 01 C6 00 05 B7 07 E1 01 D2 0D 01 6F 18 
45681,4 rx src=FPKEAECEOPE len=5 F5 04 05 00 07 
45696,8 rx src=FPKEAECEOPE len=24 F5 03 18 00 03 3D 03 C0 01 97 0B 01 66 00 06 5A 0A C0 01 74 00 06 D2 00 
45696,8 rx src=FPKEAECEOPE len=34 F5 03 22 00 01 D0 0E 80 02 BA 03 07 FA 00 04 60 03 C0 01 A0 0E FD 80 00 07 20 00 C0 01 D9 0D 0C 6A 00 
45713,1 rx src=FPKEAECEOPE len=14 F5 03 0E 00 02 1A 0C C0 01 EC 08 01 C6 00 
45729,9 rx src=FPKEAECEOPE len=14 F5 03 0E 00 05 D4 07 FA 01 DD 0D 01 6E 18 
45747,3 rx src=FPKEAECEOPE len=44 F5 03 2C 00 01 CE 0E 80 02 C8 03 07 FA 01 03 3C 03 C0 01 97 0B 01 65 00 06 5A 0A C0 01 77 00 06 D2 00 07 20 00 C0 01 D9 0D 0C 6A 00 
45762,0 rx src=FPKEAECEOPE len=34 F5 03 22 00 02 1A 0C C0 01 EC 08 01 C6 00 04 60 03 C0 01 A0 0E FD 80 00 05 F1 07 05 02 E8 0D 02 6A 18 
45768,4 rx src=FPKEAECEOPE len=14 F5 03 0E 00 06 5A 0A C0 01 78 00 06 D3 00 
45768,4 rx src=FPKEAECEOPE len=5 F5 04 05 00 07 
45848,8 rx src=FPKEAECEOPE len=24 F5 03 18 00 03 3B 03 C0 01 96 0B 01 65 00 07 20 00 C0 01 D9 0D 0C 6A 00 
45848,8 rx src=FPKEAECEOPE len=24 F5 03 18 00 01 CB 0E 80 02 DE 03 07 FA 01 04 60 03 C0 01 A0 0E FD 80 00 
45848,8 rx src=FPKEAECEOPE len=24 F5 03 18 00 02 1A 0C C0 01 EC 08 01 C6 00 05 0E 08 00 02 F4 0D 03 69 18 
45848,8 rx src=FPKEAECEOPE len=14 F5 03 0E 00 06 5A 0A C0 01 79 00 06 D3 00 
45848,8 rx src=FPKEAECEOPE len=24 F5 03 18 00 03 3B 03 C0 01 96 0B 01 65 00 04 60 03 C0 01 A0 0E FD 80 00 
45848,8 rx src=FPKEAECEOPE len=14 F5 03 0E 00 01 C7 0E 80 02 F9 03 07 FB 01 
45848,8 rx src=FPKEAECEOPE len=5 F5 04 05 00 07 
45864,5 rx src=FPKEAECEOPE len=24 F5 03 18 00 02 1A 0C C0 01 EC 08 01 C6 00 05 2C 08 EB 01 FF 0D 04 69 18 
45864,5 rx src=FPKEAECEOPE len=14 F5 03 0E 00 07 20 00 C0 01 D9 0D 0C 6A 00 
45896,6 rx src=FPKEAECEOPE len=34 F5 03 22 00 04 60 03 C0 01 A0 0E FD 80 00 06 5A 0A C0 01 79 00 06 D2 00 07 20 00 C0 01 D9 0D 0C 6A 00 
45896,6 rx src=FPKEAECEOPE len=34 F5 03 22 00 01 C4 0E 80 02 17 04 07 FB 01 03 30 03 C0 01 8E 0B 01 65 04 05 49 08 C7 01 0B 0E 04 69 18 
45911,2 rx src=FPKEAECEOPE len=14 F5 03 0E 00 02 1A 0C C0 01 EC 08 01 C6 00 
45927,8 rx src=FPKEAECEOPE len=14 F5 03 0E 00 06 59 0A C0 01 7A 00 06 D1 00 
45927,8 rx src=FPKEAECEOPE len=5 F5 04 05 00 07 
45941,6 rx src=FPKEAECEOPE len=14 F5 03 0E 00 05 66 08 94 01 16 0E 04 6A 18 
45949,5 rx src=FPKEAECEOPE len=14 F5 03 0E 00 03 1E 03 C0 01 80 0B 01 64 04 
45949,5 rx src=FPKEAECEOPE len=34 F5 03 22 00 01 C0 0E 80 02 36 04 07 FB 01 04 60 03 C0 01 92 0E FD 80 01 07 20 00 C0 01 D9 0D 0C 6A 00 
45964,7 rx src=FPKEAECEOPE len=14 F5 03 0E 00 02 1A 0C C0 01 EC 08 01 C6 00 
45982,5 rx src=FPKEAECEOPE len=14 F5 03 0E 00 06 59 0A C0 01 7F 00 06 D0 01 
45997,7 rx src=FPKEAECEOPE len=24 F5 03 18 00 03 1E 03 C0 01 77 0B 01 64 00 07 20 00 C0 01 D9 0D 0C 6A 00 
46001,2 rx src=FPKEAECEOPE len=24 F5 03 18 00 01 BC 0E 80 02 57 04 07 FB 01 04 60 03 C0 01 92 0E FD 80 01 
46012,0 rx src=FPKEAECEOPE len=24 F5 03 18 00 02 1A 0C C0 01 EC 08 01 C6 00 05 66 08 54 01 21 0E 05 66 18 
46017,4 rx src=FPKEAECEOPE len=5 F5 10 05 00 00 
46017,5 rx src=FPKEAECEOPE len=5 F5 04 05 00 07 
46041,2 rx src=FPKEAECEOPE len=44 F5 03 2C 00 03 1E 03 C0 01 72 0B 01 64 00 05 66 08 40 01 21 0E 08 60 08 06 59 0A C0 01 87 00 06 D0 01 07 20 00 C0 01 D9 0D 0C 6A 00 
46048,3 rx src=FPKEAECEOPE len=24 F5 03 18 00 01 C3 0E 80 02 76 04 07 FB 05 04 60 03 C0 01 A0 0E FD 80 00 
46055,0 rx src=FPKEAECEOPE len=14 F5 03 0E 00 02 27 0C C0 01 EA 08 01 C6 02 
46092,5 rx src=FPKEAECEOPE len=24 F5 03 18 00 05 66 08 40 01 21 0E 0C 57 08 06 59 0A C0 01 91 00 06 D0 01 
46098,3 rx src=FPKEAECEOPE len=34 F5 03 22 00 01 CF 0E 80 02 93 04 07 FB 05 03 1A 03 C0 01 6F 0B 01 64 00 04 60 03 C0 01 A0 0E FE 7F 00 
46098,3 rx src=FPKEAECEOPE len=5 F5 04 05 00 07 
46111,9 rx src=FPKEAECEOPE len=24 F5 03 18 00 02 3C 0C C0 01 E7 08 01 C6 02 07 20 00 C0 01 D9 0D 0C 6A 00 
46136,0 rx src=FPKEAECEOPE len=14 F5 03 0E 00 07 20 00 C0 01 D9 0D 0C 6A 00 
46151,0 rx src=FPKEAECEOPE len=34 F5 03 22 00 03 1A 03 C0 01 6D 0B 01 64 00 05 66 08 78 01 21 0E 0C 55 18 06 3F 0A C0 01 9C 00 06 D0 01 
46151,0 rx src=FPKEAECEOPE len=24 F5 03 18 00 01 E0 0E 40 02 AF 04 07 FB 15 04 60 03 C0 01 A0 0E FF 7F 00 
46165,6 rx src=FPKEAECEOPE len=14 F5 03 0E 00 02 56 0C C0 01 E3 08 01 C6 02 
46169,8 rx src=FPKEAECEOPE len=10 F5 06 0A 00 00 00 09 00 36 00 
46180,4 rx src=FPKEAECEOPE len=14 F5 03 0E 00 06 23 0A C0 01 9C 00 06 D0 01 
46180,4 rx src=FPKEAECEOPE len=5 F5 04 05 00 07 
46193,6 rx src=FPKEAECEOPE len=14 F5 03 0E 00 03 1A 03 C0 01 6C 0B 01 64 00 
46199,5 rx src=FPKEAECEOPE len=34 F5 03 22 00 01 F0 0E 40 02 CB 04 06 FC 01 04 60 03 C0 01 A0 0E FF 7F 00 07 20 00 C0 01 D9 0D 0C 6A 00 
46208,3 rx src=FPKEAECEOPE len=24 F5 03 18 00 02 73 0C C0 01 DE 08 01 C6 02 05 66 08 A1 01 21 0E 0B 52 18 
46236,8 rx src=FPKEAECEOPE len=14 F5 03 0E 00 06 12 0A C0 01 A3 00 05 CF 00 
46241,6 rx src=FPKEAECEOPE len=34 F5 03 22 00 03 1A 03 C0 01 6C 0B 01 64 20 05 66 08 BA 01 21 0E 0B 51 18 07 20 00 C0 01 D9 0D 0C 6A 00 
46252,2 rx src=FPKEAECEOPE len=24 F5 03 18 00 01 F9 0E 40 02 EA 04 07 FF 01 04 60 03 C0 01 A0 0E 00 7F 00 
46268,7 rx src=FPKEAECEOPE len=14 F5 03 0E 00 02 91 0C C0 01 DA 08 01 C6 02 
46268,8 rx src=FPKEAECEOPE len=5 F5 04 05 00 07 
46289,4 rx src=FPKEAECEOPE len=14 F5 03 0E 00 07 20 00 C0 01 D9 0D 0C 6A 00 
46299,2 rx src=FPKEAECEOPE len=44 F5 03 2C 00 01 FF 0E 40 02 0A 05 08 02 01 03 1A 03 C0 01 6C 0B 01 64 20 04 60 03 C0 01 A0 0E 00 7F 00 06 08 0A C0 01 A3 00 05 CE 00 
46316,7 rx src=FPKEAECEOPE len=14 F5 03 0E 00 02 B1 0C C0 01 D5 08 01 C6 02 
46321,0 rx src=FPKEAECEOPE len=14 F5 03 0E 00 06 02 0A C0 01 A6 00 05 CD 00 
46337,1 rx src=FPKEAECEOPE len=14 F5 03 0E 00 05 66 08 C5 01 21 0E 0B 51 18 
46348,9 rx src=FPKEAECEOPE len=34 F5 03 22 00 01 04 0F 00 02 2B 05 08 02 11 03 1A 03 C0 01 6C 0B 01 64 20 05 7B 08 C0 01 37 0E 0B 51 18 
46353,0 rx src=FPKEAECEOPE len=14 F5 03 0E 00 04 60 03 C0 01 A0 0E 00 7F 00 
46364,5 rx src=FPKEAECEOPE len=14 F5 03 0E 00 02 D1 0C C0 01 D0 08 01 C6 02 
46364,5 rx src=FPKEAECEOPE len=5 F5 04 05 00 07 
46380,5 rx src=FPKEAECEOPE len=24 F5 03 18 00 06 FF 09 C0 01 A6 00 04 CB 00 07 20 00 C0 01 D9 0D 0C 6A 00 
46397,1 rx src=FPKEAECEOPE len=14 F5 03 0E 00 03 1F 03 C0 01 71 0B 01 64 28 
46401,2 rx src=FPKEAECEOPE len=34 F5 03 22 00 01 09 0F C0 01 4C 05 08 02 11 04 60 03 C0 01 A0 0E 00 7F 00 07 20 00 C0 01 D9 0D 0C 6A 00 
46414,5 rx src=FPKEAECEOPE len=24 F5 03 18 00 02 F1 0C C0 01 CB 08 01 C6 02 05 90 08 C0 01 4D 0E 0B 52 08 
46513,7 rx src=FPKEAECEOPE len=34 F5 03 22 00 03 28 03 C0 01 77 0B 01 64 28 05 A3 08 C0 01 65 0E 0A 52 08 06 FC 09 C0 01 A6 00 04 C8 00 
46513,7 rx src=FPKEAECEOPE len=6 F5 0F 06 00 04 02 
46513,8 rx src=FPKEAECEOPE len=5 F5 04 05 00 07 
46514,1 rx src=FPKEAECEOPE len=14 F5 03 0E 00 01 0E 0F C0 01 6E 05 08 03 01 
46514,2 rx src=FPKEAECEOPE len=34 F5 03 22 00 02 11 0D C0 01 C6 08 01 C6 02 04 60 03 C0 01 A0 0E 00 7F 00 07 20 00 C0 01 D9 0D 0C 6A 00 
46514,2 rx src=FPKEAECEOPE len=13 F5 0A 0D 00 00 3D 00 07 00 18 00 C0 01 
46515,7 tx hdr=0xF5 op=0x0F slot/15 : b0
46519,7 rx src=FPKEAECEOPE len=24 F5 03 18 00 00 60 0F C0 01 20 06 FD C0 0A 06 FB 09 C0 01 A6 00 04 C4 00 
46519,7 rx src=FPKEAECEOPE len=24 F5 03 18 00 05 B3 08 C0 01 7F 0E 09 53 08 07 20 00 C0 01 D9 0D 0C 6A 00 
46519,7 rx src=FPKEAECEOPE len=34 F5 03 22 00 01 12 0F C0 01 8F 05 07 03 01 03 33 03 C0 01 80 0B 01 65 28 04 60 03 C0 01 A0 0E 00 7F 00 
46519,7 rx src=FPKEAECEOPE len=14 F5 03 0E 00 02 32 0D C0 01 C1 08 01 C6 02 
46529,4 tx hdr=0xF5 op=0x2D MOVE(x,y,z,rx,ry,state,tick) : 60,91 7 23,75 0,197 269,85 b0 i298510172
46534,7 rx src=FPKEAECEOPE len=14 F5 03 0E 00 05 C4 08 C0 01 9A 0E 08 54 08 
46534,7 rx src=FPKEAECEOPE len=5 F5 04 05 00 07 
46548,1 rx src=FPKEAECEOPE len=14 F5 03 0E 00 03 3F 03 C0 01 89 0B 01 65 28 
46562,9 rx src=FPKEAECEOPE len=34 F5 03 22 00 01 15 0F C0 01 B1 05 07 03 01 04 60 03 C0 01 A0 0E 00 7F 00 06 ED 09 C0 01 A6 00 04 C0 01 
46562,9 rx src=FPKEAECEOPE len=24 F5 03 18 00 02 53 0D C0 01 BC 08 01 C6 02 07 20 00 C0 01 D9 0D 0C 6A 00 
46582,6 tx hdr=0xF5 op=0x2D MOVE(x,y,z,rx,ry,state,tick) : 60,856 7 23,6 0,197 269,4 b0 i298510225
46582,9 rx src=FPKEAECEOPE len=14 F5 03 0E 00 06 D8 09 C0 01 A6 00 04 BF 01 
46593,9 rx src=FPKEAECEOPE len=24 F5 03 18 00 03 4C 03 C0 01 93 0B 01 65 28 05 D4 08 C0 01 B5 0E 08 55 08 
46599,1 rx src=FPKEAECEOPE len=34 F5 03 22 00 01 19 0F C0 01 D3 05 07 03 01 04 60 03 C0 01 A0 0E 00 7F 00 07 20 00 C0 01 D9 0D 0C 6A 00 
46599,1 rx src=FPKEAECEOPE len=14 F5 03 0E 00 02 74 0D C0 01 B7 08 01 C6 02 
46599,1 rx src=FPKEAECEOPE len=6 F5 0F 06 00 00 00 
46614,3 rx src=FPKEAECEOPE len=5 F5 04 05 00 07 
46614,4 rx src=FPKEAECEOPE len=10 F5 3B 0A 00 60 0F C0 01 20 06 
46622,5 rx src=FPKEAECEOPE len=14 F5 03 0E 00 00 60 0F C0 01 20 06 00 BF 00 
46630,2 tx hdr=0xF5 op=0x2D MOVE(x,y,z,rx,ry,state,tick) : 61,5 7 24,5 0,197 269,4 b0 i298510272
46630,4 rx src=FPKEAECEOPE len=14 F5 03 0E 00 06 BE 09 C0 01 A6 00 04 BF 01 
46648,8 rx src=FPKEAECEOPE len=34 F5 03 22 00 03 59 03 C0 01 9D 0B 00 65 28 05 E5 08 80 01 D0 0E 08 56 18 07 20 00 C0 01 D9 0D 0C 6A 00 
46648,8 rx src=FPKEAECEOPE len=24 F5 03 18 00 01 1C 0F C0 01 F6 05 07 03 01 04 60 03 C0 01 A0 0E 00 7F 00 
46662,7 rx src=FPKEAECEOPE len=14 F5 03 0E 00 02 95 0D C0 01 B2 08 01 C6 02 
46668,6 rx src=FPKEAECEOPE len=12 F5 34 0C 00 91 E7 CA 11 ED E7 CA 11 
46668,6 rx src=FPKEAECEOPE len=10 F5 3B 0A 00 60 0F C0 01 20 06 
46676,3 rx src=FPKEAECEOPE len=24 F5 03 18 00 00 60 0F C0 01 20 06 00 BF 00 06 A2 09 C0 01 A5 00 04 BF 01 
46682,5 tx hdr=0xF5 op=0x2D MOVE(x,y,z,rx,ry,state,tick) : 61,5 7 24,5 0,197 269,1 b0 i298510330
46691,6 rx src=FPKEAECEOPE len=34 F5 03 22 00 03 67 03 C0 01 A7 0B 00 66 28 05 F5 08 80 01 EB 0E 08 5A 08 07 20 00 C0 01 D9 0D 0C 6A 00 
46697,3 rx src=FPKEAECEOPE len=24 F5 03 18 00 01 20 0F C0 01 18 06 06 04 01 04 60 03 C0 01 A0 0E 00 7F 00 
46706,5 rx src=FPKEAECEOPE len=14 F5 03 0E 00 02 B5 0D C0 01 AD 08 01 C6 02 
46729,6 tx hdr=0xF5 op=0x2D MOVE(x,y,z,rx,ry,state,tick) : 61,5 7 24,5 0,197 269,1 b0 i298510378
46729,9 rx src=FPKEAECEOPE len=24 F5 03 18 00 00 60 0F C0 01 20 06 00 BF 00 06 83 09 C0 01 A5 00 04 BF 01 
46746,0 rx src=FPKEAECEOPE len=24 F5 03 18 00 03 6F 03 C0 01 AE 0B 00 66 20 05 08 09 80 01 05 0F 08 5D 08 
46750,4 rx src=FPKEAECEOPE len=24 F5 03 18 00 01 24 0F C0 01 3A 06 06 05 01 04 60 03 C0 01 91 0E 00 7E 01 
46762,5 rx src=FPKEAECEOPE len=14 F5 03 0E 00 07 20 00 C0 01 D9 0D 0C 68 00 
46762,5 rx src=FPKEAECEOPE len=14 F5 03 0E 00 02 D6 0D C0 01 A8 08 01 C6 02 
46767,8 rx src=FPKEAECEOPE len=14 F5 03 0E 00 06 64 09 C0 01 A5 00 04 BF 01 
46778,6 rx src=FPKEAECEOPE len=14 F5 03 0E 00 00 60 0F C0 01 20 06 00 BF 00 
46782,2 tx hdr=0xF5 op=0x2D MOVE(x,y,z,rx,ry,state,tick) : 61,5 7 24,5 0,197 269,1 b0 i298510430
46796,1 rx src=FPKEAECEOPE len=24 F5 03 18 00 03 74 03 C0 01 B1 0B 00 66 20 05 18 09 80 01 20 0F 09 51 08 
46799,7 rx src=FPKEAECEOPE len=34 F5 03 22 00 01 31 0F C0 01 57 06 05 06 05 04 61 03 C0 01 7B 0E 00 7D 01 07 20 00 C0 01 D9 0D 0D 63 00 
46812,9 rx src=FPKEAECEOPE len=14 F5 03 0E 00 02 F7 0D C0 01 A3 08 01 C6 02 
46816,4 rx src=FPKEAECEOPE len=14 F5 03 0E 00 06 45 09 C0 01 A5 00 04 C3 01 
46829,7 tx hdr=0xF5 op=0x2D MOVE(x,y,z,rx,ry,state,tick) : 61,5 7 24,5 0,197 269,1 b0 i298510478
46830,0 rx src=FPKEAECEOPE len=14 F5 03 0E 00 00 60 0F C0 01 20 06 00 BF 00 
46846,1 rx src=FPKEAECEOPE len=14 F5 03 0E 00 03 72 03 C0 01 C1 0B 00 66 02 
46846,1 rx src=FPKEAECEOPE len=34 F5 03 22 00 01 45 0F C0 01 70 06 05 06 05 04 62 03 C0 01 5F 0E 00 7D 01 07 20 00 C0 01 D9 0D 0E 5F 00 
46862,0 rx src=FPKEAECEOPE len=14 F5 03 0E 00 05 1F 09 80 01 3D 0F 0F 37 08 
46862,1 rx src=FPKEAECEOPE len=14 F5 03 0E 00 02 18 0E C0 01 9E 08 01 C6 02 
46866,8 rx src=FPKEAECEOPE len=14 F5 03 0E 00 06 25 09 C0 01 A8 00 04 C5 01 
46878,3 rx src=FPKEAECEOPE len=14 F5 03 0E 00 00 60 0F C0 01 20 06 00 BF 00 
46882,2 tx hdr=0xF5 op=0x2D MOVE(x,y,z,rx,ry,state,tick) : 61,5 7 24,5 0,197 269,1 b0 i298510530
46893,9 rx src=FPKEAECEOPE len=34 F5 03 22 00 03 68 03 C0 01 D6 0B 01 65 02 05 1D 09 80 01 5A 0F 0E 2B 08 07 20 00 C0 01 D9 0D 0F 58 00 
46899,5 rx src=FPKEAECEOPE len=14 F5 03 0E 00 04 64 03 C0 01 41 0E 00 7D 01 
46914,7 rx src=FPKEAECEOPE len=24 F5 03 18 00 01 53 0F C0 01 8D 06 04 05 01 02 39 0E C0 01 99 08 01 C6 02 
46914,8 rx src=FPKEAECEOPE len=14 F5 03 0E 00 06 04 09 C0 01 AA 00 04 C5 01 
46930,7 tx hdr=0xF5 op=0x2D MOVE(x,y,z,rx,ry,state,tick) : 61,5 7 24,5 0,197 269,1 b0 i298510579
46930,9 rx src=FPKEAECEOPE len=14 F5 03 0E 00 00 60 0F C0 01 20 06 00 BF 00 
46946,3 rx src=FPKEAECEOPE len=24 F5 03 18 00 03 5A 03 C0 01 EE 0B 01 65 02 07 20 00 C0 01 D9 0D 11 4F 00 
46946,3 rx src=FPKEAECEOPE len=34 F5 03 22 00 01 5C 0F C0 01 8D 06 02 03 01 04 66 03 C0 01 20 0E 00 7D 01 05 1F 09 80 01 77 0F 0D 2A 09 
46966,0 rx src=FPKEAECEOPE len=14 F5 03 0E 00 02 5A 0E C0 01 94 08 01 C6 02 
46966,0 rx src=FPKEAECEOPE len=14 F5 03 0E 00 06 E4 08 80 01 AE 00 04 C5 11 
46978,2 rx src=FPKEAECEOPE len=14 F5 03 0E 00 00 60 0F C0 01 20 06 00 BF 00 
46980,9 tx hdr=0xF5 op=0x2D MOVE(x,y,z,rx,ry,state,tick) : 61,5 7 24,5 0,197 269,1 b0 i298510629
46992,3 rx src=FPKEAECEOPE len=24 F5 03 18 00 03 5A 03 C0 01 07 0C 01 65 02 05 24 09 80 01 95 0F 0D 2A 09 
47006,5 rx src=FPKEAECEOPE len=14 F5 03 0E 00 04 68 03 C0 01 FF 0D 00 7C 01 
47012,3 rx src=FPKEAECEOPE len=34 F5 03 22 00 01 62 0F C0 01 8D 06 01 02 01 02 7B 0E C0 01 8F 08 01 C6 02 07 20 00 C0 01 D9 0D 11 4D 00 
47026,1 rx src=FPKEAECEOPE len=24 F5 03 18 00 00 60 0F C0 01 20 06 00 BF 00 06 E4 08 40 01 B1 00 04 C5 11 
47036,0 tx hdr=0xF5 op=0x2D MOVE(x,y,z,rx,ry,state,tick) : 61,5 7 24,5 0,197 268,95 b0 i298510684
47043,2 rx src=FPKEAECEOPE len=24 F5 03 18 00 03 5A 03 C0 01 24 0C 01 65 0A 05 2A 09 80 01 B4 0F 0C 2A 09 
47056,7 rx src=FPKEAECEOPE len=24 F5 03 18 00 01 67 0F C0 01 8D 06 01 02 01 04 6B 03 C0 01 DD 0D 00 7C 01 
47056,7 rx src=FPKEAECEOPE len=14 F5 03 0E 00 07 20 00 C0 01 D9 0D 12 4B 00 
47063,7 rx src=FPKEAECEOPE len=14 F5 03 0E 00 02 9C 0E C0 01 8A 08 01 C6 02 
47069,2 rx src=FPKEAECEOPE len=14 F5 03 0E 00 06 E4 08 40 01 B5 00 04 C5 01 
47078,1 rx src=FPKEAECEOPE len=14 F5 03 0E 00 00 60 0F C0 01 20 06 00 BF 00 
47081,6 tx hdr=0xF5 op=0x2D MOVE(x,y,z,rx,ry,state,tick) : 61,5 7 24,5 0,047 268,5 b0 i298510730
47092,0 rx src=FPKEAECEOPE len=24 F5 03 18 00 03 5A 03 C0 01 44 0C 01 65 0A 05 33 09 80 01 D1 0F 0C 32 09 
47132,1 tx hdr=0xF5 op=0x2D MOVE(x,y,z,rx,ry,state,tick) : 61,5 7 24,5 0,047 268,5 b0 i298510780
47161,6 rx src=FPKEAECEOPE len=24 F5 03 18 00 01 6A 0F C0 01 8D 06 01 02 01 04 6E 03 C0 01 BA 0D 00 7C 01 
47161,7 rx src=FPKEAECEOPE len=14 F5 03 0E 00 07 20 00 C0 01 D9 0D 12 42 00 
47161,7 rx src=FPKEAECEOPE len=14 F5 03 0E 00 02 BD 0E C0 01 85 08 01 C6 02 
47161,7 rx src=FPKEAECEOPE len=14 F5 03 0E 00 06 E4 08 40 01 B8 00 03 C4 01 
47161,7 rx src=FPKEAECEOPE len=24 F5 03 18 00 00 60 0F C0 01 20 06 00 BF 00 07 20 00 C0 01 D9 0D 12 3F 00 
47161,7 rx src=FPKEAECEOPE len=14 F5 03 0E 00 03 63 03 C0 01 60 0C 01 63 08 
47161,7 rx src=FPKEAECEOPE len=24 F5 03 18 00 04 70 03 C0 01 97 0D 00 7C 01 05 41 09 80 01 D1 0F 0D 3F 09 
47161,7 rx src=FPKEAECEOPE len=24 F5 03 18 00 01 6D 0F C0 01 8D 06 01 02 01 02 DE 0E C0 01 80 08 01 C5 02 
47175,1 rx src=FPKEAECEOPE len=14 F5 03 0E 00 00 60 0F C0 01 20 06 00 BE 00 
47180,7 tx hdr=0xF5 op=0x2D MOVE(x,y,z,rx,ry,state,tick) : 61,5 7 24,5 0,047 268,5 b0 i298510829
47188,9 rx src=FPKEAECEOPE len=14 F5 03 0E 00 06 E4 08 40 01 BB 00 02 C3 01 
47195,0 rx src=FPKEAECEOPE len=24 F5 03 18 00 03 72 03 C0 01 7B 0C 02 5D 08 05 55 09 80 01 D1 0F 0D 4A 09 
47201,8 rx src=FPKEAECEOPE len=24 F5 03 18 00 04 73 03 C0 01 75 0D 00 7C 01 07 20 00 C0 01 D9 0D 12 3D 00 
47215,0 rx src=FPKEAECEOPE len=24 F5 03 18 00 01 70 0F C0 01 8D 06 01 02 01 02 FF 0E C0 01 7C 08 00 C3 02 
47229,2 rx src=FPKEAECEOPE len=14 F5 03 0E 00 06 E4 08 40 01 BE 00 02 C3 01 
47233,2 tx hdr=0xF5 op=0x2D MOVE(x,y,z,rx,ry,state,tick) : 61,5 7 24,5 0,047 268,5 b0 i298510881
47248,5 rx src=FPKEAECEOPE len=34 F5 03 22 00 03 82 03 C0 01 98 0C 02 55 08 05 6D 09 C0 01 E0 0F 0D 52 09 07 20 00 C0 01 D9 0D 12 3D 00 
47258,2 rx src=FPKEAECEOPE len=14 F5 03 0E 00 04 76 03 C0 01 52 0D 00 7C 01 
47264,1 rx src=FPKEAECEOPE len=24 F5 03 18 00 01 72 0F C0 01 8D 06 01 02 01 02 20 0F C0 01 79 08 FF C1 02 
47264,1 rx src=FPKEAECEOPE len=14 F5 03 0E 00 00 60 0F C0 01 20 06 00 BE 00 
47272,2 rx src=FPKEAECEOPE len=24 F5 03 18 00 00 60 0F C0 01 20 06 00 BE 00 06 E4 08 40 01 C1 00 02 C2 01 
47285,2 tx hdr=0xF5 op=0x2D MOVE(x,y,z,rx,ry,state,tick) : 61,5 7 24,5 0,047 268,5 b0 i298510933
47289,5 rx src=FPKEAECEOPE len=14 F5 03 0E 00 05 88 09 C0 01 E0 0F 0D 56 09 
47299,3 rx src=FPKEAECEOPE len=24 F5 03 18 00 03 90 03 C0 01 B6 0C 02 4E 08 07 20 00 C0 01 D9 0D 12 3D 00 
47303,4 rx src=FPKEAECEOPE len=14 F5 03 0E 00 04 79 03 C0 01 2F 0D 00 7C 01 
47313,3 rx src=FPKEAECEOPE len=14 F5 03 0E 00 02 20 0F C0 01 77 08 FF C0 02 
47317,1 rx src=FPKEAECEOPE len=14 F5 03 0E 00 01 74 0F C0 01 8D 06 01 02 01 
47328,0 rx src=FPKEAECEOPE len=24 F5 03 18 00 00 60 0F C0 01 20 06 00 BE 00 06 E4 08 40 01 C3 00 01 C1 01 
47331,5 tx hdr=0xF5 op=0x2D MOVE(x,y,z,rx,ry,state,tick) : 61,5 7 24,5 0,047 268,5 b0 i298510979
47341,0 rx src=FPKEAECEOPE len=24 F5 03 18 00 03 9C 03 C0 01 D6 0C 02 49 08 07 20 00 C0 01 D9 0D 12 3D 00 
47347,2 rx src=FPKEAECEOPE len=14 F5 03 0E 00 04 7C 03 C0 01 0C 0D 00 7C 01 
47360,9 rx src=FPKEAECEOPE len=14 F5 03 0E 00 05 A4 09 C0 01 E0 0F 0D 57 09 
47365,8 rx src=FPKEAECEOPE len=24 F5 03 18 00 01 76 0F C0 01 8D 06 00 00 01 02 20 0F C0 01 76 08 FF BF 02 
47373,9 rx src=FPKEAECEOPE len=14 F5 03 0E 00 06 E4 08 40 01 C5 00 01 C1 01 
47380,0 tx hdr=0xF5 op=0x2D MOVE(x,y,z,rx,ry,state,tick) : 61,5 7 24,5 0,047 268,5 b0 i298511028
47380,3 rx src=FPKEAECEOPE len=14 F5 03 0E 00 00 60 0F C0 01 20 06 00 BE 00 
47388,4 rx src=FPKEAECEOPE len=14 F5 03 0E 00 05 C0 09 C0 01 DF 0F 0D 58 01 
47394,8 rx src=FPKEAECEOPE len=14 F5 03 0E 00 03 A4 03 C0 01 F7 0C 02 43 08 
47400,9 rx src=FPKEAECEOPE len=14 F5 03 0E 00 07 20 00 C0 01 D9 0D 12 3D 00 
47411,6 rx src=FPKEAECEOPE len=14 F5 03 0E 00 02 20 0F C0 01 75 08 FF BF 02 
47414,7 rx src=FPKEAECEOPE len=34 F5 03 22 00 01 76 0F C0 01 8D 06 00 FF 01 04 7F 03 C0 01 E9 0C 00 7C 01 06 E4 08 40 01 C6 00 01 C1 01 
47424,6 rx src=FPKEAECEOPE len=14 F5 03 0E 00 00 60 0F C0 01 20 06 00 BE 00 
47430,8 tx hdr=0xF5 op=0x2D MOVE(x,y,z,rx,ry,state,tick) : 61,5 7 24,5 0,047 268,5 b0 i298511079
47437,7 rx src=FPKEAECEOPE len=34 F5 03 22 00 03 AA 03 C0 01 19 0D 02 41 08 05 D1 09 C0 01 DF 0F 0C 5C 00 07 20 00 C0 01 D9 0D 12 3D 00 
47464,1 rx src=FPKEAECEOPE len=34 F5 03 22 00 01 77 0F C0 01 8D 06 00 FF 01 02 20 0F C0 01 75 08 FF BF 02 06 E4 08 40 01 C7 00 01 BF 01 
47464,2 rx src=FPKEAECEOPE len=14 F5 03 0E 00 04 82 03 C0 01 C6 0C 00 7C 01 
47477,5 rx src=FPKEAECEOPE len=14 F5 03 0E 00 00 60 0F C0 01 20 06 00 BE 00 
47481,7 tx hdr=0xF5 op=0x2D MOVE(x,y,z,rx,ry,state,tick) : 61,5 7 24,5 0,047 268,5 b0 i298511130
47491,0 rx src=FPKEAECEOPE len=24 F5 03 18 00 03 AE 03 C0 01 3B 0D 02 40 08 05 DB 09 C0 01 DE 0F 0A 61 00 
47496,1 rx src=FPKEAECEOPE len=14 F5 03 0E 00 04 85 03 C0 01 A2 0C 00 7C 01 
47511,0 rx src=FPKEAECEOPE len=14 F5 03 0E 00 07 20 00 C0 01 D9 0D 12 3D 00 
47515,6 rx src=FPKEAECEOPE len=24 F5 03 18 00 01 76 0F C0 01 8D 06 FF FE 01 02 20 0F C0 01 75 08 FF C0 00 
47529,6 tx hdr=0xF5 op=0x2D MOVE(x,y,z,rx,ry,state,tick) : 61,5 7 24,5 0,047 268,5 b0 i298511178
47530,0 rx src=FPKEAECEOPE len=14 F5 03 0E 00 00 60 0F C0 01 20 06 00 BE 00 
47536,9 rx src=FPKEAECEOPE len=14 F5 03 0E 00 06 E4 08 40 01 C7 00 00 BC 01 
47544,1 rx src=FPKEAECEOPE len=34 F5 03 22 00 03 B0 03 C0 01 5E 0D 02 40 08 05 E1 09 C0 01 DE 0F 08 69 00 07 20 00 C0 01 D9 0D 12 3D 00 
47549,5 rx src=FPKEAECEOPE len=14 F5 03 0E 00 04 88 03 C0 01 7F 0C 00 7C 01 
47571,2 rx src=FPKEAECEOPE len=34 F5 03 22 00 01 76 0F C0 01 A1 06 FA EF 00 02 20 0F C0 01 75 08 FF C1 00 06 E4 08 40 01 C5 00 00 BB 01 
47577,7 rx src=FPKEAECEOPE len=14 F5 03 0E 00 00 60 0F C0 01 20 06 00 BE 00 
47583,2 tx hdr=0xF5 op=0x2D MOVE(x,y,z,rx,ry,state,tick) : 61,5 7 24,5 0,047 268,5 b0 i298511231
47591,3 rx src=FPKEAECEOPE len=44 F5 03 2C 00 03 BC 03 C0 01 7D 0D 02 40 09 04 8B 03 C0 01 5C 0C 00 7C 01 05 E4 09 C0 01 DE 0F 07 70 00 07 20 00 C0 01 D9 0D 12 3D 00 
47611,0 rx src=FPKEAECEOPE len=24 F5 03 18 00 01 76 0F C0 01 A1 06 F1 CB 00 02 20 0F C0 01 75 08 00 C2 00 
47618,5 rx src=FPKEAECEOPE len=14 F5 03 0E 00 00 60 0F C0 01 20 06 00 BE 00 
47632,9 tx hdr=0xF5 op=0x2D MOVE(x,y,z,rx,ry,state,tick) : 61,5 7 24,5 0,047 268,5 b0 i298511281
47636,5 rx src=FPKEAECEOPE len=14 F5 03 0E 00 05 E6 09 C0 01 DE 0F 07 77 00 
47647,4 rx src=FPKEAECEOPE len=34 F5 03 22 00 03 CD 03 C0 01 99 0D 02 40 09 04 8E 03 C0 01 39 0C 00 7C 01 06 E4 08 40 01 C2 00 00 BA 01 
47651,0 rx src=FPKEAECEOPE len=14 F5 03 0E 00 07 20 00 C0 01 D9 0D 12 3D 00 
47660,7 rx src=FPKEAECEOPE len=14 F5 03 0E 00 02 24 0F C0 01 75 08 00 C2 00 
47665,5 rx src=FPKEAECEOPE len=14 F5 03 0E 00 01 76 0F C0 01 A1 06 F0 C1 00 
47665,5 rx src=FPKEAECEOPE len=12 F5 34 0C 00 7F EB CA 11 D5 EB CA 11 
47673,6 rx src=FPKEAECEOPE len=24 F5 03 18 00 00 60 0F C0 01 20 06 00 BE 00 06 E4 08 40 01 BE 00 00 BA 01 
47687,5 tx hdr=0xF5 op=0x2D MOVE(x,y,z,rx,ry,state,tick) : 61,5 7 24,5 0,047 268,5 b0 i298511338
47693,4 rx src=FPKEAECEOPE len=34 F5 03 22 00 03 E1 03 C0 01 B3 0D 02 40 09 05 EA 09 C0 01 DE 0F 07 7A 01 07 20 00 C0 01 D9 0D 12 3A 00 
47706,3 rx src=FPKEAECEOPE len=14 F5 03 0E 00 04 91 03 C0 01 16 0C 00 7C 01 
47714,7 rx src=FPKEAECEOPE len=24 F5 03 18 00 01 76 0F C0 01 A6 06 F0 C1 00 02 24 0F C0 01 75 08 00 C2 00 
47729,2 rx src=FPKEAECEOPE len=24 F5 03 18 00 00 60 0F C0 01 20 06 00 BE 00 06 E4 08 40 01 BB 00 00 BA 01 
47732,8 tx hdr=0xF5 op=0x2D MOVE(x,y,z,rx,ry,state,tick) : 61,5 7 24,5 0,047 268,5 b0 i298511384
47743,0 rx src=FPKEAECEOPE len=44 F5 03 2C 00 03 F8 03 C0 01 CD 0D 02 40 09 04 94 03 C0 01 F3 0B 00 7C 01 05 EC 09 C0 01 DE 0F 07 7D 01 07 20 00 C0 01 D9 0D 12 32 00 

47757,2 ==== CAPTURE OFF ====
