# Blockpost room-protocol capture, started 2026-08-23 14:10:03
# tx: <ms> tx hdr=0xNN op=0xNN <name> : <fields>    rx: <ms> rx len=N <hex>
34013,9 weapon-dump: AllWeapons count=1024
34019,2 weapon-dump: [WeaponDump] id=23, codename=beretta92, name=Beretta 92
34019,9 weapon-dump: [WeaponDump] id=28, codename=kriss_vector, name=KRISS Vector
34020,7 weapon-dump: [WeaponDump] id=68, codename=shovel, name=Shovel
34021,3 weapon-dump: [WeaponDump] id=69, codename=block, name=Block
34022,0 weapon-dump: [WeaponDump] id=71, codename=sl8, name=SL8
34022,8 weapon-dump: [WeaponDump] id=107, codename=ammo, name=BP Ammo
34023,6 weapon-dump: [WeaponDump] id=108, codename=grenade, name=BP Grenade
34024,4 weapon-dump: [WeaponDump] id=109, codename=medkit, name=BP Medkit
34025,0 weapon-dump: [WeaponDump] id=110, codename=shield, name=BP Armor
34026,4 weapon-dump: Loadout count=9
34030,1 weapon-dump: [WeaponDump] loadout[0] uid=506244901116593530, weaponId=28, codename=kriss_vector, amount=48
34030,9 weapon-dump: [WeaponDump] loadout[1] uid=506244901116593531, weaponId=23, codename=beretta92, amount=6
34031,7 weapon-dump: [WeaponDump] loadout[2] uid=506244901116621428, weaponId=71, codename=sl8, amount=131
34032,3 weapon-dump: [WeaponDump] loadout[3] uid=1, weaponId=68, codename=shovel, amount=0
34033,0 weapon-dump: [WeaponDump] loadout[4] uid=2, weaponId=69, codename=block, amount=0
34033,7 weapon-dump: [WeaponDump] loadout[5] uid=3, weaponId=107, codename=ammo, amount=0
34034,3 weapon-dump: [WeaponDump] loadout[6] uid=4, weaponId=108, codename=grenade, amount=0
34035,0 weapon-dump: [WeaponDump] loadout[7] uid=5, weaponId=109, codename=medkit, amount=0
34035,6 weapon-dump: [WeaponDump] loadout[8] uid=6, weaponId=110, codename=shield, amount=0
34036,9 weapon-dump: Cases count=1024
34044,0 weapon-dump: [WeaponDump] case[1] id=1, codename=starter, name=Starter Case #1
34045,0 weapon-dump: [WeaponDump] case[1] weapon[0] id=34, codename=bizon, name=Bizon
34045,7 weapon-dump: [WeaponDump] case[1] weapon[1] id=61, codename=beretta_mx4, name=Berretta MX4
34046,4 weapon-dump: [WeaponDump] case[1] weapon[2] id=65, codename=daewoo_k1, name=Daewoo K1
34047,0 weapon-dump: [WeaponDump] case[1] weapon[3] id=1, codename=ak47, name=AK-47
34047,7 weapon-dump: [WeaponDump] case[2] id=2, codename=starter, name=Starter Case #2
34048,3 weapon-dump: [WeaponDump] case[2] weapon[0] id=10, codename=tec9, name=TEC 9
34049,1 weapon-dump: [WeaponDump] case[2] weapon[1] id=47, codename=scorpion, name=Šcorpion vz. 61
34049,7 weapon-dump: [WeaponDump] case[2] weapon[2] id=30, codename=qbz95, name=QBZ 95
34050,4 weapon-dump: [WeaponDump] case[2] weapon[3] id=2, codename=m4a1, name=M4A1
34051,0 weapon-dump: [WeaponDump] case[3] id=3, codename=recruit, name=Recruit Case
34051,7 weapon-dump: [WeaponDump] case[3] weapon[0] id=71, codename=sl8, name=SL8
34052,3 weapon-dump: [WeaponDump] case[3] weapon[1] id=62, codename=m14_ebr, name=Mk 14 EBR
34052,9 weapon-dump: [WeaponDump] case[3] weapon[2] id=67, codename=m21, name=M21
34058,1 weapon-dump: [WeaponDump] case[4] id=4, codename=craft, name=Craft Case #1
34058,7 weapon-dump: [WeaponDump] case[4] weapon[0] id=41, codename=uzi_micro, name=Micro Uzi
34059,4 weapon-dump: [WeaponDump] case[4] weapon[1] id=8, codename=ump, name=UMP
34060,1 weapon-dump: [WeaponDump] case[4] weapon[2] id=5, codename=glock17, name=Glock 17
34060,7 weapon-dump: [WeaponDump] case[4] weapon[3] id=17, codename=galil, name=Galil
34061,2 weapon-dump: [WeaponDump] case[5] id=5, codename=craft, name=Craft Case #2
34061,8 weapon-dump: [WeaponDump] case[5] weapon[0] id=40, codename=mp5sd, name=MP5SD
34062,3 weapon-dump: [WeaponDump] case[5] weapon[1] id=4, codename=sig552, name=SIG 552
34062,9 weapon-dump: [WeaponDump] case[5] weapon[2] id=63, codename=usp, name=USP
34063,5 weapon-dump: [WeaponDump] case[5] weapon[3] id=14, codename=vintorez, name=Vintorez
34064,2 weapon-dump: [WeaponDump] case[6] id=6, codename=craft, name=Craft Case #3
34064,9 weapon-dump: [WeaponDump] case[6] weapon[0] id=46, codename=ruger_mp9, name=Ruger MP9
34065,8 weapon-dump: [WeaponDump] case[6] weapon[1] id=29, codename=g3, name=G3
34066,4 weapon-dump: [WeaponDump] case[6] weapon[2] id=22, codename=deagle, name=Desert Eagle
34067,1 weapon-dump: [WeaponDump] case[6] weapon[3] id=12, codename=l96, name=L96A1
34067,9 weapon-dump: [WeaponDump] case[7] id=7, codename=level, name=Level Case
34073,1 weapon-dump: [WeaponDump] case[7] weapon[0] id=44, codename=mac10, name=MAC-10
34073,8 weapon-dump: [WeaponDump] case[7] weapon[1] id=39, codename=mp5k, name=MP5K
34074,4 weapon-dump: [WeaponDump] case[7] weapon[2] id=16, codename=sss, name=Serbu Super-Shorty
34075,1 weapon-dump: [WeaponDump] case[7] weapon[3] id=24, codename=mp7, name=MP7
34075,8 weapon-dump: [WeaponDump] case[7] weapon[4] id=6, codename=colt1911, name=Colt 1911
34076,3 weapon-dump: [WeaponDump] case[7] weapon[5] id=33, codename=p90, name=P90
34076,9 weapon-dump: [WeaponDump] case[7] weapon[6] id=20, codename=groza, name=Groza
34077,5 weapon-dump: [WeaponDump] case[7] weapon[7] id=37, codename=xm8, name=XM8
34078,1 weapon-dump: [WeaponDump] case[7] weapon[8] id=13, codename=scout, name=Steyr Scout
34078,7 weapon-dump: [WeaponDump] case[7] weapon[9] id=11, codename=svd, name=SVD
34079,3 weapon-dump: [WeaponDump] case[9] id=9, codename=rifle, name=Rifle Case
34080,1 weapon-dump: [WeaponDump] case[9] weapon[0] id=25, codename=g36c, name=G36C
34080,8 weapon-dump: [WeaponDump] case[9] weapon[1] id=60, codename=beretta_rx4, name=Berretta Rx4
34081,3 weapon-dump: [WeaponDump] case[9] weapon[2] id=26, codename=scar_l, name=SCAR L
34082,0 weapon-dump: [WeaponDump] case[9] weapon[3] id=43, codename=lr300, name=LR-300
34082,6 weapon-dump: [WeaponDump] case[9] weapon[4] id=92, codename=magpul_pdr, name=Magpul PDR
34083,2 weapon-dump: [WeaponDump] case[9] weapon[5] id=80, codename=aek, name=AEK-971
34087,9 weapon-dump: [WeaponDump] case[10] id=10, codename=russian, name=Russian Case
34088,5 weapon-dump: [WeaponDump] case[10] weapon[0] id=103, codename=kedr, name=Kedr
34089,1 weapon-dump: [WeaponDump] case[10] weapon[1] id=98, codename=a91, name=A-91
34089,8 weapon-dump: [WeaponDump] case[10] weapon[2] id=95, codename=grach, name=Grach
34090,5 weapon-dump: [WeaponDump] case[10] weapon[3] id=64, codename=saiga12, name=Saiga-12
34091,2 weapon-dump: [WeaponDump] case[10] weapon[4] id=77, codename=sks, name=SKS
34091,7 weapon-dump: [WeaponDump] case[10] weapon[5] id=54, codename=vsk94, name=VSK-94
34092,3 weapon-dump: [WeaponDump] case[11] id=11, codename=sniper, name=Sniper Case
34092,9 weapon-dump: [WeaponDump] case[11] weapon[0] id=53, codename=sr25, name=SR-25
34093,5 weapon-dump: [WeaponDump] case[11] weapon[1] id=48, codename=svu, name=SVU
34094,1 weapon-dump: [WeaponDump] case[11] weapon[2] id=78, codename=qbu88, name=QBU-88
34094,7 weapon-dump: [WeaponDump] case[11] weapon[3] id=72, codename=m24, name=M24
34095,3 weapon-dump: [WeaponDump] case[12] id=12, codename=pistol, name=Pistol Case
34095,9 weapon-dump: [WeaponDump] case[12] weapon[0] id=88, codename=pb, name=PB
34096,5 weapon-dump: [WeaponDump] case[12] weapon[1] id=96, codename=fn57, name=Five-seveN
34097,1 weapon-dump: [WeaponDump] case[12] weapon[2] id=93, codename=ruger_mk2, name=Ruger MK II
34097,6 weapon-dump: [WeaponDump] case[12] weapon[3] id=97, codename=cz75auto, name=CZ 75-Auto
34098,2 weapon-dump: [WeaponDump] case[12] weapon[4] id=86, codename=stechkin, name=Stechkin
34103,9 weapon-dump: [WeaponDump] case[13] id=13, codename=skullcap, name=Skullcap Case
34104,9 weapon-dump: [WeaponDump] case[13] weapon[0] id=104, codename=kukri, name=Kukri
34106,1 weapon-dump: [WeaponDump] case[13] weapon[1] id=105, codename=katana, name=Katana
34106,6 weapon-dump: [WeaponDump] case[13] weapon[2] id=106, codename=karambit_gold, name=Karambit
34107,2 weapon-dump: [WeaponDump] case[14] id=14, codename=wwii, name=WWII Case
34107,9 weapon-dump: [WeaponDump] case[14] weapon[0] id=112, codename=browning, name=Browning Hi-Power
34108,5 weapon-dump: [WeaponDump] case[14] weapon[1] id=114, codename=sm_m10, name=Model 10
34109,3 weapon-dump: [WeaponDump] case[14] weapon[2] id=116, codename=enfield, name=Lee-Enfield
34110,0 weapon-dump: [WeaponDump] case[14] weapon[3] id=117, codename=m98k, name=Mauser 98k
34110,7 weapon-dump: [WeaponDump] case[14] weapon[4] id=120, codename=sten, name=STEN
34111,4 weapon-dump: [WeaponDump] case[14] weapon[5] id=121, codename=mp40, name=MP40
34112,0 weapon-dump: [WeaponDump] case[14] weapon[6] id=122, codename=thompson, name=Thompson
34112,6 weapon-dump: [WeaponDump] case[14] weapon[7] id=111, codename=tt, name=TT
34113,2 weapon-dump: [WeaponDump] case[14] weapon[8] id=115, codename=mosin, name=Mosin Rifle
34113,7 weapon-dump: [WeaponDump] case[14] weapon[9] id=118, codename=m1_garand, name=M1 Garand
34118,2 weapon-dump: [WeaponDump] case[14] weapon[10] id=119, codename=ppsh, name=PPSH
34118,8 weapon-dump: [WeaponDump] case[14] weapon[11] id=113, codename=c96, name=Mauser C96
34119,6 weapon-dump: [WeaponDump] case[15] id=15, codename=russian2, name=Russian Case #2
34120,4 weapon-dump: [WeaponDump] case[15] weapon[0] id=101, codename=penal, name=Penal
34121,0 weapon-dump: [WeaponDump] case[15] weapon[1] id=102, codename=veresk, name=Veresk
34121,7 weapon-dump: [WeaponDump] case[15] weapon[2] id=90, codename=aksu, name=AKSU
34122,4 weapon-dump: [WeaponDump] case[15] weapon[3] id=76, codename=rpk, name=RPK
34122,9 weapon-dump: [WeaponDump] case[15] weapon[4] id=87, codename=rsh12, name=RSH-12
34123,8 weapon-dump: [WeaponDump] case[15] weapon[5] id=79, codename=vssk, name=Vyhlop
34124,5 weapon-dump: [WeaponDump] case[15] weapon[6] id=85, codename=asval, name=AS Val
34125,3 weapon-dump: [WeaponDump] case[16] id=16, codename=halloween, name=Halloween Case
34125,9 weapon-dump: [WeaponDump] case[16] weapon[0] id=123, codename=karambit_blood, name=Karambit
34126,6 weapon-dump: [WeaponDump] case[16] weapon[1] id=124, codename=bayonet, name=Bayonet
34127,4 weapon-dump: [WeaponDump] case[16] weapon[2] id=125, codename=machete, name=Machete
34128,2 weapon-dump: [WeaponDump] case[16] weapon[3] id=126, codename=strider, name=Strider
34128,8 weapon-dump: [WeaponDump] case[16] weapon[4] id=127, codename=tomahawk, name=Tomahawk
34134,5 weapon-dump: [WeaponDump] case[17] id=17, codename=winter, name=Winter Case
34135,3 weapon-dump: [WeaponDump] case[17] weapon[0] id=15, codename=spas12, name=SPAS-12
34136,0 weapon-dump: [WeaponDump] case[17] weapon[1] id=7, codename=mp5, name=MP5
34136,7 weapon-dump: [WeaponDump] case[17] weapon[2] id=99, codename=m16a1, name=M16
34137,4 weapon-dump: [WeaponDump] case[17] weapon[3] id=36, codename=tar21, name=TAR-21
34138,1 weapon-dump: [WeaponDump] case[17] weapon[4] id=19, codename=sa80, name=SA80
34138,6 weapon-dump: [WeaponDump] case[17] weapon[5] id=49, codename=psg1, name=PSG1
34139,2 weapon-dump: [WeaponDump] case[17] weapon[6] id=94, codename=keltec_ksg, name=Kel-Tec KSG
34139,8 weapon-dump: [WeaponDump] case[17] weapon[7] id=31, codename=colt_anaconda, name=Colt Anaconda
34140,4 weapon-dump: [WeaponDump] case[17] weapon[8] id=51, codename=gol_sniper, name=GOL-Sniper
34141,0 weapon-dump: [WeaponDump] case[18] id=18, codename=wwii2, name=WWII Case 2
34141,7 weapon-dump: [WeaponDump] case[18] weapon[0] id=132, codename=pps, name=PPS
34142,4 weapon-dump: [WeaponDump] case[18] weapon[1] id=130, codename=stg44, name=StG 44
34143,0 weapon-dump: [WeaponDump] case[18] weapon[2] id=129, codename=svt, name=SVT
34143,6 weapon-dump: [WeaponDump] case[18] weapon[3] id=134, codename=m1a1, name=M1A1 Paratrooper
34144,2 weapon-dump: [WeaponDump] case[18] weapon[4] id=131, codename=luger, name=Luger P08
34149,2 weapon-dump: [WeaponDump] case[18] weapon[5] id=133, codename=mg42, name=MG 42
34149,9 weapon-dump: [WeaponDump] case[19] id=19, codename=razor, name=Razor Case
34150,6 weapon-dump: [WeaponDump] case[19] weapon[0] id=135, codename=victorinox, name=Victorinox
34151,3 weapon-dump: [WeaponDump] case[19] weapon[1] id=136, codename=shadow_dagger, name=Shadow dagger
34152,0 weapon-dump: [WeaponDump] case[19] weapon[2] id=137, codename=say, name=Say
34152,6 weapon-dump: [WeaponDump] case[19] weapon[3] id=138, codename=kama, name=Kama
34153,2 weapon-dump: [WeaponDump] case[19] weapon[4] id=139, codename=gut, name=Gut
34153,8 weapon-dump: [WeaponDump] case[19] weapon[5] id=140, codename=falchion, name=Falchion
34154,4 weapon-dump: [WeaponDump] case[19] weapon[6] id=141, codename=cleaver, name=Cleaver
34155,0 weapon-dump: [WeaponDump] case[19] weapon[7] id=142, codename=6x4, name=6x4
34155,5 weapon-dump: [WeaponDump] case[20] id=20, codename=future, name=Future Case
34156,2 weapon-dump: [WeaponDump] case[20] weapon[0] id=143, codename=maxim9, name=Maxim 9
34156,8 weapon-dump: [WeaponDump] case[20] weapon[1] id=144, codename=hudson9, name=Hudson H9
34157,4 weapon-dump: [WeaponDump] case[20] weapon[2] id=145, codename=thompson_t, name=Thompson Tactical
34158,1 weapon-dump: [WeaponDump] case[20] weapon[3] id=149, codename=flamethrower, name=Not A Flamethrower
34158,7 weapon-dump: [WeaponDump] case[20] weapon[4] id=146, codename=ak_alfa, name=AK Alfa
34159,3 weapon-dump: [WeaponDump] case[20] weapon[5] id=147, codename=savage_10ba, name=Savage 10BA
34165,8 weapon-dump: [WeaponDump] case[20] weapon[6] id=148, codename=sv98m, name=SV-98M
34166,6 weapon-dump: [WeaponDump] case[21] id=21, codename=christmas, name=NY Gift Case
34167,3 weapon-dump: [WeaponDump] case[21] weapon[0] id=9, codename=uzi, name=Uzi
34168,1 weapon-dump: [WeaponDump] case[21] weapon[1] id=38, codename=steyr_tmp, name=TMP
34168,8 weapon-dump: [WeaponDump] case[21] weapon[2] id=3, codename=famas, name=Famas
34169,6 weapon-dump: [WeaponDump] case[21] weapon[3] id=32, codename=makarov, name=Makarov
34170,3 weapon-dump: [WeaponDump] case[21] weapon[4] id=66, codename=sv98, name=SV-98
34171,1 weapon-dump: [WeaponDump] case[23] id=23, codename=steel, name=Steel Case
34172,0 weapon-dump: [WeaponDump] case[23] weapon[0] id=150, codename=m1906, name=Browning M1906
34172,8 weapon-dump: [WeaponDump] case[23] weapon[1] id=151, codename=beretta93r, name=Beretta 93R
34173,6 weapon-dump: [WeaponDump] case[23] weapon[2] id=152, codename=glock18, name=Glock 18
34174,3 weapon-dump: [WeaponDump] case[23] weapon[3] id=153, codename=pl15, name=PL-15
34175,0 weapon-dump: [WeaponDump] case[23] weapon[4] id=154, codename=balisong, name=Balisong
34180,1 weapon-dump: [WeaponDump] case[23] weapon[5] id=155, codename=biker, name=Biker
34181,0 weapon-dump: [WeaponDump] case[23] weapon[6] id=156, codename=bowie, name=Bowie
34181,7 weapon-dump: [WeaponDump] case[23] weapon[7] id=157, codename=extractor, name=Extractor
34182,6 weapon-dump: [WeaponDump] case[24] id=24, codename=halloween2, name=Halloween Case #2
34183,5 weapon-dump: [WeaponDump] case[24] weapon[0] id=161, codename=podbyrin, name=Podbyrin
34184,3 weapon-dump: [WeaponDump] case[24] weapon[1] id=162, codename=musket, name=Musket
34185,2 weapon-dump: [WeaponDump] case[24] weapon[2] id=163, codename=derringer, name=Cobra Derringer
34186,1 weapon-dump: [WeaponDump] case[24] weapon[3] id=164, codename=holyshotgun, name=Holy Shotgun
34186,8 weapon-dump: [WeaponDump] case[24] weapon[4] id=165, codename=night_slasher, name=Night Slasher
34187,5 weapon-dump: [WeaponDump] case[24] weapon[5] id=166, codename=scimitar, name=Scimitar
34188,2 weapon-dump: [WeaponDump] case[24] weapon[6] id=167, codename=vendetta, name=Vendetta
34188,9 weapon-dump: [WeaponDump] case[25] id=25, codename=newyear2020, name=2020 Case
34189,7 weapon-dump: [WeaponDump] case[25] weapon[0] id=27, codename=aug_a3, name=AUG
34194,8 weapon-dump: [WeaponDump] case[25] weapon[1] id=42, codename=uzi_mini, name=Mini Uzi
34195,7 weapon-dump: [WeaponDump] case[25] weapon[2] id=83, codename=an94, name=AN-94
34196,7 weapon-dump: [WeaponDump] case[25] weapon[3] id=100, codename=msg90, name=MSG90
34198,4 weapon-dump: [WeaponDump] case[25] weapon[4] id=168, codename=daewoo_k2, name=DAEWOO K2
34199,6 weapon-dump: [WeaponDump] case[25] weapon[5] id=169, codename=r8, name=R8
34200,3 weapon-dump: [WeaponDump] case[25] weapon[6] id=74, codename=m249, name=M249 SAW
34200,9 weapon-dump: [WeaponDump] case[25] weapon[7] id=81, codename=aa12, name=AA-12
34201,8 weapon-dump: [WeaponDump] case[25] weapon[8] id=57, codename=pgm_hecate2, name=PGM Hecate II
91912,9 ==== FIELDWATCH ON ====
91921,6 # net: TcpClient.Connected = True
91934,1 # fieldwatch player: 53 numeric fields on KBBBHJDINCB
91934,2 # fieldwatch Controll.static: 74 numeric fields on Controll
91934,3 # fieldwatch Controll: 28 numeric fields on Controll
91936,8 # fieldwatch weapon: 3 numeric fields on CGJPBNDDPIN
91937,4 # fieldwatch activeEntry: 8 numeric fields on FPNENMKEFBB
91978,0 fw Controll.static MKFDGFOCKNO         91.6111 -> 91.6611
91978,0 fw Controll.static LEKCBKLAILO         91.6611 -> 91.7111
91978,0 fw Controll.static OFJKHAFJIMA          0.0041 -> 0.0007
91994,7 fw Controll.static GIPNIMALPEG          0.0176 -> 0.7203
92029,4 fw Controll.static OFJKHAFJIMA          0.0007 -> 0.0206
92033,8 fw Controll.static GIPNIMALPEG          0.7203 -> 0.5039
92054,7 fw Controll.static MKFDGFOCKNO         91.6611 -> 91.7111
92054,7 fw Controll.static LEKCBKLAILO         91.7111 -> 91.7611
92061,9 fw Controll.static GIPNIMALPEG          0.5039 -> 0.0656
92079,7 fw Controll.static MKFDGFOCKNO         91.7111 -> 91.7611
92079,7 fw Controll.static LEKCBKLAILO         91.7611 -> 91.8111
92079,7 fw Controll.static OFJKHAFJIMA          0.0206 -> 0.0031
92089,4 fw Controll.static GIPNIMALPEG          0.0656 -> 0.6141
92113,3 fw Controll.static GIPNIMALPEG          0.6141 -> 0.0926
92130,7 fw Controll.static MKFDGFOCKNO         91.7611 -> 91.8111
92130,7 fw Controll.static LEKCBKLAILO         91.8111 -> 91.8611
92130,7 fw Controll.static OFJKHAFJIMA          0.0031 -> 0.0044
92137,6 fw Controll.static GIPNIMALPEG          0.0926 -> 0.5789
92163,1 fw Controll.static GIPNIMALPEG          0.5789 -> 0.0891
92179,3 fw Controll.static MKFDGFOCKNO         91.8111 -> 91.8611
92179,3 fw Controll.static LEKCBKLAILO         91.8611 -> 91.9111
92179,3 fw Controll.static OFJKHAFJIMA          0.0044 -> 0.0042
92188,6 fw Controll.static GIPNIMALPEG          0.0891 -> 0.5976
92214,3 fw Controll.static GIPNIMALPEG          0.5976 -> 0.111
92230,1 fw Controll.static MKFDGFOCKNO         91.8611 -> 91.9111
92230,2 fw Controll.static LEKCBKLAILO         91.9111 -> 91.9611
92230,2 fw Controll.static OFJKHAFJIMA          0.0042 -> 0.0052
92236,6 fw Controll.static GIPNIMALPEG           0.111 -> 0.5578
92261,8 fw Controll.static GIPNIMALPEG          0.5578 -> 0.0607
92278,9 fw Controll.static MKFDGFOCKNO         91.9111 -> 91.9612
92278,9 fw Controll.static LEKCBKLAILO         91.9611 -> 92.0112
92278,9 fw Controll.static OFJKHAFJIMA          0.0052 -> 0.0028
92288,5 fw Controll.static GIPNIMALPEG          0.0607 -> 0.5972
92319,7 fw Controll.static GIPNIMALPEG          0.5972 -> 0.22
92319,7 fw Controll.static NAKNALFCOIF              90 -> 90.15
92319,7 fw Controll.static IGLCENGMMMJ          3.9227 -> 4.0727
92331,9 fw Controll.static MKFDGFOCKNO         91.9612 -> 92.0112
92331,9 fw Controll.static LEKCBKLAILO         92.0112 -> 92.0612
92339,7 fw Controll.static OFJKHAFJIMA          0.0028 -> 0.0037
92353,0 fw Controll.static GIPNIMALPEG            0.22 -> 0.8863
92353,0 fw Controll.static NAKNALFCOIF           90.15 -> 94.5
92371,1 fw Controll.static MKFDGFOCKNO         92.0112 -> 92.0612
92371,1 fw Controll.static LEKCBKLAILO         92.0612 -> 92.1112
92371,1 fw Controll.static OFJKHAFJIMA          0.0037 -> 0
92376,3 fw Controll.static GIPNIMALPEG          0.8863 -> 0.3509
92376,3 fw Controll.static NAKNALFCOIF            94.5 -> 104.1
92407,1 fw Controll.static GIPNIMALPEG          0.3509 -> 0.9677
92407,1 fw Controll.static NAKNALFCOIF           104.1 -> 117.45
92407,1 fw Controll.static IGLCENGMMMJ          4.0727 -> 4.6727
92424,0 fw Controll.static MKFDGFOCKNO         92.0612 -> 92.1112
92424,0 fw Controll.static LEKCBKLAILO         92.1112 -> 92.1612
92424,0 fw Controll.static OFJKHAFJIMA               0 -> 0.0061
92431,1 fw Controll.static GIPNIMALPEG          0.9677 -> 0.4456
92431,1 fw Controll.static NAKNALFCOIF          117.45 -> 123.45
92431,1 fw Controll.static IGLCENGMMMJ          4.6727 -> 5.5727
92455,1 fw Controll.static GIPNIMALPEG          0.4456 -> 0.9281
92455,2 fw Controll.static NAKNALFCOIF          123.45 -> 127.05
92468,4 fw Controll.static IGLCENGMMMJ          5.5727 -> 5.7227
92472,6 fw Controll.static MKFDGFOCKNO         92.1112 -> 92.1612
92472,6 fw Controll.static LEKCBKLAILO         92.1612 -> 92.2112
92472,7 fw Controll.static OFJKHAFJIMA          0.0061 -> 0.0095
92484,4 fw Controll.static GIPNIMALPEG          0.9281 -> 0.5134
92491,1 fw Controll.static NAKNALFCOIF          127.05 -> 131.55
92503,8 fw player          ACAIGMNLLEC              64 -> 69
92503,8 fw player          HEADELMLILF               0 -> 1
92509,4 fw Controll.static GIPNIMALPEG          0.5134 -> 0.0123
92519,1 fw Controll.static NAKNALFCOIF          131.55 -> 133.35
92519,1 fw Controll.static IGLCENGMMMJ          5.7227 -> 5.4227
92526,9 fw Controll.static MKFDGFOCKNO         92.1612 -> 92.2112
92526,9 fw Controll.static LEKCBKLAILO         92.2112 -> 92.2612
92526,9 fw Controll.static OFJKHAFJIMA          0.0095 -> 0.0004
92539,0 fw Controll.static GIPNIMALPEG          0.0123 -> 0.6051
92544,6 fw player          LNIDBHIAJJI               2 -> 3
92544,6 fw player          ACAIGMNLLEC              69 -> 85
92544,7 fw Controll.static NAKNALFCOIF          133.35 -> 133.95
92560,2 fw Controll.static MKFDGFOCKNO         92.2112 -> 92.2612
92560,2 fw Controll.static LEKCBKLAILO         92.2612 -> 92.3112
92560,2 fw Controll.static OFJKHAFJIMA          0.0004 -> 0.001
92567,1 fw Controll.static GIPNIMALPEG          0.6051 -> 0.1653
92567,1 fw Controll.static LCMOBPPHLLM               0 -> 0.485
92580,4 fw Controll.static EPEEFBDJAHO               0 -> 1
92580,4 fw Controll.static JEOINCHFPCC               0 -> 1
92600,6 fw Controll.static GIPNIMALPEG          0.1653 -> 0.8358
92605,5 fw player          LNIDBHIAJJI               3 -> 4
92605,5 fw player          ACAIGMNLLEC              85 -> 91
92618,2 fw Controll.static MKFDGFOCKNO         92.2612 -> 92.3113
92618,2 fw Controll.static LEKCBKLAILO         92.3112 -> 92.3613
92618,2 fw Controll.static OFJKHAFJIMA           0.001 -> 0.0091
92623,3 fw Controll.static GIPNIMALPEG          0.8358 -> 0.2914
92635,5 fw player          FGFKPMPLNKO         84.0688 -> 87.881
92652,7 fw player          LNIDBHIAJJI               4 -> 3
92652,7 fw player          ACAIGMNLLEC              91 -> 94
92658,7 fw Controll.static GIPNIMALPEG          0.2914 -> 0.9974
92670,7 fw Controll.static MKFDGFOCKNO         92.3113 -> 92.3613
92670,7 fw Controll.static LEKCBKLAILO         92.3613 -> 92.4113
92675,6 fw Controll.static OFJKHAFJIMA          0.0091 -> 0.0116
92688,5 fw Controll.static GIPNIMALPEG          0.9974 -> 0.5929
92712,5 fw Controll.static GIPNIMALPEG          0.5929 -> 0.0733
92723,4 fw player          HIDMDLLHEKO               0 -> 1
92723,4 fw player          ACAIGMNLLEC              94 -> 95
92723,4 fw Controll.static GCHFDAPNBNB               0 -> 1
92723,5 fw Controll.static IPCNAHJLMAP               0 -> 1
92729,9 fw player          CLOEJLAOIGI               0 -> 1
92729,9 fw Controll.static MKFDGFOCKNO         92.3613 -> 92.4113
92729,9 fw Controll.static LEKCBKLAILO         92.4113 -> 92.4613
92729,9 fw Controll.static OFJKHAFJIMA          0.0116 -> 0.0034
92741,2 fw player          IGBIBDAMMLE               2 -> 3
92741,2 fw player          BCHEAICMFGH         69.2679 -> 87.615
92741,2 fw Controll.static GIPNIMALPEG          0.0733 -> 0.6471
92741,2 fw Controll.static NAKNALFCOIF          133.95 -> 133.35
92741,2 fw Controll.static IGLCENGMMMJ          5.4227 -> 5.2727
92750,3 fw Controll.static DGNDKAKOEPD          924969 -> 925990
92750,4 fw Controll.static BEJBLGGGOCC       338504163 -> 338505163
92750,4 fw Controll.static JELGPAKAJPE             106 -> 124
92750,4 fw Controll.static EENJPDHGGGC         91.4225 -> 92.4439
92759,6 fw Controll.static MKFDGFOCKNO         92.4113 -> 92.4613
92759,6 fw Controll.static LEKCBKLAILO         92.4613 -> 92.5113
92759,6 fw Controll.static OFJKHAFJIMA          0.0034 -> 0.0005
92769,3 fw player          HEADELMLILF               1 -> 0
92769,4 fw Controll.static GIPNIMALPEG          0.6471 -> 0.2102
92769,4 fw Controll.static LCMOBPPHLLM           0.485 -> 0.2425
92769,4 fw Controll.static NAKNALFCOIF          133.35 -> 132.15
92769,4 fw Controll.static IGLCENGMMMJ          5.2727 -> 4.9727
92780,6 fw Controll.static GCHFDAPNBNB               1 -> 0
92786,7 fw Controll.static IPCNAHJLMAP               1 -> 0
92801,0 fw Controll.static GIPNIMALPEG          0.2102 -> 0.8422
92801,0 fw Controll.static NAKNALFCOIF          132.15 -> 130.35
92805,8 fw Controll.static IGLCENGMMMJ          4.9727 -> 4.5227
92819,2 fw Controll.static MKFDGFOCKNO         92.4613 -> 92.5113
92819,2 fw Controll.static LEKCBKLAILO         92.5113 -> 92.5613
92819,2 fw Controll.static OFJKHAFJIMA          0.0005 -> 0.0102
92824,3 fw Controll.static GIPNIMALPEG          0.8422 -> 0.3083
92837,5 fw Controll.static NAKNALFCOIF          130.35 -> 129
92837,5 fw Controll.static IGLCENGMMMJ          4.5227 -> 4.3727
92844,6 fw player          IGBIBDAMMLE               3 -> 4
92844,6 fw player          BCHEAICMFGH          87.615 -> 87.717
92856,6 fw Controll.static GIPNIMALPEG          0.3083 -> 0.9544
92862,1 fw Controll.static NAKNALFCOIF             129 -> 128.25
92862,1 fw Controll.static IGLCENGMMMJ          4.3727 -> 4.0727
92877,8 fw Controll.static MKFDGFOCKNO         92.5113 -> 92.5613
92877,9 fw Controll.static LEKCBKLAILO         92.5613 -> 92.6113
92877,9 fw Controll.static OFJKHAFJIMA          0.0102 -> 0.003
92884,6 fw Controll.static GIPNIMALPEG          0.9544 -> 0.5143
92900,5 fw player          BDHNEDFEHBA              64 -> 0
92900,6 fw Controll.static NAKNALFCOIF          128.25 -> 126
92900,6 fw Controll.static IGLCENGMMMJ          4.0727 -> 3.6227
92919,6 fw player          HIDMDLLHEKO               1 -> 4
92919,6 fw Controll.static GIPNIMALPEG          0.5143 -> 0.2139
92925,0 fw Controll.static NAKNALFCOIF             126 -> 124.2
92925,0 fw Controll.static IGLCENGMMMJ          3.6227 -> 3.1727
92937,9 fw player          IGBIBDAMMLE               4 -> 0
92937,9 fw player          BCHEAICMFGH          87.717 -> 87.8175
92937,9 fw Controll.static MKFDGFOCKNO         92.5613 -> 92.6114
92937,9 fw Controll.static LEKCBKLAILO         92.6113 -> 92.6614
92937,9 fw Controll.static OFJKHAFJIMA           0.003 -> 0.0104
92943,8 fw Controll.static GIPNIMALPEG          0.2139 -> 0.6992
92955,7 fw Controll.static NAKNALFCOIF           124.2 -> 122.25
92955,7 fw Controll.static IGLCENGMMMJ          3.1727 -> 2.2727
92962,5 fw Controll.static MKFDGFOCKNO         92.6114 -> 92.6614
92962,5 fw Controll.static LEKCBKLAILO         92.6614 -> 92.7114
92962,5 fw Controll.static OFJKHAFJIMA          0.0104 -> 0.0034
92973,8 fw Controll.static GIPNIMALPEG          0.6992 -> 0.2978
92982,2 fw player          ACAIGMNLLEC              95 -> 94
92982,2 fw player          HEADELMLILF               0 -> 1
92982,2 fw Controll.static NAKNALFCOIF          122.25 -> 120.9
92982,2 fw Controll.static IGLCENGMMMJ          2.2727 -> 1.6727
92990,8 fw player          HIDMDLLHEKO               4 -> 1
93000,1 fw player          HOJIIOCKKLO               1 -> -1
93010,2 fw Controll.static GIPNIMALPEG          0.2978 -> 0.0256
93010,2 fw Controll.static NAKNALFCOIF           120.9 -> 119.4
93010,3 fw Controll.static IGLCENGMMMJ          1.6727 -> 0.6227
93019,2 fw player          ACAIGMNLLEC              94 -> 91
93019,3 fw Controll.static MKFDGFOCKNO         92.6614 -> 92.7114
93019,3 fw Controll.static LEKCBKLAILO         92.7114 -> 92.7614
93027,4 fw Controll.static OFJKHAFJIMA          0.0034 -> 0.001
93037,9 fw player          IGBIBDAMMLE               0 -> 1
93037,9 fw player          BCHEAICMFGH         87.8175 -> 87.9199
93037,9 fw Controll.static GIPNIMALPEG          0.0256 -> 0.5801
93038,0 fw Controll.static NAKNALFCOIF           119.4 -> 118.95
93038,0 fw Controll.static IGLCENGMMMJ          0.6227 -> 0.3227
93045,3 fw player          LNIDBHIAJJI               3 -> 2
93045,3 fw player          HEADELMLILF               1 -> 0
93064,8 fw Controll.static GIPNIMALPEG          0.5801 -> 0.1168
93064,8 fw Controll.static NAKNALFCOIF          118.95 -> 118.35
93064,9 fw Controll.static IGLCENGMMMJ          0.3227 -> 0.0227
93086,1 fw Controll.static MKFDGFOCKNO         92.7114 -> 92.7614
93086,1 fw Controll.static LEKCBKLAILO         92.7614 -> 92.8114
93086,1 fw Controll.static OFJKHAFJIMA           0.001 -> 0.0056
93100,0 fw player          FGFKPMPLNKO          87.881 -> 88.5989
93100,0 fw Controll.static GIPNIMALPEG          0.1168 -> 0.8213
93100,0 fw Controll.static NAKNALFCOIF          118.35 -> 118.2
93100,1 fw Controll.static IGLCENGMMMJ          0.0227 -> -0.5773
93111,2 fw player          ACAIGMNLLEC              91 -> 88
93111,2 fw player          HEADELMLILF               0 -> 1
93118,9 fw Controll.static MKFDGFOCKNO         92.7614 -> 92.8114
93118,9 fw Controll.static LEKCBKLAILO         92.8114 -> 92.8614
93118,9 fw Controll.static OFJKHAFJIMA          0.0056 -> 0.0019
93118,9 fw Controll        MJPKOOHJOPA         83.5386 -> 88.2093
93130,2 fw Controll.static MNHBPCOOMLE          924689 -> 926567
93130,2 fw Controll.static GIPNIMALPEG          0.8213 -> 0.4257
93130,2 fw Controll.static ANDBANJHOLD         83.2886 -> 87.9593
93130,2 fw Controll.static NAKNALFCOIF           118.2 -> 124.6113
93130,2 fw Controll.static IGLCENGMMMJ         -0.5773 -> -0.6657
93137,0 fw Controll.static GLGCAOADGMN               0 -> 1
93150,4 fw player          IGBIBDAMMLE               1 -> 2
93150,4 fw player          BCHEAICMFGH         87.9199 -> 88.0201
93155,2 fw player          LNIDBHIAJJI               2 -> 1
93155,2 fw player          ACAIGMNLLEC              88 -> 86
93155,2 fw Controll.static GIPNIMALPEG          0.4257 -> 0.9254
93155,3 fw Controll.static NAKNALFCOIF        124.6113 -> 125.2282
93170,1 fw Controll.static IGLCENGMMMJ         -0.6657 -> 3.2741
93175,5 fw player          LNIDBHIAJJI               1 -> 0
93175,6 fw player          ACAIGMNLLEC              86 -> 84
93175,6 fw Controll.static MKFDGFOCKNO         92.8114 -> 92.8614
93175,6 fw Controll.static LEKCBKLAILO         92.8614 -> 92.9114
93175,6 fw Controll.static OFJKHAFJIMA          0.0019 -> 0.0109
93191,6 fw Controll.static GIPNIMALPEG          0.9254 -> 0.6533
93191,6 fw Controll.static LCMOBPPHLLM          0.2425 -> 0.485
93198,5 fw Controll.static NAKNALFCOIF        125.2282 -> 125.3484
93198,5 fw Controll.static IGLCENGMMMJ          3.2741 -> 3.4582
93210,8 fw Controll.static MKFDGFOCKNO         92.8614 -> 92.9114
93210,8 fw Controll.static LEKCBKLAILO         92.9114 -> 92.9614
93210,8 fw Controll.static OFJKHAFJIMA          0.0109 -> 0.0016
93216,7 fw Controll.static GIPNIMALPEG          0.6533 -> 0.1547
93229,9 fw Controll.static IGLCENGMMMJ          3.4582 -> 3.3082
93248,3 fw player          HEADELMLILF               1 -> 0
93248,4 fw Controll.static GIPNIMALPEG          0.1547 -> 0.7867
93266,7 fw player          BDHNEDFEHBA               0 -> 64
93266,7 fw player          LNIDBHIAJJI               0 -> 254
93266,7 fw player          ACAIGMNLLEC              84 -> 88
93266,7 fw player          HEADELMLILF               0 -> 1
93266,8 fw Controll.static MKFDGFOCKNO         92.9114 -> 92.9615
93266,8 fw Controll.static LEKCBKLAILO         92.9614 -> 93.0115
93266,8 fw Controll.static OFJKHAFJIMA          0.0016 -> 0.0075
93272,6 fw Controll.static GIPNIMALPEG          0.7867 -> 0.2729
93303,7 fw Controll.static GIPNIMALPEG          0.2729 -> 0.8936
93309,6 fw Controll.static NAKNALFCOIF        125.3484 -> 123.7342
93309,6 fw Controll.static IGLCENGMMMJ          3.3082 -> 1.7742
93322,2 fw Controll.static GLGCAOADGMN               1 -> 0
93322,2 fw Controll.static MKFDGFOCKNO         92.9615 -> 93.0115
93322,2 fw Controll.static LEKCBKLAILO         93.0115 -> 93.0615
93322,2 fw Controll.static OFJKHAFJIMA          0.0075 -> 0.0003
93329,5 fw Controll.static GIPNIMALPEG          0.8936 -> 0.4098
93339,2 fw player          LNIDBHIAJJI             254 -> 1
93339,2 fw Controll.static NAKNALFCOIF        123.7342 -> 123.2099
93339,2 fw Controll.static IGLCENGMMMJ          1.7742 -> 0.9287
93349,9 fw player          ACAIGMNLLEC              88 -> 89
93366,8 fw Controll.static GIPNIMALPEG          0.4098 -> 0.156
93366,8 fw Controll.static NAKNALFCOIF        123.2099 -> 122.6081
93366,8 fw Controll.static IGLCENGMMMJ          0.9287 -> 0.2563
93373,2 fw Controll.static MKFDGFOCKNO         93.0115 -> 93.0615
93373,2 fw Controll.static LEKCBKLAILO         93.0615 -> 93.1115
93382,5 fw player          HEADELMLILF               1 -> 0
93382,5 fw Controll.static OFJKHAFJIMA          0.0003 -> 0.0077
93392,9 fw Controll.static GIPNIMALPEG           0.156 -> 0.6774
93392,9 fw Controll.static NAKNALFCOIF        122.6081 -> 122.27
93392,9 fw Controll.static IGLCENGMMMJ          0.2563 -> -0.854
93410,1 fw Controll.static MKFDGFOCKNO         93.0615 -> 93.1115
93410,2 fw Controll.static LEKCBKLAILO         93.1115 -> 93.1615
93410,2 fw Controll.static OFJKHAFJIMA          0.0077 -> 0.0008
93417,6 fw Controll.static GIPNIMALPEG          0.6774 -> 0.1719
93417,6 fw Controll.static NAKNALFCOIF          122.27 -> 122.0869
93417,6 fw Controll.static IGLCENGMMMJ          -0.854 -> -1.9786
93427,0 fw Controll.static GCHFDAPNBNB               0 -> 1
93427,0 fw Controll.static BFEOOOMMGLK               0 -> 1
93427,0 fw Controll.static GLGCAOADGMN               0 -> 1
93427,0 fw Controll.static IPCNAHJLMAP               0 -> 1
93427,0 fw Controll        MJPKOOHJOPA         88.2093 -> 88.5169
93434,0 fw player          HOJIIOCKKLO              -1 -> 1
93434,0 fw player          IGBIBDAMMLE               2 -> 3
93434,0 fw player          BCHEAICMFGH         88.0201 -> 88.3169
93442,1 fw Controll.static MNHBPCOOMLE          926567 -> 926875
93442,1 fw Controll.static GIPNIMALPEG          0.1719 -> 0.6625
93442,1 fw Controll.static ANDBANJHOLD         87.9593 -> 88.2669
93442,2 fw Controll.static NAKNALFCOIF        122.0869 -> 121.9132
93442,2 fw Controll.static IGLCENGMMMJ         -1.9786 -> -5.3716
93450,3 fw Controll.static BFEOOOMMGLK               1 -> 0
93460,9 fw Controll.static MKFDGFOCKNO         93.1115 -> 93.1615
93460,9 fw Controll.static LEKCBKLAILO         93.1615 -> 93.2115
93460,9 fw Controll.static OFJKHAFJIMA          0.0008 -> 0.0017
93466,5 fw Controll.static GIPNIMALPEG          0.6625 -> 0.1489
93466,5 fw Controll.static LCMOBPPHLLM           0.485 -> 0.2425
93466,5 fw Controll.static NAKNALFCOIF        121.9132 -> 121.5406
93466,5 fw Controll.static IGLCENGMMMJ         -5.3716 -> -8.8343
93476,7 fw Controll.static GCHFDAPNBNB               1 -> 0
93483,4 fw Controll.static IPCNAHJLMAP               1 -> 0
93493,8 fw Controll.static GIPNIMALPEG          0.1489 -> 0.6953
93493,8 fw Controll.static NAKNALFCOIF        121.5406 -> 122.5401
93499,5 fw Controll.static IGLCENGMMMJ         -8.8343 -> -9.5231
93510,0 fw player          LNIDBHIAJJI               1 -> 0
93510,0 fw player          ACAIGMNLLEC              89 -> 87
93510,0 fw Controll.static MKFDGFOCKNO         93.1615 -> 93.2115
93510,0 fw Controll.static LEKCBKLAILO         93.2115 -> 93.2615
93510,0 fw Controll.static OFJKHAFJIMA          0.0017 -> 0.0006
93517,1 fw player          HEADELMLILF               0 -> 1
93517,2 fw Controll.static GIPNIMALPEG          0.6953 -> 0.1624
93525,7 fw Controll.static NAKNALFCOIF        122.5401 -> 123.5635
93525,7 fw Controll.static IGLCENGMMMJ         -9.5231 -> -8.8963
93541,0 fw player          IGBIBDAMMLE               3 -> 4
93541,0 fw player          BCHEAICMFGH         88.3169 -> 88.4182
93541,0 fw Controll.static GIPNIMALPEG          0.1624 -> 0.6385
93551,6 fw Controll.static NAKNALFCOIF        123.5635 -> 124.0818
93551,6 fw Controll.static IGLCENGMMMJ         -8.8963 -> -6.1409
93555,8 fw Controll.static GLGCAOADGMN               1 -> 0
93568,5 fw player          LNIDBHIAJJI               0 -> 255
93568,5 fw player          HEADELMLILF               1 -> 0
93568,5 fw Controll.static GIPNIMALPEG          0.6385 -> 0.1884
93568,5 fw Controll.static LCMOBPPHLLM          0.2425 -> 0.485
93574,0 fw Controll.static NAKNALFCOIF        124.0818 -> 124.267
93574,0 fw Controll.static IGLCENGMMMJ         -6.1409 -> -3.9218
93586,8 fw Controll.static MKFDGFOCKNO         93.2115 -> 93.2615
93586,8 fw Controll.static LEKCBKLAILO         93.2615 -> 93.3115
93586,8 fw Controll.static OFJKHAFJIMA          0.0006 -> 0.0092
93592,4 fw Controll.static GIPNIMALPEG          0.1884 -> 0.6675
93602,8 fw Controll.static NAKNALFCOIF         124.267 -> 124.3617
93602,8 fw Controll.static IGLCENGMMMJ         -3.9218 -> -3.1277
93612,5 fw player          HEADELMLILF               0 -> 1
93612,5 fw Controll.static MKFDGFOCKNO         93.2615 -> 93.3116
93612,5 fw Controll.static LEKCBKLAILO         93.3115 -> 93.3616
93612,5 fw Controll.static OFJKHAFJIMA          0.0092 -> 0.0032
93621,8 fw player          HIDMDLLHEKO               1 -> 4
93621,8 fw player          GEDMGLAMGMD               5 -> 6
93621,8 fw player          CNHNFDDJMJO              39 -> 45
93621,8 fw Controll.static GIPNIMALPEG          0.6675 -> 0.2548
93632,8 fw player          BDHNEDFEHBA              64 -> 0
93632,8 fw player          LNIDBHIAJJI             255 -> 254
93632,8 fw player          ACAIGMNLLEC              87 -> 86
93632,9 fw Controll.static NAKNALFCOIF        124.3617 -> 124.0617
93652,0 fw Controll.static GIPNIMALPEG          0.2548 -> 0.8587
93657,4 fw player          HIDMDLLHEKO               4 -> 1
93657,4 fw Controll.static NAKNALFCOIF        124.0617 -> 123.7617
93670,2 fw player          LNIDBHIAJJI             254 -> 250
93670,2 fw player          HEADELMLILF               1 -> 0
93670,2 fw Controll.static MKFDGFOCKNO         93.3116 -> 93.3617
93670,2 fw Controll.static LEKCBKLAILO         93.3616 -> 93.4117
93670,2 fw Controll.static OFJKHAFJIMA          0.0032 -> 0.0107
93692,5 fw Controll.static GIPNIMALPEG          0.8587 -> 0.6648
93692,5 fw Controll.static NAKNALFCOIF        123.7617 -> 122.5617
93711,9 fw player          BDHNEDFEHBA               0 -> 64
93711,9 fw player          LNIDBHIAJJI             250 -> 248
93711,9 fw player          ACAIGMNLLEC              86 -> 87
93711,9 fw Controll.static OFJKHAFJIMA          0.0107 -> 0.0022
93719,1 fw player          HEADELMLILF               0 -> 1
93719,1 fw Controll.static GIPNIMALPEG          0.6648 -> 0.1974
93719,1 fw Controll.static NAKNALFCOIF        122.5617 -> 121.6617
93735,9 fw Controll.static MKFDGFOCKNO         93.3617 -> 93.4118
93736,0 fw Controll.static LEKCBKLAILO         93.4117 -> 93.4618
93750,4 fw Controll.static GIPNIMALPEG          0.1974 -> 0.8238
93750,4 fw Controll.static NAKNALFCOIF        121.6617 -> 120.6117
93768,5 fw Controll.static MKFDGFOCKNO         93.4118 -> 93.4618
93768,5 fw Controll.static LEKCBKLAILO         93.4618 -> 93.5118
93768,5 fw Controll.static OFJKHAFJIMA          0.0022 -> 0.0088
93775,2 fw player          LNIDBHIAJJI             248 -> 252
93775,3 fw player          ACAIGMNLLEC              87 -> 88
93775,3 fw Controll.static GIPNIMALPEG          0.8238 -> 0.3198
93775,3 fw Controll.static NAKNALFCOIF        120.6117 -> 119.8617
93795,5 fw player          LNIDBHIAJJI             252 -> 253
93795,5 fw player          HEADELMLILF               1 -> 0
93807,6 fw player          FGFKPMPLNKO         88.5989 -> 89.064
93807,7 fw Controll.static GIPNIMALPEG          0.3198 -> 0.9675
93807,7 fw Controll.static NAKNALFCOIF        119.8617 -> 118.8117
93817,6 fw Controll.static DGNDKAKOEPD          925990 -> 927038
93817,6 fw Controll.static BEJBLGGGOCC       338505163 -> 338506160
93817,6 fw Controll.static JELGPAKAJPE             124 -> 178
93817,6 fw Controll.static EENJPDHGGGC         92.4439 -> 93.4923
93823,9 fw Controll.static MKFDGFOCKNO         93.4618 -> 93.5118
93823,9 fw Controll.static LEKCBKLAILO         93.5118 -> 93.5618
93823,9 fw Controll.static OFJKHAFJIMA          0.0088 -> 0.0081
93834,7 fw Controll.static GIPNIMALPEG          0.9675 -> 0.5078
93834,7 fw Controll.static NAKNALFCOIF        118.8117 -> 117.6117
93857,7 fw player          ACAIGMNLLEC              88 -> 87
93857,8 fw player          HEADELMLILF               0 -> 1
93857,8 fw Controll.static GIPNIMALPEG          0.5078 -> 0.9696
93867,9 fw Controll.static NAKNALFCOIF        117.6117 -> 116.1117
93873,4 fw player          ACAIGMNLLEC              87 -> 86
93873,4 fw Controll.static MKFDGFOCKNO         93.5118 -> 93.5618
93873,4 fw Controll.static LEKCBKLAILO         93.5618 -> 93.6118
93873,4 fw Controll.static OFJKHAFJIMA          0.0081 -> 0.0084
93887,3 fw Controll.static GIPNIMALPEG          0.9696 -> 0.5601
93892,3 fw player          HOJIIOCKKLO               1 -> -1
93892,4 fw Controll.static NAKNALFCOIF        116.1117 -> 115.3617
93911,5 fw Controll.static GIPNIMALPEG          0.5601 -> 0.043
93922,6 fw Controll.static NAKNALFCOIF        115.3617 -> 113.5617
93922,6 fw Controll.static IGLCENGMMMJ         -3.1277 -> -2.8277
93928,0 fw Controll.static MKFDGFOCKNO         93.5618 -> 93.6118
93928,0 fw Controll.static LEKCBKLAILO         93.6118 -> 93.6618
93928,0 fw Controll.static OFJKHAFJIMA          0.0084 -> 0.002
93939,3 fw player          ACAIGMNLLEC              86 -> 84
93939,3 fw Controll.static GIPNIMALPEG           0.043 -> 0.6002
93948,4 fw Controll.static NAKNALFCOIF        113.5617 -> 111.3117
93948,4 fw Controll.static IGLCENGMMMJ         -2.8277 -> -2.3777
93965,1 fw Controll.static GIPNIMALPEG          0.6002 -> 0.1145
93972,4 fw Controll.static NAKNALFCOIF        111.3117 -> 107.7117
93972,4 fw Controll.static IGLCENGMMMJ         -2.3777 -> -1.7777
93972,4 fw Controll.static EPEEFBDJAHO               1 -> 0
93982,4 fw Controll.static MKFDGFOCKNO         93.6118 -> 93.6618
93982,4 fw Controll.static LEKCBKLAILO         93.6618 -> 93.7118
93982,4 fw Controll.static OFJKHAFJIMA           0.002 -> 0.0054
93990,8 fw player          ACAIGMNLLEC              84 -> 82
93990,9 fw Controll.static GIPNIMALPEG          0.1145 -> 0.6306
93999,7 fw Controll.static NAKNALFCOIF        107.7117 -> 103.8117
94024,1 fw Controll.static GIPNIMALPEG          0.6306 -> 0.2955
94024,1 fw Controll.static NAKNALFCOIF        103.8117 -> 99.6117
94034,4 fw player          ACAIGMNLLEC              82 -> 81
94034,4 fw Controll.static MKFDGFOCKNO         93.6618 -> 93.7118
94034,4 fw Controll.static LEKCBKLAILO         93.7118 -> 93.7618
94040,2 fw Controll.static OFJKHAFJIMA          0.0054 -> 0.0077
94051,9 fw Controll.static GIPNIMALPEG          0.2955 -> 0.8512
94051,9 fw Controll.static NAKNALFCOIF         99.6117 -> 91.3617
94069,6 fw Controll.static MKFDGFOCKNO         93.7118 -> 93.7618
94069,6 fw Controll.static LEKCBKLAILO         93.7618 -> 93.8118
94069,6 fw Controll.static OFJKHAFJIMA          0.0077 -> 0.01
94075,4 fw Controll.static GIPNIMALPEG          0.8512 -> 0.3208
94075,4 fw Controll.static NAKNALFCOIF         91.3617 -> 82.9617
94075,4 fw Controll.static IGLCENGMMMJ         -1.7777 -> -1.0277
94106,0 fw Controll.static GIPNIMALPEG          0.3208 -> 0.9321
94106,0 fw Controll.static NAKNALFCOIF         82.9617 -> 73.5117
94106,0 fw Controll.static IGLCENGMMMJ         -1.0277 -> 0.6223
94115,1 fw player          LNIDBHIAJJI             253 -> 254
94115,1 fw player          ACAIGMNLLEC              81 -> 77
94115,1 fw Controll.static GCHFDAPNBNB               0 -> 1
94115,1 fw Controll.static IPCNAHJLMAP               0 -> 1
94123,9 fw Controll.static MKFDGFOCKNO         93.7618 -> 93.8119
94123,9 fw Controll.static LEKCBKLAILO         93.8118 -> 93.8619
94123,9 fw Controll.static OFJKHAFJIMA            0.01 -> 0.0056
94132,6 fw player          ACAIGMNLLEC              77 -> 71
94132,6 fw Controll.static GIPNIMALPEG          0.9321 -> 0.4652
94132,7 fw Controll.static NAKNALFCOIF         73.5117 -> 68.1117
94132,7 fw Controll.static IGLCENGMMMJ          0.6223 -> 1.3723
94141,3 fw player          IGBIBDAMMLE               4 -> 0
94150,7 fw player          BCHEAICMFGH         88.4182 -> 89.0166
94158,7 fw Controll.static GIPNIMALPEG          0.4652 -> 0.9835
94158,7 fw Controll.static NAKNALFCOIF         68.1117 -> 63.6117
94167,1 fw Controll.static GCHFDAPNBNB               1 -> 0
94177,4 fw Controll.static IPCNAHJLMAP               1 -> 0
94177,4 fw Controll.static MKFDGFOCKNO         93.8119 -> 93.8619
94177,4 fw Controll.static LEKCBKLAILO         93.8619 -> 93.9119
94177,4 fw Controll.static OFJKHAFJIMA          0.0056 -> 0.0075
94186,5 fw Controll.static GIPNIMALPEG          0.9835 -> 0.5415
94186,5 fw Controll.static LCMOBPPHLLM           0.485 -> 0.2425
94197,9 fw Controll.static NAKNALFCOIF         63.6117 -> 54.3117
94216,9 fw player          ACAIGMNLLEC              71 -> 60
94217,0 fw Controll.static GIPNIMALPEG          0.5415 -> 0.1512
94223,9 fw Controll.static NAKNALFCOIF         54.3117 -> 50.1117
94236,3 fw player          BDHNEDFEHBA              64 -> 0
94236,3 fw player          LNIDBHIAJJI             254 -> 0
94236,3 fw player          ACAIGMNLLEC              60 -> 50
94236,3 fw Controll.static MKFDGFOCKNO         93.8619 -> 93.9119
94236,3 fw Controll.static LEKCBKLAILO         93.9119 -> 93.9619
94236,3 fw Controll.static OFJKHAFJIMA          0.0075 -> 0.0074
94243,9 fw player          HIDMDLLHEKO               1 -> 4
94243,9 fw Controll.static GIPNIMALPEG          0.1512 -> 0.6902
94256,6 fw player          IGBIBDAMMLE               0 -> 1
94256,6 fw player          BCHEAICMFGH         89.0166 -> 89.1277
94256,6 fw Controll.static NAKNALFCOIF         50.1117 -> 46.3617
94266,8 fw Controll.static MKFDGFOCKNO         93.9119 -> 93.9619
94266,8 fw Controll.static LEKCBKLAILO         93.9619 -> 94.0119
94266,8 fw Controll.static OFJKHAFJIMA          0.0074 -> 0.0072
94281,7 fw Controll.static GIPNIMALPEG          0.6902 -> 0.444
94287,0 fw player          FGFKPMPLNKO          89.064 -> 89.7791
94287,1 fw Controll.static NAKNALFCOIF         46.3617 -> 42.0117
94300,4 fw player          HIDMDLLHEKO               4 -> 1
94307,6 fw player          ACAIGMNLLEC              50 -> 43
94307,7 fw Controll.static GIPNIMALPEG           0.444 -> 0.9643
94320,9 fw Controll.static LCMOBPPHLLM          0.2425 -> 0.485
94320,9 fw Controll.static NAKNALFCOIF         42.0117 -> 37.9617
94320,9 fw Controll.static IGLCENGMMMJ          1.3723 -> 1.6723
94327,1 fw player          ACAIGMNLLEC              43 -> 36
94327,2 fw Controll.static MKFDGFOCKNO         93.9619 -> 94.0119
94327,2 fw Controll.static LEKCBKLAILO         94.0119 -> 94.0619
94327,2 fw Controll.static OFJKHAFJIMA          0.0072 -> 0.0111
94341,9 fw Controll.static GIPNIMALPEG          0.9643 -> 0.6466
94347,4 fw Controll.static NAKNALFCOIF         37.9617 -> 36.6117
94347,4 fw Controll.static IGLCENGMMMJ          1.6723 -> 1.9723
94365,2 fw player          HOJIIOCKKLO              -1 -> 1
94365,2 fw Controll.static BFEOOOMMGLK               0 -> 1
94365,2 fw Controll.static GLGCAOADGMN               0 -> 1
94365,2 fw Controll.static MKFDGFOCKNO         94.0119 -> 94.0619
94365,2 fw Controll.static LEKCBKLAILO         94.0619 -> 94.1119
94365,3 fw Controll.static OFJKHAFJIMA          0.0111 -> 0.0057
94365,3 fw Controll        MJPKOOHJOPA         88.5169 -> 89.4542
94370,1 fw Controll.static MNHBPCOOMLE          926875 -> 927813
94382,3 fw Controll.static GIPNIMALPEG          0.6466 -> 0.4565
94382,3 fw Controll.static NAKNALFCOIF         36.6117 -> 34.5117
94382,3 fw Controll.static IGLCENGMMMJ          1.9723 -> 2.4223
94382,3 fw Controll.static JEOINCHFPCC               1 -> 0
94388,2 fw Controll.static BFEOOOMMGLK               1 -> 0
94405,5 fw player          BDHNEDFEHBA               0 -> 64
94405,5 fw Controll.static GIPNIMALPEG          0.4565 -> 0.9219
94405,5 fw Controll.static NAKNALFCOIF         34.5117 -> 32.1117
94405,5 fw Controll.static IGLCENGMMMJ          2.4223 -> 2.8723
94417,8 fw player          ACAIGMNLLEC              36 -> 31
94424,4 fw Controll.static MKFDGFOCKNO         94.0619 -> 94.1119
94424,4 fw Controll.static LEKCBKLAILO         94.1119 -> 94.1619
94424,4 fw Controll.static OFJKHAFJIMA          0.0057 -> 0.0082
94436,5 fw player          LNIDBHIAJJI               0 -> 1
94436,5 fw player          ACAIGMNLLEC              31 -> 26
94436,5 fw Controll.static GIPNIMALPEG          0.9219 -> 0.5409
94436,5 fw Controll.static NAKNALFCOIF         32.1117 -> 26.8617
94442,5 fw Controll.static GLGCAOADGMN               1 -> 0
94462,7 fw Controll.static GIPNIMALPEG          0.5409 -> 0.0656
94462,8 fw Controll.static NAKNALFCOIF         26.8617 -> 23.2617
94480,4 fw Controll.static MKFDGFOCKNO         94.1119 -> 94.1619
94480,4 fw Controll.static LEKCBKLAILO         94.1619 -> 94.212
94480,4 fw Controll.static OFJKHAFJIMA          0.0082 -> 0.0031
94492,4 fw Controll.static GIPNIMALPEG          0.0656 -> 0.6564
94492,4 fw Controll.static NAKNALFCOIF         23.2617 -> 20.5617
94511,4 fw Controll.static MKFDGFOCKNO         94.1619 -> 94.212
94511,4 fw Controll.static LEKCBKLAILO          94.212 -> 94.262
94511,4 fw Controll.static OFJKHAFJIMA          0.0031 -> 0.0015
94516,8 fw player          ACAIGMNLLEC              26 -> 25
94516,9 fw Controll.static GIPNIMALPEG          0.6564 -> 0.1473
94516,9 fw Controll.static NAKNALFCOIF         20.5617 -> 19.0617
94531,9 fw player          HIDMDLLHEKO               1 -> 0
94550,5 fw Controll.static GIPNIMALPEG          0.1473 -> 0.8196
94555,3 fw Controll.static NAKNALFCOIF         19.0617 -> 16.6617
94568,1 fw Controll.static MKFDGFOCKNO          94.212 -> 94.262
94568,1 fw Controll.static LEKCBKLAILO          94.262 -> 94.312
94568,1 fw Controll.static OFJKHAFJIMA          0.0015 -> 0.0084
94576,4 fw player          ACAIGMNLLEC              25 -> 22
94576,4 fw Controll.static GIPNIMALPEG          0.8196 -> 0.3384
94584,5 fw Controll.static NAKNALFCOIF         16.6617 -> 16.0617
94584,5 fw Controll.static JEOINCHFPCC               0 -> -1
94600,8 fw Controll.static GIPNIMALPEG          0.3384 -> 0.8257
94614,9 fw Controll.static NAKNALFCOIF         16.0617 -> 15.9117
94614,9 fw Controll.static DJACNOGOCKD               0 -> 1
94620,8 fw player          ACAIGMNLLEC              22 -> 16
94620,8 fw Controll.static MKFDGFOCKNO          94.262 -> 94.312
94620,8 fw Controll.static LEKCBKLAILO          94.312 -> 94.362
94620,8 fw Controll.static OFJKHAFJIMA          0.0084 -> 0.0053
94633,1 fw Controll.static FBINCNDDPAO         79.7313 -> 89.4046
94633,1 fw Controll.static ILGHFLMKMCO         81.7313 -> 91.4046
94633,1 fw Controll.static JADIDAJFOGK            0.42 -> 0.4
94633,1 fw Controll.static GIPNIMALPEG          0.8257 -> 0.4727
94638,6 fw Controll.static NAKNALFCOIF         15.9117 -> 15.7617
94659,0 fw player          ACAIGMNLLEC              16 -> 13
94659,1 fw Controll.static GIPNIMALPEG          0.4727 -> 0.9907
94672,3 fw Controll.static NAKNALFCOIF         15.7617 -> 15.3117
94678,9 fw Controll.static MKFDGFOCKNO          94.312 -> 94.362
94678,9 fw Controll.static LEKCBKLAILO          94.362 -> 94.412
94678,9 fw Controll.static OFJKHAFJIMA          0.0053 -> 0.0125
94690,5 fw Controll.static GIPNIMALPEG          0.9907 -> 0.6179
94696,8 fw Controll.static NAKNALFCOIF         15.3117 -> 15.0117
94723,7 fw Controll.static GIPNIMALPEG          0.6179 -> 0.2831
94723,7 fw Controll.static NAKNALFCOIF         15.0117 -> 14.8617
94731,6 fw Controll.static MKFDGFOCKNO          94.362 -> 94.412
94731,6 fw Controll.static LEKCBKLAILO          94.412 -> 94.462
94740,2 fw player          ACAIGMNLLEC              13 -> 11
94740,2 fw Controll.static OFJKHAFJIMA          0.0125 -> 0.0044
94745,4 fw player          HIDMDLLHEKO               0 -> 1
94745,4 fw Controll.static GIPNIMALPEG          0.2831 -> 0.7182
94745,4 fw Controll.static NAKNALFCOIF         14.8617 -> 14.7117
94745,5 fw Controll.static DGNDKAKOEPD          927038 -> 927989
94745,5 fw Controll.static BEJBLGGGOCC       338506160 -> 338507164
94745,5 fw Controll.static JELGPAKAJPE             178 -> 126
94745,5 fw Controll.static EENJPDHGGGC         93.4923 -> 94.4429
94764,4 fw Controll.static MKFDGFOCKNO          94.412 -> 94.462
94764,4 fw Controll.static LEKCBKLAILO          94.462 -> 94.512
94764,4 fw Controll.static OFJKHAFJIMA          0.0044 -> 0.0047
94778,0 fw player          LNIDBHIAJJI               1 -> 2
94778,0 fw player          HEADELMLILF               1 -> 0
94778,0 fw Controll.static GIPNIMALPEG          0.7182 -> 0.3684
94778,0 fw Controll.static EPEEFBDJAHO               0 -> 1
94798,4 fw Controll.static GIPNIMALPEG          0.3684 -> 0.778
94817,2 fw Controll.static MKFDGFOCKNO          94.462 -> 94.5121
94817,2 fw Controll.static LEKCBKLAILO          94.512 -> 94.5621
94817,2 fw Controll.static OFJKHAFJIMA          0.0047 -> 0.0029
94829,1 fw Controll.static GIPNIMALPEG           0.778 -> 0.3907
94829,1 fw Controll.static NAKNALFCOIF         14.7117 -> 14.4117
94852,5 fw player          ACAIGMNLLEC              11 -> 10
94852,5 fw Controll.static GIPNIMALPEG          0.3907 -> 0.8592
94866,6 fw Controll.static MKFDGFOCKNO         94.5121 -> 94.5621
94866,6 fw Controll.static LEKCBKLAILO         94.5621 -> 94.6121
94866,6 fw Controll.static OFJKHAFJIMA          0.0029 -> 0.0018
94877,8 fw Controll.static GIPNIMALPEG          0.8592 -> 0.3637
94899,7 fw Controll.static GIPNIMALPEG          0.3637 -> 0.8013
94916,6 fw Controll.static MKFDGFOCKNO         94.5621 -> 94.6121
94916,6 fw Controll.static LEKCBKLAILO         94.6121 -> 94.6621
94916,6 fw Controll.static OFJKHAFJIMA          0.0018 -> 0.0023
94928,7 fw Controll.static GIPNIMALPEG          0.8013 -> 0.38
94951,4 fw Controll.static GIPNIMALPEG            0.38 -> 0.8361
94961,1 fw player          HOJIIOCKKLO               1 -> -1
94966,1 fw Controll.static MKFDGFOCKNO         94.6121 -> 94.6621
94966,1 fw Controll.static LEKCBKLAILO         94.6621 -> 94.7121
94966,1 fw Controll.static OFJKHAFJIMA          0.0023 -> 0.0012
94978,5 fw Controll.static GIPNIMALPEG          0.8361 -> 0.3787
94996,4 fw player          FGFKPMPLNKO         89.7791 -> 90.253
95000,4 fw Controll.static GIPNIMALPEG          0.3787 -> 0.8145
95016,2 fw Controll.static NAKNALFCOIF         14.4117 -> 14.2617
95019,9 fw Controll.static MKFDGFOCKNO         94.6621 -> 94.7121
95019,9 fw Controll.static LEKCBKLAILO         94.7121 -> 94.7621
95019,9 fw Controll.static OFJKHAFJIMA          0.0012 -> 0.0061
95037,7 fw Controll.static GIPNIMALPEG          0.8145 -> 0.5615
95037,7 fw Controll.static NAKNALFCOIF         14.2617 -> 14.1117
95037,7 fw Controll.static IGLCENGMMMJ          2.8723 -> 3.0223
95068,5 fw Controll.static GIPNIMALPEG          0.5615 -> 0.1768
95068,5 fw Controll.static NAKNALFCOIF         14.1117 -> 13.6617
95068,5 fw Controll.static IGLCENGMMMJ          3.0223 -> 3.4723
95084,0 fw Controll.static MKFDGFOCKNO         94.7121 -> 94.7621
95084,0 fw Controll.static LEKCBKLAILO         94.7621 -> 94.8121
95084,0 fw Controll.static OFJKHAFJIMA          0.0061 -> 0.0086
95090,4 fw Controll.static GIPNIMALPEG          0.1768 -> 0.6156
95090,5 fw Controll.static NAKNALFCOIF         13.6617 -> 13.2117
95090,5 fw Controll.static IGLCENGMMMJ          3.4723 -> 3.7723
95118,5 fw Controll.static GIPNIMALPEG          0.6156 -> 0.1779
95118,6 fw Controll.static NAKNALFCOIF         13.2117 -> 12.7617
95118,6 fw Controll.static IGLCENGMMMJ          3.7723 -> 4.2223
95135,1 fw Controll.static MKFDGFOCKNO         94.7621 -> 94.8121
95135,1 fw Controll.static LEKCBKLAILO         94.8121 -> 94.8621
95140,4 fw Controll.static GIPNIMALPEG          0.1779 -> 0.6149
95140,4 fw Controll.static NAKNALFCOIF         12.7617 -> 12.4617
95140,4 fw Controll.static IGLCENGMMMJ          4.2223 -> 4.5223
95171,5 fw Controll.static GIPNIMALPEG          0.6149 -> 0.2357
95171,5 fw Controll.static NAKNALFCOIF         12.4617 -> 11.4117
95176,9 fw Controll.static IGLCENGMMMJ          4.5223 -> 5.2723
95177,0 fw Controll.static JEOINCHFPCC              -1 -> 0
95190,6 fw Controll.static MKFDGFOCKNO         94.8121 -> 94.8622
95190,6 fw Controll.static LEKCBKLAILO         94.8621 -> 94.9122
95190,6 fw Controll.static OFJKHAFJIMA          0.0086 -> 0.0116
95194,2 fw Controll.static GIPNIMALPEG          0.2357 -> 0.6906
95208,7 fw Controll.static NAKNALFCOIF         11.4117 -> 10.6617
95208,7 fw Controll.static IGLCENGMMMJ          5.2723 -> 5.8723
95214,7 fw Controll.static MKFDGFOCKNO         94.8622 -> 94.9122
95214,7 fw Controll.static LEKCBKLAILO         94.9122 -> 94.9622
95214,7 fw Controll.static OFJKHAFJIMA          0.0116 -> 0.0048
95222,8 fw Controll.static GIPNIMALPEG          0.6906 -> 0.2618
95230,3 fw player          LBKINNIDKEC               1 -> 0
95230,3 fw player          ACAIGMNLLEC              10 -> 9
95230,3 fw player          HEADELMLILF               0 -> 1
95230,3 fw Controll.static NAKNALFCOIF         10.6617 -> 9.9117
95230,3 fw Controll.static IGLCENGMMMJ          5.8723 -> 6.3223
95245,6 fw Controll.static GIPNIMALPEG          0.2618 -> 0.7179
95254,0 fw Controll.static NAKNALFCOIF          9.9117 -> 9.3117
95254,0 fw Controll.static IGLCENGMMMJ          6.3223 -> 6.6223
95260,6 fw Controll.static MKFDGFOCKNO         94.9122 -> 94.9622
95260,6 fw Controll.static LEKCBKLAILO         94.9622 -> 95.0122
95260,6 fw Controll.static OFJKHAFJIMA          0.0048 -> 0.0006
95269,3 fw player          LNIDBHIAJJI               2 -> 3
95269,3 fw player          HEADELMLILF               1 -> 0
95269,3 fw Controll.static GIPNIMALPEG          0.7179 -> 0.1916
95277,1 fw Controll.static NAKNALFCOIF          9.3117 -> 8.4117
95277,1 fw Controll.static IGLCENGMMMJ          6.6223 -> 7.2223
95292,0 fw Controll.static GIPNIMALPEG          0.1916 -> 0.6463
95299,3 fw player          ACAIGMNLLEC               9 -> 8
95299,3 fw player          HEADELMLILF               0 -> 1
95299,3 fw Controll.static NAKNALFCOIF          8.4117 -> 7.5117
95299,3 fw Controll.static IGLCENGMMMJ          7.2223 -> 7.3723
95307,3 fw player          FDOJDJLIGLF              10 -> 30
95315,9 fw Controll.static GIPNIMALPEG          0.6463 -> 0.124
95320,4 fw Controll.static NAKNALFCOIF          7.5117 -> 7.0617
95320,4 fw Controll.static IGLCENGMMMJ          7.3723 -> 7.6723
95333,6 fw Controll.static MKFDGFOCKNO         94.9622 -> 95.0122
95333,6 fw Controll.static LEKCBKLAILO         95.0122 -> 95.0622
95333,6 fw Controll.static OFJKHAFJIMA          0.0006 -> 0.0059
95339,7 fw player          LNIDBHIAJJI               3 -> 4
95339,7 fw player          ACAIGMNLLEC               8 -> 7
95350,8 fw Controll.static GIPNIMALPEG           0.124 -> 0.8216
95350,8 fw Controll.static NAKNALFCOIF          7.0617 -> 6.3117
95367,6 fw Controll.static OFJKHAFJIMA          0.0059 -> 0.0075
95374,4 fw Controll.static GIPNIMALPEG          0.8216 -> 0.2934
95374,4 fw Controll.static NAKNALFCOIF          6.3117 -> 5.2617
95374,4 fw Controll.static IGLCENGMMMJ          7.6723 -> 7.8223
95384,7 fw Controll.static GCHFDAPNBNB               0 -> 1
95384,7 fw Controll.static IPCNAHJLMAP               0 -> 1
95391,8 fw player          IGBIBDAMMLE               1 -> 2
95391,8 fw player          BCHEAICMFGH         89.1277 -> 90.2646
95391,8 fw Controll.static MKFDGFOCKNO         95.0122 -> 95.0622
95391,8 fw Controll.static LEKCBKLAILO         95.0622 -> 95.1122
95400,2 fw Controll.static GIPNIMALPEG          0.2934 -> 0.8088
95400,2 fw Controll.static NAKNALFCOIF          5.2617 -> 4.0617
95400,2 fw Controll.static IGLCENGMMMJ          7.8223 -> 8.1223
95405,8 fw player          ACAIGMNLLEC               7 -> 6
95417,6 fw Controll.static MKFDGFOCKNO         95.0622 -> 95.1122
95417,6 fw Controll.static LEKCBKLAILO         95.1122 -> 95.1622
95417,6 fw Controll.static OFJKHAFJIMA          0.0075 -> 0.0074
95423,4 fw player          HOJIIOCKKLO              -1 -> 1
95423,4 fw Controll.static GIPNIMALPEG          0.8088 -> 0.2737
95423,4 fw Controll.static LCMOBPPHLLM           0.485 -> 0.2425
95423,4 fw Controll.static NAKNALFCOIF          4.0617 -> 3.3117
95435,7 fw Controll.static GCHFDAPNBNB               1 -> 0
95435,7 fw Controll.static IPCNAHJLMAP               1 -> 0
95451,2 fw player          LNIDBHIAJJI               4 -> 5
95451,2 fw player          ACAIGMNLLEC               6 -> 5
95451,3 fw Controll.static GIPNIMALPEG          0.2737 -> 0.8297
95451,3 fw Controll.static NAKNALFCOIF          3.3117 -> 3.0117
95468,8 fw Controll.static MKFDGFOCKNO         95.1122 -> 95.1622
95468,8 fw Controll.static LEKCBKLAILO         95.1622 -> 95.2122
95468,8 fw Controll.static OFJKHAFJIMA          0.0074 -> 0.0087
95472,9 fw player          FGFKPMPLNKO          90.253 -> 90.9676
95473,0 fw Controll.static GIPNIMALPEG          0.8297 -> 0.2618
95483,6 fw player          IGBIBDAMMLE               2 -> 3
95483,6 fw player          BCHEAICMFGH         90.2646 -> 90.3656
95499,0 fw player          HIDMDLLHEKO               1 -> 4
95499,0 fw player          BDHNEDFEHBA              64 -> 0
95499,0 fw player          ACAIGMNLLEC               5 -> 4
95499,0 fw Controll.static GIPNIMALPEG          0.2618 -> 0.7858
95502,7 fw Controll.static NAKNALFCOIF          3.0117 -> 2.7117
95514,3 fw Controll.static MKFDGFOCKNO         95.1622 -> 95.2122
95514,3 fw Controll.static LEKCBKLAILO         95.2122 -> 95.2623
95514,3 fw Controll.static OFJKHAFJIMA          0.0087 -> 0.0043
95518,8 fw Controll.static GIPNIMALPEG          0.7858 -> 0.1801
95546,2 fw Controll.static GIPNIMALPEG          0.1801 -> 0.7282
95551,7 fw player          ACAIGMNLLEC               4 -> 2
95551,7 fw Controll.static NAKNALFCOIF          2.7117 -> 2.5617
95561,0 fw Controll.static MKFDGFOCKNO         95.2122 -> 95.2623
95561,0 fw Controll.static LEKCBKLAILO         95.2623 -> 95.3123
95561,0 fw Controll.static OFJKHAFJIMA          0.0043 -> 0.001
95565,3 fw player          HIDMDLLHEKO               4 -> 1
95565,3 fw Controll.static GIPNIMALPEG          0.7282 -> 0.11
95581,0 fw player          IGBIBDAMMLE               3 -> 4
95581,0 fw player          BCHEAICMFGH         90.3656 -> 90.4691
95596,1 fw player          HEADELMLILF               1 -> 0
95596,2 fw Controll.static GIPNIMALPEG            0.11 -> 0.7272
95600,1 fw Controll.static NAKNALFCOIF          2.5617 -> 2.2617
95612,4 fw Controll.static MKFDGFOCKNO         95.2623 -> 95.3123
95612,4 fw Controll.static LEKCBKLAILO         95.3123 -> 95.3623
95612,4 fw Controll.static OFJKHAFJIMA           0.001 -> 0.0021
95616,1 fw Controll.static GIPNIMALPEG          0.7272 -> 0.1245
95628,1 fw Controll.static NAKNALFCOIF          2.2617 -> 1.9617
95648,6 fw Controll.static GIPNIMALPEG          0.1245 -> 0.7765
95648,6 fw Controll.static NAKNALFCOIF          1.9617 -> 1.5117
95663,0 fw player          ACAIGMNLLEC               2 -> 1
95663,0 fw player          HEADELMLILF               0 -> 1
95663,1 fw Controll.static MKFDGFOCKNO         95.3123 -> 95.3623
95663,1 fw Controll.static LEKCBKLAILO         95.3623 -> 95.4123
95667,0 fw Controll.static OFJKHAFJIMA          0.0021 -> 0.003
95677,8 fw Controll.static GIPNIMALPEG          0.7765 -> 0.3579
95677,8 fw Controll.static NAKNALFCOIF          1.5117 -> 0.6117
95694,4 fw player          IGBIBDAMMLE               4 -> 0
95694,4 fw player          BCHEAICMFGH         90.4691 -> 90.5691
95698,4 fw player          HEADELMLILF               1 -> 0
95698,4 fw Controll.static GIPNIMALPEG          0.3579 -> 0.7716
95698,4 fw Controll.static NAKNALFCOIF          0.6117 -> 0.0117
95715,7 fw Controll.static MKFDGFOCKNO         95.3623 -> 95.4123
95715,7 fw Controll.static LEKCBKLAILO         95.4123 -> 95.4623
95715,7 fw Controll.static OFJKHAFJIMA           0.003 -> 0.0028
95729,1 fw Controll.static GIPNIMALPEG          0.7716 -> 0.3832
95729,1 fw Controll.static NAKNALFCOIF          0.0117 -> -0.2883
95735,2 fw Controll.static DGNDKAKOEPD          927989 -> 928962
95735,2 fw Controll.static BEJBLGGGOCC       338507164 -> 338508157
95735,2 fw Controll.static JELGPAKAJPE             126 -> 101
95735,2 fw Controll.static EENJPDHGGGC         94.4429 -> 95.4155
95750,3 fw Controll.static GIPNIMALPEG          0.3832 -> 0.8087
95750,3 fw Controll.static NAKNALFCOIF         -0.2883 -> -0.7383
95766,5 fw Controll.static MKFDGFOCKNO         95.4123 -> 95.4623
95766,5 fw Controll.static LEKCBKLAILO         95.4623 -> 95.5124
95766,5 fw Controll.static OFJKHAFJIMA          0.0028 -> 0.0002
95777,9 fw Controll.static GIPNIMALPEG          0.8087 -> 0.3596
95777,9 fw Controll.static NAKNALFCOIF         -0.7383 -> -1.1883
95795,3 fw player          ACAIGMNLLEC               1 -> 0
95795,3 fw player          HEADELMLILF               0 -> 1
95798,8 fw player          IGBIBDAMMLE               0 -> 1
95798,8 fw player          BCHEAICMFGH         90.5691 -> 90.6749
95798,8 fw Controll.static GIPNIMALPEG          0.3596 -> 0.7789
95811,6 fw Controll.static NAKNALFCOIF         -1.1883 -> -1.7883
95814,9 fw Controll.static MKFDGFOCKNO         95.4623 -> 95.5124
95814,9 fw Controll.static LEKCBKLAILO         95.5124 -> 95.5624
95814,9 fw Controll.static OFJKHAFJIMA          0.0002 -> 0.0013
95828,1 fw Controll.static GIPNIMALPEG          0.7789 -> 0.3611
95828,1 fw Controll.static LCMOBPPHLLM          0.2425 -> 0.485
95831,7 fw Controll.static NAKNALFCOIF         -1.7883 -> -1.9383
95842,6 fw player          ACAIGMNLLEC               0 -> 255
95846,5 fw Controll.static GIPNIMALPEG          0.3611 -> 0.7314
95862,3 fw Controll.static NAKNALFCOIF         -1.9383 -> -2.3883
95865,1 fw Controll.static MKFDGFOCKNO         95.5124 -> 95.5624
95865,1 fw Controll.static LEKCBKLAILO         95.5624 -> 95.6124
95865,1 fw Controll.static OFJKHAFJIMA          0.0013 -> 0.0022
95877,0 fw player          HOJIIOCKKLO               1 -> -1
95877,0 fw Controll.static GIPNIMALPEG          0.7314 -> 0.3417
95880,2 fw Controll.static NAKNALFCOIF         -2.3883 -> -2.5383
95898,5 fw player          BDHNEDFEHBA               0 -> 64
95898,5 fw player          HEADELMLILF               1 -> 0
95898,5 fw Controll.static GIPNIMALPEG          0.3417 -> 0.7717
95910,2 fw Controll.static NAKNALFCOIF         -2.5383 -> -2.8383
95913,1 fw Controll.static MKFDGFOCKNO         95.5624 -> 95.6124
95913,1 fw Controll.static LEKCBKLAILO         95.6124 -> 95.6624
95913,1 fw Controll.static OFJKHAFJIMA          0.0022 -> 0
95925,6 fw Controll.static GIPNIMALPEG          0.7717 -> 0.3114
95930,9 fw player          ACAIGMNLLEC             255 -> 254
95930,9 fw Controll.static NAKNALFCOIF         -2.8383 -> -3.1383
95942,7 fw player          HEADELMLILF               0 -> 1
95945,6 fw Controll.static ILGHFLMKMCO         91.4046 -> 90.8339
95945,6 fw Controll.static CKLMDECPAGK               0 -> 91.1339
95945,6 fw Controll.static DBMGNKNGFLL               0 -> 1
95945,6 fw Controll.static OINJNFHMDFE          0.1718 -> 0.4418
95945,6 fw Controll.static _JFKCDODJALP_k__BackingField            0 -> 1
95958,7 fw Controll.static GIPNIMALPEG          0.3114 -> 0.9745
95958,7 fw Controll.static JBKBOPCCIBM               0 -> 1
95962,4 fw Controll.static GCHFDAPNBNB               0 -> 1
95962,4 fw Controll.static IPCNAHJLMAP               0 -> 1
95962,5 fw Controll.static MKFDGFOCKNO         95.6124 -> 95.6624
95962,5 fw Controll.static LEKCBKLAILO         95.6624 -> 95.7124
95975,1 fw Controll.static OFJKHAFJIMA               0 -> 0.0023
95978,4 fw player          IGBIBDAMMLE               1 -> 2
95978,4 fw Controll.static GIPNIMALPEG          0.9745 -> 0.3698
95992,2 fw player          BCHEAICMFGH         90.6749 -> 90.8666
96008,5 fw player          HEADELMLILF               1 -> 0
96008,5 fw Controll.static GIPNIMALPEG          0.3698 -> 0.9715
96012,4 fw Controll.static GCHFDAPNBNB               1 -> 0
96012,4 fw Controll.static IPCNAHJLMAP               1 -> 0
96025,8 fw Controll.static MKFDGFOCKNO         95.6624 -> 95.7124
96025,8 fw Controll.static LEKCBKLAILO         95.7124 -> 95.7624
96031,0 fw player          HEADELMLILF               0 -> 1
96031,1 fw Controll.static GIPNIMALPEG          0.9715 -> 0.4228
96031,1 fw Controll.static LCMOBPPHLLM           0.485 -> 0.2425
96044,3 fw player          ACAIGMNLLEC             254 -> 253
96044,3 fw Controll.static _JFKCDODJALP_k__BackingField            1 -> 0
96054,6 fw Controll.static GIPNIMALPEG          0.4228 -> 0.8933
96054,6 fw Controll.static JBKBOPCCIBM               1 -> 0
96059,8 fw Controll.static DJACNOGOCKD               1 -> 0
96067,7 fw Controll.static MKFDGFOCKNO         95.7124 -> 95.7624
96067,7 fw Controll.static LEKCBKLAILO         95.7624 -> 95.8124
96067,7 fw Controll.static OFJKHAFJIMA          0.0023 -> 0.0073
96075,5 fw Controll.static GIPNIMALPEG          0.8933 -> 0.3109
96087,2 fw player          IGBIBDAMMLE               2 -> 3
96087,2 fw player          BCHEAICMFGH         90.8666 -> 90.9676
96095,1 fw Controll.static GIPNIMALPEG          0.3109 -> 0.7034
96109,2 fw player          HEADELMLILF               1 -> 0
96114,1 fw player          HIDMDLLHEKO               1 -> 4
96114,1 fw Controll.static GIPNIMALPEG          0.7034 -> 0.0839
96124,9 fw player          BDHNEDFEHBA              64 -> 0
96125,0 fw Controll.static NAKNALFCOIF         -3.1383 -> -2.8383
96128,7 fw Controll.static MKFDGFOCKNO         95.7624 -> 95.8124
96128,7 fw Controll.static LEKCBKLAILO         95.8124 -> 95.8624
96128,7 fw Controll.static OFJKHAFJIMA          0.0073 -> 0.004
96140,8 fw Controll.static GIPNIMALPEG          0.0839 -> 0.615
96144,2 fw player          HIDMDLLHEKO               4 -> 1
96144,3 fw Controll.static NAKNALFCOIF         -2.8383 -> -2.2383
96161,9 fw Controll.static GIPNIMALPEG           0.615 -> 0.0385
96174,8 fw Controll.static NAKNALFCOIF         -2.2383 -> 0.0117
96174,8 fw Controll.static IGLCENGMMMJ          8.1223 -> 7.5223
96178,3 fw player          FGFKPMPLNKO         90.9676 -> 91.678
96178,3 fw Controll.static MKFDGFOCKNO         95.8124 -> 95.8624
96178,3 fw Controll.static LEKCBKLAILO         95.8624 -> 95.9124
96178,3 fw Controll.static OFJKHAFJIMA           0.004 -> 0.0017
96192,6 fw player          IGBIBDAMMLE               3 -> 4
96192,6 fw player          BCHEAICMFGH         90.9676 -> 91.0705
96192,6 fw Controll.static GIPNIMALPEG          0.0385 -> 0.6523
96195,4 fw Controll.static NAKNALFCOIF          0.0117 -> 2.4117
96195,4 fw Controll.static IGLCENGMMMJ          7.5223 -> 7.0723
96212,5 fw Controll.static GIPNIMALPEG          0.6523 -> 0.0494
96224,3 fw Controll.static NAKNALFCOIF          2.4117 -> 5.2617
96224,3 fw Controll.static IGLCENGMMMJ          7.0723 -> 6.4723
96224,3 fw Controll.static JEOINCHFPCC               0 -> -1
96229,8 fw Controll.static MKFDGFOCKNO         95.8624 -> 95.9125
96229,8 fw Controll.static LEKCBKLAILO         95.9124 -> 95.9625
96229,8 fw Controll.static OFJKHAFJIMA          0.0017 -> 0.0022
96244,7 fw Controll.static GIPNIMALPEG          0.0494 -> 0.6947
96244,7 fw Controll.static NAKNALFCOIF          5.2617 -> 8.5617
96244,7 fw Controll.static IGLCENGMMMJ          6.4723 -> 5.7223
96262,9 fw Controll.static OFJKHAFJIMA          0.0022 -> 0.0027
96274,8 fw Controll.static GIPNIMALPEG          0.6947 -> 0.297
96274,8 fw Controll.static NAKNALFCOIF          8.5617 -> 13.3617
96274,8 fw Controll.static IGLCENGMMMJ          5.7223 -> 4.8223
96291,2 fw Controll.static MKFDGFOCKNO         95.9125 -> 95.9625
96291,2 fw Controll.static LEKCBKLAILO         95.9625 -> 96.0125
96294,6 fw player          IGBIBDAMMLE               4 -> 0
96294,6 fw player          BCHEAICMFGH         91.0705 -> 91.1707
96294,6 fw Controll.static GIPNIMALPEG           0.297 -> 0.6921
96294,6 fw Controll.static NAKNALFCOIF         13.3617 -> 15.1617
96294,6 fw Controll.static IGLCENGMMMJ          4.8223 -> 4.5223
96306,5 fw player          ACAIGMNLLEC             253 -> 255
96306,5 fw player          HEADELMLILF               0 -> 1
96316,0 fw player          FDOJDJLIGLF              30 -> 10
96316,0 fw player          HIDMDLLHEKO               1 -> 5
96316,0 fw Controll.static OFJKHAFJIMA          0.0027 -> 0.006
96326,6 fw player          MHCOJFIAGLP               5 -> 6
96326,7 fw Controll.static GIPNIMALPEG          0.6921 -> 0.931
96326,7 fw Controll.static LCMOBPPHLLM          0.2425 -> 0
96326,7 fw Controll.static NAKNALFCOIF         15.1617 -> 16.2117
96334,5 fw Controll.static JGNLBAMNEBA               0 -> 1
96334,5 fw Controll.static HCOLPFEEENG               0 -> 1
96334,5 fw Controll.static EGDKJEFGFIC               0 -> 1
96343,0 fw Controll.static OFJKHAFJIMA           0.006 -> 0.033
96364,1 fw Controll.static OFJKHAFJIMA           0.033 -> 0
96391,5 fw player          IGBIBDAMMLE               0 -> 1
96391,5 fw player          BCHEAICMFGH         91.1707 -> 91.2729
96508,9 fw player          IGBIBDAMMLE               1 -> 2
96508,9 fw player          BCHEAICMFGH         91.2729 -> 91.3827
96594,8 fw player          IGBIBDAMMLE               2 -> 3
96594,8 fw player          BCHEAICMFGH         91.3827 -> 91.4828
96707,1 fw player          IGBIBDAMMLE               3 -> 4
96707,1 fw player          BCHEAICMFGH         91.4828 -> 91.5886
96814,2 fw player          IGBIBDAMMLE               4 -> 0
96814,2 fw player          BCHEAICMFGH         91.5886 -> 91.6923
96921,2 # net: TcpClient.Connected = True
96921,2 fw player          IGBIBDAMMLE               0 -> 1
96921,2 fw player          BCHEAICMFGH         91.6923 -> 91.7983
97012,0 fw player          IGBIBDAMMLE               1 -> 2
97012,0 fw player          BCHEAICMFGH         91.7983 -> 91.8994
97124,9 fw player          IGBIBDAMMLE               2 -> 3
97124,9 fw player          BCHEAICMFGH         91.8994 -> 92.002
97221,1 fw player          IGBIBDAMMLE               3 -> 4
97221,1 fw player          BCHEAICMFGH          92.002 -> 92.1024
97324,5 fw player          IGBIBDAMMLE               4 -> 0
97324,5 fw player          BCHEAICMFGH         92.1024 -> 92.2132
97438,1 fw player          IGBIBDAMMLE               0 -> 1
97438,1 fw player          BCHEAICMFGH         92.2132 -> 92.3174
97541,7 fw player          IGBIBDAMMLE               1 -> 2
97541,7 fw player          BCHEAICMFGH         92.3174 -> 92.418
97641,7 fw player          IGBIBDAMMLE               2 -> 3
97641,7 fw player          BCHEAICMFGH          92.418 -> 92.5223
97744,7 fw player          BCHEAICMFGH         92.5223 -> 92.6305
97761,9 fw player          IGBIBDAMMLE               3 -> 4
97858,1 fw player          IGBIBDAMMLE               4 -> 0
97858,1 fw player          BCHEAICMFGH         92.6305 -> 92.7353
97959,6 fw player          IGBIBDAMMLE               0 -> 1
97959,6 fw player          BCHEAICMFGH         92.7353 -> 92.8382
98071,6 fw player          IGBIBDAMMLE               1 -> 2
98071,6 fw player          BCHEAICMFGH         92.8382 -> 92.9477
98174,5 fw player          IGBIBDAMMLE               2 -> 3
98187,3 fw player          BCHEAICMFGH         92.9477 -> 93.0507
98275,3 fw player          IGBIBDAMMLE               3 -> 4
98275,3 fw player          BCHEAICMFGH         93.0507 -> 93.1511
98340,0 fw player          HIDMDLLHEKO               5 -> 0
98340,0 fw player          CIPOBFGAMOP         85.9804 -> 93.1113
98340,0 fw Controll.static MNHBPCOOMLE          927813 -> 931821
98340,0 fw Controll.static GIPNIMALPEG           0.931 -> 0.0096
98340,0 fw Controll.static LCMOBPPHLLM               0 -> 0.485
98344,8 fw player          OLOOMMIKDPJ         85.9804 -> 93.1113
98344,8 fw player          LBKINNIDKEC               0 -> 1
98344,8 fw player          BDHNEDFEHBA               0 -> 64
98344,8 fw player          ACAIGMNLLEC             255 -> 64
98344,9 fw Controll.static NAKNALFCOIF         16.2117 -> 89.7
98357,7 fw player          FGFKPMPLNKO          91.678 -> 93.6015
98357,7 fw player          HIDMDLLHEKO               0 -> 1
98357,7 fw Controll.static JGNLBAMNEBA               1 -> 0
98357,7 fw Controll.static HCOLPFEEENG               1 -> 0
98357,7 fw Controll.static EGDKJEFGFIC               1 -> 0
98357,7 fw Controll.static MKFDGFOCKNO         95.9625 -> 98.042
98357,7 fw Controll.static LEKCBKLAILO         96.0125 -> 98.092
98364,1 fw Controll.static GIPNIMALPEG          0.0096 -> 0.4919
98376,0 fw player          HOJIIOCKKLO              -1 -> 1
98376,0 fw Controll.static NAKNALFCOIF            89.7 -> 88.95
98376,0 fw Controll.static IGLCENGMMMJ          4.5223 -> 5.2723
98393,3 fw Controll.static GIPNIMALPEG          0.4919 -> 0.0761
98404,6 fw Controll.static NAKNALFCOIF           88.95 -> 88.65
98404,6 fw Controll.static IGLCENGMMMJ          5.2723 -> 5.7223
98414,5 fw Controll.static MKFDGFOCKNO          98.042 -> 98.092
98414,5 fw Controll.static LEKCBKLAILO          98.092 -> 98.142
98414,5 fw Controll.static OFJKHAFJIMA               0 -> 0.0036
98436,0 fw Controll.static GIPNIMALPEG          0.0761 -> 0.9297
98436,0 fw Controll.static NAKNALFCOIF           88.65 -> 88.35
98436,0 fw Controll.static IGLCENGMMMJ          5.7223 -> 6.4723
98440,5 fw Controll.static MKFDGFOCKNO          98.092 -> 98.142
98440,5 fw Controll.static LEKCBKLAILO          98.142 -> 98.192
98453,8 fw Controll.static OFJKHAFJIMA          0.0036 -> 0.0007
98461,4 fw Controll.static GIPNIMALPEG          0.9297 -> 0.4385
98461,5 fw Controll.static IGLCENGMMMJ          6.4723 -> 6.6223
98461,5 fw Controll.static JEOINCHFPCC              -1 -> 0
98491,2 fw Controll.static GIPNIMALPEG          0.4385 -> 0.0334
98491,2 fw Controll.static NAKNALFCOIF           88.35 -> 88.2
98491,2 fw Controll.static IGLCENGMMMJ          6.6223 -> 7.0723
98508,8 fw Controll.static MKFDGFOCKNO          98.142 -> 98.192
98508,8 fw Controll.static LEKCBKLAILO          98.192 -> 98.242
98508,8 fw Controll.static OFJKHAFJIMA          0.0007 -> 0.0015
98519,4 fw Controll.static GIPNIMALPEG          0.0334 -> 0.5978
98519,4 fw Controll.static IGLCENGMMMJ          7.0723 -> 7.2223
98544,4 fw Controll.static GIPNIMALPEG          0.5978 -> 0.0968
98544,4 fw Controll.static NAKNALFCOIF            88.2 -> 88.05
98544,4 fw Controll.static IGLCENGMMMJ          7.2223 -> 7.6723
98563,1 fw Controll.static MKFDGFOCKNO          98.192 -> 98.242
98563,1 fw Controll.static LEKCBKLAILO          98.242 -> 98.292
98563,1 fw Controll.static OFJKHAFJIMA          0.0015 -> 0.0046
98576,9 fw Controll.static GIPNIMALPEG          0.0968 -> 0.747
98576,9 fw Controll.static NAKNALFCOIF           88.05 -> 88.2
98586,2 fw Controll.static IGLCENGMMMJ          7.6723 -> 8.8723
98594,1 fw Controll.static MKFDGFOCKNO          98.242 -> 98.292
98594,1 fw Controll.static LEKCBKLAILO          98.292 -> 98.342
98594,1 fw Controll.static OFJKHAFJIMA          0.0046 -> 0.0044
98603,1 fw Controll.static GIPNIMALPEG           0.747 -> 0.2709
98631,0 fw Controll.static GIPNIMALPEG          0.2709 -> 0.8288
98653,1 fw Controll.static MKFDGFOCKNO          98.292 -> 98.342
98653,1 fw Controll.static LEKCBKLAILO          98.342 -> 98.3921
98653,1 fw Controll.static OFJKHAFJIMA          0.0044 -> 0.0133
98659,4 fw Controll.static GIPNIMALPEG          0.8288 -> 0.3959
98671,3 fw Controll.static NAKNALFCOIF            88.2 -> 88.35
98671,3 fw Controll.static IGLCENGMMMJ          8.8723 -> 9.0223
98690,6 fw Controll.static GIPNIMALPEG          0.3959 -> 0.0201
98709,5 fw Controll.static MKFDGFOCKNO          98.342 -> 98.3921
98709,5 fw Controll.static LEKCBKLAILO         98.3921 -> 98.4421
98709,5 fw Controll.static OFJKHAFJIMA          0.0133 -> 0.0008
98719,2 fw Controll.static GIPNIMALPEG          0.0201 -> 0.5929
98728,8 fw Controll.static NAKNALFCOIF           88.35 -> 88.5
98728,9 fw Controll.static IGLCENGMMMJ          9.0223 -> 8.5723
98746,8 fw Controll.static GIPNIMALPEG          0.5929 -> 0.1432
98756,6 fw Controll.static NAKNALFCOIF            88.5 -> 88.95
98756,6 fw Controll.static IGLCENGMMMJ          8.5723 -> 7.0723
98756,6 fw Controll.static EPEEFBDJAHO               1 -> 0
98768,2 fw Controll.static MKFDGFOCKNO         98.3921 -> 98.4421
98768,2 fw Controll.static LEKCBKLAILO         98.4421 -> 98.4921
98768,2 fw Controll.static OFJKHAFJIMA          0.0008 -> 0.007
98787,8 fw Controll.static GIPNIMALPEG          0.1432 -> 0.9637
98787,8 fw Controll.static NAKNALFCOIF           88.95 -> 89.55
98787,8 fw Controll.static IGLCENGMMMJ          7.0723 -> 4.0723
98795,4 fw Controll.static MKFDGFOCKNO         98.4421 -> 98.4921
98795,4 fw Controll.static LEKCBKLAILO         98.4921 -> 98.5421
98806,0 fw player          LNIDBHIAJJI               5 -> 6
98806,0 fw player          ACAIGMNLLEC              64 -> 62
98806,0 fw Controll.static OFJKHAFJIMA           0.007 -> 0.0055
98819,1 fw Controll.static GIPNIMALPEG          0.9637 -> 0.5906
98819,1 fw Controll.static NAKNALFCOIF           89.55 -> 90
98819,1 fw Controll.static IGLCENGMMMJ          4.0723 -> -0.4277
98823,9 fw player          HOJIIOCKKLO               1 -> -1
98845,0 fw Controll.static GIPNIMALPEG          0.5906 -> 0.1078
98845,0 fw Controll.static IGLCENGMMMJ         -0.4277 -> -5.5277
98866,5 fw Controll.static MKFDGFOCKNO         98.4921 -> 98.5421
98866,5 fw Controll.static LEKCBKLAILO         98.5421 -> 98.5921
98866,5 fw Controll.static OFJKHAFJIMA          0.0055 -> 0.0052
98874,0 fw Controll.static GIPNIMALPEG          0.1078 -> 0.6873
98874,0 fw Controll.static NAKNALFCOIF              90 -> 88.8
98874,0 fw Controll.static IGLCENGMMMJ         -5.5277 -> -13.9277
98894,1 fw player          HEADELMLILF               1 -> 0
98894,1 fw Controll.static MKFDGFOCKNO         98.5421 -> 98.5921
98894,1 fw Controll.static LEKCBKLAILO         98.5921 -> 98.6421
98894,1 fw Controll.static OFJKHAFJIMA          0.0052 -> 0.0043
98903,2 fw Controll.static GIPNIMALPEG          0.6873 -> 0.272
98903,2 fw Controll.static NAKNALFCOIF            88.8 -> 86.7
98903,2 fw Controll.static IGLCENGMMMJ        -13.9277 -> -21.8777
98934,2 fw Controll.static GIPNIMALPEG           0.272 -> 0.8907
98934,2 fw Controll.static NAKNALFCOIF            86.7 -> 80.25
98941,5 fw Controll.static IGLCENGMMMJ        -21.8777 -> -37.1777
98952,3 fw Controll.static MKFDGFOCKNO         98.5921 -> 98.6421
98952,3 fw Controll.static LEKCBKLAILO         98.6421 -> 98.6921
98952,3 fw Controll.static OFJKHAFJIMA          0.0043 -> 0.0016
98959,1 fw Controll.static GIPNIMALPEG          0.8907 -> 0.3881
98969,2 fw Controll.static NAKNALFCOIF           80.25 -> 70.5
98969,2 fw Controll.static IGLCENGMMMJ        -37.1777 -> -46.6277
98985,9 fw Controll.static GIPNIMALPEG          0.3881 -> 0.9246
98993,4 fw Controll.static NAKNALFCOIF            70.5 -> 64.05
98993,4 fw Controll.static IGLCENGMMMJ        -46.6277 -> -54.8777
99001,3 fw Controll.static MKFDGFOCKNO         98.6421 -> 98.6921
99001,3 fw Controll.static LEKCBKLAILO         98.6921 -> 98.7421
99001,3 fw Controll.static OFJKHAFJIMA          0.0016 -> 0.0035
99010,0 fw Controll.static GIPNIMALPEG          0.9246 -> 0.4061
99017,4 fw Controll.static NAKNALFCOIF           64.05 -> 56.1
99017,4 fw Controll.static IGLCENGMMMJ        -54.8777 -> -65.3777
99033,9 fw Controll.static GIPNIMALPEG          0.4061 -> 0.8843
99037,5 fw Controll.static NAKNALFCOIF            56.1 -> 52.95
99037,5 fw Controll.static IGLCENGMMMJ        -65.3777 -> -70.1777
99052,2 fw Controll.static MKFDGFOCKNO         98.6921 -> 98.7422
99052,2 fw Controll.static LEKCBKLAILO         98.7421 -> 98.7922
99052,2 fw Controll.static OFJKHAFJIMA          0.0035 -> 0.0119
99055,4 fw Controll.static GIPNIMALPEG          0.8843 -> 0.3149
99067,1 fw Controll.static NAKNALFCOIF           52.95 -> 47.85
99067,1 fw Controll.static IGLCENGMMMJ        -70.1777 -> -77.9777
99079,5 fw Controll.static GIPNIMALPEG          0.3149 -> 0.7975
99086,9 fw Controll.static NAKNALFCOIF           47.85 -> 46.05
99086,9 fw Controll.static IGLCENGMMMJ        -77.9777 -> -80.3777
99093,0 fw Controll.static MKFDGFOCKNO         98.7422 -> 98.7922
99093,0 fw Controll.static LEKCBKLAILO         98.7922 -> 98.8422
99093,0 fw Controll.static OFJKHAFJIMA          0.0119 -> 0.0031
99105,7 fw Controll.static GIPNIMALPEG          0.7975 -> 0.3214
99105,8 fw Controll.static NAKNALFCOIF           46.05 -> 44.55
99105,8 fw Controll.static IGLCENGMMMJ        -80.3777 -> -82.1777
99105,8 fw Controll.static JEOINCHFPCC               0 -> -1
99134,5 fw Controll.static GIPNIMALPEG          0.3214 -> 0.8949
99134,5 fw Controll.static NAKNALFCOIF           44.55 -> 44.1
99134,5 fw Controll.static IGLCENGMMMJ        -82.1777 -> -82.7777
99151,8 fw Controll.static MKFDGFOCKNO         98.7922 -> 98.8422
99151,8 fw Controll.static LEKCBKLAILO         98.8422 -> 98.8922
99151,8 fw Controll.static OFJKHAFJIMA          0.0031 -> 0.0118
99154,6 fw player          FGFKPMPLNKO         93.6015 -> 94.4125
99154,7 fw Controll.static GIPNIMALPEG          0.8949 -> 0.2992
99154,7 fw Controll.static EPEEFBDJAHO               0 -> -1
99179,3 fw Controll.static GIPNIMALPEG          0.2992 -> 0.7911
99192,2 fw Controll.static MKFDGFOCKNO         98.8422 -> 98.8922
99192,2 fw Controll.static LEKCBKLAILO         98.8922 -> 98.9422
99192,2 fw Controll.static OFJKHAFJIMA          0.0118 -> 0.0023
99199,5 fw Controll.static GIPNIMALPEG          0.7911 -> 0.1954
99217,7 fw Controll.static GIPNIMALPEG          0.1954 -> 0.5596
99237,8 fw Controll.static GIPNIMALPEG          0.5596 -> 0.9625
99253,0 fw Controll.static MKFDGFOCKNO         98.8922 -> 98.9422
99253,0 fw Controll.static LEKCBKLAILO         98.9422 -> 98.9922
99253,0 fw Controll.static OFJKHAFJIMA          0.0023 -> 0.0065
99260,6 fw Controll.static GIPNIMALPEG          0.9625 -> 0.4174
99283,6 fw player          HOJIIOCKKLO              -1 -> 1
99283,6 fw Controll.static GIPNIMALPEG          0.4174 -> 0.8772
99300,0 fw Controll.static MKFDGFOCKNO         98.9422 -> 98.9922
99300,0 fw Controll.static LEKCBKLAILO         98.9922 -> 99.0422
99300,0 fw Controll.static OFJKHAFJIMA          0.0065 -> 0.0097
99303,3 fw Controll.static GIPNIMALPEG          0.8772 -> 0.2709
99324,7 fw Controll.static GIPNIMALPEG          0.2709 -> 0.6986
99351,1 fw Controll.static GIPNIMALPEG          0.6986 -> 0.2264
99366,3 fw Controll.static MKFDGFOCKNO         98.9922 -> 99.0423
99366,3 fw Controll.static LEKCBKLAILO         99.0422 -> 99.0923
99366,3 fw Controll.static OFJKHAFJIMA          0.0097 -> 0.0109
99379,0 fw Controll.static GIPNIMALPEG          0.2264 -> 0.7853
99391,8 fw Controll.static OFJKHAFJIMA          0.0109 -> 0.0017
99400,0 fw Controll.static GIPNIMALPEG          0.7853 -> 0.2033
99419,8 fw Controll.static MKFDGFOCKNO         99.0423 -> 99.0923
99419,8 fw Controll.static LEKCBKLAILO         99.0923 -> 99.1423
99422,4 fw Controll.static GIPNIMALPEG          0.2033 -> 0.6524
99422,4 fw Controll.static NAKNALFCOIF            44.1 -> 44.4
99451,6 fw Controll.static GIPNIMALPEG          0.6524 -> 0.2336
99451,6 fw Controll.static NAKNALFCOIF            44.4 -> 44.7
99451,6 fw Controll.static IGLCENGMMMJ        -82.7777 -> -82.4777
99468,3 fw Controll.static MKFDGFOCKNO         99.0923 -> 99.1423
99468,3 fw Controll.static LEKCBKLAILO         99.1423 -> 99.1923
99468,3 fw Controll.static OFJKHAFJIMA          0.0017 -> 0.0114
99472,4 fw Controll.static GIPNIMALPEG          0.2336 -> 0.6519
99472,4 fw Controll.static NAKNALFCOIF            44.7 -> 45.15
99472,4 fw Controll.static IGLCENGMMMJ        -82.4777 -> -81.7277
99496,0 fw Controll.static GIPNIMALPEG          0.6519 -> 0.1231
99496,0 fw Controll.static NAKNALFCOIF           45.15 -> 45.9
99501,2 fw Controll.static IGLCENGMMMJ        -81.7277 -> -80.0777
99508,6 fw Controll.static MKFDGFOCKNO         99.1423 -> 99.1923
99508,6 fw Controll.static LEKCBKLAILO         99.1923 -> 99.2423
99508,6 fw Controll.static OFJKHAFJIMA          0.0114 -> 0.0059
99512,1 fw Controll.static GIPNIMALPEG          0.1231 -> 0.4461
99521,6 fw Controll.static NAKNALFCOIF            45.9 -> 47.1
99521,6 fw Controll.static IGLCENGMMMJ        -80.0777 -> -78.1277
99535,6 fw Controll.static GIPNIMALPEG          0.4461 -> 0.9162
99540,2 fw Controll.static NAKNALFCOIF            47.1 -> 47.7
99540,2 fw Controll.static IGLCENGMMMJ        -78.1277 -> -76.7777
99550,8 fw Controll.static MKFDGFOCKNO         99.1923 -> 99.2423
99550,8 fw Controll.static LEKCBKLAILO         99.2423 -> 99.2923
99550,8 fw Controll.static OFJKHAFJIMA          0.0059 -> 0.0001
99554,9 fw Controll.static GIPNIMALPEG          0.9162 -> 0.3019
99565,6 fw Controll.static NAKNALFCOIF            47.7 -> 48.45
99565,7 fw Controll.static IGLCENGMMMJ        -76.7777 -> -74.9777
99582,6 fw Controll.static GIPNIMALPEG          0.3019 -> 0.8547
99586,4 fw Controll.static NAKNALFCOIF           48.45 -> 49.35
99586,4 fw Controll.static IGLCENGMMMJ        -74.9777 -> -73.7777
99596,5 fw Controll.static MKFDGFOCKNO         99.2423 -> 99.2924
99596,5 fw Controll.static LEKCBKLAILO         99.2923 -> 99.3424
99596,5 fw Controll.static OFJKHAFJIMA          0.0001 -> 0.0062
99602,2 fw Controll.static GIPNIMALPEG          0.8547 -> 0.2455
99610,1 fw Controll.static NAKNALFCOIF           49.35 -> 49.65
99610,1 fw Controll.static IGLCENGMMMJ        -73.7777 -> -73.3277
99622,9 fw player          FGFKPMPLNKO         94.4125 -> 94.8795
99623,0 fw Controll.static GIPNIMALPEG          0.2455 -> 0.6614
99628,0 fw Controll.static NAKNALFCOIF           49.65 -> 49.95
99628,1 fw Controll.static IGLCENGMMMJ        -73.3277 -> -72.7277
99650,4 fw Controll.static GIPNIMALPEG          0.6614 -> 0.2101
99650,4 fw Controll.static NAKNALFCOIF           49.95 -> 50.85
99650,4 fw Controll.static IGLCENGMMMJ        -72.7277 -> -71.5277
99653,9 fw Controll.static MKFDGFOCKNO         99.2924 -> 99.3424
99653,9 fw Controll.static LEKCBKLAILO         99.3424 -> 99.3924
99664,4 fw player          LNIDBHIAJJI               6 -> 198
99664,4 fw player          ACAIGMNLLEC              62 -> 32
99664,4 fw player          HEADELMLILF               0 -> 1
99664,5 fw Controll.static OFJKHAFJIMA          0.0062 -> 0.0004
99669,5 fw Controll.static GIPNIMALPEG          0.2101 -> 0.5917
99669,5 fw Controll.static NAKNALFCOIF           50.85 -> 51.45
99669,5 fw Controll.static IGLCENGMMMJ        -71.5277 -> -70.4777
99669,5 fw Controll.static DGNDKAKOEPD          928962 -> 932899
99669,5 fw Controll.static BEJBLGGGOCC       338508157 -> 338512080
99669,5 fw Controll.static JELGPAKAJPE             101 -> 904
99669,5 fw Controll.static EENJPDHGGGC         95.4155 -> 99.3531
99689,5 fw Controll.static GIPNIMALPEG          0.5917 -> 0.9922
99689,5 fw Controll.static NAKNALFCOIF           51.45 -> 52.35
99689,5 fw Controll.static IGLCENGMMMJ        -70.4777 -> -69.2777
99702,3 fw Controll.static MKFDGFOCKNO         99.3424 -> 99.3924
99702,3 fw Controll.static LEKCBKLAILO         99.3924 -> 99.4424
99702,4 fw Controll.static OFJKHAFJIMA          0.0004 -> 0.0051
99708,1 fw Controll.static GIPNIMALPEG          0.9922 -> 0.3646
99708,2 fw Controll.static NAKNALFCOIF           52.35 -> 53.4
99708,2 fw Controll.static IGLCENGMMMJ        -69.2777 -> -67.9277
99708,2 fw Controll.static EPEEFBDJAHO              -1 -> 0
99732,9 fw Controll.static GIPNIMALPEG          0.3646 -> 0.8592
99733,0 fw Controll.static NAKNALFCOIF            53.4 -> 54.3
99733,0 fw Controll.static IGLCENGMMMJ        -67.9277 -> -67.1777
99751,2 fw player          HOJIIOCKKLO               1 -> -1
99751,2 fw Controll.static IPCNAHJLMAP               0 -> 1
99751,3 fw Controll.static MKFDGFOCKNO         99.3924 -> 99.4424
99751,3 fw Controll.static LEKCBKLAILO         99.4424 -> 99.4924
99751,3 fw Controll.static OFJKHAFJIMA          0.0051 -> 0.0111
99754,0 fw Controll.static GIPNIMALPEG          0.8592 -> 0.2821
99754,1 fw Controll.static NAKNALFCOIF            54.3 -> 55.05
99765,3 fw Controll.static IGLCENGMMMJ        -67.1777 -> -66.5777
99765,3 fw Controll.static GCHFDAPNBNB               0 -> 1
99770,7 fw player          IGBIBDAMMLE               4 -> 0
99770,7 fw player          BCHEAICMFGH         93.1511 -> 94.6421
99782,2 fw Controll.static GIPNIMALPEG          0.2821 -> 0.846
99785,4 fw Controll.static NAKNALFCOIF           55.05 -> 56.4
99785,5 fw Controll.static IGLCENGMMMJ        -66.5777 -> -66.1277
99795,0 fw Controll.static IPCNAHJLMAP               1 -> 0
99795,0 fw Controll.static MKFDGFOCKNO         99.4424 -> 99.4924
99795,0 fw Controll.static LEKCBKLAILO         99.4924 -> 99.5424
99795,1 fw Controll.static OFJKHAFJIMA          0.0111 -> 0.0048
99800,0 fw Controll.static GIPNIMALPEG           0.846 -> 0.2017
99800,0 fw Controll.static LCMOBPPHLLM           0.485 -> 0.2425
99806,8 fw Controll.static NAKNALFCOIF            56.4 -> 57.15
99806,8 fw Controll.static IGLCENGMMMJ        -66.1277 -> -65.8277
99806,8 fw Controll.static GCHFDAPNBNB               1 -> 0
99820,4 fw Controll.static GIPNIMALPEG          0.2017 -> 0.6086
99824,4 fw Controll.static NAKNALFCOIF           57.15 -> 58.05
99824,4 fw Controll.static IGLCENGMMMJ        -65.8277 -> -65.6777
99837,7 fw Controll.static GIPNIMALPEG          0.6086 -> 0.9557
99849,2 fw Controll.static NAKNALFCOIF           58.05 -> 59.4
99849,3 fw Controll.static IGLCENGMMMJ        -65.6777 -> -65.5277
99852,2 fw Controll.static MKFDGFOCKNO         99.4924 -> 99.5424
99852,2 fw Controll.static LEKCBKLAILO         99.5424 -> 99.5924
99852,3 fw Controll.static OFJKHAFJIMA          0.0048 -> 0.0091
99865,1 fw player          IGBIBDAMMLE               0 -> 1
99865,2 fw player          BCHEAICMFGH         94.6421 -> 94.7449
99865,2 fw Controll.static GIPNIMALPEG          0.9557 -> 0.503
99869,5 fw Controll.static NAKNALFCOIF            59.4 -> 61.05
99869,5 fw Controll.static IGLCENGMMMJ        -65.5277 -> -65.2277
99884,1 fw Controll.static GIPNIMALPEG           0.503 -> 0.8833
99894,2 fw Controll.static LCMOBPPHLLM          0.2425 -> 0.485
99894,2 fw Controll.static NAKNALFCOIF           61.05 -> 62.7
99894,3 fw Controll.static IGLCENGMMMJ        -65.2277 -> -64.7777
99899,4 fw Controll.static MKFDGFOCKNO         99.5424 -> 99.5924
99899,4 fw Controll.static LEKCBKLAILO         99.5924 -> 99.6424
99899,4 fw Controll.static OFJKHAFJIMA          0.0091 -> 0.004
99911,6 fw Controll.static GIPNIMALPEG          0.8833 -> 0.4327
99911,6 fw Controll.static NAKNALFCOIF            62.7 -> 63.6
99911,6 fw Controll.static IGLCENGMMMJ        -64.7777 -> -64.6277
99934,8 fw Controll.static GIPNIMALPEG          0.4327 -> 0.895
99934,8 fw Controll.static NAKNALFCOIF            63.6 -> 65.1
99934,8 fw Controll.static IGLCENGMMMJ        -64.6277 -> -64.3277
99949,2 fw Controll.static MKFDGFOCKNO         99.5924 -> 99.6425
99949,2 fw Controll.static LEKCBKLAILO         99.6424 -> 99.6925
99949,2 fw Controll.static OFJKHAFJIMA           0.004 -> 0.009
99952,4 fw Controll.static GIPNIMALPEG           0.895 -> 0.2494
99952,5 fw Controll.static NAKNALFCOIF            65.1 -> 66.45
99952,5 fw Controll.static IGLCENGMMMJ        -64.3277 -> -64.0277
99978,7 fw Controll.static GIPNIMALPEG          0.2494 -> 0.7725
99978,7 fw Controll.static NAKNALFCOIF           66.45 -> 69
99978,7 fw Controll.static IGLCENGMMMJ        -64.0277 -> -63.5777
99992,0 fw Controll.static MKFDGFOCKNO         99.6425 -> 99.6925
99992,0 fw Controll.static LEKCBKLAILO         99.6925 -> 99.7425
99992,0 fw Controll.static OFJKHAFJIMA           0.009 -> 0.0017
99998,7 fw Controll.static GIPNIMALPEG          0.7725 -> 0.1742
99998,7 fw Controll.static NAKNALFCOIF              69 -> 69.75
99998,7 fw Controll.static IGLCENGMMMJ        -63.5777 -> -63.4277
100004,6 fw Controll.static GCHFDAPNBNB               0 -> 1
100016,0 fw Controll.static IPCNAHJLMAP               0 -> 1
100018,9 fw player          IGBIBDAMMLE               1 -> 2
100018,9 fw player          BCHEAICMFGH         94.7449 -> 94.8965
100019,0 fw Controll.static GIPNIMALPEG          0.1742 -> 0.579
100019,0 fw Controll.static NAKNALFCOIF           69.75 -> 71.25
100032,2 fw Controll.static IGLCENGMMMJ        -63.4277 -> -62.9777
100045,1 fw Controll.static GIPNIMALPEG           0.579 -> 0.0997
100045,1 fw Controll.static LCMOBPPHLLM           0.485 -> 0.2425
100051,2 fw Controll.static NAKNALFCOIF           71.25 -> 72.9
100051,2 fw Controll.static IGLCENGMMMJ        -62.9777 -> -62.8277
100051,2 fw Controll.static GCHFDAPNBNB               1 -> 0
100075,1 fw Controll.static IPCNAHJLMAP               1 -> 0
100075,1 fw Controll.static MKFDGFOCKNO         99.6925 -> 99.7425
100075,1 fw Controll.static LEKCBKLAILO         99.7425 -> 99.7925
100075,1 fw Controll.static OFJKHAFJIMA          0.0017 -> 0.0045
100079,9 fw Controll.static MNHBPCOOMLE          931821 -> 933528
100079,9 fw Controll.static GIPNIMALPEG          0.0997 -> 0.7972
100079,9 fw Controll        MJPKOOHJOPA         89.4542 -> 95.1705
100087,5 fw Controll.static NAKNALFCOIF            72.9 -> 34.6529
100087,5 fw Controll.static IGLCENGMMMJ        -62.8277 -> -49.831
100091,8 fw player          FGFKPMPLNKO         94.8795 -> 95.5874
100091,8 fw Controll.static GLGCAOADGMN               0 -> 1
100091,8 fw Controll.static MKFDGFOCKNO         99.7425 -> 99.7925
100091,8 fw Controll.static LEKCBKLAILO         99.7925 -> 99.8425
100091,8 fw Controll.static OFJKHAFJIMA          0.0045 -> 0.0016
100100,0 fw Controll.static GIPNIMALPEG          0.7972 -> 0.2006
100102,9 fw Controll.static NAKNALFCOIF         34.6529 -> 34.5816
100103,0 fw Controll.static IGLCENGMMMJ         -49.831 -> -50.0027
100117,1 fw Controll.static GIPNIMALPEG          0.2006 -> 0.5421
100131,5 fw player          IGBIBDAMMLE               2 -> 3
100131,5 fw player          BCHEAICMFGH         94.8965 -> 95.0063
100131,5 fw Controll.static NAKNALFCOIF         34.5816 -> 34.8104
100131,5 fw Controll.static IGLCENGMMMJ        -50.0027 -> -50.1407
100145,3 fw Controll.static GIPNIMALPEG          0.5421 -> 0.1057
100150,2 fw Controll.static NAKNALFCOIF         34.8104 -> 34.9604
100159,2 fw Controll.static MKFDGFOCKNO         99.7925 -> 99.8425
100159,2 fw Controll.static LEKCBKLAILO         99.8425 -> 99.8925
100159,2 fw Controll.static OFJKHAFJIMA          0.0016 -> 0.005
100165,1 fw Controll.static GIPNIMALPEG          0.1057 -> 0.5016
100175,0 fw Controll.static NAKNALFCOIF         34.9604 -> 35.4104
100198,0 fw player          HOJIIOCKKLO              -1 -> 1
100198,1 fw Controll.static GIPNIMALPEG          0.5016 -> 0.1599
100202,7 fw Controll.static MKFDGFOCKNO         99.8425 -> 99.8925
100202,7 fw Controll.static LEKCBKLAILO         99.8925 -> 99.9425
100214,4 fw Controll.static OFJKHAFJIMA           0.005 -> 0.0078
100217,9 fw Controll.static GIPNIMALPEG          0.1599 -> 0.5572
100217,9 fw Controll.static NAKNALFCOIF         35.4104 -> 35.5604
100231,2 fw player          IGBIBDAMMLE               3 -> 4
100231,2 fw player          BCHEAICMFGH         95.0063 -> 95.1099
100244,5 fw Controll.static GIPNIMALPEG          0.5572 -> 0.0866
100244,5 fw Controll.static NAKNALFCOIF         35.5604 -> 36.0104
100244,5 fw Controll.static IGLCENGMMMJ        -50.1407 -> -49.9907
100257,4 fw Controll.static MKFDGFOCKNO         99.8925 -> 99.9426
100257,4 fw Controll.static LEKCBKLAILO         99.9425 -> 99.9926
100257,5 fw Controll.static OFJKHAFJIMA          0.0078 -> 0.0039
100263,2 fw Controll.static GIPNIMALPEG          0.0866 -> 0.4626
100263,2 fw Controll.static NAKNALFCOIF         36.0104 -> 36.1604
100263,2 fw Controll.static IGLCENGMMMJ        -49.9907 -> -49.8407
100270,4 fw Controll.static DGNDKAKOEPD          932899 -> 933506
100270,4 fw Controll.static BEJBLGGGOCC       338512080 -> 338512704
100270,4 fw Controll.static JELGPAKAJPE             904 -> 507
100270,4 fw Controll.static EENJPDHGGGC         99.3531 -> 99.9601
100281,6 fw Controll.static GIPNIMALPEG          0.4626 -> 0.8314
100281,6 fw Controll.static NAKNALFCOIF         36.1604 -> 36.6104
100292,9 fw player          BDHNEDFEHBA              64 -> 0
100292,9 fw player          LNIDBHIAJJI             198 -> 210
100292,9 fw player          ACAIGMNLLEC              32 -> 49
100292,9 fw Controll.static MKFDGFOCKNO         99.9426 -> 99.9926
100292,9 fw Controll.static LEKCBKLAILO         99.9926 -> 100.0426
100292,9 fw Controll.static OFJKHAFJIMA          0.0039 -> 0.0026
100300,4 fw player          HIDMDLLHEKO               1 -> 4
100300,4 fw Controll.static GIPNIMALPEG          0.8314 -> 0.207
100317,8 fw Controll.static GIPNIMALPEG           0.207 -> 0.5538
100332,6 fw player          IGBIBDAMMLE               4 -> 0
100332,6 fw player          BCHEAICMFGH         95.1099 -> 95.2107
100342,2 fw Controll.static GIPNIMALPEG          0.5538 -> 0.0428
100349,6 fw Controll.static NAKNALFCOIF         36.6104 -> 36.7604
100354,0 fw Controll.static MKFDGFOCKNO         99.9926 -> 100.0426
100354,0 fw Controll.static LEKCBKLAILO        100.0426 -> 100.0926
100354,0 fw Controll.static OFJKHAFJIMA          0.0026 -> 0.002
100362,2 fw Controll.static GIPNIMALPEG          0.0428 -> 0.4432
100381,5 fw Controll.static GIPNIMALPEG          0.4432 -> 0.8279
100393,2 fw Controll.static MKFDGFOCKNO        100.0426 -> 100.0926
100393,2 fw Controll.static LEKCBKLAILO        100.0926 -> 100.1426
100393,2 fw Controll.static OFJKHAFJIMA           0.002 -> 0.0028
100402,7 fw Controll.static MNHBPCOOMLE          933528 -> 933851
100402,7 fw Controll.static GIPNIMALPEG          0.8279 -> 0.2522
100402,7 fw Controll.static ANDBANJHOLD         88.2669 -> 95.2438
100402,8 fw Controll        MJPKOOHJOPA         95.1705 -> 95.4938
100405,9 fw Controll.static NAKNALFCOIF         36.7604 -> 37.7866
100405,9 fw Controll.static IGLCENGMMMJ        -49.8407 -> -52.0717
100419,9 fw Controll.static GIPNIMALPEG          0.2522 -> 0.5952
100431,1 fw Controll.static NAKNALFCOIF         37.7866 -> 37.8958
100431,1 fw Controll.static IGLCENGMMMJ        -52.0717 -> -52.2234
100435,5 fw player          IGBIBDAMMLE               0 -> 1
100435,5 fw player          BCHEAICMFGH         95.2107 -> 95.3127
100451,3 fw Controll.static GIPNIMALPEG          0.5952 -> 0.2232
100451,3 fw Controll.static NAKNALFCOIF         37.8958 -> 38.0454
100451,3 fw Controll.static IGLCENGMMMJ        -52.2234 -> -52.4458
100462,4 fw Controll.static MKFDGFOCKNO        100.0926 -> 100.1426
100462,4 fw Controll.static LEKCBKLAILO        100.1426 -> 100.1926
100465,6 fw Controll.static OFJKHAFJIMA          0.0028 -> 0.0065
100475,5 fw Controll.static GIPNIMALPEG          0.2232 -> 0.7067
100475,5 fw Controll.static NAKNALFCOIF         38.0454 -> 38.1147
100475,5 fw Controll.static IGLCENGMMMJ        -52.4458 -> -52.6075
100496,0 fw Controll.static GIPNIMALPEG          0.7067 -> 0.1174
100496,0 fw Controll.static NAKNALFCOIF         38.1147 -> 38.1864
100496,0 fw Controll.static IGLCENGMMMJ        -52.6075 -> -52.795
100508,3 fw Controll.static MKFDGFOCKNO        100.1426 -> 100.1926
100508,3 fw Controll.static LEKCBKLAILO        100.1926 -> 100.2426
100508,3 fw Controll.static OFJKHAFJIMA          0.0065 -> 0.0057
100514,0 fw Controll.static GIPNIMALPEG          0.1174 -> 0.4778
100514,0 fw Controll.static NAKNALFCOIF         38.1864 -> 38.1736
100514,0 fw Controll.static IGLCENGMMMJ         -52.795 -> -52.9467
100522,7 fw Controll.static GLGCAOADGMN               1 -> 0
100534,4 fw player          IGBIBDAMMLE               1 -> 2
100534,4 fw player          BCHEAICMFGH         95.3127 -> 95.4146
100534,5 fw Controll.static GIPNIMALPEG          0.4778 -> 0.8856
100534,5 fw Controll.static NAKNALFCOIF         38.1736 -> 38.1912
100534,5 fw Controll.static IGLCENGMMMJ        -52.9467 -> -53.1039
100548,9 fw Controll.static MKFDGFOCKNO        100.1926 -> 100.2426
100548,9 fw Controll.static LEKCBKLAILO        100.2426 -> 100.2926
100548,9 fw Controll.static OFJKHAFJIMA          0.0057 -> 0.0015
100553,8 fw Controll.static GIPNIMALPEG          0.8856 -> 0.2735
100553,8 fw Controll.static NAKNALFCOIF         38.1912 -> 38.1776
100562,8 fw Controll.static IGLCENGMMMJ        -53.1039 -> -53.1563
100576,4 fw Controll.static GIPNIMALPEG          0.2735 -> 0.725
100581,5 fw Controll.static NAKNALFCOIF         38.1776 -> 38.1874
100581,5 fw Controll.static IGLCENGMMMJ        -53.1563 -> -53.3253
100596,3 fw player          LNIDBHIAJJI             210 -> 220
100596,3 fw player          ACAIGMNLLEC              49 -> 26
100596,4 fw Controll.static GIPNIMALPEG           0.725 -> 0.1243
100602,5 fw Controll.static NAKNALFCOIF         38.1874 -> 38.2052
100602,5 fw Controll.static IGLCENGMMMJ        -53.3253 -> -53.509
100609,3 fw player          HIDMDLLHEKO               4 -> 1
100609,3 fw Controll.static MKFDGFOCKNO        100.2426 -> 100.2926
100609,3 fw Controll.static LEKCBKLAILO        100.2926 -> 100.3426
100609,3 fw Controll.static OFJKHAFJIMA          0.0015 -> 0.0061
100614,4 fw Controll.static GIPNIMALPEG          0.1243 -> 0.4847
100621,7 fw Controll.static NAKNALFCOIF         38.2052 -> 38.2474
100621,7 fw Controll.static IGLCENGMMMJ         -53.509 -> -53.6713
100633,4 fw player          IGBIBDAMMLE               2 -> 3
100633,4 fw player          BCHEAICMFGH         95.4146 -> 95.5216
100633,4 fw Controll.static GIPNIMALPEG          0.4847 -> 0.8656
100643,3 fw Controll.static NAKNALFCOIF         38.2474 -> 38.3101
100643,3 fw Controll.static IGLCENGMMMJ        -53.6713 -> -53.8287
100649,9 fw player          HOJIIOCKKLO               1 -> -1
100649,9 fw Controll.static GLGCAOADGMN               0 -> 1
100650,0 fw Controll.static MKFDGFOCKNO        100.2926 -> 100.3427
100650,0 fw Controll.static LEKCBKLAILO        100.3426 -> 100.3927
100650,0 fw Controll.static OFJKHAFJIMA          0.0061 -> 0.0028
100650,0 fw Controll        MJPKOOHJOPA         95.4938 -> 95.7411
100655,1 fw Controll.static MNHBPCOOMLE          933851 -> 934098
100655,1 fw Controll.static GIPNIMALPEG          0.8656 -> 0.2993
100655,2 fw Controll.static ANDBANJHOLD         95.2438 -> 95.4911
100662,3 fw Controll.static NAKNALFCOIF         38.3101 -> 38.3501
100662,3 fw Controll.static IGLCENGMMMJ        -53.8287 -> -53.5572
100667,1 fw player          LNIDBHIAJJI             220 -> 217
100667,1 fw player          ACAIGMNLLEC              26 -> 27
100681,2 fw Controll.static GIPNIMALPEG          0.2993 -> 0.8192
100684,6 fw Controll.static NAKNALFCOIF         38.3501 -> 38.4312
100684,6 fw Controll.static IGLCENGMMMJ        -53.5572 -> -52.9644
100697,5 fw Controll.static MKFDGFOCKNO        100.3427 -> 100.3927
100697,5 fw Controll.static LEKCBKLAILO        100.3927 -> 100.4427
100697,5 fw Controll.static OFJKHAFJIMA          0.0028 -> 0.0068
100714,2 fw Controll.static GIPNIMALPEG          0.8192 -> 0.4785
100714,2 fw Controll.static LCMOBPPHLLM          0.2425 -> 0.485
100714,2 fw Controll.static NAKNALFCOIF         38.4312 -> 38.5889
100714,3 fw Controll.static IGLCENGMMMJ        -52.9644 -> -52.8936
100732,5 fw Controll.static GIPNIMALPEG          0.4785 -> 0.8466
100732,6 fw Controll.static NAKNALFCOIF         38.5889 -> 38.9571
100732,6 fw Controll.static IGLCENGMMMJ        -52.8936 -> -53.2242
100741,4 fw player          HEADELMLILF               1 -> 0
100747,9 fw Controll.static MKFDGFOCKNO        100.3927 -> 100.4427
100747,9 fw Controll.static LEKCBKLAILO        100.4427 -> 100.4927
100747,9 fw Controll.static OFJKHAFJIMA          0.0068 -> 0.0009
100756,1 fw Controll.static GIPNIMALPEG          0.8466 -> 0.3172
100756,1 fw Controll.static NAKNALFCOIF         38.9571 -> 39.6012
100756,1 fw Controll.static IGLCENGMMMJ        -53.2242 -> -53.2382
100769,8 fw player          GEDMGLAMGMD               6 -> 7
100769,8 fw player          CNHNFDDJMJO              45 -> 58
100769,8 fw player          BDHNEDFEHBA               0 -> 64
100778,8 fw Controll.static GIPNIMALPEG          0.3172 -> 0.7717
100778,8 fw Controll.static NAKNALFCOIF         39.6012 -> 39.3068
100778,8 fw Controll.static IGLCENGMMMJ        -53.2382 -> -53.5146
100782,2 fw Controll.static GLGCAOADGMN               1 -> 0
100792,5 fw Controll.static MKFDGFOCKNO        100.4427 -> 100.4927
100792,6 fw Controll.static LEKCBKLAILO        100.4927 -> 100.5427
100792,6 fw Controll.static OFJKHAFJIMA          0.0009 -> 0.0018
100796,9 fw Controll.static GIPNIMALPEG          0.7717 -> 0.1336
100815,4 fw player          FGFKPMPLNKO         95.5874 -> 96.0548
100819,3 fw Controll.static GIPNIMALPEG          0.1336 -> 0.5807
100845,4 fw Controll.static GIPNIMALPEG          0.5807 -> 0.1028
100857,0 fw Controll.static MKFDGFOCKNO        100.4927 -> 100.5427
100857,0 fw Controll.static LEKCBKLAILO        100.5427 -> 100.5927
100857,0 fw Controll.static OFJKHAFJIMA          0.0018 -> 0.0048
100862,4 fw Controll.static GIPNIMALPEG          0.1028 -> 0.4427
100868,6 fw Controll.static DGNDKAKOEPD          933506 -> 934098
100868,6 fw Controll.static BEJBLGGGOCC       338512704 -> 338513297
100868,6 fw Controll.static JELGPAKAJPE             507 -> 108
100868,6 fw Controll.static EENJPDHGGGC         99.9601 -> 100.5519
100880,9 fw Controll.static GIPNIMALPEG          0.4427 -> 0.8129
100896,5 fw Controll.static MKFDGFOCKNO        100.5427 -> 100.5928
100896,5 fw Controll.static LEKCBKLAILO        100.5927 -> 100.6428
100896,5 fw Controll.static OFJKHAFJIMA          0.0048 -> 0.0004
100902,1 fw Controll.static GIPNIMALPEG          0.8129 -> 0.236
100918,9 fw Controll.static GIPNIMALPEG           0.236 -> 0.5723
100945,3 fw Controll.static GIPNIMALPEG          0.5723 -> 0.0973
100956,9 fw Controll.static MKFDGFOCKNO        100.5928 -> 100.6428
100956,9 fw Controll.static LEKCBKLAILO        100.6428 -> 100.6928
100956,9 fw Controll.static OFJKHAFJIMA          0.0004 -> 0.0044
100968,9 fw Controll.static GIPNIMALPEG          0.0973 -> 0.572
100984,6 fw Controll.static GIPNIMALPEG           0.572 -> 0.8859
100997,6 fw Controll.static MKFDGFOCKNO        100.6428 -> 100.6928
100997,6 fw Controll.static LEKCBKLAILO        100.6928 -> 100.7428
100997,6 fw Controll.static OFJKHAFJIMA          0.0044 -> 0.0042
101006,5 fw Controll.static GIPNIMALPEG          0.8859 -> 0.3231
101029,7 fw Controll.static GIPNIMALPEG          0.3231 -> 0.7864
101045,6 fw Controll.static MKFDGFOCKNO        100.6928 -> 100.7428
101045,6 fw Controll.static LEKCBKLAILO        100.7428 -> 100.7928
101045,6 fw Controll.static OFJKHAFJIMA          0.0042 -> 0.005
101049,4 fw Controll.static GIPNIMALPEG          0.7864 -> 0.1823
101071,6 fw Controll.static GIPNIMALPEG          0.1823 -> 0.6259
101089,7 fw Controll.static GIPNIMALPEG          0.6259 -> 0.9866
101094,8 fw player          HOJIIOCKKLO              -1 -> 1
101101,2 fw Controll.static MKFDGFOCKNO        100.7428 -> 100.7928
101101,2 fw Controll.static LEKCBKLAILO        100.7928 -> 100.8428
101101,2 fw Controll.static OFJKHAFJIMA           0.005 -> 0.0043
101105,3 fw Controll.static GIPNIMALPEG          0.9866 -> 0.2984
101130,3 fw Controll.static GIPNIMALPEG          0.2984 -> 0.7997
101145,6 fw Controll.static MKFDGFOCKNO        100.7928 -> 100.8428
101145,6 fw Controll.static LEKCBKLAILO        100.8428 -> 100.8929
101145,6 fw Controll.static OFJKHAFJIMA          0.0043 -> 0.0049
101149,7 fw Controll.static GIPNIMALPEG          0.7997 -> 0.1873
101172,3 fw Controll.static GIPNIMALPEG          0.1873 -> 0.6384
101179,4 fw Controll.static NAKNALFCOIF         39.3068 -> 39.7568
101179,4 fw Controll.static IGLCENGMMMJ        -53.5146 -> -53.2146
101195,6 fw Controll.static GIPNIMALPEG          0.6384 -> 0.1055
101197,9 fw Controll.static NAKNALFCOIF         39.7568 -> 40.3568
101197,9 fw Controll.static IGLCENGMMMJ        -53.2146 -> -52.3146
101207,0 fw Controll.static MKFDGFOCKNO        100.8428 -> 100.8929
101207,1 fw Controll.static LEKCBKLAILO        100.8929 -> 100.9429
101207,1 fw Controll.static OFJKHAFJIMA          0.0049 -> 0.0051
101220,3 fw Controll.static GIPNIMALPEG          0.1055 -> 0.5978
101220,3 fw Controll.static NAKNALFCOIF         40.3568 -> 41.7068
101220,3 fw Controll.static IGLCENGMMMJ        -52.3146 -> -49.6146
101244,4 fw Controll.static GIPNIMALPEG          0.5978 -> 0.0804
101244,4 fw Controll.static NAKNALFCOIF         41.7068 -> 43.9568
101244,4 fw Controll.static IGLCENGMMMJ        -49.6146 -> -45.5646
101257,0 fw Controll.static MKFDGFOCKNO        100.8929 -> 100.9429
101257,0 fw Controll.static LEKCBKLAILO        100.9429 -> 100.9929
101257,0 fw Controll.static OFJKHAFJIMA          0.0051 -> 0.0038
101262,6 fw player          FGFKPMPLNKO         96.0548 -> 96.5204
101262,6 fw Controll.static GIPNIMALPEG          0.0804 -> 0.4447
101262,6 fw Controll.static NAKNALFCOIF         43.9568 -> 45.6068
101262,6 fw Controll.static IGLCENGMMMJ        -45.5646 -> -42.7146
101282,3 fw Controll.static GIPNIMALPEG          0.4447 -> 0.8384
101282,3 fw Controll.static NAKNALFCOIF         45.6068 -> 48.0068
101282,3 fw Controll.static IGLCENGMMMJ        -42.7146 -> -38.2146
101296,3 fw Controll.static MKFDGFOCKNO        100.9429 -> 100.9929
101296,3 fw Controll.static LEKCBKLAILO        100.9929 -> 101.0429
101296,3 fw Controll.static OFJKHAFJIMA          0.0038 -> 0.0033
101305,5 fw Controll.static GIPNIMALPEG          0.8384 -> 0.3019
101305,5 fw Controll.static NAKNALFCOIF         48.0068 -> 50.1068
101305,5 fw Controll.static IGLCENGMMMJ        -38.2146 -> -32.8146
101327,0 fw Controll.static GIPNIMALPEG          0.3019 -> 0.7322
101327,0 fw Controll.static NAKNALFCOIF         50.1068 -> 51.0068
101331,8 fw Controll.static IGLCENGMMMJ        -32.8146 -> -26.9646
101343,9 fw Controll.static MKFDGFOCKNO        100.9929 -> 101.0429
101343,9 fw Controll.static LEKCBKLAILO        101.0429 -> 101.0929
101348,0 fw Controll.static GIPNIMALPEG          0.7322 -> 0.1518
101359,5 fw Controll.static NAKNALFCOIF         51.0068 -> 52.5068
101359,5 fw Controll.static IGLCENGMMMJ        -26.9646 -> -21.7146
101373,8 fw Controll.static GIPNIMALPEG          0.1518 -> 0.6669
101379,0 fw Controll.static NAKNALFCOIF         52.5068 -> 53.5568
101379,0 fw Controll.static IGLCENGMMMJ        -21.7146 -> -16.6146
101396,1 fw Controll.static GIPNIMALPEG          0.6669 -> 0.1125
101403,8 fw Controll.static NAKNALFCOIF         53.5568 -> 54.4568
101403,8 fw Controll.static IGLCENGMMMJ        -16.6146 -> -12.5646
101403,8 fw Controll.static JEOINCHFPCC              -1 -> 0
101413,0 fw Controll.static MKFDGFOCKNO        101.0429 -> 101.0929
101413,0 fw Controll.static LEKCBKLAILO        101.0929 -> 101.1429
101413,0 fw Controll.static OFJKHAFJIMA          0.0033 -> 0.0054
101417,7 fw player          LNIDBHIAJJI             217 -> 223
101417,7 fw player          ACAIGMNLLEC              27 -> 31
101417,7 fw player          HEADELMLILF               0 -> 1
101417,8 fw Controll.static GIPNIMALPEG          0.1125 -> 0.5457
101431,0 fw Controll.static NAKNALFCOIF         54.4568 -> 54.7568
101431,0 fw Controll.static IGLCENGMMMJ        -12.5646 -> -9.8646
101436,5 fw player          LNIDBHIAJJI             223 -> 229
101436,5 fw player          ACAIGMNLLEC              31 -> 34
101446,0 fw Controll.static GIPNIMALPEG          0.5457 -> 0.1116
101451,8 fw Controll.static NAKNALFCOIF         54.7568 -> 55.0568
101451,8 fw Controll.static IGLCENGMMMJ         -9.8646 -> -8.0646
101460,8 fw Controll.static MKFDGFOCKNO        101.0929 -> 101.1429
101460,9 fw Controll.static LEKCBKLAILO        101.1429 -> 101.1929
101465,9 fw Controll.static GIPNIMALPEG          0.1116 -> 0.509
101478,2 fw player          LNIDBHIAJJI             229 -> 238
101478,2 fw player          ACAIGMNLLEC              34 -> 36
101478,3 fw Controll.static IGLCENGMMMJ         -8.0646 -> -6.2646
101497,7 fw Controll.static GIPNIMALPEG           0.509 -> 0.1454
101497,7 fw Controll.static NAKNALFCOIF         55.0568 -> 55.2068
101497,7 fw Controll.static IGLCENGMMMJ         -6.2646 -> -4.4646
101513,4 fw Controll.static MKFDGFOCKNO        101.1429 -> 101.1929
101513,4 fw Controll.static LEKCBKLAILO        101.1929 -> 101.2429
101517,6 fw Controll.static OFJKHAFJIMA          0.0054 -> 0.0036
101529,9 fw Controll.static GIPNIMALPEG          0.1454 -> 0.7878
101529,9 fw Controll.static IGLCENGMMMJ         -4.4646 -> -3.5646
101546,5 fw player          HIDMDLLHEKO               1 -> 0
101546,5 fw player          LNIDBHIAJJI             238 -> 246
101546,5 fw Controll.static MKFDGFOCKNO        101.1929 -> 101.2429
101546,5 fw Controll.static LEKCBKLAILO        101.2429 -> 101.2929
101546,5 fw Controll.static OFJKHAFJIMA          0.0036 -> 0.0059
101550,5 fw player          ACAIGMNLLEC              36 -> 38
101550,5 fw Controll.static GIPNIMALPEG          0.7878 -> 0.2007
101550,5 fw Controll.static IGLCENGMMMJ         -3.5646 -> -2.5146
101578,8 fw Controll.static GIPNIMALPEG          0.2007 -> 0.7667
101578,8 fw Controll.static NAKNALFCOIF         55.2068 -> 54.9068
101578,8 fw Controll.static IGLCENGMMMJ         -2.5146 -> -0.7146
101582,3 fw player          LNIDBHIAJJI             246 -> 250
101582,3 fw player          ACAIGMNLLEC              38 -> 39
101594,0 fw Controll.static MKFDGFOCKNO        101.2429 -> 101.293
101594,0 fw Controll.static LEKCBKLAILO        101.2929 -> 101.343
101594,0 fw Controll.static OFJKHAFJIMA          0.0059 -> 0.0033
101597,8 fw Controll.static GIPNIMALPEG          0.7667 -> 0.1473
101597,8 fw Controll.static NAKNALFCOIF         54.9068 -> 54.6068
101597,8 fw Controll.static IGLCENGMMMJ         -0.7146 -> 0.4854
101614,1 fw player          LNIDBHIAJJI             250 -> 252
101626,0 fw player          HEADELMLILF               1 -> 0
101626,0 fw Controll.static GIPNIMALPEG          0.1473 -> 0.7105
101626,0 fw Controll.static NAKNALFCOIF         54.6068 -> 54.3068
101631,6 fw Controll.static IGLCENGMMMJ          0.4854 -> 2.5854
101644,5 fw Controll.static MKFDGFOCKNO         101.293 -> 101.343
101644,5 fw Controll.static LEKCBKLAILO         101.343 -> 101.393
101644,5 fw Controll.static OFJKHAFJIMA          0.0033 -> 0.0038
101648,0 fw Controll.static GIPNIMALPEG          0.7105 -> 0.1516
101660,3 fw Controll.static NAKNALFCOIF         54.3068 -> 54.1568
101660,3 fw Controll.static IGLCENGMMMJ          2.5854 -> 3.7854
101677,9 fw Controll.static GIPNIMALPEG          0.1516 -> 0.7459
101682,1 fw Controll.static NAKNALFCOIF         54.1568 -> 53.7068
101682,1 fw Controll.static IGLCENGMMMJ          3.7854 -> 4.5354
101694,3 fw player          LNIDBHIAJJI             252 -> 254
101694,3 fw Controll.static MKFDGFOCKNO         101.343 -> 101.393
101694,3 fw Controll.static LEKCBKLAILO         101.393 -> 101.443
101694,3 fw Controll.static OFJKHAFJIMA          0.0038 -> 0.0035
101698,7 fw Controll.static GIPNIMALPEG          0.7459 -> 0.1637
101711,4 fw player          LNIDBHIAJJI             254 -> 0
101711,4 fw player          ACAIGMNLLEC              39 -> 38
101711,4 fw Controll.static NAKNALFCOIF         53.7068 -> 53.5568
101711,4 fw Controll.static IGLCENGMMMJ          4.5354 -> 5.1354
101714,6 fw player          HEADELMLILF               0 -> 1
101725,4 fw Controll.static GIPNIMALPEG          0.1637 -> 0.6973
101730,5 fw Controll.static NAKNALFCOIF         53.5568 -> 53.1068
101730,5 fw Controll.static IGLCENGMMMJ          5.1354 -> 5.7354
101744,5 fw Controll.static GIPNIMALPEG          0.6973 -> 0.079
101755,2 fw Controll.static LCMOBPPHLLM           0.485 -> 0
101755,2 fw Controll.static NAKNALFCOIF         53.1068 -> 52.8068
101755,2 fw Controll.static IGLCENGMMMJ          5.7354 -> 6.3354
101759,9 fw Controll.static MKFDGFOCKNO         101.393 -> 101.443
101759,9 fw Controll.static LEKCBKLAILO         101.443 -> 101.493
101759,9 fw Controll.static OFJKHAFJIMA          0.0035 -> 0.0037
101773,7 fw Controll.static GIPNIMALPEG           0.079 -> 0.6638
101779,0 fw player          LNIDBHIAJJI               0 -> 2
101779,0 fw player          HEADELMLILF               1 -> 0
101779,1 fw Controll.static NAKNALFCOIF         52.8068 -> 52.6568
101779,1 fw Controll.static IGLCENGMMMJ          6.3354 -> 6.7854
101803,0 fw Controll.static GIPNIMALPEG          0.6638 -> 0.2484
101803,0 fw Controll.static LCMOBPPHLLM               0 -> 0.485
101803,0 fw Controll.static NAKNALFCOIF         52.6568 -> 52.5068
101803,0 fw Controll.static IGLCENGMMMJ          6.7854 -> 6.9354
101803,0 fw Controll.static JEOINCHFPCC               0 -> -1
101810,9 fw Controll.static MKFDGFOCKNO         101.443 -> 101.493
101810,9 fw Controll.static LEKCBKLAILO         101.493 -> 101.543
101816,0 fw Controll.static OFJKHAFJIMA          0.0037 -> 0.0027
101827,1 fw Controll.static GIPNIMALPEG          0.2484 -> 0.7325
101827,2 fw Controll.static NAKNALFCOIF         52.5068 -> 52.3568
101827,2 fw Controll.static IGLCENGMMMJ          6.9354 -> 7.2354
101844,9 fw Controll.static MKFDGFOCKNO         101.493 -> 101.543
101844,9 fw Controll.static LEKCBKLAILO         101.543 -> 101.593
101844,9 fw Controll.static OFJKHAFJIMA          0.0027 -> 0.0039
101849,1 fw Controll.static GIPNIMALPEG          0.7325 -> 0.1724
101849,2 fw Controll.static NAKNALFCOIF         52.3568 -> 52.2068
101849,2 fw Controll.static IGLCENGMMMJ          7.2354 -> 7.3854
101859,6 fw player          FGFKPMPLNKO         96.5204 -> 97.1064
101876,5 fw Controll.static GIPNIMALPEG          0.1724 -> 0.7189
101892,8 fw Controll.static MKFDGFOCKNO         101.543 -> 101.5931
101892,8 fw Controll.static LEKCBKLAILO         101.593 -> 101.6431
101892,8 fw Controll.static OFJKHAFJIMA          0.0039 -> 0.002
101896,3 fw Controll.static GIPNIMALPEG          0.7189 -> 0.1132
101925,3 # net: TcpClient.Connected = True
101925,3 fw Controll.static GIPNIMALPEG          0.1132 -> 0.6935
101931,2 fw Controll.static IGLCENGMMMJ          7.3854 -> 7.5354
101938,8 fw player          LNIDBHIAJJI               2 -> 4
101938,8 fw player          ACAIGMNLLEC              38 -> 37
101949,9 fw Controll.static GIPNIMALPEG          0.6935 -> 0.1858
101954,0 fw player          HIDMDLLHEKO               0 -> 1
101954,0 fw Controll.static NAKNALFCOIF         52.2068 -> 52.0568
101954,1 fw Controll.static DGNDKAKOEPD          934098 -> 935181
101954,1 fw Controll.static BEJBLGGGOCC       338513297 -> 338514292
101954,1 fw Controll.static JELGPAKAJPE             108 -> 188
101954,1 fw Controll.static EENJPDHGGGC        100.5519 -> 101.6346
101964,3 fw Controll.static MKFDGFOCKNO        101.5931 -> 101.6431
101964,3 fw Controll.static LEKCBKLAILO        101.6431 -> 101.6931
101964,3 fw Controll.static OFJKHAFJIMA           0.002 -> 0.0091
101969,8 fw player          LNIDBHIAJJI               4 -> 5
101969,8 fw Controll.static GIPNIMALPEG          0.1858 -> 0.5837
101993,0 fw Controll.static GIPNIMALPEG          0.5837 -> 0.0477
102009,5 fw Controll.static MKFDGFOCKNO        101.6431 -> 101.6931
102009,5 fw Controll.static LEKCBKLAILO        101.6931 -> 101.7431
102009,5 fw Controll.static OFJKHAFJIMA          0.0091 -> 0.0022
102013,3 fw Controll.static GIPNIMALPEG          0.0477 -> 0.4528
102042,9 fw Controll.static GIPNIMALPEG          0.4528 -> 0.0448
102059,3 fw Controll.static MKFDGFOCKNO        101.6931 -> 101.7431
102059,3 fw Controll.static LEKCBKLAILO        101.7431 -> 101.7931
102059,3 fw Controll.static OFJKHAFJIMA          0.0022 -> 0.002
102063,2 fw Controll.static GIPNIMALPEG          0.0448 -> 0.4522
102094,4 fw Controll.static GIPNIMALPEG          0.4522 -> 0.0753
102108,5 fw Controll.static MKFDGFOCKNO        101.7431 -> 101.7931
102108,6 fw Controll.static LEKCBKLAILO        101.7931 -> 101.8431
102111,3 fw Controll.static OFJKHAFJIMA           0.002 -> 0.0009
102123,9 fw Controll.static GIPNIMALPEG          0.0753 -> 0.6648
102143,3 fw Controll.static GIPNIMALPEG          0.6648 -> 0.0529
102158,5 fw player          HOJIIOCKKLO               1 -> -1
102158,6 fw Controll.static MKFDGFOCKNO        101.7931 -> 101.8431
102158,6 fw Controll.static LEKCBKLAILO        101.8431 -> 101.8932
102158,6 fw Controll.static OFJKHAFJIMA          0.0009 -> 0.0025
102165,5 fw Controll.static GIPNIMALPEG          0.0529 -> 0.4968
102191,9 fw Controll.static GIPNIMALPEG          0.4968 -> 0.0254
102209,1 fw Controll.static MKFDGFOCKNO        101.8431 -> 101.8932
102209,1 fw Controll.static LEKCBKLAILO        101.8932 -> 101.9432
102209,1 fw Controll.static OFJKHAFJIMA          0.0025 -> 0.001
102211,9 fw Controll.static GIPNIMALPEG          0.0254 -> 0.4252
102237,0 fw Controll.static GIPNIMALPEG          0.4252 -> 0.9265
102252,5 fw Controll.static MKFDGFOCKNO        101.8932 -> 101.9432
102252,5 fw Controll.static LEKCBKLAILO        101.9432 -> 101.9932
102252,5 fw Controll.static OFJKHAFJIMA           0.001 -> 0.0026
102259,9 fw Controll.static GIPNIMALPEG          0.9265 -> 0.3835
102268,3 fw Controll.static IGLCENGMMMJ          7.5354 -> 7.2354
102283,3 fw Controll.static GIPNIMALPEG          0.3835 -> 0.8521
102295,1 fw Controll.static IGLCENGMMMJ          7.2354 -> 6.1854
102299,4 fw Controll.static MKFDGFOCKNO        101.9432 -> 101.9932
102299,4 fw Controll.static LEKCBKLAILO        101.9932 -> 102.0432
102299,4 fw Controll.static OFJKHAFJIMA          0.0026 -> 0.0041
102311,5 fw Controll.static GIPNIMALPEG          0.8521 -> 0.4165
102315,1 fw Controll.static IGLCENGMMMJ          6.1854 -> 5.1354
102330,0 fw player          FGFKPMPLNKO         97.1064 -> 97.5722
102330,0 fw Controll.static GIPNIMALPEG          0.4165 -> 0.7861
102343,3 fw Controll.static NAKNALFCOIF         52.0568 -> 52.3568
102343,3 fw Controll.static IGLCENGMMMJ          5.1354 -> 3.9354
102346,8 fw Controll.static MKFDGFOCKNO        101.9932 -> 102.0432
102346,8 fw Controll.static LEKCBKLAILO        102.0432 -> 102.0932
102346,8 fw Controll.static OFJKHAFJIMA          0.0041 -> 0.0024
102360,3 fw Controll.static GIPNIMALPEG          0.7861 -> 0.3913
102365,2 fw Controll.static NAKNALFCOIF         52.3568 -> 52.8068
102365,2 fw Controll.static IGLCENGMMMJ          3.9354 -> 3.0354
102391,8 fw player          LBKINNIDKEC               1 -> 0
102391,8 fw Controll.static GIPNIMALPEG          0.3913 -> 0.021
102391,8 fw Controll.static NAKNALFCOIF         52.8068 -> 53.5568
102391,8 fw Controll.static IGLCENGMMMJ          3.0354 -> 1.9854
102398,4 fw Controll.static MKFDGFOCKNO        102.0432 -> 102.0932
102398,4 fw Controll.static LEKCBKLAILO        102.0932 -> 102.1432
102409,2 fw Controll.static OFJKHAFJIMA          0.0024 -> 0.0008
102412,2 fw player          LNIDBHIAJJI               5 -> 4
102412,2 fw Controll.static GIPNIMALPEG           0.021 -> 0.4305
102412,3 fw Controll.static NAKNALFCOIF         53.5568 -> 54.4568
102412,3 fw Controll.static IGLCENGMMMJ          1.9854 -> 1.2354
102437,1 fw Controll.static GIPNIMALPEG          0.4305 -> 0.9277
102437,1 fw Controll.static NAKNALFCOIF         54.4568 -> 55.6568
102437,1 fw Controll.static IGLCENGMMMJ          1.2354 -> 0.3354
102452,0 fw Controll.static MKFDGFOCKNO        102.0932 -> 102.1432
102452,0 fw Controll.static LEKCBKLAILO        102.1432 -> 102.1932
102452,0 fw Controll.static OFJKHAFJIMA          0.0008 -> 0.0025
102458,6 fw Controll.static GIPNIMALPEG          0.9277 -> 0.3565
102458,6 fw Controll.static NAKNALFCOIF         55.6568 -> 56.7068
102458,6 fw Controll.static IGLCENGMMMJ          0.3354 -> -0.2646
102480,0 fw Controll.static GIPNIMALPEG          0.3565 -> 0.7853
102480,0 fw Controll.static NAKNALFCOIF         56.7068 -> 57.4568
102480,1 fw Controll.static IGLCENGMMMJ         -0.2646 -> -0.7146
102494,4 fw player          LNIDBHIAJJI               4 -> 2
102494,4 fw Controll.static MKFDGFOCKNO        102.1432 -> 102.1932
102494,4 fw Controll.static LEKCBKLAILO        102.1932 -> 102.2432
102494,4 fw Controll.static OFJKHAFJIMA          0.0025 -> 0.0035
102498,0 fw Controll.static GIPNIMALPEG          0.7853 -> 0.1458
102498,0 fw Controll.static NAKNALFCOIF         57.4568 -> 58.3568
102509,1 fw Controll.static IGLCENGMMMJ         -0.7146 -> -1.6146
102523,5 fw player          LNIDBHIAJJI               2 -> 1
102523,5 fw player          ACAIGMNLLEC              37 -> 38
102523,5 fw player          HEADELMLILF               0 -> 1
102523,6 fw Controll.static GIPNIMALPEG          0.1458 -> 0.6562
102526,4 fw Controll.static NAKNALFCOIF         58.3568 -> 59.5568
102526,4 fw Controll.static IGLCENGMMMJ         -1.6146 -> -1.9146
102542,4 fw Controll.static GIPNIMALPEG          0.6562 -> 0.0334
102553,1 fw Controll.static NAKNALFCOIF         59.5568 -> 60.4568
102553,1 fw Controll.static IGLCENGMMMJ         -1.9146 -> -2.3646
102560,7 fw Controll.static MKFDGFOCKNO        102.1932 -> 102.2433
102560,7 fw Controll.static LEKCBKLAILO        102.2432 -> 102.2933
102560,7 fw Controll.static OFJKHAFJIMA          0.0035 -> 0.0014
102569,3 fw Controll.static GIPNIMALPEG          0.0334 -> 0.5708
102575,4 fw Controll.static NAKNALFCOIF         60.4568 -> 61.3568
102575,4 fw Controll.static IGLCENGMMMJ         -2.3646 -> -2.6646
102591,2 fw player          LNIDBHIAJJI               1 -> 0
102591,2 fw player          ACAIGMNLLEC              38 -> 39
102591,2 fw Controll.static GIPNIMALPEG          0.5708 -> 0.0088
102596,8 fw Controll.static NAKNALFCOIF         61.3568 -> 62.2568
102596,8 fw Controll.static EPEEFBDJAHO               0 -> 1
102603,9 fw player          LNIDBHIAJJI               0 -> 255
102603,9 fw player          ACAIGMNLLEC              39 -> 41
102603,9 fw Controll.static MKFDGFOCKNO        102.2433 -> 102.2933
102603,9 fw Controll.static LEKCBKLAILO        102.2933 -> 102.3433
102604,0 fw Controll.static OFJKHAFJIMA          0.0014 -> 0.0003
102610,3 fw Controll.static GIPNIMALPEG          0.0088 -> 0.3893
102616,4 fw player          HOJIIOCKKLO              -1 -> 1
102616,4 fw Controll.static NAKNALFCOIF         62.2568 -> 62.8568
102631,0 fw Controll.static GIPNIMALPEG          0.3893 -> 0.8036
102644,0 fw Controll.static NAKNALFCOIF         62.8568 -> 64.2068
102646,8 fw Controll.static MKFDGFOCKNO        102.2933 -> 102.3433
102646,8 fw Controll.static LEKCBKLAILO        102.3433 -> 102.3933
102646,8 fw Controll.static OFJKHAFJIMA          0.0003 -> 0.003
102662,2 fw Controll.static GIPNIMALPEG          0.8036 -> 0.4276
102662,2 fw Controll.static NAKNALFCOIF         64.2068 -> 64.9568
102690,0 fw player          LNIDBHIAJJI             255 -> 254
102690,0 fw player          ACAIGMNLLEC              41 -> 42
102690,1 fw Controll.static GIPNIMALPEG          0.4276 -> 0.9854
102690,1 fw Controll.static NAKNALFCOIF         64.9568 -> 66.0068
102706,4 fw Controll.static MKFDGFOCKNO        102.3433 -> 102.3933
102706,4 fw Controll.static LEKCBKLAILO        102.3933 -> 102.4433
102706,5 fw Controll.static OFJKHAFJIMA           0.003 -> 0.0025
102710,3 fw player          FDOJDJLIGLF              10 -> 100
102710,3 fw Controll.static GIPNIMALPEG          0.9854 -> 0.3901
102710,3 fw Controll.static NAKNALFCOIF         66.0068 -> 66.4568
102730,8 fw player          ACAIGMNLLEC              42 -> 43
102743,7 fw Controll.static GIPNIMALPEG          0.3901 -> 0.0556
102743,7 fw Controll.static NAKNALFCOIF         66.4568 -> 67.6568
102760,3 fw Controll.static MKFDGFOCKNO        102.3933 -> 102.4433
102760,3 fw Controll.static LEKCBKLAILO        102.4433 -> 102.4933
102760,3 fw Controll.static OFJKHAFJIMA          0.0025 -> 0.0023
102767,8 fw Controll.static GIPNIMALPEG          0.0556 -> 0.5386
102767,8 fw Controll.static NAKNALFCOIF         67.6568 -> 68.2568
102782,5 fw player          ACAIGMNLLEC              43 -> 45
102791,8 fw player          FGFKPMPLNKO         97.5722 -> 98.0395
102791,9 fw Controll.static GIPNIMALPEG          0.5386 -> 0.0198
102791,9 fw Controll.static NAKNALFCOIF         68.2568 -> 68.5568
102806,0 fw Controll.static MKFDGFOCKNO        102.4433 -> 102.4933
102806,0 fw Controll.static LEKCBKLAILO        102.4933 -> 102.5433
102806,0 fw Controll.static OFJKHAFJIMA          0.0023 -> 0.0008
102811,7 fw Controll.static GIPNIMALPEG          0.0198 -> 0.4176
102823,1 fw player          ACAIGMNLLEC              45 -> 46
102823,2 fw Controll.static NAKNALFCOIF         68.5568 -> 68.7068
102841,4 fw Controll.static GIPNIMALPEG          0.4176 -> 0.0096
102845,4 fw Controll.static NAKNALFCOIF         68.7068 -> 69.1568
102857,1 fw Controll.static MKFDGFOCKNO        102.4933 -> 102.5434
102857,1 fw Controll.static LEKCBKLAILO        102.5433 -> 102.5934
102857,1 fw Controll.static OFJKHAFJIMA          0.0008 -> 0.0003
102861,8 fw Controll.static GIPNIMALPEG          0.0096 -> 0.4189
102874,8 fw Controll.static NAKNALFCOIF         69.1568 -> 69.7568
102874,8 fw Controll.static DGNDKAKOEPD          935181 -> 936106
102874,8 fw Controll.static BEJBLGGGOCC       338514292 -> 338515291
102874,8 fw Controll.static JELGPAKAJPE             188 -> 114
102874,8 fw Controll.static EENJPDHGGGC        101.6346 -> 102.5597
102891,8 fw Controll.static GIPNIMALPEG          0.4189 -> 0.0166
102896,3 fw player          ACAIGMNLLEC              46 -> 48
102896,4 fw Controll.static NAKNALFCOIF         69.7568 -> 70.0568
102907,6 fw Controll.static MKFDGFOCKNO        102.5434 -> 102.5934
102907,6 fw Controll.static LEKCBKLAILO        102.5934 -> 102.6434
102907,6 fw Controll.static OFJKHAFJIMA          0.0003 -> 0.0006
102913,8 fw Controll.static GIPNIMALPEG          0.0166 -> 0.4582
102924,1 fw Controll.static NAKNALFCOIF         70.0568 -> 70.3568
102929,6 fw player          HEADELMLILF               1 -> 0
102940,4 fw Controll.static GIPNIMALPEG          0.4582 -> 0.9913
102944,8 fw Controll.static NAKNALFCOIF         70.3568 -> 70.6568
102956,5 fw Controll.static MKFDGFOCKNO        102.5934 -> 102.6434
102956,5 fw Controll.static LEKCBKLAILO        102.6434 -> 102.6934
102956,5 fw Controll.static OFJKHAFJIMA          0.0006 -> 0.0037
102975,9 fw Controll.static GIPNIMALPEG          0.9913 -> 0.6997
102975,9 fw Controll.static NAKNALFCOIF         70.6568 -> 71.1068
102993,2 fw Controll.static OFJKHAFJIMA          0.0037 -> 0.0022
102997,1 fw Controll.static GIPNIMALPEG          0.6997 -> 0.1254
102997,2 fw Controll.static NAKNALFCOIF         71.1068 -> 71.7069
103009,8 fw player          ACAIGMNLLEC              48 -> 49
103009,8 fw player          HEADELMLILF               0 -> 1
103018,5 fw Controll.static MKFDGFOCKNO        102.6434 -> 102.6934
103018,5 fw Controll.static LEKCBKLAILO        102.6934 -> 102.7434
103030,3 fw Controll.static GIPNIMALPEG          0.1254 -> 0.7884
103030,3 fw Controll.static NAKNALFCOIF         71.7069 -> 72.4569
103048,2 fw player          HEADELMLILF               1 -> 0
103048,2 fw Controll.static MKFDGFOCKNO        102.6934 -> 102.7434
103048,2 fw Controll.static LEKCBKLAILO        102.7434 -> 102.7934
103048,2 fw Controll.static OFJKHAFJIMA          0.0022 -> 0.0071
103057,5 fw Controll.static GIPNIMALPEG          0.7884 -> 0.3311
103057,5 fw Controll.static NAKNALFCOIF         72.4569 -> 73.2069
103064,1 fw player          HOJIIOCKKLO               1 -> -1
103078,6 fw Controll.static GIPNIMALPEG          0.3311 -> 0.7536
103078,6 fw Controll.static NAKNALFCOIF         73.2069 -> 73.8069
103095,8 fw Controll.static MKFDGFOCKNO        102.7434 -> 102.7934
103095,8 fw Controll.static LEKCBKLAILO        102.7934 -> 102.8434
103095,8 fw Controll.static OFJKHAFJIMA          0.0071 -> 0.0006
103109,5 fw Controll.static GIPNIMALPEG          0.7536 -> 0.3724
103109,5 fw Controll.static NAKNALFCOIF         73.8069 -> 75.0069
103114,1 fw player          FDOJDJLIGLF             100 -> 70
103114,1 fw Controll.static IGLCENGMMMJ         -2.6646 -> -2.5146
103127,2 fw player          ACAIGMNLLEC              49 -> 50
103127,2 fw player          HEADELMLILF               0 -> 1
103133,6 fw Controll.static GIPNIMALPEG          0.3724 -> 0.8529
103142,6 fw Controll.static NAKNALFCOIF         75.0069 -> 76.8069
103142,6 fw Controll.static IGLCENGMMMJ         -2.5146 -> -2.2146
103151,7 fw Controll.static MKFDGFOCKNO        102.7934 -> 102.8434
103151,7 fw Controll.static LEKCBKLAILO        102.8434 -> 102.8934
103151,7 fw Controll.static OFJKHAFJIMA          0.0006 -> 0.0015
103159,1 fw Controll.static GIPNIMALPEG          0.8529 -> 0.3631
103166,0 fw Controll.static NAKNALFCOIF         76.8069 -> 78.0069
103166,0 fw Controll.static IGLCENGMMMJ         -2.2146 -> -2.0646
103185,3 fw player          HEADELMLILF               1 -> 0
103185,3 fw player          FDOJDJLIGLF              70 -> 10
103185,4 fw Controll.static GIPNIMALPEG          0.3631 -> 0.7076
103185,4 fw Controll.static LCMOBPPHLLM           0.485 -> 0
103201,6 fw player          HIDMDLLHEKO               1 -> 5
103201,6 fw Controll.static NAKNALFCOIF         78.0069 -> 78.4569
103201,6 fw Controll.static IGLCENGMMMJ         -2.0646 -> -1.9146
103207,2 fw player          MHCOJFIAGLP               6 -> 7
103207,2 fw Controll.static JGNLBAMNEBA               0 -> 1
103207,2 fw Controll.static HCOLPFEEENG               0 -> 1
103207,2 fw Controll.static EGDKJEFGFIC               0 -> 1
103207,2 fw Controll.static OFJKHAFJIMA          0.0015 -> 0.0163
103241,7 fw Controll.static NAKNALFCOIF         78.4569 -> 77.2993
103241,7 fw Controll.static IGLCENGMMMJ         -1.9146 -> 1.3096
103252,2 fw Controll.static OFJKHAFJIMA          0.0163 -> 0
103267,4 fw Controll.static NAKNALFCOIF         77.2993 -> 77.153
103267,4 fw Controll.static IGLCENGMMMJ          1.3096 -> 1.3615
103289,4 fw Controll.static NAKNALFCOIF          77.153 -> 77.11
103289,4 fw Controll.static IGLCENGMMMJ          1.3615 -> 1.3735
103317,5 fw Controll.static NAKNALFCOIF           77.11 -> 77.0728
103317,5 fw Controll.static IGLCENGMMMJ          1.3735 -> 1.3791
103341,3 fw Controll.static NAKNALFCOIF         77.0728 -> 77.1326
103341,3 fw Controll.static IGLCENGMMMJ          1.3791 -> 1.3529
103373,7 fw Controll.static NAKNALFCOIF         77.1326 -> 77.118
103373,7 fw Controll.static IGLCENGMMMJ          1.3529 -> 1.3354
103394,1 fw Controll.static NAKNALFCOIF          77.118 -> 77.205
103394,1 fw Controll.static IGLCENGMMMJ          1.3354 -> 1.2664
103422,1 fw Controll.static NAKNALFCOIF          77.205 -> 77.2301
103422,1 fw Controll.static IGLCENGMMMJ          1.2664 -> 1.2262
103443,5 fw Controll.static NAKNALFCOIF         77.2301 -> 77.236
103455,3 fw Controll.static IGLCENGMMMJ          1.2262 -> 1.1877
103478,6 fw Controll.static NAKNALFCOIF          77.236 -> 77.3187
103478,6 fw Controll.static IGLCENGMMMJ          1.1877 -> 1.1005
103505,6 fw Controll.static NAKNALFCOIF         77.3187 -> 77.3473
103505,6 fw Controll.static IGLCENGMMMJ          1.1005 -> 1.3445
103527,3 fw Controll.static NAKNALFCOIF         77.3473 -> 77.3823
103527,3 fw Controll.static IGLCENGMMMJ          1.3445 -> 1.6721
103557,1 fw Controll.static NAKNALFCOIF         77.3823 -> 77.4268
103557,1 fw Controll.static IGLCENGMMMJ          1.6721 -> 1.8866
103576,8 fw Controll.static NAKNALFCOIF         77.4268 -> 77.5747
103576,8 fw Controll.static IGLCENGMMMJ          1.8866 -> 2.0227
103605,7 fw Controll.static NAKNALFCOIF         77.5747 -> 77.6509
103605,7 fw Controll.static IGLCENGMMMJ          2.0227 -> 2.1094
103625,4 fw Controll.static NAKNALFCOIF         77.6509 -> 77.7384
103625,4 fw Controll.static IGLCENGMMMJ          2.1094 -> 2.176
103656,8 fw Controll.static NAKNALFCOIF         77.7384 -> 77.8432
103656,8 fw Controll.static IGLCENGMMMJ           2.176 -> 2.1958
103679,5 fw Controll.static NAKNALFCOIF         77.8432 -> 78.0841
103679,5 fw Controll.static IGLCENGMMMJ          2.1958 -> 2.118
103706,5 fw Controll.static NAKNALFCOIF         78.0841 -> 78.2072
103706,5 fw Controll.static IGLCENGMMMJ           2.118 -> 1.7833
103726,2 fw Controll.static NAKNALFCOIF         78.2072 -> 78.3389
103726,2 fw Controll.static IGLCENGMMMJ          1.7833 -> 1.36
103755,7 fw Controll.static NAKNALFCOIF         78.3389 -> 78.4819
103761,5 fw Controll.static IGLCENGMMMJ            1.36 -> 1.0463
103788,9 fw Controll.static NAKNALFCOIF         78.4819 -> 78.8263
103788,9 fw Controll.static IGLCENGMMMJ          1.0463 -> 0.8609
103811,2 fw Controll.static NAKNALFCOIF         78.8263 -> 79.015
103811,2 fw Controll.static IGLCENGMMMJ          0.8609 -> 0.4443
103838,7 fw Controll.static NAKNALFCOIF          79.015 -> 79.2086
103838,7 fw Controll.static IGLCENGMMMJ          0.4443 -> -0.0911
103859,8 fw Controll.static NAKNALFCOIF         79.2086 -> 79.5604
103859,8 fw Controll.static IGLCENGMMMJ         -0.0911 -> -0.7564
103892,6 fw Controll.static NAKNALFCOIF         79.5604 -> 79.6476
103892,6 fw Controll.static IGLCENGMMMJ         -0.7564 -> -1.0992
103914,9 fw Controll.static NAKNALFCOIF         79.6476 -> 79.8653
103914,9 fw Controll.static IGLCENGMMMJ         -1.0992 -> -1.4708
103941,5 fw Controll.static NAKNALFCOIF         79.8653 -> 79.9016
103941,5 fw Controll.static IGLCENGMMMJ         -1.4708 -> -1.6074
105167,1 fw player          OLOOMMIKDPJ         93.1113 -> 99.942
105167,1 fw player          LBKINNIDKEC               0 -> 1
105167,1 fw player          LCPGFBMKNHJ             999 -> 5
105167,1 fw player          CGHKKDBILGF               1 -> 0
105167,1 fw Controll.static MNHBPCOOMLE          934098 -> 938651
105174,1 fw player          FGFKPMPLNKO         98.0395 -> 100.4312
105174,1 fw player          HIDMDLLHEKO               5 -> 1
105174,1 fw Controll.static GIPNIMALPEG          0.7076 -> 0.1447
105174,1 fw Controll.static LCMOBPPHLLM               0 -> 0.485
105174,1 fw Controll.static NAKNALFCOIF         79.9016 -> 90
105174,1 fw Controll.static EPEEFBDJAHO               1 -> 0
105174,1 fw Controll.static JEOINCHFPCC              -1 -> 0
105183,5 fw player          CIPOBFGAMOP         93.1113 -> 99.942
105183,6 fw player          ACAIGMNLLEC              50 -> 64
105183,6 fw player          LCPGFBMKNHJ               5 -> 999
105183,6 fw player          HEADELMLILF               0 -> 1
105183,6 fw player          CGHKKDBILGF               0 -> 1
105183,6 fw Controll.static JGNLBAMNEBA               1 -> 0
105183,6 fw Controll.static HCOLPFEEENG               1 -> 0
105183,6 fw Controll.static EGDKJEFGFIC               1 -> 0
105183,6 fw Controll.static MKFDGFOCKNO        102.8434 -> 104.8694
105183,6 fw Controll.static LEKCBKLAILO        102.8934 -> 104.9194
105200,8 fw Controll.static GIPNIMALPEG          0.1447 -> 0.6768
105217,9 fw Controll.static MKFDGFOCKNO        104.8694 -> 104.9194
105217,9 fw Controll.static LEKCBKLAILO        104.9194 -> 104.9694
105217,9 fw Controll.static OFJKHAFJIMA               0 -> 0.0008
105226,0 fw Controll.static GIPNIMALPEG          0.6768 -> 0.1806
105252,5 fw Controll.static GIPNIMALPEG          0.1806 -> 0.7125
105269,9 fw Controll.static MKFDGFOCKNO        104.9194 -> 104.9694
105269,9 fw Controll.static LEKCBKLAILO        104.9694 -> 105.0194
105269,9 fw Controll.static OFJKHAFJIMA          0.0008 -> 0.0028
105276,0 fw Controll.static GIPNIMALPEG          0.7125 -> 0.1805
105295,0 fw player          HIDMDLLHEKO               1 -> 0
105295,0 fw player          HEADELMLILF               1 -> 0
105303,6 fw Controll.static GIPNIMALPEG          0.1805 -> 0.7333
105319,9 fw Controll.static MKFDGFOCKNO        104.9694 -> 105.0194
105319,9 fw Controll.static LEKCBKLAILO        105.0194 -> 105.0694
105329,2 fw Controll.static GIPNIMALPEG          0.7333 -> 0.2453
105354,7 fw Controll.static GIPNIMALPEG          0.2453 -> 0.7557
105370,7 fw Controll.static MKFDGFOCKNO        105.0194 -> 105.0694
105370,7 fw Controll.static LEKCBKLAILO        105.0694 -> 105.1194
105370,7 fw Controll.static OFJKHAFJIMA          0.0028 -> 0.0035
105382,0 fw Controll.static GIPNIMALPEG          0.7557 -> 0.3018
105406,8 fw Controll.static GIPNIMALPEG          0.3018 -> 0.7963
105423,9 fw Controll.static MKFDGFOCKNO        105.0694 -> 105.1195
105423,9 fw Controll.static LEKCBKLAILO        105.1194 -> 105.1695
105423,9 fw Controll.static OFJKHAFJIMA          0.0035 -> 0.0009
105435,3 fw Controll.static GIPNIMALPEG          0.7963 -> 0.3661
105459,7 fw Controll.static GIPNIMALPEG          0.3661 -> 0.8547
105478,0 fw Controll.static MKFDGFOCKNO        105.1195 -> 105.1695
105478,0 fw Controll.static LEKCBKLAILO        105.1695 -> 105.2195
105478,0 fw Controll.static OFJKHAFJIMA          0.0009 -> 0.0025
105494,1 fw Controll.static GIPNIMALPEG          0.8547 -> 0.5413
105520,1 fw Controll.static GIPNIMALPEG          0.5413 -> 0.0623
105520,1 fw Controll.static LCMOBPPHLLM           0.485 -> 0
105536,2 fw Controll.static MKFDGFOCKNO        105.1695 -> 105.2195
105536,2 fw Controll.static LEKCBKLAILO        105.2195 -> 105.2695
105536,2 fw Controll.static OFJKHAFJIMA          0.0025 -> 0.0029
105549,5 fw Controll.static GIPNIMALPEG          0.0623 -> 0.6506
105575,4 fw Controll.static GIPNIMALPEG          0.6506 -> 0.1675
105592,1 fw Controll.static MKFDGFOCKNO        105.2195 -> 105.2695
105592,1 fw Controll.static LEKCBKLAILO        105.2695 -> 105.3195
105592,1 fw Controll.static OFJKHAFJIMA          0.0029 -> 0.0081
105600,1 fw Controll.static GIPNIMALPEG          0.1675 -> 0.6629
105617,5 fw Controll.static MKFDGFOCKNO        105.2695 -> 105.3195
105617,5 fw Controll.static LEKCBKLAILO        105.3195 -> 105.3695
105617,5 fw Controll.static OFJKHAFJIMA          0.0081 -> 0.0003
105625,4 fw Controll.static GIPNIMALPEG          0.6629 -> 0.1684
105651,5 fw Controll.static GIPNIMALPEG          0.1684 -> 0.6893
105657,3 fw player          CLOEJLAOIGI               1 -> 0
105668,5 fw Controll.static MKFDGFOCKNO        105.3195 -> 105.3695
105668,5 fw Controll.static LEKCBKLAILO        105.3695 -> 105.4195
105668,5 fw Controll.static OFJKHAFJIMA          0.0003 -> 0.0012
105675,3 fw Controll.static GIPNIMALPEG          0.6893 -> 0.1647
105699,9 fw Controll.static GIPNIMALPEG          0.1647 -> 0.6584
105724,2 fw Controll.static GIPNIMALPEG          0.6584 -> 0.142
105739,6 fw Controll.static MKFDGFOCKNO        105.3695 -> 105.4195
105739,6 fw Controll.static LEKCBKLAILO        105.4195 -> 105.4695
105739,6 fw Controll.static OFJKHAFJIMA          0.0012 -> 0.007
105749,7 fw Controll.static GIPNIMALPEG           0.142 -> 0.6521
105772,5 fw Controll.static GIPNIMALPEG          0.6521 -> 0.1096
105790,4 fw Controll.static MKFDGFOCKNO        105.4195 -> 105.4695
105790,4 fw Controll.static LEKCBKLAILO        105.4695 -> 105.5195
105790,4 fw Controll.static OFJKHAFJIMA           0.007 -> 0.0053
105806,2 fw Controll.static GIPNIMALPEG          0.1096 -> 0.7836
105833,3 fw Controll.static GIPNIMALPEG          0.7836 -> 0.3257
105833,4 fw Controll.static NAKNALFCOIF              90 -> 90.15
105833,4 fw Controll.static IGLCENGMMMJ         -1.6074 -> -1.4574
105850,3 fw Controll.static MKFDGFOCKNO        105.4695 -> 105.5195
105850,3 fw Controll.static LEKCBKLAILO        105.5195 -> 105.5695
105856,0 fw Controll.static GIPNIMALPEG          0.3257 -> 0.7787
105856,0 fw Controll.static NAKNALFCOIF           90.15 -> 87.9
105856,0 fw Controll.static IGLCENGMMMJ         -1.4574 -> 0.1926
105873,4 fw Controll.static MKFDGFOCKNO        105.5195 -> 105.5695
105873,4 fw Controll.static LEKCBKLAILO        105.5695 -> 105.6196
105873,4 fw Controll.static OFJKHAFJIMA          0.0053 -> 0.0062
105882,2 fw Controll.static GIPNIMALPEG          0.7787 -> 0.3039
105882,3 fw Controll.static NAKNALFCOIF            87.9 -> 81.75
105882,3 fw Controll.static IGLCENGMMMJ          0.1926 -> 1.8426
105904,6 fw Controll.static GIPNIMALPEG          0.3039 -> 0.7513
105904,6 fw Controll.static NAKNALFCOIF           81.75 -> 79.05
105904,6 fw Controll.static IGLCENGMMMJ          1.8426 -> 2.2926
105922,3 fw Controll.static MKFDGFOCKNO        105.5695 -> 105.6196
105922,3 fw Controll.static LEKCBKLAILO        105.6196 -> 105.6696
105922,3 fw Controll.static OFJKHAFJIMA          0.0062 -> 0.005
105933,4 fw Controll.static GIPNIMALPEG          0.7513 -> 0.3272
105933,4 fw Controll.static NAKNALFCOIF           79.05 -> 77.25
105940,4 fw Controll.static IGLCENGMMMJ          2.2926 -> 2.7426
105955,3 fw Controll.static GIPNIMALPEG          0.3272 -> 0.7653
105967,7 fw Controll.static NAKNALFCOIF           77.25 -> 76.35
105967,8 fw Controll.static IGLCENGMMMJ          2.7426 -> 2.8926
105973,3 fw Controll.static MKFDGFOCKNO        105.6196 -> 105.6696
105973,3 fw Controll.static LEKCBKLAILO        105.6696 -> 105.7196
105973,3 fw Controll.static OFJKHAFJIMA           0.005 -> 0.0004
105984,8 fw Controll.static GIPNIMALPEG          0.7653 -> 0.3539
105990,8 fw player          LNIDBHIAJJI             254 -> 0
105990,8 fw player          ACAIGMNLLEC              64 -> 60
105990,8 fw player          HEADELMLILF               0 -> 1
105990,8 fw Controll.static NAKNALFCOIF           76.35 -> 76.2
105990,8 fw Controll.static IGLCENGMMMJ          2.8926 -> 3.0426
105990,9 fw Controll.static DGNDKAKOEPD          936106 -> 939217
105990,9 fw Controll.static BEJBLGGGOCC       338515291 -> 338518416
105990,9 fw Controll.static JELGPAKAJPE             114 -> 94
105990,9 fw Controll.static EENJPDHGGGC        102.5597 -> 105.6705
106008,1 fw Controll.static GIPNIMALPEG          0.3539 -> 0.8195
106019,0 fw Controll.static NAKNALFCOIF            76.2 -> 75.9
106019,0 fw Controll.static IGLCENGMMMJ          3.0426 -> 3.3426
106026,9 fw Controll.static MKFDGFOCKNO        105.6696 -> 105.7196
106026,9 fw Controll.static LEKCBKLAILO        105.7196 -> 105.7696
106026,9 fw Controll.static OFJKHAFJIMA          0.0004 -> 0.0017
106037,2 fw Controll.static GIPNIMALPEG          0.8195 -> 0.4012
106043,3 fw Controll.static NAKNALFCOIF            75.9 -> 75.45
106043,3 fw Controll.static IGLCENGMMMJ          3.3426 -> 3.4926
106061,8 fw Controll.static GIPNIMALPEG          0.4012 -> 0.8933
106073,2 fw player          LNIDBHIAJJI               0 -> 1
106073,2 fw player          ACAIGMNLLEC              60 -> 55
106073,2 fw Controll.static NAKNALFCOIF           75.45 -> 74.85
106073,2 fw Controll.static IGLCENGMMMJ          3.4926 -> 3.7926
106082,0 fw Controll.static MKFDGFOCKNO        105.7196 -> 105.7696
106082,0 fw Controll.static LEKCBKLAILO        105.7696 -> 105.8196
106082,0 fw Controll.static OFJKHAFJIMA          0.0017 -> 0.0059
106089,2 fw player          LNIDBHIAJJI               1 -> 2
106089,2 fw player          ACAIGMNLLEC              55 -> 54
106089,3 fw Controll.static GIPNIMALPEG          0.8933 -> 0.4429
106099,5 fw Controll.static NAKNALFCOIF           74.85 -> 73.05
106099,5 fw Controll.static IGLCENGMMMJ          3.7926 -> 4.2426
106125,7 fw Controll.static GIPNIMALPEG          0.4429 -> 0.1714
106125,7 fw Controll.static NAKNALFCOIF           73.05 -> 71.55
106125,7 fw Controll.static IGLCENGMMMJ          4.2426 -> 4.5426
106140,1 fw Controll.static MKFDGFOCKNO        105.7696 -> 105.8196
106140,1 fw Controll.static LEKCBKLAILO        105.8196 -> 105.8696
106148,3 fw Controll.static OFJKHAFJIMA          0.0059 -> 0.0008
106156,6 fw player          ACAIGMNLLEC              54 -> 53
106156,6 fw Controll.static GIPNIMALPEG          0.1714 -> 0.7902
106156,6 fw Controll.static NAKNALFCOIF           71.55 -> 68.7
106156,6 fw Controll.static IGLCENGMMMJ          4.5426 -> 4.9926
106174,2 fw Controll.static MKFDGFOCKNO        105.8196 -> 105.8696
106174,2 fw Controll.static LEKCBKLAILO        105.8696 -> 105.9196
106174,2 fw Controll.static OFJKHAFJIMA          0.0008 -> 0.0069
106182,1 fw Controll.static GIPNIMALPEG          0.7902 -> 0.2993
106182,1 fw Controll.static NAKNALFCOIF            68.7 -> 66.3
106182,1 fw Controll.static IGLCENGMMMJ          4.9926 -> 5.5926
106191,1 fw player          HEADELMLILF               1 -> 0
106210,4 fw Controll.static GIPNIMALPEG          0.2993 -> 0.8639
106210,4 fw Controll.static NAKNALFCOIF            66.3 -> 63.15
106210,4 fw Controll.static IGLCENGMMMJ          5.5926 -> 6.1926
106226,4 fw Controll.static MKFDGFOCKNO        105.8696 -> 105.9196
106226,4 fw Controll.static LEKCBKLAILO        105.9196 -> 105.9696
106226,4 fw Controll.static OFJKHAFJIMA          0.0069 -> 0.009
106236,3 fw Controll.static GIPNIMALPEG          0.8639 -> 0.3829
106236,3 fw Controll.static NAKNALFCOIF           63.15 -> 61.5
106236,3 fw Controll.static IGLCENGMMMJ          6.1926 -> 6.4926
106253,5 fw player          LNIDBHIAJJI               2 -> 3
106253,5 fw player          ACAIGMNLLEC              53 -> 51
106253,5 fw player          HEADELMLILF               0 -> 1
106260,5 fw Controll.static GIPNIMALPEG          0.3829 -> 0.8676
106260,5 fw Controll.static NAKNALFCOIF            61.5 -> 60.15
106280,6 fw Controll.static MKFDGFOCKNO        105.9196 -> 105.9696
106280,6 fw Controll.static LEKCBKLAILO        105.9696 -> 106.0196
106280,6 fw Controll.static OFJKHAFJIMA           0.009 -> 0.0039
106287,1 fw player          ACAIGMNLLEC              51 -> 47
106287,1 fw Controll.static GIPNIMALPEG          0.8676 -> 0.3993
106297,9 fw Controll.static NAKNALFCOIF           60.15 -> 57.6
106297,9 fw Controll.static IGLCENGMMMJ          6.4926 -> 6.0426
106317,4 fw Controll.static GIPNIMALPEG          0.3993 -> 0.0048
106322,8 fw Controll.static NAKNALFCOIF            57.6 -> 57
106322,8 fw Controll.static IGLCENGMMMJ          6.0426 -> 5.8926
106334,7 fw Controll.static MKFDGFOCKNO        105.9696 -> 106.0196
106334,7 fw Controll.static LEKCBKLAILO        106.0196 -> 106.0696
106334,7 fw Controll.static OFJKHAFJIMA          0.0039 -> 0
106341,6 fw Controll.static GIPNIMALPEG          0.0048 -> 0.4904
106353,4 fw player          LNIDBHIAJJI               3 -> 4
106353,4 fw player          ACAIGMNLLEC              47 -> 43
106353,4 fw Controll.static NAKNALFCOIF              57 -> 56.7
106377,9 fw Controll.static GIPNIMALPEG          0.4904 -> 0.2134
106384,6 fw Controll.static NAKNALFCOIF            56.7 -> 32.6846
106384,6 fw Controll.static IGLCENGMMMJ          5.8926 -> -11.4573
106384,6 fw Controll.static BFEOOOMMGLK               0 -> 1
106384,6 fw Controll        MJPKOOHJOPA         95.7411 -> 101.4747
106397,0 fw Controll.static GLGCAOADGMN               0 -> 1
106397,0 fw Controll.static MKFDGFOCKNO        106.0196 -> 106.0696
106397,0 fw Controll.static LEKCBKLAILO        106.0696 -> 106.1196
106397,0 fw Controll.static OFJKHAFJIMA               0 -> 0.0103
106399,9 fw Controll.static MNHBPCOOMLE          938651 -> 939833
106399,9 fw Controll.static GIPNIMALPEG          0.2134 -> 0.6548
106399,9 fw Controll.static ANDBANJHOLD         95.4911 -> 101.2247
106412,8 fw player          ACAIGMNLLEC              43 -> 42
106412,8 fw Controll.static NAKNALFCOIF         32.6846 -> 34.1912
106412,8 fw Controll.static IGLCENGMMMJ        -11.4573 -> -10.906
106416,0 fw Controll.static BFEOOOMMGLK               1 -> 0
106430,3 fw Controll.static GIPNIMALPEG          0.6548 -> 0.2624
106434,0 fw player          ACAIGMNLLEC              42 -> 40
106434,0 fw Controll.static NAKNALFCOIF         34.1912 -> 35.813
106434,0 fw Controll.static IGLCENGMMMJ         -10.906 -> -9.4358
106445,9 fw Controll.static MKFDGFOCKNO        106.0696 -> 106.1196
106445,9 fw Controll.static LEKCBKLAILO        106.1196 -> 106.1696
106445,9 fw Controll.static OFJKHAFJIMA          0.0103 -> 0.0129
106462,3 fw Controll.static GIPNIMALPEG          0.2624 -> 0.9037
106462,3 fw Controll.static NAKNALFCOIF          35.813 -> 37.3551
106462,4 fw Controll.static IGLCENGMMMJ         -9.4358 -> -7.6029
106480,2 fw Controll.static OFJKHAFJIMA          0.0129 -> 0.0128
106484,9 fw Controll.static GIPNIMALPEG          0.9037 -> 0.3565
106485,0 fw Controll.static NAKNALFCOIF         37.3551 -> 39.852
106485,0 fw Controll.static IGLCENGMMMJ         -7.6029 -> -5.7146
106503,2 fw player          LNIDBHIAJJI               4 -> 247
106503,2 fw player          ACAIGMNLLEC              40 -> 22
106503,2 fw Controll.static MKFDGFOCKNO        106.1196 -> 106.1696
106503,2 fw Controll.static LEKCBKLAILO        106.1696 -> 106.2196
106514,0 fw Controll.static GIPNIMALPEG          0.3565 -> 0.9379
106514,0 fw Controll.static NAKNALFCOIF          39.852 -> 41.5407
106514,0 fw Controll.static IGLCENGMMMJ         -5.7146 -> -4.4238
106518,2 fw Controll.static GLGCAOADGMN               1 -> 0
106530,3 fw Controll.static MKFDGFOCKNO        106.1696 -> 106.2196
106530,3 fw Controll.static LEKCBKLAILO        106.2196 -> 106.2696
106530,3 fw Controll.static OFJKHAFJIMA          0.0128 -> 0.0008
106536,1 fw Controll.static GIPNIMALPEG          0.9379 -> 0.3803
106536,2 fw Controll.static NAKNALFCOIF         41.5407 -> 43.2557
106536,2 fw Controll.static IGLCENGMMMJ         -4.4238 -> -3.1044
106564,1 fw player          ACAIGMNLLEC              22 -> 24
106564,1 fw Controll.static GIPNIMALPEG          0.3803 -> 0.9387
106564,1 fw Controll.static NAKNALFCOIF         43.2557 -> 45.1739
106564,1 fw Controll.static IGLCENGMMMJ         -3.1044 -> -3.8546
106580,2 fw Controll.static MKFDGFOCKNO        106.2196 -> 106.2696
106580,2 fw Controll.static LEKCBKLAILO        106.2696 -> 106.3196
106580,2 fw Controll.static OFJKHAFJIMA          0.0008 -> 0.0029
106587,0 fw Controll.static GIPNIMALPEG          0.9387 -> 0.397
106587,0 fw Controll.static NAKNALFCOIF         45.1739 -> 47.084
106597,1 fw Controll.static IGLCENGMMMJ         -3.8546 -> -5.3507
106613,5 fw Controll.static GIPNIMALPEG           0.397 -> 0.9261
106619,4 fw player          LNIDBHIAJJI             247 -> 250
106619,4 fw player          ACAIGMNLLEC              24 -> 27
106619,4 fw Controll.static NAKNALFCOIF          47.084 -> 50.0999
106619,4 fw Controll.static IGLCENGMMMJ         -5.3507 -> -8.1248
106632,4 fw Controll.static GLGCAOADGMN               0 -> 1
106632,4 fw Controll.static MKFDGFOCKNO        106.2696 -> 106.3196
106632,4 fw Controll.static LEKCBKLAILO        106.3196 -> 106.3697
106632,4 fw Controll.static OFJKHAFJIMA          0.0029 -> 0.0021
106637,2 fw Controll.static MNHBPCOOMLE          939833 -> 940080
106637,2 fw Controll.static GIPNIMALPEG          0.9261 -> 0.4011
106637,2 fw Controll.static ANDBANJHOLD        101.2247 -> 101.4724
106637,2 fw Controll        MJPKOOHJOPA        101.4747 -> 101.7224
106650,0 fw Controll.static NAKNALFCOIF         50.0999 -> 52.1602
106650,0 fw Controll.static IGLCENGMMMJ         -8.1248 -> -10.2993
106655,7 fw player          LNIDBHIAJJI             250 -> 252
106655,7 fw player          ACAIGMNLLEC              27 -> 30
106667,0 fw Controll.static GIPNIMALPEG          0.4011 -> 0.9959
106674,1 fw Controll.static NAKNALFCOIF         52.1602 -> 55.6684
106674,1 fw Controll.static IGLCENGMMMJ        -10.2993 -> -13.8519
106683,1 fw Controll.static MKFDGFOCKNO        106.3196 -> 106.3697
106683,1 fw Controll.static LEKCBKLAILO        106.3697 -> 106.4197
106683,1 fw Controll.static OFJKHAFJIMA          0.0021 -> 0.0067
106691,5 fw player          ACAIGMNLLEC              30 -> 32
106691,6 fw Controll.static GIPNIMALPEG          0.9959 -> 0.4878
106700,0 fw Controll.static NAKNALFCOIF         55.6684 -> 58.7642
106700,0 fw Controll.static IGLCENGMMMJ        -13.8519 -> -16.5607
106717,7 fw Controll.static GIPNIMALPEG          0.4878 -> 0.0109
106731,2 fw Controll.static NAKNALFCOIF         58.7642 -> 62.0501
106731,2 fw Controll.static IGLCENGMMMJ        -16.5607 -> -19.0763
106735,7 fw Controll.static MKFDGFOCKNO        106.3697 -> 106.4197
106735,7 fw Controll.static LEKCBKLAILO        106.4197 -> 106.4697
106735,7 fw Controll.static OFJKHAFJIMA          0.0067 -> 0.0003
106749,7 fw Controll.static GIPNIMALPEG          0.0109 -> 0.6498
106755,6 fw player          GEDMGLAMGMD               7 -> 8
106755,6 fw player          CNHNFDDJMJO              58 -> 64
106755,6 fw player          LNIDBHIAJJI             252 -> 249
106755,6 fw player          ACAIGMNLLEC              32 -> 35
106755,6 fw Controll.static NAKNALFCOIF         62.0501 -> 63.9289
106755,6 fw Controll.static IGLCENGMMMJ        -19.0763 -> -20.1517
106769,1 fw Controll.static MKFDGFOCKNO        106.4197 -> 106.4697
106769,1 fw Controll.static LEKCBKLAILO        106.4697 -> 106.5197
106769,1 fw Controll.static OFJKHAFJIMA          0.0003 -> 0.0018
106786,2 fw Controll.static GIPNIMALPEG          0.6498 -> 0.3813
106786,2 fw Controll.static NAKNALFCOIF         63.9289 -> 62.5789
106786,2 fw Controll.static IGLCENGMMMJ        -20.1517 -> -20.6017
106815,4 fw Controll.static GIPNIMALPEG          0.3813 -> 0.9652
106815,4 fw Controll.static NAKNALFCOIF         62.5789 -> 61.5289
106815,4 fw Controll.static IGLCENGMMMJ        -20.6017 -> -20.7517
106821,3 fw player          LNIDBHIAJJI             249 -> 245
106821,3 fw player          ACAIGMNLLEC              35 -> 39
106833,9 fw Controll.static MKFDGFOCKNO        106.4697 -> 106.5197
106833,9 fw Controll.static LEKCBKLAILO        106.5197 -> 106.5697
106833,9 fw Controll.static OFJKHAFJIMA          0.0018 -> 0.004
106839,5 fw Controll.static GIPNIMALPEG          0.9652 -> 0.4458
106839,5 fw Controll.static NAKNALFCOIF         61.5289 -> 60.3289
106839,5 fw Controll.static IGLCENGMMMJ        -20.7517 -> -21.0517
106857,9 fw player          LNIDBHIAJJI             245 -> 242
106857,9 fw player          ACAIGMNLLEC              39 -> 43
106868,7 fw Controll.static GIPNIMALPEG          0.4458 -> 0.0308
106868,7 fw Controll.static NAKNALFCOIF         60.3289 -> 58.2289
106868,7 fw Controll.static IGLCENGMMMJ        -21.0517 -> -21.3517
106887,2 fw Controll.static MKFDGFOCKNO        106.5197 -> 106.5697
106887,2 fw Controll.static LEKCBKLAILO        106.5697 -> 106.6197
106887,2 fw Controll.static OFJKHAFJIMA           0.004 -> 0.0013
106893,8 fw Controll.static GIPNIMALPEG          0.0308 -> 0.5316
106893,8 fw Controll.static NAKNALFCOIF         58.2289 -> 56.1289
106904,8 fw player          ACAIGMNLLEC              43 -> 45
106920,6 fw player          LNIDBHIAJJI             242 -> 240
106920,6 fw Controll.static GIPNIMALPEG          0.5316 -> 0.0681
106920,7 fw Controll.static NAKNALFCOIF         56.1289 -> 53.7289
106931,0 # net: TcpClient.Connected = True
106936,0 fw Controll.static MKFDGFOCKNO        106.5697 -> 106.6197
106936,0 fw Controll.static LEKCBKLAILO        106.6197 -> 106.6697
106936,0 fw Controll.static OFJKHAFJIMA          0.0013 -> 0.0032
106948,5 fw Controll.static GIPNIMALPEG          0.0681 -> 0.6268
106954,0 fw Controll.static NAKNALFCOIF         53.7289 -> 52.0789
106972,0 fw Controll.static GIPNIMALPEG          0.6268 -> 0.0964
106986,6 fw Controll.static MKFDGFOCKNO        106.6197 -> 106.6697
106986,6 fw Controll.static LEKCBKLAILO        106.6697 -> 106.7197
106986,6 fw Controll.static OFJKHAFJIMA          0.0032 -> 0.0046
106996,2 fw Controll.static GIPNIMALPEG          0.0964 -> 0.581
107013,1 fw player          ACAIGMNLLEC              45 -> 43
107017,6 fw Controll.static GIPNIMALPEG           0.581 -> 0.0082
107030,5 fw Controll.static DGNDKAKOEPD          939217 -> 940266
107030,5 fw Controll.static BEJBLGGGOCC       338518416 -> 338519422
107030,5 fw Controll.static JELGPAKAJPE              94 -> 149
107030,5 fw Controll.static EENJPDHGGGC        105.6705 -> 106.7203
107035,9 fw Controll.static MKFDGFOCKNO        106.6697 -> 106.7197
107035,9 fw Controll.static LEKCBKLAILO        106.7197 -> 106.7697
107035,9 fw Controll.static OFJKHAFJIMA          0.0046 -> 0.0002
107046,6 fw player          ACAIGMNLLEC              43 -> 41
107046,6 fw Controll.static GIPNIMALPEG          0.0082 -> 0.5883
107072,1 fw Controll.static GIPNIMALPEG          0.5883 -> 0.0985
107089,2 fw player          ACAIGMNLLEC              41 -> 38
107089,3 fw Controll.static MKFDGFOCKNO        106.7197 -> 106.7697
107089,3 fw Controll.static LEKCBKLAILO        106.7697 -> 106.8197
107089,3 fw Controll.static OFJKHAFJIMA          0.0002 -> 0.0047
107104,7 fw Controll.static GIPNIMALPEG          0.0985 -> 0.7504
107121,5 fw Controll.static OFJKHAFJIMA          0.0047 -> 0.004
107129,8 fw Controll.static GIPNIMALPEG          0.7504 -> 0.252
107136,3 fw player          ACAIGMNLLEC              38 -> 37
107145,7 fw Controll.static MKFDGFOCKNO        106.7697 -> 106.8197
107145,7 fw Controll.static LEKCBKLAILO        106.8197 -> 106.8697
107153,3 fw Controll.static GIPNIMALPEG           0.252 -> 0.7212
107169,0 fw Controll.static MKFDGFOCKNO        106.8197 -> 106.8697
107169,0 fw Controll.static LEKCBKLAILO        106.8697 -> 106.9197
107169,0 fw Controll.static OFJKHAFJIMA           0.004 -> 0.0016
107179,0 fw Controll.static GIPNIMALPEG          0.7212 -> 0.2355
107179,0 fw Controll.static NAKNALFCOIF         52.0789 -> 51.6289
107179,0 fw Controll.static IGLCENGMMMJ        -21.3517 -> -20.7517
107195,1 fw player          HEADELMLILF               1 -> 0
107200,5 fw Controll.static GIPNIMALPEG          0.2355 -> 0.6648
107200,5 fw Controll.static NAKNALFCOIF         51.6289 -> 51.3289
107200,5 fw Controll.static IGLCENGMMMJ        -20.7517 -> -19.8517
107217,6 fw Controll.static MKFDGFOCKNO        106.8697 -> 106.9197
107217,6 fw Controll.static LEKCBKLAILO        106.9197 -> 106.9697
107217,6 fw Controll.static OFJKHAFJIMA          0.0016 -> 0.0002
107229,3 fw Controll.static GIPNIMALPEG          0.6648 -> 0.2407
107229,3 fw Controll.static NAKNALFCOIF         51.3289 -> 50.7289
107234,4 fw Controll.static IGLCENGMMMJ        -19.8517 -> -16.5517
107253,0 fw Controll.static GIPNIMALPEG          0.2407 -> 0.7159
107263,5 fw Controll.static NAKNALFCOIF         50.7289 -> 50.5789
107263,5 fw Controll.static IGLCENGMMMJ        -16.5517 -> -14.9017
107270,2 fw Controll.static MKFDGFOCKNO        106.9197 -> 106.9697
107270,2 fw Controll.static LEKCBKLAILO        106.9697 -> 107.0197
107270,2 fw Controll.static OFJKHAFJIMA          0.0002 -> 0.0027
107281,3 fw Controll.static GIPNIMALPEG          0.7159 -> 0.2809
107287,4 fw Controll.static NAKNALFCOIF         50.5789 -> 50.7289
107287,4 fw Controll.static IGLCENGMMMJ        -14.9017 -> -12.8017
107303,6 fw Controll.static GIPNIMALPEG          0.2809 -> 0.7269
107316,8 fw Controll.static NAKNALFCOIF         50.7289 -> 51.4789
107316,8 fw Controll.static IGLCENGMMMJ        -12.8017 -> -9.2017
107322,4 fw Controll.static MKFDGFOCKNO        106.9697 -> 107.0197
107322,4 fw Controll.static LEKCBKLAILO        107.0197 -> 107.0697
107322,4 fw Controll.static OFJKHAFJIMA          0.0027 -> 0.005
107333,6 fw Controll.static GIPNIMALPEG          0.7269 -> 0.3274
107338,9 fw Controll.static NAKNALFCOIF         51.4789 -> 52.0789
107338,9 fw Controll.static IGLCENGMMMJ         -9.2017 -> -6.0517
107354,9 fw Controll.static GIPNIMALPEG          0.3274 -> 0.7533
107364,5 fw player          ACAIGMNLLEC              37 -> 36
107364,5 fw player          HEADELMLILF               0 -> 1
107364,5 fw Controll.static NAKNALFCOIF         52.0789 -> 52.9789
107364,5 fw Controll.static IGLCENGMMMJ         -6.0517 -> -1.8517
107372,5 fw Controll.static MKFDGFOCKNO        107.0197 -> 107.0697
107372,5 fw Controll.static LEKCBKLAILO        107.0697 -> 107.1197
107379,6 fw player          LNIDBHIAJJI             240 -> 243
107379,6 fw player          HEADELMLILF               1 -> 0
107379,6 fw Controll.static GIPNIMALPEG          0.7533 -> 0.2468
107388,6 fw Controll.static NAKNALFCOIF         52.9789 -> 53.8789
107388,6 fw Controll.static IGLCENGMMMJ         -1.8517 -> 2.6483
107412,5 fw player          LNIDBHIAJJI             243 -> 245
107412,5 fw player          ACAIGMNLLEC              36 -> 35
107412,5 fw Controll.static GIPNIMALPEG          0.2468 -> 0.9049
107412,5 fw Controll.static NAKNALFCOIF         53.8789 -> 54.3289
107412,5 fw Controll.static IGLCENGMMMJ          2.6483 -> 5.3483
107419,7 fw player          HEADELMLILF               0 -> 1
107419,8 fw Controll.static MKFDGFOCKNO        107.0697 -> 107.1197
107419,8 fw Controll.static LEKCBKLAILO        107.1197 -> 107.1697
107429,3 fw Controll.static OFJKHAFJIMA           0.005 -> 0.0023
107435,1 fw Controll.static GIPNIMALPEG          0.9049 -> 0.3571
107435,1 fw Controll.static NAKNALFCOIF         54.3289 -> 54.6289
107435,1 fw Controll.static IGLCENGMMMJ          5.3483 -> 6.2483
107461,6 fw Controll.static GIPNIMALPEG          0.3571 -> 0.888
107461,7 fw Controll.static IGLCENGMMMJ          6.2483 -> 6.3983
107469,0 fw player          LNIDBHIAJJI             245 -> 250
107469,0 fw player          ACAIGMNLLEC              35 -> 36
107477,2 fw Controll.static MKFDGFOCKNO        107.1197 -> 107.1698
107477,2 fw Controll.static LEKCBKLAILO        107.1697 -> 107.2198
107477,2 fw Controll.static OFJKHAFJIMA          0.0023 -> 0.0016
107485,3 fw Controll.static GIPNIMALPEG           0.888 -> 0.3605
107500,8 fw player          LNIDBHIAJJI             250 -> 255
107500,8 fw player          ACAIGMNLLEC              36 -> 37
107511,0 fw Controll.static GIPNIMALPEG          0.3605 -> 0.8753
107528,3 fw Controll.static MKFDGFOCKNO        107.1698 -> 107.2198
107528,3 fw Controll.static LEKCBKLAILO        107.2198 -> 107.2698
107528,3 fw Controll.static OFJKHAFJIMA          0.0016 -> 0.0001
107534,2 fw Controll.static GIPNIMALPEG          0.8753 -> 0.3385
107565,3 fw player          LNIDBHIAJJI             255 -> 4
107565,3 fw player          ACAIGMNLLEC              37 -> 38
107565,3 fw Controll.static GIPNIMALPEG          0.3385 -> 0.9612
107571,3 fw Controll.static NAKNALFCOIF         54.6289 -> 54.7789
107571,3 fw Controll.static IGLCENGMMMJ          6.3983 -> 6.5483
107581,0 fw Controll.static MKFDGFOCKNO        107.2198 -> 107.2698
107581,0 fw Controll.static LEKCBKLAILO        107.2698 -> 107.3198
107581,0 fw Controll.static OFJKHAFJIMA          0.0001 -> 0.0038
107591,4 fw Controll.static GIPNIMALPEG          0.9612 -> 0.4818
107598,4 fw Controll.static NAKNALFCOIF         54.7789 -> 55.2289
107615,1 fw Controll.static GIPNIMALPEG          0.4818 -> 0.9562
107628,6 fw player          HEADELMLILF               1 -> 0
107628,7 fw Controll.static NAKNALFCOIF         55.2289 -> 56.5789
107628,7 fw Controll.static IGLCENGMMMJ          6.5483 -> 5.9483
107633,7 fw Controll.static MKFDGFOCKNO        107.2698 -> 107.3198
107633,7 fw Controll.static LEKCBKLAILO        107.3198 -> 107.3698
107633,7 fw Controll.static OFJKHAFJIMA          0.0038 -> 0.0112
107645,0 fw Controll.static GIPNIMALPEG          0.9562 -> 0.5552
107652,6 fw Controll.static NAKNALFCOIF         56.5789 -> 59.7289
107652,6 fw Controll.static IGLCENGMMMJ          5.9483 -> 5.3483
107668,9 fw Controll.static GIPNIMALPEG          0.5552 -> 0.0323
107677,1 fw Controll.static NAKNALFCOIF         59.7289 -> 66.1789
107677,1 fw Controll.static IGLCENGMMMJ          5.3483 -> 4.7483
107685,2 fw Controll.static MKFDGFOCKNO        107.3198 -> 107.3698
107685,2 fw Controll.static LEKCBKLAILO        107.3698 -> 107.4198
107685,2 fw Controll.static OFJKHAFJIMA          0.0112 -> 0.0015
107694,6 fw Controll.static GIPNIMALPEG          0.0323 -> 0.5462
107700,4 fw Controll.static NAKNALFCOIF         66.1789 -> 73.9789
107700,4 fw Controll.static IGLCENGMMMJ          4.7483 -> 3.9983
107729,0 fw Controll.static GIPNIMALPEG          0.5462 -> 0.2346
107729,0 fw Controll.static NAKNALFCOIF         73.9789 -> 81.9289
107729,0 fw Controll.static IGLCENGMMMJ          3.9983 -> 2.6483
107734,0 fw Controll.static MKFDGFOCKNO        107.3698 -> 107.4198
107734,0 fw Controll.static LEKCBKLAILO        107.4198 -> 107.4698
107746,4 fw Controll.static OFJKHAFJIMA          0.0015 -> 0.0115
107753,2 fw Controll.static GIPNIMALPEG          0.2346 -> 0.7183
107753,2 fw Controll.static NAKNALFCOIF         81.9289 -> 92.2789
107753,2 fw Controll.static IGLCENGMMMJ          2.6483 -> 2.3483
107770,6 fw Controll.static MKFDGFOCKNO        107.4198 -> 107.4698
107770,6 fw Controll.static LEKCBKLAILO        107.4698 -> 107.5198
107770,6 fw Controll.static OFJKHAFJIMA          0.0115 -> 0.0031
107780,2 fw Controll.static GIPNIMALPEG          0.7183 -> 0.2577
107780,2 fw Controll.static NAKNALFCOIF         92.2789 -> 109.6789
107796,8 fw player          ACAIGMNLLEC              38 -> 45
107796,8 fw player          HEADELMLILF               0 -> 1
107806,6 fw Controll.static GIPNIMALPEG          0.2577 -> 0.7862
107806,6 fw Controll.static NAKNALFCOIF        109.6789 -> 121.0789
107813,7 fw player          LNIDBHIAJJI               4 -> 3
107823,9 fw Controll.static MKFDGFOCKNO        107.4698 -> 107.5198
107823,9 fw Controll.static LEKCBKLAILO        107.5198 -> 107.5698
107823,9 fw Controll.static OFJKHAFJIMA          0.0031 -> 0.0062
107832,3 fw Controll.static GIPNIMALPEG          0.7862 -> 0.3004
107832,4 fw Controll.static NAKNALFCOIF        121.0789 -> 128.7289
107853,3 fw Controll.static GIPNIMALPEG          0.3004 -> 0.7189
107853,3 fw Controll.static NAKNALFCOIF        128.7289 -> 133.5289
107862,9 fw player          LNIDBHIAJJI               3 -> 1
107862,9 fw player          ACAIGMNLLEC              45 -> 58
107862,9 fw Controll.static IGLCENGMMMJ          2.3483 -> 2.0483
107869,8 fw Controll.static MKFDGFOCKNO        107.5198 -> 107.5698
107869,8 fw Controll.static LEKCBKLAILO        107.5698 -> 107.6198
107869,8 fw Controll.static OFJKHAFJIMA          0.0062 -> 0.0023
107876,8 fw Controll.static GIPNIMALPEG          0.7189 -> 0.1904
107884,3 fw Controll.static NAKNALFCOIF        133.5289 -> 138.3289
107900,0 fw player          ACAIGMNLLEC              58 -> 74
107900,0 fw Controll.static GIPNIMALPEG          0.1904 -> 0.6541
107905,0 fw Controll.static NAKNALFCOIF        138.3289 -> 141.6289
107905,1 fw Controll.static IGLCENGMMMJ          2.0483 -> 1.7483
107918,4 fw Controll.static GIPNIMALPEG          0.6541 -> 0.021
107928,7 fw Controll.static NAKNALFCOIF        141.6289 -> 143.4289
107928,7 fw Controll.static IGLCENGMMMJ          1.7483 -> 1.4483
107934,5 fw Controll.static MKFDGFOCKNO        107.5698 -> 107.6198
107934,5 fw Controll.static LEKCBKLAILO        107.6198 -> 107.6698
107934,5 fw Controll.static OFJKHAFJIMA          0.0023 -> 0.0009
107945,2 fw Controll.static GIPNIMALPEG           0.021 -> 0.5583
107950,7 fw Controll.static NAKNALFCOIF        143.4289 -> 145.2289
107950,7 fw Controll.static IGLCENGMMMJ          1.4483 -> 0.9983
107965,6 fw player          ACAIGMNLLEC              74 -> 90
107965,7 fw Controll.static GIPNIMALPEG          0.5583 -> 0.9666
107977,4 fw Controll.static NAKNALFCOIF        145.2289 -> 146.1289
107977,4 fw Controll.static DGNDKAKOEPD          940266 -> 941215
107977,4 fw Controll.static BEJBLGGGOCC       338519422 -> 338520414
107977,4 fw Controll.static JELGPAKAJPE             149 -> 97
107977,4 fw Controll.static EENJPDHGGGC        106.7203 -> 107.6684
107980,8 fw Controll.static MKFDGFOCKNO        107.6198 -> 107.6698
107980,8 fw Controll.static LEKCBKLAILO        107.6698 -> 107.7198
107980,8 fw Controll.static OFJKHAFJIMA          0.0009 -> 0.0096
107993,0 fw Controll.static GIPNIMALPEG          0.9666 -> 0.5132
107997,3 fw player          ACAIGMNLLEC              90 -> 96
107997,4 fw Controll.static NAKNALFCOIF        146.1289 -> 146.7289
108029,7 fw Controll.static GIPNIMALPEG          0.5132 -> 0.2474
108029,7 fw Controll.static NAKNALFCOIF        146.7289 -> 148.2289
108032,5 fw player          ACAIGMNLLEC              96 -> 101
108032,6 fw Controll.static MKFDGFOCKNO        107.6698 -> 107.7198
108032,6 fw Controll.static LEKCBKLAILO        107.7198 -> 107.7698
108042,9 fw Controll.static OFJKHAFJIMA          0.0096 -> 0.0005
108047,9 fw Controll.static GIPNIMALPEG          0.2474 -> 0.6109
108047,9 fw Controll.static NAKNALFCOIF        148.2289 -> 148.9789
108047,9 fw Controll.static IGLCENGMMMJ          0.9983 -> 1.1483
108072,8 fw Controll.static GIPNIMALPEG          0.6109 -> 0.109
108072,8 fw Controll.static NAKNALFCOIF        148.9789 -> 150.1789
108072,8 fw Controll.static IGLCENGMMMJ          1.1483 -> 1.2983
108088,8 fw Controll.static MKFDGFOCKNO        107.7198 -> 107.7698
108088,8 fw Controll.static LEKCBKLAILO        107.7698 -> 107.8198
108088,8 fw Controll.static OFJKHAFJIMA          0.0005 -> 0.0051
108094,1 fw Controll.static GIPNIMALPEG           0.109 -> 0.5355
108094,1 fw Controll.static NAKNALFCOIF        150.1789 -> 151.6789
108094,1 fw Controll.static IGLCENGMMMJ          1.2983 -> 1.4483
108102,3 fw player          LNIDBHIAJJI               1 -> 0
108102,4 fw player          ACAIGMNLLEC             101 -> 103
108115,8 fw Controll.static GIPNIMALPEG          0.5355 -> 0.9681
108115,8 fw Controll.static NAKNALFCOIF        151.6789 -> 154.0789
108131,3 fw Controll.static MKFDGFOCKNO        107.7698 -> 107.8198
108131,3 fw Controll.static LEKCBKLAILO        107.8198 -> 107.8699
108131,3 fw Controll.static OFJKHAFJIMA          0.0051 -> 0.0067
108139,0 fw Controll.static GIPNIMALPEG          0.9681 -> 0.4316
108139,0 fw Controll.static NAKNALFCOIF        154.0789 -> 156.4789
108153,1 fw player          ACAIGMNLLEC             103 -> 105
108159,0 fw Controll.static GIPNIMALPEG          0.4316 -> 0.834
108166,7 fw Controll.static NAKNALFCOIF        156.4789 -> 159.6289
108172,5 fw Controll.static MKFDGFOCKNO        107.8198 -> 107.8699
108172,5 fw Controll.static LEKCBKLAILO        107.8699 -> 107.9199
108172,5 fw Controll.static OFJKHAFJIMA          0.0067 -> 0.0049
108181,1 fw Controll.static GIPNIMALPEG           0.834 -> 0.2741
108184,5 fw Controll.static NAKNALFCOIF        159.6289 -> 162.3289
108198,5 fw player          ACAIGMNLLEC             105 -> 106
108198,5 fw Controll.static GIPNIMALPEG          0.2741 -> 0.6227
108210,3 fw Controll.static NAKNALFCOIF        162.3289 -> 166.6789
108226,4 fw Controll.static GIPNIMALPEG          0.6227 -> 0.18
108229,2 fw Controll.static NAKNALFCOIF        166.6789 -> 169.8289
108239,1 fw Controll.static MKFDGFOCKNO        107.8699 -> 107.9199
108239,1 fw Controll.static LEKCBKLAILO        107.9199 -> 107.9699
108239,2 fw Controll.static OFJKHAFJIMA          0.0049 -> 0.0088
108244,3 fw Controll.static GIPNIMALPEG            0.18 -> 0.539
108252,9 fw Controll.static NAKNALFCOIF        169.8289 -> 170.5789
108265,1 fw Controll.static GIPNIMALPEG           0.539 -> 0.9545
108276,5 fw player          LNIDBHIAJJI               0 -> 1
108276,5 fw player          ACAIGMNLLEC             106 -> 110
108276,5 fw Controll.static MKFDGFOCKNO        107.9199 -> 107.9699
108276,5 fw Controll.static LEKCBKLAILO        107.9699 -> 108.0199
108276,5 fw Controll.static OFJKHAFJIMA          0.0088 -> 0.003
108292,7 fw Controll.static GIPNIMALPEG          0.9545 -> 0.5061
108292,7 fw Controll.static IGLCENGMMMJ          1.4483 -> 1.7483
108311,5 fw Controll.static GIPNIMALPEG          0.5061 -> 0.8817
108311,5 fw Controll.static NAKNALFCOIF        170.5789 -> 169.8289
108311,5 fw Controll.static IGLCENGMMMJ          1.7483 -> 2.1983
108318,9 fw player          ACAIGMNLLEC             110 -> 114
108325,1 fw Controll.static MKFDGFOCKNO        107.9699 -> 108.0199
108325,1 fw Controll.static LEKCBKLAILO        108.0199 -> 108.0699
108325,1 fw Controll.static OFJKHAFJIMA           0.003 -> 0.0012
108331,7 fw Controll.static GIPNIMALPEG          0.8817 -> 0.287
108331,7 fw Controll.static NAKNALFCOIF        169.8289 -> 166.3789
108331,7 fw Controll.static IGLCENGMMMJ          2.1983 -> 2.7983
108349,5 fw player          ACAIGMNLLEC             114 -> 120
108349,6 fw Controll.static GIPNIMALPEG           0.287 -> 0.6436
108349,6 fw Controll.static NAKNALFCOIF        166.3789 -> 161.7289
108349,6 fw Controll.static IGLCENGMMMJ          2.7983 -> 2.9483
108375,4 fw Controll.static GIPNIMALPEG          0.6436 -> 0.1595
108375,4 fw Controll.static NAKNALFCOIF        161.7289 -> 149.1289
108392,7 fw Controll.static MKFDGFOCKNO        108.0199 -> 108.0699
108392,8 fw Controll.static LEKCBKLAILO        108.0699 -> 108.1199
108392,8 fw Controll.static OFJKHAFJIMA          0.0012 -> 0.0078
108396,3 fw player          ACAIGMNLLEC             120 -> 121
108396,3 fw Controll.static GIPNIMALPEG          0.1595 -> 0.5787
108396,3 fw Controll.static NAKNALFCOIF        149.1289 -> 132.4789
108425,0 fw Controll.static GIPNIMALPEG          0.5787 -> 0.1518
108431,9 fw Controll.static NAKNALFCOIF        132.4789 -> 103.6789
108441,2 fw player          ACAIGMNLLEC             121 -> 120
108441,2 fw Controll.static MKFDGFOCKNO        108.0699 -> 108.1199
108441,2 fw Controll.static LEKCBKLAILO        108.1199 -> 108.1699
108441,2 fw Controll.static OFJKHAFJIMA          0.0078 -> 0.0075
108449,7 fw Controll.static GIPNIMALPEG          0.1518 -> 0.6452
108457,8 fw Controll.static NAKNALFCOIF        103.6789 -> 73.3789
108475,9 fw Controll.static GIPNIMALPEG          0.6452 -> 0.1705
108480,7 fw Controll.static NAKNALFCOIF         73.3789 -> 58.9789
108493,2 fw Controll.static MKFDGFOCKNO        108.1199 -> 108.1699
108493,2 fw Controll.static LEKCBKLAILO        108.1699 -> 108.2199
108493,2 fw Controll.static OFJKHAFJIMA          0.0075 -> 0.0084
108499,4 fw Controll.static GIPNIMALPEG          0.1705 -> 0.6397
108513,1 fw Controll.static NAKNALFCOIF         58.9789 -> 36.1789
108517,7 fw Controll.static MKFDGFOCKNO        108.1699 -> 108.2199
108517,7 fw Controll.static LEKCBKLAILO        108.2199 -> 108.2699
108517,7 fw Controll.static OFJKHAFJIMA          0.0084 -> 0.0001
108530,0 fw Controll.static GIPNIMALPEG          0.6397 -> 0.2523
108534,5 fw player          LNIDBHIAJJI               1 -> 2
108534,5 fw player          ACAIGMNLLEC             120 -> 78
108534,6 fw Controll.static NAKNALFCOIF         36.1789 -> 25.0789
108551,2 fw Controll.static GIPNIMALPEG          0.2523 -> 0.6753
108562,0 fw Controll.static NAKNALFCOIF         25.0789 -> 18.0289
108581,2 fw Controll.static GIPNIMALPEG          0.6753 -> 0.2764
108581,2 fw Controll.static NAKNALFCOIF         18.0289 -> 15.9289
108593,5 fw Controll.static MKFDGFOCKNO        108.2199 -> 108.2699
108593,5 fw Controll.static LEKCBKLAILO        108.2699 -> 108.3199
108597,3 fw Controll.static OFJKHAFJIMA          0.0001 -> 0.0106
108607,6 fw Controll.static GIPNIMALPEG          0.2764 -> 0.8027
108607,6 fw Controll.static NAKNALFCOIF         15.9289 -> 12.9289
108621,4 fw player          ACAIGMNLLEC              78 -> 41
108621,4 fw Controll.static MKFDGFOCKNO        108.2699 -> 108.3199
108621,4 fw Controll.static LEKCBKLAILO        108.3199 -> 108.3699
108621,4 fw Controll.static OFJKHAFJIMA          0.0106 -> 0.0036
108626,5 fw Controll.static GIPNIMALPEG          0.8027 -> 0.1805
108626,5 fw Controll.static NAKNALFCOIF         12.9289 -> 9.4789
108649,1 fw player          ACAIGMNLLEC              41 -> 22
108649,1 fw Controll.static GIPNIMALPEG          0.1805 -> 0.6344
108649,2 fw Controll.static NAKNALFCOIF          9.4789 -> 6.9289
108667,9 fw Controll.static GIPNIMALPEG          0.6344 -> 0.0099
108668,0 fw Controll.static NAKNALFCOIF          6.9289 -> 3.4789
108682,5 fw Controll.static MKFDGFOCKNO        108.3199 -> 108.3699
108682,5 fw Controll.static LEKCBKLAILO        108.3699 -> 108.4199
108682,5 fw Controll.static OFJKHAFJIMA          0.0036 -> 0.0002
108692,8 fw Controll.static GIPNIMALPEG          0.0099 -> 0.5081
108692,8 fw Controll.static NAKNALFCOIF          3.4789 -> 0.1789
108709,7 fw player          ACAIGMNLLEC              22 -> 12
108709,8 fw Controll.static GIPNIMALPEG          0.5081 -> 0.846
108719,0 fw Controll.static NAKNALFCOIF          0.1789 -> -4.1711
108725,3 fw Controll.static MKFDGFOCKNO        108.3699 -> 108.4199
108725,3 fw Controll.static LEKCBKLAILO        108.4199 -> 108.4699
108725,3 fw Controll.static OFJKHAFJIMA          0.0002 -> 0.0014
108732,6 fw Controll.static GIPNIMALPEG           0.846 -> 0.3025
108736,4 fw Controll.static NAKNALFCOIF         -4.1711 -> -6.8711
108749,6 fw Controll.static GIPNIMALPEG          0.3025 -> 0.6439
108758,8 fw player          ACAIGMNLLEC              12 -> 7
108758,8 fw Controll.static NAKNALFCOIF         -6.8711 -> -9.1211
108774,5 fw Controll.static GIPNIMALPEG          0.6439 -> 0.1405
108777,7 fw Controll.static NAKNALFCOIF         -9.1211 -> -9.4211
108789,4 fw player          ACAIGMNLLEC               7 -> 2
108789,4 fw Controll.static MKFDGFOCKNO        108.4199 -> 108.4699
108789,4 fw Controll.static LEKCBKLAILO        108.4699 -> 108.5199
108789,4 fw Controll.static OFJKHAFJIMA          0.0014 -> 0.0067
108791,7 fw Controll.static GIPNIMALPEG          0.1405 -> 0.4853
108812,7 fw Controll.static GIPNIMALPEG          0.4853 -> 0.9046
108825,0 fw Controll.static MKFDGFOCKNO        108.4699 -> 108.5199
108825,0 fw Controll.static LEKCBKLAILO        108.5199 -> 108.5699
108825,0 fw Controll.static OFJKHAFJIMA          0.0067 -> 0.0006
108839,4 fw Controll.static GIPNIMALPEG          0.9046 -> 0.4388
108843,2 fw player          ACAIGMNLLEC               2 -> 253
108858,2 fw Controll.static GIPNIMALPEG          0.4388 -> 0.816
108858,3 fw Controll.static NAKNALFCOIF         -9.4211 -> -7.4711
108870,2 fw Controll.static MKFDGFOCKNO        108.5199 -> 108.5699
108870,2 fw Controll.static LEKCBKLAILO        108.5699 -> 108.6199
108870,2 fw Controll.static OFJKHAFJIMA          0.0006 -> 0.0025
108876,3 fw Controll.static GIPNIMALPEG           0.816 -> 0.1769
108876,3 fw Controll.static NAKNALFCOIF         -7.4711 -> -3.1211
108876,3 fw Controll.static IGLCENGMMMJ          2.9483 -> 2.3483
108894,3 fw Controll.static GIPNIMALPEG          0.1769 -> 0.5367
108894,3 fw Controll.static NAKNALFCOIF         -3.1211 -> 2.7289
108894,3 fw Controll.static IGLCENGMMMJ          2.3483 -> 1.4483
108901,0 fw player          ACAIGMNLLEC             253 -> 249
108913,9 fw Controll.static GIPNIMALPEG          0.5367 -> 0.9286
108913,9 fw Controll.static NAKNALFCOIF          2.7289 -> 13.2289
108913,9 fw Controll.static IGLCENGMMMJ          1.4483 -> -0.5017
108929,0 fw Controll.static MKFDGFOCKNO        108.5699 -> 108.6199
108929,0 fw Controll.static LEKCBKLAILO        108.6199 -> 108.67
108929,0 fw Controll.static OFJKHAFJIMA          0.0025 -> 0.0004
108932,0 fw Controll.static GIPNIMALPEG          0.9286 -> 0.2905
108932,0 fw Controll.static NAKNALFCOIF         13.2289 -> 20.7289
108941,8 fw Controll.static IGLCENGMMMJ         -0.5017 -> -1.5517
108957,2 fw Controll.static GIPNIMALPEG          0.2905 -> 0.7952
108961,7 fw player          HEADELMLILF               1 -> 0
108961,7 fw Controll.static NAKNALFCOIF         20.7289 -> 34.3789
108961,7 fw Controll.static IGLCENGMMMJ         -1.5517 -> -1.7017
108974,1 fw Controll.static MKFDGFOCKNO        108.6199 -> 108.67
108974,1 fw Controll.static LEKCBKLAILO          108.67 -> 108.72
108974,1 fw Controll.static OFJKHAFJIMA          0.0004 -> 0.0064
108977,8 fw Controll.static GIPNIMALPEG          0.7952 -> 0.2064
108977,8 fw Controll.static LCMOBPPHLLM               0 -> 0.485
108990,1 fw Controll.static NAKNALFCOIF         34.3789 -> 42.4789
108990,1 fw Controll.static EPEEFBDJAHO               0 -> 1
108990,1 fw Controll.static JEOINCHFPCC               0 -> -1
108990,1 fw Controll.static DGNDKAKOEPD          941215 -> 942223
108990,1 fw Controll.static BEJBLGGGOCC       338520414 -> 338521417
108990,1 fw Controll.static JELGPAKAJPE              97 -> 104
108990,1 fw Controll.static EENJPDHGGGC        107.6684 -> 108.6767
108995,2 fw player          LNIDBHIAJJI               2 -> 1
108995,2 fw player          ACAIGMNLLEC             249 -> 252
108995,2 fw player          HEADELMLILF               0 -> 1
109006,2 fw Controll.static GIPNIMALPEG          0.2064 -> 0.7743
109012,5 fw Controll.static NAKNALFCOIF         42.4789 -> 48.3289
109023,8 fw Controll.static MKFDGFOCKNO          108.67 -> 108.72
109023,8 fw Controll.static LEKCBKLAILO          108.72 -> 108.77
109023,8 fw Controll.static OFJKHAFJIMA          0.0064 -> 0.0061
109030,2 fw Controll.static GIPNIMALPEG          0.7743 -> 0.2532
109042,6 fw player          FGFKPMPLNKO        100.4312 -> 104.286
109042,6 fw Controll.static NAKNALFCOIF         48.3289 -> 53.2789
109059,8 fw player          LNIDBHIAJJI               1 -> 255
109059,8 fw player          ACAIGMNLLEC             252 -> 9
109059,8 fw Controll.static GIPNIMALPEG          0.2532 -> 0.8466
109064,4 fw Controll.static NAKNALFCOIF         53.2789 -> 54.7789
109076,5 fw Controll.static GCHFDAPNBNB               0 -> 1
109076,5 fw Controll.static IPCNAHJLMAP               0 -> 1
109076,5 fw Controll.static MKFDGFOCKNO          108.72 -> 108.77
109076,5 fw Controll.static LEKCBKLAILO          108.77 -> 108.82
109076,5 fw Controll.static OFJKHAFJIMA          0.0061 -> 0.0089
109082,7 fw Controll.static GIPNIMALPEG          0.8466 -> 0.3047
109094,1 fw Controll.static NAKNALFCOIF         54.7789 -> 55.9789
109116,7 fw Controll.static GIPNIMALPEG          0.3047 -> 0.9843
109116,7 fw Controll.static NAKNALFCOIF         55.9789 -> 56.2789
109127,5 fw player          HIDMDLLHEKO               0 -> 1
109127,6 fw player          IGBIBDAMMLE               3 -> 4
109127,6 fw player          BCHEAICMFGH         95.5216 -> 104.0026
109127,6 fw player          LNIDBHIAJJI             255 -> 254
109127,6 fw player          ACAIGMNLLEC               9 -> 26
109127,6 fw player          CLOEJLAOIGI               0 -> 1
109127,6 fw Controll.static GCHFDAPNBNB               1 -> 0
109127,6 fw Controll.static IPCNAHJLMAP               1 -> 0
109127,6 fw Controll.static MKFDGFOCKNO          108.77 -> 108.82
109127,6 fw Controll.static LEKCBKLAILO          108.82 -> 108.87
109133,3 fw Controll.static OFJKHAFJIMA          0.0089 -> 0.0099
109143,8 fw Controll.static GIPNIMALPEG          0.9843 -> 0.5271
109143,9 fw Controll.static LCMOBPPHLLM           0.485 -> 0.2425
109143,9 fw Controll.static NAKNALFCOIF         56.2789 -> 56.5789
109166,3 fw Controll.static GIPNIMALPEG          0.5271 -> 0.975
109166,3 fw Controll.static NAKNALFCOIF         56.5789 -> 56.7289
109181,4 fw player          LBKINNIDKEC               1 -> 0
109181,4 fw player          ACAIGMNLLEC              26 -> 35
109181,4 fw Controll.static MKFDGFOCKNO          108.82 -> 108.87
109181,4 fw Controll.static LEKCBKLAILO          108.87 -> 108.92
109181,4 fw Controll.static OFJKHAFJIMA          0.0099 -> 0.0072
109190,9 fw player          FDOJDJLIGLF              10 -> 100
109191,0 fw Controll.static GIPNIMALPEG           0.975 -> 0.4693
109198,2 fw player          HIDMDLLHEKO               1 -> 4
109198,3 fw player          BDHNEDFEHBA              64 -> 0
109198,3 fw player          ACAIGMNLLEC              35 -> 39
109214,9 fw Controll.static GIPNIMALPEG          0.4693 -> 0.9487
109231,4 fw player          IGBIBDAMMLE               4 -> 0
109231,4 fw player          BCHEAICMFGH        104.0026 -> 104.1077
109231,4 fw Controll.static MKFDGFOCKNO          108.87 -> 108.92
109231,4 fw Controll.static LEKCBKLAILO          108.92 -> 108.97
109240,8 fw Controll.static GIPNIMALPEG          0.9487 -> 0.4656
109257,0 fw player          ACAIGMNLLEC              39 -> 40
109264,9 fw player          HIDMDLLHEKO               4 -> 1
109264,9 fw Controll.static GIPNIMALPEG          0.4656 -> 0.9471
109281,7 fw player          FDOJDJLIGLF             100 -> 70
109281,8 fw Controll.static MKFDGFOCKNO          108.92 -> 108.97
109281,8 fw Controll.static LEKCBKLAILO          108.97 -> 109.02
109281,8 fw Controll.static OFJKHAFJIMA          0.0072 -> 0.006
109291,2 fw player          HEADELMLILF               1 -> 0
109291,2 fw Controll.static GIPNIMALPEG          0.9471 -> 0.4737
109315,3 fw Controll.static GIPNIMALPEG          0.4737 -> 0.9561
109324,4 fw player          IGBIBDAMMLE               0 -> 1
109324,5 fw player          BCHEAICMFGH        104.1077 -> 104.2082
109332,4 fw Controll.static MKFDGFOCKNO          108.97 -> 109.02
109332,4 fw Controll.static LEKCBKLAILO          109.02 -> 109.07
109332,4 fw Controll.static OFJKHAFJIMA           0.006 -> 0.0067
109341,2 fw player          HOJIIOCKKLO              -1 -> 1
109341,2 fw Controll.static GIPNIMALPEG          0.9561 -> 0.473
109365,0 fw Controll.static GIPNIMALPEG           0.473 -> 0.9486
109380,9 fw Controll.static MKFDGFOCKNO          109.02 -> 109.07
109380,9 fw Controll.static LEKCBKLAILO          109.07 -> 109.12
109391,0 fw Controll.static GIPNIMALPEG          0.9486 -> 0.4688
109423,4 fw Controll.static GIPNIMALPEG          0.4688 -> 0.1162
109432,7 fw player          IGBIBDAMMLE               1 -> 2
109432,7 fw player          BCHEAICMFGH        104.2082 -> 104.316
109432,8 fw Controll.static MKFDGFOCKNO          109.07 -> 109.1201
109432,8 fw Controll.static LEKCBKLAILO          109.12 -> 109.1701
109438,7 fw Controll.static OFJKHAFJIMA          0.0067 -> 0.0056
109448,4 fw Controll.static GIPNIMALPEG          0.1162 -> 0.6172
109473,3 fw Controll.static GIPNIMALPEG          0.6172 -> 0.1145
109491,8 fw Controll.static MKFDGFOCKNO        109.1201 -> 109.1701
109491,8 fw Controll.static LEKCBKLAILO        109.1701 -> 109.2201
109497,9 fw Controll.static GIPNIMALPEG          0.1145 -> 0.6065
109508,1 fw player          FGFKPMPLNKO         104.286 -> 104.997
109525,3 fw Controll.static GIPNIMALPEG          0.6065 -> 0.1534
109541,1 fw Controll.static MKFDGFOCKNO        109.1701 -> 109.2201
109541,1 fw Controll.static LEKCBKLAILO        109.2201 -> 109.2701
109541,1 fw Controll.static OFJKHAFJIMA          0.0056 -> 0.0075
109546,1 fw player          IGBIBDAMMLE               2 -> 3
109546,1 fw player          BCHEAICMFGH         104.316 -> 104.4167
109546,1 fw Controll.static GIPNIMALPEG          0.1534 -> 0.5703
109546,1 fw Controll.static NAKNALFCOIF         56.7289 -> 56.8789
109577,4 fw Controll.static GIPNIMALPEG          0.5703 -> 0.1966
109583,5 fw Controll.static NAKNALFCOIF         56.8789 -> 59.1289
109595,5 fw Controll.static MKFDGFOCKNO        109.2201 -> 109.2701
109595,5 fw Controll.static LEKCBKLAILO        109.2701 -> 109.3201
109595,5 fw Controll.static OFJKHAFJIMA          0.0075 -> 0.0096
109598,5 fw Controll.static GIPNIMALPEG          0.1966 -> 0.6185
109612,0 fw Controll.static NAKNALFCOIF         59.1289 -> 71.1289
109629,4 fw Controll.static GIPNIMALPEG          0.6185 -> 0.2368
109635,3 fw Controll.static NAKNALFCOIF         71.1289 -> 88.2289
109635,3 fw Controll.static EPEEFBDJAHO               1 -> 0
109646,5 fw player          IGBIBDAMMLE               3 -> 4
109646,5 fw player          BCHEAICMFGH        104.4167 -> 104.5206
109646,5 fw Controll.static MKFDGFOCKNO        109.2701 -> 109.3201
109646,5 fw Controll.static LEKCBKLAILO        109.3201 -> 109.3701
109646,5 fw Controll.static OFJKHAFJIMA          0.0096 -> 0.0117
109655,9 fw Controll.static GIPNIMALPEG          0.2368 -> 0.7656
109661,5 fw Controll.static NAKNALFCOIF         88.2289 -> 110.5789
109673,7 fw player          FDOJDJLIGLF              70 -> 30
109673,7 fw Controll.static MKFDGFOCKNO        109.3201 -> 109.3701
109673,7 fw Controll.static LEKCBKLAILO        109.3701 -> 109.4201
109673,7 fw Controll.static OFJKHAFJIMA          0.0117 -> 0.0059
109679,4 fw Controll.static GIPNIMALPEG          0.7656 -> 0.2348
109690,3 fw Controll.static NAKNALFCOIF        110.5789 -> 139.5289
109706,2 fw Controll.static GIPNIMALPEG          0.2348 -> 0.7714
109715,1 fw Controll.static NAKNALFCOIF        139.5289 -> 157.0789
109723,7 fw player          ACAIGMNLLEC              40 -> 41
109723,7 fw player          HEADELMLILF               0 -> 1
109723,7 fw Controll.static MKFDGFOCKNO        109.3701 -> 109.4201
109723,7 fw Controll.static LEKCBKLAILO        109.4201 -> 109.4701
109739,9 fw player          IGBIBDAMMLE               4 -> 0
109739,9 fw player          BCHEAICMFGH        104.5206 -> 104.621
109739,9 fw Controll.static GIPNIMALPEG          0.7714 -> 0.4456
109739,9 fw Controll.static NAKNALFCOIF        157.0789 -> 168.6289
109760,2 fw player          FDOJDJLIGLF              30 -> 10
109760,2 fw Controll.static GIPNIMALPEG          0.4456 -> 0.7389
109760,2 fw Controll.static LCMOBPPHLLM          0.2425 -> 0
109760,2 fw Controll.static NAKNALFCOIF        168.6289 -> 172.9789
109772,7 fw player          HIDMDLLHEKO               1 -> 5
109772,7 fw player          MHCOJFIAGLP               7 -> 8
109772,7 fw Controll.static JGNLBAMNEBA               0 -> 1
109772,7 fw Controll.static HCOLPFEEENG               0 -> 1
109772,7 fw Controll.static EGDKJEFGFIC               0 -> 1
109775,6 fw Controll.static OFJKHAFJIMA          0.0059 -> 0.008
109803,4 fw Controll.static OFJKHAFJIMA           0.008 -> 0.0358
109823,1 fw Controll.static OFJKHAFJIMA          0.0358 -> 0
109837,3 fw player          IGBIBDAMMLE               0 -> 1
109837,3 fw player          BCHEAICMFGH         104.621 -> 104.7218
109948,9 fw player          IGBIBDAMMLE               1 -> 2
109948,9 fw player          BCHEAICMFGH        104.7218 -> 104.8263
110046,0 fw player          IGBIBDAMMLE               2 -> 3
110046,0 fw player          BCHEAICMFGH        104.8263 -> 104.9344
110153,5 fw player          IGBIBDAMMLE               3 -> 4
110153,5 fw player          BCHEAICMFGH        104.9344 -> 105.0361
110274,3 fw player          IGBIBDAMMLE               4 -> 0
110274,3 fw player          BCHEAICMFGH        105.0361 -> 105.14
110354,8 fw player          IGBIBDAMMLE               0 -> 1
110354,9 fw player          BCHEAICMFGH          105.14 -> 105.2417
110464,6 fw player          IGBIBDAMMLE               1 -> 2
110464,6 fw player          BCHEAICMFGH        105.2417 -> 105.3447
110571,9 fw player          IGBIBDAMMLE               2 -> 3
110571,9 fw player          BCHEAICMFGH        105.3447 -> 105.4482
110669,6 fw player          IGBIBDAMMLE               3 -> 4
110669,6 fw player          BCHEAICMFGH        105.4482 -> 105.5512
110770,7 fw player          IGBIBDAMMLE               4 -> 0
110770,7 fw player          BCHEAICMFGH        105.5512 -> 105.6571
110872,3 fw player          IGBIBDAMMLE               0 -> 1
110884,2 fw player          BCHEAICMFGH        105.6571 -> 105.76
110986,9 fw player          IGBIBDAMMLE               1 -> 2
110986,9 fw player          BCHEAICMFGH          105.76 -> 105.8644
111088,1 fw Controll.static GLGCAOADGMN               1 -> 0
111097,7 fw player          IGBIBDAMMLE               2 -> 3
111097,7 fw player          BCHEAICMFGH        105.8644 -> 105.9731
111192,6 fw player          IGBIBDAMMLE               3 -> 4
111192,6 fw player          BCHEAICMFGH        105.9731 -> 106.0778
111294,7 fw player          IGBIBDAMMLE               4 -> 0
111294,7 fw player          BCHEAICMFGH        106.0778 -> 106.1802
111402,6 fw player          IGBIBDAMMLE               0 -> 1
111402,6 fw player          BCHEAICMFGH        106.1802 -> 106.2837
111505,2 fw player          IGBIBDAMMLE               1 -> 2
111505,2 fw player          BCHEAICMFGH        106.2837 -> 106.3847
111611,2 fw player          IGBIBDAMMLE               2 -> 3
111616,5 fw player          BCHEAICMFGH        106.3847 -> 106.4919
111717,0 fw player          IGBIBDAMMLE               3 -> 4
111717,0 fw player          BCHEAICMFGH        106.4919 -> 106.5969
111766,3 fw player          CIPOBFGAMOP          99.942 -> 106.541
111766,3 fw player          OLOOMMIKDPJ          99.942 -> 106.541
111766,3 fw player          LBKINNIDKEC               0 -> 1
111766,3 fw player          BDHNEDFEHBA               0 -> 64
111766,3 fw player          ACAIGMNLLEC              41 -> 64
111766,3 fw player          LCPGFBMKNHJ             999 -> 1
111766,3 fw player          CGHKKDBILGF               1 -> 0
111766,3 fw Controll.static MNHBPCOOMLE          940080 -> 945250
111766,3 fw Controll.static GIPNIMALPEG          0.7389 -> 0.0045
111766,3 fw Controll.static LCMOBPPHLLM               0 -> 0.485
111770,4 fw player          HIDMDLLHEKO               5 -> 1
111770,4 fw Controll.static NAKNALFCOIF        172.9789 -> 90
111770,4 fw Controll.static EPEEFBDJAHO               0 -> 1
111770,4 fw Controll.static JEOINCHFPCC              -1 -> 1
111770,4 fw Controll.static GCHFDAPNBNB               0 -> 1
111783,4 fw player          LCPGFBMKNHJ               1 -> 999
111783,4 fw player          CGHKKDBILGF               0 -> 1
111783,4 fw Controll.static JGNLBAMNEBA               1 -> 0
111783,4 fw Controll.static HCOLPFEEENG               1 -> 0
111783,4 fw Controll.static EGDKJEFGFIC               1 -> 0
111783,5 fw Controll.static IPCNAHJLMAP               0 -> 1
111783,5 fw Controll.static MKFDGFOCKNO        109.4201 -> 111.4686
111783,5 fw Controll.static LEKCBKLAILO        109.4701 -> 111.5186
111788,7 fw Controll.static GIPNIMALPEG          0.0045 -> 0.4534
111799,8 fw player          HOJIIOCKKLO               1 -> -1
111817,3 fw player          IGBIBDAMMLE               4 -> 0
111817,3 fw player          BCHEAICMFGH        106.5969 -> 106.7004
111817,3 fw Controll.static GIPNIMALPEG          0.4534 -> 0.024
111824,8 fw Controll.static LCMOBPPHLLM           0.485 -> 0.2425
111834,1 fw Controll.static GCHFDAPNBNB               1 -> 0
111834,2 fw Controll.static IPCNAHJLMAP               1 -> 0
111834,2 fw Controll.static MKFDGFOCKNO        111.4686 -> 111.5186
111834,2 fw Controll.static LEKCBKLAILO        111.5186 -> 111.5686
111834,2 fw Controll.static OFJKHAFJIMA               0 -> 0.001
111840,6 fw Controll.static GIPNIMALPEG           0.024 -> 0.4905
111874,0 fw Controll.static GIPNIMALPEG          0.4905 -> 0.158
111884,6 fw Controll.static MKFDGFOCKNO        111.5186 -> 111.5686
111884,6 fw Controll.static LEKCBKLAILO        111.5686 -> 111.6186
111902,0 fw player          HEADELMLILF               1 -> 0
111902,0 fw Controll.static GIPNIMALPEG           0.158 -> 0.7191
111911,0 fw player          HIDMDLLHEKO               1 -> 4
111917,9 fw player          BDHNEDFEHBA              64 -> 0
111917,9 fw Controll.static MKFDGFOCKNO        111.5686 -> 111.6186
111917,9 fw Controll.static LEKCBKLAILO        111.6186 -> 111.6686
111917,9 fw Controll.static OFJKHAFJIMA           0.001 -> 0.0016
111926,0 fw player          IGBIBDAMMLE               0 -> 1
111926,0 fw player          BCHEAICMFGH        106.7004 -> 106.8019
111926,0 fw Controll.static GIPNIMALPEG          0.7191 -> 0.198
111935,7 # net: TcpClient.Connected = True
111941,7 fw player          HIDMDLLHEKO               4 -> 1
111952,6 fw Controll.static GIPNIMALPEG           0.198 -> 0.729
111970,0 fw Controll.static MKFDGFOCKNO        111.6186 -> 111.6686
111970,0 fw Controll.static LEKCBKLAILO        111.6686 -> 111.7186
111970,0 fw Controll.static OFJKHAFJIMA          0.0016 -> 0.0038
111975,6 fw player          FGFKPMPLNKO         104.997 -> 107.476
111975,6 fw Controll.static GIPNIMALPEG           0.729 -> 0.189
112003,9 fw Controll.static GIPNIMALPEG           0.189 -> 0.7563
112021,4 fw player          IGBIBDAMMLE               1 -> 2
112021,4 fw player          BCHEAICMFGH        106.8019 -> 106.9024
112021,5 fw Controll.static MKFDGFOCKNO        111.6686 -> 111.7186
112021,5 fw Controll.static LEKCBKLAILO        111.7186 -> 111.7686
112021,5 fw Controll.static OFJKHAFJIMA          0.0038 -> 0.0052
112031,3 fw Controll.static GIPNIMALPEG          0.7563 -> 0.3036
112053,4 fw Controll.static GIPNIMALPEG          0.3036 -> 0.7464
112073,3 fw Controll.static MKFDGFOCKNO        111.7186 -> 111.7686
112073,3 fw Controll.static LEKCBKLAILO        111.7686 -> 111.8186
112073,3 fw Controll.static OFJKHAFJIMA          0.0052 -> 0.0069
112081,1 fw Controll.static GIPNIMALPEG          0.7464 -> 0.2987
112106,0 fw Controll.static GIPNIMALPEG          0.2987 -> 0.7961
112122,7 fw Controll.static MKFDGFOCKNO        111.7686 -> 111.8186
112122,7 fw Controll.static LEKCBKLAILO        111.8186 -> 111.8686
112122,7 fw Controll.static OFJKHAFJIMA          0.0069 -> 0
112133,5 fw Controll.static GIPNIMALPEG          0.7961 -> 0.3465
112139,8 fw player          IGBIBDAMMLE               2 -> 3
112139,8 fw player          BCHEAICMFGH        106.9024 -> 107.0085
112139,8 fw Controll.static DGNDKAKOEPD          942223 -> 945371
112139,8 fw Controll.static BEJBLGGGOCC       338521417 -> 338524567
112139,8 fw Controll.static JELGPAKAJPE             104 -> 101
112139,8 fw Controll.static EENJPDHGGGC        108.6767 -> 111.8253
112156,6 fw Controll.static GIPNIMALPEG          0.3465 -> 0.8091
112174,4 fw Controll.static MKFDGFOCKNO        111.8186 -> 111.8687
112174,4 fw Controll.static LEKCBKLAILO        111.8686 -> 111.9187
112174,4 fw Controll.static OFJKHAFJIMA               0 -> 0.008
112191,3 fw Controll.static GIPNIMALPEG          0.8091 -> 0.5033
112217,2 fw Controll.static GIPNIMALPEG          0.5033 -> 0.0208
112217,2 fw Controll.static JEOINCHFPCC               1 -> 0
112234,8 fw player          IGBIBDAMMLE               3 -> 4
112234,9 fw player          BCHEAICMFGH        107.0085 -> 107.1095
112234,9 fw Controll.static MKFDGFOCKNO        111.8687 -> 111.9187
112234,9 fw Controll.static LEKCBKLAILO        111.9187 -> 111.9687
112234,9 fw Controll.static OFJKHAFJIMA           0.008 -> 0.0009
112240,9 fw Controll.static GIPNIMALPEG          0.0208 -> 0.4945
112269,5 fw Controll.static GIPNIMALPEG          0.4945 -> 0.0659
112269,5 fw Controll.static NAKNALFCOIF              90 -> 91.35
112269,5 fw Controll.static IGLCENGMMMJ         -1.7017 -> -1.4017
112285,5 fw Controll.static MKFDGFOCKNO        111.9187 -> 111.9687
112285,5 fw Controll.static LEKCBKLAILO        111.9687 -> 112.0187
112285,5 fw Controll.static OFJKHAFJIMA          0.0009 -> 0.0031
112293,6 fw Controll.static GIPNIMALPEG          0.0659 -> 0.548
112293,6 fw Controll.static NAKNALFCOIF           91.35 -> 93.45
112293,6 fw Controll.static IGLCENGMMMJ         -1.4017 -> -0.9517
112320,0 fw Controll.static GIPNIMALPEG           0.548 -> 0.0761
112320,0 fw Controll.static NAKNALFCOIF           93.45 -> 95.85
112324,9 fw player          HOJIIOCKKLO              -1 -> 1
112324,9 fw player          IGBIBDAMMLE               4 -> 0
112324,9 fw player          BCHEAICMFGH        107.1095 -> 107.2108
112324,9 fw Controll.static IGLCENGMMMJ         -0.9517 -> -0.6517
112324,9 fw Controll.static JEOINCHFPCC               0 -> 1
112338,6 fw Controll.static MKFDGFOCKNO        111.9687 -> 112.0187
112338,6 fw Controll.static LEKCBKLAILO        112.0187 -> 112.0687
112338,6 fw Controll.static OFJKHAFJIMA          0.0031 -> 0.0036
112342,8 fw Controll.static GIPNIMALPEG          0.0761 -> 0.5317
112356,5 fw Controll.static NAKNALFCOIF           95.85 -> 103.05
112374,5 fw Controll.static GIPNIMALPEG          0.5317 -> 0.1647
112382,0 fw Controll.static NAKNALFCOIF          103.05 -> 108.15
112394,8 fw Controll.static MKFDGFOCKNO        112.0187 -> 112.0687
112394,8 fw Controll.static LEKCBKLAILO        112.0687 -> 112.1187
112394,8 fw Controll.static OFJKHAFJIMA          0.0036 -> 0.008
112399,9 fw Controll.static GIPNIMALPEG          0.1647 -> 0.6748
112415,1 fw player          LNIDBHIAJJI             254 -> 255
112415,1 fw Controll.static NAKNALFCOIF          108.15 -> 114.15
112419,0 fw Controll.static MKFDGFOCKNO        112.0687 -> 112.1187
112419,0 fw Controll.static LEKCBKLAILO        112.1187 -> 112.1687
112419,0 fw Controll.static OFJKHAFJIMA           0.008 -> 0.0027
112433,1 fw player          IGBIBDAMMLE               0 -> 1
112433,1 fw player          BCHEAICMFGH        107.2108 -> 107.3113
112433,1 fw Controll.static GIPNIMALPEG          0.6748 -> 0.3373
112438,3 fw Controll.static NAKNALFCOIF          114.15 -> 118.05
112455,7 fw player          HEADELMLILF               0 -> 1
112455,7 fw Controll.static GIPNIMALPEG          0.3373 -> 0.7903
112466,2 fw Controll.static NAKNALFCOIF          118.05 -> 120.9
112474,9 fw player          ACAIGMNLLEC              64 -> 68
112474,9 fw Controll.static MKFDGFOCKNO        112.1187 -> 112.1687
112474,9 fw Controll.static LEKCBKLAILO        112.1687 -> 112.2187
112474,9 fw Controll.static OFJKHAFJIMA          0.0027 -> 0.0084
112483,1 fw Controll.static GIPNIMALPEG          0.7903 -> 0.3365
112493,1 fw player          ACAIGMNLLEC              68 -> 75
112493,1 fw Controll.static NAKNALFCOIF           120.9 -> 121.65
112517,1 fw Controll.static GIPNIMALPEG          0.3365 -> 0.0181
112517,2 fw Controll.static NAKNALFCOIF          121.65 -> 121.8
112525,0 fw Controll.static MKFDGFOCKNO        112.1687 -> 112.2187
112525,0 fw Controll.static LEKCBKLAILO        112.2187 -> 112.2687
112534,5 fw Controll.static OFJKHAFJIMA          0.0084 -> 0.0007
112541,6 fw player          IGBIBDAMMLE               1 -> 2
112541,6 fw player          BCHEAICMFGH        107.3113 -> 107.4179
112541,6 fw player          ACAIGMNLLEC              75 -> 82
112541,6 fw Controll.static GIPNIMALPEG          0.0181 -> 0.5073
112567,0 fw Controll.static GIPNIMALPEG          0.5073 -> 0.0141
112584,5 fw Controll.static MKFDGFOCKNO        112.2187 -> 112.2687
112584,5 fw Controll.static LEKCBKLAILO        112.2687 -> 112.3187
112584,5 fw Controll.static OFJKHAFJIMA          0.0007 -> 0.0005
112591,5 fw Controll.static GIPNIMALPEG          0.0141 -> 0.5052
112591,5 fw Controll.static NAKNALFCOIF           121.8 -> 121.95
112601,2 fw player          ACAIGMNLLEC              82 -> 86
112618,4 fw Controll.static GIPNIMALPEG          0.5052 -> 0.0419
112618,4 fw Controll.static NAKNALFCOIF          121.95 -> 122.7
112636,0 fw Controll.static MKFDGFOCKNO        112.2687 -> 112.3188
112636,1 fw Controll.static LEKCBKLAILO        112.3187 -> 112.3688
112636,1 fw Controll.static OFJKHAFJIMA          0.0005 -> 0.0019
112643,0 fw player          HEADELMLILF               1 -> 0
112643,0 fw Controll.static GIPNIMALPEG          0.0419 -> 0.5346
112643,0 fw Controll.static NAKNALFCOIF           122.7 -> 124.5
112652,7 fw player          IGBIBDAMMLE               2 -> 3
112652,7 fw player          BCHEAICMFGH        107.4179 -> 107.5274
112669,2 fw Controll.static GIPNIMALPEG          0.5346 -> 0.0585
112674,3 fw Controll.static NAKNALFCOIF           124.5 -> 128.1
112685,5 fw player          FGFKPMPLNKO         107.476 -> 108.1848
112685,5 fw Controll.static MKFDGFOCKNO        112.3188 -> 112.3688
112685,5 fw Controll.static LEKCBKLAILO        112.3688 -> 112.4188
112685,5 fw Controll.static OFJKHAFJIMA          0.0019 -> 0.0028
112691,5 fw Controll.static GIPNIMALPEG          0.0585 -> 0.5036
112703,1 fw Controll.static NAKNALFCOIF           128.1 -> 131.55
112721,1 fw Controll.static GIPNIMALPEG          0.5036 -> 0.0964
112726,6 fw Controll.static NAKNALFCOIF          131.55 -> 136.5
112739,2 fw player          ACAIGMNLLEC              86 -> 87
112739,2 fw player          HEADELMLILF               0 -> 1
112739,2 fw Controll.static MKFDGFOCKNO        112.3688 -> 112.4188
112739,2 fw Controll.static LEKCBKLAILO        112.4188 -> 112.4688
112739,2 fw Controll.static OFJKHAFJIMA          0.0028 -> 0.0046
112747,7 fw player          IGBIBDAMMLE               3 -> 4
112747,7 fw player          BCHEAICMFGH        107.5274 -> 107.6295
112747,7 fw Controll.static GIPNIMALPEG          0.0964 -> 0.6288
112755,0 fw Controll.static NAKNALFCOIF           136.5 -> 143.4
112763,3 fw player          HOJIIOCKKLO               1 -> -1
112768,4 fw Controll.static GIPNIMALPEG          0.6288 -> 0.0411
112779,4 fw Controll.static LCMOBPPHLLM          0.2425 -> 0.485
112779,4 fw Controll.static NAKNALFCOIF           143.4 -> 147.9
112782,7 fw Controll.static MKFDGFOCKNO        112.4188 -> 112.4688
112782,7 fw Controll.static LEKCBKLAILO        112.4688 -> 112.5188
112782,7 fw Controll.static OFJKHAFJIMA          0.0046 -> 0.0019
112796,1 fw Controll.static GIPNIMALPEG          0.0411 -> 0.5963
112798,7 fw player          ACAIGMNLLEC              87 -> 90
112798,7 fw Controll.static NAKNALFCOIF           147.9 -> 150.75
112823,6 fw Controll.static GIPNIMALPEG          0.5963 -> 0.146
112823,6 fw Controll.static NAKNALFCOIF          150.75 -> 154.8
112823,6 fw Controll.static IGLCENGMMMJ         -0.6517 -> -0.3517
112829,6 fw Controll.static MKFDGFOCKNO        112.4688 -> 112.5188
112829,6 fw Controll.static LEKCBKLAILO        112.5188 -> 112.5688
112837,8 fw player          BDHNEDFEHBA               0 -> 64
112837,8 fw player          ACAIGMNLLEC              90 -> 95
112837,8 fw Controll.static OFJKHAFJIMA          0.0019 -> 0.0071
112844,0 fw Controll.static GIPNIMALPEG           0.146 -> 0.5528
112844,0 fw Controll.static NAKNALFCOIF           154.8 -> 157.65
112844,0 fw Controll.static IGLCENGMMMJ         -0.3517 -> -0.2017
112871,6 fw Controll.static GIPNIMALPEG          0.5528 -> 0.1045
112871,6 fw Controll.static NAKNALFCOIF          157.65 -> 158.7
112884,8 fw Controll.static MKFDGFOCKNO        112.5188 -> 112.5688
112884,8 fw Controll.static LEKCBKLAILO        112.5688 -> 112.6188
112884,8 fw Controll.static OFJKHAFJIMA          0.0071 -> 0.0048
112888,3 fw Controll.static GIPNIMALPEG          0.1045 -> 0.4395
112901,8 fw player          ACAIGMNLLEC              95 -> 103
112912,2 fw Controll.static GIPNIMALPEG          0.4395 -> 0.9168
112925,7 fw Controll.static MKFDGFOCKNO        112.5688 -> 112.6188
112925,7 fw Controll.static LEKCBKLAILO        112.6188 -> 112.6688
112925,7 fw Controll.static OFJKHAFJIMA          0.0048 -> 0.002
112933,5 fw Controll.static GIPNIMALPEG          0.9168 -> 0.3408
112952,8 fw Controll.static GIPNIMALPEG          0.3408 -> 0.7281
112958,8 fw player          ACAIGMNLLEC             103 -> 110
112974,7 fw Controll.static GIPNIMALPEG          0.7281 -> 0.1669
112988,5 fw Controll.static MKFDGFOCKNO        112.6188 -> 112.6689
112988,5 fw Controll.static LEKCBKLAILO        112.6688 -> 112.7189
112988,5 fw Controll.static OFJKHAFJIMA           0.002 -> 0.0082
112995,8 fw Controll.static GIPNIMALPEG          0.1669 -> 0.5877
113013,1 fw Controll.static GIPNIMALPEG          0.5877 -> 0.9336
113021,5 fw player          ACAIGMNLLEC             110 -> 112
113030,5 fw Controll.static MKFDGFOCKNO        112.6689 -> 112.7189
113030,5 fw Controll.static LEKCBKLAILO        112.7189 -> 112.7689
113030,5 fw Controll.static OFJKHAFJIMA          0.0082 -> 0.005
113033,1 fw Controll.static GIPNIMALPEG          0.9336 -> 0.3335
113045,9 fw Controll.static IGLCENGMMMJ         -0.2017 -> 0.2483
113060,2 fw player          HEADELMLILF               1 -> 0
113060,2 fw Controll.static GIPNIMALPEG          0.3335 -> 0.8761
113063,1 fw Controll.static NAKNALFCOIF           158.7 -> 158.25
113063,1 fw Controll.static IGLCENGMMMJ          0.2483 -> 0.5483
113073,7 fw Controll.static MKFDGFOCKNO        112.7189 -> 112.7689
113073,7 fw Controll.static LEKCBKLAILO        112.7689 -> 112.8189
113073,7 fw Controll.static OFJKHAFJIMA           0.005 -> 0.0071
113088,1 fw Controll.static GIPNIMALPEG          0.8761 -> 0.4341
113088,2 fw Controll.static NAKNALFCOIF          158.25 -> 157.05
113088,2 fw Controll.static IGLCENGMMMJ          0.5483 -> 1.2983
113106,1 fw Controll.static GIPNIMALPEG          0.4341 -> 0.794
113106,1 fw Controll.static NAKNALFCOIF          157.05 -> 154.65
113106,1 fw Controll.static IGLCENGMMMJ          1.2983 -> 2.1983
113119,6 fw Controll.static MKFDGFOCKNO        112.7689 -> 112.8189
113119,6 fw Controll.static LEKCBKLAILO        112.8189 -> 112.8689
113119,6 fw Controll.static OFJKHAFJIMA          0.0071 -> 0.0005
113130,4 fw Controll.static GIPNIMALPEG           0.794 -> 0.2804
113130,4 fw Controll.static NAKNALFCOIF          154.65 -> 152.1
113130,4 fw Controll.static IGLCENGMMMJ          2.1983 -> 3.3983
113148,7 fw Controll.static GIPNIMALPEG          0.2804 -> 0.6452
113148,7 fw Controll.static NAKNALFCOIF           152.1 -> 150.9
113148,7 fw Controll.static IGLCENGMMMJ          3.3983 -> 3.6983
113170,1 fw Controll.static GIPNIMALPEG          0.6452 -> 0.0744
113170,2 fw Controll.static NAKNALFCOIF           150.9 -> 149.85
113170,2 fw Controll.static IGLCENGMMMJ          3.6983 -> 4.2983
113178,1 fw Controll.static DGNDKAKOEPD          945371 -> 946412
113178,2 fw Controll.static BEJBLGGGOCC       338524567 -> 338525566
113178,2 fw Controll.static JELGPAKAJPE             101 -> 142
113178,2 fw Controll.static EENJPDHGGGC        111.8253 -> 112.8656
113182,2 fw Controll.static MKFDGFOCKNO        112.8189 -> 112.8689
113182,2 fw Controll.static LEKCBKLAILO        112.8689 -> 112.9189
113182,2 fw Controll.static OFJKHAFJIMA          0.0005 -> 0.0035
113191,8 fw Controll.static GIPNIMALPEG          0.0744 -> 0.5084
113191,9 fw Controll.static NAKNALFCOIF          149.85 -> 149.1
113196,4 fw Controll.static IGLCENGMMMJ          4.2983 -> 4.5983
113214,6 fw Controll.static GIPNIMALPEG          0.5084 -> 0.9641
113217,5 fw player          HOJIIOCKKLO              -1 -> 1
113217,6 fw Controll.static NAKNALFCOIF           149.1 -> 146.85
113217,6 fw Controll.static IGLCENGMMMJ          4.5983 -> 5.0483
113228,8 fw Controll.static MKFDGFOCKNO        112.8689 -> 112.9189
113228,8 fw Controll.static LEKCBKLAILO        112.9189 -> 112.9689
113228,8 fw Controll.static OFJKHAFJIMA          0.0035 -> 0.0009
113231,9 fw Controll.static GIPNIMALPEG          0.9641 -> 0.3103
113241,0 fw Controll.static NAKNALFCOIF          146.85 -> 144.45
113241,0 fw Controll.static IGLCENGMMMJ          5.0483 -> 5.4983
113254,4 fw player          LNIDBHIAJJI             255 -> 0
113254,4 fw Controll.static GIPNIMALPEG          0.3103 -> 0.7592
113261,9 fw Controll.static NAKNALFCOIF          144.45 -> 143.1
113261,9 fw Controll.static IGLCENGMMMJ          5.4983 -> 5.7983
113275,3 fw Controll.static GIPNIMALPEG          0.7592 -> 0.1753
113279,9 fw Controll.static NAKNALFCOIF           143.1 -> 142.2
113279,9 fw Controll.static IGLCENGMMMJ          5.7983 -> 6.0983
113291,4 fw player          LNIDBHIAJJI               0 -> 1
113291,4 fw player          ACAIGMNLLEC             112 -> 109
113291,4 fw player          HEADELMLILF               0 -> 1
113291,5 fw Controll.static MKFDGFOCKNO        112.9189 -> 112.9689
113291,5 fw Controll.static LEKCBKLAILO        112.9689 -> 113.0189
113291,5 fw Controll.static OFJKHAFJIMA          0.0009 -> 0.0085
113294,7 fw Controll.static GIPNIMALPEG          0.1753 -> 0.5644
113304,3 fw Controll.static NAKNALFCOIF           142.2 -> 141.9
113304,3 fw Controll.static IGLCENGMMMJ          6.0983 -> 6.3983
113315,8 fw Controll.static GIPNIMALPEG          0.5644 -> 0.9861
113330,9 fw Controll.static MKFDGFOCKNO        112.9689 -> 113.0189
113330,9 fw Controll.static LEKCBKLAILO        113.0189 -> 113.0689
113330,9 fw Controll.static OFJKHAFJIMA          0.0085 -> 0.008
113344,4 fw Controll.static GIPNIMALPEG          0.9861 -> 0.5587
113368,0 fw player          LNIDBHIAJJI               1 -> 3
113368,0 fw player          ACAIGMNLLEC             109 -> 106
113368,0 fw Controll.static GIPNIMALPEG          0.5587 -> 0.0314
113368,0 fw Controll.static NAKNALFCOIF           141.9 -> 149.25
113368,0 fw Controll.static IGLCENGMMMJ          6.3983 -> 8.3483
113381,2 fw Controll.static MKFDGFOCKNO        113.0189 -> 113.069
113381,2 fw Controll.static LEKCBKLAILO        113.0689 -> 113.119
113381,2 fw Controll.static OFJKHAFJIMA           0.008 -> 0.0014
113384,4 fw Controll.static GIPNIMALPEG          0.0314 -> 0.3593
113384,4 fw Controll.static NAKNALFCOIF          149.25 -> 163.95
113384,4 fw Controll.static IGLCENGMMMJ          8.3483 -> 11.7983
113397,4 fw player          FGFKPMPLNKO        108.1848 -> 108.6514
113405,5 fw Controll.static GIPNIMALPEG          0.3593 -> 0.7813
113405,5 fw Controll.static NAKNALFCOIF          163.95 -> 192.3
113405,5 fw Controll.static IGLCENGMMMJ         11.7983 -> 13.8983
113412,1 fw player          ACAIGMNLLEC             106 -> 104
113424,7 fw Controll.static GIPNIMALPEG          0.7813 -> 0.1637
113424,7 fw Controll.static NAKNALFCOIF           192.3 -> 210.45
113424,7 fw Controll.static IGLCENGMMMJ         13.8983 -> 14.0483
113437,0 fw Controll.static MKFDGFOCKNO         113.069 -> 113.119
113437,0 fw Controll.static LEKCBKLAILO         113.119 -> 113.169
113437,0 fw Controll.static OFJKHAFJIMA          0.0014 -> 0.0079
113441,2 fw Controll.static GIPNIMALPEG          0.1637 -> 0.4948
113441,2 fw Controll.static NAKNALFCOIF          210.45 -> 227.85
113466,9 fw player          LNIDBHIAJJI               3 -> 4
113466,9 fw player          ACAIGMNLLEC             104 -> 101
113466,9 fw Controll.static GIPNIMALPEG          0.4948 -> 0.0088
113470,5 fw Controll.static NAKNALFCOIF          227.85 -> 255
113470,5 fw Controll.static JEOINCHFPCC               1 -> 0
113481,1 fw Controll.static MKFDGFOCKNO         113.119 -> 113.169
113481,1 fw Controll.static LEKCBKLAILO         113.169 -> 113.219
113481,1 fw Controll.static OFJKHAFJIMA          0.0079 -> 0.0003
113484,1 fw player          ACAIGMNLLEC             101 -> 100
113484,1 fw Controll.static GIPNIMALPEG          0.0088 -> 0.3521
113495,4 fw Controll.static NAKNALFCOIF             255 -> 265.95
113512,2 fw Controll.static GIPNIMALPEG          0.3521 -> 0.9142
113514,4 fw player          LNIDBHIAJJI               4 -> 5
113514,4 fw player          ACAIGMNLLEC             100 -> 106
113514,4 fw Controll.static NAKNALFCOIF          265.95 -> 271.05
113528,5 fw Controll.static MKFDGFOCKNO         113.169 -> 113.219
113528,5 fw Controll.static LEKCBKLAILO         113.219 -> 113.269
113528,5 fw Controll.static OFJKHAFJIMA          0.0003 -> 0.0117
113532,0 fw Controll.static GIPNIMALPEG          0.9142 -> 0.3111
113541,2 fw Controll.static NAKNALFCOIF          271.05 -> 272.55
113554,2 fw Controll.static GIPNIMALPEG          0.3111 -> 0.7551
113560,2 fw Controll.static NAKNALFCOIF          272.55 -> 272.7
113565,7 fw player          LNIDBHIAJJI               5 -> 9
113565,7 fw player          ACAIGMNLLEC             106 -> 149
113573,4 fw Controll.static GIPNIMALPEG          0.7551 -> 0.1374
113586,5 fw Controll.static MKFDGFOCKNO         113.219 -> 113.269
113586,5 fw Controll.static LEKCBKLAILO         113.269 -> 113.319
113586,5 fw Controll.static OFJKHAFJIMA          0.0117 -> 0.0066
113594,8 fw player          ACAIGMNLLEC             149 -> 181
113598,4 fw Controll.static GIPNIMALPEG          0.1374 -> 0.6381
113624,3 fw Controll.static GIPNIMALPEG          0.6381 -> 0.1545
113624,3 fw Controll.static JEOINCHFPCC               0 -> -1
113637,7 fw Controll.static MKFDGFOCKNO         113.269 -> 113.319
113637,7 fw Controll.static LEKCBKLAILO         113.319 -> 113.369
113637,7 fw Controll.static OFJKHAFJIMA          0.0066 -> 0.0074
113644,3 fw Controll.static GIPNIMALPEG          0.1545 -> 0.556
113656,3 fw player          ACAIGMNLLEC             181 -> 193
113663,7 fw Controll.static GIPNIMALPEG           0.556 -> 0.9443
113676,5 fw Controll.static MKFDGFOCKNO         113.319 -> 113.369
113676,5 fw Controll.static LEKCBKLAILO         113.369 -> 113.419
113676,5 fw Controll.static OFJKHAFJIMA          0.0074 -> 0.003
113681,3 fw player          HOJIIOCKKLO               1 -> -1
113681,3 fw Controll.static GIPNIMALPEG          0.9443 -> 0.295
113701,1 fw Controll.static GIPNIMALPEG           0.295 -> 0.6904
113715,6 fw player          HEADELMLILF               1 -> 0
113722,4 fw Controll.static GIPNIMALPEG          0.6904 -> 0.1161
113730,1 fw Controll.static NAKNALFCOIF           272.7 -> 274.05
113733,1 fw Controll.static MKFDGFOCKNO         113.369 -> 113.419
113733,1 fw Controll.static LEKCBKLAILO         113.419 -> 113.469
113733,1 fw Controll.static OFJKHAFJIMA           0.003 -> 0.0057
113742,5 fw Controll.static GIPNIMALPEG          0.1161 -> 0.52
113746,7 fw Controll.static NAKNALFCOIF          274.05 -> 276.9
113759,7 fw Controll.static GIPNIMALPEG            0.52 -> 0.8625
113768,5 fw Controll.static NAKNALFCOIF           276.9 -> 280.65
113776,5 fw Controll.static MKFDGFOCKNO         113.419 -> 113.469
113776,5 fw Controll.static LEKCBKLAILO         113.469 -> 113.519
113776,5 fw Controll.static OFJKHAFJIMA          0.0057 -> 0.0019
113781,4 fw Controll.static GIPNIMALPEG          0.8625 -> 0.2978
113790,5 fw Controll.static NAKNALFCOIF          280.65 -> 287.1
113805,1 fw Controll.static GIPNIMALPEG          0.2978 -> 0.7701
113811,7 fw Controll.static NAKNALFCOIF           287.1 -> 295.95
113818,1 fw Controll.static MKFDGFOCKNO         113.469 -> 113.5191
113818,1 fw Controll.static LEKCBKLAILO         113.519 -> 113.5691
113818,1 fw Controll.static OFJKHAFJIMA          0.0019 -> 0.0014
113822,6 fw Controll.static GIPNIMALPEG          0.7701 -> 0.12
113832,7 fw Controll.static NAKNALFCOIF          295.95 -> 304.05
113851,0 fw player          ACAIGMNLLEC             193 -> 194
113851,0 fw player          HEADELMLILF               0 -> 1
113851,0 fw Controll.static GIPNIMALPEG            0.12 -> 0.6892
113851,0 fw Controll.static NAKNALFCOIF          304.05 -> 319.95
113860,5 fw player          FGFKPMPLNKO        108.6514 -> 109.1174
113875,2 fw Controll.static GIPNIMALPEG          0.6892 -> 0.173
113875,2 fw Controll.static NAKNALFCOIF          319.95 -> 337.05
113889,8 fw Controll.static MKFDGFOCKNO        113.5191 -> 113.5691
113889,8 fw Controll.static LEKCBKLAILO        113.5691 -> 113.6191
113889,9 fw Controll.static OFJKHAFJIMA          0.0014 -> 0.0085
113894,9 fw player          ACAIGMNLLEC             194 -> 199
113894,9 fw Controll.static GIPNIMALPEG           0.173 -> 0.5663
113894,9 fw Controll.static NAKNALFCOIF          337.05 -> 348.45
113915,0 fw Controll.static GIPNIMALPEG          0.5663 -> 0.9681
113915,0 fw Controll.static NAKNALFCOIF          348.45 -> 2.7
113931,3 fw player          ACAIGMNLLEC             199 -> 213
113931,4 fw Controll.static MKFDGFOCKNO        113.5691 -> 113.6191
113931,4 fw Controll.static LEKCBKLAILO        113.6191 -> 113.6691
113931,4 fw Controll.static OFJKHAFJIMA          0.0085 -> 0.0104
113943,2 fw Controll.static GIPNIMALPEG          0.9681 -> 0.5326
113943,2 fw Controll.static NAKNALFCOIF             2.7 -> 12.75
113964,2 fw Controll.static GIPNIMALPEG          0.5326 -> 0.9522
113964,2 fw Controll.static NAKNALFCOIF           12.75 -> 19.5
113982,7 fw Controll.static MKFDGFOCKNO        113.6191 -> 113.6691
113982,7 fw Controll.static LEKCBKLAILO        113.6691 -> 113.7191
113982,7 fw Controll.static OFJKHAFJIMA          0.0104 -> 0.0111
113994,7 fw Controll.static GIPNIMALPEG          0.9522 -> 0.5621
114000,5 fw player          ACAIGMNLLEC             213 -> 239
114000,5 fw Controll.static NAKNALFCOIF            19.5 -> 25.8
114017,8 fw Controll.static GIPNIMALPEG          0.5621 -> 0.0237
114027,3 fw Controll.static NAKNALFCOIF            25.8 -> 31.8
114031,8 fw Controll.static MKFDGFOCKNO        113.6691 -> 113.7191
114031,8 fw Controll.static LEKCBKLAILO        113.7191 -> 113.7691
114031,8 fw Controll.static OFJKHAFJIMA          0.0111 -> 0.0009
114042,8 fw Controll.static GIPNIMALPEG          0.0237 -> 0.5245
114047,8 fw Controll.static NAKNALFCOIF            31.8 -> 34.35
114058,8 fw player          ACAIGMNLLEC             239 -> 4
114064,0 fw Controll.static GIPNIMALPEG          0.5245 -> 0.9469
114077,6 fw Controll.static NAKNALFCOIF           34.35 -> 38.1
114077,6 fw Controll.static IGLCENGMMMJ         14.0483 -> 13.7483
114077,6 fw Controll.static EPEEFBDJAHO               1 -> 0
114082,4 fw Controll.static MKFDGFOCKNO        113.7191 -> 113.7691
114082,4 fw Controll.static LEKCBKLAILO        113.7691 -> 113.8191
114082,4 fw Controll.static OFJKHAFJIMA          0.0009 -> 0.0108
114093,6 fw Controll.static GIPNIMALPEG          0.9469 -> 0.5398
114099,4 fw Controll.static NAKNALFCOIF            38.1 -> 39.15
114099,4 fw Controll.static IGLCENGMMMJ         13.7483 -> 13.2983
114117,3 fw player          ACAIGMNLLEC               4 -> 15
114117,4 fw Controll.static GIPNIMALPEG          0.5398 -> 0.014
114128,9 fw player          HOJIIOCKKLO              -1 -> 1
114128,9 fw Controll.static NAKNALFCOIF           39.15 -> 39.45
114128,9 fw Controll.static DGNDKAKOEPD          946412 -> 947366
114128,9 fw Controll.static BEJBLGGGOCC       338525566 -> 338526561
114128,9 fw Controll.static JELGPAKAJPE             142 -> 100
114128,9 fw Controll.static EENJPDHGGGC        112.8656 -> 113.82
114132,8 fw player          ACAIGMNLLEC              15 -> 21
114132,8 fw Controll.static MKFDGFOCKNO        113.7691 -> 113.8191
114132,8 fw Controll.static LEKCBKLAILO        113.8191 -> 113.8691
114132,9 fw Controll.static OFJKHAFJIMA          0.0108 -> 0.0005
114153,8 fw Controll.static GIPNIMALPEG           0.014 -> 0.744
114153,8 fw Controll.static NAKNALFCOIF           39.45 -> 39.6
114153,8 fw Controll.static IGLCENGMMMJ         13.2983 -> 13.1483
114172,0 fw Controll.static OFJKHAFJIMA          0.0005 -> 0.0047
114176,7 fw Controll.static GIPNIMALPEG           0.744 -> 0.2007
114176,7 fw Controll.static IGLCENGMMMJ         13.1483 -> 12.6983
114195,0 fw player          ACAIGMNLLEC              21 -> 27
114195,0 fw Controll.static MKFDGFOCKNO        113.8191 -> 113.8691
114195,0 fw Controll.static LEKCBKLAILO        113.8691 -> 113.9192
114206,3 fw Controll.static GIPNIMALPEG          0.2007 -> 0.7926
114206,3 fw Controll.static NAKNALFCOIF            39.6 -> 39.75
114206,3 fw Controll.static IGLCENGMMMJ         12.6983 -> 11.7983
114221,3 fw Controll.static MKFDGFOCKNO        113.8691 -> 113.9192
114221,3 fw Controll.static LEKCBKLAILO        113.9192 -> 113.9692
114221,3 fw Controll.static OFJKHAFJIMA          0.0047 -> 0.0044
114230,7 fw player          HEADELMLILF               1 -> 0
114230,7 fw Controll.static GIPNIMALPEG          0.7926 -> 0.2815
114230,7 fw Controll.static NAKNALFCOIF           39.75 -> 40.65
114230,7 fw Controll.static IGLCENGMMMJ         11.7983 -> 10.7483
114252,1 fw Controll.static GIPNIMALPEG          0.2815 -> 0.7087
114252,1 fw Controll.static NAKNALFCOIF           40.65 -> 42
114252,1 fw Controll.static IGLCENGMMMJ         10.7483 -> 9.0983
114269,3 fw Controll.static MKFDGFOCKNO        113.9192 -> 113.9692
114269,3 fw Controll.static LEKCBKLAILO        113.9692 -> 114.0192
114269,4 fw Controll.static OFJKHAFJIMA          0.0044 -> 0.0025
114276,5 fw Controll.static GIPNIMALPEG          0.7087 -> 0.1969
114276,5 fw Controll.static NAKNALFCOIF              42 -> 43.5
114285,2 fw Controll.static IGLCENGMMMJ          9.0983 -> 6.3983
114301,2 fw player          ACAIGMNLLEC              27 -> 28
114301,2 fw player          HEADELMLILF               0 -> 1
114301,3 fw Controll.static GIPNIMALPEG          0.1969 -> 0.6912
114311,6 fw Controll.static NAKNALFCOIF            43.5 -> 45.75
114311,6 fw Controll.static IGLCENGMMMJ          6.3983 -> 3.8483
114317,4 fw Controll.static MKFDGFOCKNO        113.9692 -> 114.0192
114317,4 fw Controll.static LEKCBKLAILO        114.0192 -> 114.0692
114317,4 fw Controll.static OFJKHAFJIMA          0.0025 -> 0.0005
114328,7 fw player          FGFKPMPLNKO        109.1174 -> 109.5856
114328,7 fw Controll.static GIPNIMALPEG          0.6912 -> 0.2398
114333,7 fw Controll.static NAKNALFCOIF           45.75 -> 47.7
114333,7 fw Controll.static IGLCENGMMMJ          3.8483 -> 1.5983
114350,5 fw player          LNIDBHIAJJI               9 -> 7
114350,5 fw Controll.static GIPNIMALPEG          0.2398 -> 0.6765
114359,3 fw player          HEADELMLILF               1 -> 0
114359,3 fw Controll.static NAKNALFCOIF            47.7 -> 49.3499
114359,3 fw Controll.static IGLCENGMMMJ          1.5983 -> 0.0983
114375,2 fw Controll.static GIPNIMALPEG          0.6765 -> 0.1696
114381,0 fw Controll.static NAKNALFCOIF         49.3499 -> 50.9999
114381,0 fw Controll.static IGLCENGMMMJ          0.0983 -> -0.9517
114381,0 fw Controll.static EPEEFBDJAHO               0 -> -1
114391,5 fw Controll.static MKFDGFOCKNO        114.0192 -> 114.0692
114391,5 fw Controll.static LEKCBKLAILO        114.0692 -> 114.1192
114391,5 fw Controll.static OFJKHAFJIMA          0.0005 -> 0.0083
114396,4 fw Controll.static GIPNIMALPEG          0.1696 -> 0.5934
114413,6 fw player          LNIDBHIAJJI               7 -> 5
114413,6 fw player          ACAIGMNLLEC              28 -> 30
114413,6 fw player          HEADELMLILF               0 -> 1
114413,6 fw Controll.static NAKNALFCOIF         50.9999 -> 52.7999
114413,6 fw Controll.static IGLCENGMMMJ         -0.9517 -> -1.2517
114430,3 fw Controll.static GIPNIMALPEG          0.5934 -> 0.2714
114434,6 fw Controll.static NAKNALFCOIF         52.7999 -> 56.5499
114434,6 fw Controll.static IGLCENGMMMJ         -1.2517 -> -1.1017
114434,6 fw Controll.static JEOINCHFPCC              -1 -> 0
114446,1 fw Controll.static MKFDGFOCKNO        114.0692 -> 114.1192
114446,1 fw Controll.static LEKCBKLAILO        114.1192 -> 114.1692
114446,1 fw Controll.static OFJKHAFJIMA          0.0083 -> 0.0133
114470,4 fw Controll.static GIPNIMALPEG          0.2714 -> 0.0726
114470,4 fw Controll.static NAKNALFCOIF         56.5499 -> 93.1103
114470,4 fw Controll.static IGLCENGMMMJ         -1.1017 -> 1.0693
114476,8 fw player          LNIDBHIAJJI               5 -> 2
114476,8 fw player          ACAIGMNLLEC              30 -> 32
114476,9 fw Controll.static BFEOOOMMGLK               0 -> 1
114476,9 fw Controll.static GLGCAOADGMN               0 -> 1
114476,9 fw Controll.static MKFDGFOCKNO        114.1192 -> 114.1692
114476,9 fw Controll.static LEKCBKLAILO        114.1692 -> 114.2192
114476,9 fw Controll        MJPKOOHJOPA        101.7224 -> 109.5667
114486,4 fw Controll.static OFJKHAFJIMA          0.0133 -> 0.0034
114486,4 fw Controll.static MNHBPCOOMLE          945250 -> 947925
114493,2 fw Controll.static GIPNIMALPEG          0.0726 -> 0.529
114493,2 fw Controll.static NAKNALFCOIF         93.1103 -> 94.664
114493,2 fw Controll.static IGLCENGMMMJ          1.0693 -> 1.3471
114503,9 fw Controll.static BFEOOOMMGLK               1 -> 0
114512,1 fw player          LNIDBHIAJJI               2 -> 255
114512,1 fw player          ACAIGMNLLEC              32 -> 35
114520,0 fw Controll.static GIPNIMALPEG           0.529 -> 0.0642
114520,0 fw Controll.static NAKNALFCOIF          94.664 -> 95.7247
114520,0 fw Controll.static IGLCENGMMMJ          1.3471 -> 1.3362
114520,0 fw Controll.static JEOINCHFPCC               0 -> 1
114535,5 fw Controll.static MKFDGFOCKNO        114.1692 -> 114.2192
114535,5 fw Controll.static LEKCBKLAILO        114.2192 -> 114.2692
114535,5 fw Controll.static OFJKHAFJIMA          0.0034 -> 0.0029
114546,8 fw Controll.static GIPNIMALPEG          0.0642 -> 0.6005
114546,8 fw Controll.static NAKNALFCOIF         95.7247 -> 97.3214
114546,8 fw Controll.static IGLCENGMMMJ          1.3362 -> -0.3158
114571,6 fw player          ACAIGMNLLEC              35 -> 38
114571,6 fw Controll.static GIPNIMALPEG          0.6005 -> 0.0974
114571,6 fw Controll.static NAKNALFCOIF         97.3214 -> 90.9586
114571,7 fw Controll.static IGLCENGMMMJ         -0.3158 -> 0.2936
114578,8 fw player          HOJIIOCKKLO               1 -> -1
114586,6 fw Controll.static MKFDGFOCKNO        114.2192 -> 114.2693
114586,7 fw Controll.static LEKCBKLAILO        114.2692 -> 114.3193
114586,7 fw Controll.static OFJKHAFJIMA          0.0029 -> 0.0047
114597,2 fw Controll.static GIPNIMALPEG          0.0974 -> 0.6092
114597,2 fw Controll.static NAKNALFCOIF         90.9586 -> 90.9655
114600,9 fw player          LNIDBHIAJJI             255 -> 0
114600,9 fw player          ACAIGMNLLEC              38 -> 66
114600,9 fw Controll.static IGLCENGMMMJ          0.2936 -> 0.3204
114601,0 fw Controll.static GLGCAOADGMN               1 -> 0
114620,0 fw Controll.static GIPNIMALPEG          0.6092 -> 0.0649
114632,1 fw Controll.static NAKNALFCOIF         90.9655 -> 91.2501
114632,1 fw Controll.static IGLCENGMMMJ          0.3204 -> 0.3453
114640,7 fw Controll.static MKFDGFOCKNO        114.2693 -> 114.3193
114640,7 fw Controll.static LEKCBKLAILO        114.3193 -> 114.3693
114640,7 fw Controll.static OFJKHAFJIMA          0.0047 -> 0.0029
114646,7 fw Controll.static GIPNIMALPEG          0.0649 -> 0.5979
114658,5 fw Controll.static NAKNALFCOIF         91.2501 -> 91.2475
114658,5 fw Controll.static IGLCENGMMMJ          0.3453 -> 0.3702
114663,1 fw player          ACAIGMNLLEC              66 -> 68
114676,7 fw Controll.static GIPNIMALPEG          0.5979 -> 0.1982
114681,1 fw Controll.static NAKNALFCOIF         91.2475 -> 91.1587
114681,1 fw Controll.static IGLCENGMMMJ          0.3702 -> 0.3884
114681,1 fw Controll.static EPEEFBDJAHO              -1 -> 0
114693,1 fw Controll.static MKFDGFOCKNO        114.3193 -> 114.3693
114693,1 fw Controll.static LEKCBKLAILO        114.3693 -> 114.4193
114693,1 fw Controll.static OFJKHAFJIMA          0.0029 -> 0.0097
114698,7 fw Controll.static GIPNIMALPEG          0.1982 -> 0.6384
114710,5 fw Controll.static NAKNALFCOIF         91.1587 -> 91.0346
114710,5 fw Controll.static IGLCENGMMMJ          0.3884 -> 0.3942
114716,5 fw player          LNIDBHIAJJI               0 -> 255
114716,5 fw player          ACAIGMNLLEC              68 -> 64
114716,5 fw Controll.static GLGCAOADGMN               0 -> 1
114716,5 fw Controll        MJPKOOHJOPA        109.5667 -> 109.8082
114728,8 fw Controll.static MNHBPCOOMLE          947925 -> 948165
114728,8 fw Controll.static GIPNIMALPEG          0.6384 -> 0.2397
114728,8 fw Controll.static ANDBANJHOLD        101.4724 -> 109.5582
114733,3 fw Controll.static NAKNALFCOIF         91.0346 -> 90.7992
114733,3 fw Controll.static IGLCENGMMMJ          0.3942 -> 0.3903
114745,2 fw Controll.static MKFDGFOCKNO        114.3693 -> 114.4193
114745,2 fw Controll.static LEKCBKLAILO        114.4193 -> 114.4693
114745,2 fw Controll.static OFJKHAFJIMA          0.0097 -> 0.0117
114753,6 fw Controll.static GIPNIMALPEG          0.2397 -> 0.735
114761,7 fw player          HEADELMLILF               1 -> 0
114761,7 fw Controll.static NAKNALFCOIF         90.7992 -> 90.5111
114761,7 fw Controll.static IGLCENGMMMJ          0.3903 -> 0.377
114768,7 fw Controll.static MKFDGFOCKNO        114.4193 -> 114.4693
114768,7 fw Controll.static LEKCBKLAILO        114.4693 -> 114.5193
114768,7 fw Controll.static OFJKHAFJIMA          0.0117 -> 0.0017
114783,9 fw Controll.static GIPNIMALPEG           0.735 -> 0.3431
114784,0 fw Controll.static NAKNALFCOIF         90.5111 -> 90.1295
114784,0 fw Controll.static IGLCENGMMMJ           0.377 -> 0.357
114800,1 fw player          FGFKPMPLNKO        109.5856 -> 110.0518
114811,4 fw Controll.static GIPNIMALPEG          0.3431 -> 0.8924
114811,5 fw Controll.static NAKNALFCOIF         90.1295 -> 89.7112
114811,5 fw Controll.static IGLCENGMMMJ           0.357 -> 0.3408
114829,8 fw Controll.static MKFDGFOCKNO        114.4693 -> 114.5193
114829,8 fw Controll.static LEKCBKLAILO        114.5193 -> 114.5693
114829,8 fw Controll.static OFJKHAFJIMA          0.0017 -> 0.0128
114836,1 fw Controll.static GIPNIMALPEG          0.8924 -> 0.3854
114836,1 fw Controll.static NAKNALFCOIF         89.7112 -> 89.0284
114836,1 fw Controll.static IGLCENGMMMJ          0.3408 -> 0.3294
114847,5 fw Controll.static GLGCAOADGMN               1 -> 0
114863,9 fw Controll.static GIPNIMALPEG          0.3854 -> 0.9425
114863,9 fw Controll.static NAKNALFCOIF         89.0284 -> 89.1867
114863,9 fw Controll.static IGLCENGMMMJ          0.3294 -> 0.7798
114879,1 fw Controll.static MKFDGFOCKNO        114.5193 -> 114.5693
114879,1 fw Controll.static LEKCBKLAILO        114.5693 -> 114.6193
114879,1 fw Controll.static OFJKHAFJIMA          0.0128 -> 0.0044
114886,7 fw Controll.static GIPNIMALPEG          0.9425 -> 0.3982
114886,7 fw Controll.static NAKNALFCOIF         89.1867 -> 88.3935
114886,7 fw Controll.static IGLCENGMMMJ          0.7798 -> 1.1008
114912,0 fw Controll.static GIPNIMALPEG          0.3982 -> 0.9034
114912,0 fw Controll.static NAKNALFCOIF         88.3935 -> 86.7883
114918,8 fw Controll.static IGLCENGMMMJ          1.1008 -> 0.5503
114929,6 fw Controll.static MKFDGFOCKNO        114.5693 -> 114.6193
114929,6 fw Controll.static LEKCBKLAILO        114.6193 -> 114.6693
114929,6 fw Controll.static OFJKHAFJIMA          0.0044 -> 0.0017
114934,9 fw Controll.static GIPNIMALPEG          0.9034 -> 0.3602
114946,3 fw Controll.static NAKNALFCOIF         86.7883 -> 85.3244
114946,3 fw Controll.static IGLCENGMMMJ          0.5503 -> 0.2806
114962,9 fw Controll.static GIPNIMALPEG          0.3602 -> 0.9217
114970,5 fw Controll.static NAKNALFCOIF         85.3244 -> 84.0643
114970,5 fw Controll.static IGLCENGMMMJ          0.2806 -> 0.4618
114970,5 fw Controll.static BFEOOOMMGLK               0 -> 1
114970,5 fw Controll        MJPKOOHJOPA        109.8082 -> 110.0604
114978,3 fw player          ACAIGMNLLEC              64 -> 63
114978,3 fw player          HEADELMLILF               0 -> 1
114978,3 fw Controll.static GLGCAOADGMN               0 -> 1
114978,3 fw Controll.static MKFDGFOCKNO        114.6193 -> 114.6693
114978,3 fw Controll.static LEKCBKLAILO        114.6693 -> 114.7193
114978,3 fw Controll.static OFJKHAFJIMA          0.0017 -> 0.0036
114985,2 fw Controll.static MNHBPCOOMLE          948165 -> 948419
114985,2 fw Controll.static GIPNIMALPEG          0.9217 -> 0.3677
114985,2 fw Controll.static ANDBANJHOLD        109.5582 -> 109.8104
114995,1 fw Controll.static NAKNALFCOIF         84.0643 -> 82.9068
114995,1 fw Controll.static IGLCENGMMMJ          0.4618 -> 0.1797
114995,1 fw Controll.static BFEOOOMMGLK               1 -> 0
115011,2 fw Controll.static GIPNIMALPEG          0.3677 -> 0.8875
115016,5 fw player          ACAIGMNLLEC              63 -> 62
115016,5 fw Controll.static NAKNALFCOIF         82.9068 -> 81.729
115016,5 fw Controll.static IGLCENGMMMJ          0.1797 -> 0.4866
115027,9 fw Controll.static MKFDGFOCKNO        114.6693 -> 114.7194
115027,9 fw Controll.static LEKCBKLAILO        114.7193 -> 114.7694
115027,9 fw Controll.static OFJKHAFJIMA          0.0036 -> 0.0107
115035,2 fw Controll.static GIPNIMALPEG          0.8875 -> 0.3661
115044,2 fw player          HOJIIOCKKLO              -1 -> 1
115044,2 fw Controll.static NAKNALFCOIF          81.729 -> 81.1023
115044,2 fw Controll.static IGLCENGMMMJ          0.4866 -> 0.4815
115052,1 fw player          ACAIGMNLLEC              62 -> 61
115060,1 fw Controll.static GIPNIMALPEG          0.3661 -> 0.8645
115068,6 fw Controll.static NAKNALFCOIF         81.1023 -> 80.7116
115068,6 fw Controll.static IGLCENGMMMJ          0.4815 -> 0.4621
115074,6 fw Controll.static MKFDGFOCKNO        114.7194 -> 114.7694
115074,6 fw Controll.static LEKCBKLAILO        114.7694 -> 114.8194
115074,6 fw Controll.static OFJKHAFJIMA          0.0107 -> 0.0016
115092,8 fw Controll.static GIPNIMALPEG          0.8645 -> 0.5183
115092,8 fw Controll.static NAKNALFCOIF         80.7116 -> 80.2483
115092,8 fw Controll.static IGLCENGMMMJ          0.4621 -> 0.4485
115102,3 fw player          GEDMGLAMGMD               8 -> 9
115102,3 fw player          CNHNFDDJMJO              64 -> 70
115102,3 fw Controll.static GLGCAOADGMN               1 -> 0
115110,2 fw player          LNIDBHIAJJI             255 -> 0
115110,2 fw player          ACAIGMNLLEC              61 -> 59
115117,9 fw Controll.static GIPNIMALPEG          0.5183 -> 0.021
115117,9 fw Controll.static JEOINCHFPCC               1 -> -1
115134,3 fw Controll.static MKFDGFOCKNO        114.7694 -> 114.8194
115134,3 fw Controll.static LEKCBKLAILO        114.8194 -> 114.8694
115134,3 fw Controll.static OFJKHAFJIMA          0.0016 -> 0.0009
115141,9 fw Controll.static GIPNIMALPEG           0.021 -> 0.4992
115153,4 fw Controll.static JELGPAKAJPE             100 -> 114
115153,4 fw Controll.static EENJPDHGGGC          113.82 -> 114.8445
115170,6 fw Controll.static GIPNIMALPEG          0.4992 -> 0.0746
115176,7 fw Controll.static DGNDKAKOEPD          947366 -> 948391
115176,7 fw Controll.static BEJBLGGGOCC       338526561 -> 338527575
115190,1 fw player          LNIDBHIAJJI               0 -> 255
115190,1 fw player          ACAIGMNLLEC              59 -> 57
115190,1 fw Controll.static MKFDGFOCKNO        114.8194 -> 114.8694
115190,1 fw Controll.static LEKCBKLAILO        114.8694 -> 114.9194
115190,1 fw Controll.static OFJKHAFJIMA          0.0009 -> 0.0035
115193,9 fw Controll.static GIPNIMALPEG          0.0746 -> 0.5399
115222,2 fw player          HEADELMLILF               1 -> 0
115222,3 fw Controll.static GIPNIMALPEG          0.5399 -> 0.1068
115238,8 fw Controll.static MKFDGFOCKNO        114.8694 -> 114.9194
115238,8 fw Controll.static LEKCBKLAILO        114.9194 -> 114.9694
115238,8 fw Controll.static OFJKHAFJIMA          0.0035 -> 0.0051
115243,9 fw Controll.static GIPNIMALPEG          0.1068 -> 0.5399
115261,4 fw player          FGFKPMPLNKO        110.0518 -> 110.5189
115274,2 fw Controll.static GIPNIMALPEG          0.5399 -> 0.1454
115279,3 fw player          CLOEJLAOIGI               1 -> 0
115279,3 fw Controll.static NAKNALFCOIF         80.2483 -> 83.8479
115279,3 fw Controll.static IGLCENGMMMJ          0.4485 -> 0.2139
115291,4 fw Controll.static GLGCAOADGMN               0 -> 1
115291,4 fw Controll.static MKFDGFOCKNO        114.9194 -> 114.9694
115291,5 fw Controll.static LEKCBKLAILO        114.9694 -> 115.0194
115291,5 fw Controll.static OFJKHAFJIMA          0.0051 -> 0.0071
115296,2 fw player          CLOEJLAOIGI               0 -> 1
115296,2 fw Controll.static MNHBPCOOMLE          948419 -> 948740
115296,2 fw Controll.static GIPNIMALPEG          0.1454 -> 0.5863
115296,2 fw Controll.static ANDBANJHOLD        109.8104 -> 110.1323
115296,2 fw Controll        MJPKOOHJOPA        110.0604 -> 110.3823
115307,2 fw Controll.static NAKNALFCOIF         83.8479 -> 83.9198
115307,2 fw Controll.static IGLCENGMMMJ          0.2139 -> 0.2216
115323,6 fw Controll.static GIPNIMALPEG          0.5863 -> 0.1338
115330,4 fw player          LNIDBHIAJJI             255 -> 0
115330,5 fw Controll.static NAKNALFCOIF         83.9198 -> 84.0827
115330,5 fw Controll.static IGLCENGMMMJ          0.2216 -> 0.2248
115338,6 fw Controll.static MKFDGFOCKNO        114.9694 -> 115.0194
115338,6 fw Controll.static LEKCBKLAILO        115.0194 -> 115.0694
115338,6 fw Controll.static OFJKHAFJIMA          0.0071 -> 0.0065
115345,3 fw Controll.static GIPNIMALPEG          0.1338 -> 0.5677
115356,8 fw Controll.static NAKNALFCOIF         84.0827 -> 84.2977
115356,8 fw Controll.static IGLCENGMMMJ          0.2248 -> 0.2224
115373,8 fw Controll.static GIPNIMALPEG          0.5677 -> 0.1376
115379,3 fw Controll.static NAKNALFCOIF         84.2977 -> 84.764
115379,3 fw Controll.static IGLCENGMMMJ          0.2224 -> 0.2129
115389,9 fw Controll.static MKFDGFOCKNO        115.0194 -> 115.0694
115389,9 fw Controll.static LEKCBKLAILO        115.0694 -> 115.1194
115389,9 fw Controll.static OFJKHAFJIMA          0.0065 -> 0.0067
115407,5 fw Controll.static GIPNIMALPEG          0.1376 -> 0.8116
115407,5 fw Controll.static NAKNALFCOIF          84.764 -> 85.0755
115407,5 fw Controll.static IGLCENGMMMJ          0.2129 -> 0.2014
115415,7 fw Controll.static GLGCAOADGMN               1 -> 0
115425,4 fw Controll.static OFJKHAFJIMA          0.0067 -> 0.0082
115431,4 fw Controll.static GIPNIMALPEG          0.8116 -> 0.2889
115431,4 fw Controll.static NAKNALFCOIF         85.0755 -> 85.4349
115431,4 fw Controll.static IGLCENGMMMJ          0.2014 -> 0.1894
115447,1 fw Controll.static MKFDGFOCKNO        115.0694 -> 115.1194
115447,1 fw Controll.static LEKCBKLAILO        115.1194 -> 115.1694
115458,4 fw Controll.static GIPNIMALPEG          0.2889 -> 0.8291
115458,4 fw Controll.static NAKNALFCOIF         85.4349 -> 86.4933
115458,4 fw Controll.static IGLCENGMMMJ          0.1894 -> 0.1821
115463,5 fw player          LNIDBHIAJJI               0 -> 255
115463,5 fw player          ACAIGMNLLEC              57 -> 59
115463,5 fw player          HEADELMLILF               0 -> 1
115477,7 fw Controll.static MKFDGFOCKNO        115.1194 -> 115.1694
115477,7 fw Controll.static LEKCBKLAILO        115.1694 -> 115.2195
115477,7 fw Controll.static OFJKHAFJIMA          0.0082 -> 0.0106
115482,2 fw Controll.static GIPNIMALPEG          0.8291 -> 0.3045
115482,2 fw Controll.static NAKNALFCOIF         86.4933 -> 86.6299
115482,2 fw Controll.static IGLCENGMMMJ          0.1821 -> 0.1815
115482,2 fw Controll.static EPEEFBDJAHO               0 -> 1
115495,7 fw player          HOJIIOCKKLO               1 -> -1
115510,3 fw player          ACAIGMNLLEC              59 -> 60
115523,0 fw Controll.static GIPNIMALPEG          0.3045 -> 0.1197
115523,0 fw Controll.static NAKNALFCOIF         86.6299 -> 87.5489
115523,0 fw Controll.static IGLCENGMMMJ          0.1815 -> 0.1922
115540,6 fw Controll.static MKFDGFOCKNO        115.1694 -> 115.2195
115540,6 fw Controll.static LEKCBKLAILO        115.2195 -> 115.2695
115540,6 fw Controll.static OFJKHAFJIMA          0.0106 -> 0.0058
115549,0 fw Controll.static MNHBPCOOMLE          948740 -> 948989
115549,0 fw Controll.static GIPNIMALPEG          0.1197 -> 0.6408
115549,0 fw Controll.static ANDBANJHOLD        110.1323 -> 110.3814
115549,0 fw Controll.static NAKNALFCOIF         87.5489 -> 87.386
115549,0 fw Controll        MJPKOOHJOPA        110.3823 -> 110.6314
115556,8 fw player          HEADELMLILF               1 -> 0
115556,8 fw Controll.static IGLCENGMMMJ          0.1922 -> 0.2162
115556,8 fw Controll.static GLGCAOADGMN               0 -> 1
115575,2 fw Controll.static GIPNIMALPEG          0.6408 -> 0.1641
115582,0 fw Controll.static NAKNALFCOIF          87.386 -> 87.62
115582,0 fw Controll.static IGLCENGMMMJ          0.2162 -> 0.2342
115595,1 fw Controll.static MKFDGFOCKNO        115.2195 -> 115.2695
115595,1 fw Controll.static LEKCBKLAILO        115.2695 -> 115.3195
115595,1 fw Controll.static OFJKHAFJIMA          0.0058 -> 0.008
115599,6 fw Controll.static GIPNIMALPEG          0.1641 -> 0.6516
115613,2 fw player          ACAIGMNLLEC              60 -> 61
115613,2 fw player          HEADELMLILF               0 -> 1
115613,2 fw Controll.static NAKNALFCOIF           87.62 -> 87.995
115613,2 fw Controll.static IGLCENGMMMJ          0.2342 -> 0.2502
115618,0 fw Controll.static MKFDGFOCKNO        115.2695 -> 115.3195
115618,0 fw Controll.static LEKCBKLAILO        115.3195 -> 115.3695
115618,0 fw Controll.static OFJKHAFJIMA           0.008 -> 0.0008
115630,0 fw Controll.static GIPNIMALPEG          0.6516 -> 0.2603
115638,5 fw Controll.static NAKNALFCOIF          87.995 -> 88.3471
115638,5 fw Controll.static IGLCENGMMMJ          0.2502 -> 0.2594
115656,0 fw Controll.static GIPNIMALPEG          0.2603 -> 0.7795
115663,5 fw player          GEDMGLAMGMD               9 -> 10
115663,5 fw Controll.static NAKNALFCOIF         88.3471 -> 88.5687
115663,5 fw Controll.static IGLCENGMMMJ          0.2594 -> 0.2601
115674,4 fw player          CNHNFDDJMJO              70 -> 77
115674,4 fw player          ACAIGMNLLEC              61 -> 62
115674,5 fw Controll.static GLGCAOADGMN               1 -> 0
115674,5 fw Controll.static MKFDGFOCKNO        115.3195 -> 115.3695
115674,5 fw Controll.static LEKCBKLAILO        115.3695 -> 115.4195
115674,5 fw Controll.static OFJKHAFJIMA          0.0008 -> 0.0072
115680,3 fw Controll.static GIPNIMALPEG          0.7795 -> 0.2648
115710,8 fw player          HEADELMLILF               1 -> 0
115710,8 fw Controll.static GIPNIMALPEG          0.2648 -> 0.8755
115727,1 fw Controll.static MKFDGFOCKNO        115.3695 -> 115.4195
115727,1 fw Controll.static LEKCBKLAILO        115.4195 -> 115.4695
115727,1 fw Controll.static OFJKHAFJIMA          0.0072 -> 0.0098
115733,3 fw player          FGFKPMPLNKO        110.5189 -> 110.9846
115742,6 fw Controll.static GIPNIMALPEG          0.8755 -> 0.5125
115765,4 fw player          LBKINNIDKEC               1 -> 0
115765,4 fw Controll.static GIPNIMALPEG          0.5125 -> 0.9673
115781,3 fw Controll.static MKFDGFOCKNO        115.4195 -> 115.4695
115781,3 fw Controll.static LEKCBKLAILO        115.4695 -> 115.5195
115781,3 fw Controll.static OFJKHAFJIMA          0.0098 -> 0.0071
115790,8 fw Controll.static GIPNIMALPEG          0.9673 -> 0.4765
115790,9 fw Controll.static JEOINCHFPCC              -1 -> 0
115815,1 fw Controll.static GIPNIMALPEG          0.4765 -> 0.9611
115832,6 fw Controll.static MKFDGFOCKNO        115.4695 -> 115.5195
115832,6 fw Controll.static LEKCBKLAILO        115.5195 -> 115.5695
115832,6 fw Controll.static OFJKHAFJIMA          0.0071 -> 0.0068
115839,4 fw Controll.static GIPNIMALPEG          0.9611 -> 0.4464
115849,3 fw Controll.static JEOINCHFPCC               0 -> 1
115865,1 fw Controll.static GIPNIMALPEG          0.4464 -> 0.9602
115880,6 fw Controll.static MKFDGFOCKNO        115.5195 -> 115.5695
115880,6 fw Controll.static LEKCBKLAILO        115.5695 -> 115.6195
115880,6 fw Controll.static OFJKHAFJIMA          0.0068 -> 0.007
115890,8 fw Controll.static GIPNIMALPEG          0.9602 -> 0.4748
115914,5 fw Controll.static GIPNIMALPEG          0.4748 -> 0.9483
115931,4 fw Controll.static MKFDGFOCKNO        115.5695 -> 115.6196
115931,4 fw Controll.static LEKCBKLAILO        115.6195 -> 115.6696
115931,4 fw Controll.static OFJKHAFJIMA           0.007 -> 0.0074
115941,4 fw Controll.static GIPNIMALPEG          0.9483 -> 0.4859
115956,5 fw player          HOJIIOCKKLO              -1 -> 1
115965,1 fw player          LNIDBHIAJJI             255 -> 0
115965,2 fw Controll.static GIPNIMALPEG          0.4859 -> 0.962
115980,7 fw Controll.static MKFDGFOCKNO        115.6196 -> 115.6696
115980,7 fw Controll.static LEKCBKLAILO        115.6696 -> 115.7196
115980,7 fw Controll.static OFJKHAFJIMA          0.0074 -> 0.0081
115991,4 fw Controll.static GIPNIMALPEG           0.962 -> 0.4862
116021,8 fw Controll.static GIPNIMALPEG          0.4862 -> 0.0932
116078,1 fw Controll.static GCHFDAPNBNB               0 -> 1
116078,1 fw Controll.static IPCNAHJLMAP               0 -> 1
116078,1 fw Controll.static MKFDGFOCKNO        115.6696 -> 115.7696
116078,1 fw Controll.static LEKCBKLAILO        115.7196 -> 115.8196
116078,1 fw Controll.static OFJKHAFJIMA          0.0081 -> 0.0108
116094,9 fw Controll.static GIPNIMALPEG          0.0932 -> 0.5561
116103,6 fw player          IGBIBDAMMLE               4 -> 0
116103,6 fw player          BCHEAICMFGH        107.6295 -> 110.9699
116120,6 fw Controll.static GIPNIMALPEG          0.5561 -> 0.0694
116120,6 fw Controll.static LCMOBPPHLLM           0.485 -> 0.2425
116120,6 fw Controll.static JEOINCHFPCC               1 -> 0
116126,7 fw Controll.static GCHFDAPNBNB               1 -> 0
116126,7 fw Controll.static IPCNAHJLMAP               1 -> 0
116137,8 fw Controll.static MKFDGFOCKNO        115.7696 -> 115.8196
116137,8 fw Controll.static LEKCBKLAILO        115.8196 -> 115.8696
116137,8 fw Controll.static OFJKHAFJIMA          0.0108 -> 0.0033
116144,0 fw Controll.static GIPNIMALPEG          0.0694 -> 0.5384
116144,0 fw Controll.static DGNDKAKOEPD          948391 -> 949369
116144,0 fw Controll.static BEJBLGGGOCC       338527575 -> 338528565
116154,8 fw Controll.static JELGPAKAJPE             114 -> 99
116154,8 fw Controll.static EENJPDHGGGC        114.8445 -> 115.8233
116171,1 fw Controll.static GIPNIMALPEG          0.5384 -> 0.0788
116171,1 fw Controll.static NAKNALFCOIF         88.5687 -> 87.3687
116188,2 fw Controll.static MKFDGFOCKNO        115.8196 -> 115.8696
116188,2 fw Controll.static LEKCBKLAILO        115.8696 -> 115.9196
116188,2 fw Controll.static OFJKHAFJIMA          0.0033 -> 0.0038
116193,8 fw player          IGBIBDAMMLE               0 -> 1
116193,8 fw player          BCHEAICMFGH        110.9699 -> 111.0801
116193,9 fw Controll.static GIPNIMALPEG          0.0788 -> 0.5351
116193,9 fw Controll.static NAKNALFCOIF         87.3687 -> 81.5187
116207,0 fw player          FGFKPMPLNKO        110.9846 -> 111.6939
116212,9 fw player          HIDMDLLHEKO               1 -> 4
116213,0 fw player          BDHNEDFEHBA              64 -> 0
116224,2 fw Controll.static GIPNIMALPEG          0.5351 -> 0.1417
116224,2 fw Controll.static NAKNALFCOIF         81.5187 -> 71.7687
116231,4 fw player          HIDMDLLHEKO               4 -> 1
116231,4 fw Controll.static JEOINCHFPCC               0 -> -1
116242,7 fw Controll.static MKFDGFOCKNO        115.8696 -> 115.9196
116242,8 fw Controll.static LEKCBKLAILO        115.9196 -> 115.9696
116242,8 fw Controll.static OFJKHAFJIMA          0.0038 -> 0.0069
116248,9 fw Controll.static GIPNIMALPEG          0.1417 -> 0.6349
116259,1 fw Controll.static NAKNALFCOIF         71.7687 -> 53.7687
116278,1 fw Controll.static GIPNIMALPEG          0.6349 -> 0.2184
116285,3 fw Controll.static NAKNALFCOIF         53.7687 -> 43.8687
116296,0 fw Controll.static MKFDGFOCKNO        115.9196 -> 115.9696
116296,0 fw Controll.static LEKCBKLAILO        115.9696 -> 116.0196
116296,0 fw Controll.static OFJKHAFJIMA          0.0069 -> 0.0107
116303,9 fw Controll.static GIPNIMALPEG          0.2184 -> 0.7357
116312,2 fw player          IGBIBDAMMLE               1 -> 2
116312,2 fw player          BCHEAICMFGH        111.0801 -> 111.1872
116312,2 fw Controll.static NAKNALFCOIF         43.8687 -> 36.8187
116320,7 fw Controll.static MKFDGFOCKNO        115.9696 -> 116.0196
116320,7 fw Controll.static LEKCBKLAILO        116.0196 -> 116.0696
116320,7 fw Controll.static OFJKHAFJIMA          0.0107 -> 0.0034
116327,2 fw Controll.static GIPNIMALPEG          0.7357 -> 0.201
116337,2 fw Controll.static NAKNALFCOIF         36.8187 -> 31.4187
116337,2 fw Controll.static IGLCENGMMMJ          0.2601 -> -0.0399
116354,2 fw Controll.static GIPNIMALPEG           0.201 -> 0.7401
116359,3 fw Controll.static NAKNALFCOIF         31.4187 -> 27.6687
116359,3 fw Controll.static IGLCENGMMMJ         -0.0399 -> -0.6399
116371,8 fw player          ACAIGMNLLEC              62 -> 51
116371,8 fw player          HEADELMLILF               0 -> 1
116371,8 fw Controll.static MKFDGFOCKNO        116.0196 -> 116.0696
116371,8 fw Controll.static LEKCBKLAILO        116.0696 -> 116.1197
116371,8 fw Controll.static OFJKHAFJIMA          0.0034 -> 0.0045
116376,2 fw Controll.static GIPNIMALPEG          0.7401 -> 0.1805
116388,0 fw Controll.static NAKNALFCOIF         27.6687 -> 25.4187
116388,0 fw Controll.static IGLCENGMMMJ         -0.6399 -> -0.9399
116405,0 fw player          HOJIIOCKKLO               1 -> -1
116405,0 fw player          IGBIBDAMMLE               2 -> 3
116405,0 fw player          BCHEAICMFGH        111.1872 -> 111.2873
116413,4 fw Controll.static GIPNIMALPEG          0.1805 -> 0.9231
116413,4 fw Controll.static NAKNALFCOIF         25.4187 -> 24.3687
116413,4 fw Controll.static IGLCENGMMMJ         -0.9399 -> -1.0899
116421,3 fw Controll.static MKFDGFOCKNO        116.0696 -> 116.1197
116421,3 fw Controll.static LEKCBKLAILO        116.1197 -> 116.1697
116430,9 fw player          ACAIGMNLLEC              51 -> 33
116430,9 fw Controll.static OFJKHAFJIMA          0.0045 -> 0.004
116437,9 fw Controll.static GIPNIMALPEG          0.9231 -> 0.4141
116437,9 fw Controll.static NAKNALFCOIF         24.3687 -> 22.8687
116463,6 fw player          ACAIGMNLLEC              33 -> 24
116463,6 fw Controll.static GIPNIMALPEG          0.4141 -> 0.9294
116463,6 fw Controll.static NAKNALFCOIF         22.8687 -> 21.2187
116479,1 fw Controll.static MKFDGFOCKNO        116.1197 -> 116.1697
116479,1 fw Controll.static LEKCBKLAILO        116.1697 -> 116.2197
116479,1 fw Controll.static OFJKHAFJIMA           0.004 -> 0.0055
116489,0 fw Controll.static GIPNIMALPEG          0.9294 -> 0.437
116489,0 fw Controll.static NAKNALFCOIF         21.2187 -> 20.4687
116503,0 fw player          ACAIGMNLLEC              24 -> 18
116510,5 fw player          IGBIBDAMMLE               3 -> 4
116510,5 fw player          BCHEAICMFGH        111.2873 -> 111.3959
116510,5 fw Controll.static GIPNIMALPEG           0.437 -> 0.8671
116510,6 fw Controll.static NAKNALFCOIF         20.4687 -> 20.3187
116519,0 fw player          LNIDBHIAJJI               0 -> 255
116524,6 fw Controll.static MKFDGFOCKNO        116.1697 -> 116.2197
116524,6 fw Controll.static LEKCBKLAILO        116.2197 -> 116.2697
116524,6 fw Controll.static OFJKHAFJIMA          0.0055 -> 0.0016
116535,8 fw Controll.static GIPNIMALPEG          0.8671 -> 0.3723
116559,2 fw Controll.static GIPNIMALPEG          0.3723 -> 0.839
116571,7 fw Controll.static NAKNALFCOIF         20.3187 -> 20.0187
116576,3 fw Controll.static MKFDGFOCKNO        116.2197 -> 116.2698
116576,3 fw Controll.static LEKCBKLAILO        116.2697 -> 116.3198
116576,3 fw Controll.static OFJKHAFJIMA          0.0016 -> 0.0041
116586,9 fw Controll.static GIPNIMALPEG           0.839 -> 0.3918
116586,9 fw Controll.static LCMOBPPHLLM          0.2425 -> 0.485
116593,9 fw player          ACAIGMNLLEC              18 -> 17
116611,1 fw Controll.static GIPNIMALPEG          0.3918 -> 0.8758
116625,4 fw Controll.static MKFDGFOCKNO        116.2698 -> 116.3198
116625,4 fw Controll.static LEKCBKLAILO        116.3198 -> 116.3698
116625,4 fw Controll.static OFJKHAFJIMA          0.0041 -> 0.0015
116635,7 fw Controll.static GIPNIMALPEG          0.8758 -> 0.3675
116641,2 fw player          ACAIGMNLLEC              17 -> 14
116655,9 fw Controll.static GIPNIMALPEG          0.3675 -> 0.7713
116675,7 fw Controll.static MKFDGFOCKNO        116.3198 -> 116.3698
116675,7 fw Controll.static LEKCBKLAILO        116.3698 -> 116.4198
116675,7 fw Controll.static OFJKHAFJIMA          0.0015 -> 0.0048
116688,3 fw player          BDHNEDFEHBA               0 -> 64
116688,3 fw player          HEADELMLILF               1 -> 0
116688,4 fw Controll.static GIPNIMALPEG          0.7713 -> 0.4202
116719,6 fw Controll.static GIPNIMALPEG          0.4202 -> 0.0446
116725,4 fw Controll.static MKFDGFOCKNO        116.3698 -> 116.4198
116725,4 fw Controll.static LEKCBKLAILO        116.4198 -> 116.4698
116735,9 fw Controll.static OFJKHAFJIMA          0.0048 -> 0.002
116740,1 fw Controll.static GIPNIMALPEG          0.0446 -> 0.4557
116769,9 fw Controll.static GIPNIMALPEG          0.4557 -> 0.0506
116784,5 fw Controll.static MKFDGFOCKNO        116.4198 -> 116.4699
116784,5 fw Controll.static LEKCBKLAILO        116.4698 -> 116.5199
116784,5 fw Controll.static OFJKHAFJIMA           0.002 -> 0.0023
116791,6 fw Controll.static GIPNIMALPEG          0.0506 -> 0.4844
116814,9 fw Controll.static GIPNIMALPEG          0.4844 -> 0.9498
116830,4 fw Controll.static MKFDGFOCKNO        116.4699 -> 116.5199
116830,4 fw Controll.static LEKCBKLAILO        116.5199 -> 116.5699
116830,4 fw Controll.static OFJKHAFJIMA          0.0023 -> 0.0058
116838,9 fw Controll.static GIPNIMALPEG          0.9498 -> 0.4307
116838,9 fw Controll.static NAKNALFCOIF         20.0187 -> 20.4687
116859,5 fw Controll.static GIPNIMALPEG          0.4307 -> 0.843
116870,7 fw player          HOJIIOCKKLO              -1 -> 1
116870,7 fw Controll.static NAKNALFCOIF         20.4687 -> 22.5687
116875,5 fw Controll.static MKFDGFOCKNO        116.5199 -> 116.5699
116875,5 fw Controll.static LEKCBKLAILO        116.5699 -> 116.6199
116875,5 fw Controll.static OFJKHAFJIMA          0.0058 -> 0.0032
116885,9 fw Controll.static GIPNIMALPEG           0.843 -> 0.3704
116891,8 fw Controll.static NAKNALFCOIF         22.5687 -> 24.6687
116906,8 fw Controll.static GIPNIMALPEG          0.3704 -> 0.7876
116920,6 fw player          FGFKPMPLNKO        111.6939 -> 112.1643
116920,6 fw Controll.static NAKNALFCOIF         24.6687 -> 26.4687
116924,8 fw Controll.static MKFDGFOCKNO        116.5699 -> 116.6199
116924,8 fw Controll.static LEKCBKLAILO        116.6199 -> 116.6699
116924,8 fw Controll.static OFJKHAFJIMA          0.0032 -> 0.0029
116937,8 # net: TcpClient.Connected = True
116937,9 fw Controll.static GIPNIMALPEG          0.7876 -> 0.4073
116942,1 fw Controll.static NAKNALFCOIF         26.4687 -> 28.1187
116959,3 fw Controll.static GIPNIMALPEG          0.4073 -> 0.8369
116972,7 fw Controll.static NAKNALFCOIF         28.1187 -> 30.9687
116979,1 fw Controll.static MKFDGFOCKNO        116.6199 -> 116.6699
116979,1 fw Controll.static LEKCBKLAILO        116.6699 -> 116.7199
116979,1 fw Controll.static OFJKHAFJIMA          0.0029 -> 0.0051
116990,3 fw Controll.static GIPNIMALPEG          0.8369 -> 0.4568
116995,4 fw Controll.static NAKNALFCOIF         30.9687 -> 33.2187
117023,0 fw Controll.static GIPNIMALPEG          0.4568 -> 0.1112
117023,0 fw Controll.static NAKNALFCOIF         33.2187 -> 35.6187
117031,8 fw Controll.static MKFDGFOCKNO        116.6699 -> 116.7199
117031,8 fw Controll.static LEKCBKLAILO        116.7199 -> 116.7699
117037,5 fw Controll.static OFJKHAFJIMA          0.0051 -> 0.0053
117047,1 fw Controll.static GIPNIMALPEG          0.1112 -> 0.594
117047,1 fw Controll.static NAKNALFCOIF         35.6187 -> 38.1688
117073,9 fw Controll.static GIPNIMALPEG           0.594 -> 0.1296
117073,9 fw Controll.static NAKNALFCOIF         38.1688 -> 40.5688
117091,7 fw Controll.static MKFDGFOCKNO        116.7199 -> 116.7699
117091,7 fw Controll.static LEKCBKLAILO        116.7699 -> 116.8199
117091,7 fw Controll.static OFJKHAFJIMA          0.0053 -> 0.0063
117096,8 fw Controll.static GIPNIMALPEG          0.1296 -> 0.5868
117096,8 fw Controll.static NAKNALFCOIF         40.5688 -> 43.1188
117110,8 fw player          HEADELMLILF               0 -> 1
117127,8 fw player          ACAIGMNLLEC              14 -> 16
117127,8 fw Controll.static GIPNIMALPEG          0.5868 -> 0.2064
117127,8 fw Controll.static NAKNALFCOIF         43.1188 -> 46.5688
117143,0 fw Controll.static MKFDGFOCKNO        116.7699 -> 116.8199
117143,0 fw Controll.static LEKCBKLAILO        116.8199 -> 116.8699
117143,0 fw Controll.static OFJKHAFJIMA          0.0063 -> 0.0102
117153,8 fw Controll.static GIPNIMALPEG          0.2064 -> 0.727
117153,8 fw Controll.static NAKNALFCOIF         46.5688 -> 49.7188
117172,6 fw Controll.static IPCNAHJLMAP               0 -> 1
117172,6 fw Controll.static MKFDGFOCKNO        116.8199 -> 116.87
117172,6 fw Controll.static LEKCBKLAILO        116.8699 -> 116.92
117172,6 fw Controll.static OFJKHAFJIMA          0.0102 -> 0.0049
117178,2 fw player          ACAIGMNLLEC              16 -> 18
117178,3 fw Controll.static GIPNIMALPEG           0.727 -> 0.2159
117189,6 fw Controll.static NAKNALFCOIF         49.7188 -> 53.9188
117189,6 fw Controll.static GCHFDAPNBNB               0 -> 1
117195,5 fw player          IGBIBDAMMLE               4 -> 0
117195,5 fw player          BCHEAICMFGH        111.3959 -> 112.0695
117206,2 fw Controll.static GIPNIMALPEG          0.2159 -> 0.7754
117214,5 fw Controll.static NAKNALFCOIF         53.9188 -> 55.7188
117222,4 fw player          ACAIGMNLLEC              18 -> 22
117222,5 fw Controll.static IPCNAHJLMAP               1 -> 0
117222,5 fw Controll.static MKFDGFOCKNO          116.87 -> 116.92
117222,5 fw Controll.static LEKCBKLAILO          116.92 -> 116.97
117229,7 fw Controll.static GIPNIMALPEG          0.7754 -> 0.2439
117229,7 fw Controll.static LCMOBPPHLLM           0.485 -> 0.2425
117238,9 fw Controll.static NAKNALFCOIF         55.7188 -> 56.4688
117238,9 fw Controll.static GCHFDAPNBNB               1 -> 0
117255,8 fw Controll.static GIPNIMALPEG          0.2439 -> 0.7655
117260,8 fw Controll.static NAKNALFCOIF         56.4688 -> 56.6188
117260,8 fw Controll.static DGNDKAKOEPD          949369 -> 950488
117260,8 fw Controll.static BEJBLGGGOCC       338528565 -> 338529566
117260,8 fw Controll.static JELGPAKAJPE              99 -> 216
117260,8 fw Controll.static EENJPDHGGGC        115.8233 -> 116.9416
117273,4 fw player          ACAIGMNLLEC              22 -> 25
117273,4 fw Controll.static MKFDGFOCKNO          116.92 -> 116.97
117273,4 fw Controll.static LEKCBKLAILO          116.97 -> 117.02
117273,4 fw Controll.static OFJKHAFJIMA          0.0049 -> 0.0058
117277,7 fw Controll.static GIPNIMALPEG          0.7655 -> 0.2036
117289,7 fw player          IGBIBDAMMLE               0 -> 1
117289,7 fw player          BCHEAICMFGH        112.0695 -> 112.1706
117305,6 fw Controll.static GIPNIMALPEG          0.2036 -> 0.7612
117311,6 fw player          ACAIGMNLLEC              25 -> 28
117320,7 fw player          HOJIIOCKKLO               1 -> -1
117320,8 fw Controll.static MKFDGFOCKNO          116.97 -> 117.02
117320,8 fw Controll.static LEKCBKLAILO          117.02 -> 117.07
117320,8 fw Controll.static OFJKHAFJIMA          0.0058 -> 0.0031
117336,8 fw Controll.static GIPNIMALPEG          0.7612 -> 0.3852
117336,8 fw Controll.static NAKNALFCOIF         56.6188 -> 56.9188
117343,8 fw player          ACAIGMNLLEC              28 -> 33
117359,7 fw Controll.static GIPNIMALPEG          0.3852 -> 0.8447
117375,0 fw player          HIDMDLLHEKO               1 -> 4
117375,0 fw player          BDHNEDFEHBA              64 -> 0
117375,0 fw Controll.static MKFDGFOCKNO          117.02 -> 117.07
117375,0 fw Controll.static LEKCBKLAILO          117.07 -> 117.12
117375,0 fw Controll.static OFJKHAFJIMA          0.0031 -> 0.0028
117385,8 fw player          ACAIGMNLLEC              33 -> 37
117385,8 fw player          FGFKPMPLNKO        112.1643 -> 112.8754
117385,8 fw Controll.static GIPNIMALPEG          0.8447 -> 0.3658
117393,2 fw player          IGBIBDAMMLE               1 -> 2
117393,2 fw player          BCHEAICMFGH        112.1706 -> 112.2787
117410,1 fw Controll.static GIPNIMALPEG          0.3658 -> 0.8514
117419,3 fw player          ACAIGMNLLEC              37 -> 39
117425,2 fw player          HIDMDLLHEKO               4 -> 1
117425,2 fw Controll.static MKFDGFOCKNO          117.07 -> 117.12
117425,2 fw Controll.static LEKCBKLAILO          117.12 -> 117.17
117425,2 fw Controll.static OFJKHAFJIMA          0.0028 -> 0.0015
117436,8 fw Controll.static GIPNIMALPEG          0.8514 -> 0.3848
117457,8 fw Controll.static GIPNIMALPEG          0.3848 -> 0.8055
117476,3 fw player          ACAIGMNLLEC              39 -> 40
117476,3 fw Controll.static MKFDGFOCKNO          117.12 -> 117.17
117476,3 fw Controll.static LEKCBKLAILO          117.17 -> 117.22
117476,3 fw Controll.static OFJKHAFJIMA          0.0015 -> 0.0034
117486,0 fw Controll.static GIPNIMALPEG          0.8055 -> 0.3686
117502,9 fw player          IGBIBDAMMLE               2 -> 3
117502,9 fw player          BCHEAICMFGH        112.2787 -> 112.3788
117510,8 fw Controll.static GIPNIMALPEG          0.3686 -> 0.8647
117525,3 fw Controll.static MKFDGFOCKNO          117.17 -> 117.22
117525,3 fw Controll.static LEKCBKLAILO          117.22 -> 117.27
117525,3 fw Controll.static OFJKHAFJIMA          0.0034 -> 0.0005
117534,7 fw Controll.static GIPNIMALPEG          0.8647 -> 0.344
117555,4 fw Controll.static GIPNIMALPEG           0.344 -> 0.7569
117566,8 fw player          HEADELMLILF               1 -> 0
117573,1 fw Controll.static MKFDGFOCKNO          117.22 -> 117.2701
117573,1 fw Controll.static LEKCBKLAILO          117.27 -> 117.3201
117573,1 fw Controll.static OFJKHAFJIMA          0.0005 -> 0.0054
117583,1 fw Controll.static GIPNIMALPEG          0.7569 -> 0.3102
117605,5 fw Controll.static GIPNIMALPEG          0.3102 -> 0.7583
117616,6 fw player          IGBIBDAMMLE               3 -> 4
117616,6 fw player          BCHEAICMFGH        112.3788 -> 112.481
117622,1 fw Controll.static MKFDGFOCKNO        117.2701 -> 117.3201
117622,1 fw Controll.static LEKCBKLAILO        117.3201 -> 117.3701
117622,1 fw Controll.static OFJKHAFJIMA          0.0054 -> 0.0043
117641,2 fw Controll.static GIPNIMALPEG          0.7583 -> 0.4722
117665,5 fw Controll.static GIPNIMALPEG          0.4722 -> 0.9591
117679,8 fw Controll.static MKFDGFOCKNO        117.3201 -> 117.3701
117679,8 fw Controll.static LEKCBKLAILO        117.3701 -> 117.4201
117679,8 fw Controll.static OFJKHAFJIMA          0.0043 -> 0.0045
117688,1 fw Controll.static GIPNIMALPEG          0.9591 -> 0.4101
117703,4 fw player          IGBIBDAMMLE               4 -> 0
117703,4 fw player          BCHEAICMFGH         112.481 -> 112.5879
117711,1 fw Controll.static GIPNIMALPEG          0.4101 -> 0.8711
117711,2 fw Controll.static NAKNALFCOIF         56.9188 -> 56.7688
117726,0 fw Controll.static MKFDGFOCKNO        117.3701 -> 117.4201
117726,0 fw Controll.static LEKCBKLAILO        117.4201 -> 117.4701
117726,0 fw Controll.static OFJKHAFJIMA          0.0045 -> 0.0008
117735,4 fw Controll.static GIPNIMALPEG          0.8711 -> 0.3556
117759,6 fw Controll.static GIPNIMALPEG          0.3556 -> 0.8407
117759,7 fw Controll.static NAKNALFCOIF         56.7688 -> 56.4688
117775,4 fw Controll.static MKFDGFOCKNO        117.4201 -> 117.4701
117775,4 fw Controll.static LEKCBKLAILO        117.4701 -> 117.5201
117775,4 fw Controll.static OFJKHAFJIMA          0.0008 -> 0.0027
117786,5 fw Controll.static GIPNIMALPEG          0.8407 -> 0.3781
117791,9 fw Controll.static NAKNALFCOIF         56.4688 -> 56.1687
117809,8 fw player          IGBIBDAMMLE               0 -> 1
117809,8 fw player          BCHEAICMFGH        112.5879 -> 112.6963
117809,9 fw Controll.static GIPNIMALPEG          0.3781 -> 0.8441
117820,8 fw Controll.static NAKNALFCOIF         56.1687 -> 56.0187
117830,6 fw Controll.static MKFDGFOCKNO        117.4701 -> 117.5201
117830,6 fw Controll.static LEKCBKLAILO        117.5201 -> 117.5701
117830,6 fw Controll.static OFJKHAFJIMA          0.0027 -> 0.0029
117837,9 fw Controll.static GIPNIMALPEG          0.8441 -> 0.4055
117845,9 fw Controll.static NAKNALFCOIF         56.0187 -> 55.5687
117860,0 fw player          HOJIIOCKKLO              -1 -> 1
117860,0 fw Controll.static GIPNIMALPEG          0.4055 -> 0.8473
117871,4 fw Controll.static NAKNALFCOIF         55.5687 -> 55.2687
117876,2 fw Controll.static MKFDGFOCKNO        117.5201 -> 117.5701
117876,2 fw Controll.static LEKCBKLAILO        117.5701 -> 117.6201
117876,2 fw Controll.static OFJKHAFJIMA          0.0029 -> 0.0036
117888,1 fw Controll.static GIPNIMALPEG          0.8473 -> 0.4101
117893,7 fw Controll.static NAKNALFCOIF         55.2687 -> 54.8187
117909,8 fw Controll.static GIPNIMALPEG          0.4101 -> 0.8434
117919,7 fw player          IGBIBDAMMLE               1 -> 2
117919,7 fw player          BCHEAICMFGH        112.6963 -> 112.7965
117919,7 fw Controll.static NAKNALFCOIF         54.8187 -> 54.6687
117924,7 fw Controll.static MKFDGFOCKNO        117.5701 -> 117.6201
117924,7 fw Controll.static LEKCBKLAILO        117.6201 -> 117.6702
117924,7 fw Controll.static OFJKHAFJIMA          0.0036 -> 0.0018
117939,3 fw Controll.static GIPNIMALPEG          0.8434 -> 0.4322
117939,3 fw Controll.static NAKNALFCOIF         54.6687 -> 54.5187
117954,3 fw player          ACAIGMNLLEC              40 -> 39
117954,3 fw player          HEADELMLILF               0 -> 1
117965,9 fw Controll.static GIPNIMALPEG          0.4322 -> 0.9651
117982,7 fw Controll.static MKFDGFOCKNO        117.6201 -> 117.6702
117982,7 fw Controll.static LEKCBKLAILO        117.6702 -> 117.7202
117982,7 fw Controll.static OFJKHAFJIMA          0.0018 -> 0.0028
117986,8 fw Controll.static GIPNIMALPEG          0.9651 -> 0.3826
117986,8 fw Controll.static NAKNALFCOIF         54.5187 -> 54.2187
118016,1 fw player          HEADELMLILF               1 -> 0
118016,1 fw Controll.static GIPNIMALPEG          0.3826 -> 0.9684
118023,6 fw player          IGBIBDAMMLE               2 -> 3
118023,6 fw player          BCHEAICMFGH        112.7965 -> 112.9082
118035,1 fw Controll.static MKFDGFOCKNO        117.6702 -> 117.7202
118035,1 fw Controll.static LEKCBKLAILO        117.7202 -> 117.7702
118035,1 fw Controll.static OFJKHAFJIMA          0.0028 -> 0.0056
118039,3 fw Controll.static GIPNIMALPEG          0.9684 -> 0.4318
118039,3 fw Controll.static EPEEFBDJAHO               1 -> 0
118064,4 fw player          ACAIGMNLLEC              39 -> 38
118064,5 fw Controll.static GIPNIMALPEG          0.4318 -> 0.9353
118070,2 fw player          HEADELMLILF               0 -> 1
118078,1 fw Controll.static MKFDGFOCKNO        117.7202 -> 117.7702
118078,1 fw Controll.static LEKCBKLAILO        117.7702 -> 117.8202
118078,1 fw Controll.static OFJKHAFJIMA          0.0056 -> 0.0023
118085,5 fw Controll.static GIPNIMALPEG          0.9353 -> 0.3552
118093,6 fw player          FGFKPMPLNKO        112.8754 -> 113.5857
118099,6 fw player          HEADELMLILF               1 -> 0
118109,5 fw Controll.static GIPNIMALPEG          0.3552 -> 0.8358
118117,1 fw Controll.static NAKNALFCOIF         54.2187 -> 54.5187
118117,1 fw Controll.static IGLCENGMMMJ         -1.0899 -> -0.7899
118123,6 fw Controll.static MKFDGFOCKNO        117.7702 -> 117.8202
118123,6 fw Controll.static LEKCBKLAILO        117.8202 -> 117.8702
118123,6 fw Controll.static OFJKHAFJIMA          0.0023 -> 0.0057
118134,0 fw player          IGBIBDAMMLE               3 -> 4
118134,0 fw player          BCHEAICMFGH        112.9082 -> 113.0153
118134,1 fw Controll.static GIPNIMALPEG          0.8358 -> 0.3268
118138,2 fw Controll.static NAKNALFCOIF         54.5187 -> 55.8687
118138,2 fw Controll.static IGLCENGMMMJ         -0.7899 -> -0.6399
118138,2 fw Controll.static DGNDKAKOEPD          950488 -> 951366
118138,2 fw Controll.static BEJBLGGGOCC       338529566 -> 338530562
118138,2 fw Controll.static JELGPAKAJPE             216 -> 94
118138,2 fw Controll.static EENJPDHGGGC        116.9416 -> 117.8197
118154,2 fw player          FDOJDJLIGLF              10 -> 70
118154,2 fw Controll.static GIPNIMALPEG          0.3268 -> 0.7305
118165,2 fw Controll.static NAKNALFCOIF         55.8687 -> 59.7687
118165,2 fw Controll.static IGLCENGMMMJ         -0.6399 -> 0.2601
118171,4 fw Controll.static MKFDGFOCKNO        117.8202 -> 117.8702
118171,4 fw Controll.static LEKCBKLAILO        117.8702 -> 117.9202
118171,4 fw Controll.static OFJKHAFJIMA          0.0057 -> 0.0035
118181,3 fw Controll.static GIPNIMALPEG          0.7305 -> 0.2709
118188,0 fw Controll.static NAKNALFCOIF         59.7687 -> 65.7687
118188,0 fw Controll.static IGLCENGMMMJ          0.2601 -> 1.4601
118202,5 fw Controll.static GIPNIMALPEG          0.2709 -> 0.6956
118215,4 fw Controll.static NAKNALFCOIF         65.7687 -> 72.5187
118215,4 fw Controll.static IGLCENGMMMJ          1.4601 -> 2.8101
118218,9 fw Controll.static MKFDGFOCKNO        117.8702 -> 117.9202
118218,9 fw Controll.static LEKCBKLAILO        117.9202 -> 117.9702
118218,9 fw Controll.static OFJKHAFJIMA          0.0035 -> 0.001
118238,0 fw Controll.static GIPNIMALPEG          0.6956 -> 0.4048
118238,0 fw Controll.static LCMOBPPHLLM          0.2425 -> 0.485
118238,0 fw Controll.static NAKNALFCOIF         72.5187 -> 79.1187
118238,0 fw Controll.static IGLCENGMMMJ          2.8101 -> 4.0101
118249,9 fw player          FDOJDJLIGLF              70 -> 10
118249,9 fw Controll.static JGNLBAMNEBA               0 -> 1
118249,9 fw Controll.static HCOLPFEEENG               0 -> 1
118249,9 fw Controll.static EGDKJEFGFIC               0 -> 1
118258,6 fw player          HIDMDLLHEKO               1 -> 5
118258,6 fw player          MHCOJFIAGLP               8 -> 9
118270,5 fw Controll.static LCMOBPPHLLM           0.485 -> 0
118287,1 fw Controll.static OFJKHAFJIMA           0.001 -> 0.0193
118309,4 fw Controll.static OFJKHAFJIMA          0.0193 -> 0.0417
118333,8 fw Controll.static OFJKHAFJIMA          0.0417 -> 0
120282,9 fw player          HIDMDLLHEKO               5 -> 0
120282,9 fw player          CIPOBFGAMOP         106.541 -> 115.0567
120282,9 fw player          OLOOMMIKDPJ         106.541 -> 115.0567
120282,9 fw player          LBKINNIDKEC               0 -> 1
120282,9 fw Controll.static MNHBPCOOMLE          948989 -> 953764
120282,9 fw Controll.static GIPNIMALPEG          0.4048 -> 0.0028
120282,9 fw Controll.static LCMOBPPHLLM               0 -> 0.485
120289,6 fw player          HEADELMLILF               0 -> 1
120289,7 fw Controll.static NAKNALFCOIF         79.1187 -> 90
120289,7 fw Controll.static JEOINCHFPCC              -1 -> 0
120289,7 fw Controll.static GCHFDAPNBNB               0 -> 1
120289,7 fw Controll.static JGNLBAMNEBA               1 -> 0
120301,9 fw player          HIDMDLLHEKO               0 -> 1
120301,9 fw Controll.static HCOLPFEEENG               1 -> 0
120301,9 fw Controll.static EGDKJEFGFIC               1 -> 0
120301,9 fw Controll.static IPCNAHJLMAP               0 -> 1
120301,9 fw Controll.static MKFDGFOCKNO        117.9202 -> 119.9852
120301,9 fw Controll.static LEKCBKLAILO        117.9702 -> 120.0352
120310,4 fw player          BDHNEDFEHBA               0 -> 64
120310,4 fw player          ACAIGMNLLEC              38 -> 64
120310,4 fw Controll.static GIPNIMALPEG          0.0028 -> 0.5529
120318,1 fw player          IGBIBDAMMLE               4 -> 0
120318,1 fw player          BCHEAICMFGH        113.0153 -> 115.1948
120337,1 fw Controll.static GIPNIMALPEG          0.5529 -> 0.0836
120337,1 fw Controll.static LCMOBPPHLLM           0.485 -> 0.2425
120343,8 fw Controll.static GCHFDAPNBNB               1 -> 0
120355,0 fw Controll.static IPCNAHJLMAP               1 -> 0
120355,0 fw Controll.static MKFDGFOCKNO        119.9852 -> 120.0352
120355,0 fw Controll.static LEKCBKLAILO        120.0352 -> 120.0852
120355,0 fw Controll.static OFJKHAFJIMA               0 -> 0.0039
120361,8 fw player          HOJIIOCKKLO               1 -> -1
120361,9 fw Controll.static GIPNIMALPEG          0.0836 -> 0.5822
120373,0 fw Controll.static NAKNALFCOIF              90 -> 90.3
120390,5 fw Controll.static GIPNIMALPEG          0.5822 -> 0.153
120398,4 fw Controll.static LCMOBPPHLLM          0.2425 -> 0
120398,4 fw Controll.static NAKNALFCOIF            90.3 -> 90.9
120409,2 fw Controll.static GCHFDAPNBNB               0 -> 1
120409,2 fw Controll.static IPCNAHJLMAP               0 -> 1
120409,2 fw Controll.static MKFDGFOCKNO        120.0352 -> 120.0853
120409,2 fw Controll.static LEKCBKLAILO        120.0852 -> 120.1353
120409,2 fw Controll.static OFJKHAFJIMA          0.0039 -> 0.0073
120415,6 fw player          HIDMDLLHEKO               1 -> 4
120425,8 fw player          LNIDBHIAJJI             255 -> 2
120425,8 fw player          CLOEJLAOIGI               1 -> 0
120425,8 fw player          HEADELMLILF               1 -> 0
120425,8 fw Controll.static GIPNIMALPEG           0.153 -> 0.8607
120425,8 fw Controll.static NAKNALFCOIF            90.9 -> 92.4
120433,2 fw Controll.static GCHFDAPNBNB               1 -> 0
120433,2 fw Controll.static IPCNAHJLMAP               1 -> 0
120433,2 fw Controll.static MKFDGFOCKNO        120.0853 -> 120.1353
120433,2 fw Controll.static LEKCBKLAILO        120.1353 -> 120.1853
120442,8 fw Controll.static OFJKHAFJIMA          0.0073 -> 0.0003
120450,2 fw Controll.static GIPNIMALPEG          0.8607 -> 0.3494
120450,2 fw Controll.static NAKNALFCOIF            92.4 -> 93.6
120450,2 fw Controll.static IGLCENGMMMJ          4.0101 -> 3.8601
120478,3 fw player          HIDMDLLHEKO               4 -> 0
120478,4 fw Controll.static GIPNIMALPEG          0.3494 -> 0.912
120478,4 fw Controll.static NAKNALFCOIF            93.6 -> 94.35
120478,4 fw Controll.static IGLCENGMMMJ          3.8601 -> 3.7101
120485,2 fw Controll.static GCHFDAPNBNB               0 -> 1
120485,2 fw Controll.static IPCNAHJLMAP               0 -> 1
120496,0 fw Controll.static MKFDGFOCKNO        120.1353 -> 120.1853
120496,0 fw Controll.static LEKCBKLAILO        120.1853 -> 120.2353
120496,0 fw Controll.static OFJKHAFJIMA          0.0003 -> 0.0022
120503,3 fw Controll.static GIPNIMALPEG           0.912 -> 0.4096
120503,4 fw Controll.static NAKNALFCOIF           94.35 -> 94.95
120503,4 fw Controll.static IGLCENGMMMJ          3.7101 -> 3.5601
120512,9 fw player          HIDMDLLHEKO               0 -> 4
120512,9 fw player          IGBIBDAMMLE               0 -> 1
120512,9 fw player          BCHEAICMFGH        115.1948 -> 115.395
120520,8 fw player          BDHNEDFEHBA              64 -> 0
120520,8 fw player          CLOEJLAOIGI               0 -> 1
120531,4 fw Controll.static GIPNIMALPEG          0.4096 -> 0.9725
120531,4 fw Controll.static NAKNALFCOIF           94.95 -> 95.85
120538,2 fw Controll.static GCHFDAPNBNB               1 -> 0
120547,8 fw Controll.static IPCNAHJLMAP               1 -> 0
120547,8 fw Controll.static MKFDGFOCKNO        120.1853 -> 120.2353
120547,8 fw Controll.static LEKCBKLAILO        120.2353 -> 120.2853
120547,8 fw Controll.static OFJKHAFJIMA          0.0022 -> 0.0052
120555,9 fw player          HIDMDLLHEKO               4 -> 0
120555,9 fw player          ACAIGMNLLEC              64 -> 65
120555,9 fw player          CLOEJLAOIGI               1 -> 0
120556,0 fw Controll.static GIPNIMALPEG          0.9725 -> 0.4629
120556,0 fw Controll.static NAKNALFCOIF           95.85 -> 97.05
120566,9 fw player          HEADELMLILF               0 -> 1
120566,9 fw Controll.static IGLCENGMMMJ          3.5601 -> 3.2601
120584,3 fw Controll.static GIPNIMALPEG          0.4629 -> 0.0306
120594,6 fw Controll.static NAKNALFCOIF           97.05 -> 98.55
120594,6 fw Controll.static IGLCENGMMMJ          3.2601 -> 3.1101
120599,2 fw Controll.static MKFDGFOCKNO        120.2353 -> 120.2853
120599,2 fw Controll.static LEKCBKLAILO        120.2853 -> 120.3353
120599,2 fw Controll.static OFJKHAFJIMA          0.0052 -> 0.0014
120612,2 fw player          HIDMDLLHEKO               0 -> 4
120612,2 fw Controll.static GIPNIMALPEG          0.0306 -> 0.5883
120617,7 fw player          ACAIGMNLLEC              65 -> 67
120617,7 fw Controll.static NAKNALFCOIF           98.55 -> 99
120635,8 fw Controll.static GIPNIMALPEG          0.5883 -> 0.0588
120653,8 fw Controll.static MKFDGFOCKNO        120.2853 -> 120.3353
120653,8 fw Controll.static LEKCBKLAILO        120.3353 -> 120.3853
120653,8 fw Controll.static OFJKHAFJIMA          0.0014 -> 0.0028
120664,3 fw Controll.static GIPNIMALPEG          0.0588 -> 0.6286
120681,9 fw player          ACAIGMNLLEC              67 -> 68
120692,9 fw player          HIDMDLLHEKO               4 -> 0
120693,0 fw Controll.static GIPNIMALPEG          0.6286 -> 0.2026
120698,1 fw Controll.static NAKNALFCOIF              99 -> 99.6
120710,4 fw Controll.static MKFDGFOCKNO        120.3353 -> 120.3853
120710,4 fw Controll.static LEKCBKLAILO        120.3853 -> 120.4353
120710,4 fw Controll.static OFJKHAFJIMA          0.0028 -> 0.01
120715,1 fw Controll.static GIPNIMALPEG          0.2026 -> 0.6465
120726,8 fw Controll.static NAKNALFCOIF            99.6 -> 100.95
120726,8 fw Controll.static IGLCENGMMMJ          3.1101 -> 2.8101
120734,9 fw player          ACAIGMNLLEC              68 -> 69
120734,9 fw Controll.static MKFDGFOCKNO        120.3853 -> 120.4353
120734,9 fw Controll.static LEKCBKLAILO        120.4353 -> 120.4853
120734,9 fw Controll.static OFJKHAFJIMA            0.01 -> 0.0018
120752,4 fw Controll.static GIPNIMALPEG          0.6465 -> 0.3893
120752,4 fw Controll.static NAKNALFCOIF          100.95 -> 102.9
120752,5 fw Controll.static IGLCENGMMMJ          2.8101 -> 1.4601
120777,3 fw Controll.static GIPNIMALPEG          0.3893 -> 0.8898
120777,3 fw Controll.static NAKNALFCOIF           102.9 -> 107.55
120777,3 fw Controll.static IGLCENGMMMJ          1.4601 -> -1.5399
120796,3 fw Controll.static MKFDGFOCKNO        120.4353 -> 120.4853
120796,3 fw Controll.static LEKCBKLAILO        120.4853 -> 120.5353
120796,3 fw Controll.static OFJKHAFJIMA          0.0018 -> 0.0044
120803,2 fw Controll.static GIPNIMALPEG          0.8898 -> 0.4075
120803,2 fw Controll.static NAKNALFCOIF          107.55 -> 111.3
120803,2 fw Controll.static IGLCENGMMMJ         -1.5399 -> -3.9399
120812,9 fw player          ACAIGMNLLEC              69 -> 70
120829,3 fw Controll.static GIPNIMALPEG          0.4075 -> 0.9303
120829,4 fw Controll.static NAKNALFCOIF           111.3 -> 115.05
120829,4 fw Controll.static IGLCENGMMMJ         -3.9399 -> -5.5899
120844,6 fw Controll.static MKFDGFOCKNO        120.4853 -> 120.5353
120844,6 fw Controll.static LEKCBKLAILO        120.5353 -> 120.5853
120844,6 fw Controll.static OFJKHAFJIMA          0.0044 -> 0.0038
120852,9 fw player          HEADELMLILF               1 -> 0
120852,9 fw Controll.static GIPNIMALPEG          0.9303 -> 0.4016
120853,0 fw Controll.static NAKNALFCOIF          115.05 -> 120
120853,0 fw Controll.static IGLCENGMMMJ         -5.5899 -> -7.5399
120876,1 fw Controll.static GIPNIMALPEG          0.4016 -> 0.8645
120876,1 fw Controll.static NAKNALFCOIF             120 -> 125.85
120885,5 fw player          LNIDBHIAJJI               2 -> 1
120885,5 fw player          ACAIGMNLLEC              70 -> 72
120885,5 fw player          HEADELMLILF               0 -> 1
120885,5 fw Controll.static IGLCENGMMMJ         -7.5399 -> -10.6899
120894,0 fw Controll.static MKFDGFOCKNO        120.5353 -> 120.5853
120894,0 fw Controll.static LEKCBKLAILO        120.5853 -> 120.6353
120894,0 fw Controll.static OFJKHAFJIMA          0.0038 -> 0.0024
120900,8 fw Controll.static GIPNIMALPEG          0.8645 -> 0.3591
120909,8 fw Controll.static NAKNALFCOIF          125.85 -> 132.75
120909,8 fw Controll.static IGLCENGMMMJ        -10.6899 -> -12.6399
120925,3 fw Controll.static GIPNIMALPEG          0.3591 -> 0.8486
120934,8 fw Controll.static NAKNALFCOIF          132.75 -> 136.5
120934,8 fw Controll.static IGLCENGMMMJ        -12.6399 -> -13.9899
120941,5 fw player          ACAIGMNLLEC              72 -> 77
120941,6 fw Controll.static MKFDGFOCKNO        120.5853 -> 120.6353
120941,6 fw Controll.static LEKCBKLAILO        120.6353 -> 120.6853
120941,6 fw Controll.static OFJKHAFJIMA          0.0024 -> 0.0018
120951,8 fw Controll.static GIPNIMALPEG          0.8486 -> 0.3797
120960,9 fw player          LNIDBHIAJJI               1 -> 254
120960,9 fw Controll.static NAKNALFCOIF           136.5 -> 138.75
120960,9 fw Controll.static IGLCENGMMMJ        -13.9899 -> -14.4399
120976,9 fw Controll.static GIPNIMALPEG          0.3797 -> 0.8808
120982,8 fw Controll.static NAKNALFCOIF          138.75 -> 139.65
120982,8 fw Controll.static IGLCENGMMMJ        -14.4399 -> -14.7399
120993,2 fw player          LNIDBHIAJJI             254 -> 251
120993,2 fw player          ACAIGMNLLEC              77 -> 82
120993,2 fw Controll.static MKFDGFOCKNO        120.6353 -> 120.6853
120993,2 fw Controll.static LEKCBKLAILO        120.6853 -> 120.7354
120993,2 fw Controll.static OFJKHAFJIMA          0.0018 -> 0.0101
120998,4 fw Controll.static GIPNIMALPEG          0.8808 -> 0.31
121024,7 fw Controll.static GIPNIMALPEG            0.31 -> 0.837
121041,2 fw Controll.static MKFDGFOCKNO        120.6853 -> 120.7354
121041,2 fw Controll.static LEKCBKLAILO        120.7354 -> 120.7854
121041,2 fw Controll.static OFJKHAFJIMA          0.0101 -> 0.0081
121046,6 fw player          LNIDBHIAJJI             251 -> 248
121046,6 fw player          ACAIGMNLLEC              82 -> 90
121058,7 fw Controll.static GIPNIMALPEG           0.837 -> 0.5172
121080,3 fw Controll.static GIPNIMALPEG          0.5172 -> 0.9486
121080,3 fw Controll.static NAKNALFCOIF          139.65 -> 140.1
121098,4 fw player          LNIDBHIAJJI             248 -> 246
121098,4 fw player          ACAIGMNLLEC              90 -> 97
121098,4 fw Controll.static MKFDGFOCKNO        120.7354 -> 120.7854
121098,4 fw Controll.static LEKCBKLAILO        120.7854 -> 120.8354
121098,4 fw Controll.static OFJKHAFJIMA          0.0081 -> 0.0105
121110,4 fw Controll.static GIPNIMALPEG          0.9486 -> 0.5508
121110,4 fw Controll.static LCMOBPPHLLM               0 -> 0.2425
121110,4 fw Controll.static NAKNALFCOIF           140.1 -> 141.45
121110,4 fw Controll.static EPEEFBDJAHO               0 -> 1
121110,4 fw Controll.static JEOINCHFPCC               0 -> 1
121134,1 fw Controll.static GIPNIMALPEG          0.5508 -> 0.0253
121134,2 fw Controll.static NAKNALFCOIF          141.45 -> 144
121134,2 fw Controll.static IGLCENGMMMJ        -14.7399 -> -15.0399
121146,0 fw player          LNIDBHIAJJI             246 -> 245
121146,0 fw player          ACAIGMNLLEC              97 -> 99
121151,3 fw Controll.static MKFDGFOCKNO        120.7854 -> 120.8354
121151,3 fw Controll.static LEKCBKLAILO        120.8354 -> 120.8854
121151,3 fw Controll.static OFJKHAFJIMA          0.0105 -> 0.0011
121162,0 fw Controll.static GIPNIMALPEG          0.0253 -> 0.5818
121162,0 fw Controll.static NAKNALFCOIF             144 -> 148.2
121162,0 fw Controll.static IGLCENGMMMJ        -15.0399 -> -15.1899
121182,3 fw Controll.static GIPNIMALPEG          0.5818 -> 0.9892
121182,4 fw Controll.static NAKNALFCOIF           148.2 -> 150
121199,3 fw player          HEADELMLILF               1 -> 0
121199,3 fw Controll.static MKFDGFOCKNO        120.8354 -> 120.8854
121199,3 fw Controll.static LEKCBKLAILO        120.8854 -> 120.9354
121199,3 fw Controll.static OFJKHAFJIMA          0.0011 -> 0.0115
121210,9 fw Controll.static GIPNIMALPEG          0.9892 -> 0.5609
121215,7 fw Controll.static NAKNALFCOIF             150 -> 153.45
121231,7 fw Controll.static GIPNIMALPEG          0.5609 -> 0.9762
121240,9 fw player          HIDMDLLHEKO               0 -> 1
121240,9 fw player          IGBIBDAMMLE               1 -> 2
121240,9 fw Controll.static NAKNALFCOIF          153.45 -> 155.7
121241,0 fw Controll.static IGLCENGMMMJ        -15.1899 -> -14.8899
121245,7 fw player          BCHEAICMFGH         115.395 -> 116.1238
121245,7 fw player          CLOEJLAOIGI               0 -> 1
121245,7 fw Controll.static MKFDGFOCKNO        120.8854 -> 120.9354
121245,7 fw Controll.static LEKCBKLAILO        120.9354 -> 120.9854
121245,7 fw Controll.static OFJKHAFJIMA          0.0115 -> 0.0079
121257,6 fw player          FGFKPMPLNKO        113.5857 -> 116.7458
121257,6 fw Controll.static GIPNIMALPEG          0.9762 -> 0.4943
121261,5 fw Controll.static NAKNALFCOIF           155.7 -> 157.8
121261,5 fw Controll.static IGLCENGMMMJ        -14.8899 -> -14.1399
121277,6 fw Controll.static GIPNIMALPEG          0.4943 -> 0.893
121290,5 fw Controll.static NAKNALFCOIF           157.8 -> 159.45
121290,5 fw Controll.static IGLCENGMMMJ        -14.1399 -> -13.3899
121290,6 fw Controll.static DGNDKAKOEPD          951366 -> 954522
121290,6 fw Controll.static BEJBLGGGOCC       338530562 -> 338533679
121290,6 fw Controll.static JELGPAKAJPE              94 -> 140
121290,6 fw Controll.static EENJPDHGGGC        117.8197 -> 120.9761
121294,6 fw Controll.static MKFDGFOCKNO        120.9354 -> 120.9854
121294,6 fw Controll.static LEKCBKLAILO        120.9854 -> 121.0354
121294,6 fw Controll.static OFJKHAFJIMA          0.0079 -> 0.0074
121306,7 fw player          ACAIGMNLLEC              99 -> 102
121306,7 fw player          HEADELMLILF               0 -> 1
121306,7 fw Controll.static GIPNIMALPEG           0.893 -> 0.4754
121311,4 fw Controll.static NAKNALFCOIF          159.45 -> 159.9
121311,4 fw Controll.static IGLCENGMMMJ        -13.3899 -> -13.0899
121323,9 fw player          ACAIGMNLLEC             102 -> 107
121326,9 fw Controll.static GIPNIMALPEG          0.4754 -> 0.8805
121339,6 fw Controll.static NAKNALFCOIF           159.9 -> 160.05
121339,6 fw Controll.static IGLCENGMMMJ        -13.0899 -> -12.9399
121342,9 fw Controll.static MKFDGFOCKNO        120.9854 -> 121.0354
121342,9 fw Controll.static LEKCBKLAILO        121.0354 -> 121.0854
121342,9 fw Controll.static OFJKHAFJIMA          0.0074 -> 0.0065
121359,0 fw player          IGBIBDAMMLE               2 -> 3
121359,0 fw player          BCHEAICMFGH        116.1238 -> 116.2316
121363,0 fw Controll.static GIPNIMALPEG          0.8805 -> 0.6016
121363,0 fw Controll.static NAKNALFCOIF          160.05 -> 160.5
121363,0 fw Controll.static IGLCENGMMMJ        -12.9399 -> -12.3399
121378,2 fw player          ACAIGMNLLEC             107 -> 110
121388,8 fw Controll.static GIPNIMALPEG          0.6016 -> 0.1176
121388,9 fw Controll.static IGLCENGMMMJ        -12.3399 -> -11.8899
121407,4 fw Controll.static MKFDGFOCKNO        121.0354 -> 121.0854
121407,4 fw Controll.static LEKCBKLAILO        121.0854 -> 121.1354
121407,4 fw Controll.static OFJKHAFJIMA          0.0065 -> 0.0056
121411,3 fw player          LNIDBHIAJJI             245 -> 246
121411,3 fw player          ACAIGMNLLEC             110 -> 113
121411,3 fw Controll.static GIPNIMALPEG          0.1176 -> 0.5676
121411,3 fw Controll.static IGLCENGMMMJ        -11.8899 -> -11.1399
121441,6 fw Controll.static GIPNIMALPEG          0.5676 -> 0.1725
121441,6 fw Controll.static LCMOBPPHLLM          0.2425 -> 0.485
121441,6 fw Controll.static IGLCENGMMMJ        -11.1399 -> -10.5399
121456,7 fw Controll.static MKFDGFOCKNO        121.0854 -> 121.1355
121456,7 fw Controll.static LEKCBKLAILO        121.1354 -> 121.1855
121456,7 fw Controll.static OFJKHAFJIMA          0.0056 -> 0.0084
121461,6 fw player          HOJIIOCKKLO              -1 -> 1
121461,6 fw Controll.static GIPNIMALPEG          0.1725 -> 0.5726
121461,6 fw Controll.static NAKNALFCOIF           160.5 -> 160.35
121461,6 fw Controll.static IGLCENGMMMJ        -10.5399 -> -10.0899
121474,3 fw player          HEADELMLILF               1 -> 0
121491,4 fw Controll.static GIPNIMALPEG          0.5726 -> 0.1685
121491,4 fw Controll.static NAKNALFCOIF          160.35 -> 159.9
121494,8 fw Controll.static IGLCENGMMMJ        -10.0899 -> -9.0399
121505,5 fw player          BDHNEDFEHBA               0 -> 64
121505,5 fw player          LNIDBHIAJJI             246 -> 247
121505,5 fw player          ACAIGMNLLEC             113 -> 114
121505,5 fw player          HEADELMLILF               0 -> 1
121505,6 fw Controll.static MKFDGFOCKNO        121.1355 -> 121.1855
121505,6 fw Controll.static LEKCBKLAILO        121.1855 -> 121.2355
121505,6 fw Controll.static OFJKHAFJIMA          0.0084 -> 0.0082
121510,7 fw Controll.static GIPNIMALPEG          0.1685 -> 0.5552
121523,5 fw Controll.static NAKNALFCOIF           159.9 -> 159.45
121523,5 fw Controll.static IGLCENGMMMJ         -9.0399 -> -8.4399
121542,2 fw Controll.static GIPNIMALPEG          0.5552 -> 0.1846
121545,5 fw Controll.static NAKNALFCOIF          159.45 -> 159.15
121545,5 fw Controll.static IGLCENGMMMJ         -8.4399 -> -7.9899
121545,5 fw Controll.static GCHFDAPNBNB               0 -> 1
121558,2 fw player          IGBIBDAMMLE               3 -> 4
121558,2 fw player          BCHEAICMFGH        116.2316 -> 116.4383
121558,3 fw Controll.static IPCNAHJLMAP               0 -> 1
121558,3 fw Controll.static MKFDGFOCKNO        121.1855 -> 121.2355
121558,3 fw Controll.static LEKCBKLAILO        121.2355 -> 121.2855
121558,3 fw Controll.static OFJKHAFJIMA          0.0082 -> 0.0091
121562,4 fw Controll.static GIPNIMALPEG          0.1846 -> 0.5889
121574,5 fw Controll.static NAKNALFCOIF          159.15 -> 158.7
121574,5 fw Controll.static IGLCENGMMMJ         -7.9899 -> -7.3899
121579,0 fw player          LNIDBHIAJJI             247 -> 248
121579,0 fw player          HEADELMLILF               1 -> 0
121590,9 fw Controll.static GIPNIMALPEG          0.5889 -> 0.1574
121590,9 fw Controll.static LCMOBPPHLLM           0.485 -> 0.2425
121597,0 fw Controll.static NAKNALFCOIF           158.7 -> 158.25
121597,0 fw Controll.static IGLCENGMMMJ         -7.3899 -> -6.9399
121597,0 fw Controll.static GCHFDAPNBNB               1 -> 0
121606,7 fw Controll.static IPCNAHJLMAP               1 -> 0
121606,7 fw Controll.static MKFDGFOCKNO        121.2355 -> 121.2855
121606,7 fw Controll.static LEKCBKLAILO        121.2855 -> 121.3355
121606,7 fw Controll.static OFJKHAFJIMA          0.0091 -> 0.0076
121612,4 fw Controll.static GIPNIMALPEG          0.1574 -> 0.5876
121626,1 fw Controll.static NAKNALFCOIF          158.25 -> 157.8
121626,1 fw Controll.static IGLCENGMMMJ         -6.9399 -> -6.3399
121631,3 fw player          LNIDBHIAJJI             248 -> 249
121631,3 fw player          ACAIGMNLLEC             114 -> 113
121640,4 fw player          HEADELMLILF               0 -> 1
121640,4 fw Controll.static GIPNIMALPEG          0.5876 -> 0.1473
121644,3 fw Controll.static NAKNALFCOIF           157.8 -> 156.9
121644,3 fw Controll.static IGLCENGMMMJ         -6.3399 -> -5.5899
121658,1 fw Controll.static MKFDGFOCKNO        121.2855 -> 121.3355
121658,1 fw Controll.static LEKCBKLAILO        121.3355 -> 121.3855
121658,1 fw Controll.static OFJKHAFJIMA          0.0076 -> 0.0072
121660,8 fw player          IGBIBDAMMLE               4 -> 0
121660,8 fw player          BCHEAICMFGH        116.4383 -> 116.5483
121673,3 fw Controll.static GIPNIMALPEG          0.1473 -> 0.8061
121673,3 fw Controll.static NAKNALFCOIF           156.9 -> 155.7
121673,3 fw Controll.static IGLCENGMMMJ         -5.5899 -> -4.9899
121690,4 fw Controll.static OFJKHAFJIMA          0.0072 -> 0.0071
121693,3 fw Controll.static GIPNIMALPEG          0.8061 -> 0.2061
121693,3 fw Controll.static NAKNALFCOIF           155.7 -> 154.2
121693,3 fw Controll.static IGLCENGMMMJ         -4.9899 -> -4.2399
121709,0 fw Controll.static MKFDGFOCKNO        121.3355 -> 121.3855
121709,0 fw Controll.static LEKCBKLAILO        121.3855 -> 121.4355
121719,7 fw Controll.static GIPNIMALPEG          0.2061 -> 0.7327
121719,7 fw Controll.static NAKNALFCOIF           154.2 -> 152.7
121719,7 fw Controll.static IGLCENGMMMJ         -4.2399 -> -3.3399
121734,3 fw Controll.static MKFDGFOCKNO        121.3855 -> 121.4355
121734,3 fw Controll.static LEKCBKLAILO        121.4355 -> 121.4855
121734,3 fw Controll.static OFJKHAFJIMA          0.0071 -> 0.0011
121740,8 fw Controll.static GIPNIMALPEG          0.7327 -> 0.1536
121740,8 fw Controll.static NAKNALFCOIF           152.7 -> 150.9
121740,8 fw Controll.static IGLCENGMMMJ         -3.3399 -> -2.7399
121761,5 fw Controll.static GIPNIMALPEG          0.1536 -> 0.5686
121761,5 fw Controll.static NAKNALFCOIF           150.9 -> 148.8
121761,5 fw Controll.static IGLCENGMMMJ         -2.7399 -> -1.9899
121772,7 fw player          IGBIBDAMMLE               0 -> 1
121772,7 fw player          BCHEAICMFGH        116.5483 -> 116.6543
121788,6 fw Controll.static GIPNIMALPEG          0.5686 -> 0.1112
121788,6 fw Controll.static NAKNALFCOIF           148.8 -> 145.8
121797,2 fw Controll.static IGLCENGMMMJ         -1.9899 -> -1.3899
121807,0 fw player          BDHNEDFEHBA              64 -> 0
121807,0 fw player          LNIDBHIAJJI             249 -> 252
121807,0 fw Controll.static MKFDGFOCKNO        121.4355 -> 121.4855
121807,0 fw Controll.static LEKCBKLAILO        121.4855 -> 121.5355
121807,0 fw Controll.static OFJKHAFJIMA          0.0011 -> 0.0054
121812,8 fw player          ACAIGMNLLEC             113 -> 109
121812,8 fw Controll.static GIPNIMALPEG          0.1112 -> 0.5956
121822,6 fw Controll.static NAKNALFCOIF           145.8 -> 141.45
121822,6 fw Controll.static IGLCENGMMMJ         -1.3899 -> -0.7899
121840,1 fw Controll.static GIPNIMALPEG          0.5956 -> 0.1403
121845,2 fw Controll.static NAKNALFCOIF          141.45 -> 138.75
121858,7 fw Controll.static MKFDGFOCKNO        121.4855 -> 121.5356
121858,7 fw Controll.static LEKCBKLAILO        121.5355 -> 121.5856
121858,7 fw Controll.static OFJKHAFJIMA          0.0054 -> 0.0068
121863,1 fw player          LNIDBHIAJJI             252 -> 253
121863,1 fw player          ACAIGMNLLEC             109 -> 107
121863,1 fw Controll.static GIPNIMALPEG          0.1403 -> 0.6007
121874,9 fw Controll.static NAKNALFCOIF          138.75 -> 134.85
121879,7 fw player          IGBIBDAMMLE               1 -> 2
121879,7 fw player          BCHEAICMFGH        116.6543 -> 116.7549
121895,2 fw Controll.static GIPNIMALPEG          0.6007 -> 0.2424
121898,8 fw Controll.static NAKNALFCOIF          134.85 -> 132.15
121912,0 fw player          LNIDBHIAJJI             253 -> 254
121912,0 fw player          ACAIGMNLLEC             107 -> 103
121912,0 fw Controll.static MKFDGFOCKNO        121.5356 -> 121.5856
121912,0 fw Controll.static LEKCBKLAILO        121.5856 -> 121.6356
121912,0 fw Controll.static OFJKHAFJIMA          0.0068 -> 0.0119
121918,0 fw player          HOJIIOCKKLO               1 -> -1
121918,0 fw Controll.static GIPNIMALPEG          0.2424 -> 0.6973
121930,3 fw Controll.static NAKNALFCOIF          132.15 -> 129.6
121938,1 # net: TcpClient.Connected = True
121938,1 fw Controll.static MKFDGFOCKNO        121.5856 -> 121.6356
121938,1 fw Controll.static LEKCBKLAILO        121.6356 -> 121.6856
121938,1 fw Controll.static OFJKHAFJIMA          0.0119 -> 0.0048
121951,7 fw Controll.static GIPNIMALPEG          0.6973 -> 0.3701
121956,7 fw player          FGFKPMPLNKO        116.7458 -> 117.2135
121956,7 fw Controll.static LCMOBPPHLLM          0.2425 -> 0.485
121956,8 fw Controll.static NAKNALFCOIF           129.6 -> 126.75
121987,0 fw player          LNIDBHIAJJI             254 -> 255
121987,0 fw player          ACAIGMNLLEC             103 -> 99
121987,0 fw Controll.static GIPNIMALPEG          0.3701 -> 0.0784
121987,1 fw Controll.static NAKNALFCOIF          126.75 -> 124.95
121994,4 fw Controll.static MKFDGFOCKNO        121.6356 -> 121.6856
121994,4 fw Controll.static LEKCBKLAILO        121.6856 -> 121.7356
122005,0 fw Controll.static OFJKHAFJIMA          0.0048 -> 0.0036
122010,4 fw player          BDHNEDFEHBA               0 -> 64
122010,4 fw player          ACAIGMNLLEC              99 -> 94
122010,4 fw Controll.static GIPNIMALPEG          0.0784 -> 0.5468
122010,4 fw Controll.static NAKNALFCOIF          124.95 -> 123.45
122041,1 fw Controll.static GIPNIMALPEG          0.5468 -> 0.1608
122041,2 fw Controll.static NAKNALFCOIF          123.45 -> 122.85
122047,0 fw player          ACAIGMNLLEC              94 -> 91
122061,5 fw Controll.static MKFDGFOCKNO        121.6856 -> 121.7356
122061,5 fw Controll.static LEKCBKLAILO        121.7356 -> 121.7856
122061,5 fw Controll.static OFJKHAFJIMA          0.0036 -> 0.0079
122066,1 fw Controll.static GIPNIMALPEG          0.1608 -> 0.6594
122066,1 fw Controll.static NAKNALFCOIF          122.85 -> 122.1
122086,5 fw Controll.static MKFDGFOCKNO        121.7356 -> 121.7856
122086,5 fw Controll.static LEKCBKLAILO        121.7856 -> 121.8356
122086,5 fw Controll.static OFJKHAFJIMA          0.0079 -> 0.0032
122100,5 fw Controll.static GIPNIMALPEG          0.6594 -> 0.3474
122100,6 fw Controll.static NAKNALFCOIF           122.1 -> 120.9
122106,2 fw player          IGBIBDAMMLE               2 -> 3
122106,2 fw player          BCHEAICMFGH        116.7549 -> 116.9898
122106,2 fw Controll.static GCHFDAPNBNB               0 -> 1
122121,9 fw player          ACAIGMNLLEC              91 -> 88
122121,9 fw Controll.static IPCNAHJLMAP               0 -> 1
122131,0 fw Controll.static GIPNIMALPEG          0.3474 -> 0.9573
122131,0 fw Controll.static NAKNALFCOIF           120.9 -> 119.7
122140,2 fw Controll.static GCHFDAPNBNB               1 -> 0
122146,3 fw Controll.static IPCNAHJLMAP               1 -> 0
122146,3 fw Controll.static MKFDGFOCKNO        121.7856 -> 121.8356
122146,3 fw Controll.static LEKCBKLAILO        121.8356 -> 121.8856
122146,3 fw Controll.static OFJKHAFJIMA          0.0032 -> 0.0069
122159,2 fw Controll.static GIPNIMALPEG          0.9573 -> 0.521
122159,2 fw Controll.static LCMOBPPHLLM           0.485 -> 0.2425
122165,0 fw Controll.static NAKNALFCOIF           119.7 -> 118.05
122178,1 fw player          ACAIGMNLLEC              88 -> 87
122185,4 fw Controll.static GIPNIMALPEG           0.521 -> 0.0453
122196,8 fw Controll.static NAKNALFCOIF          118.05 -> 116.4
122204,6 fw Controll.static MKFDGFOCKNO        121.8356 -> 121.8856
122204,6 fw Controll.static LEKCBKLAILO        121.8856 -> 121.9356
122204,6 fw Controll.static OFJKHAFJIMA          0.0069 -> 0.0021
122215,0 fw player          HIDMDLLHEKO               1 -> 4
122215,0 fw player          IGBIBDAMMLE               3 -> 4
122215,0 fw player          BCHEAICMFGH        116.9898 -> 117.0969
122215,0 fw Controll.static GIPNIMALPEG          0.0453 -> 0.6371
122222,4 fw player          BDHNEDFEHBA              64 -> 0
122222,4 fw player          ACAIGMNLLEC              87 -> 86
122222,5 fw Controll.static NAKNALFCOIF           116.4 -> 115.05
122240,4 fw Controll.static GIPNIMALPEG          0.6371 -> 0.1446
122240,4 fw Controll.static LCMOBPPHLLM          0.2425 -> 0.485
122253,3 fw Controll.static NAKNALFCOIF          115.05 -> 114
122253,3 fw Controll.static DGNDKAKOEPD          954522 -> 955489
122253,3 fw Controll.static BEJBLGGGOCC       338533679 -> 338534686
122253,3 fw Controll.static JELGPAKAJPE             140 -> 100
122253,3 fw Controll.static EENJPDHGGGC        120.9761 -> 121.943
122259,7 fw Controll.static MKFDGFOCKNO        121.8856 -> 121.9356
122259,7 fw Controll.static LEKCBKLAILO        121.9356 -> 121.9856
122259,7 fw Controll.static OFJKHAFJIMA          0.0021 -> 0.007
122272,1 fw Controll.static GIPNIMALPEG          0.1446 -> 0.7792
122277,8 fw player          HIDMDLLHEKO               4 -> 1
122277,8 fw player          ACAIGMNLLEC              86 -> 84
122277,8 fw Controll.static NAKNALFCOIF             114 -> 113.4
122292,4 fw Controll.static MKFDGFOCKNO        121.9356 -> 121.9856
122292,4 fw Controll.static LEKCBKLAILO        121.9856 -> 122.0357
122292,4 fw Controll.static OFJKHAFJIMA           0.007 -> 0.009
122295,8 fw Controll.static GIPNIMALPEG          0.7792 -> 0.2526
122310,0 fw Controll.static NAKNALFCOIF           113.4 -> 111.75
122327,8 fw player          BDHNEDFEHBA               0 -> 64
122327,8 fw player          ACAIGMNLLEC              84 -> 83
122337,4 fw Controll.static GIPNIMALPEG          0.2526 -> 0.084
122337,4 fw Controll.static NAKNALFCOIF          111.75 -> 110.4
122345,2 fw Controll.static MKFDGFOCKNO        121.9856 -> 122.0357
122345,2 fw Controll.static LEKCBKLAILO        122.0357 -> 122.0857
122357,1 fw Controll.static OFJKHAFJIMA           0.009 -> 0.004
122364,4 fw player          ACAIGMNLLEC              83 -> 81
122364,4 fw Controll.static GIPNIMALPEG           0.084 -> 0.6242
122364,4 fw Controll.static NAKNALFCOIF           110.4 -> 109.35
122382,6 fw player          HOJIIOCKKLO              -1 -> 1
122395,1 fw Controll.static GIPNIMALPEG          0.6242 -> 0.2389
122395,1 fw Controll.static NAKNALFCOIF          109.35 -> 108.6
122414,8 fw Controll.static MKFDGFOCKNO        122.0357 -> 122.0857
122414,8 fw Controll.static LEKCBKLAILO        122.0857 -> 122.1357
122414,8 fw Controll.static OFJKHAFJIMA           0.004 -> 0.0118
122421,5 fw Controll.static GIPNIMALPEG          0.2389 -> 0.7667
122421,5 fw Controll.static NAKNALFCOIF           108.6 -> 108.15
122439,6 fw player          FGFKPMPLNKO        117.2135 -> 117.688
122439,6 fw Controll.static MKFDGFOCKNO        122.0857 -> 122.1357
122439,6 fw Controll.static LEKCBKLAILO        122.1357 -> 122.1857
122439,6 fw Controll.static OFJKHAFJIMA          0.0118 -> 0.0062
122453,3 fw player          ACAIGMNLLEC              81 -> 80
122453,3 fw Controll.static GIPNIMALPEG          0.7667 -> 0.4029
122453,4 fw Controll.static NAKNALFCOIF          108.15 -> 107.7
122472,3 fw player          ACAIGMNLLEC              80 -> 78
122477,6 fw Controll.static GIPNIMALPEG          0.4029 -> 0.8875
122477,6 fw Controll.static NAKNALFCOIF           107.7 -> 107.4
122496,2 fw Controll.static MKFDGFOCKNO        122.1357 -> 122.1857
122496,2 fw Controll.static LEKCBKLAILO        122.1857 -> 122.2357
122496,2 fw Controll.static OFJKHAFJIMA          0.0062 -> 0.0066
122509,4 fw Controll.static GIPNIMALPEG          0.8875 -> 0.5241
122515,3 fw Controll.static NAKNALFCOIF           107.4 -> 106.5
122536,4 fw Controll.static GIPNIMALPEG          0.5241 -> 0.0625
122546,0 fw Controll.static NAKNALFCOIF           106.5 -> 106.05
122555,6 fw player          ACAIGMNLLEC              78 -> 77
122555,6 fw Controll.static MKFDGFOCKNO        122.1857 -> 122.2357
122555,6 fw Controll.static LEKCBKLAILO        122.2357 -> 122.2857
122555,6 fw Controll.static OFJKHAFJIMA          0.0066 -> 0.0029
122562,0 fw Controll.static GIPNIMALPEG          0.0625 -> 0.5743
122573,8 fw player          ACAIGMNLLEC              77 -> 76
122573,8 fw Controll.static NAKNALFCOIF          106.05 -> 105.9
122573,8 fw Controll.static IGLCENGMMMJ         -0.7899 -> -0.6399
122592,0 fw Controll.static GIPNIMALPEG          0.5743 -> 0.1747
122596,9 fw Controll.static NAKNALFCOIF           105.9 -> 105.75
122610,5 fw Controll.static MKFDGFOCKNO        122.2357 -> 122.2857
122610,5 fw Controll.static LEKCBKLAILO        122.2857 -> 122.3357
122610,5 fw Controll.static OFJKHAFJIMA          0.0029 -> 0.0086
122616,6 fw player          HEADELMLILF               1 -> 0
122616,6 fw Controll.static GIPNIMALPEG          0.1747 -> 0.6667
122628,7 fw Controll.static NAKNALFCOIF          105.75 -> 105.6
122636,7 fw Controll.static GCHFDAPNBNB               0 -> 1
122636,7 fw Controll.static IPCNAHJLMAP               0 -> 1
122636,7 fw Controll.static MKFDGFOCKNO        122.2857 -> 122.3357
122636,7 fw Controll.static LEKCBKLAILO        122.3357 -> 122.3857
122636,7 fw Controll.static OFJKHAFJIMA          0.0086 -> 0.0033
122644,5 fw Controll.static GIPNIMALPEG          0.6667 -> 0.2259
122655,5 fw player          BCHEAICMFGH        117.0969 -> 117.5371
122673,9 fw player          IGBIBDAMMLE               4 -> 0
122680,8 fw Controll.static GIPNIMALPEG          0.2259 -> 0.9503
122680,8 fw Controll.static NAKNALFCOIF           105.6 -> 105.3
122691,2 fw Controll.static GCHFDAPNBNB               1 -> 0
122691,2 fw Controll.static IPCNAHJLMAP               1 -> 0
122691,2 fw Controll.static MKFDGFOCKNO        122.3357 -> 122.3857
122691,2 fw Controll.static LEKCBKLAILO        122.3857 -> 122.4357
122696,8 fw player          HEADELMLILF               0 -> 1
122696,8 fw Controll.static OFJKHAFJIMA          0.0033 -> 0.0078
122709,9 fw Controll.static GIPNIMALPEG          0.9503 -> 0.5337
122709,9 fw Controll.static LCMOBPPHLLM           0.485 -> 0.2425
122716,2 fw player          ACAIGMNLLEC              76 -> 75
122739,5 fw player          HEADELMLILF               1 -> 0
122739,6 fw Controll.static GIPNIMALPEG          0.5337 -> 0.1261
122739,6 fw Controll.static NAKNALFCOIF           105.3 -> 105
122739,6 fw Controll.static IGLCENGMMMJ         -0.6399 -> -0.4899
122757,7 fw player          IGBIBDAMMLE               0 -> 1
122757,7 fw player          BCHEAICMFGH        117.5371 -> 117.6376
122757,7 fw Controll.static MKFDGFOCKNO        122.3857 -> 122.4357
122757,7 fw Controll.static LEKCBKLAILO        122.4357 -> 122.4857
122757,7 fw Controll.static OFJKHAFJIMA          0.0078 -> 0.0061
122763,8 fw Controll.static GIPNIMALPEG          0.1261 -> 0.6107
122763,8 fw Controll.static NAKNALFCOIF             105 -> 104.7
122787,1 fw Controll.static MKFDGFOCKNO        122.4357 -> 122.4857
122787,1 fw Controll.static LEKCBKLAILO        122.4857 -> 122.5358
122787,1 fw Controll.static OFJKHAFJIMA          0.0061 -> 0.0037
122801,0 fw player          HIDMDLLHEKO               1 -> 4
122801,0 fw player          BDHNEDFEHBA              64 -> 0
122801,0 fw Controll.static GIPNIMALPEG          0.6107 -> 0.3549
122801,0 fw Controll.static NAKNALFCOIF           104.7 -> 103.8
122801,0 fw Controll.static IGLCENGMMMJ         -0.4899 -> -0.3399
122801,0 fw Controll.static EPEEFBDJAHO               1 -> 0
122826,4 fw player          ACAIGMNLLEC              75 -> 74
122826,4 fw player          HEADELMLILF               0 -> 1
122826,4 fw Controll.static GIPNIMALPEG          0.3549 -> 0.8631
122826,4 fw Controll.static NAKNALFCOIF           103.8 -> 102.6
122840,0 fw player          HIDMDLLHEKO               4 -> 1
122840,0 fw player          HOJIIOCKKLO               1 -> -1
122840,0 fw Controll.static IGLCENGMMMJ         -0.3399 -> -0.0399
122845,2 fw Controll.static MKFDGFOCKNO        122.4857 -> 122.5358
122845,2 fw Controll.static LEKCBKLAILO        122.5358 -> 122.5858
122845,2 fw Controll.static OFJKHAFJIMA          0.0037 -> 0.0066
122858,5 fw Controll.static GIPNIMALPEG          0.8631 -> 0.5052
122863,7 fw player          IGBIBDAMMLE               1 -> 2
122863,7 fw player          BCHEAICMFGH        117.6376 -> 117.7489
122863,7 fw Controll.static NAKNALFCOIF           102.6 -> 101.4
122863,7 fw Controll.static IGLCENGMMMJ         -0.0399 -> 0.1101
122882,7 fw Controll.static GIPNIMALPEG          0.5052 -> 0.9879
122895,8 fw Controll.static NAKNALFCOIF           101.4 -> 99.75
122895,8 fw Controll.static IGLCENGMMMJ          0.1101 -> 0.5601
122904,3 fw Controll.static MKFDGFOCKNO        122.5358 -> 122.5858
122904,3 fw Controll.static LEKCBKLAILO        122.5858 -> 122.6358
122904,3 fw Controll.static OFJKHAFJIMA          0.0066 -> 0.0123
122915,1 fw Controll.static GIPNIMALPEG          0.9879 -> 0.6349
122920,5 fw player          FGFKPMPLNKO         117.688 -> 118.4035
122920,5 fw Controll.static NAKNALFCOIF           99.75 -> 99
122942,2 fw Controll.static GIPNIMALPEG          0.6349 -> 0.1786
122950,6 fw Controll.static NAKNALFCOIF              99 -> 97.8
122961,1 fw Controll.static MKFDGFOCKNO        122.5858 -> 122.6358
122961,1 fw Controll.static LEKCBKLAILO        122.6358 -> 122.6858
122961,1 fw Controll.static OFJKHAFJIMA          0.0123 -> 0.0087
122972,3 fw player          IGBIBDAMMLE               2 -> 3
122972,3 fw player          BCHEAICMFGH        117.7489 -> 117.8528
122972,4 fw player          HEADELMLILF               1 -> 0
122972,4 fw Controll.static GIPNIMALPEG          0.1786 -> 0.7813
122978,6 fw Controll.static NAKNALFCOIF            97.8 -> 96.9
122992,7 fw Controll.static MKFDGFOCKNO        122.6358 -> 122.6858
122992,7 fw Controll.static LEKCBKLAILO        122.6858 -> 122.7358
122992,7 fw Controll.static OFJKHAFJIMA          0.0087 -> 0.009
122998,6 fw Controll.static GIPNIMALPEG          0.7813 -> 0.3048
123011,4 fw Controll.static NAKNALFCOIF            96.9 -> 96.15
123039,9 fw Controll.static GIPNIMALPEG          0.3048 -> 0.1313
123039,9 fw Controll.static NAKNALFCOIF           96.15 -> 95.85
123046,6 fw Controll.static MKFDGFOCKNO        122.6858 -> 122.7358
123046,6 fw Controll.static LEKCBKLAILO        122.7358 -> 122.7858
123058,9 fw player          ACAIGMNLLEC              74 -> 72
123058,9 fw player          HEADELMLILF               0 -> 1
123059,0 fw Controll.static OFJKHAFJIMA           0.009 -> 0.0063
123064,6 fw Controll.static GIPNIMALPEG          0.1313 -> 0.6259
123064,6 fw Controll.static NAKNALFCOIF           95.85 -> 95.7
123078,2 fw player          IGBIBDAMMLE               3 -> 4
123078,2 fw player          BCHEAICMFGH        117.8528 -> 117.9572
123087,0 fw Controll.static MKFDGFOCKNO        122.7358 -> 122.7858
123087,0 fw Controll.static LEKCBKLAILO        122.7858 -> 122.8358
123087,0 fw Controll.static OFJKHAFJIMA          0.0063 -> 0.0035
123102,3 fw player          LNIDBHIAJJI             255 -> 0
123102,3 fw player          ACAIGMNLLEC              72 -> 70
123102,3 fw Controll.static GIPNIMALPEG          0.6259 -> 0.38
123102,3 fw Controll.static LCMOBPPHLLM          0.2425 -> 0.485
123102,4 fw Controll.static NAKNALFCOIF            95.7 -> 95.2499
123126,4 fw Controll.static GIPNIMALPEG            0.38 -> 0.8611
123126,4 fw Controll.static NAKNALFCOIF         95.2499 -> 94.7999
123144,3 fw player          ACAIGMNLLEC              70 -> 69
123144,4 fw Controll.static MKFDGFOCKNO        122.7858 -> 122.8358
123144,4 fw Controll.static LEKCBKLAILO        122.8358 -> 122.8858
123144,4 fw Controll.static OFJKHAFJIMA          0.0035 -> 0.0058
123157,9 fw Controll.static GIPNIMALPEG          0.8611 -> 0.4914
123157,9 fw Controll.static NAKNALFCOIF         94.7999 -> 94.3499
123182,9 fw player          ACAIGMNLLEC              69 -> 68
123182,9 fw Controll.static GIPNIMALPEG          0.4914 -> 0.9901
123182,9 fw Controll.static NAKNALFCOIF         94.3499 -> 93.8999
123202,8 fw Controll.static MKFDGFOCKNO        122.8358 -> 122.8858
123202,8 fw Controll.static LEKCBKLAILO        122.8858 -> 122.9358
123202,8 fw Controll.static OFJKHAFJIMA          0.0058 -> 0.0106
123211,6 fw Controll.static GIPNIMALPEG          0.9901 -> 0.5644
123218,8 fw Controll.static NAKNALFCOIF         93.8999 -> 93.5999
123237,6 fw Controll.static GIPNIMALPEG          0.5644 -> 0.0843
123247,0 fw player          BDHNEDFEHBA               0 -> 64
123247,0 fw player          HEADELMLILF               1 -> 0
123247,0 fw Controll.static NAKNALFCOIF         93.5999 -> 93.4499
123254,0 fw Controll.static MKFDGFOCKNO        122.8858 -> 122.9358
123254,0 fw Controll.static LEKCBKLAILO        122.9358 -> 122.9858
123254,0 fw Controll.static OFJKHAFJIMA          0.0106 -> 0.004
123262,9 fw Controll.static GIPNIMALPEG          0.0843 -> 0.5909
123277,7 fw player          HOJIIOCKKLO              -1 -> 1
123287,3 fw Controll.static GIPNIMALPEG          0.5909 -> 0.0785
123302,8 fw player          ACAIGMNLLEC              68 -> 67
123302,8 fw player          HEADELMLILF               0 -> 1
123302,8 fw Controll.static MKFDGFOCKNO        122.9358 -> 122.9858
123302,8 fw Controll.static LEKCBKLAILO        122.9858 -> 123.0359
123302,8 fw Controll.static OFJKHAFJIMA           0.004 -> 0.0037
123312,3 fw Controll.static GIPNIMALPEG          0.0785 -> 0.5778
123335,2 fw Controll.static GIPNIMALPEG          0.5778 -> 0.0373
123352,5 fw Controll.static MKFDGFOCKNO        122.9858 -> 123.0359
123352,5 fw Controll.static LEKCBKLAILO        123.0359 -> 123.0859
123352,5 fw Controll.static OFJKHAFJIMA          0.0037 -> 0.0017
123371,3 fw Controll.static GIPNIMALPEG          0.0373 -> 0.7592
123371,4 fw Controll.static NAKNALFCOIF         93.4499 -> 93.1499
123371,4 fw Controll.static DGNDKAKOEPD          955489 -> 956593
123371,4 fw Controll.static BEJBLGGGOCC       338534686 -> 338535684
123371,4 fw Controll.static JELGPAKAJPE             100 -> 205
123371,4 fw Controll.static EENJPDHGGGC         121.943 -> 123.0466
123376,1 fw player          HEADELMLILF               1 -> 0
123389,1 fw Controll.static OFJKHAFJIMA          0.0017 -> 0.0054
123393,9 fw Controll.static GIPNIMALPEG          0.7592 -> 0.2093
123411,2 fw Controll.static MKFDGFOCKNO        123.0359 -> 123.0859
123411,2 fw Controll.static LEKCBKLAILO        123.0859 -> 123.1359
123421,1 fw Controll.static GIPNIMALPEG          0.2093 -> 0.7539
123421,1 fw Controll.static NAKNALFCOIF         93.1499 -> 92.9999
123426,4 fw player          ACAIGMNLLEC              67 -> 66
123426,4 fw player          HEADELMLILF               0 -> 1
123438,9 fw Controll.static MKFDGFOCKNO        123.0859 -> 123.1359
123438,9 fw Controll.static LEKCBKLAILO        123.1359 -> 123.1859
123438,9 fw Controll.static OFJKHAFJIMA          0.0054 -> 0.0052
123446,6 fw player          HEADELMLILF               1 -> 0
123446,6 fw Controll.static GIPNIMALPEG          0.7539 -> 0.2627
123446,6 fw Controll.static NAKNALFCOIF         92.9999 -> 92.6999
123474,7 fw Controll.static GIPNIMALPEG          0.2627 -> 0.8259
123474,7 fw Controll.static NAKNALFCOIF         92.6999 -> 92.3999
123492,6 fw Controll.static MKFDGFOCKNO        123.1359 -> 123.1859
123492,6 fw Controll.static LEKCBKLAILO        123.1859 -> 123.2359
123492,6 fw Controll.static OFJKHAFJIMA          0.0052 -> 0.0088
123497,4 fw Controll.static GIPNIMALPEG          0.8259 -> 0.2783
123497,4 fw Controll.static NAKNALFCOIF         92.3999 -> 92.0999
123530,1 fw Controll.static GIPNIMALPEG          0.2783 -> 0.9332
123535,1 fw Controll.static NAKNALFCOIF         92.0999 -> 91.6499
123545,7 fw Controll.static MKFDGFOCKNO        123.1859 -> 123.2359
123545,7 fw Controll.static LEKCBKLAILO        123.2359 -> 123.2859
123545,7 fw Controll.static OFJKHAFJIMA          0.0088 -> 0.0015
123552,8 fw Controll.static GIPNIMALPEG          0.9332 -> 0.3886
123561,1 fw Controll.static NAKNALFCOIF         91.6499 -> 91.1999
123579,8 fw Controll.static GIPNIMALPEG          0.3886 -> 0.9271
123584,7 fw Controll.static NAKNALFCOIF         91.1999 -> 90.8999
123597,3 fw Controll.static MKFDGFOCKNO        123.2359 -> 123.2859
123597,3 fw Controll.static LEKCBKLAILO        123.2859 -> 123.3359
123597,3 fw Controll.static OFJKHAFJIMA          0.0015 -> 0.0009
123602,7 fw player          ACAIGMNLLEC              66 -> 65
123602,8 fw player          HEADELMLILF               0 -> 1
123602,8 fw Controll.static GIPNIMALPEG          0.9271 -> 0.3858
123615,8 fw player          FGFKPMPLNKO        118.4035 -> 118.8713
123615,8 fw Controll.static NAKNALFCOIF         90.8999 -> 90.5999
123633,7 fw Controll.static GIPNIMALPEG          0.3858 -> 0.0044
123638,5 fw Controll.static NAKNALFCOIF         90.5999 -> 90.1499
123651,8 fw Controll.static MKFDGFOCKNO        123.2859 -> 123.3359
123651,8 fw Controll.static LEKCBKLAILO        123.3359 -> 123.3859
123651,8 fw Controll.static OFJKHAFJIMA          0.0009 -> 0.0001
123656,1 fw Controll.static GIPNIMALPEG          0.0044 -> 0.4531
123668,6 fw Controll.static NAKNALFCOIF         90.1499 -> 89.2499
123686,9 fw player          HEADELMLILF               1 -> 0
123692,4 fw Controll.static GIPNIMALPEG          0.4531 -> 0.1777
123692,4 fw Controll.static NAKNALFCOIF         89.2499 -> 88.7999
123704,1 fw Controll.static MKFDGFOCKNO        123.3359 -> 123.3859
123704,1 fw Controll.static LEKCBKLAILO        123.3859 -> 123.436
123710,4 fw Controll.static OFJKHAFJIMA          0.0001 -> 0.0033
123719,9 fw player          ACAIGMNLLEC              65 -> 64
123719,9 fw player          HEADELMLILF               0 -> 1
123719,9 fw Controll.static GIPNIMALPEG          0.1777 -> 0.729
123719,9 fw Controll.static NAKNALFCOIF         88.7999 -> 88.4999
123737,3 fw player          HOJIIOCKKLO               1 -> -1
123737,3 fw Controll.static MKFDGFOCKNO        123.3859 -> 123.436
123737,3 fw Controll.static LEKCBKLAILO         123.436 -> 123.486
123737,3 fw Controll.static OFJKHAFJIMA          0.0033 -> 0.0036
123742,4 fw Controll.static GIPNIMALPEG           0.729 -> 0.1789
123742,4 fw Controll.static NAKNALFCOIF         88.4999 -> 87.8999
123759,8 fw player          HEADELMLILF               1 -> 0
123771,1 fw Controll.static GIPNIMALPEG          0.1789 -> 0.7516
123771,1 fw Controll.static NAKNALFCOIF         87.8999 -> 86.8499
123771,1 fw Controll.static IGLCENGMMMJ          0.5601 -> 0.4101
123787,5 fw Controll.static MKFDGFOCKNO         123.436 -> 123.486
123787,5 fw Controll.static LEKCBKLAILO         123.486 -> 123.536
123787,5 fw Controll.static OFJKHAFJIMA          0.0036 -> 0.0038
123792,6 fw Controll.static GIPNIMALPEG          0.7516 -> 0.182
123792,6 fw Controll.static NAKNALFCOIF         86.8499 -> 86.3999
123803,8 fw Controll.static GCHFDAPNBNB               0 -> 1
123808,3 fw player          IGBIBDAMMLE               4 -> 0
123808,3 fw player          BCHEAICMFGH        117.9572 -> 118.6954
123808,3 fw player          ACAIGMNLLEC              64 -> 63
123808,3 fw player          HEADELMLILF               0 -> 1
123808,3 fw Controll.static IPCNAHJLMAP               0 -> 1
123819,7 fw Controll.static GIPNIMALPEG           0.182 -> 0.724
123819,7 fw Controll.static NAKNALFCOIF         86.3999 -> 85.0499
123824,7 fw Controll.static IGLCENGMMMJ          0.4101 -> 0.2601
123837,2 fw Controll.static IPCNAHJLMAP               1 -> 0
123837,2 fw Controll.static MKFDGFOCKNO         123.486 -> 123.536
123837,2 fw Controll.static LEKCBKLAILO         123.536 -> 123.586
123837,2 fw Controll.static OFJKHAFJIMA          0.0038 -> 0.0035
123842,2 fw Controll.static GIPNIMALPEG           0.724 -> 0.1748
123842,2 fw Controll.static LCMOBPPHLLM           0.485 -> 0.2425
123853,6 fw Controll.static NAKNALFCOIF         85.0499 -> 83.5499
123853,6 fw Controll.static IGLCENGMMMJ          0.2601 -> -0.0399
123853,6 fw Controll.static GCHFDAPNBNB               1 -> 0
123870,3 fw Controll.static GIPNIMALPEG          0.1748 -> 0.7368
123875,8 fw Controll.static NAKNALFCOIF         83.5499 -> 82.3499
123887,8 fw player          ACAIGMNLLEC              63 -> 62
123887,9 fw Controll.static MKFDGFOCKNO         123.536 -> 123.586
123887,9 fw Controll.static LEKCBKLAILO         123.586 -> 123.636
123887,9 fw Controll.static OFJKHAFJIMA          0.0035 -> 0.0041
123895,3 fw Controll.static GIPNIMALPEG          0.7368 -> 0.2346
123904,5 fw Controll.static NAKNALFCOIF         82.3499 -> 80.6999
123919,3 fw player          HIDMDLLHEKO               1 -> 4
123919,3 fw player          IGBIBDAMMLE               0 -> 1
123919,4 fw player          BCHEAICMFGH        118.6954 -> 118.7962
123919,4 fw player          BDHNEDFEHBA              64 -> 0
123919,4 fw player          ACAIGMNLLEC              62 -> 61
123919,4 fw Controll.static GIPNIMALPEG          0.2346 -> 0.7173
123932,2 fw Controll.static NAKNALFCOIF         80.6999 -> 79.0499
123938,7 fw Controll.static MKFDGFOCKNO         123.586 -> 123.636
123938,7 fw Controll.static LEKCBKLAILO         123.636 -> 123.686
123938,7 fw Controll.static OFJKHAFJIMA          0.0041 -> 0.0048
123952,0 fw Controll.static GIPNIMALPEG          0.7173 -> 0.3686
123956,1 fw player          HIDMDLLHEKO               4 -> 1
123956,1 fw Controll.static NAKNALFCOIF         79.0499 -> 77.6999
123967,8 fw player          ACAIGMNLLEC              61 -> 60
123973,8 fw Controll.static GIPNIMALPEG          0.3686 -> 0.8038
123985,2 fw Controll.static NAKNALFCOIF         77.6999 -> 75.5999
123991,3 fw Controll.static MKFDGFOCKNO         123.636 -> 123.686
123991,3 fw Controll.static LEKCBKLAILO         123.686 -> 123.736
123991,3 fw Controll.static OFJKHAFJIMA          0.0048 -> 0.0012
124007,1 fw Controll.static GIPNIMALPEG          0.8038 -> 0.471
124007,1 fw Controll.static NAKNALFCOIF         75.5999 -> 73.3499
124018,8 fw player          IGBIBDAMMLE               1 -> 2
124018,8 fw player          BCHEAICMFGH        118.7962 -> 118.8997
124018,8 fw player          LNIDBHIAJJI               0 -> 255
124018,8 fw player          ACAIGMNLLEC              60 -> 58
124035,3 fw Controll.static GIPNIMALPEG           0.471 -> 0.0358
124035,4 fw Controll.static NAKNALFCOIF         73.3499 -> 71.0999
124052,0 fw Controll.static MKFDGFOCKNO         123.686 -> 123.736
124052,0 fw Controll.static LEKCBKLAILO         123.736 -> 123.786
124052,0 fw Controll.static OFJKHAFJIMA          0.0012 -> 0.0015
124056,8 fw player          ACAIGMNLLEC              58 -> 55
124056,9 fw Controll.static GIPNIMALPEG          0.0358 -> 0.4662
124056,9 fw Controll.static NAKNALFCOIF         71.0999 -> 70.0499
124086,4 fw player          FGFKPMPLNKO        118.8713 -> 119.5854
124086,4 fw Controll.static GIPNIMALPEG          0.4662 -> 0.0576
124086,4 fw Controll.static NAKNALFCOIF         70.0499 -> 67.4999
124104,4 fw Controll.static MKFDGFOCKNO         123.736 -> 123.786
124104,4 fw Controll.static LEKCBKLAILO         123.786 -> 123.8361
124104,4 fw Controll.static OFJKHAFJIMA          0.0015 -> 0.0027
124110,6 fw player          ACAIGMNLLEC              55 -> 53
124110,6 fw Controll.static GIPNIMALPEG          0.0576 -> 0.5416
124110,7 fw Controll.static NAKNALFCOIF         67.4999 -> 66.4499
124127,0 fw player          IGBIBDAMMLE               2 -> 3
124127,0 fw player          BCHEAICMFGH        118.8997 -> 119.0017
124140,5 fw Controll.static GIPNIMALPEG          0.5416 -> 0.1383
124140,5 fw Controll.static NAKNALFCOIF         66.4499 -> 65.3999
124159,2 fw player          ACAIGMNLLEC              53 -> 50
124159,2 fw Controll.static MKFDGFOCKNO         123.786 -> 123.8361
124159,2 fw Controll.static LEKCBKLAILO        123.8361 -> 123.8861
124159,2 fw Controll.static OFJKHAFJIMA          0.0027 -> 0.0067
124164,4 fw Controll.static GIPNIMALPEG          0.1383 -> 0.6147
124179,2 fw Controll.static NAKNALFCOIF         65.3999 -> 64.9499
124184,4 fw Controll.static MKFDGFOCKNO        123.8361 -> 123.8861
124184,4 fw Controll.static LEKCBKLAILO        123.8861 -> 123.9361
124184,4 fw Controll.static OFJKHAFJIMA          0.0067 -> 0.0006
124198,0 fw Controll.static GIPNIMALPEG          0.6147 -> 0.2876
124202,3 fw Controll.static NAKNALFCOIF         64.9499 -> 64.3499
124202,3 fw Controll.static IGLCENGMMMJ         -0.0399 -> -0.3399
124202,3 fw Controll.static EPEEFBDJAHO               0 -> -1
124221,6 fw player          ACAIGMNLLEC              50 -> 47
124221,7 fw Controll.static GIPNIMALPEG          0.2876 -> 0.7615
124234,4 fw player          IGBIBDAMMLE               3 -> 4
124234,5 fw player          BCHEAICMFGH        119.0017 -> 119.1082
124234,5 fw Controll.static NAKNALFCOIF         64.3499 -> 64.0499
124234,5 fw Controll.static IGLCENGMMMJ         -0.3399 -> -0.4899
124238,8 fw Controll.static MKFDGFOCKNO        123.8861 -> 123.9361
124238,8 fw Controll.static LEKCBKLAILO        123.9361 -> 123.9861
124251,0 fw Controll.static GIPNIMALPEG          0.7615 -> 0.3483
124251,0 fw Controll.static LCMOBPPHLLM          0.2425 -> 0.485
124256,3 fw Controll.static NAKNALFCOIF         64.0499 -> 63.7499
124256,3 fw Controll.static IGLCENGMMMJ         -0.4899 -> -0.6399
124256,3 fw Controll.static DGNDKAKOEPD          956593 -> 957488
124256,3 fw Controll.static BEJBLGGGOCC       338535684 -> 338536685
124256,3 fw Controll.static JELGPAKAJPE             205 -> 99
124256,3 fw Controll.static EENJPDHGGGC        123.0466 -> 123.9416
124273,5 fw player          LBKINNIDKEC               1 -> 0
124273,5 fw player          ACAIGMNLLEC              47 -> 46
124273,5 fw Controll.static GIPNIMALPEG          0.3483 -> 0.798
124286,1 fw Controll.static NAKNALFCOIF         63.7499 -> 63.4499
124286,2 fw Controll.static IGLCENGMMMJ         -0.6399 -> -2.7399
124292,2 fw player          HOJIIOCKKLO              -1 -> 1
124292,2 fw Controll.static MKFDGFOCKNO        123.9361 -> 123.9861
124292,2 fw Controll.static LEKCBKLAILO        123.9861 -> 124.0361
124292,2 fw Controll.static OFJKHAFJIMA          0.0006 -> 0.0023
124304,0 fw Controll.static GIPNIMALPEG           0.798 -> 0.4081
124310,2 fw player          BDHNEDFEHBA               0 -> 64
124310,2 fw Controll.static NAKNALFCOIF         63.4499 -> 63.2999
124310,2 fw Controll.static IGLCENGMMMJ         -2.7399 -> -7.3899
124321,2 fw player          HEADELMLILF               1 -> 0
124341,1 fw Controll.static GIPNIMALPEG          0.4081 -> 0.149
124341,1 fw Controll.static IGLCENGMMMJ         -7.3899 -> -16.0899
124351,1 fw Controll.static MKFDGFOCKNO        123.9861 -> 124.0361
124351,1 fw Controll.static LEKCBKLAILO        124.0361 -> 124.0861
124360,1 fw player          ACAIGMNLLEC              46 -> 45
124360,1 fw player          HEADELMLILF               0 -> 1
124360,1 fw Controll.static OFJKHAFJIMA          0.0023 -> 0.0072
124367,3 fw Controll.static GIPNIMALPEG           0.149 -> 0.6741
124367,4 fw Controll.static IGLCENGMMMJ        -16.0899 -> -22.3899
124394,2 fw Controll.static GIPNIMALPEG          0.6741 -> 0.211
124394,2 fw Controll.static NAKNALFCOIF         63.2999 -> 62.8499
124394,2 fw Controll.static IGLCENGMMMJ        -22.3899 -> -28.9899
124400,6 fw Controll.static GCHFDAPNBNB               0 -> 1
124400,6 fw Controll.static IPCNAHJLMAP               0 -> 1
124410,9 fw player          IGBIBDAMMLE               4 -> 0
124410,9 fw player          BCHEAICMFGH        119.1082 -> 119.2852
124411,0 fw Controll.static MKFDGFOCKNO        124.0361 -> 124.0861
124411,0 fw Controll.static LEKCBKLAILO        124.0861 -> 124.1361
124411,0 fw Controll.static OFJKHAFJIMA          0.0072 -> 0.0103
124416,4 fw player          LNIDBHIAJJI             255 -> 254
124416,4 fw player          HEADELMLILF               1 -> 0
124416,4 fw Controll.static GIPNIMALPEG           0.211 -> 0.6556
124416,5 fw Controll.static NAKNALFCOIF         62.8499 -> 61.7999
124416,5 fw Controll.static IGLCENGMMMJ        -28.9899 -> -34.9899
124439,5 fw Controll.static GIPNIMALPEG          0.6556 -> 0.1159
124439,5 fw Controll.static LCMOBPPHLLM           0.485 -> 0.2425
124439,5 fw Controll.static NAKNALFCOIF         61.7999 -> 60.7499
124439,5 fw Controll.static IGLCENGMMMJ        -34.9899 -> -39.0399
124449,1 fw Controll.static JEOINCHFPCC               1 -> 0
124449,1 fw Controll.static GCHFDAPNBNB               1 -> 0
124453,6 fw Controll.static IPCNAHJLMAP               1 -> 0
124453,6 fw Controll.static MKFDGFOCKNO        124.0861 -> 124.1361
124453,6 fw Controll.static LEKCBKLAILO        124.1361 -> 124.1861
124453,6 fw Controll.static OFJKHAFJIMA          0.0103 -> 0.0056
124465,2 fw Controll.static GIPNIMALPEG          0.1159 -> 0.6309
124465,2 fw Controll.static NAKNALFCOIF         60.7499 -> 59.8499
124470,1 fw Controll.static IGLCENGMMMJ        -39.0399 -> -41.7399
124481,0 fw player          LNIDBHIAJJI             254 -> 244
124487,3 fw Controll.static GIPNIMALPEG          0.6309 -> 0.0733
124500,5 fw Controll.static NAKNALFCOIF         59.8499 -> 59.3999
124500,6 fw Controll.static IGLCENGMMMJ        -41.7399 -> -42.6399
124503,7 fw Controll.static MKFDGFOCKNO        124.1361 -> 124.1862
124503,7 fw Controll.static LEKCBKLAILO        124.1861 -> 124.2362
124503,7 fw Controll.static OFJKHAFJIMA          0.0056 -> 0.0035
124515,8 fw player          IGBIBDAMMLE               0 -> 1
124515,8 fw player          BCHEAICMFGH        119.2852 -> 119.3905
124515,8 fw Controll.static GIPNIMALPEG          0.0733 -> 0.6423
124519,5 fw Controll.static NAKNALFCOIF         59.3999 -> 58.9499
124519,5 fw Controll.static IGLCENGMMMJ        -42.6399 -> -43.2399
124537,5 fw player          BDHNEDFEHBA              64 -> 0
124537,5 fw player          LNIDBHIAJJI             244 -> 235
124537,5 fw player          ACAIGMNLLEC              45 -> 44
124537,5 fw player          HEADELMLILF               0 -> 1
124537,6 fw Controll.static GIPNIMALPEG          0.6423 -> 0.0771
124537,6 fw Controll.static LCMOBPPHLLM          0.2425 -> 0.485
124549,9 fw Controll.static NAKNALFCOIF         58.9499 -> 57.7499
124549,9 fw Controll.static IGLCENGMMMJ        -43.2399 -> -44.4399
124550,0 fw Controll.static GCHFDAPNBNB               0 -> 1
124561,0 fw player          HIDMDLLHEKO               1 -> 4
124561,0 fw Controll.static IPCNAHJLMAP               0 -> 1
124561,0 fw Controll.static MKFDGFOCKNO        124.1862 -> 124.2362
124561,0 fw Controll.static LEKCBKLAILO        124.2362 -> 124.2862
124561,0 fw Controll.static OFJKHAFJIMA          0.0035 -> 0.0036
124568,5 fw Controll.static MNHBPCOOMLE          953764 -> 958017
124568,5 fw Controll.static GIPNIMALPEG          0.0771 -> 0.6956
124568,5 fw Controll.static ANDBANJHOLD        110.3814 -> 119.4095
124568,5 fw Controll        MJPKOOHJOPA        110.6314 -> 119.6595
124576,8 fw player          HIDMDLLHEKO               4 -> 1
124576,8 fw player          LNIDBHIAJJI             235 -> 228
124576,8 fw player          ACAIGMNLLEC              44 -> 43
124576,8 fw Controll.static NAKNALFCOIF         57.7499 -> 14.1338
124576,8 fw Controll.static IGLCENGMMMJ        -44.4399 -> -51.1047
124583,4 fw Controll.static GLGCAOADGMN               0 -> 1
124591,6 fw Controll.static GIPNIMALPEG          0.6956 -> 0.1571
124597,8 fw Controll.static LCMOBPPHLLM           0.485 -> 0.2425
124597,8 fw Controll.static NAKNALFCOIF         14.1338 -> 13.0838
124597,8 fw Controll.static IGLCENGMMMJ        -51.1047 -> -52.3047
124604,3 fw player          IGBIBDAMMLE               1 -> 2
124604,3 fw player          BCHEAICMFGH        119.3905 -> 119.4905
124604,3 fw Controll.static GCHFDAPNBNB               1 -> 0
124604,3 fw Controll.static IPCNAHJLMAP               1 -> 0
124604,3 fw Controll.static MKFDGFOCKNO        124.2362 -> 124.2862
124604,3 fw Controll.static LEKCBKLAILO        124.2862 -> 124.3362
124604,3 fw Controll.static OFJKHAFJIMA          0.0036 -> 0.0076
124611,2 fw player          BDHNEDFEHBA               0 -> 64
124611,2 fw player          LNIDBHIAJJI             228 -> 225
124611,3 fw player          ACAIGMNLLEC              43 -> 42
124611,3 fw Controll.static GIPNIMALPEG          0.1571 -> 0.5512
124616,6 fw Controll.static NAKNALFCOIF         13.0838 -> 12.4838
124616,6 fw Controll.static IGLCENGMMMJ        -52.3047 -> -53.3547
124638,0 fw Controll.static GIPNIMALPEG          0.5512 -> 0.0862
124638,0 fw Controll.static NAKNALFCOIF         12.4838 -> 11.4338
124638,0 fw Controll.static IGLCENGMMMJ        -53.3547 -> -55.1547
124648,4 fw Controll.static MKFDGFOCKNO        124.2862 -> 124.3362
124648,4 fw Controll.static LEKCBKLAILO        124.3362 -> 124.3862
124651,3 fw player          HIDMDLLHEKO               1 -> 4
124651,3 fw player          BDHNEDFEHBA              64 -> 0
124651,3 fw player          LNIDBHIAJJI             225 -> 224
124651,4 fw Controll.static OFJKHAFJIMA          0.0076 -> 0.0041
124660,1 fw player          ACAIGMNLLEC              42 -> 41
124660,1 fw Controll.static GIPNIMALPEG          0.0862 -> 0.5284
124660,1 fw Controll.static NAKNALFCOIF         11.4338 -> 10.5338
124660,1 fw Controll.static IGLCENGMMMJ        -55.1547 -> -56.6547
124677,4 fw Controll.static GIPNIMALPEG          0.5284 -> 0.8743
124677,4 fw Controll.static NAKNALFCOIF         10.5338 -> 10.0838
124677,4 fw Controll.static IGLCENGMMMJ        -56.6547 -> -57.5547
124690,6 fw Controll.static MKFDGFOCKNO        124.3362 -> 124.3862
124690,6 fw Controll.static LEKCBKLAILO        124.3862 -> 124.4362
124690,6 fw Controll.static OFJKHAFJIMA          0.0041 -> 0.0023
124699,7 fw Controll.static GIPNIMALPEG          0.8743 -> 0.3196
124699,7 fw Controll.static NAKNALFCOIF         10.0838 -> 9.6338
124699,7 fw Controll.static IGLCENGMMMJ        -57.5547 -> -58.3047
124714,4 fw player          HIDMDLLHEKO               4 -> 1
124714,4 fw player          IGBIBDAMMLE               2 -> 3
124714,4 fw player          BCHEAICMFGH        119.4905 -> 119.591
124714,4 fw player          LNIDBHIAJJI             224 -> 218
124714,4 fw player          ACAIGMNLLEC              41 -> 9
124717,5 fw Controll.static GIPNIMALPEG          0.3196 -> 0.6759
124717,5 fw Controll.static NAKNALFCOIF          9.6338 -> 9.4838
124717,5 fw Controll.static IGLCENGMMMJ        -58.3047 -> -58.4547
124726,4 fw player          HOJIIOCKKLO               1 -> -1
124738,6 fw Controll.static GIPNIMALPEG          0.6759 -> 0.0982
124738,6 fw Controll.static NAKNALFCOIF          9.4838 -> 9.3338
124748,9 fw Controll.static IGLCENGMMMJ        -58.4547 -> -58.6047
124751,7 fw Controll.static MKFDGFOCKNO        124.3862 -> 124.4362
124751,7 fw Controll.static LEKCBKLAILO        124.4362 -> 124.4862
124751,7 fw Controll.static OFJKHAFJIMA          0.0023 -> 0.0046
124760,4 fw player          LNIDBHIAJJI             218 -> 216
124760,4 fw player          ACAIGMNLLEC               9 -> 8
124760,4 fw Controll.static GIPNIMALPEG          0.0982 -> 0.5334
124766,0 fw Controll.static NAKNALFCOIF          9.3338 -> 8.5838
124766,0 fw Controll.static IGLCENGMMMJ        -58.6047 -> -58.9047
124778,5 fw Controll.static GIPNIMALPEG          0.5334 -> 0.895
124787,6 fw Controll.static NAKNALFCOIF          8.5838 -> 8.2838
124791,9 fw Controll.static MKFDGFOCKNO        124.4362 -> 124.4862
124791,9 fw Controll.static LEKCBKLAILO        124.4862 -> 124.5362
124791,9 fw Controll.static OFJKHAFJIMA          0.0046 -> 0.0037
124800,9 fw Controll.static GIPNIMALPEG           0.895 -> 0.3423
124804,5 fw player          LNIDBHIAJJI             216 -> 214
124804,5 fw player          ACAIGMNLLEC               8 -> 7
124804,5 fw Controll.static NAKNALFCOIF          8.2838 -> 7.6838
124804,5 fw Controll.static IGLCENGMMMJ        -58.9047 -> -59.2047
124814,1 fw player          FGFKPMPLNKO        119.5854 -> 120.3009
124814,1 fw player          IGBIBDAMMLE               3 -> 4
124814,1 fw player          BCHEAICMFGH         119.591 -> 119.6934
124818,0 fw Controll.static GIPNIMALPEG          0.3423 -> 0.6846
124826,7 fw Controll.static NAKNALFCOIF          7.6838 -> 7.3838
124840,8 fw Controll.static GIPNIMALPEG          0.6846 -> 0.1411
124844,3 fw player          LNIDBHIAJJI             214 -> 213
124844,3 fw player          ACAIGMNLLEC               7 -> 6
124844,3 fw Controll.static NAKNALFCOIF          7.3838 -> 7.2338
124855,4 fw Controll.static MKFDGFOCKNO        124.4862 -> 124.5362
124855,4 fw Controll.static LEKCBKLAILO        124.5362 -> 124.5863
124855,4 fw Controll.static OFJKHAFJIMA          0.0037 -> 0.0069
124858,6 fw Controll.static GIPNIMALPEG          0.1411 -> 0.4954
124868,3 fw Controll.static NAKNALFCOIF          7.2338 -> 7.0838
124886,1 fw Controll.static GIPNIMALPEG          0.4954 -> 0.0479
124886,2 fw Controll.static NAKNALFCOIF          7.0838 -> 6.7838
124898,2 fw Controll.static MKFDGFOCKNO        124.5362 -> 124.5863
124898,2 fw Controll.static LEKCBKLAILO        124.5863 -> 124.6363
124902,0 fw Controll.static OFJKHAFJIMA          0.0069 -> 0.0022
124911,4 fw player          BCHEAICMFGH        119.6934 -> 119.7936
124911,4 fw player          ACAIGMNLLEC               6 -> 5
124911,4 fw Controll.static GIPNIMALPEG          0.0479 -> 0.5518
124911,4 fw Controll.static NAKNALFCOIF          6.7838 -> 6.3338
124924,9 fw player          IGBIBDAMMLE               4 -> 0
124924,9 fw Controll        MJPKOOHJOPA        119.6595 -> 120.0158
124931,6 fw Controll.static MNHBPCOOMLE          958017 -> 958373
124931,6 fw Controll.static GIPNIMALPEG          0.5518 -> 0.9561
124931,6 fw Controll.static ANDBANJHOLD        119.4095 -> 119.7658
124931,6 fw Controll.static NAKNALFCOIF          6.3338 -> 12.9411
124931,6 fw Controll.static IGLCENGMMMJ        -59.2047 -> -48.4499
124942,0 fw Controll.static MKFDGFOCKNO        124.5863 -> 124.6363
124942,0 fw Controll.static LEKCBKLAILO        124.6363 -> 124.6863
124942,0 fw Controll.static OFJKHAFJIMA          0.0022 -> 0.0029
124948,9 fw Controll.static GIPNIMALPEG          0.9561 -> 0.3027
124948,9 fw Controll.static NAKNALFCOIF         12.9411 -> 12.7649
124948,9 fw Controll.static IGLCENGMMMJ        -48.4499 -> -48.1701
124954,6 fw player          HEADELMLILF               1 -> 0
124968,1 fw Controll.static GIPNIMALPEG          0.3027 -> 0.687
124968,1 fw Controll.static NAKNALFCOIF         12.7649 -> 12.6177
124968,1 fw Controll.static IGLCENGMMMJ        -48.1701 -> -47.8582
124993,2 fw Controll.static GIPNIMALPEG           0.687 -> 0.1872
124993,2 fw Controll.static NAKNALFCOIF         12.6177 -> 12.4486
124998,3 fw Controll.static IGLCENGMMMJ        -47.8582 -> -47.0034
125006,6 fw Controll.static MKFDGFOCKNO        124.6363 -> 124.6863
125006,6 fw Controll.static LEKCBKLAILO        124.6863 -> 124.7363
125006,6 fw Controll.static OFJKHAFJIMA          0.0029 -> 0.0091
125012,8 fw player          IGBIBDAMMLE               0 -> 1
125012,8 fw player          BCHEAICMFGH        119.7936 -> 119.8984
125012,8 fw Controll.static GIPNIMALPEG          0.1872 -> 0.5802
125020,3 fw player          ACAIGMNLLEC               5 -> 4
125020,3 fw player          HEADELMLILF               0 -> 1
125020,3 fw Controll.static NAKNALFCOIF         12.4486 -> 12.2298
125020,3 fw Controll.static IGLCENGMMMJ        -47.0034 -> -46.3988
125035,7 fw Controll.static GIPNIMALPEG          0.5802 -> 0.0378
125041,2 fw Controll.static NAKNALFCOIF         12.2298 -> 12.0795
125041,2 fw Controll.static IGLCENGMMMJ        -46.3988 -> -45.8336
125051,1 fw player          LNIDBHIAJJI             213 -> 221
125051,1 fw player          ACAIGMNLLEC               4 -> 9
125051,1 fw Controll.static GLGCAOADGMN               1 -> 0
125051,1 fw Controll.static MKFDGFOCKNO        124.6863 -> 124.7363
125051,1 fw Controll.static LEKCBKLAILO        124.7363 -> 124.7863
125051,1 fw Controll.static OFJKHAFJIMA          0.0091 -> 0.0015
125055,2 fw Controll.static GIPNIMALPEG          0.0378 -> 0.4272
125065,8 fw Controll.static NAKNALFCOIF         12.0795 -> 12.4109
125065,8 fw Controll.static IGLCENGMMMJ        -45.8336 -> -44.6767
125080,8 fw Controll.static GIPNIMALPEG          0.4272 -> 0.9402
125085,5 fw Controll.static NAKNALFCOIF         12.4109 -> 11.9776
125085,5 fw Controll.static IGLCENGMMMJ        -44.6767 -> -44.0702
125098,2 fw Controll.static MKFDGFOCKNO        124.7363 -> 124.7863
125098,2 fw Controll.static LEKCBKLAILO        124.7863 -> 124.8363
125100,9 fw player          ACAIGMNLLEC               9 -> 8
125100,9 fw Controll.static GIPNIMALPEG          0.9402 -> 0.3423
125115,5 fw Controll.static NAKNALFCOIF         11.9776 -> 12.0278
125115,5 fw Controll.static IGLCENGMMMJ        -44.0702 -> -43.2679
125131,3 fw player          IGBIBDAMMLE               1 -> 2
125131,4 fw player          BCHEAICMFGH        119.8984 -> 120.0053
125131,4 fw Controll.static GIPNIMALPEG          0.3423 -> 0.951
125135,8 fw Controll.static NAKNALFCOIF         12.0278 -> 11.6201
125135,8 fw Controll.static IGLCENGMMMJ        -43.2679 -> -42.7759
125147,0 fw Controll.static MKFDGFOCKNO        124.7863 -> 124.8363
125147,0 fw Controll.static LEKCBKLAILO        124.8363 -> 124.8863
125147,0 fw Controll.static OFJKHAFJIMA          0.0015 -> 0.0017
125150,8 fw player          LNIDBHIAJJI             221 -> 222
125150,8 fw player          HEADELMLILF               1 -> 0
125159,3 fw Controll.static GIPNIMALPEG           0.951 -> 0.5093
125159,3 fw Controll.static NAKNALFCOIF         11.6201 -> 11.8333
125159,3 fw Controll.static IGLCENGMMMJ        -42.7759 -> -41.7408
125177,0 fw Controll.static MNHBPCOOMLE          958373 -> 958625
125177,1 fw Controll        MJPKOOHJOPA        120.0158 -> 120.2666
125180,9 fw player          HOJIIOCKKLO              -1 -> 1
125180,9 fw Controll.static GIPNIMALPEG          0.5093 -> 0.9413
125180,9 fw Controll.static ANDBANJHOLD        119.7658 -> 120.0166
125180,9 fw Controll.static NAKNALFCOIF         11.8333 -> 11.5968
125180,9 fw Controll.static IGLCENGMMMJ        -41.7408 -> -40.7598
125190,7 fw Controll.static GLGCAOADGMN               0 -> 1
125198,8 fw Controll.static MKFDGFOCKNO        124.8363 -> 124.8863
125198,8 fw Controll.static LEKCBKLAILO        124.8863 -> 124.9363
125198,9 fw Controll.static OFJKHAFJIMA          0.0017 -> 0.0067
125203,9 fw player          LNIDBHIAJJI             222 -> 224
125203,9 fw Controll.static GIPNIMALPEG          0.9413 -> 0.4019
125203,9 fw Controll.static NAKNALFCOIF         11.5968 -> 11.3208
125203,9 fw Controll.static IGLCENGMMMJ        -40.7598 -> -39.9665
125229,2 fw Controll.static GIPNIMALPEG          0.4019 -> 0.9071
125229,2 fw Controll.static NAKNALFCOIF         11.3208 -> 11.5084
125229,2 fw Controll.static IGLCENGMMMJ        -39.9665 -> -38.7311
125236,3 fw player          IGBIBDAMMLE               2 -> 3
125236,3 fw player          BCHEAICMFGH        120.0053 -> 120.1096
125246,2 fw Controll.static MKFDGFOCKNO        124.8863 -> 124.9364
125246,2 fw Controll.static LEKCBKLAILO        124.9363 -> 124.9864
125246,2 fw Controll.static OFJKHAFJIMA          0.0067 -> 0.0023
125251,0 fw player          LNIDBHIAJJI             224 -> 225
125251,0 fw Controll.static GIPNIMALPEG          0.9071 -> 0.3434
125251,0 fw Controll.static NAKNALFCOIF         11.5084 -> 11.1209
125251,0 fw Controll.static IGLCENGMMMJ        -38.7311 -> -37.8043
125262,7 fw Controll.static JEOINCHFPCC               0 -> -1
125262,7 fw Controll.static DGNDKAKOEPD          957488 -> 958486
125262,7 fw Controll.static BEJBLGGGOCC       338536685 -> 338537681
125262,7 fw Controll.static JELGPAKAJPE              99 -> 102
125262,7 fw Controll.static EENJPDHGGGC        123.9416 -> 124.9399
125276,2 fw Controll.static GIPNIMALPEG          0.3434 -> 0.8457
125276,2 fw Controll.static NAKNALFCOIF         11.1209 -> 11.0742
125281,6 fw player          GEDMGLAMGMD              10 -> 11
125281,6 fw Controll.static IGLCENGMMMJ        -37.8043 -> -36.8411
125292,7 fw player          CNHNFDDJMJO              77 -> 88
125292,7 fw Controll.static MKFDGFOCKNO        124.9364 -> 124.9864
125292,7 fw Controll.static LEKCBKLAILO        124.9864 -> 125.0364
125292,7 fw Controll.static OFJKHAFJIMA          0.0023 -> 0.0085
125297,0 fw Controll.static GIPNIMALPEG          0.8457 -> 0.2618
125317,7 fw player          LNIDBHIAJJI             225 -> 226
125317,7 fw Controll.static GIPNIMALPEG          0.2618 -> 0.6756
125332,6 fw player          IGBIBDAMMLE               3 -> 4
125332,6 fw player          BCHEAICMFGH        120.1096 -> 120.2105
125346,0 fw Controll.static GIPNIMALPEG          0.6756 -> 0.2398
125358,9 fw player          LNIDBHIAJJI             226 -> 227
125358,9 fw player          ACAIGMNLLEC               8 -> 7
125358,9 fw player          HEADELMLILF               0 -> 1
125358,9 fw Controll.static MKFDGFOCKNO        124.9864 -> 125.0364
125358,9 fw Controll.static LEKCBKLAILO        125.0364 -> 125.0864
125358,9 fw Controll.static OFJKHAFJIMA          0.0085 -> 0.0117
125364,5 fw Controll.static GIPNIMALPEG          0.2398 -> 0.6121
125384,7 fw Controll.static GIPNIMALPEG          0.6121 -> 0.0149
125397,4 fw Controll.static MKFDGFOCKNO        125.0364 -> 125.0864
125397,4 fw Controll.static LEKCBKLAILO        125.0864 -> 125.1364
125397,4 fw Controll.static OFJKHAFJIMA          0.0117 -> 0.0006
125405,4 fw Controll.static GIPNIMALPEG          0.0149 -> 0.4281
125413,7 fw player          LNIDBHIAJJI             227 -> 229
125418,0 fw player          HEADELMLILF               1 -> 0
125429,5 fw player          IGBIBDAMMLE               4 -> 0
125429,5 fw player          BCHEAICMFGH        120.2105 -> 120.3109
125432,7 fw Controll.static GIPNIMALPEG          0.4281 -> 0.9751
125442,4 fw Controll.static MKFDGFOCKNO        125.0864 -> 125.1364
125442,4 fw Controll.static LEKCBKLAILO        125.1364 -> 125.1864
125448,3 fw Controll.static OFJKHAFJIMA          0.0006 -> 0.0083
125455,1 fw Controll.static GIPNIMALPEG          0.9751 -> 0.4241
125474,3 fw Controll.static GIPNIMALPEG          0.4241 -> 0.8064
125488,7 fw Controll.static MKFDGFOCKNO        125.1364 -> 125.1864
125488,7 fw Controll.static LEKCBKLAILO        125.1864 -> 125.2365
125488,7 fw Controll.static OFJKHAFJIMA          0.0083 -> 0.0007
125499,2 fw Controll.static GIPNIMALPEG          0.8064 -> 0.3057
125499,2 fw Controll.static NAKNALFCOIF         11.0742 -> 11.5242
125499,2 fw Controll.static EPEEFBDJAHO              -1 -> 0
125517,5 fw player          FGFKPMPLNKO        120.3009 -> 121.0131
125517,5 fw Controll.static GIPNIMALPEG          0.3057 -> 0.6709
125517,6 fw Controll.static NAKNALFCOIF         11.5242 -> 12.1242
125534,2 fw player          FDOJDJLIGLF              10 -> 100
125534,2 fw Controll.static MKFDGFOCKNO        125.1864 -> 125.2365
125534,2 fw Controll.static LEKCBKLAILO        125.2365 -> 125.2865
125534,2 fw Controll.static OFJKHAFJIMA          0.0007 -> 0
125544,7 fw player          IGBIBDAMMLE               0 -> 1
125544,7 fw player          BCHEAICMFGH        120.3109 -> 120.4212
125544,7 fw Controll.static GIPNIMALPEG          0.6709 -> 0.2148
125544,7 fw Controll.static NAKNALFCOIF         12.1242 -> 13.4742
125549,9 fw Controll.static IGLCENGMMMJ        -36.8411 -> -37.2911
125563,1 fw Controll.static GIPNIMALPEG          0.2148 -> 0.5824
125571,7 fw Controll.static NAKNALFCOIF         13.4742 -> 17.2242
125571,7 fw Controll.static IGLCENGMMMJ        -37.2911 -> -38.4911
125584,2 fw Controll.static GIPNIMALPEG          0.5824 -> 0.0042
125596,1 fw Controll.static NAKNALFCOIF         17.2242 -> 21.7242
125596,1 fw Controll.static IGLCENGMMMJ        -38.4911 -> -40.2911
125598,9 fw Controll.static MKFDGFOCKNO        125.2365 -> 125.2865
125598,9 fw Controll.static LEKCBKLAILO        125.2865 -> 125.3365
125612,3 fw Controll.static GIPNIMALPEG          0.0042 -> 0.566
125616,1 fw Controll.static NAKNALFCOIF         21.7242 -> 64.3981
125616,1 fw Controll.static IGLCENGMMMJ        -40.2911 -> -55.7141
125630,7 fw Controll        MJPKOOHJOPA        120.2666 -> 120.7206
125634,3 fw player          FDOJDJLIGLF             100 -> 70
125634,3 fw Controll.static MNHBPCOOMLE          958625 -> 959079
125634,3 fw Controll.static GIPNIMALPEG           0.566 -> 0.0062
125644,6 fw player          HOJIIOCKKLO               1 -> -1
125644,6 fw player          IGBIBDAMMLE               1 -> 2
125644,6 fw player          BCHEAICMFGH        120.4212 -> 120.5269
125644,6 fw Controll.static NAKNALFCOIF         64.3981 -> 65.9108
125644,6 fw Controll.static IGLCENGMMMJ        -55.7141 -> -56.1977
125648,6 fw player          HEADELMLILF               0 -> 1
125648,6 fw Controll.static MKFDGFOCKNO        125.2865 -> 125.3365
125648,6 fw Controll.static LEKCBKLAILO        125.3365 -> 125.3865
125656,7 fw Controll.static GIPNIMALPEG          0.0062 -> 0.4539
125662,2 fw player          ACAIGMNLLEC               7 -> 9
125662,3 fw Controll.static NAKNALFCOIF         65.9108 -> 66.146
125662,3 fw Controll.static IGLCENGMMMJ        -56.1977 -> -56.1243
125674,1 fw Controll.static GIPNIMALPEG          0.4539 -> 0.8015
125683,5 fw Controll.static NAKNALFCOIF          66.146 -> 66.6116
125683,5 fw Controll.static IGLCENGMMMJ        -56.1243 -> -56.068
125687,3 fw Controll.static MKFDGFOCKNO        125.3365 -> 125.3865
125687,4 fw Controll.static LEKCBKLAILO        125.3865 -> 125.4365
125687,4 fw Controll.static OFJKHAFJIMA               0 -> 0.0031
125700,3 fw Controll.static GIPNIMALPEG          0.8015 -> 0.3268
125700,4 fw Controll.static NAKNALFCOIF         66.6116 -> 66.8699
125700,4 fw Controll.static IGLCENGMMMJ         -56.068 -> -56.0111
125715,4 fw player          LNIDBHIAJJI             229 -> 228
125715,4 fw player          ACAIGMNLLEC               9 -> 13
125724,6 fw Controll.static GIPNIMALPEG          0.3268 -> 0.8129
125724,6 fw Controll.static NAKNALFCOIF         66.8699 -> 66.6213
125724,6 fw Controll.static IGLCENGMMMJ        -56.0111 -> -55.6772
125739,6 fw player          FDOJDJLIGLF              70 -> 30
125739,6 fw Controll.static MKFDGFOCKNO        125.3865 -> 125.4365
125739,6 fw Controll.static LEKCBKLAILO        125.4365 -> 125.4865
125739,7 fw Controll.static OFJKHAFJIMA          0.0031 -> 0.0054
125745,8 fw player          IGBIBDAMMLE               2 -> 3
125745,8 fw player          BCHEAICMFGH        120.5269 -> 120.6309
125745,8 fw Controll.static GIPNIMALPEG          0.8129 -> 0.236
125745,8 fw Controll.static NAKNALFCOIF         66.6213 -> 66.6113
125745,8 fw Controll.static IGLCENGMMMJ        -55.6772 -> -55.4867
125753,8 fw player          LNIDBHIAJJI             228 -> 215
125753,8 fw player          ACAIGMNLLEC              13 -> 46
125753,9 fw Controll.static GLGCAOADGMN               1 -> 0
125770,5 fw Controll.static GIPNIMALPEG           0.236 -> 0.7275
125770,5 fw Controll.static NAKNALFCOIF         66.6113 -> 66.5474
125770,5 fw Controll.static IGLCENGMMMJ        -55.4867 -> -55.4674
125786,4 fw Controll.static MKFDGFOCKNO        125.4365 -> 125.4865
125786,4 fw Controll.static LEKCBKLAILO        125.4865 -> 125.5365
125786,4 fw Controll.static OFJKHAFJIMA          0.0054 -> 0.002
125791,6 fw Controll.static GIPNIMALPEG          0.7275 -> 0.1513
125791,6 fw Controll.static NAKNALFCOIF         66.5474 -> 66.2981
125791,6 fw Controll.static IGLCENGMMMJ        -55.4674 -> -55.2896
125805,6 fw player          HEADELMLILF               1 -> 0
125816,4 fw Controll.static GIPNIMALPEG          0.1513 -> 0.6463
125816,4 fw Controll.static NAKNALFCOIF         66.2981 -> 67.2985
125820,0 fw player          LNIDBHIAJJI             215 -> 216
125820,0 fw Controll.static IGLCENGMMMJ        -55.2896 -> -55.4217
125839,6 fw player          MHCOJFIAGLP               9 -> 10
125839,7 fw Controll.static GIPNIMALPEG          0.6463 -> 0.9297
125839,7 fw Controll.static LCMOBPPHLLM          0.2425 -> 0
125849,9 fw player          FDOJDJLIGLF              30 -> 10
125849,9 fw player          HIDMDLLHEKO               1 -> 5
125849,9 fw Controll.static NAKNALFCOIF         67.2985 -> 66.8775
125849,9 fw Controll.static IGLCENGMMMJ        -55.4217 -> -55.2622
125849,9 fw Controll.static JGNLBAMNEBA               0 -> 1
125849,9 fw Controll.static HCOLPFEEENG               0 -> 1
125849,9 fw Controll.static EGDKJEFGFIC               0 -> 1
125853,8 fw player          IGBIBDAMMLE               3 -> 4
125853,8 fw player          BCHEAICMFGH        120.6309 -> 120.7417
125853,8 fw Controll.static OFJKHAFJIMA           0.002 -> 0.0198
125882,7 fw Controll.static OFJKHAFJIMA          0.0198 -> 0.0486
125903,7 fw Controll.static OFJKHAFJIMA          0.0486 -> 0
125964,6 fw player          IGBIBDAMMLE               4 -> 0
125964,6 fw player          BCHEAICMFGH        120.7417 -> 120.8478
126072,2 fw player          IGBIBDAMMLE               0 -> 1
126072,2 fw player          BCHEAICMFGH        120.8478 -> 120.9571
126178,4 fw player          IGBIBDAMMLE               1 -> 2
126178,4 fw player          BCHEAICMFGH        120.9571 -> 121.0596
126297,5 fw player          IGBIBDAMMLE               2 -> 3
126297,5 fw player          BCHEAICMFGH        121.0596 -> 121.1619
126385,9 fw player          IGBIBDAMMLE               3 -> 4
126385,9 fw player          BCHEAICMFGH        121.1619 -> 121.2724
126499,1 fw player          IGBIBDAMMLE               4 -> 0
126499,1 fw player          BCHEAICMFGH        121.2724 -> 121.3739
126603,4 fw player          IGBIBDAMMLE               0 -> 1
126603,4 fw player          BCHEAICMFGH        121.3739 -> 121.4789
126713,1 fw player          IGBIBDAMMLE               1 -> 2
126713,1 fw player          BCHEAICMFGH        121.4789 -> 121.5874
126802,2 fw player          IGBIBDAMMLE               2 -> 3
126802,2 fw player          BCHEAICMFGH        121.5874 -> 121.6887
126914,0 fw player          IGBIBDAMMLE               3 -> 4
126914,0 fw player          BCHEAICMFGH        121.6887 -> 121.7923
126943,1 # net: TcpClient.Connected = True
127023,8 fw player          IGBIBDAMMLE               4 -> 0
127023,8 fw player          BCHEAICMFGH        121.7923 -> 121.9005
127129,8 fw player          IGBIBDAMMLE               0 -> 1
127129,8 fw player          BCHEAICMFGH        121.9005 -> 122.0056
127226,1 fw player          IGBIBDAMMLE               1 -> 2
127226,1 fw player          BCHEAICMFGH        122.0056 -> 122.1059
127331,4 fw player          IGBIBDAMMLE               2 -> 3
127331,4 fw player          BCHEAICMFGH        122.1059 -> 122.2175
127445,3 fw player          IGBIBDAMMLE               3 -> 4
127445,3 fw player          BCHEAICMFGH        122.2175 -> 122.3217
127557,9 fw player          IGBIBDAMMLE               4 -> 0
127557,9 fw player          BCHEAICMFGH        122.3217 -> 122.4321
127648,0 fw player          IGBIBDAMMLE               0 -> 1
127648,0 fw player          BCHEAICMFGH        122.4321 -> 122.5344
127757,2 fw player          IGBIBDAMMLE               1 -> 2
127757,2 fw player          BCHEAICMFGH        122.5344 -> 122.6379
127860,6 fw player          IGBIBDAMMLE               2 -> 3
127873,7 fw player          BCHEAICMFGH        122.6379 -> 122.7482
127892,7 fw Controll.static MKFDGFOCKNO        125.4865 -> 127.595
127892,7 fw Controll.static LEKCBKLAILO        125.5365 -> 127.645
127897,3 fw player          HIDMDLLHEKO               5 -> 1
127897,3 fw player          CIPOBFGAMOP        115.0567 -> 122.6656
127897,3 fw player          OLOOMMIKDPJ        115.0567 -> 122.6656
127897,3 fw player          LBKINNIDKEC               0 -> 1
127897,3 fw player          BDHNEDFEHBA               0 -> 64
127897,3 fw player          ACAIGMNLLEC              46 -> 64
127897,3 fw player          HEADELMLILF               0 -> 1
127897,3 fw Controll.static MNHBPCOOMLE          959079 -> 961374
127897,3 fw Controll.static GIPNIMALPEG          0.9297 -> 0.0953
127897,3 fw Controll.static LCMOBPPHLLM               0 -> 0.485
127897,3 fw Controll.static NAKNALFCOIF         66.8775 -> 90
127897,3 fw Controll.static EPEEFBDJAHO               0 -> 1
127908,2 fw Controll.static GCHFDAPNBNB               0 -> 1
127908,3 fw Controll.static JGNLBAMNEBA               1 -> 0
127908,3 fw Controll.static HCOLPFEEENG               1 -> 0
127908,3 fw Controll.static EGDKJEFGFIC               1 -> 0
127908,3 fw Controll.static IPCNAHJLMAP               0 -> 1
127922,0 fw Controll.static GIPNIMALPEG          0.0953 -> 0.5897
127941,5 fw Controll.static GIPNIMALPEG          0.5897 -> 0.9791
127941,5 fw Controll.static NAKNALFCOIF              90 -> 90.15
127951,1 fw Controll.static GCHFDAPNBNB               1 -> 0
127956,3 fw Controll.static IPCNAHJLMAP               1 -> 0
127956,3 fw Controll.static MKFDGFOCKNO         127.595 -> 127.6451
127956,3 fw Controll.static LEKCBKLAILO         127.645 -> 127.6951
127956,3 fw Controll.static OFJKHAFJIMA               0 -> 0.0084
127965,2 fw player          IGBIBDAMMLE               3 -> 4
127965,2 fw player          BCHEAICMFGH        122.7482 -> 122.8492
127965,2 fw Controll.static GIPNIMALPEG          0.9791 -> 0.4531
127965,2 fw Controll.static LCMOBPPHLLM           0.485 -> 0.2425
127965,2 fw Controll.static NAKNALFCOIF           90.15 -> 90.3
127985,1 fw Controll.static GIPNIMALPEG          0.4531 -> 0.8495
127993,1 fw Controll.static JEOINCHFPCC              -1 -> 0
127997,9 fw Controll.static MKFDGFOCKNO        127.6451 -> 127.6951
127997,9 fw Controll.static LEKCBKLAILO        127.6951 -> 127.7451
127997,9 fw Controll.static OFJKHAFJIMA          0.0084 -> 0.0004
128006,4 fw Controll.static GIPNIMALPEG          0.8495 -> 0.2763
128029,7 fw Controll.static GIPNIMALPEG          0.2763 -> 0.7417
128044,5 fw Controll.static MKFDGFOCKNO        127.6951 -> 127.7451
128044,5 fw Controll.static LEKCBKLAILO        127.7451 -> 127.7951
128044,6 fw Controll.static OFJKHAFJIMA          0.0004 -> 0.0018
128055,3 fw Controll.static GIPNIMALPEG          0.7417 -> 0.2549
128057,9 fw player          HIDMDLLHEKO               1 -> 4
128057,9 fw player          BDHNEDFEHBA              64 -> 0
128072,1 fw player          HEADELMLILF               1 -> 0
128075,3 fw player          HIDMDLLHEKO               4 -> 1
128075,3 fw player          IGBIBDAMMLE               4 -> 0
128075,3 fw player          BCHEAICMFGH        122.8492 -> 122.951
128075,3 fw Controll.static GIPNIMALPEG          0.2549 -> 0.655
128094,4 fw Controll.static MKFDGFOCKNO        127.7451 -> 127.7951
128094,4 fw Controll.static LEKCBKLAILO        127.7951 -> 127.8451
128094,4 fw Controll.static OFJKHAFJIMA          0.0018 -> 0.0015
128105,2 fw Controll.static GIPNIMALPEG           0.655 -> 0.252
128110,5 fw Controll.static EPEEFBDJAHO               1 -> 0
128131,8 fw Controll.static GIPNIMALPEG           0.252 -> 0.7842
128145,6 fw player          HOJIIOCKKLO              -1 -> 1
128145,6 fw Controll.static OFJKHAFJIMA          0.0015 -> 0.0028
128155,2 fw Controll.static GIPNIMALPEG          0.7842 -> 0.2523
128171,6 fw Controll.static MKFDGFOCKNO        127.7951 -> 127.8451
128171,6 fw Controll.static LEKCBKLAILO        127.8451 -> 127.8951
128174,6 fw player          IGBIBDAMMLE               0 -> 1
128174,6 fw player          BCHEAICMFGH         122.951 -> 123.0515
128174,6 fw Controll.static GIPNIMALPEG          0.2523 -> 0.6394
128199,2 fw Controll.static GIPNIMALPEG          0.6394 -> 0.1315
128213,9 fw player          HIDMDLLHEKO               1 -> 0
128214,0 fw Controll.static MKFDGFOCKNO        127.8451 -> 127.8951
128214,0 fw Controll.static LEKCBKLAILO        127.8951 -> 127.9451
128214,0 fw Controll.static OFJKHAFJIMA          0.0028 -> 0.0064
128221,4 fw Controll.static GIPNIMALPEG          0.1315 -> 0.576
128240,7 fw Controll.static GIPNIMALPEG           0.576 -> 0.9617
128255,4 fw Controll.static MKFDGFOCKNO        127.8951 -> 127.9451
128255,4 fw Controll.static LEKCBKLAILO        127.9451 -> 127.9951
128255,4 fw Controll.static OFJKHAFJIMA          0.0064 -> 0.0062
128263,8 fw Controll.static GIPNIMALPEG          0.9617 -> 0.4231
128273,2 fw player          IGBIBDAMMLE               1 -> 2
128278,4 fw player          BCHEAICMFGH        123.0515 -> 123.2567
128289,7 fw Controll.static GIPNIMALPEG          0.4231 -> 0.9422
128305,2 fw Controll.static MKFDGFOCKNO        127.9451 -> 127.9951
128305,2 fw Controll.static LEKCBKLAILO        127.9951 -> 128.0451
128305,2 fw Controll.static OFJKHAFJIMA          0.0062 -> 0.0015
128310,7 fw Controll.static GIPNIMALPEG          0.9422 -> 0.3619
128337,4 fw Controll.static GIPNIMALPEG          0.3619 -> 0.895
128351,1 fw Controll.static MKFDGFOCKNO        127.9951 -> 128.0452
128351,1 fw Controll.static LEKCBKLAILO        128.0451 -> 128.0952
128351,1 fw Controll.static OFJKHAFJIMA          0.0015 -> 0.0081
128356,1 fw Controll.static GIPNIMALPEG           0.895 -> 0.2679
128364,6 fw Controll.static LCMOBPPHLLM          0.2425 -> 0
128378,0 fw Controll.static GIPNIMALPEG          0.2679 -> 0.7076
128394,7 fw Controll.static MKFDGFOCKNO        128.0452 -> 128.0952
128394,7 fw Controll.static LEKCBKLAILO        128.0952 -> 128.1452
128394,7 fw Controll.static OFJKHAFJIMA          0.0081 -> 0.0018
128409,2 fw Controll.static GIPNIMALPEG          0.7076 -> 0.3301
128409,2 fw Controll.static DGNDKAKOEPD          958486 -> 961644
128409,2 fw Controll.static BEJBLGGGOCC       338537681 -> 338540840
128409,2 fw Controll.static JELGPAKAJPE             102 -> 101
128409,2 fw Controll.static EENJPDHGGGC        124.9399 -> 128.0974
128431,8 fw Controll.static GIPNIMALPEG          0.3301 -> 0.7821
128431,8 fw Controll.static NAKNALFCOIF            90.3 -> 90.6
128431,8 fw Controll.static IGLCENGMMMJ        -55.2622 -> -55.7122
128445,5 fw Controll.static MKFDGFOCKNO        128.0952 -> 128.1452
128445,5 fw Controll.static LEKCBKLAILO        128.1452 -> 128.1952
128445,5 fw Controll.static OFJKHAFJIMA          0.0018 -> 0.0027
128451,6 fw Controll.static GIPNIMALPEG          0.7821 -> 0.1772
128451,6 fw Controll.static LCMOBPPHLLM               0 -> 0.2425
128451,6 fw Controll.static NAKNALFCOIF            90.6 -> 91.05
128451,6 fw Controll.static IGLCENGMMMJ        -55.7122 -> -57.9622
128451,6 fw Controll.static JEOINCHFPCC               0 -> -1
128472,4 fw Controll.static GIPNIMALPEG          0.1772 -> 0.5938
128472,4 fw Controll.static NAKNALFCOIF           91.05 -> 91.65
128472,4 fw Controll.static IGLCENGMMMJ        -57.9622 -> -60.3622
128478,3 fw player          CLOEJLAOIGI               1 -> 0
128492,1 fw Controll.static GIPNIMALPEG          0.5938 -> 0.9875
128492,1 fw Controll.static NAKNALFCOIF           91.65 -> 92.55
128492,1 fw Controll.static IGLCENGMMMJ        -60.3622 -> -65.0122
128508,3 fw Controll.static MKFDGFOCKNO        128.1452 -> 128.1952
128508,3 fw Controll.static LEKCBKLAILO        128.1952 -> 128.2452
128508,3 fw Controll.static OFJKHAFJIMA          0.0027 -> 0.0112
128516,2 fw Controll.static GIPNIMALPEG          0.9875 -> 0.4711
128516,2 fw Controll.static NAKNALFCOIF           92.55 -> 94.2
128521,7 fw Controll.static IGLCENGMMMJ        -65.0122 -> -70.8622
128532,7 fw Controll.static GIPNIMALPEG          0.4711 -> 0.8004
128540,8 fw Controll.static NAKNALFCOIF            94.2 -> 95.7
128540,8 fw Controll.static IGLCENGMMMJ        -70.8622 -> -72.9622
128544,8 fw Controll.static MKFDGFOCKNO        128.1952 -> 128.2452
128544,8 fw Controll.static LEKCBKLAILO        128.2452 -> 128.2952
128544,8 fw Controll.static OFJKHAFJIMA          0.0112 -> 0.0018
128554,4 fw Controll.static GIPNIMALPEG          0.8004 -> 0.2346
128557,7 fw Controll.static NAKNALFCOIF            95.7 -> 96.3
128557,7 fw Controll.static IGLCENGMMMJ        -72.9622 -> -74.6122
128572,2 fw player          HIDMDLLHEKO               0 -> 1
128572,2 fw player          IGBIBDAMMLE               2 -> 3
128572,2 fw player          BCHEAICMFGH        123.2567 -> 123.4592
128572,2 fw Controll.static GIPNIMALPEG          0.2346 -> 0.5895
128577,5 fw player          LNIDBHIAJJI             216 -> 215
128577,5 fw player          CLOEJLAOIGI               0 -> 1
128577,5 fw Controll.static NAKNALFCOIF            96.3 -> 97.05
128577,5 fw Controll.static IGLCENGMMMJ        -74.6122 -> -76.4122
128589,8 fw Controll.static GIPNIMALPEG          0.5895 -> 0.9426
128594,2 fw Controll.static NAKNALFCOIF           97.05 -> 97.5
128594,2 fw Controll.static IGLCENGMMMJ        -76.4122 -> -77.3122
128603,9 fw Controll.static MKFDGFOCKNO        128.2452 -> 128.2952
128603,9 fw Controll.static LEKCBKLAILO        128.2952 -> 128.3452
128603,9 fw Controll.static OFJKHAFJIMA          0.0018 -> 0.0013
128606,9 fw player          FGFKPMPLNKO        121.0131 -> 124.1041
128606,9 fw Controll.static GIPNIMALPEG          0.9426 -> 0.2834
128616,4 fw Controll.static NAKNALFCOIF            97.5 -> 97.95
128616,4 fw Controll.static IGLCENGMMMJ        -77.3122 -> -78.0622
128628,0 fw Controll.static GIPNIMALPEG          0.2834 -> 0.7058
128631,4 fw player          LNIDBHIAJJI             215 -> 208
128631,4 fw player          ACAIGMNLLEC              64 -> 66
128631,4 fw player          HEADELMLILF               0 -> 1
128631,5 fw Controll.static NAKNALFCOIF           97.95 -> 98.25
128631,5 fw Controll.static IGLCENGMMMJ        -78.0622 -> -78.5122
128654,8 fw Controll.static GIPNIMALPEG          0.7058 -> 0.2419
128654,9 fw Controll.static NAKNALFCOIF           98.25 -> 98.55
128654,9 fw Controll.static IGLCENGMMMJ        -78.5122 -> -78.8122
128657,3 fw Controll.static MKFDGFOCKNO        128.2952 -> 128.3452
128657,3 fw Controll.static LEKCBKLAILO        128.3452 -> 128.3952
128665,9 fw Controll.static OFJKHAFJIMA          0.0013 -> 0.0019
128672,2 fw player          LNIDBHIAJJI             208 -> 204
128672,2 fw player          ACAIGMNLLEC              66 -> 68
128672,2 fw Controll.static GIPNIMALPEG          0.2419 -> 0.5901
128682,5 fw player          IGBIBDAMMLE               3 -> 4
128682,5 fw player          BCHEAICMFGH        123.4592 -> 123.5642
128690,7 fw Controll.static GIPNIMALPEG          0.5901 -> 0.9588
128703,2 fw Controll.static MKFDGFOCKNO        128.3452 -> 128.3952
128703,2 fw Controll.static LEKCBKLAILO        128.3952 -> 128.4452
128703,2 fw Controll.static OFJKHAFJIMA          0.0019 -> 0.0008
128706,8 fw Controll.static GIPNIMALPEG          0.9588 -> 0.281
128706,9 fw Controll.static EPEEFBDJAHO               0 -> -1
128716,3 fw player          LNIDBHIAJJI             204 -> 201
128716,3 fw player          ACAIGMNLLEC              68 -> 69
128729,2 fw Controll.static GIPNIMALPEG           0.281 -> 0.7302
128744,5 fw Controll.static GIPNIMALPEG          0.7302 -> 0.035
128759,1 fw Controll.static MKFDGFOCKNO        128.3952 -> 128.4452
128759,1 fw Controll.static LEKCBKLAILO        128.4452 -> 128.4952
128759,1 fw Controll.static OFJKHAFJIMA          0.0008 -> 0.0015
128772,1 fw Controll.static GIPNIMALPEG           0.035 -> 0.5868
128774,9 fw player          LNIDBHIAJJI             201 -> 199
128774,9 fw player          ACAIGMNLLEC              69 -> 70
128792,7 fw player          IGBIBDAMMLE               4 -> 0
128792,7 fw player          BCHEAICMFGH        123.5642 -> 123.6677
128792,7 fw Controll.static GIPNIMALPEG          0.5868 -> 0.9997
128805,2 fw Controll.static NAKNALFCOIF           98.55 -> 99.45
128805,2 fw Controll.static JEOINCHFPCC              -1 -> 0
128808,1 fw player          HOJIIOCKKLO               1 -> -1
128808,1 fw Controll.static MKFDGFOCKNO        128.4452 -> 128.4952
128808,1 fw Controll.static LEKCBKLAILO        128.4952 -> 128.5452
128808,1 fw Controll.static OFJKHAFJIMA          0.0015 -> 0.0123
128818,1 fw Controll.static GIPNIMALPEG          0.9997 -> 0.5056
128822,7 fw Controll.static NAKNALFCOIF           99.45 -> 100.2
128822,7 fw Controll.static IGLCENGMMMJ        -78.8122 -> -78.6622
128836,5 fw Controll.static GIPNIMALPEG          0.5056 -> 0.8743
128844,6 fw player          HEADELMLILF               1 -> 0
128844,6 fw Controll.static NAKNALFCOIF           100.2 -> 101.4
128844,6 fw Controll.static IGLCENGMMMJ        -78.6622 -> -78.3622
128848,4 fw Controll.static MKFDGFOCKNO        128.4952 -> 128.5453
128848,4 fw Controll.static LEKCBKLAILO        128.5452 -> 128.5953
128848,4 fw Controll.static OFJKHAFJIMA          0.0123 -> 0.0016
128859,6 fw Controll.static GIPNIMALPEG          0.8743 -> 0.3369
128862,3 fw Controll.static NAKNALFCOIF           101.4 -> 101.85
128876,8 fw Controll.static GIPNIMALPEG          0.3369 -> 0.6805
128888,0 fw player          IGBIBDAMMLE               0 -> 1
128888,0 fw player          BCHEAICMFGH        123.6677 -> 123.7688
128888,1 fw Controll.static NAKNALFCOIF          101.85 -> 102.45
128888,1 fw Controll.static IGLCENGMMMJ        -78.3622 -> -78.2122
128904,6 fw Controll.static GIPNIMALPEG          0.6805 -> 0.2365
128904,6 fw Controll.static NAKNALFCOIF          102.45 -> 102.6
128918,1 fw Controll.static MKFDGFOCKNO        128.5453 -> 128.5953
128918,1 fw Controll.static LEKCBKLAILO        128.5953 -> 128.6453
128920,7 fw Controll.static OFJKHAFJIMA          0.0016 -> 0.0079
128933,0 fw Controll.static GIPNIMALPEG          0.2365 -> 0.8053
128933,1 fw Controll.static NAKNALFCOIF           102.6 -> 102.9
128933,1 fw Controll.static IGLCENGMMMJ        -78.2122 -> -77.9122
128944,8 fw Controll.static MKFDGFOCKNO        128.5953 -> 128.6453
128944,8 fw Controll.static LEKCBKLAILO        128.6453 -> 128.6953
128944,8 fw Controll.static OFJKHAFJIMA          0.0079 -> 0.0018
128949,3 fw player          LNIDBHIAJJI             199 -> 200
128949,3 fw player          ACAIGMNLLEC              70 -> 72
128949,3 fw player          HEADELMLILF               0 -> 1
128949,3 fw Controll.static GIPNIMALPEG          0.8053 -> 0.1299
128949,3 fw Controll.static NAKNALFCOIF           102.9 -> 103.35
128949,3 fw Controll.static IGLCENGMMMJ        -77.9122 -> -77.7622
128949,3 fw Controll.static JEOINCHFPCC               0 -> 1
128971,5 fw Controll.static GIPNIMALPEG          0.1299 -> 0.5737
128971,5 fw Controll.static NAKNALFCOIF          103.35 -> 103.9501
128971,6 fw Controll.static IGLCENGMMMJ        -77.7622 -> -77.4622
128990,3 fw player          IGBIBDAMMLE               1 -> 2
128990,3 fw player          BCHEAICMFGH        123.7688 -> 123.8789
128990,3 fw Controll.static GIPNIMALPEG          0.5737 -> 0.9503
128990,3 fw Controll.static NAKNALFCOIF        103.9501 -> 104.4
128990,3 fw Controll.static IGLCENGMMMJ        -77.4622 -> -77.3122
129004,0 fw Controll.static MKFDGFOCKNO        128.6453 -> 128.6953
129004,0 fw Controll.static LEKCBKLAILO        128.6953 -> 128.7453
129004,0 fw Controll.static OFJKHAFJIMA          0.0018 -> 0.0052
129010,5 fw Controll.static GIPNIMALPEG          0.9503 -> 0.3542
129010,5 fw Controll.static NAKNALFCOIF           104.4 -> 104.55
129023,0 fw player          HEADELMLILF               1 -> 0
129026,1 fw Controll.static GIPNIMALPEG          0.3542 -> 0.6667
129036,2 fw Controll.static NAKNALFCOIF          104.55 -> 105.0001
129036,2 fw Controll.static IGLCENGMMMJ        -77.3122 -> -77.0122
129047,2 fw Controll.static GIPNIMALPEG          0.6667 -> 0.0881
129054,4 fw Controll.static NAKNALFCOIF        105.0001 -> 105.1501
129054,4 fw Controll.static IGLCENGMMMJ        -77.0122 -> -76.8622
129058,6 fw Controll.static MKFDGFOCKNO        128.6953 -> 128.7453
129058,6 fw Controll.static LEKCBKLAILO        128.7453 -> 128.7953
129058,6 fw Controll.static OFJKHAFJIMA          0.0052 -> 0.0042
129068,5 fw Controll.static GIPNIMALPEG          0.0881 -> 0.5132
129072,6 fw Controll.static NAKNALFCOIF        105.1501 -> 105.4501
129072,6 fw Controll.static IGLCENGMMMJ        -76.8622 -> -76.5622
129079,7 fw player          ACAIGMNLLEC              72 -> 73
129079,7 fw player          HEADELMLILF               0 -> 1
129087,1 fw Controll.static GIPNIMALPEG          0.5132 -> 0.8859
129090,8 fw Controll.static NAKNALFCOIF        105.4501 -> 105.7501
129090,8 fw Controll.static IGLCENGMMMJ        -76.5622 -> -76.2622
129098,6 fw Controll.static MKFDGFOCKNO        128.7453 -> 128.7953
129098,6 fw Controll.static LEKCBKLAILO        128.7953 -> 128.8453
129098,6 fw Controll.static OFJKHAFJIMA          0.0042 -> 0.0055
129103,6 fw player          IGBIBDAMMLE               2 -> 3
129103,6 fw player          BCHEAICMFGH        123.8789 -> 123.983
129103,7 fw Controll.static GIPNIMALPEG          0.8859 -> 0.2166
129111,0 fw Controll.static NAKNALFCOIF        105.7501 -> 105.9001
129111,0 fw Controll.static IGLCENGMMMJ        -76.2622 -> -75.8122
129135,8 fw Controll.static MNHBPCOOMLE          961374 -> 962584
129135,9 fw Controll.static GIPNIMALPEG          0.2166 -> 0.8602
129135,9 fw Controll        MJPKOOHJOPA        120.7206 -> 124.2263
129145,5 fw Controll.static NAKNALFCOIF        105.9001 -> 111.5828
129145,5 fw Controll.static IGLCENGMMMJ        -75.8122 -> -66.0748
129152,0 fw player          LNIDBHIAJJI             200 -> 201
129152,0 fw player          ACAIGMNLLEC              73 -> 74
129152,1 fw Controll.static GLGCAOADGMN               0 -> 1
129152,1 fw Controll.static MKFDGFOCKNO        128.7953 -> 128.8453
129152,1 fw Controll.static LEKCBKLAILO        128.8453 -> 128.8953
129152,1 fw Controll.static OFJKHAFJIMA          0.0055 -> 0.0022
129163,8 fw Controll.static GIPNIMALPEG          0.8602 -> 0.4177
129163,8 fw Controll.static NAKNALFCOIF        111.5828 -> 112.0328
129163,8 fw Controll.static IGLCENGMMMJ        -66.0748 -> -64.2748
129188,3 fw Controll.static GIPNIMALPEG          0.4177 -> 0.9088
129188,3 fw Controll.static NAKNALFCOIF        112.0328 -> 112.4828
129188,3 fw Controll.static IGLCENGMMMJ        -64.2748 -> -62.6248
129203,5 fw Controll.static MKFDGFOCKNO        128.8453 -> 128.8954
129203,5 fw Controll.static LEKCBKLAILO        128.8953 -> 128.9454
129203,5 fw Controll.static OFJKHAFJIMA          0.0022 -> 0.0102
129208,1 fw player          IGBIBDAMMLE               3 -> 4
129208,2 fw player          BCHEAICMFGH         123.983 -> 124.0843
129208,2 fw Controll.static GIPNIMALPEG          0.9088 -> 0.3057
129208,2 fw Controll.static NAKNALFCOIF        112.4828 -> 112.6328
129208,2 fw Controll.static IGLCENGMMMJ        -62.6248 -> -62.0248
129218,9 fw player          HEADELMLILF               1 -> 0
129234,4 fw Controll.static GIPNIMALPEG          0.3057 -> 0.8303
129234,4 fw Controll.static IGLCENGMMMJ        -62.0248 -> -61.2748
129250,3 fw player          HOJIIOCKKLO              -1 -> 1
129250,4 fw player          ACAIGMNLLEC              74 -> 75
129250,4 fw player          HEADELMLILF               0 -> 1
129250,4 fw Controll.static MKFDGFOCKNO        128.8954 -> 128.9454
129250,4 fw Controll.static LEKCBKLAILO        128.9454 -> 128.9954
129250,4 fw Controll.static OFJKHAFJIMA          0.0102 -> 0.0073
129255,6 fw Controll.static GIPNIMALPEG          0.8303 -> 0.2529
129255,6 fw Controll.static IGLCENGMMMJ        -61.2748 -> -60.3748
129264,8 fw player          LNIDBHIAJJI             201 -> 208
129264,9 fw player          ACAIGMNLLEC              75 -> 79
129279,7 fw Controll.static GIPNIMALPEG          0.2529 -> 0.7345
129285,5 fw Controll.static IGLCENGMMMJ        -60.3748 -> -58.7248
129298,8 fw Controll.static GIPNIMALPEG          0.7345 -> 0.1165
129304,4 fw player          IGBIBDAMMLE               4 -> 0
129304,4 fw player          BCHEAICMFGH        124.0843 -> 124.1898
129304,4 fw Controll.static IGLCENGMMMJ        -58.7248 -> -57.9748
129312,6 fw Controll.static MKFDGFOCKNO        128.9454 -> 128.9954
129312,6 fw Controll.static LEKCBKLAILO        128.9954 -> 129.0454
129312,6 fw Controll.static OFJKHAFJIMA          0.0073 -> 0.0055
129319,7 fw player          FGFKPMPLNKO        124.1041 -> 124.8188
129319,7 fw Controll.static GIPNIMALPEG          0.1165 -> 0.5352
129325,6 fw Controll.static IGLCENGMMMJ        -57.9748 -> -57.0748
129340,7 fw Controll.static GIPNIMALPEG          0.5352 -> 0.9545
129346,4 fw Controll.static IGLCENGMMMJ        -57.0748 -> -56.4748
129356,1 fw Controll.static MKFDGFOCKNO        128.9954 -> 129.0454
129356,1 fw Controll.static LEKCBKLAILO        129.0454 -> 129.0954
129356,1 fw Controll.static OFJKHAFJIMA          0.0055 -> 0.0031
129359,5 fw player          LNIDBHIAJJI             208 -> 211
129359,5 fw player          ACAIGMNLLEC              79 -> 80
129359,6 fw Controll.static GIPNIMALPEG          0.9545 -> 0.3317
129384,7 fw Controll.static GIPNIMALPEG          0.3317 -> 0.8352
129388,5 fw player          LNIDBHIAJJI             211 -> 212
129388,5 fw player          HEADELMLILF               1 -> 0
129396,7 fw Controll.static MKFDGFOCKNO        129.0454 -> 129.0954
129396,7 fw Controll.static LEKCBKLAILO        129.0954 -> 129.1454
129396,7 fw Controll.static OFJKHAFJIMA          0.0031 -> 0.0036
129402,9 fw Controll.static GIPNIMALPEG          0.8352 -> 0.1983
129412,9 fw Controll.static DGNDKAKOEPD          961644 -> 962646
129412,9 fw Controll.static BEJBLGGGOCC       338540840 -> 338541846
129412,9 fw Controll.static JELGPAKAJPE             101 -> 99
129412,9 fw Controll.static EENJPDHGGGC        128.0974 -> 129.0994
129419,5 fw player          IGBIBDAMMLE               0 -> 1
129419,5 fw player          BCHEAICMFGH        124.1898 -> 124.2956
129432,4 fw Controll.static GIPNIMALPEG          0.1983 -> 0.7891
129442,2 fw player          LNIDBHIAJJI             212 -> 214
129445,7 fw Controll.static OFJKHAFJIMA          0.0036 -> 0.0024
129456,2 fw Controll.static GIPNIMALPEG          0.7891 -> 0.2648
129470,6 fw player          LNIDBHIAJJI             214 -> 215
129470,6 fw Controll.static MKFDGFOCKNO        129.0954 -> 129.1455
129470,6 fw Controll.static LEKCBKLAILO        129.1454 -> 129.1955
129474,0 fw Controll.static GIPNIMALPEG          0.2648 -> 0.6194
129497,5 fw Controll.static GIPNIMALPEG          0.6194 -> 0.09
129497,5 fw Controll.static NAKNALFCOIF        112.6328 -> 112.4828
129497,5 fw Controll.static IGLCENGMMMJ        -56.4748 -> -56.3248
129513,3 fw player          IGBIBDAMMLE               1 -> 2
129513,3 fw player          BCHEAICMFGH        124.2956 -> 124.396
129513,3 fw Controll.static MKFDGFOCKNO        129.1455 -> 129.1955
129513,3 fw Controll.static LEKCBKLAILO        129.1955 -> 129.2455
129513,3 fw Controll.static OFJKHAFJIMA          0.0024 -> 0.0042
129519,0 fw Controll.static GIPNIMALPEG            0.09 -> 0.5212
129540,5 fw Controll.static GIPNIMALPEG          0.5212 -> 0.9512
129540,6 fw Controll.static NAKNALFCOIF        112.4828 -> 112.1828
129557,1 fw Controll.static MKFDGFOCKNO        129.1955 -> 129.2455
129557,1 fw Controll.static LEKCBKLAILO        129.2455 -> 129.2955
129557,1 fw Controll.static OFJKHAFJIMA          0.0042 -> 0.0012
129559,4 fw Controll.static GIPNIMALPEG          0.9512 -> 0.3274
129570,7 fw Controll.static NAKNALFCOIF        112.1828 -> 111.7328
129570,7 fw Controll.static IGLCENGMMMJ        -56.3248 -> -56.1748
129584,6 fw Controll.static GIPNIMALPEG          0.3274 -> 0.8312
129590,3 fw Controll.static NAKNALFCOIF        111.7328 -> 111.5828
129590,3 fw Controll.static IGLCENGMMMJ        -56.1748 -> -56.0248
129597,0 fw Controll.static MKFDGFOCKNO        129.2455 -> 129.2955
129597,0 fw Controll.static LEKCBKLAILO        129.2955 -> 129.3455
129597,0 fw Controll.static OFJKHAFJIMA          0.0012 -> 0.0038
129603,6 fw Controll.static GIPNIMALPEG          0.8312 -> 0.2114
129612,6 fw player          ACAIGMNLLEC              80 -> 79
129612,6 fw player          HEADELMLILF               0 -> 1
129612,6 fw Controll.static NAKNALFCOIF        111.5828 -> 111.4328
129624,7 fw player          IGBIBDAMMLE               2 -> 3
129624,7 fw player          BCHEAICMFGH         124.396 -> 124.4963
129624,8 fw Controll.static GIPNIMALPEG          0.2114 -> 0.635
129631,6 fw Controll.static NAKNALFCOIF        111.4328 -> 111.1328
129645,1 fw Controll.static GIPNIMALPEG           0.635 -> 0.0414
129652,6 fw Controll.static NAKNALFCOIF        111.1328 -> 110.2328
129656,5 fw Controll.static MKFDGFOCKNO        129.2955 -> 129.3455
129656,6 fw Controll.static LEKCBKLAILO        129.3455 -> 129.3955
129656,6 fw Controll.static OFJKHAFJIMA          0.0038 -> 0.0019
129667,9 fw Controll.static GIPNIMALPEG          0.0414 -> 0.4955
129673,8 fw player          HEADELMLILF               1 -> 0
129673,8 fw Controll.static NAKNALFCOIF        110.2328 -> 109.7828
129697,2 fw Controll.static GIPNIMALPEG          0.4955 -> 0.0829
129697,2 fw Controll.static NAKNALFCOIF        109.7828 -> 109.0328
129697,2 fw Controll.static IGLCENGMMMJ        -56.0248 -> -56.1748
129701,4 fw player          HOJIIOCKKLO               1 -> -1
129701,4 fw Controll.static MKFDGFOCKNO        129.3455 -> 129.3955
129701,4 fw Controll.static LEKCBKLAILO        129.3955 -> 129.4455
129711,5 fw Controll.static OFJKHAFJIMA          0.0019 -> 0.0037
129719,2 fw player          IGBIBDAMMLE               3 -> 4
129719,2 fw player          BCHEAICMFGH        124.4963 -> 124.6032
129719,2 fw player          LNIDBHIAJJI             215 -> 216
129719,2 fw Controll.static GIPNIMALPEG          0.0829 -> 0.5236
129719,2 fw Controll.static NAKNALFCOIF        109.0328 -> 108.4328
129719,2 fw Controll.static IGLCENGMMMJ        -56.1748 -> -56.3248
129739,6 fw Controll.static GIPNIMALPEG          0.5236 -> 0.9316
129739,6 fw Controll.static NAKNALFCOIF        108.4328 -> 107.5328
129739,6 fw Controll.static IGLCENGMMMJ        -56.3248 -> -56.4748
129756,3 fw Controll.static MKFDGFOCKNO        129.3955 -> 129.4455
129756,3 fw Controll.static LEKCBKLAILO        129.4455 -> 129.4955
129756,3 fw Controll.static OFJKHAFJIMA          0.0037 -> 0.0102
129769,3 fw Controll.static GIPNIMALPEG          0.9316 -> 0.5239
129769,3 fw Controll.static NAKNALFCOIF        107.5328 -> 106.1828
129769,3 fw Controll.static IGLCENGMMMJ        -56.4748 -> -56.7748
129772,4 fw player          ACAIGMNLLEC              79 -> 78
129772,4 fw player          HEADELMLILF               0 -> 1
129789,4 fw Controll.static GIPNIMALPEG          0.5239 -> 0.928
129789,5 fw Controll.static NAKNALFCOIF        106.1828 -> 105.2828
129789,5 fw Controll.static IGLCENGMMMJ        -56.7748 -> -56.9248
129802,8 fw Controll.static MKFDGFOCKNO        129.4455 -> 129.4955
129802,8 fw Controll.static LEKCBKLAILO        129.4955 -> 129.5455
129802,8 fw Controll.static OFJKHAFJIMA          0.0102 -> 0.0037
129812,6 fw Controll.static GIPNIMALPEG           0.928 -> 0.3915
129812,6 fw Controll.static NAKNALFCOIF        105.2828 -> 104.3828
129817,0 fw Controll.static IGLCENGMMMJ        -56.9248 -> -57.2248
129830,5 fw player          IGBIBDAMMLE               4 -> 0
129830,5 fw player          BCHEAICMFGH        124.6032 -> 124.7097
129830,5 fw Controll.static GIPNIMALPEG          0.3915 -> 0.7491
129839,1 fw player          ACAIGMNLLEC              78 -> 77
129839,2 fw Controll.static NAKNALFCOIF        104.3828 -> 103.6328
129839,2 fw Controll.static IGLCENGMMMJ        -57.2248 -> -57.3748
129844,5 fw Controll.static MKFDGFOCKNO        129.4955 -> 129.5455
129844,6 fw Controll.static LEKCBKLAILO        129.5455 -> 129.5956
129844,6 fw Controll.static OFJKHAFJIMA          0.0037 -> 0.0013
129854,0 fw Controll.static GIPNIMALPEG          0.7491 -> 0.2188
129858,8 fw Controll.static NAKNALFCOIF        103.6328 -> 102.5827
129858,8 fw Controll.static IGLCENGMMMJ        -57.3748 -> -57.5248
129871,3 fw Controll.static GIPNIMALPEG          0.2188 -> 0.5648
129887,2 fw player          LNIDBHIAJJI             216 -> 215
129887,2 fw Controll.static NAKNALFCOIF        102.5827 -> 101.5327
129887,2 fw Controll.static IGLCENGMMMJ        -57.5248 -> -57.8248
129891,7 fw player          ACAIGMNLLEC              77 -> 76
129901,6 fw Controll.static GIPNIMALPEG          0.5648 -> 0.1699
129906,3 fw player          ACAIGMNLLEC              76 -> 74
129906,3 fw Controll.static NAKNALFCOIF        101.5327 -> 100.3327
129906,3 fw Controll.static IGLCENGMMMJ        -57.8248 -> -58.1248
129919,4 fw Controll.static MKFDGFOCKNO        129.5455 -> 129.5956
129919,4 fw Controll.static LEKCBKLAILO        129.5956 -> 129.6456
129919,4 fw Controll.static OFJKHAFJIMA          0.0013 -> 0.0082
129922,7 fw Controll.static GIPNIMALPEG          0.1699 -> 0.5926
129934,8 fw Controll.static NAKNALFCOIF        100.3327 -> 99.2827
129934,8 fw Controll.static IGLCENGMMMJ        -58.1248 -> -58.5748
129940,1 fw player          IGBIBDAMMLE               0 -> 1
129940,1 fw player          BCHEAICMFGH        124.7097 -> 124.8101
129952,8 fw Controll.static GIPNIMALPEG          0.5926 -> 0.1934
129956,6 fw Controll.static NAKNALFCOIF         99.2827 -> 98.8327
129956,6 fw Controll.static IGLCENGMMMJ        -58.5748 -> -58.7248
129969,4 fw Controll.static MKFDGFOCKNO        129.5956 -> 129.6456
129969,4 fw Controll.static LEKCBKLAILO        129.6456 -> 129.6956
129969,4 fw Controll.static OFJKHAFJIMA          0.0082 -> 0.0094
129984,9 fw player          ACAIGMNLLEC              74 -> 73
129985,0 fw Controll.static GIPNIMALPEG          0.1934 -> 0.837
129985,0 fw Controll.static NAKNALFCOIF         98.8327 -> 98.3827
129985,0 fw Controll.static IGLCENGMMMJ        -58.7248 -> -59.0248
130002,4 fw Controll.static OFJKHAFJIMA          0.0094 -> 0.0089
130004,8 fw Controll.static GIPNIMALPEG           0.837 -> 0.2337
130004,8 fw Controll.static NAKNALFCOIF         98.3827 -> 97.7827
130004,8 fw Controll.static IGLCENGMMMJ        -59.0248 -> -59.1748
130020,0 fw Controll.static MKFDGFOCKNO        129.6456 -> 129.6956
130020,0 fw Controll.static LEKCBKLAILO        129.6956 -> 129.7456
130030,0 fw player          IGBIBDAMMLE               1 -> 2
130030,0 fw player          BCHEAICMFGH        124.8101 -> 124.9129
130030,0 fw Controll.static GIPNIMALPEG          0.2337 -> 0.7369
130034,8 fw player          FGFKPMPLNKO        124.8188 -> 125.5289
130046,4 fw player          LNIDBHIAJJI             215 -> 214
130046,4 fw player          ACAIGMNLLEC              73 -> 71
130046,5 fw Controll.static MKFDGFOCKNO        129.6956 -> 129.7456
130046,5 fw Controll.static LEKCBKLAILO        129.7456 -> 129.7956
130046,5 fw Controll.static OFJKHAFJIMA          0.0089 -> 0.0031
130052,4 fw Controll.static GIPNIMALPEG          0.7369 -> 0.1864
130052,5 fw Controll.static NAKNALFCOIF         97.7827 -> 97.4827
130071,8 fw Controll.static GIPNIMALPEG          0.1864 -> 0.5734
130071,8 fw Controll.static NAKNALFCOIF         97.4827 -> 97.0327
130071,8 fw Controll.static IGLCENGMMMJ        -59.1748 -> -59.0248
130080,7 fw player          ACAIGMNLLEC              71 -> 70
130095,2 fw Controll.static GIPNIMALPEG          0.5734 -> 0.0408
130095,2 fw Controll.static NAKNALFCOIF         97.0327 -> 96.7327
130099,5 fw Controll.static IGLCENGMMMJ        -59.0248 -> -58.5748
130099,5 fw Controll.static EPEEFBDJAHO              -1 -> 0
130110,0 fw Controll.static MKFDGFOCKNO        129.7456 -> 129.7956
130110,0 fw Controll.static LEKCBKLAILO        129.7956 -> 129.8456
130110,0 fw Controll.static OFJKHAFJIMA          0.0031 -> 0.0018
130114,5 fw Controll.static GIPNIMALPEG          0.0408 -> 0.4266
130124,1 fw Controll.static NAKNALFCOIF         96.7327 -> 96.4327
130124,1 fw Controll.static IGLCENGMMMJ        -58.5748 -> -58.2748
130136,7 fw player          IGBIBDAMMLE               2 -> 3
130136,7 fw player          BCHEAICMFGH        124.9129 -> 125.0169
130136,7 fw Controll.static GIPNIMALPEG          0.4266 -> 0.8712
130143,7 fw player          LNIDBHIAJJI             214 -> 213
130143,7 fw player          ACAIGMNLLEC              70 -> 69
130152,3 fw Controll.static MKFDGFOCKNO        129.7956 -> 129.8456
130152,3 fw Controll.static LEKCBKLAILO        129.8456 -> 129.8956
130152,3 fw Controll.static OFJKHAFJIMA          0.0018 -> 0.0003
130157,5 fw Controll.static GIPNIMALPEG          0.8712 -> 0.2874
130166,0 fw player          HOJIIOCKKLO              -1 -> 1
130166,0 fw Controll.static NAKNALFCOIF         96.4327 -> 96.2827
130166,0 fw Controll.static IGLCENGMMMJ        -58.2748 -> -57.8248
130170,2 fw player          HEADELMLILF               1 -> 0
130179,5 fw Controll.static GIPNIMALPEG          0.2874 -> 0.7263
130184,1 fw Controll.static IGLCENGMMMJ        -57.8248 -> -57.6748
130195,2 fw Controll.static MKFDGFOCKNO        129.8456 -> 129.8956
130195,2 fw Controll.static LEKCBKLAILO        129.8956 -> 129.9456
130195,2 fw Controll.static OFJKHAFJIMA          0.0003 -> 0.0017
130199,6 fw Controll.static GIPNIMALPEG          0.7263 -> 0.1293
130209,3 fw Controll.static IGLCENGMMMJ        -57.6748 -> -56.9248
130224,4 fw Controll.static GIPNIMALPEG          0.1293 -> 0.624
130230,8 fw Controll.static IGLCENGMMMJ        -56.9248 -> -56.0248
130238,8 fw player          LNIDBHIAJJI             213 -> 214
130238,8 fw player          ACAIGMNLLEC              69 -> 68
130238,8 fw player          HEADELMLILF               0 -> 1
130253,2 fw player          IGBIBDAMMLE               3 -> 4
130253,2 fw player          BCHEAICMFGH        125.0169 -> 125.121
130253,2 fw Controll.static GIPNIMALPEG           0.624 -> 0.2001
130253,2 fw Controll.static NAKNALFCOIF         96.2827 -> 96.4327
130253,2 fw Controll.static IGLCENGMMMJ        -56.0248 -> -54.9748
130258,4 fw Controll.static MKFDGFOCKNO        129.8956 -> 129.9457
130258,4 fw Controll.static LEKCBKLAILO        129.9456 -> 129.9957
130268,2 fw Controll.static OFJKHAFJIMA          0.0017 -> 0.0001
130271,6 fw Controll.static GIPNIMALPEG          0.2001 -> 0.5685
130271,6 fw Controll.static NAKNALFCOIF         96.4327 -> 96.7327
130271,6 fw Controll.static IGLCENGMMMJ        -54.9748 -> -53.7748
130289,0 fw player          HEADELMLILF               1 -> 0
130300,7 fw Controll.static GIPNIMALPEG          0.5685 -> 0.1507
130300,8 fw Controll.static LCMOBPPHLLM          0.2425 -> 0.485
130300,8 fw Controll.static NAKNALFCOIF         96.7327 -> 97.1827
130300,8 fw Controll.static IGLCENGMMMJ        -53.7748 -> -51.0748
130316,4 fw Controll.static MKFDGFOCKNO        129.9457 -> 129.9957
130316,4 fw Controll.static LEKCBKLAILO        129.9957 -> 130.0457
130316,4 fw Controll.static OFJKHAFJIMA          0.0001 -> 0.0073
130319,8 fw player          LNIDBHIAJJI             214 -> 215
130319,8 fw Controll.static GIPNIMALPEG          0.1507 -> 0.5316
130319,9 fw Controll.static NAKNALFCOIF         97.1827 -> 97.4827
130319,9 fw Controll.static IGLCENGMMMJ        -51.0748 -> -49.7248
130346,2 fw Controll.static GIPNIMALPEG          0.5316 -> 0.0591
130346,2 fw Controll.static NAKNALFCOIF         97.4827 -> 98.0827
130346,2 fw Controll.static IGLCENGMMMJ        -49.7248 -> -47.0248
130359,6 fw Controll.static MKFDGFOCKNO        129.9957 -> 130.0457
130359,6 fw Controll.static LEKCBKLAILO        130.0457 -> 130.0957
130359,6 fw Controll.static OFJKHAFJIMA          0.0073 -> 0.0028
130367,7 fw Controll.static GIPNIMALPEG          0.0591 -> 0.4885
130367,7 fw Controll.static NAKNALFCOIF         98.0827 -> 98.3827
130377,8 fw player          LNIDBHIAJJI             215 -> 216
130377,9 fw Controll.static IGLCENGMMMJ        -47.0248 -> -45.5248
130392,7 fw player          BDHNEDFEHBA               0 -> 64
130392,8 fw Controll.static GIPNIMALPEG          0.4885 -> 0.9902
130399,7 fw Controll.static NAKNALFCOIF         98.3827 -> 99.4327
130399,7 fw Controll.static IGLCENGMMMJ        -45.5248 -> -43.8748
130399,7 fw Controll.static EPEEFBDJAHO               0 -> 1
130406,7 fw Controll.static MKFDGFOCKNO        130.0457 -> 130.0957
130406,7 fw Controll.static LEKCBKLAILO        130.0957 -> 130.1457
130406,7 fw Controll.static OFJKHAFJIMA          0.0028 -> 0.0062
130412,9 fw Controll.static GIPNIMALPEG          0.9902 -> 0.3933
130421,2 fw Controll.static NAKNALFCOIF         99.4327 -> 100.1828
130421,2 fw Controll.static IGLCENGMMMJ        -43.8748 -> -42.6748
130421,2 fw Controll.static DGNDKAKOEPD          962646 -> 963648
130421,3 fw Controll.static BEJBLGGGOCC       338541846 -> 338542843
130421,3 fw Controll.static EENJPDHGGGC        129.0994 -> 130.1023
130438,0 fw player          LNIDBHIAJJI             216 -> 219
130438,0 fw player          ACAIGMNLLEC              68 -> 69
130438,0 fw Controll.static GIPNIMALPEG          0.3933 -> 0.8956
130442,0 fw player          HEADELMLILF               0 -> 1
130442,0 fw Controll.static NAKNALFCOIF        100.1828 -> 100.7828
130442,0 fw Controll.static IGLCENGMMMJ        -42.6748 -> -41.7748
130454,0 fw Controll.static MKFDGFOCKNO        130.0957 -> 130.1457
130454,0 fw Controll.static LEKCBKLAILO        130.1457 -> 130.1957
130454,0 fw Controll.static OFJKHAFJIMA          0.0062 -> 0.0104
130458,9 fw Controll.static GIPNIMALPEG          0.8956 -> 0.3124
130470,2 fw Controll.static NAKNALFCOIF        100.7828 -> 101.0828
130470,2 fw Controll.static IGLCENGMMMJ        -41.7748 -> -41.4748
130474,1 fw player          LNIDBHIAJJI             219 -> 222
130474,1 fw player          HEADELMLILF               1 -> 0
130485,6 fw Controll.static GIPNIMALPEG          0.3124 -> 0.8471
130491,3 fw Controll.static NAKNALFCOIF        101.0828 -> 101.2328
130501,5 fw Controll.static MKFDGFOCKNO        130.1457 -> 130.1957
130501,5 fw Controll.static LEKCBKLAILO        130.1957 -> 130.2457
130501,5 fw Controll.static OFJKHAFJIMA          0.0104 -> 0.008
130506,2 fw player          LNIDBHIAJJI             222 -> 224
130506,2 fw player          ACAIGMNLLEC              69 -> 70
130506,2 fw player          HEADELMLILF               0 -> 1
130506,2 fw Controll.static GIPNIMALPEG          0.8471 -> 0.2584
130518,2 fw Controll.static NAKNALFCOIF        101.2328 -> 101.3828
130539,0 fw Controll.static GIPNIMALPEG          0.2584 -> 0.9142
130539,0 fw Controll.static NAKNALFCOIF        101.3828 -> 101.6828
130539,0 fw Controll.static IGLCENGMMMJ        -41.4748 -> -41.3248
130550,9 fw Controll.static MKFDGFOCKNO        130.1957 -> 130.2457
130550,9 fw Controll.static LEKCBKLAILO        130.2457 -> 130.2957
130554,8 fw Controll.static OFJKHAFJIMA           0.008 -> 0.0073
130566,3 fw Controll.static GIPNIMALPEG          0.9142 -> 0.4601
130582,4 fw player          LNIDBHIAJJI             224 -> 226
130582,4 fw player          ACAIGMNLLEC              70 -> 71
130586,5 fw Controll.static GIPNIMALPEG          0.4601 -> 0.8645
130604,6 fw Controll.static MKFDGFOCKNO        130.2457 -> 130.2957
130604,6 fw Controll.static LEKCBKLAILO        130.2957 -> 130.3457
130604,7 fw Controll.static OFJKHAFJIMA          0.0073 -> 0.0076
130616,4 fw player          HOJIIOCKKLO               1 -> -1
130616,4 fw Controll.static GIPNIMALPEG          0.8645 -> 0.4638
130616,4 fw Controll.static NAKNALFCOIF        101.6828 -> 101.8328
130616,4 fw Controll.static IGLCENGMMMJ        -41.3248 -> -41.1748
130635,1 fw player          HEADELMLILF               1 -> 0
130635,1 fw Controll.static GIPNIMALPEG          0.4638 -> 0.837
130651,9 fw Controll.static MKFDGFOCKNO        130.2957 -> 130.3457
130651,9 fw Controll.static LEKCBKLAILO        130.3457 -> 130.3958
130651,9 fw Controll.static OFJKHAFJIMA          0.0076 -> 0.0056
130664,4 fw Controll.static GIPNIMALPEG           0.837 -> 0.4223
130672,2 fw player          ACAIGMNLLEC              71 -> 72
130672,2 fw player          HEADELMLILF               0 -> 1
130686,5 fw Controll.static GIPNIMALPEG          0.4223 -> 0.8642
130700,7 fw Controll.static NAKNALFCOIF        101.8328 -> 101.9828
130700,7 fw Controll.static IGLCENGMMMJ        -41.1748 -> -41.0248
130703,3 fw Controll.static MKFDGFOCKNO        130.3457 -> 130.3958
130703,3 fw Controll.static LEKCBKLAILO        130.3958 -> 130.4458
130703,3 fw Controll.static OFJKHAFJIMA          0.0056 -> 0.0072
130716,0 fw Controll.static GIPNIMALPEG          0.8642 -> 0.454
130720,4 fw Controll.static NAKNALFCOIF        101.9828 -> 102.5828
130720,4 fw Controll.static IGLCENGMMMJ        -41.0248 -> -40.7248
130736,5 fw player          FGFKPMPLNKO        125.5289 -> 125.9943
130736,5 fw Controll.static GIPNIMALPEG           0.454 -> 0.8642
130749,8 fw player          HEADELMLILF               1 -> 0
130749,9 fw Controll.static NAKNALFCOIF        102.5828 -> 104.9828
130749,9 fw Controll.static IGLCENGMMMJ        -40.7248 -> -38.6248
130754,0 fw Controll.static MKFDGFOCKNO        130.3958 -> 130.4458
130754,0 fw Controll.static LEKCBKLAILO        130.4458 -> 130.4958
130754,0 fw Controll.static OFJKHAFJIMA          0.0072 -> 0.0063
130765,3 fw Controll.static GIPNIMALPEG          0.8642 -> 0.44
130771,3 fw Controll.static NAKNALFCOIF        104.9828 -> 107.0828
130771,3 fw Controll.static IGLCENGMMMJ        -38.6248 -> -36.9748
130785,5 fw Controll.static GIPNIMALPEG            0.44 -> 0.8434
130799,0 fw Controll.static NAKNALFCOIF        107.0828 -> 108.5828
130799,0 fw Controll.static IGLCENGMMMJ        -36.9748 -> -35.7748
130803,9 fw Controll.static MKFDGFOCKNO        130.4458 -> 130.4958
130803,9 fw Controll.static LEKCBKLAILO        130.4958 -> 130.5458
130803,9 fw Controll.static OFJKHAFJIMA          0.0063 -> 0.0054
130816,0 fw Controll.static GIPNIMALPEG          0.8434 -> 0.4543
130819,9 fw Controll.static NAKNALFCOIF        108.5828 -> 109.0328
130819,9 fw Controll.static IGLCENGMMMJ        -35.7748 -> -35.3248
130850,0 fw Controll.static GIPNIMALPEG          0.4543 -> 0.1339
130854,6 fw Controll.static MKFDGFOCKNO        130.4958 -> 130.5458
130854,6 fw Controll.static LEKCBKLAILO        130.5458 -> 130.5958
130866,0 fw Controll.static OFJKHAFJIMA          0.0054 -> 0.0065
130871,8 fw Controll.static GIPNIMALPEG          0.1339 -> 0.5691
130882,3 fw player          HEADELMLILF               0 -> 1
130898,7 fw player          LNIDBHIAJJI             226 -> 228
130898,7 fw player          ACAIGMNLLEC              72 -> 74
130898,7 fw Controll.static GIPNIMALPEG          0.5691 -> 0.1074
130916,1 fw Controll.static MKFDGFOCKNO        130.5458 -> 130.5958
130916,1 fw Controll.static LEKCBKLAILO        130.5958 -> 130.6458
130916,1 fw Controll.static OFJKHAFJIMA          0.0065 -> 0.0052
130919,1 fw Controll.static GIPNIMALPEG          0.1074 -> 0.5157
130949,4 fw player          LNIDBHIAJJI             228 -> 230
130949,4 fw player          ACAIGMNLLEC              74 -> 77
130949,4 fw Controll.static GIPNIMALPEG          0.5157 -> 0.1202
130964,7 fw Controll.static MKFDGFOCKNO        130.5958 -> 130.6458
130964,7 fw Controll.static LEKCBKLAILO        130.6458 -> 130.6958
130964,7 fw Controll.static OFJKHAFJIMA          0.0052 -> 0.0058
130971,3 fw player          HEADELMLILF               1 -> 0
130971,3 fw Controll.static GIPNIMALPEG          0.1202 -> 0.5587
130998,5 fw Controll.static GIPNIMALPEG          0.5587 -> 0.1028
131001,9 fw Controll.static EPEEFBDJAHO               1 -> 0
131014,8 fw Controll.static MKFDGFOCKNO        130.6458 -> 130.6958
131014,8 fw Controll.static LEKCBKLAILO        130.6958 -> 130.7458
131014,8 fw Controll.static OFJKHAFJIMA          0.0058 -> 0.0049
131018,2 fw Controll.static GIPNIMALPEG          0.1028 -> 0.4977
131050,3 fw Controll.static GIPNIMALPEG          0.4977 -> 0.1388
131053,2 fw Controll.static NAKNALFCOIF        109.0328 -> 108.7328
131064,9 fw Controll.static MKFDGFOCKNO        130.6958 -> 130.7458
131064,9 fw Controll.static LEKCBKLAILO        130.7458 -> 130.7959
131064,9 fw Controll.static OFJKHAFJIMA          0.0049 -> 0.0068
131070,7 fw player          HOJIIOCKKLO              -1 -> 1
131070,7 fw Controll.static GIPNIMALPEG          0.1388 -> 0.5474
131081,9 fw Controll.static NAKNALFCOIF        108.7328 -> 108.4328
131081,9 fw Controll.static IGLCENGMMMJ        -35.3248 -> -35.1748
131100,6 fw Controll.static GIPNIMALPEG          0.5474 -> 0.1446
131103,7 fw Controll.static NAKNALFCOIF        108.4328 -> 108.1328
131103,8 fw Controll.static IGLCENGMMMJ        -35.1748 -> -33.6748
131115,7 fw Controll.static MKFDGFOCKNO        130.7458 -> 130.7959
131115,7 fw Controll.static LEKCBKLAILO        130.7959 -> 130.8459
131115,7 fw Controll.static OFJKHAFJIMA          0.0068 -> 0.007
131121,7 fw Controll.static GIPNIMALPEG          0.1446 -> 0.5651
131134,0 fw Controll.static NAKNALFCOIF        108.1328 -> 106.0328
131134,0 fw Controll.static IGLCENGMMMJ        -33.6748 -> -28.2748
131155,3 fw Controll.static GIPNIMALPEG          0.5651 -> 0.2377
131155,3 fw Controll.static NAKNALFCOIF        106.0328 -> 104.0828
131155,3 fw Controll.static IGLCENGMMMJ        -28.2748 -> -23.4748
131166,7 fw Controll.static MKFDGFOCKNO        130.7959 -> 130.8459
131166,8 fw Controll.static LEKCBKLAILO        130.8459 -> 130.8959
131173,8 fw Controll.static OFJKHAFJIMA           0.007 -> 0.0075
131181,9 fw Controll.static GIPNIMALPEG          0.2377 -> 0.7708
131181,9 fw Controll.static NAKNALFCOIF        104.0828 -> 102.1328
131182,0 fw Controll.static IGLCENGMMMJ        -23.4748 -> -18.8248
131199,1 fw Controll.static MKFDGFOCKNO        130.8459 -> 130.8959
131199,1 fw Controll.static LEKCBKLAILO        130.8959 -> 130.9459
131199,1 fw Controll.static OFJKHAFJIMA          0.0075 -> 0.0055
131209,5 fw Controll.static GIPNIMALPEG          0.7708 -> 0.321
131209,5 fw Controll.static NAKNALFCOIF        102.1328 -> 100.4828
131209,5 fw Controll.static IGLCENGMMMJ        -18.8248 -> -14.7748
131215,9 fw player          FGFKPMPLNKO        125.9943 -> 126.4659
131225,7 fw player          LNIDBHIAJJI             230 -> 232
131225,7 fw player          ACAIGMNLLEC              77 -> 76
131234,1 fw player          HEADELMLILF               0 -> 1
131234,1 fw Controll.static GIPNIMALPEG           0.321 -> 0.8145
131234,2 fw Controll.static NAKNALFCOIF        100.4828 -> 99.2828
131234,2 fw Controll.static IGLCENGMMMJ        -14.7748 -> -11.4748
131251,9 fw Controll.static MKFDGFOCKNO        130.8959 -> 130.9459
131251,9 fw Controll.static LEKCBKLAILO        130.9459 -> 130.9959
131251,9 fw Controll.static OFJKHAFJIMA          0.0055 -> 0.0083
131257,4 fw Controll.static GIPNIMALPEG          0.8145 -> 0.2786
131257,4 fw Controll.static NAKNALFCOIF         99.2828 -> 98.8328
131257,4 fw Controll.static IGLCENGMMMJ        -11.4748 -> -9.9748
131287,2 fw player          LNIDBHIAJJI             232 -> 238
131287,2 fw player          ACAIGMNLLEC              76 -> 74
131287,3 fw Controll.static GIPNIMALPEG          0.2786 -> 0.8746
131287,3 fw Controll.static NAKNALFCOIF         98.8328 -> 98.5328
131294,1 fw Controll.static IGLCENGMMMJ         -9.9748 -> -9.2248
131306,4 fw Controll.static MKFDGFOCKNO        130.9459 -> 130.996
131306,4 fw Controll.static LEKCBKLAILO        130.9959 -> 131.046
131306,4 fw Controll.static OFJKHAFJIMA          0.0083 -> 0.0004
131315,6 fw Controll.static GIPNIMALPEG          0.8746 -> 0.4421
131323,1 fw Controll.static NAKNALFCOIF         98.5328 -> 97.9328
131323,1 fw Controll.static IGLCENGMMMJ         -9.2248 -> -8.3248
131339,4 fw Controll.static GIPNIMALPEG          0.4421 -> 0.917
131352,0 fw player          LNIDBHIAJJI             238 -> 244
131352,0 fw player          ACAIGMNLLEC              74 -> 71
131352,0 fw Controll.static NAKNALFCOIF         97.9328 -> 97.0328
131352,0 fw Controll.static IGLCENGMMMJ         -8.3248 -> -7.1248
131356,6 fw Controll.static MKFDGFOCKNO         130.996 -> 131.046
131356,6 fw Controll.static LEKCBKLAILO         131.046 -> 131.096
131356,6 fw Controll.static OFJKHAFJIMA          0.0004 -> 0.0084
131369,4 fw Controll.static GIPNIMALPEG           0.917 -> 0.5187
131375,8 fw Controll.static NAKNALFCOIF         97.0328 -> 95.8328
131375,8 fw Controll.static IGLCENGMMMJ         -7.1248 -> -5.0248
131386,2 fw player          LNIDBHIAJJI             244 -> 248
131386,2 fw player          ACAIGMNLLEC              71 -> 70
131393,4 fw Controll.static GIPNIMALPEG          0.5187 -> 0.9963
131403,1 fw Controll.static NAKNALFCOIF         95.8328 -> 92.8328
131403,1 fw Controll.static IGLCENGMMMJ         -5.0248 -> 0.0752
131411,1 fw Controll.static MKFDGFOCKNO         131.046 -> 131.096
131411,1 fw Controll.static LEKCBKLAILO         131.096 -> 131.146
131411,1 fw Controll.static OFJKHAFJIMA          0.0084 -> 0.0094
131418,3 fw player          LNIDBHIAJJI             248 -> 249
131418,3 fw Controll.static GIPNIMALPEG          0.9963 -> 0.4955
131430,9 fw player          HEADELMLILF               1 -> 0
131431,0 fw Controll.static NAKNALFCOIF         92.8328 -> 89.9827
131431,0 fw Controll.static IGLCENGMMMJ          0.0752 -> 4.5752
131431,0 fw Controll.static DGNDKAKOEPD          963648 -> 964652
131431,0 fw Controll.static BEJBLGGGOCC       338542843 -> 338543841
131431,0 fw Controll.static JELGPAKAJPE              99 -> 109
131431,0 fw Controll.static EENJPDHGGGC        130.1023 -> 131.1057
131449,8 fw Controll.static GIPNIMALPEG          0.4955 -> 0.1251
131454,6 fw Controll.static NAKNALFCOIF         89.9827 -> 87.2827
131454,6 fw Controll.static IGLCENGMMMJ          4.5752 -> 8.9252
131467,3 fw Controll.static MKFDGFOCKNO         131.096 -> 131.146
131467,3 fw Controll.static LEKCBKLAILO         131.146 -> 131.196
131467,3 fw Controll.static OFJKHAFJIMA          0.0094 -> 0.0061
131483,1 fw player          LNIDBHIAJJI             249 -> 250
131483,1 fw player          ACAIGMNLLEC              70 -> 69
131483,1 fw player          HEADELMLILF               0 -> 1
131483,1 fw Controll.static GIPNIMALPEG          0.1251 -> 0.7916
131483,1 fw Controll.static NAKNALFCOIF         87.2827 -> 84.5827
131483,1 fw Controll.static IGLCENGMMMJ          8.9252 -> 13.7252
131500,4 fw Controll.static OFJKHAFJIMA          0.0061 -> 0.0067
131511,9 fw Controll.static GIPNIMALPEG          0.7916 -> 0.3665
131511,9 fw Controll.static NAKNALFCOIF         84.5827 -> 83.8327
131511,9 fw Controll.static IGLCENGMMMJ         13.7252 -> 15.0752
131511,9 fw Controll.static EPEEFBDJAHO               0 -> -1
131531,4 fw Controll.static MKFDGFOCKNO         131.146 -> 131.196
131531,4 fw Controll.static LEKCBKLAILO         131.196 -> 131.246
131535,8 fw player          HOJIIOCKKLO               1 -> -1
131535,9 fw Controll.static GIPNIMALPEG          0.3665 -> 0.8459
131535,9 fw Controll.static IGLCENGMMMJ         15.0752 -> 15.3752
131549,1 fw player          LNIDBHIAJJI             250 -> 0
131549,1 fw player          ACAIGMNLLEC              69 -> 66
131554,5 fw Controll.static MKFDGFOCKNO         131.196 -> 131.246
131554,5 fw Controll.static LEKCBKLAILO         131.246 -> 131.296
131554,5 fw Controll.static OFJKHAFJIMA          0.0067 -> 0.0054
131566,0 fw Controll.static GIPNIMALPEG          0.8459 -> 0.4498
131581,9 fw player          LNIDBHIAJJI               0 -> 5
131582,0 fw player          ACAIGMNLLEC              66 -> 62
131591,6 fw Controll.static GIPNIMALPEG          0.4498 -> 0.96
131599,1 fw Controll.static HLBAGIACGBI               0 -> 1
131599,1 fw Controll.static GCHFDAPNBNB               0 -> 1
131607,3 fw Controll.static IPCNAHJLMAP               0 -> 1
131607,4 fw Controll.static MKFDGFOCKNO         131.246 -> 131.296
131607,4 fw Controll.static LEKCBKLAILO         131.296 -> 131.346
131616,4 fw Controll.static GIPNIMALPEG            0.96 -> 0.458
131639,0 fw player          LNIDBHIAJJI               5 -> 10
131639,0 fw player          ACAIGMNLLEC              62 -> 59
131639,0 fw Controll.static GIPNIMALPEG           0.458 -> 0.91
131657,7 fw Controll.static IPCNAHJLMAP               1 -> 2
131657,7 fw Controll.static MKFDGFOCKNO         131.296 -> 131.346
131657,7 fw Controll.static LEKCBKLAILO         131.346 -> 131.396
131657,7 fw Controll.static OFJKHAFJIMA          0.0054 -> 0.0079
131669,1 fw Controll.static GIPNIMALPEG            0.91 -> 0.5102
131674,8 fw player          HEADELMLILF               1 -> 0
131696,5 fw Controll.static GIPNIMALPEG          0.5102 -> 0.0585
131714,8 fw player          HIDMDLLHEKO               1 -> 4
131714,8 fw player          BDHNEDFEHBA              64 -> 120
131714,8 fw Controll.static IPCNAHJLMAP               2 -> 3
131714,8 fw Controll.static MKFDGFOCKNO         131.346 -> 131.396
131714,8 fw Controll.static LEKCBKLAILO         131.396 -> 131.446
131714,8 fw Controll.static OFJKHAFJIMA          0.0079 -> 0.0027
131719,4 fw Controll.static GIPNIMALPEG          0.0585 -> 0.516
131732,3 fw Controll.static HLBAGIACGBI               1 -> 0
131749,2 fw Controll.static GIPNIMALPEG           0.516 -> 0.1119
131765,0 fw Controll.static IPCNAHJLMAP               3 -> 4
131765,1 fw Controll.static MKFDGFOCKNO         131.396 -> 131.446
131765,1 fw Controll.static LEKCBKLAILO         131.446 -> 131.496
131765,1 fw Controll.static OFJKHAFJIMA          0.0027 -> 0.0054
131773,2 fw Controll.static GIPNIMALPEG          0.1119 -> 0.5905
131790,9 fw player          BDHNEDFEHBA             120 -> 161
131808,6 fw Controll.static GIPNIMALPEG          0.5905 -> 0.3015
131815,1 fw Controll.static IPCNAHJLMAP               4 -> 5
131815,1 fw Controll.static MKFDGFOCKNO         131.446 -> 131.496
131815,1 fw Controll.static LEKCBKLAILO         131.496 -> 131.5461
131824,4 fw Controll.static OFJKHAFJIMA          0.0054 -> 0.0049
131833,8 fw player          BDHNEDFEHBA             161 -> 186
131833,8 fw Controll.static GIPNIMALPEG          0.3015 -> 0.805
131853,5 fw Controll.static MKFDGFOCKNO         131.496 -> 131.5461
131853,5 fw Controll.static LEKCBKLAILO        131.5461 -> 131.5961
131853,5 fw Controll.static OFJKHAFJIMA          0.0049 -> 0.0098
131858,6 fw player          FGFKPMPLNKO        126.4659 -> 127.1162
131858,6 fw Controll.static GIPNIMALPEG           0.805 -> 0.3005
131870,9 fw Controll.static GCHFDAPNBNB               1 -> 0
131870,9 fw Controll.static IPCNAHJLMAP               5 -> 0
131886,3 fw player          BDHNEDFEHBA             186 -> 197
131886,3 fw Controll.static GIPNIMALPEG          0.3005 -> 0.8557
131896,7 fw Controll.static GCHFDAPNBNB               0 -> 1
131896,7 fw Controll.static IPCNAHJLMAP               0 -> 1
131901,9 fw Controll.static MKFDGFOCKNO        131.5461 -> 131.5961
131901,9 fw Controll.static LEKCBKLAILO        131.5961 -> 131.6461
131901,9 fw Controll.static OFJKHAFJIMA          0.0098 -> 0.003
131914,3 fw Controll.static GIPNIMALPEG          0.8557 -> 0.4147
131933,3 fw player          LBKINNIDKEC               1 -> 0
131933,3 fw player          BDHNEDFEHBA             197 -> 192
131938,7 fw Controll.static GIPNIMALPEG          0.4147 -> 0.9014
131950,9 # net: TcpClient.Connected = True
131956,0 fw Controll.static IPCNAHJLMAP               1 -> 2
131956,0 fw Controll.static MKFDGFOCKNO        131.5961 -> 131.6461
131956,0 fw Controll.static LEKCBKLAILO        131.6461 -> 131.6961
131956,0 fw Controll.static OFJKHAFJIMA           0.003 -> 0.0071
131968,4 fw Controll.static GIPNIMALPEG          0.9014 -> 0.4962
131992,7 fw Controll.static GIPNIMALPEG          0.4962 -> 0.9811
132002,0 fw Controll.static GCHFDAPNBNB               1 -> 0
132009,7 fw Controll.static IPCNAHJLMAP               2 -> 0
132009,8 fw Controll.static MKFDGFOCKNO        131.6461 -> 131.6961
132009,8 fw Controll.static LEKCBKLAILO        131.6961 -> 131.7461
132009,8 fw Controll.static OFJKHAFJIMA          0.0071 -> 0.0081
132017,6 fw player          HIDMDLLHEKO               4 -> 1
132017,6 fw Controll.static GIPNIMALPEG          0.9811 -> 0.4797
132045,7 fw Controll.static GIPNIMALPEG          0.4797 -> 0.0417
132052,3 fw Controll.static IGLCENGMMMJ         15.3752 -> 14.9252
132062,4 fw player          HIDMDLLHEKO               1 -> 4
132062,4 fw player          BDHNEDFEHBA             192 -> 128
132062,5 fw Controll.static MKFDGFOCKNO        131.6961 -> 131.7461
132062,5 fw Controll.static LEKCBKLAILO        131.7461 -> 131.7961
132062,5 fw Controll.static OFJKHAFJIMA          0.0081 -> 0.0019
132070,5 fw Controll.static GIPNIMALPEG          0.0417 -> 0.5364
132079,5 fw Controll.static IGLCENGMMMJ         14.9252 -> 14.6252
132097,9 fw Controll.static GIPNIMALPEG          0.5364 -> 0.0842
132104,0 fw Controll.static IGLCENGMMMJ         14.6252 -> 14.0252
132116,7 fw Controll.static MKFDGFOCKNO        131.7461 -> 131.7961
132116,7 fw Controll.static LEKCBKLAILO        131.7961 -> 131.8461
132116,7 fw Controll.static OFJKHAFJIMA          0.0019 -> 0.0039
132134,2 fw Controll.static GIPNIMALPEG          0.0842 -> 0.8105
132134,2 fw Controll.static IGLCENGMMMJ         14.0252 -> 13.2752
132139,3 fw player          BDHNEDFEHBA             128 -> 64
132152,5 fw Controll.static OFJKHAFJIMA          0.0039 -> 0.0085
132158,2 fw Controll.static GIPNIMALPEG          0.8105 -> 0.2905
132158,2 fw Controll.static IGLCENGMMMJ         13.2752 -> 12.8252
132171,3 fw Controll.static GCHFDAPNBNB               0 -> 1
132171,4 fw Controll.static IPCNAHJLMAP               0 -> 1
132179,3 fw player          IGBIBDAMMLE               4 -> 0
132179,3 fw player          BCHEAICMFGH         125.121 -> 127.0496
132179,3 fw Controll.static MKFDGFOCKNO        131.7961 -> 131.8461
132179,3 fw Controll.static LEKCBKLAILO        131.8461 -> 131.8961
132188,8 fw Controll.static GIPNIMALPEG          0.2905 -> 0.902
132188,8 fw Controll.static NAKNALFCOIF         83.8327 -> 83.6827
132188,8 fw Controll.static IGLCENGMMMJ         12.8252 -> 11.7752
132197,7 fw player          HIDMDLLHEKO               4 -> 1
132197,7 fw Controll.static GCHFDAPNBNB               1 -> 0
132197,7 fw Controll.static IPCNAHJLMAP               1 -> 0
132207,6 fw Controll.static MKFDGFOCKNO        131.8461 -> 131.8961
132207,7 fw Controll.static LEKCBKLAILO        131.8961 -> 131.9462
132207,7 fw Controll.static OFJKHAFJIMA          0.0085 -> 0.0038
132214,0 fw Controll.static GIPNIMALPEG           0.902 -> 0.4064
132214,0 fw Controll.static LCMOBPPHLLM           0.485 -> 0.2425
132214,0 fw Controll.static NAKNALFCOIF         83.6827 -> 83.5327
132214,0 fw Controll.static IGLCENGMMMJ         11.7752 -> 10.5752
132241,0 fw Controll.static GIPNIMALPEG          0.4064 -> 0.9442
132241,0 fw Controll.static NAKNALFCOIF         83.5327 -> 83.2327
132241,1 fw Controll.static IGLCENGMMMJ         10.5752 -> 9.3752
132260,2 fw Controll.static MKFDGFOCKNO        131.8961 -> 131.9462
132260,2 fw Controll.static LEKCBKLAILO        131.9462 -> 131.9962
132260,2 fw Controll.static OFJKHAFJIMA          0.0038 -> 0.0041
132264,0 fw Controll.static GIPNIMALPEG          0.9442 -> 0.407
132264,0 fw Controll.static NAKNALFCOIF         83.2327 -> 82.9327
132279,0 fw player          IGBIBDAMMLE               0 -> 1
132279,0 fw player          BCHEAICMFGH        127.0496 -> 127.15
132279,0 fw Controll.static IGLCENGMMMJ          9.3752 -> 8.0252
132297,2 fw Controll.static GIPNIMALPEG           0.407 -> 0.0704
132302,4 fw player          BDHNEDFEHBA              64 -> 0
132302,4 fw player          LNIDBHIAJJI              10 -> 9
132302,4 fw Controll.static NAKNALFCOIF         82.9327 -> 82.7827
132302,4 fw Controll.static IGLCENGMMMJ          8.0252 -> 7.2752
132302,4 fw Controll.static JEOINCHFPCC               1 -> 0
132315,9 fw player          HIDMDLLHEKO               1 -> 4
132315,9 fw Controll.static MKFDGFOCKNO        131.9462 -> 131.9962
132315,9 fw Controll.static LEKCBKLAILO        131.9962 -> 132.0462
132315,9 fw Controll.static OFJKHAFJIMA          0.0041 -> 0.0033
132319,9 fw Controll.static GIPNIMALPEG          0.0704 -> 0.5245
132332,5 fw player          FGFKPMPLNKO        127.1162 -> 127.8317
132332,5 fw Controll.static NAKNALFCOIF         82.7827 -> 82.3327
132332,5 fw Controll.static IGLCENGMMMJ          7.2752 -> 6.3752
132338,4 fw player          HIDMDLLHEKO               4 -> 1
132338,5 fw player          LNIDBHIAJJI               9 -> 8
132351,9 fw Controll.static GIPNIMALPEG          0.5245 -> 0.1629
132355,8 fw Controll.static NAKNALFCOIF         82.3327 -> 82.1827
132355,8 fw Controll.static IGLCENGMMMJ          6.3752 -> 5.6252
132366,8 fw Controll.static MKFDGFOCKNO        131.9962 -> 132.0462
132366,8 fw Controll.static LEKCBKLAILO        132.0462 -> 132.0962
132366,8 fw Controll.static OFJKHAFJIMA          0.0033 -> 0.0079
132375,0 fw player          IGBIBDAMMLE               1 -> 2
132375,0 fw player          BCHEAICMFGH          127.15 -> 127.2596
132375,0 fw Controll.static GIPNIMALPEG          0.1629 -> 0.6265
132383,5 fw player          LNIDBHIAJJI               8 -> 6
132383,5 fw Controll.static NAKNALFCOIF         82.1827 -> 81.8827
132383,5 fw Controll.static IGLCENGMMMJ          5.6252 -> 5.3252
132399,2 fw Controll.static GIPNIMALPEG          0.6265 -> 0.1095
132405,3 fw Controll.static NAKNALFCOIF         81.8827 -> 81.7327
132405,3 fw Controll.static IGLCENGMMMJ          5.3252 -> 4.8752
132405,3 fw Controll.static DGNDKAKOEPD          964652 -> 965648
132405,3 fw Controll.static BEJBLGGGOCC       338543841 -> 338544841
132405,3 fw Controll.static JELGPAKAJPE             109 -> 103
132405,3 fw Controll.static EENJPDHGGGC        131.1057 -> 132.1018
132415,7 fw player          LNIDBHIAJJI               6 -> 5
132415,7 fw player          ACAIGMNLLEC              59 -> 58
132415,7 fw player          HEADELMLILF               0 -> 1
132415,8 fw Controll.static MKFDGFOCKNO        132.0462 -> 132.0962
132415,8 fw Controll.static LEKCBKLAILO        132.0962 -> 132.1462
132415,8 fw Controll.static OFJKHAFJIMA          0.0079 -> 0.0053
132420,3 fw Controll.static GIPNIMALPEG          0.1095 -> 0.5322
132432,3 fw Controll.static NAKNALFCOIF         81.7327 -> 81.4327
132432,3 fw Controll.static IGLCENGMMMJ          4.8752 -> 4.1252
132454,5 fw Controll.static GIPNIMALPEG          0.5322 -> 0.2151
132454,5 fw Controll.static NAKNALFCOIF         81.4327 -> 80.9827
132454,5 fw Controll.static IGLCENGMMMJ          4.1252 -> 3.2252
132464,7 fw Controll.static MKFDGFOCKNO        132.0962 -> 132.1462
132464,7 fw Controll.static LEKCBKLAILO        132.1462 -> 132.1962
132471,7 fw player          LNIDBHIAJJI               5 -> 4
132471,7 fw player          HEADELMLILF               1 -> 0
132471,7 fw Controll.static OFJKHAFJIMA          0.0053 -> 0.0047
132481,1 fw player          IGBIBDAMMLE               2 -> 3
132481,1 fw player          BCHEAICMFGH        127.2596 -> 127.3625
132481,1 fw Controll.static GIPNIMALPEG          0.2151 -> 0.7479
132481,1 fw Controll.static NAKNALFCOIF         80.9827 -> 80.3827
132481,1 fw Controll.static IGLCENGMMMJ          3.2252 -> 1.8752
132498,3 fw Controll.static MKFDGFOCKNO        132.1462 -> 132.1962
132498,3 fw Controll.static LEKCBKLAILO        132.1962 -> 132.2462
132498,3 fw Controll.static OFJKHAFJIMA          0.0047 -> 0.0044
132503,7 fw Controll.static GIPNIMALPEG          0.7479 -> 0.1998
132503,7 fw Controll.static NAKNALFCOIF         80.3827 -> 80.0827
132503,7 fw Controll.static IGLCENGMMMJ          1.8752 -> 1.4252
132523,5 fw player          LNIDBHIAJJI               4 -> 3
132535,2 fw Controll.static GIPNIMALPEG          0.1998 -> 0.83
132535,2 fw Controll.static NAKNALFCOIF         80.0827 -> 79.6327
132535,2 fw Controll.static IGLCENGMMMJ          1.4252 -> 0.6752
132553,3 fw Controll.static MKFDGFOCKNO        132.1962 -> 132.2462
132553,3 fw Controll.static LEKCBKLAILO        132.2462 -> 132.2962
132553,3 fw Controll.static OFJKHAFJIMA          0.0044 -> 0.0093
132560,9 fw Controll.static GIPNIMALPEG            0.83 -> 0.3423
132560,9 fw Controll.static NAKNALFCOIF         79.6327 -> 79.3327
132560,9 fw Controll.static IGLCENGMMMJ          0.6752 -> 0.2252
132586,6 fw player          LNIDBHIAJJI               3 -> 2
132586,6 fw player          ACAIGMNLLEC              58 -> 57
132586,6 fw player          HEADELMLILF               0 -> 1
132586,7 fw Controll.static GIPNIMALPEG          0.3423 -> 0.8581
132586,7 fw Controll.static NAKNALFCOIF         79.3327 -> 78.7327
132595,2 fw Controll.static IGLCENGMMMJ          0.2252 -> 0.0752
132602,5 fw player          IGBIBDAMMLE               3 -> 4
132602,5 fw player          BCHEAICMFGH        127.3625 -> 127.4701
132602,5 fw Controll.static MKFDGFOCKNO        132.2462 -> 132.2962
132602,5 fw Controll.static LEKCBKLAILO        132.2962 -> 132.3462
132602,5 fw Controll.static OFJKHAFJIMA          0.0093 -> 0.0013
132612,1 fw Controll.static GIPNIMALPEG          0.8581 -> 0.3671
132617,5 fw Controll.static NAKNALFCOIF         78.7327 -> 78.5827
132617,5 fw Controll.static IGLCENGMMMJ          0.0752 -> -0.0748
132629,6 fw player          HEADELMLILF               1 -> 0
132635,8 fw Controll.static MNHBPCOOMLE          962584 -> 966084
132635,8 fw Controll.static GIPNIMALPEG          0.3671 -> 0.8407
132646,5 fw player          LNIDBHIAJJI               2 -> 1
132646,5 fw Controll.static NAKNALFCOIF         78.5827 -> 84.2083
132646,5 fw Controll.static IGLCENGMMMJ         -0.0748 -> -1.134
132646,5 fw Controll        MJPKOOHJOPA        124.2263 -> 127.7268
132653,0 fw Controll.static MKFDGFOCKNO        132.2962 -> 132.3462
132653,0 fw Controll.static LEKCBKLAILO        132.3462 -> 132.3962
132653,0 fw Controll.static OFJKHAFJIMA          0.0013 -> 0.0026
132664,3 fw Controll.static GIPNIMALPEG          0.8407 -> 0.4104
132671,7 fw Controll.static NAKNALFCOIF         84.2083 -> 84.3803
132671,7 fw Controll.static IGLCENGMMMJ          -1.134 -> -1.1404
132681,8 fw player          LNIDBHIAJJI               1 -> 0
132681,8 fw player          ACAIGMNLLEC              57 -> 56
132681,8 fw player          HEADELMLILF               0 -> 1
132687,2 fw Controll.static GIPNIMALPEG          0.4104 -> 0.8676
132699,8 fw player          IGBIBDAMMLE               4 -> 0
132699,8 fw player          BCHEAICMFGH        127.4701 -> 127.5746
132699,8 fw Controll.static NAKNALFCOIF         84.3803 -> 84.4554
132699,8 fw Controll.static IGLCENGMMMJ         -1.1404 -> -1.1457
132705,6 fw Controll.static MKFDGFOCKNO        132.3462 -> 132.3962
132705,6 fw Controll.static LEKCBKLAILO        132.3962 -> 132.4462
132705,6 fw Controll.static OFJKHAFJIMA          0.0026 -> 0.0058
132718,4 fw player          HOJIIOCKKLO              -1 -> 1
132718,4 fw player          ACAIGMNLLEC              56 -> 55
132718,5 fw Controll.static GIPNIMALPEG          0.8676 -> 0.4937
132726,7 fw Controll.static NAKNALFCOIF         84.4554 -> 84.972
132726,7 fw Controll.static IGLCENGMMMJ         -1.1457 -> -1.1541
132742,9 fw Controll.static GIPNIMALPEG          0.4937 -> 0.9826
132751,3 fw Controll.static NAKNALFCOIF          84.972 -> 85.4417
132751,3 fw Controll.static IGLCENGMMMJ         -1.1541 -> -1.1532
132760,8 fw Controll.static GLGCAOADGMN               1 -> 0
132760,9 fw Controll.static MKFDGFOCKNO        132.3962 -> 132.4463
132760,9 fw Controll.static LEKCBKLAILO        132.4462 -> 132.4963
132760,9 fw Controll.static OFJKHAFJIMA          0.0058 -> 0.0073
132778,1 fw player          LNIDBHIAJJI               0 -> 254
132778,1 fw player          ACAIGMNLLEC              55 -> 59
132778,2 fw Controll.static GIPNIMALPEG          0.9826 -> 0.6881
132778,2 fw Controll.static NAKNALFCOIF         85.4417 -> 85.6372
132778,2 fw Controll.static IGLCENGMMMJ         -1.1532 -> -1.1545
132795,1 fw player          IGBIBDAMMLE               0 -> 1
132795,1 fw player          BCHEAICMFGH        127.5746 -> 127.6759
132795,1 fw Controll.static OFJKHAFJIMA          0.0073 -> 0.0011
132799,9 fw Controll.static GIPNIMALPEG          0.6881 -> 0.1232
132800,0 fw Controll.static NAKNALFCOIF         85.6372 -> 85.8898
132800,0 fw Controll.static IGLCENGMMMJ         -1.1545 -> -1.153
132817,2 fw Controll.static MKFDGFOCKNO        132.4463 -> 132.4963
132817,2 fw Controll.static LEKCBKLAILO        132.4963 -> 132.5463
132828,8 fw Controll.static GIPNIMALPEG          0.1232 -> 0.6994
132828,8 fw Controll.static NAKNALFCOIF         85.8898 -> 86.2108
132828,8 fw Controll.static IGLCENGMMMJ          -1.153 -> -1.1483
132833,7 fw player          ACAIGMNLLEC              59 -> 60
132844,3 fw Controll.static MKFDGFOCKNO        132.4963 -> 132.5463
132844,3 fw Controll.static LEKCBKLAILO        132.5463 -> 132.5963
132844,3 fw Controll.static OFJKHAFJIMA          0.0011 -> 0.0003
132850,6 fw Controll.static GIPNIMALPEG          0.6994 -> 0.1357
132850,6 fw Controll.static NAKNALFCOIF         86.2108 -> 86.5063
132850,6 fw Controll.static IGLCENGMMMJ         -1.1483 -> -1.0111
132861,0 fw Controll.static HLBAGIACGBI               0 -> 1
132861,0 fw Controll.static PBICPLCFAGG               1 -> 0
132878,9 fw Controll.static GIPNIMALPEG          0.1357 -> 0.7034
132879,0 fw Controll.static NAKNALFCOIF         86.5063 -> 86.7619
132879,0 fw Controll.static IGLCENGMMMJ         -1.0111 -> -0.7747
132885,4 fw player          HEADELMLILF               1 -> 0
132885,4 fw Controll.static BFEOOOMMGLK               0 -> 1
132885,4 fw Controll.static GLGCAOADGMN               0 -> 1
132885,4 fw Controll        MJPKOOHJOPA        127.7268 -> 127.9763
132896,7 fw Controll.static IPCNAHJLMAP               0 -> 1
132896,7 fw Controll.static MKFDGFOCKNO        132.5463 -> 132.5963
132896,7 fw Controll.static LEKCBKLAILO        132.5963 -> 132.6463
132896,7 fw Controll.static OFJKHAFJIMA          0.0003 -> 0.0027
132901,8 fw player          IGBIBDAMMLE               1 -> 2
132901,8 fw player          BCHEAICMFGH        127.6759 -> 127.7763
132901,8 fw Controll.static MNHBPCOOMLE          966084 -> 966334
132901,8 fw Controll.static GIPNIMALPEG          0.7034 -> 0.1595
132901,8 fw Controll.static ANDBANJHOLD        120.0166 -> 127.7263
132901,8 fw Controll.static NAKNALFCOIF         86.7619 -> 87.0687
132912,7 fw Controll.static IGLCENGMMMJ         -0.7747 -> -0.3101
132912,7 fw Controll.static PBICPLCFAGG               0 -> 1
132912,7 fw Controll.static GCHFDAPNBNB               0 -> 1
132912,7 fw Controll.static BFEOOOMMGLK               1 -> 0
132931,9 fw Controll.static GIPNIMALPEG          0.1595 -> 0.7623
132936,2 fw Controll.static NAKNALFCOIF         87.0687 -> 87.3544
132936,2 fw Controll.static IGLCENGMMMJ         -0.3101 -> 0.5161
132950,5 fw Controll.static IPCNAHJLMAP               1 -> 2
132950,6 fw Controll.static MKFDGFOCKNO        132.5963 -> 132.6463
132950,6 fw Controll.static LEKCBKLAILO        132.6463 -> 132.6963
132950,6 fw Controll.static OFJKHAFJIMA          0.0027 -> 0.0065
132956,9 fw Controll.static GIPNIMALPEG          0.7623 -> 0.2606
132956,9 fw Controll.static LCMOBPPHLLM          0.2425 -> 0.485
132969,3 fw Controll.static NAKNALFCOIF         87.3544 -> 87.243
132969,3 fw Controll.static IGLCENGMMMJ          0.5161 -> 1.1024
132978,2 fw player          FDOJDJLIGLF              10 -> 100
132987,4 fw player          ACAIGMNLLEC              60 -> 61
132987,4 fw player          HEADELMLILF               0 -> 1
132987,4 fw Controll.static GIPNIMALPEG          0.2606 -> 0.8703
132997,3 fw Controll.static NAKNALFCOIF          87.243 -> 87.5721
132997,3 fw Controll.static IGLCENGMMMJ          1.1024 -> 1.6884
133007,2 fw Controll.static IPCNAHJLMAP               2 -> 3
133007,2 fw Controll.static MKFDGFOCKNO        132.6463 -> 132.6964
133007,2 fw Controll.static LEKCBKLAILO        132.6963 -> 132.7464
133007,2 fw Controll.static OFJKHAFJIMA          0.0065 -> 0.0032
133016,9 fw player          HEADELMLILF               1 -> 0
133016,9 fw Controll.static GIPNIMALPEG          0.8703 -> 0.4604
133027,2 fw player          HIDMDLLHEKO               1 -> 4
133027,3 fw Controll.static NAKNALFCOIF         87.5721 -> 87.693
133027,3 fw Controll.static IGLCENGMMMJ          1.6884 -> 2.0803
133027,3 fw Controll.static HLBAGIACGBI               1 -> 0
133035,9 fw player          BDHNEDFEHBA               0 -> 56
133035,9 fw player          LNIDBHIAJJI             254 -> 255
133035,9 fw Controll.static GLGCAOADGMN               1 -> 0
133049,8 fw Controll.static GIPNIMALPEG          0.4604 -> 0.1177
133055,2 fw Controll.static NAKNALFCOIF          87.693 -> 87.9605
133055,2 fw Controll.static IGLCENGMMMJ          2.0803 -> 2.428
133068,5 fw Controll.static IPCNAHJLMAP               3 -> 4
133068,5 fw Controll.static MKFDGFOCKNO        132.6964 -> 132.7464
133068,5 fw Controll.static LEKCBKLAILO        132.7464 -> 132.7964
133068,5 fw Controll.static OFJKHAFJIMA          0.0032 -> 0.0056
133076,0 fw player          BDHNEDFEHBA              56 -> 97
133076,0 fw player          ACAIGMNLLEC              61 -> 62
133076,0 fw player          HEADELMLILF               0 -> 1
133076,1 fw Controll.static GIPNIMALPEG          0.1177 -> 0.6426
133086,7 fw player          FDOJDJLIGLF             100 -> 70
133086,7 fw Controll.static NAKNALFCOIF         87.9605 -> 88.0368
133086,7 fw Controll.static IGLCENGMMMJ           2.428 -> 2.5675
133095,3 fw Controll.static IPCNAHJLMAP               4 -> 5
133095,3 fw Controll.static MKFDGFOCKNO        132.7464 -> 132.7964
133095,3 fw Controll.static LEKCBKLAILO        132.7964 -> 132.8464
133095,3 fw Controll.static OFJKHAFJIMA          0.0056 -> 0.0012
133113,7 fw Controll.static GIPNIMALPEG          0.6426 -> 0.3951
133113,7 fw Controll.static NAKNALFCOIF         88.0368 -> 88.0965
133113,7 fw Controll.static IGLCENGMMMJ          2.5675 -> 2.6502
133143,6 fw player          BDHNEDFEHBA              97 -> 122
133143,6 fw player          LNIDBHIAJJI             255 -> 0
133143,6 fw player          HEADELMLILF               1 -> 0
133143,6 fw Controll.static GIPNIMALPEG          0.3951 -> 0.9933
133143,6 fw Controll.static ANDBANJHOLD        127.7263 -> 127.9845
133143,6 fw Controll.static NAKNALFCOIF         88.0965 -> 88.1286
133143,6 fw Controll.static IGLCENGMMMJ          2.6502 -> 2.6072
133155,3 fw Controll.static GLGCAOADGMN               0 -> 1
133155,3 fw Controll.static IPCNAHJLMAP               5 -> 6
133155,3 fw Controll        MJPKOOHJOPA        127.9763 -> 128.2345
133161,1 fw Controll.static MKFDGFOCKNO        132.7964 -> 132.8464
133161,1 fw Controll.static LEKCBKLAILO        132.8464 -> 132.8964
133161,1 fw Controll.static OFJKHAFJIMA          0.0012 -> 0.0111
133175,3 fw Controll.static MNHBPCOOMLE          966334 -> 966592
133175,3 fw Controll.static GIPNIMALPEG          0.9933 -> 0.6277
133175,3 fw Controll.static NAKNALFCOIF         88.1286 -> 88.1649
133175,3 fw Controll.static IGLCENGMMMJ          2.6072 -> 2.483
133179,7 fw player          BDHNEDFEHBA             122 -> 133
133179,7 fw player          LNIDBHIAJJI               0 -> 1
133201,2 fw Controll.static GIPNIMALPEG          0.6277 -> 0.1449
133201,2 fw Controll.static NAKNALFCOIF         88.1649 -> 88.1864
133201,2 fw Controll.static IGLCENGMMMJ           2.483 -> 2.2433
133211,4 fw Controll.static IPCNAHJLMAP               6 -> 7
133217,0 fw Controll.static MKFDGFOCKNO        132.8464 -> 132.8964
133217,0 fw Controll.static LEKCBKLAILO        132.8964 -> 132.9464
133217,1 fw Controll.static OFJKHAFJIMA          0.0111 -> 0.0071
133228,9 fw player          BDHNEDFEHBA             133 -> 128
133229,0 fw Controll.static GIPNIMALPEG          0.1449 -> 0.7006
133229,0 fw Controll.static NAKNALFCOIF         88.1864 -> 88.1847
133229,0 fw Controll.static IGLCENGMMMJ          2.2433 -> 1.918
133246,4 fw Controll.static IPCNAHJLMAP               7 -> 8
133246,4 fw Controll.static MKFDGFOCKNO        132.8964 -> 132.9464
133246,4 fw Controll.static LEKCBKLAILO        132.9464 -> 132.9964
133246,4 fw Controll.static OFJKHAFJIMA          0.0071 -> 0.0023
133255,3 fw Controll.static GIPNIMALPEG          0.7006 -> 0.227
133255,3 fw Controll.static NAKNALFCOIF         88.1847 -> 88.1814
133264,1 fw player          GEDMGLAMGMD              11 -> 12
133264,1 fw player          CNHNFDDJMJO              88 -> 99
133264,1 fw Controll.static IGLCENGMMMJ           1.918 -> 1.4867
133264,2 fw Controll.static GLGCAOADGMN               1 -> 0
133284,3 fw player          IGBIBDAMMLE               2 -> 3
133284,3 fw player          BCHEAICMFGH        127.7763 -> 128.1564
133284,3 fw player          BDHNEDFEHBA             128 -> 107
133284,3 fw Controll.static GIPNIMALPEG           0.227 -> 0.8077
133303,7 fw player          BDHNEDFEHBA             107 -> 71
133303,7 fw player          LNIDBHIAJJI               1 -> 0
133303,7 fw Controll.static IPCNAHJLMAP               8 -> 9
133303,8 fw Controll.static MKFDGFOCKNO        132.9464 -> 132.9964
133303,8 fw Controll.static LEKCBKLAILO        132.9964 -> 133.0464
133303,8 fw Controll.static OFJKHAFJIMA          0.0023 -> 0.0046
133317,0 fw Controll.static GIPNIMALPEG          0.8077 -> 0.4611
133317,0 fw Controll.static LCMOBPPHLLM           0.485 -> 0.2425
133344,7 fw Controll.static GIPNIMALPEG          0.4611 -> 0.0149
133351,5 fw Controll.static JEOINCHFPCC               0 -> 1
133351,5 fw Controll.static GCHFDAPNBNB               1 -> 0
133361,7 fw player          FGFKPMPLNKO        127.8317 -> 128.851
133361,7 fw Controll.static IPCNAHJLMAP               9 -> 0
133361,7 fw Controll.static MKFDGFOCKNO        132.9964 -> 133.0464
133361,7 fw Controll.static LEKCBKLAILO        133.0464 -> 133.0965
133361,7 fw Controll.static OFJKHAFJIMA          0.0046 -> 0.0006
133368,3 fw Controll.static GIPNIMALPEG          0.0149 -> 0.4873
133384,1 fw player          IGBIBDAMMLE               3 -> 4
133384,1 fw player          BCHEAICMFGH        128.1564 -> 128.2603
133384,1 fw player          BDHNEDFEHBA              71 -> 20
133395,2 fw Controll.static GIPNIMALPEG          0.4873 -> 0.0237
133399,7 fw Controll.static DGNDKAKOEPD          965648 -> 966644
133399,7 fw Controll.static BEJBLGGGOCC       338544841 -> 338545841
133399,7 fw Controll.static JELGPAKAJPE             103 -> 96
133399,7 fw Controll.static EENJPDHGGGC        132.1018 -> 133.0978
133411,9 fw Controll.static MKFDGFOCKNO        133.0464 -> 133.0965
133411,9 fw Controll.static LEKCBKLAILO        133.0965 -> 133.1465
133411,9 fw Controll.static OFJKHAFJIMA          0.0006 -> 0.001
133417,5 fw Controll.static GIPNIMALPEG          0.0237 -> 0.4702
133428,9 fw player          BDHNEDFEHBA              20 -> 0
133451,8 fw Controll.static GIPNIMALPEG          0.4702 -> 0.1556
133459,8 fw Controll.static MKFDGFOCKNO        133.0965 -> 133.1465
133459,8 fw Controll.static LEKCBKLAILO        133.1465 -> 133.1965
133476,6 fw Controll.static GIPNIMALPEG          0.1556 -> 0.6518
133493,1 fw player          HIDMDLLHEKO               4 -> 1
133493,1 fw player          HOJIIOCKKLO               1 -> -1
133493,1 fw player          IGBIBDAMMLE               4 -> 0
133493,1 fw player          BCHEAICMFGH        128.2603 -> 128.3685
133498,5 fw Controll.static GIPNIMALPEG          0.6518 -> 0.09
133515,5 fw Controll.static MKFDGFOCKNO        133.1465 -> 133.1965
133515,5 fw Controll.static LEKCBKLAILO        133.1965 -> 133.2465
133515,5 fw Controll.static OFJKHAFJIMA           0.001 -> 0.0043
133527,0 fw Controll.static GIPNIMALPEG            0.09 -> 0.6594
133551,2 fw Controll.static GIPNIMALPEG          0.6594 -> 0.1428
133567,0 fw Controll.static MKFDGFOCKNO        133.1965 -> 133.2465
133567,0 fw Controll.static LEKCBKLAILO        133.2465 -> 133.2965
133567,0 fw Controll.static OFJKHAFJIMA          0.0043 -> 0.0069
133576,3 fw Controll.static GIPNIMALPEG          0.1428 -> 0.6457
133592,7 fw player          LNIDBHIAJJI               0 -> 1
133598,8 fw player          IGBIBDAMMLE               0 -> 1
133598,8 fw player          BCHEAICMFGH        128.3685 -> 128.4757
133598,8 fw Controll.static GIPNIMALPEG          0.6457 -> 0.0948
133617,9 fw Controll.static MKFDGFOCKNO        133.2465 -> 133.2965
133617,9 fw Controll.static LEKCBKLAILO        133.2965 -> 133.3465
133617,9 fw Controll.static OFJKHAFJIMA          0.0069 -> 0.0046
133631,2 fw Controll.static GIPNIMALPEG          0.0948 -> 0.7421
133648,6 fw Controll.static MKFDGFOCKNO        133.2965 -> 133.3465
133648,6 fw Controll.static LEKCBKLAILO        133.3465 -> 133.3965
133648,6 fw Controll.static OFJKHAFJIMA          0.0046 -> 0.0043
133653,4 fw Controll.static GIPNIMALPEG          0.7421 -> 0.1864
133664,5 fw Controll.static EPEEFBDJAHO              -1 -> 0
133679,9 fw Controll.static GIPNIMALPEG          0.1864 -> 0.718
133696,5 fw player          IGBIBDAMMLE               1 -> 2
133696,5 fw player          BCHEAICMFGH        128.4757 -> 128.5836
133696,6 fw Controll.static MKFDGFOCKNO        133.3465 -> 133.3965
133696,6 fw Controll.static LEKCBKLAILO        133.3965 -> 133.4465
133696,6 fw Controll.static OFJKHAFJIMA          0.0043 -> 0.0022
133709,6 fw Controll.static GIPNIMALPEG           0.718 -> 0.3097
133715,5 fw Controll.static NAKNALFCOIF         88.1814 -> 87.8814
133732,6 fw Controll.static GIPNIMALPEG          0.3097 -> 0.7711
133743,4 fw Controll.static NAKNALFCOIF         87.8814 -> 87.7314
133751,8 fw Controll.static MKFDGFOCKNO        133.3965 -> 133.4465
133751,8 fw Controll.static LEKCBKLAILO        133.4465 -> 133.4966
133751,8 fw Controll.static OFJKHAFJIMA          0.0022 -> 0.0075
133769,9 fw Controll.static GIPNIMALPEG          0.7711 -> 0.5142
133769,9 fw Controll.static NAKNALFCOIF         87.7314 -> 86.8314
133769,9 fw Controll.static IGLCENGMMMJ          1.4867 -> 1.6367
133793,8 fw Controll.static GIPNIMALPEG          0.5142 -> 0.9942
133793,8 fw Controll.static NAKNALFCOIF         86.8314 -> 83.5314
133793,8 fw Controll.static IGLCENGMMMJ          1.6367 -> 2.2367
133813,7 fw player          IGBIBDAMMLE               2 -> 3
133813,7 fw Controll.static MKFDGFOCKNO        133.4465 -> 133.4966
133813,8 fw Controll.static LEKCBKLAILO        133.4966 -> 133.5466
133813,8 fw Controll.static OFJKHAFJIMA          0.0075 -> 0.0091
133820,1 fw player          BCHEAICMFGH        128.5836 -> 128.6858
133820,2 fw Controll.static GIPNIMALPEG          0.9942 -> 0.5212
133820,2 fw Controll.static NAKNALFCOIF         83.5314 -> 79.1814
133852,6 fw Controll.static GIPNIMALPEG          0.5212 -> 0.1699
133852,7 fw Controll.static NAKNALFCOIF         79.1814 -> 71.8314
133872,8 fw Controll.static MKFDGFOCKNO        133.4966 -> 133.5466
133872,8 fw Controll.static LEKCBKLAILO        133.5466 -> 133.5966
133872,8 fw Controll.static OFJKHAFJIMA          0.0091 -> 0.0082
133881,3 fw Controll.static MNHBPCOOMLE          966592 -> 967329
133881,3 fw Controll.static GIPNIMALPEG          0.1699 -> 0.743
133881,3 fw Controll.static NAKNALFCOIF         71.8314 -> 63.1598
133881,3 fw Controll.static IGLCENGMMMJ          2.2367 -> -2.6857
133881,3 fw Controll        MJPKOOHJOPA        128.2345 -> 128.9716
133893,3 fw Controll.static GLGCAOADGMN               0 -> 1
133898,7 fw Controll.static MKFDGFOCKNO        133.5466 -> 133.5966
133898,7 fw Controll.static LEKCBKLAILO        133.5966 -> 133.6466
133898,7 fw Controll.static OFJKHAFJIMA          0.0082 -> 0.0043
133911,5 fw Controll.static GIPNIMALPEG           0.743 -> 0.3472
133911,5 fw Controll.static NAKNALFCOIF         63.1598 -> 62.7006
133917,0 fw Controll.static IGLCENGMMMJ         -2.6857 -> -2.7299
133929,2 fw player          IGBIBDAMMLE               3 -> 4
133929,2 fw player          BCHEAICMFGH        128.6858 -> 128.7907
133934,1 fw Controll.static GIPNIMALPEG          0.3472 -> 0.7998
133945,7 fw player          HOJIIOCKKLO              -1 -> 1
133945,8 fw Controll.static NAKNALFCOIF         62.7006 -> 61.7144
133945,8 fw Controll.static IGLCENGMMMJ         -2.7299 -> -3.3628
133952,7 fw Controll.static MKFDGFOCKNO        133.5966 -> 133.6466
133952,8 fw Controll.static LEKCBKLAILO        133.6466 -> 133.6966
133952,8 fw Controll.static OFJKHAFJIMA          0.0043 -> 0.0014
133962,7 fw Controll.static GIPNIMALPEG          0.7998 -> 0.3707
133970,7 fw player          ACAIGMNLLEC              62 -> 58
133970,7 fw player          HEADELMLILF               0 -> 1
133970,7 fw Controll.static NAKNALFCOIF         61.7144 -> 64.3808
133970,7 fw Controll.static IGLCENGMMMJ         -3.3628 -> -3.1025
133986,3 fw Controll.static GIPNIMALPEG          0.3707 -> 0.8431
133996,2 fw Controll.static NAKNALFCOIF         64.3808 -> 65.186
133996,2 fw Controll.static IGLCENGMMMJ         -3.1025 -> -2.9831
133996,2 fw Controll.static EPEEFBDJAHO               0 -> -1
134004,0 fw player          ACAIGMNLLEC              58 -> 51
134004,0 fw Controll.static GLGCAOADGMN               1 -> 0
134004,0 fw Controll.static MKFDGFOCKNO        133.6466 -> 133.6966
134004,0 fw Controll.static LEKCBKLAILO        133.6966 -> 133.7466
134004,1 fw Controll.static OFJKHAFJIMA          0.0014 -> 0.0019
134015,0 fw Controll.static GIPNIMALPEG          0.8431 -> 0.4162
134021,1 fw player          IGBIBDAMMLE               4 -> 0
134021,1 fw player          BCHEAICMFGH        128.7907 -> 128.8948
134021,1 fw Controll.static NAKNALFCOIF          65.186 -> 64.8257
134021,1 fw Controll.static IGLCENGMMMJ         -2.9831 -> -2.8513
134044,0 fw Controll.static GIPNIMALPEG          0.4162 -> 0.9963
134058,1 fw Controll.static NAKNALFCOIF         64.8257 -> 64.6547
134058,1 fw Controll.static IGLCENGMMMJ         -2.8513 -> -2.1797
134058,1 fw Controll.static JEOINCHFPCC               1 -> 0
134063,9 fw Controll.static MKFDGFOCKNO        133.6966 -> 133.7466
134063,9 fw Controll.static LEKCBKLAILO        133.7466 -> 133.7966
134063,9 fw Controll.static OFJKHAFJIMA          0.0019 -> 0.0137
134077,9 fw player          LNIDBHIAJJI               1 -> 253
134077,9 fw player          ACAIGMNLLEC              51 -> 44
134078,0 fw Controll.static GIPNIMALPEG          0.9963 -> 0.6762
134084,3 fw Controll.static NAKNALFCOIF         64.6547 -> 65.1368
134084,3 fw Controll.static IGLCENGMMMJ         -2.1797 -> -1.4675
134098,7 fw Controll.static MKFDGFOCKNO        133.7466 -> 133.7966
134098,7 fw Controll.static LEKCBKLAILO        133.7966 -> 133.8466
134098,7 fw Controll.static OFJKHAFJIMA          0.0137 -> 0.003
134120,6 fw player          ACAIGMNLLEC              44 -> 43
134120,6 fw Controll.static GIPNIMALPEG          0.6762 -> 0.5285
134120,6 fw Controll.static NAKNALFCOIF         65.1368 -> 65.1913
134120,6 fw Controll.static IGLCENGMMMJ         -1.4675 -> -0.9935
134120,6 fw Controll.static JEOINCHFPCC               0 -> -1
134127,8 fw Controll.static BFEOOOMMGLK               0 -> 1
134127,8 fw Controll.static GLGCAOADGMN               0 -> 1
134127,8 fw Controll        MJPKOOHJOPA        128.9716 -> 129.2184
134140,1 fw player          IGBIBDAMMLE               0 -> 1
134140,1 fw player          BCHEAICMFGH        128.8948 -> 128.9975
134140,1 fw Controll.static MNHBPCOOMLE          967329 -> 967576
134145,2 fw Controll.static GIPNIMALPEG          0.5285 -> 0.0204
134145,2 fw Controll.static NAKNALFCOIF         65.1913 -> 67.3576
134145,2 fw Controll.static IGLCENGMMMJ         -0.9935 -> -0.5965
134158,7 fw player          ACAIGMNLLEC              43 -> 46
134158,7 fw Controll.static BFEOOOMMGLK               1 -> 0
134163,7 fw Controll.static MKFDGFOCKNO        133.7966 -> 133.8467
134163,7 fw Controll.static LEKCBKLAILO        133.8466 -> 133.8967
134163,7 fw Controll.static OFJKHAFJIMA           0.003 -> 0.0007
134176,8 fw Controll.static GIPNIMALPEG          0.0204 -> 0.6524
134176,8 fw Controll.static NAKNALFCOIF         67.3576 -> 66.7372
134176,8 fw Controll.static IGLCENGMMMJ         -0.5965 -> -0.2379
134182,4 fw player          ACAIGMNLLEC              46 -> 45
134194,7 fw Controll.static MKFDGFOCKNO        133.8467 -> 133.8967
134194,7 fw Controll.static LEKCBKLAILO        133.8967 -> 133.9467
134194,7 fw Controll.static OFJKHAFJIMA          0.0007 -> 0.0003
134199,2 fw Controll.static GIPNIMALPEG          0.6524 -> 0.1
134199,2 fw Controll.static NAKNALFCOIF         66.7372 -> 67.8965
134199,2 fw Controll.static IGLCENGMMMJ         -0.2379 -> -0.2038
134218,6 fw player          LNIDBHIAJJI             253 -> 254
134218,6 fw player          ACAIGMNLLEC              45 -> 46
134231,2 fw Controll.static GIPNIMALPEG             0.1 -> 0.7403
134231,2 fw Controll.static NAKNALFCOIF         67.8965 -> 68.1541
134231,2 fw Controll.static IGLCENGMMMJ         -0.2038 -> -0.091
134240,1 fw player          IGBIBDAMMLE               1 -> 2
134240,1 fw player          BCHEAICMFGH        128.9975 -> 129.1044
134251,1 fw Controll.static MKFDGFOCKNO        133.8967 -> 133.9467
134251,1 fw Controll.static LEKCBKLAILO        133.9467 -> 133.9967
134251,1 fw Controll.static OFJKHAFJIMA          0.0003 -> 0.0066
134258,1 fw Controll.static GIPNIMALPEG          0.7403 -> 0.2795
134258,2 fw Controll.static NAKNALFCOIF         68.1541 -> 68.2636
134273,1 fw player          FGFKPMPLNKO         128.851 -> 129.7573
134273,2 fw Controll.static IGLCENGMMMJ          -0.091 -> 0.027
134273,2 fw Controll.static GLGCAOADGMN               1 -> 0
134290,7 fw player          LNIDBHIAJJI             254 -> 255
134290,7 fw player          ACAIGMNLLEC              46 -> 47
134290,7 fw player          CLOEJLAOIGI               1 -> 0
134290,8 fw Controll.static GIPNIMALPEG          0.2795 -> 0.9316
134296,8 fw Controll.static NAKNALFCOIF         68.2636 -> 68.7426
134296,8 fw Controll.static IGLCENGMMMJ           0.027 -> 0.0951
134309,9 fw Controll.static MKFDGFOCKNO        133.9467 -> 133.9967
134309,9 fw Controll.static LEKCBKLAILO        133.9967 -> 134.0467
134309,9 fw Controll.static OFJKHAFJIMA          0.0066 -> 0.0024
134314,9 fw Controll.static GIPNIMALPEG          0.9316 -> 0.4141
134326,3 fw player          BCHEAICMFGH        129.1044 -> 129.2076
134326,3 fw player          CLOEJLAOIGI               0 -> 1
134326,3 fw player          HEADELMLILF               1 -> 0
134326,3 fw Controll.static NAKNALFCOIF         68.7426 -> 68.9321
134326,3 fw Controll.static IGLCENGMMMJ          0.0951 -> 0.1349
134343,6 fw player          IGBIBDAMMLE               2 -> 3
134343,6 fw Controll.static GIPNIMALPEG          0.4141 -> 0.989
134352,3 fw Controll.static NAKNALFCOIF         68.9321 -> 69.1361
134352,3 fw Controll.static IGLCENGMMMJ          0.1349 -> 0.1758
134352,4 fw Controll.static HLBAGIACGBI               0 -> 1
134352,4 fw Controll.static GCHFDAPNBNB               0 -> 1
134360,6 fw Controll.static IPCNAHJLMAP               0 -> 1
134360,6 fw Controll.static MKFDGFOCKNO        133.9967 -> 134.0467
134360,6 fw Controll.static LEKCBKLAILO        134.0467 -> 134.0967
134360,6 fw Controll.static OFJKHAFJIMA          0.0024 -> 0.0077
134376,5 fw Controll.static MNHBPCOOMLE          967576 -> 967825
134376,5 fw Controll.static GIPNIMALPEG           0.989 -> 0.6457
134376,5 fw Controll.static ANDBANJHOLD        127.9845 -> 129.2146
134376,5 fw Controll        MJPKOOHJOPA        129.2184 -> 129.4646
134380,4 fw Controll.static NAKNALFCOIF         69.1361 -> 69.3639
134380,4 fw Controll.static IGLCENGMMMJ          0.1758 -> 2.1047
134393,8 fw Controll.static GLGCAOADGMN               0 -> 1
134398,9 fw player          HOJIIOCKKLO               1 -> -1
134398,9 fw Controll.static GIPNIMALPEG          0.6457 -> 0.0939
134411,1 fw player          ACAIGMNLLEC              47 -> 48
134411,1 fw player          HEADELMLILF               0 -> 1
134411,1 fw Controll.static LCMOBPPHLLM          0.2425 -> 0.485
134411,1 fw Controll.static NAKNALFCOIF         69.3639 -> 69.5244
134411,1 fw Controll.static IGLCENGMMMJ          2.1047 -> 3.3931
134417,4 fw Controll.static IPCNAHJLMAP               1 -> 2
134417,4 fw Controll.static MKFDGFOCKNO        134.0467 -> 134.0967
134417,4 fw Controll.static LEKCBKLAILO        134.0967 -> 134.1467
134417,4 fw Controll.static OFJKHAFJIMA          0.0077 -> 0.0045
134431,1 fw Controll.static GIPNIMALPEG          0.0939 -> 0.7369
134438,7 fw Controll.static NAKNALFCOIF         69.5244 -> 69.8936
134438,7 fw Controll.static IGLCENGMMMJ          3.3931 -> 4.8442
134438,7 fw Controll.static DGNDKAKOEPD          966644 -> 967680
134438,7 fw Controll.static BEJBLGGGOCC       338545841 -> 338546841
134438,7 fw Controll.static JELGPAKAJPE              96 -> 134
134438,7 fw Controll.static EENJPDHGGGC        133.0978 -> 134.1337
134447,2 fw Controll.static IPCNAHJLMAP               2 -> 3
134447,3 fw Controll.static MKFDGFOCKNO        134.0967 -> 134.1467
134447,3 fw Controll.static LEKCBKLAILO        134.1467 -> 134.1967
134447,3 fw Controll.static OFJKHAFJIMA          0.0045 -> 0.0028
134462,8 fw Controll.static GIPNIMALPEG          0.7369 -> 0.3716
134462,8 fw Controll.static NAKNALFCOIF         69.8936 -> 70.1586
134462,8 fw Controll.static IGLCENGMMMJ          4.8442 -> 5.7928
134474,9 fw player          HEADELMLILF               1 -> 0
134475,0 fw Controll.static HLBAGIACGBI               1 -> 0
134493,1 fw Controll.static GIPNIMALPEG          0.3716 -> 0.9771
134493,1 fw Controll.static NAKNALFCOIF         70.1586 -> 70.3623
134493,1 fw Controll.static IGLCENGMMMJ          5.7928 -> 5.9838
134501,9 fw player          HIDMDLLHEKO               1 -> 4
134501,9 fw Controll.static GLGCAOADGMN               1 -> 0
134501,9 fw Controll.static IPCNAHJLMAP               3 -> 4
134510,9 fw player          GEDMGLAMGMD              12 -> 13
134510,9 fw player          CNHNFDDJMJO              99 -> 105
134510,9 fw player          BDHNEDFEHBA               0 -> 56
134510,9 fw player          ACAIGMNLLEC              48 -> 49
134510,9 fw player          HEADELMLILF               0 -> 1
134510,9 fw Controll.static MKFDGFOCKNO        134.1467 -> 134.1967
134510,9 fw Controll.static LEKCBKLAILO        134.1967 -> 134.2467
134510,9 fw Controll.static OFJKHAFJIMA          0.0028 -> 0.0075
134521,8 fw Controll.static GIPNIMALPEG          0.9771 -> 0.5517
134521,8 fw Controll.static NAKNALFCOIF         70.3623 -> 70.4702
134521,8 fw Controll.static IGLCENGMMMJ          5.9838 -> 5.8356
134545,4 fw player          BDHNEDFEHBA              56 -> 97
134545,4 fw player          LNIDBHIAJJI             255 -> 1
134545,4 fw Controll.static GIPNIMALPEG          0.5517 -> 0.024
134557,0 fw player          HEADELMLILF               1 -> 0
134557,1 fw Controll.static IPCNAHJLMAP               4 -> 5
134562,5 fw Controll.static MKFDGFOCKNO        134.1967 -> 134.2467
134562,5 fw Controll.static LEKCBKLAILO        134.2467 -> 134.2967
134562,5 fw Controll.static OFJKHAFJIMA          0.0075 -> 0.001
134575,8 fw Controll.static GIPNIMALPEG           0.024 -> 0.6298
134594,4 fw player          BDHNEDFEHBA              97 -> 122
134594,5 fw player          LNIDBHIAJJI               1 -> 2
134594,5 fw Controll.static IPCNAHJLMAP               5 -> 6
134594,5 fw Controll.static MKFDGFOCKNO        134.2467 -> 134.2967
134594,5 fw Controll.static LEKCBKLAILO        134.2967 -> 134.3467
134594,5 fw Controll.static OFJKHAFJIMA           0.001 -> 0
134599,9 fw Controll.static GIPNIMALPEG          0.6298 -> 0.1122
134631,0 fw Controll.static GIPNIMALPEG          0.1122 -> 0.7342
134647,1 fw player          BDHNEDFEHBA             122 -> 133
134647,1 fw player          LNIDBHIAJJI               2 -> 3
134647,1 fw player          ACAIGMNLLEC              49 -> 50
134647,1 fw Controll.static IPCNAHJLMAP               6 -> 7
134647,1 fw Controll.static MKFDGFOCKNO        134.2967 -> 134.3467
134647,1 fw Controll.static LEKCBKLAILO        134.3467 -> 134.3967
134647,1 fw Controll.static OFJKHAFJIMA               0 -> 0.0027
134656,2 fw player          HEADELMLILF               0 -> 1
134656,2 fw Controll.static GIPNIMALPEG          0.7342 -> 0.2401
134673,2 fw player          BDHNEDFEHBA             133 -> 128
134673,3 fw player          HEADELMLILF               1 -> 0
134678,1 fw Controll.static GIPNIMALPEG          0.2401 -> 0.6783
134695,5 fw Controll.static IPCNAHJLMAP               7 -> 8
134695,5 fw Controll.static MKFDGFOCKNO        134.3467 -> 134.3967
134695,5 fw Controll.static LEKCBKLAILO        134.3967 -> 134.4467
134695,5 fw Controll.static OFJKHAFJIMA          0.0027 -> 0.0011
134706,9 fw Controll.static GIPNIMALPEG          0.6783 -> 0.2538
134722,9 fw player          BDHNEDFEHBA             128 -> 107
134731,1 fw Controll.static GIPNIMALPEG          0.2538 -> 0.7375
134738,8 fw player          IGBIBDAMMLE               3 -> 4
134738,8 fw player          BCHEAICMFGH        129.2076 -> 129.6156
134747,0 fw Controll.static IPCNAHJLMAP               8 -> 9
134747,0 fw Controll.static MKFDGFOCKNO        134.3967 -> 134.4467
134747,0 fw Controll.static LEKCBKLAILO        134.4467 -> 134.4967
134747,0 fw Controll.static OFJKHAFJIMA          0.0011 -> 0.0026
134756,2 fw Controll.static GIPNIMALPEG          0.7375 -> 0.2386
134762,1 fw Controll.static LCMOBPPHLLM           0.485 -> 0.2425
134790,4 fw Controll.static GIPNIMALPEG          0.2386 -> 0.9228
134795,9 fw player          BDHNEDFEHBA             107 -> 71
134796,0 fw Controll.static GCHFDAPNBNB               1 -> 0
134796,0 fw Controll.static IPCNAHJLMAP               9 -> 0
134796,0 fw Controll.static MKFDGFOCKNO        134.4467 -> 134.4967
134796,0 fw Controll.static LEKCBKLAILO        134.4967 -> 134.5468
134809,2 fw Controll.static OFJKHAFJIMA          0.0026 -> 0.0015
134813,9 fw Controll.static GIPNIMALPEG          0.9228 -> 0.3924
134832,9 fw player          IGBIBDAMMLE               4 -> 0
134833,0 fw player          BCHEAICMFGH        129.6156 -> 129.7186
134833,0 fw player          BDHNEDFEHBA              71 -> 20
134833,0 fw player          LNIDBHIAJJI               3 -> 4
134841,4 fw Controll.static GIPNIMALPEG          0.3924 -> 0.9429
134856,2 fw Controll.static MKFDGFOCKNO        134.4967 -> 134.5468
134856,2 fw Controll.static LEKCBKLAILO        134.5468 -> 134.5968
134856,2 fw Controll.static OFJKHAFJIMA          0.0015 -> 0.0052
134864,8 fw Controll.static GIPNIMALPEG          0.9429 -> 0.411
134890,5 fw Controll.static GIPNIMALPEG           0.411 -> 0.924
134906,4 fw Controll.static MKFDGFOCKNO        134.5468 -> 134.5968
134906,4 fw Controll.static LEKCBKLAILO        134.5968 -> 134.6468
134906,4 fw Controll.static OFJKHAFJIMA          0.0052 -> 0.0041
134915,7 fw Controll.static GIPNIMALPEG           0.924 -> 0.4284
134915,7 fw Controll.static NAKNALFCOIF         70.4702 -> 69.7202
134922,1 fw player          BDHNEDFEHBA              20 -> 0
134922,2 fw Controll.static IGLCENGMMMJ          5.8356 -> 5.9857
134922,2 fw Controll.static EPEEFBDJAHO              -1 -> 0
134938,7 fw player          IGBIBDAMMLE               0 -> 1
134938,7 fw player          BCHEAICMFGH        129.7186 -> 129.8233
134938,7 fw Controll.static GIPNIMALPEG          0.4284 -> 0.8886
134947,7 fw Controll.static NAKNALFCOIF         69.7202 -> 65.3702
134956,7 fw Controll.static MKFDGFOCKNO        134.5968 -> 134.6468
134956,7 fw Controll.static LEKCBKLAILO        134.6468 -> 134.6968
134956,7 fw Controll.static OFJKHAFJIMA          0.0041 -> 0.0033
134963,2 fw Controll.static GIPNIMALPEG          0.8886 -> 0.3787
134973,9 fw player          FGFKPMPLNKO        129.7573 -> 130.4724
134973,9 fw Controll.static NAKNALFCOIF         65.3702 -> 60.1202
134991,8 fw Controll.static GIPNIMALPEG          0.3787 -> 0.9496
134997,6 fw player          HIDMDLLHEKO               4 -> 1
134997,6 fw Controll.static NAKNALFCOIF         60.1202 -> 52.9202
135009,3 fw Controll.static MKFDGFOCKNO        134.6468 -> 134.6968
135009,3 fw Controll.static LEKCBKLAILO        134.6968 -> 134.7468
135009,3 fw Controll.static OFJKHAFJIMA          0.0033 -> 0.0031
135014,1 fw Controll.static GIPNIMALPEG          0.9496 -> 0.3954
135025,7 fw Controll.static NAKNALFCOIF         52.9202 -> 42.4202
135041,4 fw Controll.static GIPNIMALPEG          0.3954 -> 0.9417
135049,8 fw player          IGBIBDAMMLE               1 -> 2
135049,8 fw player          BCHEAICMFGH        129.8233 -> 129.9236
135049,8 fw Controll.static NAKNALFCOIF         42.4202 -> 37.0202
135058,6 fw Controll.static MKFDGFOCKNO        134.6968 -> 134.7468
135058,6 fw Controll.static LEKCBKLAILO        134.7468 -> 134.7968
135058,6 fw Controll.static OFJKHAFJIMA          0.0031 -> 0.0052
135065,0 fw Controll.static GIPNIMALPEG          0.9417 -> 0.4131
135075,7 fw Controll.static NAKNALFCOIF         37.0202 -> 26.9702
135075,7 fw Controll.static IGLCENGMMMJ          5.9857 -> 7.4857
135097,8 fw Controll.static GIPNIMALPEG          0.4131 -> 0.0698
135097,8 fw Controll.static NAKNALFCOIF         26.9702 -> 21.7202
135097,8 fw Controll.static IGLCENGMMMJ          7.4857 -> 8.8357
135108,9 fw Controll.static MKFDGFOCKNO        134.7468 -> 134.7968
135108,9 fw Controll.static LEKCBKLAILO        134.7968 -> 134.8468
135115,8 fw player          APFNBGHAJMD               1 -> 0
135115,8 fw Controll.static OFJKHAFJIMA          0.0052 -> 0.0033
135124,6 fw Controll.static GIPNIMALPEG          0.0698 -> 0.6066
135124,6 fw Controll.static NAKNALFCOIF         21.7202 -> 20.2202
135124,7 fw Controll.static IGLCENGMMMJ          8.8357 -> 8.2357
135147,2 fw player          ACAIGMNLLEC              50 -> 46
135147,2 fw player          APFNBGHAJMD               0 -> 1
135147,2 fw player          HEADELMLILF               0 -> 1
135147,2 fw Controll.static GIPNIMALPEG          0.6066 -> 0.0567
135147,2 fw Controll.static IGLCENGMMMJ          8.2357 -> 7.4856
135162,1 fw player          IGBIBDAMMLE               2 -> 3
135162,1 fw player          BCHEAICMFGH        129.9236 -> 130.031
135162,1 fw Controll.static MKFDGFOCKNO        134.7968 -> 134.8468
135162,1 fw Controll.static LEKCBKLAILO        134.8468 -> 134.8968
135162,1 fw Controll.static OFJKHAFJIMA          0.0033 -> 0.0027
135170,8 fw Controll.static GIPNIMALPEG          0.0567 -> 0.5291
135193,0 fw Controll.static GIPNIMALPEG          0.5291 -> 0.9725
135211,1 fw Controll.static MKFDGFOCKNO        134.8468 -> 134.8968
135211,1 fw Controll.static LEKCBKLAILO        134.8968 -> 134.9468
135211,1 fw Controll.static OFJKHAFJIMA          0.0027 -> 0.0103
135221,1 fw Controll.static GIPNIMALPEG          0.9725 -> 0.5343
135241,8 fw Controll.static GIPNIMALPEG          0.5343 -> 0.9496
135253,6 fw player          IGBIBDAMMLE               3 -> 4
135253,6 fw player          BCHEAICMFGH         130.031 -> 130.1347
135253,6 fw Controll.static EPEEFBDJAHO               0 -> 1
135258,8 fw Controll.static MKFDGFOCKNO        134.8968 -> 134.9468
135258,9 fw Controll.static LEKCBKLAILO        134.9468 -> 134.9968
135258,9 fw Controll.static OFJKHAFJIMA          0.0103 -> 0.009
135269,8 fw Controll.static GIPNIMALPEG          0.9496 -> 0.5084
135292,7 fw Controll.static GIPNIMALPEG          0.5084 -> 0.968
135306,7 fw Controll.static MKFDGFOCKNO        134.9468 -> 134.9968
135306,7 fw Controll.static LEKCBKLAILO        134.9968 -> 135.0468
135306,7 fw Controll.static OFJKHAFJIMA           0.009 -> 0.0076
135318,9 fw Controll.static GIPNIMALPEG           0.968 -> 0.4919
135340,3 fw Controll.static GIPNIMALPEG          0.4919 -> 0.9194
135356,3 fw player          IGBIBDAMMLE               4 -> 0
135356,3 fw player          BCHEAICMFGH        130.1347 -> 130.2448
135356,4 fw Controll.static MKFDGFOCKNO        134.9968 -> 135.0468
135356,4 fw Controll.static LEKCBKLAILO        135.0468 -> 135.0968
135356,4 fw Controll.static OFJKHAFJIMA          0.0076 -> 0.0084
135371,1 fw Controll.static GIPNIMALPEG          0.9194 -> 0.5349
135374,7 fw Controll.static NAKNALFCOIF         20.2202 -> 20.5202
135374,7 fw Controll.static IGLCENGMMMJ          7.4856 -> 7.1856
135402,9 fw Controll.static GIPNIMALPEG          0.5349 -> 0.1711
135402,9 fw Controll.static NAKNALFCOIF         20.5202 -> 19.3202
135408,8 fw Controll.static MKFDGFOCKNO        135.0468 -> 135.0968
135408,8 fw Controll.static LEKCBKLAILO        135.0968 -> 135.1469
135418,6 fw player          LNIDBHIAJJI               4 -> 6
135418,6 fw player          ACAIGMNLLEC              46 -> 15
135423,4 fw Controll.static GIPNIMALPEG          0.1711 -> 0.5804
135423,4 fw Controll.static NAKNALFCOIF         19.3202 -> 18.1202
135423,4 fw Controll.static IGLCENGMMMJ          7.1856 -> 7.0356
135437,6 fw player          HOJIIOCKKLO              -1 -> 1
135437,7 fw Controll.static HLBAGIACGBI               0 -> 1
135437,7 fw Controll.static PBICPLCFAGG               1 -> 0
135453,9 fw Controll.static GIPNIMALPEG          0.5804 -> 0.1913
135453,9 fw Controll.static NAKNALFCOIF         18.1202 -> 17.8202
135453,9 fw Controll.static IGLCENGMMMJ          7.0356 -> 6.8856
135457,6 fw Controll.static PBICPLCFAGG               0 -> 1
135457,6 fw Controll.static GCHFDAPNBNB               0 -> 1
135457,6 fw Controll.static IPCNAHJLMAP               0 -> 1
135469,7 fw player          IGBIBDAMMLE               0 -> 1
135469,7 fw player          BCHEAICMFGH        130.2448 -> 130.3457
135469,7 fw Controll.static MKFDGFOCKNO        135.0968 -> 135.1469
135469,7 fw Controll.static LEKCBKLAILO        135.1469 -> 135.1969
135469,7 fw Controll.static OFJKHAFJIMA          0.0084 -> 0.0094
135473,9 fw Controll.static GIPNIMALPEG          0.1913 -> 0.5917
135502,0 fw Controll.static GIPNIMALPEG          0.5917 -> 0.1522
135502,0 fw Controll.static LCMOBPPHLLM          0.2425 -> 0.485
135502,0 fw Controll.static NAKNALFCOIF         17.8202 -> 18.1202
135502,0 fw Controll.static IGLCENGMMMJ          6.8856 -> 6.7356
135518,8 fw Controll.static IPCNAHJLMAP               1 -> 2
135518,8 fw Controll.static MKFDGFOCKNO        135.1469 -> 135.1969
135518,8 fw Controll.static LEKCBKLAILO        135.1969 -> 135.2469
135518,8 fw Controll.static OFJKHAFJIMA          0.0094 -> 0.0074
135522,9 fw Controll.static GIPNIMALPEG          0.1522 -> 0.5694
135522,9 fw Controll.static NAKNALFCOIF         18.1202 -> 18.2702
135552,5 fw Controll.static GIPNIMALPEG          0.5694 -> 0.1608
135555,9 fw Controll.static HLBAGIACGBI               1 -> 0
135568,9 fw Controll.static IPCNAHJLMAP               2 -> 3
135568,9 fw Controll.static MKFDGFOCKNO        135.1969 -> 135.2469
135568,9 fw Controll.static LEKCBKLAILO        135.2469 -> 135.2969
135568,9 fw Controll.static OFJKHAFJIMA          0.0074 -> 0.0079
135574,2 fw Controll.static GIPNIMALPEG          0.1608 -> 0.5956
135601,2 fw Controll.static GIPNIMALPEG          0.5956 -> 0.1357
135618,6 fw Controll.static IPCNAHJLMAP               3 -> 4
135618,6 fw Controll.static MKFDGFOCKNO        135.2469 -> 135.2969
135618,6 fw Controll.static LEKCBKLAILO        135.2969 -> 135.3469
135618,6 fw Controll.static OFJKHAFJIMA          0.0079 -> 0.0066
135621,9 fw Controll.static GIPNIMALPEG          0.1357 -> 0.5505
135652,1 fw Controll.static GIPNIMALPEG          0.5505 -> 0.1544
135656,8 fw player          LNIDBHIAJJI               6 -> 5
135656,8 fw player          ACAIGMNLLEC              15 -> 13
135656,8 fw player          APFNBGHAJMD               1 -> 0
135656,8 fw Controll.static DGNDKAKOEPD          967680 -> 968901
135656,8 fw Controll.static BEJBLGGGOCC       338546841 -> 338547956
135656,8 fw Controll.static JELGPAKAJPE             134 -> 351
135656,8 fw Controll.static EENJPDHGGGC        134.1337 -> 135.3548
135668,5 fw Controll.static IPCNAHJLMAP               4 -> 5
135668,5 fw Controll.static MKFDGFOCKNO        135.2969 -> 135.3469
135668,5 fw Controll.static LEKCBKLAILO        135.3469 -> 135.3969
135668,5 fw Controll.static OFJKHAFJIMA          0.0066 -> 0.0076
135673,2 fw Controll.static GIPNIMALPEG          0.1544 -> 0.5755
135705,4 fw Controll.static GIPNIMALPEG          0.5755 -> 0.22
135718,4 fw Controll.static IPCNAHJLMAP               5 -> 6
135718,4 fw Controll.static MKFDGFOCKNO        135.3469 -> 135.3969
135718,4 fw Controll.static LEKCBKLAILO        135.3969 -> 135.4469
135721,8 fw Controll.static OFJKHAFJIMA          0.0076 -> 0.0068
135736,1 fw Controll.static GIPNIMALPEG            0.22 -> 0.8334
135736,1 fw Controll.static NAKNALFCOIF         18.2702 -> 18.4202
135753,0 fw Controll.static MKFDGFOCKNO        135.3969 -> 135.4469
135753,0 fw Controll.static LEKCBKLAILO        135.4469 -> 135.4969
135753,0 fw Controll.static OFJKHAFJIMA          0.0068 -> 0.0084
135758,2 fw Controll.static GIPNIMALPEG          0.8334 -> 0.2755
135758,2 fw Controll.static NAKNALFCOIF         18.4202 -> 18.5702
135771,5 fw Controll.static IPCNAHJLMAP               6 -> 7
135788,9 fw Controll.static GIPNIMALPEG          0.2755 -> 0.8895
135788,9 fw Controll.static NAKNALFCOIF         18.5702 -> 19.4702
135788,9 fw Controll.static IGLCENGMMMJ          6.7356 -> 6.4356
135805,6 fw Controll.static MKFDGFOCKNO        135.4469 -> 135.4969
135805,6 fw Controll.static LEKCBKLAILO        135.4969 -> 135.5469
135805,6 fw Controll.static OFJKHAFJIMA          0.0084 -> 0.0109
135811,7 fw player          FGFKPMPLNKO        130.4724 -> 131.0676
135811,7 fw Controll.static GIPNIMALPEG          0.8895 -> 0.3451
135811,7 fw Controll.static NAKNALFCOIF         19.4702 -> 20.8202
135811,7 fw Controll.static IGLCENGMMMJ          6.4356 -> 6.1356
135820,8 fw Controll.static GCHFDAPNBNB               1 -> 0
135826,0 fw Controll.static IPCNAHJLMAP               7 -> 0
135836,7 fw Controll.static GIPNIMALPEG          0.3451 -> 0.845
135836,7 fw Controll.static NAKNALFCOIF         20.8202 -> 22.3202
135841,6 fw Controll.static IGLCENGMMMJ          6.1356 -> 4.9356
135852,9 fw Controll.static MKFDGFOCKNO        135.4969 -> 135.5469
135852,9 fw Controll.static LEKCBKLAILO        135.5469 -> 135.5969
135852,9 fw Controll.static OFJKHAFJIMA          0.0109 -> 0.0082
135858,5 fw Controll.static GIPNIMALPEG           0.845 -> 0.2813
135868,7 fw Controll.static NAKNALFCOIF         22.3202 -> 25.7702
135868,7 fw Controll.static IGLCENGMMMJ          4.9356 -> 3.4356
135885,5 fw Controll.static GIPNIMALPEG          0.2813 -> 0.8203
135891,3 fw player          HOJIIOCKKLO               1 -> -1
135891,3 fw Controll.static NAKNALFCOIF         25.7702 -> 29.3702
135891,3 fw Controll.static IGLCENGMMMJ          3.4356 -> 1.4856
135900,8 fw Controll.static MKFDGFOCKNO        135.5469 -> 135.597
135900,8 fw Controll.static LEKCBKLAILO        135.5969 -> 135.647
135900,8 fw Controll.static OFJKHAFJIMA          0.0082 -> 0.0061
135906,7 fw Controll.static GIPNIMALPEG          0.8203 -> 0.2444
135917,9 fw Controll.static NAKNALFCOIF         29.3702 -> 34.0202
135917,9 fw Controll.static IGLCENGMMMJ          1.4856 -> -0.6144
135935,5 fw Controll.static GIPNIMALPEG          0.2444 -> 0.8203
135940,0 fw Controll.static NAKNALFCOIF         34.0202 -> 39.2702
135940,0 fw Controll.static IGLCENGMMMJ         -0.6144 -> -3.7644
135953,3 fw Controll.static MKFDGFOCKNO         135.597 -> 135.647
135953,3 fw Controll.static LEKCBKLAILO         135.647 -> 135.697
135953,3 fw Controll.static OFJKHAFJIMA          0.0061 -> 0.0087
135958,0 fw Controll.static GIPNIMALPEG          0.8203 -> 0.2697
135970,0 fw Controll.static NAKNALFCOIF         39.2702 -> 45.8702
135970,0 fw Controll.static IGLCENGMMMJ         -3.7644 -> -7.6644
135986,1 fw Controll.static GIPNIMALPEG          0.2697 -> 0.8325
135993,6 fw Controll.static NAKNALFCOIF         45.8702 -> 48.1202
135993,6 fw Controll.static IGLCENGMMMJ         -7.6644 -> -9.4644
136002,6 fw Controll.static MKFDGFOCKNO         135.647 -> 135.697
136002,6 fw Controll.static LEKCBKLAILO         135.697 -> 135.747
136002,6 fw Controll.static OFJKHAFJIMA          0.0087 -> 0.0079
136018,9 fw Controll.static GIPNIMALPEG          0.8325 -> 0.4891
136019,0 fw Controll.static NAKNALFCOIF         48.1202 -> 51.4202
136019,0 fw Controll.static IGLCENGMMMJ         -9.4644 -> -13.0644
136040,6 fw player          HIDMDLLHEKO               1 -> 4
136040,6 fw player          BDHNEDFEHBA               0 -> 71
136040,6 fw player          LNIDBHIAJJI               5 -> 4
136040,7 fw Controll.static GIPNIMALPEG          0.4891 -> 0.9231
136040,7 fw Controll.static NAKNALFCOIF         51.4202 -> 52.7702
136040,7 fw Controll.static IGLCENGMMMJ        -13.0644 -> -14.7144
136058,0 fw Controll.static MKFDGFOCKNO         135.697 -> 135.747
136058,0 fw Controll.static LEKCBKLAILO         135.747 -> 135.797
136058,0 fw Controll.static OFJKHAFJIMA          0.0079 -> 0.0081
136069,6 fw Controll.static GIPNIMALPEG          0.9231 -> 0.5016
136069,6 fw Controll.static NAKNALFCOIF         52.7702 -> 54.4202
136069,6 fw Controll.static IGLCENGMMMJ        -14.7144 -> -17.1144
136092,9 fw Controll.static GIPNIMALPEG          0.5016 -> 0.9677
136092,9 fw Controll.static NAKNALFCOIF         54.4202 -> 55.0202
136092,9 fw Controll.static IGLCENGMMMJ        -17.1144 -> -18.4644
136111,0 fw Controll.static MKFDGFOCKNO         135.747 -> 135.797
136111,0 fw Controll.static LEKCBKLAILO         135.797 -> 135.847
136117,9 fw Controll.static GIPNIMALPEG          0.9677 -> 0.4681
136117,9 fw Controll.static NAKNALFCOIF         55.0202 -> 55.6202
136117,9 fw Controll.static IGLCENGMMMJ        -18.4644 -> -19.5144
136126,0 fw Controll.static HLBAGIACGBI               0 -> 1
136126,0 fw Controll.static PBICPLCFAGG               1 -> 0
136141,1 fw Controll.static GIPNIMALPEG          0.4681 -> 0.9313
136141,1 fw Controll.static NAKNALFCOIF         55.6202 -> 56.2202
136152,6 fw Controll.static IGLCENGMMMJ        -19.5144 -> -20.8644
136152,6 fw Controll.static PBICPLCFAGG               0 -> 1
136152,6 fw Controll.static GCHFDAPNBNB               0 -> 1
136156,7 fw Controll.static IPCNAHJLMAP               0 -> 1
136156,7 fw Controll.static MKFDGFOCKNO         135.797 -> 135.847
136156,7 fw Controll.static LEKCBKLAILO         135.847 -> 135.897
136156,7 fw Controll.static OFJKHAFJIMA          0.0081 -> 0.0078
136168,9 fw Controll.static GIPNIMALPEG          0.9313 -> 0.4879
136173,8 fw Controll.static NAKNALFCOIF         56.2202 -> 56.5202
136173,8 fw Controll.static IGLCENGMMMJ        -20.8644 -> -21.1644
136190,8 fw Controll.static GIPNIMALPEG          0.4879 -> 0.9252
136200,3 fw Controll.static NAKNALFCOIF         56.5202 -> 56.6702
136200,3 fw Controll.static IGLCENGMMMJ        -21.1644 -> -21.3144
136206,1 fw Controll.static IPCNAHJLMAP               1 -> 2
136206,2 fw Controll.static MKFDGFOCKNO         135.847 -> 135.897
136206,2 fw Controll.static LEKCBKLAILO         135.897 -> 135.947
136206,2 fw Controll.static OFJKHAFJIMA          0.0078 -> 0.0056
136217,8 fw Controll.static GIPNIMALPEG          0.9252 -> 0.4641
136222,0 fw Controll.static HLBAGIACGBI               1 -> 0
136239,6 fw Controll.static GIPNIMALPEG          0.4641 -> 0.9014
136256,2 fw Controll.static IPCNAHJLMAP               2 -> 3
136256,2 fw Controll.static MKFDGFOCKNO         135.897 -> 135.9471
136256,2 fw Controll.static LEKCBKLAILO         135.947 -> 135.9971
136256,2 fw Controll.static OFJKHAFJIMA          0.0056 -> 0.0066
136266,2 fw Controll.static GIPNIMALPEG          0.9014 -> 0.4318
136288,0 fw Controll.static GIPNIMALPEG          0.4318 -> 0.8685
136303,8 fw Controll.static IPCNAHJLMAP               3 -> 4
136303,8 fw Controll.static MKFDGFOCKNO        135.9471 -> 135.9971
136303,8 fw Controll.static LEKCBKLAILO        135.9971 -> 136.0471
136303,8 fw Controll.static OFJKHAFJIMA          0.0066 -> 0.005
136321,0 fw Controll.static GIPNIMALPEG          0.8685 -> 0.5282
136351,1 fw player          HIDMDLLHEKO               4 -> 1
136351,1 fw Controll.static GIPNIMALPEG          0.5282 -> 0.1306
136356,3 fw player          BDHNEDFEHBA              71 -> 64
136356,3 fw player          LNIDBHIAJJI               4 -> 244
136356,3 fw player          ACAIGMNLLEC              13 -> 38
136356,3 fw player          APFNBGHAJMD               0 -> 1
136356,3 fw Controll.static IPCNAHJLMAP               4 -> 5
136369,1 fw Controll.static MKFDGFOCKNO        135.9971 -> 136.0471
136369,2 fw Controll.static LEKCBKLAILO        136.0471 -> 136.0971
136369,2 fw Controll.static OFJKHAFJIMA           0.005 -> 0.0063
136374,6 fw Controll.static GIPNIMALPEG          0.1306 -> 0.6005
136374,6 fw Controll.static NAKNALFCOIF         56.6702 -> 56.8202
136374,6 fw Controll.static IGLCENGMMMJ        -21.3144 -> -21.4644
136402,3 fw Controll.static GIPNIMALPEG          0.6005 -> 0.1541
136402,3 fw Controll.static NAKNALFCOIF         56.8202 -> 57.4202
136402,3 fw Controll.static IGLCENGMMMJ        -21.4644 -> -22.0644
136410,1 fw Controll.static GCHFDAPNBNB               1 -> 0
136410,1 fw Controll.static IPCNAHJLMAP               5 -> 0
136416,9 fw player          FGFKPMPLNKO        131.0676 -> 131.6668
136416,9 fw Controll.static MKFDGFOCKNO        136.0471 -> 136.0971
136416,9 fw Controll.static LEKCBKLAILO        136.0971 -> 136.1471
136416,9 fw Controll.static OFJKHAFJIMA          0.0063 -> 0.0075
136424,9 fw Controll.static GIPNIMALPEG          0.1541 -> 0.6069
136424,9 fw Controll.static NAKNALFCOIF         57.4202 -> 59.2202
136424,9 fw Controll.static IGLCENGMMMJ        -22.0644 -> -23.4144
136450,2 fw Controll.static GIPNIMALPEG          0.6069 -> 0.1122
136450,2 fw Controll.static NAKNALFCOIF         59.2202 -> 61.1702
136453,6 fw Controll.static IGLCENGMMMJ        -23.4144 -> -24.7644
136465,8 fw Controll.static MKFDGFOCKNO        136.0971 -> 136.1471
136465,8 fw Controll.static LEKCBKLAILO        136.1471 -> 136.1971
136465,8 fw Controll.static OFJKHAFJIMA          0.0075 -> 0.0055
136471,6 fw Controll.static GIPNIMALPEG          0.1122 -> 0.5404
136482,5 fw Controll.static NAKNALFCOIF         61.1702 -> 64.4702
136482,5 fw Controll.static IGLCENGMMMJ        -24.7644 -> -27.3144
136500,7 fw Controll.static GIPNIMALPEG          0.5404 -> 0.1217
136504,9 fw Controll.static NAKNALFCOIF         64.4702 -> 67.0202
136504,9 fw Controll.static IGLCENGMMMJ        -27.3144 -> -29.1144
136518,0 fw Controll.static MKFDGFOCKNO        136.1471 -> 136.1971
136518,0 fw Controll.static LEKCBKLAILO        136.1971 -> 136.2471
136518,0 fw Controll.static OFJKHAFJIMA          0.0055 -> 0.0059
136521,9 fw Controll.static GIPNIMALPEG          0.1217 -> 0.5462
136534,0 fw Controll.static NAKNALFCOIF         67.0202 -> 68.9702
136534,0 fw Controll.static IGLCENGMMMJ        -29.1144 -> -30.0144
136550,2 fw Controll.static GIPNIMALPEG          0.5462 -> 0.1119
136554,4 fw Controll.static NAKNALFCOIF         68.9702 -> 70.0202
136554,4 fw Controll.static IGLCENGMMMJ        -30.0144 -> -30.4644
136554,5 fw Controll.static GCHFDAPNBNB               0 -> 1
136566,4 fw Controll.static IPCNAHJLMAP               0 -> 1
136566,4 fw Controll.static MKFDGFOCKNO        136.1971 -> 136.2471
136566,4 fw Controll.static LEKCBKLAILO        136.2471 -> 136.2971
136566,4 fw Controll.static OFJKHAFJIMA          0.0059 -> 0.0054
136572,0 fw Controll.static GIPNIMALPEG          0.1119 -> 0.5474
136583,3 fw Controll.static NAKNALFCOIF         70.0202 -> 70.7702
136583,3 fw Controll.static IGLCENGMMMJ        -30.4644 -> -30.6144
136600,6 fw Controll.static GIPNIMALPEG          0.5474 -> 0.1183
136605,9 fw Controll.static NAKNALFCOIF         70.7702 -> 71.3702
136618,1 fw Controll.static IPCNAHJLMAP               1 -> 2
136618,1 fw Controll.static MKFDGFOCKNO        136.2471 -> 136.2971
136618,2 fw Controll.static LEKCBKLAILO        136.2971 -> 136.3471
136618,2 fw Controll.static OFJKHAFJIMA          0.0054 -> 0.0056
136635,1 fw Controll.static GIPNIMALPEG          0.1183 -> 0.8102
136635,2 fw Controll.static NAKNALFCOIF         71.3702 -> 71.8202
136635,2 fw Controll.static IGLCENGMMMJ        -30.6144 -> -30.9144
136652,5 fw Controll.static OFJKHAFJIMA          0.0056 -> 0.0077
136656,0 fw Controll.static GIPNIMALPEG          0.8102 -> 0.2267
136656,0 fw Controll.static EPEEFBDJAHO               1 -> 0
136656,0 fw Controll.static DGNDKAKOEPD          968901 -> 969901
136656,0 fw Controll.static BEJBLGGGOCC       338547956 -> 338548899
136656,0 fw Controll.static JELGPAKAJPE             351 -> 353
136656,0 fw Controll.static EENJPDHGGGC        135.3548 -> 136.3551
136668,3 fw player          HIDMDLLHEKO               1 -> 4
136668,3 fw player          BDHNEDFEHBA              64 -> 192
136668,3 fw player          LNIDBHIAJJI             244 -> 240
136668,3 fw player          ACAIGMNLLEC              38 -> 40
136668,3 fw Controll.static GCHFDAPNBNB               1 -> 0
136668,3 fw Controll.static IPCNAHJLMAP               2 -> 0
136673,0 fw Controll.static MKFDGFOCKNO        136.2971 -> 136.3472
136673,0 fw Controll.static LEKCBKLAILO        136.3471 -> 136.3972
136683,8 fw Controll.static GIPNIMALPEG          0.2267 -> 0.783
136698,7 fw Controll.static MKFDGFOCKNO        136.3472 -> 136.3972
136698,8 fw Controll.static LEKCBKLAILO        136.3972 -> 136.4472
136698,8 fw Controll.static OFJKHAFJIMA          0.0077 -> 0.0039
136704,7 fw Controll.static GIPNIMALPEG           0.783 -> 0.2001
136704,7 fw Controll.static JEOINCHFPCC              -1 -> 0
136733,6 fw Controll.static GIPNIMALPEG          0.2001 -> 0.7778
136733,6 fw Controll.static NAKNALFCOIF         71.8202 -> 71.3702
136733,6 fw Controll.static IGLCENGMMMJ        -30.9144 -> -30.0144
136751,5 fw Controll.static MKFDGFOCKNO        136.3972 -> 136.4472
136751,5 fw Controll.static LEKCBKLAILO        136.4472 -> 136.4972
136751,5 fw Controll.static OFJKHAFJIMA          0.0039 -> 0.0066
136756,3 fw Controll.static GIPNIMALPEG          0.7778 -> 0.2319
136756,3 fw Controll.static NAKNALFCOIF         71.3702 -> 70.0202
136769,3 fw Controll.static IGLCENGMMMJ        -30.0144 -> -27.4644
136785,4 fw Controll.static GIPNIMALPEG          0.2319 -> 0.8141
136793,4 fw Controll.static NAKNALFCOIF         70.0202 -> 65.8202
136793,4 fw Controll.static IGLCENGMMMJ        -27.4644 -> -24.3144
136801,7 fw Controll.static MKFDGFOCKNO        136.4472 -> 136.4972
136801,7 fw Controll.static LEKCBKLAILO        136.4972 -> 136.5472
136801,7 fw Controll.static OFJKHAFJIMA          0.0066 -> 0.0068
136810,1 fw Controll.static GIPNIMALPEG          0.8141 -> 0.3094
136816,5 fw Controll.static NAKNALFCOIF         65.8202 -> 61.7702
136816,5 fw Controll.static IGLCENGMMMJ        -24.3144 -> -20.7144
136833,3 fw Controll.static GIPNIMALPEG          0.3094 -> 0.7723
136841,3 fw Controll.static NAKNALFCOIF         61.7702 -> 56.0702
136841,3 fw Controll.static IGLCENGMMMJ        -20.7144 -> -16.2144
136850,6 fw Controll.static MKFDGFOCKNO        136.4972 -> 136.5472
136850,6 fw Controll.static LEKCBKLAILO        136.5472 -> 136.5972
136850,6 fw Controll.static OFJKHAFJIMA          0.0068 -> 0.0057
136857,3 fw Controll.static GIPNIMALPEG          0.7723 -> 0.2514
136870,4 fw Controll.static NAKNALFCOIF         56.0702 -> 51.5702
136870,4 fw Controll.static IGLCENGMMMJ        -16.2144 -> -12.4644
136886,9 fw Controll.static GIPNIMALPEG          0.2514 -> 0.8447
136894,5 fw Controll.static NAKNALFCOIF         51.5702 -> 47.5202
136894,5 fw Controll.static IGLCENGMMMJ        -12.4644 -> -9.1644
136903,4 fw Controll.static MKFDGFOCKNO        136.5472 -> 136.5972
136903,4 fw Controll.static LEKCBKLAILO        136.5972 -> 136.6472
136903,4 fw Controll.static OFJKHAFJIMA          0.0057 -> 0.0083
136910,8 fw Controll.static GIPNIMALPEG          0.8447 -> 0.3213
136919,1 fw Controll.static NAKNALFCOIF         47.5202 -> 45.1202
136919,1 fw Controll.static IGLCENGMMMJ         -9.1644 -> -6.1644
136941,0 fw Controll.static GIPNIMALPEG          0.3213 -> 0.9261
136941,0 fw Controll.static NAKNALFCOIF         45.1202 -> 43.3202
136941,0 fw Controll.static IGLCENGMMMJ         -6.1644 -> -3.4644
136952,7 # net: TcpClient.Connected = True
136952,8 fw Controll.static MKFDGFOCKNO        136.5972 -> 136.6472
136952,8 fw Controll.static LEKCBKLAILO        136.6472 -> 136.6972
136957,4 fw player          HIDMDLLHEKO               4 -> 1
136957,4 fw player          HOJIIOCKKLO              -1 -> 1
136957,4 fw Controll.static OFJKHAFJIMA          0.0083 -> 0.0078
136969,9 fw player          BDHNEDFEHBA             192 -> 64
136969,9 fw player          LNIDBHIAJJI             240 -> 234
136969,9 fw player          ACAIGMNLLEC              40 -> 51
136969,9 fw Controll.static GIPNIMALPEG          0.9261 -> 0.5038
136969,9 fw Controll.static NAKNALFCOIF         43.3202 -> 41.5202
136969,9 fw Controll.static IGLCENGMMMJ         -3.4644 -> -0.3144
136993,2 fw Controll.static GIPNIMALPEG          0.5038 -> 0.9704
136993,3 fw Controll.static NAKNALFCOIF         41.5202 -> 40.9202
136993,3 fw Controll.static IGLCENGMMMJ         -0.3144 -> 1.1856
137009,4 fw Controll.static MKFDGFOCKNO        136.6472 -> 136.6972
137009,4 fw Controll.static LEKCBKLAILO        136.6972 -> 136.7472
137009,4 fw Controll.static OFJKHAFJIMA          0.0078 -> 0.0082
137018,9 fw Controll.static GIPNIMALPEG          0.9704 -> 0.4836
137018,9 fw Controll.static NAKNALFCOIF         40.9202 -> 40.1702
137018,9 fw Controll.static IGLCENGMMMJ          1.1856 -> 2.5356
137043,5 fw Controll.static GIPNIMALPEG          0.4836 -> 0.9744
137043,5 fw Controll.static NAKNALFCOIF         40.1702 -> 40.0202
137043,5 fw Controll.static IGLCENGMMMJ          2.5356 -> 3.1356
137059,5 fw Controll.static MKFDGFOCKNO        136.6972 -> 136.7472
137059,5 fw Controll.static LEKCBKLAILO        136.7472 -> 136.7972
137059,5 fw Controll.static OFJKHAFJIMA          0.0082 -> 0.0052
137066,4 fw Controll.static GIPNIMALPEG          0.9744 -> 0.433
137066,4 fw Controll.static LCMOBPPHLLM           0.485 -> 0
137066,4 fw Controll.static NAKNALFCOIF         40.0202 -> 39.7202
137075,3 fw Controll.static IGLCENGMMMJ          3.1356 -> 3.8856
137092,6 fw Controll.static GIPNIMALPEG           0.433 -> 0.9564
137103,4 fw Controll.static NAKNALFCOIF         39.7202 -> 39.1202
137103,4 fw Controll.static IGLCENGMMMJ          3.8856 -> 4.4856
137109,7 fw Controll.static MKFDGFOCKNO        136.7472 -> 136.7972
137109,7 fw Controll.static LEKCBKLAILO        136.7972 -> 136.8472
137109,7 fw Controll.static OFJKHAFJIMA          0.0052 -> 0.0085
137120,0 fw Controll.static GIPNIMALPEG          0.9564 -> 0.5047
137125,7 fw Controll.static NAKNALFCOIF         39.1202 -> 38.6702
137125,7 fw Controll.static IGLCENGMMMJ          4.4856 -> 5.0856
137142,5 fw Controll.static GIPNIMALPEG          0.5047 -> 0.9551
137153,9 fw Controll.static NAKNALFCOIF         38.6702 -> 38.3702
137153,9 fw Controll.static IGLCENGMMMJ          5.0856 -> 5.5357
137158,2 fw Controll.static MKFDGFOCKNO        136.7972 -> 136.8472
137158,2 fw Controll.static LEKCBKLAILO        136.8472 -> 136.8972
137158,2 fw Controll.static OFJKHAFJIMA          0.0085 -> 0.0089
137171,9 fw Controll.static GIPNIMALPEG          0.9551 -> 0.5422
137178,4 fw Controll.static NAKNALFCOIF         38.3702 -> 37.9202
137178,4 fw Controll.static IGLCENGMMMJ          5.5357 -> 5.9857
137198,9 fw Controll.static GIPNIMALPEG          0.5422 -> 0.0833
137207,4 fw Controll.static LCMOBPPHLLM               0 -> 0.485
137207,4 fw Controll.static NAKNALFCOIF         37.9202 -> 37.1702
137207,4 fw Controll.static IGLCENGMMMJ          5.9857 -> 6.5857
137207,4 fw Controll.static JEOINCHFPCC               0 -> -1
137215,5 fw Controll.static MKFDGFOCKNO        136.8472 -> 136.8973
137215,5 fw Controll.static LEKCBKLAILO        136.8972 -> 136.9473
137215,5 fw Controll.static OFJKHAFJIMA          0.0089 -> 0.004
137222,9 fw Controll.static GIPNIMALPEG          0.0833 -> 0.5627
137232,2 fw Controll.static NAKNALFCOIF         37.1702 -> 36.4202
137232,2 fw Controll.static IGLCENGMMMJ          6.5857 -> 7.1857
137256,6 fw player          FGFKPMPLNKO        131.6668 -> 132.5126
137256,6 fw Controll.static GIPNIMALPEG          0.5627 -> 0.2358
137256,6 fw Controll.static NAKNALFCOIF         36.4202 -> 35.6702
137256,6 fw Controll.static IGLCENGMMMJ          7.1857 -> 7.6357
137264,5 fw Controll.static MKFDGFOCKNO        136.8973 -> 136.9473
137264,5 fw Controll.static LEKCBKLAILO        136.9473 -> 136.9973
137273,6 fw player          FDOJDJLIGLF              70 -> 30
137273,6 fw player          HIDMDLLHEKO               1 -> 0
137273,6 fw Controll.static OFJKHAFJIMA           0.004 -> 0.0024
137281,4 fw player          LNIDBHIAJJI             234 -> 254
137281,4 fw player          ACAIGMNLLEC              51 -> 30
137281,4 fw Controll.static GIPNIMALPEG          0.2358 -> 0.733
137281,5 fw Controll.static NAKNALFCOIF         35.6702 -> 34.3202
137281,5 fw Controll.static IGLCENGMMMJ          7.6357 -> 8.3857
137299,0 fw Controll.static MKFDGFOCKNO        136.9473 -> 136.9973
137299,0 fw Controll.static LEKCBKLAILO        136.9973 -> 137.0473
137299,0 fw Controll.static OFJKHAFJIMA          0.0024 -> 0.004
137307,2 fw Controll.static GIPNIMALPEG           0.733 -> 0.2477
137307,2 fw Controll.static NAKNALFCOIF         34.3202 -> 33.1202
137307,2 fw Controll.static IGLCENGMMMJ          8.3857 -> 9.1357
137333,7 fw Controll.static GIPNIMALPEG          0.2477 -> 0.7775
137333,7 fw Controll.static NAKNALFCOIF         33.1202 -> 31.6202
137333,7 fw Controll.static IGLCENGMMMJ          9.1357 -> 10.3357
137351,0 fw Controll.static MKFDGFOCKNO        136.9973 -> 137.0473
137351,0 fw Controll.static LEKCBKLAILO        137.0473 -> 137.0973
137351,0 fw Controll.static OFJKHAFJIMA           0.004 -> 0.0059
137357,2 fw Controll.static GIPNIMALPEG          0.7775 -> 0.2462
137357,2 fw Controll.static NAKNALFCOIF         31.6202 -> 29.8202
137357,2 fw Controll.static IGLCENGMMMJ         10.3357 -> 11.3857
137383,3 fw Controll.static GIPNIMALPEG          0.2462 -> 0.7702
137383,4 fw Controll.static NAKNALFCOIF         29.8202 -> 28.7702
137392,2 fw Controll.static IGLCENGMMMJ         11.3857 -> 12.5857
137400,4 fw Controll.static MKFDGFOCKNO        137.0473 -> 137.0973
137400,4 fw Controll.static LEKCBKLAILO        137.0973 -> 137.1473
137400,4 fw Controll.static OFJKHAFJIMA          0.0059 -> 0.0053
137409,9 fw Controll.static GIPNIMALPEG          0.7702 -> 0.3002
137416,5 fw Controll.static NAKNALFCOIF         28.7702 -> 28.3202
137416,5 fw Controll.static IGLCENGMMMJ         12.5857 -> 12.7357
137416,5 fw Controll.static DJACNOGOCKD               0 -> 1
137427,0 fw Controll.static FBINCNDDPAO         89.4046 -> 132.2007
137427,0 fw Controll.static ILGHFLMKMCO         90.8339 -> 134.2007
137434,1 fw Controll.static JADIDAJFOGK             0.4 -> 0.49
137434,1 fw Controll.static GIPNIMALPEG          0.3002 -> 0.7858
137444,7 fw Controll.static NAKNALFCOIF         28.3202 -> 28.0202
137444,8 fw Controll.static IGLCENGMMMJ         12.7357 -> 12.8857
137453,3 fw Controll.static MKFDGFOCKNO        137.0973 -> 137.1473
137453,3 fw Controll.static LEKCBKLAILO        137.1473 -> 137.1973
137453,3 fw Controll.static OFJKHAFJIMA          0.0053 -> 0.0082
137463,4 fw Controll.static GIPNIMALPEG          0.7858 -> 0.371
137469,0 fw Controll.static NAKNALFCOIF         28.0202 -> 27.8702
137469,0 fw Controll.static IGLCENGMMMJ         12.8857 -> 13.0357
137488,7 fw Controll.static GIPNIMALPEG           0.371 -> 0.8776
137505,6 fw Controll.static MKFDGFOCKNO        137.1473 -> 137.1974
137505,6 fw Controll.static LEKCBKLAILO        137.1973 -> 137.2474
137505,6 fw Controll.static OFJKHAFJIMA          0.0082 -> 0.0018
137514,5 fw Controll.static GIPNIMALPEG          0.8776 -> 0.393
137536,9 fw Controll.static GIPNIMALPEG           0.393 -> 0.8404
137553,3 fw Controll.static MKFDGFOCKNO        137.1974 -> 137.2474
137553,3 fw Controll.static LEKCBKLAILO        137.2474 -> 137.2974
137553,3 fw Controll.static OFJKHAFJIMA          0.0018 -> 0.0032
137571,6 fw Controll.static GIPNIMALPEG          0.8404 -> 0.5343
137580,9 fw player          HIDMDLLHEKO               0 -> 5
137580,9 fw player          MHCOJFIAGLP              10 -> 11
137580,9 fw Controll.static DJACNOGOCKD               1 -> 0
137580,9 fw Controll.static JGNLBAMNEBA               0 -> 1
137581,0 fw Controll.static HCOLPFEEENG               0 -> 1
137581,0 fw Controll.static EGDKJEFGFIC               0 -> 1
137594,4 fw player          CGHKKDBILGF               1 -> 0
137594,5 fw player          FDOJDJLIGLF              30 -> 10
137601,2 fw Controll.static LCMOBPPHLLM           0.485 -> 0
137614,3 fw player          CGHKKDBILGF               0 -> 1
137619,2 fw Controll.static OFJKHAFJIMA          0.0032 -> 0.0243
137648,8 fw Controll.static OFJKHAFJIMA          0.0243 -> 0
139359,1 fw Controll.static NAKNALFCOIF         27.8702 -> 90
139359,1 fw Controll.static JEOINCHFPCC              -1 -> 0
139363,7 fw player          HIDMDLLHEKO               5 -> 0
139363,7 fw player          CIPOBFGAMOP        122.6656 -> 134.1358
139363,7 fw player          OLOOMMIKDPJ        122.6656 -> 134.1358
139363,7 fw player          LBKINNIDKEC               0 -> 1
139363,7 fw player          ACAIGMNLLEC              30 -> 64
139363,7 fw Controll.static JGNLBAMNEBA               1 -> 0
139363,7 fw Controll.static HCOLPFEEENG               1 -> 0
139363,7 fw Controll.static EGDKJEFGFIC               1 -> 0
139363,7 fw Controll.static MKFDGFOCKNO        137.2474 -> 139.0615
139363,7 fw Controll.static LEKCBKLAILO        137.2974 -> 139.1115
139376,7 fw player          FGFKPMPLNKO        132.5126 -> 134.6215
139376,7 fw Controll.static MNHBPCOOMLE          967825 -> 972843
139376,7 fw Controll.static GIPNIMALPEG          0.5343 -> 0.3539
139376,7 fw Controll.static LCMOBPPHLLM               0 -> 0.485
139398,4 fw Controll.static GIPNIMALPEG          0.3539 -> 0.7882
139415,7 fw Controll.static GCHFDAPNBNB               0 -> 1
139415,7 fw Controll.static IPCNAHJLMAP               0 -> 1
139415,7 fw Controll.static MKFDGFOCKNO        139.0615 -> 139.1115
139415,7 fw Controll.static LEKCBKLAILO        139.1115 -> 139.1615
139415,7 fw Controll.static OFJKHAFJIMA               0 -> 0.0019
139428,3 fw Controll.static GIPNIMALPEG          0.7882 -> 0.3857
139444,2 fw player          IGBIBDAMMLE               1 -> 2
139444,2 fw player          BCHEAICMFGH        130.3457 -> 134.4204
139460,1 fw Controll.static GIPNIMALPEG          0.3857 -> 0.021
139460,1 fw Controll.static LCMOBPPHLLM           0.485 -> 0.2425
139466,0 fw Controll.static GCHFDAPNBNB               1 -> 0
139466,0 fw Controll.static IPCNAHJLMAP               1 -> 0
139466,0 fw Controll.static MKFDGFOCKNO        139.1115 -> 139.1615
139466,0 fw Controll.static LEKCBKLAILO        139.1615 -> 139.2115
139475,9 fw Controll.static OFJKHAFJIMA          0.0019 -> 0.0009
139480,9 fw Controll.static GIPNIMALPEG           0.021 -> 0.4366
139498,0 fw player          LNIDBHIAJJI             254 -> 9
139498,0 fw player          CLOEJLAOIGI               1 -> 0
139498,0 fw player          HEADELMLILF               1 -> 0
139509,9 fw Controll.static GIPNIMALPEG          0.4366 -> 0.017
139509,9 fw Controll.static LCMOBPPHLLM          0.2425 -> 0
139527,1 fw Controll.static MKFDGFOCKNO        139.1615 -> 139.2115
139527,1 fw Controll.static LEKCBKLAILO        139.2115 -> 139.2615
139527,1 fw Controll.static OFJKHAFJIMA          0.0009 -> 0.0007
139533,1 fw Controll.static GIPNIMALPEG           0.017 -> 0.4818
139550,4 fw player          HIDMDLLHEKO               0 -> 4
139559,0 fw Controll.static GIPNIMALPEG          0.4818 -> 0.9988
139575,4 fw Controll.static MKFDGFOCKNO        139.2115 -> 139.2615
139575,4 fw Controll.static LEKCBKLAILO        139.2615 -> 139.3115
139575,4 fw Controll.static OFJKHAFJIMA          0.0007 -> 0.0058
139580,2 fw Controll.static GIPNIMALPEG          0.9988 -> 0.4235
139609,7 fw Controll.static GIPNIMALPEG          0.4235 -> 0.0128
139624,6 fw player          HIDMDLLHEKO               4 -> 0
139624,6 fw Controll.static MKFDGFOCKNO        139.2615 -> 139.3115
139624,6 fw Controll.static LEKCBKLAILO        139.3115 -> 139.3615
139624,6 fw Controll.static OFJKHAFJIMA          0.0058 -> 0.0005
139631,1 fw Controll.static GIPNIMALPEG          0.0128 -> 0.4418
139658,2 fw Controll.static GIPNIMALPEG          0.4418 -> 0.9829
139675,2 fw Controll.static MKFDGFOCKNO        139.3115 -> 139.3615
139675,2 fw Controll.static LEKCBKLAILO        139.3615 -> 139.4115
139675,2 fw Controll.static OFJKHAFJIMA          0.0005 -> 0.0035
139680,5 fw Controll.static GIPNIMALPEG          0.9829 -> 0.4287
139710,0 fw Controll.static GIPNIMALPEG          0.4287 -> 0.0179
139725,4 fw Controll.static MKFDGFOCKNO        139.3615 -> 139.4115
139725,4 fw Controll.static LEKCBKLAILO        139.4115 -> 139.4615
139725,4 fw Controll.static OFJKHAFJIMA          0.0035 -> 0.0007
139732,8 fw Controll.static GIPNIMALPEG          0.0179 -> 0.4754
139762,5 fw Controll.static GIPNIMALPEG          0.4754 -> 0.0683
139774,2 fw Controll.static MKFDGFOCKNO        139.4115 -> 139.4616
139774,2 fw Controll.static LEKCBKLAILO        139.4615 -> 139.5116
139778,7 fw Controll.static OFJKHAFJIMA          0.0007 -> 0.0032
139790,6 fw Controll.static GIPNIMALPEG          0.0683 -> 0.631
139790,7 fw Controll.static DGNDKAKOEPD          969901 -> 973023
139790,7 fw Controll.static BEJBLGGGOCC       338548899 -> 338552205
139790,7 fw Controll.static JELGPAKAJPE             353 -> 112
139790,7 fw Controll.static EENJPDHGGGC        136.3551 -> 139.4768
139813,2 fw Controll.static GIPNIMALPEG           0.631 -> 0.0814
139828,8 fw Controll.static MKFDGFOCKNO        139.4616 -> 139.5116
139828,9 fw Controll.static LEKCBKLAILO        139.5116 -> 139.5616
139828,9 fw Controll.static OFJKHAFJIMA          0.0032 -> 0.0038
139839,5 fw Controll.static GIPNIMALPEG          0.0814 -> 0.6094
139861,9 fw Controll.static GIPNIMALPEG          0.6094 -> 0.0561
139877,6 fw Controll.static MKFDGFOCKNO        139.5116 -> 139.5616
139877,6 fw Controll.static LEKCBKLAILO        139.5616 -> 139.6116
139877,6 fw Controll.static OFJKHAFJIMA          0.0038 -> 0.0026
139891,1 fw Controll.static GIPNIMALPEG          0.0561 -> 0.6387
139912,7 fw Controll.static GIPNIMALPEG          0.6387 -> 0.071
139928,9 fw Controll.static MKFDGFOCKNO        139.5616 -> 139.6116
139928,9 fw Controll.static LEKCBKLAILO        139.6116 -> 139.6616
139928,9 fw Controll.static OFJKHAFJIMA          0.0026 -> 0.0033
139940,5 fw Controll.static GIPNIMALPEG           0.071 -> 0.6268
139963,1 fw Controll.static GIPNIMALPEG          0.6268 -> 0.0787
139979,4 fw Controll.static MKFDGFOCKNO        139.6116 -> 139.6616
139979,4 fw Controll.static LEKCBKLAILO        139.6616 -> 139.7116
139979,4 fw Controll.static OFJKHAFJIMA          0.0033 -> 0.0037
139992,2 fw Controll.static GIPNIMALPEG          0.0787 -> 0.6616
140013,8 fw Controll.static GIPNIMALPEG          0.6616 -> 0.093
140030,8 fw Controll.static MKFDGFOCKNO        139.6616 -> 139.7116
140030,8 fw Controll.static LEKCBKLAILO        139.7116 -> 139.7616
140030,8 fw Controll.static OFJKHAFJIMA          0.0037 -> 0.0043
140040,7 fw Controll.static GIPNIMALPEG           0.093 -> 0.6317
140073,6 fw Controll.static GIPNIMALPEG          0.6317 -> 0.2905
140077,8 fw Controll.static MKFDGFOCKNO        139.7116 -> 139.7616
140077,8 fw Controll.static LEKCBKLAILO        139.7616 -> 139.8116
140090,2 fw Controll.static OFJKHAFJIMA          0.0043 -> 0.0021
140097,3 fw Controll.static GIPNIMALPEG          0.2905 -> 0.7632
140113,8 fw Controll.static MKFDGFOCKNO        139.7616 -> 139.8116
140113,8 fw Controll.static LEKCBKLAILO        139.8116 -> 139.8616
140113,8 fw Controll.static OFJKHAFJIMA          0.0021 -> 0.0005
140124,8 fw Controll.static GIPNIMALPEG          0.7632 -> 0.3121
140146,1 fw Controll.static GIPNIMALPEG          0.3121 -> 0.7388
140161,2 fw Controll.static MKFDGFOCKNO        139.8116 -> 139.8616
140161,2 fw Controll.static LEKCBKLAILO        139.8616 -> 139.9116
140161,2 fw Controll.static OFJKHAFJIMA          0.0005 -> 0.0018
140173,8 fw Controll.static GIPNIMALPEG          0.7388 -> 0.2941
140193,8 fw Controll.static GIPNIMALPEG          0.2941 -> 0.6921
140211,9 fw Controll.static MKFDGFOCKNO        139.8616 -> 139.9116
140211,9 fw Controll.static LEKCBKLAILO        139.9116 -> 139.9616
140212,0 fw Controll.static OFJKHAFJIMA          0.0018 -> 0.0026
140222,9 fw Controll.static GIPNIMALPEG          0.6921 -> 0.2746
140245,0 fw Controll.static GIPNIMALPEG          0.2746 -> 0.718
140261,5 fw Controll.static MKFDGFOCKNO        139.9116 -> 139.9616
140261,5 fw Controll.static LEKCBKLAILO        139.9616 -> 140.0116
140261,5 fw Controll.static OFJKHAFJIMA          0.0026 -> 0.002
140274,3 fw Controll.static GIPNIMALPEG           0.718 -> 0.3036
140294,4 fw Controll.static GIPNIMALPEG          0.3036 -> 0.704
140311,1 fw Controll.static MKFDGFOCKNO        139.9616 -> 140.0116
140311,1 fw Controll.static LEKCBKLAILO        140.0116 -> 140.0616
140311,1 fw Controll.static OFJKHAFJIMA           0.002 -> 0.0018
140322,0 fw Controll.static GIPNIMALPEG           0.704 -> 0.2563
140344,4 fw Controll.static GIPNIMALPEG          0.2563 -> 0.7046
140361,2 fw Controll.static MKFDGFOCKNO        140.0116 -> 140.0617
140361,2 fw Controll.static LEKCBKLAILO        140.0616 -> 140.1117
140377,1 fw Controll.static GIPNIMALPEG          0.7046 -> 0.3585
140405,0 fw Controll.static GIPNIMALPEG          0.3585 -> 0.9173
140418,7 fw Controll.static MKFDGFOCKNO        140.0617 -> 140.1117
140418,7 fw Controll.static LEKCBKLAILO        140.1117 -> 140.1617
140418,7 fw Controll.static OFJKHAFJIMA          0.0018 -> 0.0012
140425,0 fw Controll.static GIPNIMALPEG          0.9173 -> 0.3158
140448,3 fw Controll.static GIPNIMALPEG          0.3158 -> 0.7824
140461,9 fw Controll.static MKFDGFOCKNO        140.1117 -> 140.1617
140461,9 fw Controll.static LEKCBKLAILO        140.1617 -> 140.2117
140461,9 fw Controll.static OFJKHAFJIMA          0.0012 -> 0.0025
140473,4 fw Controll.static GIPNIMALPEG          0.7824 -> 0.2838
140494,3 fw Controll.static GIPNIMALPEG          0.2838 -> 0.7021
140510,3 fw Controll.static MKFDGFOCKNO        140.1617 -> 140.2117
140510,4 fw Controll.static LEKCBKLAILO        140.2117 -> 140.2617
140510,4 fw Controll.static OFJKHAFJIMA          0.0025 -> 0.001
140522,6 fw Controll.static GIPNIMALPEG          0.7021 -> 0.2676
140522,6 fw Controll.static LCMOBPPHLLM               0 -> 0.485
140527,2 fw Controll.static JEOINCHFPCC               0 -> 1
140544,2 fw Controll.static GIPNIMALPEG          0.2676 -> 0.6994
140561,2 fw Controll.static MKFDGFOCKNO        140.2117 -> 140.2617
140561,2 fw Controll.static LEKCBKLAILO        140.2617 -> 140.3117
140561,2 fw Controll.static OFJKHAFJIMA           0.001 -> 0.0017
140573,4 fw Controll.static GIPNIMALPEG          0.6994 -> 0.2828
140578,2 fw player          FGFKPMPLNKO        134.6215 -> 135.8303
140578,2 fw Controll.static NAKNALFCOIF              90 -> 90.15
140578,2 fw Controll.static IGLCENGMMMJ         13.0357 -> 12.8857
140595,3 fw Controll.static GIPNIMALPEG          0.2828 -> 0.7214
140607,1 fw Controll.static NAKNALFCOIF           90.15 -> 91.2
140607,1 fw Controll.static IGLCENGMMMJ         12.8857 -> 11.5357
140612,6 fw Controll.static MKFDGFOCKNO        140.2617 -> 140.3117
140612,6 fw Controll.static LEKCBKLAILO        140.3117 -> 140.3617
140612,6 fw Controll.static OFJKHAFJIMA          0.0017 -> 0.0032
140622,8 fw Controll.static GIPNIMALPEG          0.7214 -> 0.2719
140628,5 fw Controll.static NAKNALFCOIF            91.2 -> 91.8
140628,5 fw Controll.static IGLCENGMMMJ         11.5357 -> 8.6856
140646,2 fw Controll.static GIPNIMALPEG          0.2719 -> 0.7388
140657,0 fw Controll.static NAKNALFCOIF            91.8 -> 91.2
140657,0 fw Controll.static IGLCENGMMMJ          8.6856 -> 3.1356
140661,4 fw Controll.static GCHFDAPNBNB               0 -> 1
140661,4 fw Controll.static IPCNAHJLMAP               0 -> 1
140661,4 fw Controll.static MKFDGFOCKNO        140.3117 -> 140.3617
140661,4 fw Controll.static LEKCBKLAILO        140.3617 -> 140.4117
140661,4 fw Controll.static OFJKHAFJIMA          0.0032 -> 0.002
140679,5 fw player          HIDMDLLHEKO               0 -> 1
140679,5 fw player          IGBIBDAMMLE               2 -> 3
140679,5 fw player          BCHEAICMFGH        134.4204 -> 135.5651
140679,5 fw player          CLOEJLAOIGI               0 -> 1
140679,5 fw Controll.static GIPNIMALPEG          0.7388 -> 0.4058
140679,5 fw Controll.static NAKNALFCOIF            91.2 -> 86.55
140679,5 fw Controll.static IGLCENGMMMJ          3.1356 -> -2.8644
140709,7 fw Controll.static GIPNIMALPEG          0.4058 -> 0.0085
140709,7 fw Controll.static LCMOBPPHLLM           0.485 -> 0.2425
140709,7 fw Controll.static NAKNALFCOIF           86.55 -> 79.5
140709,7 fw Controll.static IGLCENGMMMJ         -2.8644 -> -10.0644
140709,7 fw Controll.static JEOINCHFPCC               1 -> 0
140713,9 fw Controll.static GCHFDAPNBNB               1 -> 0
140713,9 fw Controll.static IPCNAHJLMAP               1 -> 0
140726,5 fw Controll.static MKFDGFOCKNO        140.3617 -> 140.4117
140726,5 fw Controll.static LEKCBKLAILO        140.4117 -> 140.4617
140726,5 fw Controll.static OFJKHAFJIMA           0.002 -> 0.0002
140732,3 fw Controll.static GIPNIMALPEG          0.0085 -> 0.4617
140732,3 fw Controll.static NAKNALFCOIF            79.5 -> 77.85
140732,3 fw Controll.static IGLCENGMMMJ        -10.0644 -> -13.2143
140760,0 fw Controll.static GIPNIMALPEG          0.4617 -> 0.0152
140760,0 fw Controll.static NAKNALFCOIF           77.85 -> 76.95
140760,0 fw Controll.static IGLCENGMMMJ        -13.2143 -> -16.5143
140760,0 fw Controll.static JEOINCHFPCC               0 -> -1
140780,1 fw Controll.static MKFDGFOCKNO        140.4117 -> 140.4617
140780,1 fw Controll.static LEKCBKLAILO        140.4617 -> 140.5117
140780,1 fw Controll.static OFJKHAFJIMA          0.0002 -> 0.0006
140789,0 fw Controll.static GIPNIMALPEG          0.0152 -> 0.5956
140789,0 fw Controll.static NAKNALFCOIF           76.95 -> 75.6
140789,0 fw Controll.static IGLCENGMMMJ        -16.5143 -> -19.2143
140798,3 fw player          IGBIBDAMMLE               3 -> 4
140798,3 fw player          BCHEAICMFGH        135.5651 -> 135.6727
140805,8 fw player          LNIDBHIAJJI               9 -> 7
140805,8 fw player          ACAIGMNLLEC              64 -> 65
140805,8 fw player          HEADELMLILF               0 -> 1
140815,2 fw Controll.static GIPNIMALPEG          0.5956 -> 0.1187
140815,2 fw Controll.static NAKNALFCOIF            75.6 -> 73.2
140821,5 fw Controll.static IGLCENGMMMJ        -19.2143 -> -20.7143
140832,2 fw Controll.static MKFDGFOCKNO        140.4617 -> 140.5117
140832,2 fw Controll.static LEKCBKLAILO        140.5117 -> 140.5618
140832,2 fw Controll.static OFJKHAFJIMA          0.0006 -> 0.0058
140849,5 fw Controll.static GIPNIMALPEG          0.1187 -> 0.8056
140855,2 fw Controll.static NAKNALFCOIF            73.2 -> 47.6173
140855,2 fw Controll.static IGLCENGMMMJ        -20.7143 -> -1.7207
140855,2 fw Controll.static DGNDKAKOEPD          973023 -> 974098
140855,2 fw Controll.static BEJBLGGGOCC       338552205 -> 338553298
140855,2 fw Controll.static JELGPAKAJPE             112 -> 189
140855,2 fw Controll.static EENJPDHGGGC        139.4768 -> 140.5522
140855,2 fw Controll.static BFEOOOMMGLK               0 -> 1
140855,2 fw Controll        MJPKOOHJOPA        129.4646 -> 135.9455
140863,8 fw Controll.static GLGCAOADGMN               0 -> 1
140863,8 fw Controll.static MKFDGFOCKNO        140.5117 -> 140.5618
140863,8 fw Controll.static LEKCBKLAILO        140.5618 -> 140.6118
140863,8 fw Controll.static OFJKHAFJIMA          0.0058 -> 0.0043
140872,7 fw Controll.static MNHBPCOOMLE          972843 -> 974303
140872,7 fw Controll.static GIPNIMALPEG          0.8056 -> 0.2691
140872,7 fw Controll.static ANDBANJHOLD        129.2146 -> 135.6955
140876,6 fw player          HIDMDLLHEKO               1 -> 0
140876,6 fw player          BDHNEDFEHBA              64 -> 0
140876,6 fw player          LNIDBHIAJJI               7 -> 248
140876,6 fw player          ACAIGMNLLEC              65 -> 56
140876,6 fw Controll.static NAKNALFCOIF         47.6173 -> 47.5024
140876,6 fw Controll.static IGLCENGMMMJ         -1.7207 -> -1.2679
140876,6 fw Controll.static BFEOOOMMGLK               1 -> 0
140893,2 fw player          IGBIBDAMMLE               4 -> 0
140893,2 fw player          BCHEAICMFGH        135.6727 -> 135.8806
140893,3 fw Controll.static GIPNIMALPEG          0.2691 -> 0.6796
140904,4 fw Controll.static NAKNALFCOIF         47.5024 -> 47.4723
140904,4 fw Controll.static IGLCENGMMMJ         -1.2679 -> -1.2673
140909,8 fw Controll.static MKFDGFOCKNO        140.5618 -> 140.6118
140909,8 fw Controll.static LEKCBKLAILO        140.6118 -> 140.6618
140909,8 fw Controll.static OFJKHAFJIMA          0.0043 -> 0.0004
140921,9 fw Controll.static GIPNIMALPEG          0.6796 -> 0.2505
140926,0 fw Controll.static NAKNALFCOIF         47.4723 -> 49.1771
140926,0 fw Controll.static IGLCENGMMMJ         -1.2673 -> -1.7152
140943,2 fw Controll.static GIPNIMALPEG          0.2505 -> 0.6793
140954,9 fw player          HIDMDLLHEKO               0 -> 1
140954,9 fw player          LNIDBHIAJJI             248 -> 244
140954,9 fw player          ACAIGMNLLEC              56 -> 54
140955,0 fw Controll.static NAKNALFCOIF         49.1771 -> 47.4991
140955,0 fw Controll.static IGLCENGMMMJ         -1.7152 -> -1.1122
140972,7 fw Controll.static GIPNIMALPEG          0.6793 -> 0.2676
140978,1 fw Controll.static NAKNALFCOIF         47.4991 -> 49.7882
140978,1 fw Controll.static IGLCENGMMMJ         -1.1122 -> -0.5076
140988,5 fw Controll.static GLGCAOADGMN               1 -> 0
140988,5 fw Controll.static MKFDGFOCKNO        140.6118 -> 140.6618
140988,5 fw Controll.static LEKCBKLAILO        140.6618 -> 140.7118
140988,5 fw Controll.static OFJKHAFJIMA          0.0004 -> 0.0132
141004,0 fw Controll.static GIPNIMALPEG          0.2676 -> 0.8941
141004,0 fw Controll.static NAKNALFCOIF         49.7882 -> 48.9812
141004,0 fw Controll.static IGLCENGMMMJ         -0.5076 -> 0.0993
141009,1 fw player          LNIDBHIAJJI             244 -> 254
141009,2 fw player          ACAIGMNLLEC              54 -> 33
141020,8 fw Controll.static OFJKHAFJIMA          0.0132 -> 0.0113
141025,1 fw Controll.static GIPNIMALPEG          0.8941 -> 0.3152
141025,1 fw Controll.static NAKNALFCOIF         48.9812 -> 49.7439
141025,1 fw Controll.static IGLCENGMMMJ          0.0993 -> 0.2533
141038,9 fw player          FGFKPMPLNKO        135.8303 -> 136.5381
141042,6 fw player          HOJIIOCKKLO               1 -> -1
141042,6 fw player          HEADELMLILF               1 -> 0
141042,6 fw Controll.static MKFDGFOCKNO        140.6618 -> 140.7118
141042,6 fw Controll.static LEKCBKLAILO        140.7118 -> 140.7618
141054,7 fw Controll.static GIPNIMALPEG          0.3152 -> 0.9081
141054,7 fw Controll.static NAKNALFCOIF         49.7439 -> 50.2897
141054,7 fw Controll.static IGLCENGMMMJ          0.2533 -> 1.2545
141070,9 fw Controll.static MKFDGFOCKNO        140.7118 -> 140.7618
141070,9 fw Controll.static LEKCBKLAILO        140.7618 -> 140.8118
141070,9 fw Controll.static OFJKHAFJIMA          0.0113 -> 0
141075,3 fw Controll.static GIPNIMALPEG          0.9081 -> 0.3201
141075,3 fw Controll.static LCMOBPPHLLM          0.2425 -> 0.485
141075,3 fw Controll.static NAKNALFCOIF         50.2897 -> 50.7925
141075,3 fw Controll.static IGLCENGMMMJ          1.2545 -> 1.7568
141106,0 fw player          ACAIGMNLLEC              33 -> 34
141106,0 fw player          HEADELMLILF               0 -> 1
141106,0 fw Controll.static MNHBPCOOMLE          974303 -> 974554
141106,0 fw Controll.static GIPNIMALPEG          0.3201 -> 0.9332
141106,0 fw Controll.static ANDBANJHOLD        135.6955 -> 135.9467
141106,0 fw Controll.static NAKNALFCOIF         50.7925 -> 51.3449
141106,0 fw Controll.static IGLCENGMMMJ          1.7568 -> 1.4556
141106,0 fw Controll        MJPKOOHJOPA        135.9455 -> 136.1967
141111,3 fw Controll.static GCHFDAPNBNB               0 -> 1
141111,3 fw Controll.static GLGCAOADGMN               0 -> 1
141120,6 fw Controll.static IPCNAHJLMAP               0 -> 1
141120,6 fw Controll.static MKFDGFOCKNO        140.7618 -> 140.8118
141120,6 fw Controll.static LEKCBKLAILO        140.8118 -> 140.8618
141120,6 fw Controll.static OFJKHAFJIMA               0 -> 0.0018
141125,5 fw Controll.static GIPNIMALPEG          0.9332 -> 0.3237
141125,5 fw Controll.static NAKNALFCOIF         51.3449 -> 51.835
141137,9 fw player          IGBIBDAMMLE               0 -> 1
141137,9 fw player          BCHEAICMFGH        135.8806 -> 136.0134
141137,9 fw Controll.static IGLCENGMMMJ          1.4556 -> 0.8166
141155,3 fw player          BDHNEDFEHBA               0 -> 64
141155,3 fw player          LNIDBHIAJJI             254 -> 255
141155,3 fw Controll.static GIPNIMALPEG          0.3237 -> 0.9185
141159,8 fw player          HEADELMLILF               1 -> 0
141159,8 fw Controll.static NAKNALFCOIF          51.835 -> 52.4671
141159,8 fw Controll.static IGLCENGMMMJ          0.8166 -> -0.351
141159,8 fw Controll.static GCHFDAPNBNB               1 -> 0
141171,6 fw Controll.static IPCNAHJLMAP               1 -> 0
141171,6 fw Controll.static MKFDGFOCKNO        140.8118 -> 140.8618
141171,6 fw Controll.static LEKCBKLAILO        140.8618 -> 140.9118
141171,6 fw Controll.static OFJKHAFJIMA          0.0018 -> 0.0002
141176,6 fw Controll.static GIPNIMALPEG          0.9185 -> 0.3448
141176,6 fw Controll.static LCMOBPPHLLM           0.485 -> 0.2425
141189,1 fw Controll.static NAKNALFCOIF         52.4671 -> 52.715
141189,1 fw Controll.static IGLCENGMMMJ          -0.351 -> -0.515
141194,6 fw player          LNIDBHIAJJI             255 -> 0
141194,6 fw player          ACAIGMNLLEC              34 -> 35
141194,6 fw player          HEADELMLILF               0 -> 1
141206,6 fw Controll.static GIPNIMALPEG          0.3448 -> 0.9454
141214,2 fw player          GEDMGLAMGMD              13 -> 14
141214,2 fw player          CNHNFDDJMJO             105 -> 112
141214,2 fw Controll.static NAKNALFCOIF          52.715 -> 52.8795
141214,2 fw Controll.static IGLCENGMMMJ          -0.515 -> -0.5192
141214,2 fw Controll.static EPEEFBDJAHO               0 -> 1
141223,0 fw Controll.static MKFDGFOCKNO        140.8618 -> 140.9118
141223,0 fw Controll.static LEKCBKLAILO        140.9118 -> 140.9619
141223,0 fw Controll.static OFJKHAFJIMA          0.0002 -> 0.0046
141230,3 fw player          IGBIBDAMMLE               1 -> 2
141230,3 fw player          BCHEAICMFGH        136.0134 -> 136.1157
141230,4 fw Controll.static GIPNIMALPEG          0.9454 -> 0.4193
141245,5 fw player          HIDMDLLHEKO               1 -> 4
141245,5 fw player          BDHNEDFEHBA              64 -> 0
141255,2 fw player          ACAIGMNLLEC              35 -> 36
141255,3 fw Controll.static GIPNIMALPEG          0.4193 -> 0.9179
141261,5 fw Controll.static NAKNALFCOIF         52.8795 -> 52.7295
141261,5 fw Controll.static IGLCENGMMMJ         -0.5192 -> -0.3692
141270,9 fw player          LNIDBHIAJJI               0 -> 255
141270,9 fw player          ACAIGMNLLEC              36 -> 37
141271,0 fw Controll.static MKFDGFOCKNO        140.9118 -> 140.9619
141271,0 fw Controll.static LEKCBKLAILO        140.9619 -> 141.0119
141271,0 fw Controll.static OFJKHAFJIMA          0.0046 -> 0.0019
141276,3 fw player          HIDMDLLHEKO               4 -> 1
141276,4 fw Controll.static GIPNIMALPEG          0.9179 -> 0.339
141308,8 fw Controll.static GIPNIMALPEG           0.339 -> 0.989
141320,0 fw Controll.static MKFDGFOCKNO        140.9619 -> 141.0119
141320,0 fw Controll.static LEKCBKLAILO        141.0119 -> 141.0619
141324,8 fw Controll.static OFJKHAFJIMA          0.0019 -> 0.0102
141337,0 fw player          IGBIBDAMMLE               2 -> 3
141337,0 fw player          BCHEAICMFGH        136.1157 -> 136.2177
141337,0 fw Controll.static GIPNIMALPEG           0.989 -> 0.5523
141358,3 fw player          LNIDBHIAJJI             255 -> 254
141358,3 fw player          HEADELMLILF               1 -> 0
141358,3 fw Controll.static GIPNIMALPEG          0.5523 -> 0.9786
141375,2 fw Controll.static MKFDGFOCKNO        141.0119 -> 141.0619
141375,2 fw Controll.static LEKCBKLAILO        141.0619 -> 141.1119
141375,2 fw Controll.static OFJKHAFJIMA          0.0102 -> 0.0118
141386,3 fw Controll.static GIPNIMALPEG          0.9786 -> 0.5383
141391,8 fw player          LNIDBHIAJJI             254 -> 255
141407,1 fw Controll.static GIPNIMALPEG          0.5383 -> 0.9536
141426,2 fw Controll.static MKFDGFOCKNO        141.0619 -> 141.1119
141426,2 fw Controll.static LEKCBKLAILO        141.1119 -> 141.1619
141438,7 fw Controll.static GIPNIMALPEG          0.9536 -> 0.584
141443,2 fw player          IGBIBDAMMLE               3 -> 4
141443,2 fw player          BCHEAICMFGH        136.2177 -> 136.3192
141458,8 fw Controll.static GIPNIMALPEG           0.584 -> 0.9869
141476,1 fw Controll.static MKFDGFOCKNO        141.1119 -> 141.1619
141476,1 fw Controll.static LEKCBKLAILO        141.1619 -> 141.2119
141476,1 fw Controll.static OFJKHAFJIMA          0.0118 -> 0.0117
141488,4 fw Controll.static GIPNIMALPEG          0.9869 -> 0.5792
141488,4 fw Controll.static LCMOBPPHLLM          0.2425 -> 0.485
141510,0 fw Controll.static GIPNIMALPEG          0.5792 -> 0.0109
141524,1 fw Controll.static MKFDGFOCKNO        141.1619 -> 141.212
141524,1 fw Controll.static LEKCBKLAILO        141.2119 -> 141.262
141524,1 fw Controll.static OFJKHAFJIMA          0.0117 -> 0.0003
141536,5 fw Controll.static GIPNIMALPEG          0.0109 -> 0.5392
141541,7 fw player          BDHNEDFEHBA               0 -> 64
141557,0 fw Controll.static GIPNIMALPEG          0.5392 -> 0.9512
141571,9 fw Controll.static NAKNALFCOIF         52.7295 -> 52.8795
141571,9 fw Controll.static JEOINCHFPCC              -1 -> 0
141574,9 fw player          HOJIIOCKKLO              -1 -> 1
141574,9 fw Controll.static MKFDGFOCKNO         141.212 -> 141.262
141574,9 fw Controll.static LEKCBKLAILO         141.262 -> 141.312
141574,9 fw Controll.static OFJKHAFJIMA          0.0003 -> 0.0121
141587,7 fw Controll.static GIPNIMALPEG          0.9512 -> 0.5639
141592,5 fw Controll.static NAKNALFCOIF         52.8795 -> 53.0295
141620,3 fw Controll.static GIPNIMALPEG          0.5639 -> 0.2166
141620,3 fw Controll.static NAKNALFCOIF         53.0295 -> 53.9295
141624,1 fw player          IGBIBDAMMLE               4 -> 0
141624,1 fw player          BCHEAICMFGH        136.3192 -> 136.5117
141624,1 fw Controll.static GCHFDAPNBNB               0 -> 1
141624,1 fw Controll.static IPCNAHJLMAP               0 -> 1
141624,1 fw Controll.static MKFDGFOCKNO         141.262 -> 141.312
141624,1 fw Controll.static LEKCBKLAILO         141.312 -> 141.362
141637,9 fw Controll.static OFJKHAFJIMA          0.0121 -> 0.0106
141644,0 fw Controll.static GIPNIMALPEG          0.2166 -> 0.6899
141644,0 fw Controll.static NAKNALFCOIF         53.9295 -> 54.5295
141659,8 fw Controll.static MKFDGFOCKNO         141.312 -> 141.362
141659,8 fw Controll.static LEKCBKLAILO         141.362 -> 141.412
141659,8 fw Controll.static OFJKHAFJIMA          0.0106 -> 0.0001
141671,8 fw Controll.static GIPNIMALPEG          0.6899 -> 0.2456
141671,8 fw Controll.static LCMOBPPHLLM           0.485 -> 0.2425
141671,8 fw Controll.static NAKNALFCOIF         54.5295 -> 55.2795
141671,8 fw Controll.static JEOINCHFPCC               0 -> 1
141676,7 fw Controll.static GCHFDAPNBNB               1 -> 0
141676,7 fw Controll.static IPCNAHJLMAP               1 -> 0
141695,0 fw Controll.static GIPNIMALPEG          0.2456 -> 0.7089
141695,0 fw Controll.static NAKNALFCOIF         55.2795 -> 55.8795
141712,2 fw Controll.static MKFDGFOCKNO         141.362 -> 141.412
141712,2 fw Controll.static LEKCBKLAILO         141.412 -> 141.462
141712,2 fw Controll.static OFJKHAFJIMA          0.0001 -> 0.0025
141720,5 fw Controll.static GIPNIMALPEG          0.7089 -> 0.2197
141720,6 fw Controll.static NAKNALFCOIF         55.8795 -> 56.3295
141737,0 fw player          HIDMDLLHEKO               1 -> 4
141742,6 fw player          IGBIBDAMMLE               0 -> 1
141742,6 fw player          BCHEAICMFGH        136.5117 -> 136.6132
141742,6 fw player          BDHNEDFEHBA              64 -> 0
141742,6 fw player          ACAIGMNLLEC              37 -> 38
141742,6 fw player          HEADELMLILF               0 -> 1
141742,7 fw Controll.static GIPNIMALPEG          0.2197 -> 0.6609
141742,7 fw Controll.static NAKNALFCOIF         56.3295 -> 56.7795
141772,3 fw Controll.static GIPNIMALPEG          0.6609 -> 0.2538
141776,3 fw Controll.static NAKNALFCOIF         56.7795 -> 58.1295
141776,3 fw Controll.static DGNDKAKOEPD          974098 -> 975021
141776,4 fw Controll.static BEJBLGGGOCC       338553298 -> 338554208
141776,4 fw Controll.static JELGPAKAJPE             189 -> 113
141776,4 fw Controll.static EENJPDHGGGC        140.5522 -> 141.4751
141788,6 fw Controll.static MKFDGFOCKNO         141.412 -> 141.462
141788,6 fw Controll.static LEKCBKLAILO         141.462 -> 141.512
141788,6 fw Controll.static OFJKHAFJIMA          0.0025 -> 0.0123
141792,1 fw player          FGFKPMPLNKO        136.5381 -> 137.2767
141792,1 fw player          HIDMDLLHEKO               4 -> 1
141792,1 fw Controll.static GIPNIMALPEG          0.2538 -> 0.6506
141803,6 fw player          ACAIGMNLLEC              38 -> 39
141803,6 fw Controll.static NAKNALFCOIF         58.1295 -> 62.1795
141819,5 fw Controll.static GIPNIMALPEG          0.6506 -> 0.1983
141819,5 fw Controll.static LCMOBPPHLLM          0.2425 -> 0.485
141824,2 fw Controll.static NAKNALFCOIF         62.1795 -> 65.3295
141824,2 fw Controll.static GCHFDAPNBNB               0 -> 1
141836,8 fw player          IGBIBDAMMLE               1 -> 2
141836,8 fw player          BCHEAICMFGH        136.6132 -> 136.717
141836,8 fw player          ACAIGMNLLEC              39 -> 40
141836,9 fw Controll.static IPCNAHJLMAP               0 -> 1
141836,9 fw Controll.static MKFDGFOCKNO         141.462 -> 141.512
141836,9 fw Controll.static LEKCBKLAILO         141.512 -> 141.562
141836,9 fw Controll.static OFJKHAFJIMA          0.0123 -> 0.0098
141841,4 fw Controll.static GIPNIMALPEG          0.1983 -> 0.6368
141854,2 fw Controll.static NAKNALFCOIF         65.3295 -> 72.0795
141860,5 fw Controll.static IPCNAHJLMAP               1 -> 0
141860,5 fw Controll.static MKFDGFOCKNO         141.512 -> 141.562
141860,5 fw Controll.static LEKCBKLAILO         141.562 -> 141.612
141860,5 fw Controll.static OFJKHAFJIMA          0.0098 -> 0.0008
141872,4 fw Controll.static GIPNIMALPEG          0.6368 -> 0.2563
141877,4 fw Controll.static LCMOBPPHLLM           0.485 -> 0.2425
141877,4 fw Controll.static NAKNALFCOIF         72.0795 -> 78.5295
141890,3 fw Controll.static GCHFDAPNBNB               1 -> 0
141894,4 fw player          BDHNEDFEHBA               0 -> 64
141894,5 fw player          ACAIGMNLLEC              40 -> 41
141894,5 fw Controll.static GIPNIMALPEG          0.2563 -> 0.6985
141905,8 fw Controll.static NAKNALFCOIF         78.5295 -> 88.4295
141913,1 fw Controll.static MKFDGFOCKNO         141.562 -> 141.6121
141913,1 fw Controll.static LEKCBKLAILO         141.612 -> 141.6621
141913,1 fw Controll.static OFJKHAFJIMA          0.0008 -> 0.0033
141923,6 fw Controll.static MNHBPCOOMLE          974554 -> 975372
141923,6 fw Controll        MJPKOOHJOPA        136.1967 -> 137.015
141929,2 fw Controll.static GIPNIMALPEG          0.6985 -> 0.3918
141929,2 fw Controll.static NAKNALFCOIF         88.4295 -> 116.5407
141929,2 fw Controll.static IGLCENGMMMJ         -0.3692 -> -2.208
141929,2 fw Controll.static EPEEFBDJAHO               1 -> 0
141944,7 fw player          IGBIBDAMMLE               2 -> 3
141944,7 fw player          BCHEAICMFGH         136.717 -> 136.8212
141958,0 # net: TcpClient.Connected = True
141958,0 fw Controll.static GIPNIMALPEG          0.3918 -> 0.9658
141958,1 fw Controll.static NAKNALFCOIF        116.5407 -> 121.2324
141958,1 fw Controll.static IGLCENGMMMJ          -2.208 -> -2.078
141962,9 fw player          HIDMDLLHEKO               1 -> 4
141974,5 fw player          BDHNEDFEHBA              64 -> 0
141974,5 fw player          ACAIGMNLLEC              41 -> 46
141974,5 fw Controll.static MKFDGFOCKNO        141.6121 -> 141.6621
141974,5 fw Controll.static LEKCBKLAILO        141.6621 -> 141.7121
141974,5 fw Controll.static OFJKHAFJIMA          0.0033 -> 0.003
141979,1 fw Controll.static GIPNIMALPEG          0.9658 -> 0.3893
141979,1 fw Controll.static NAKNALFCOIF        121.2324 -> 118.7369
141979,1 fw Controll.static IGLCENGMMMJ          -2.078 -> -2.1075
141995,6 fw player          HIDMDLLHEKO               4 -> 1
142006,1 fw player          ACAIGMNLLEC              46 -> 52
142006,2 fw Controll.static GIPNIMALPEG          0.3893 -> 0.9304
142006,2 fw Controll.static NAKNALFCOIF        118.7369 -> 118.3861
142006,2 fw Controll.static IGLCENGMMMJ         -2.1075 -> -1.9835
142021,5 fw player          HOJIIOCKKLO               1 -> -1
142021,5 fw Controll.static MKFDGFOCKNO        141.6621 -> 141.7121
142021,5 fw Controll.static LEKCBKLAILO        141.7121 -> 141.7621
142028,5 fw Controll.static GIPNIMALPEG          0.9304 -> 0.3771
142028,5 fw Controll.static NAKNALFCOIF        118.3861 -> 117.5366
142028,5 fw Controll.static IGLCENGMMMJ         -1.9835 -> -2.1631
142037,4 fw player          LNIDBHIAJJI             255 -> 254
142044,4 fw player          ACAIGMNLLEC              52 -> 82
142053,5 fw player          IGBIBDAMMLE               3 -> 4
142053,5 fw player          BCHEAICMFGH        136.8212 -> 136.9281
142053,6 fw Controll.static GIPNIMALPEG          0.3771 -> 0.8782
142053,6 fw Controll.static NAKNALFCOIF        117.5366 -> 117.0436
142059,1 fw Controll.static IGLCENGMMMJ         -2.1631 -> -2.3541
142059,1 fw Controll.static GLGCAOADGMN               1 -> 0
142070,1 fw Controll.static MKFDGFOCKNO        141.7121 -> 141.7622
142070,1 fw Controll.static LEKCBKLAILO        141.7621 -> 141.8122
142070,2 fw Controll.static OFJKHAFJIMA           0.003 -> 0.0102
142074,2 fw Controll.static GIPNIMALPEG          0.8782 -> 0.2905
142086,0 fw Controll.static NAKNALFCOIF        117.0436 -> 117.026
142086,0 fw Controll.static IGLCENGMMMJ         -2.3541 -> -2.363
142092,3 fw player          ACAIGMNLLEC              82 -> 84
142102,8 fw Controll.static GIPNIMALPEG          0.2905 -> 0.8627
142120,6 fw Controll.static MKFDGFOCKNO        141.7622 -> 141.8122
142120,6 fw Controll.static LEKCBKLAILO        141.8122 -> 141.8622
142120,6 fw Controll.static OFJKHAFJIMA          0.0102 -> 0.0106
142125,1 fw Controll.static GIPNIMALPEG          0.8627 -> 0.3079
142137,3 fw player          LNIDBHIAJJI             254 -> 253
142137,3 fw player          ACAIGMNLLEC              84 -> 83
142137,3 fw Controll.static EPEEFBDJAHO               0 -> 1
142141,9 fw player          IGBIBDAMMLE               4 -> 0
142141,9 fw player          BCHEAICMFGH        136.9281 -> 137.0288
142154,1 fw Controll.static GIPNIMALPEG          0.3079 -> 0.8892
142170,4 fw Controll.static MKFDGFOCKNO        141.8122 -> 141.8622
142170,4 fw Controll.static LEKCBKLAILO        141.8622 -> 141.9122
142170,4 fw Controll.static OFJKHAFJIMA          0.0106 -> 0.0105
142175,0 fw Controll.static GIPNIMALPEG          0.8892 -> 0.3066
142203,0 fw Controll.static GIPNIMALPEG          0.3066 -> 0.8666
142210,8 fw player          HEADELMLILF               1 -> 0
142219,0 fw Controll.static MKFDGFOCKNO        141.8622 -> 141.9122
142219,0 fw Controll.static LEKCBKLAILO        141.9122 -> 141.9622
142219,0 fw Controll.static OFJKHAFJIMA          0.0105 -> 0.0009
142236,1 fw Controll.static GIPNIMALPEG          0.8666 -> 0.5279
142253,4 fw player          IGBIBDAMMLE               0 -> 1
142253,4 fw player          BCHEAICMFGH        137.0288 -> 137.1337
142257,8 fw Controll.static GIPNIMALPEG          0.5279 -> 0.9619
142275,0 fw Controll.static MKFDGFOCKNO        141.9122 -> 141.9622
142275,0 fw Controll.static LEKCBKLAILO        141.9622 -> 142.0122
142275,0 fw Controll.static OFJKHAFJIMA          0.0009 -> 0.0097
142286,6 fw Controll.static GIPNIMALPEG          0.9619 -> 0.537
142292,3 fw player          LNIDBHIAJJI             253 -> 254
142307,0 fw Controll.static GIPNIMALPEG           0.537 -> 0.946
142322,9 fw Controll.static MKFDGFOCKNO        141.9622 -> 142.0122
142322,9 fw Controll.static LEKCBKLAILO        142.0122 -> 142.0622
142322,9 fw Controll.static OFJKHAFJIMA          0.0097 -> 0.0083
142335,1 fw Controll.static GIPNIMALPEG           0.946 -> 0.5074
142356,7 fw Controll.static GIPNIMALPEG          0.5074 -> 0.9399
142369,5 fw player          IGBIBDAMMLE               1 -> 2
142369,5 fw player          BCHEAICMFGH        137.1337 -> 137.2441
142374,3 fw Controll.static MKFDGFOCKNO        142.0122 -> 142.0622
142374,3 fw Controll.static LEKCBKLAILO        142.0622 -> 142.1122
142374,3 fw Controll.static OFJKHAFJIMA          0.0083 -> 0.0094
142385,4 fw Controll.static GIPNIMALPEG          0.9399 -> 0.5139
142406,0 fw Controll.static GIPNIMALPEG          0.5139 -> 0.9252
142422,4 fw Controll.static MKFDGFOCKNO        142.0622 -> 142.1123
142422,4 fw Controll.static LEKCBKLAILO        142.1122 -> 142.1623
142422,4 fw Controll.static OFJKHAFJIMA          0.0094 -> 0.0084
142434,3 fw Controll.static GIPNIMALPEG          0.9252 -> 0.4904
142455,7 fw Controll.static GIPNIMALPEG          0.4904 -> 0.9179
142474,5 fw player          HOJIIOCKKLO              -1 -> 1
142474,5 fw player          IGBIBDAMMLE               2 -> 3
142474,5 fw player          BCHEAICMFGH        137.2441 -> 137.3485
142474,6 fw Controll.static MKFDGFOCKNO        142.1123 -> 142.1623
142474,6 fw Controll.static LEKCBKLAILO        142.1623 -> 142.2123
142486,1 fw player          FGFKPMPLNKO        137.2767 -> 137.9861
142486,1 fw Controll.static GIPNIMALPEG          0.9179 -> 0.5261
142506,6 fw Controll.static GIPNIMALPEG          0.5261 -> 0.9356
142518,1 fw Controll.static LCMOBPPHLLM          0.2425 -> 0.485
142522,2 fw Controll.static MKFDGFOCKNO        142.1623 -> 142.2123
142522,2 fw Controll.static LEKCBKLAILO        142.2123 -> 142.2623
142522,2 fw Controll.static OFJKHAFJIMA          0.0084 -> 0.0082
142538,8 fw Controll.static GIPNIMALPEG          0.9356 -> 0.5804
142568,8 fw Controll.static GIPNIMALPEG          0.5804 -> 0.1791
142584,9 fw Controll.static MKFDGFOCKNO        142.2123 -> 142.2623
142584,9 fw Controll.static LEKCBKLAILO        142.2623 -> 142.3123
142584,9 fw Controll.static OFJKHAFJIMA          0.0082 -> 0.0086
142591,7 fw Controll.static GIPNIMALPEG          0.1791 -> 0.6387
142619,2 fw Controll.static GIPNIMALPEG          0.6387 -> 0.1873
142624,5 fw player          BDHNEDFEHBA               0 -> 64
142635,4 fw Controll.static MKFDGFOCKNO        142.2623 -> 142.3123
142635,4 fw Controll.static LEKCBKLAILO        142.3123 -> 142.3623
142635,4 fw Controll.static OFJKHAFJIMA          0.0086 -> 0.0092
142639,7 fw Controll.static GIPNIMALPEG          0.1873 -> 0.5981
142669,5 fw Controll.static GIPNIMALPEG          0.5981 -> 0.1931
142674,4 fw Controll.static GCHFDAPNBNB               0 -> 1
142686,2 fw Controll.static IPCNAHJLMAP               0 -> 1
142686,2 fw Controll.static MKFDGFOCKNO        142.3123 -> 142.3623
142686,2 fw Controll.static LEKCBKLAILO        142.3623 -> 142.4123
142686,3 fw Controll.static OFJKHAFJIMA          0.0092 -> 0.0095
142691,3 fw player          IGBIBDAMMLE               3 -> 4
142691,4 fw player          BCHEAICMFGH        137.3485 -> 137.5671
142691,4 fw Controll.static GIPNIMALPEG          0.1931 -> 0.6307
142701,9 fw Controll.static NAKNALFCOIF         117.026 -> 117.326
142701,9 fw Controll.static IGLCENGMMMJ          -2.363 -> -2.213
142720,8 fw Controll.static GIPNIMALPEG          0.6307 -> 0.2169
142720,8 fw Controll.static LCMOBPPHLLM           0.485 -> 0.2425
142727,9 fw Controll.static NAKNALFCOIF         117.326 -> 117.926
142727,9 fw Controll.static IGLCENGMMMJ          -2.213 -> -1.913
142727,9 fw Controll.static GCHFDAPNBNB               1 -> 0
142739,6 fw Controll.static IPCNAHJLMAP               1 -> 0
142739,6 fw Controll.static MKFDGFOCKNO        142.3623 -> 142.4123
142739,6 fw Controll.static LEKCBKLAILO        142.4123 -> 142.4623
142739,6 fw Controll.static OFJKHAFJIMA          0.0095 -> 0.0103
142743,7 fw Controll.static GIPNIMALPEG          0.2169 -> 0.6768
142756,4 fw Controll.static NAKNALFCOIF         117.926 -> 118.676
142756,4 fw Controll.static IGLCENGMMMJ          -1.913 -> -1.463
142762,8 fw Controll.static MKFDGFOCKNO        142.4123 -> 142.4623
142762,8 fw Controll.static LEKCBKLAILO        142.4623 -> 142.5123
142762,8 fw Controll.static OFJKHAFJIMA          0.0103 -> 0.0026
142773,8 fw Controll.static GIPNIMALPEG          0.6768 -> 0.278
142780,3 fw Controll.static NAKNALFCOIF         118.676 -> 119.426
142780,3 fw Controll.static IGLCENGMMMJ          -1.463 -> -1.313
142792,3 fw player          IGBIBDAMMLE               4 -> 0
142798,3 fw player          BCHEAICMFGH        137.5671 -> 137.6717
142798,4 fw Controll.static GIPNIMALPEG           0.278 -> 0.7696
142809,9 fw Controll.static NAKNALFCOIF         119.426 -> 119.8761
142809,9 fw Controll.static IGLCENGMMMJ          -1.313 -> -1.163
142809,9 fw Controll.static DGNDKAKOEPD          975021 -> 976048
142809,9 fw Controll.static BEJBLGGGOCC       338554208 -> 338555209
142809,9 fw Controll.static JELGPAKAJPE             113 -> 130
142809,9 fw Controll.static EENJPDHGGGC        141.4751 -> 142.5015
142816,0 fw Controll.static MKFDGFOCKNO        142.4623 -> 142.5123
142816,0 fw Controll.static LEKCBKLAILO        142.5123 -> 142.5623
142816,0 fw Controll.static OFJKHAFJIMA          0.0026 -> 0.006
142825,7 fw Controll.static GIPNIMALPEG          0.7696 -> 0.3161
142833,6 fw player          HIDMDLLHEKO               1 -> 4
142833,6 fw player          BDHNEDFEHBA              64 -> 0
142857,5 fw Controll.static GIPNIMALPEG          0.3161 -> 0.953
142868,5 fw Controll.static MKFDGFOCKNO        142.5123 -> 142.5623
142868,5 fw Controll.static LEKCBKLAILO        142.5623 -> 142.6124
142872,6 fw Controll.static OFJKHAFJIMA           0.006 -> 0.0085
142884,2 fw player          HIDMDLLHEKO               4 -> 1
142884,3 fw Controll.static GIPNIMALPEG           0.953 -> 0.4879
142888,7 fw player          IGBIBDAMMLE               0 -> 1
142888,7 fw player          BCHEAICMFGH        137.6717 -> 137.7762
142903,9 fw Controll.static GIPNIMALPEG          0.4879 -> 0.8807
142921,8 fw Controll.static MKFDGFOCKNO        142.5623 -> 142.6124
142921,8 fw Controll.static LEKCBKLAILO        142.6124 -> 142.6624
142921,8 fw Controll.static OFJKHAFJIMA          0.0085 -> 0.0073
142933,6 fw Controll.static GIPNIMALPEG          0.8807 -> 0.4754
142937,2 fw player          HOJIIOCKKLO               1 -> -1
142951,9 fw player          LNIDBHIAJJI             254 -> 255
142951,9 fw player          ACAIGMNLLEC              83 -> 84
142951,9 fw player          HEADELMLILF               0 -> 1
142955,1 fw Controll.static GIPNIMALPEG          0.4754 -> 0.9045
142972,4 fw Controll.static MKFDGFOCKNO        142.6124 -> 142.6624
142972,4 fw Controll.static LEKCBKLAILO        142.6624 -> 142.7124
142972,4 fw Controll.static OFJKHAFJIMA          0.0073 -> 0.0065
142982,3 fw Controll.static GIPNIMALPEG          0.9045 -> 0.447
143002,0 fw player          IGBIBDAMMLE               1 -> 2
143002,0 fw player          BCHEAICMFGH        137.7762 -> 137.8795
143002,0 fw player          ACAIGMNLLEC              84 -> 85
143005,7 fw Controll.static GIPNIMALPEG           0.447 -> 0.9167
143024,7 fw Controll.static MKFDGFOCKNO        142.6624 -> 142.7124
143024,7 fw Controll.static LEKCBKLAILO        142.7124 -> 142.7624
143024,7 fw Controll.static OFJKHAFJIMA          0.0065 -> 0.0081
143033,8 fw Controll.static GIPNIMALPEG          0.9167 -> 0.4769
143059,0 fw Controll.static GIPNIMALPEG          0.4769 -> 0.9811
143074,2 fw player          HEADELMLILF               1 -> 0
143074,3 fw Controll.static MKFDGFOCKNO        142.7124 -> 142.7624
143074,3 fw Controll.static LEKCBKLAILO        142.7624 -> 142.8124
143074,3 fw Controll.static OFJKHAFJIMA          0.0081 -> 0.0103
143086,5 fw Controll.static GIPNIMALPEG          0.9811 -> 0.5319
143106,7 fw player          IGBIBDAMMLE               2 -> 3
143106,7 fw player          BCHEAICMFGH        137.8795 -> 137.9837
143106,8 fw Controll.static GIPNIMALPEG          0.5319 -> 0.9359
143121,6 fw Controll.static MKFDGFOCKNO        142.7624 -> 142.8124
143121,6 fw Controll.static LEKCBKLAILO        142.8124 -> 142.8624
143121,6 fw Controll.static OFJKHAFJIMA          0.0103 -> 0.0083
143133,6 fw Controll.static GIPNIMALPEG          0.9359 -> 0.472
143165,5 fw Controll.static GIPNIMALPEG           0.472 -> 0.111
143165,5 fw Controll.static LCMOBPPHLLM          0.2425 -> 0.485
143170,0 fw Controll.static MKFDGFOCKNO        142.8124 -> 142.8624
143170,0 fw Controll.static LEKCBKLAILO        142.8624 -> 142.9124
143182,5 fw Controll.static OFJKHAFJIMA          0.0083 -> 0.0054
143188,5 fw Controll.static GIPNIMALPEG           0.111 -> 0.5715
143216,0 fw player          FGFKPMPLNKO        137.9861 -> 138.4565
143216,1 fw Controll.static GIPNIMALPEG          0.5715 -> 0.1214
143235,1 fw Controll.static MKFDGFOCKNO        142.8624 -> 142.9124
143235,1 fw Controll.static LEKCBKLAILO        142.9124 -> 142.9624
143235,1 fw Controll.static OFJKHAFJIMA          0.0054 -> 0.0058
143238,0 fw Controll.static GIPNIMALPEG          0.1214 -> 0.5605
143265,0 fw Controll.static GIPNIMALPEG          0.5605 -> 0.1
143286,5 fw Controll.static MKFDGFOCKNO        142.9124 -> 142.9625
143286,5 fw Controll.static LEKCBKLAILO        142.9624 -> 143.0125
143286,5 fw Controll.static OFJKHAFJIMA          0.0058 -> 0.0048
143286,6 fw Controll        MJPKOOHJOPA         137.015 -> 138.3751
143292,0 fw Controll.static MNHBPCOOMLE          975372 -> 976735
143292,0 fw Controll.static GIPNIMALPEG             0.1 -> 0.6414
143292,0 fw Controll.static ANDBANJHOLD        135.9467 -> 138.1251
143292,1 fw Controll.static NAKNALFCOIF        119.8761 -> 118.6129
143301,0 fw Controll.static IGLCENGMMMJ          -1.163 -> 1.9271
143301,0 fw Controll.static GLGCAOADGMN               0 -> 1
143318,7 fw Controll.static GIPNIMALPEG          0.6414 -> 0.173
143323,1 fw Controll.static NAKNALFCOIF        118.6129 -> 118.4181
143323,1 fw Controll.static IGLCENGMMMJ          1.9271 -> 1.936
143334,8 fw player          BDHNEDFEHBA               0 -> 64
143334,8 fw Controll.static MKFDGFOCKNO        142.9625 -> 143.0125
143334,8 fw Controll.static LEKCBKLAILO        143.0125 -> 143.0625
143334,8 fw Controll.static OFJKHAFJIMA          0.0048 -> 0.0084
143340,6 fw Controll.static GIPNIMALPEG           0.173 -> 0.6109
143352,9 fw Controll.static NAKNALFCOIF        118.4181 -> 118.1752
143352,9 fw Controll.static IGLCENGMMMJ           1.936 -> 1.939
143368,7 fw player          LBKINNIDKEC               1 -> 0
143368,7 fw Controll.static GIPNIMALPEG          0.6109 -> 0.1733
143373,0 fw Controll.static NAKNALFCOIF        118.1752 -> 118.1661
143373,0 fw Controll.static IGLCENGMMMJ           1.939 -> 1.9414
143373,0 fw Controll.static EPEEFBDJAHO               1 -> 0
143384,5 fw player          HOJIIOCKKLO              -1 -> 1
143384,5 fw Controll.static MKFDGFOCKNO        143.0125 -> 143.0625
143384,5 fw Controll.static LEKCBKLAILO        143.0625 -> 143.1125
143391,6 fw Controll.static GIPNIMALPEG          0.1733 -> 0.6313
143401,1 fw Controll.static NAKNALFCOIF        118.1661 -> 117.6918
143401,1 fw Controll.static IGLCENGMMMJ          1.9414 -> 1.9426
143407,1 fw Controll.static GLGCAOADGMN               1 -> 0
143417,5 fw Controll.static GIPNIMALPEG          0.6313 -> 0.1489
143423,1 fw Controll.static NAKNALFCOIF        117.6918 -> 117.6855
143423,1 fw Controll.static IGLCENGMMMJ          1.9426 -> 1.9483
143435,0 fw Controll.static MKFDGFOCKNO        143.0625 -> 143.1125
143435,0 fw Controll.static LEKCBKLAILO        143.1125 -> 143.1625
143435,0 fw Controll.static OFJKHAFJIMA          0.0084 -> 0.0072
143440,2 fw Controll.static GIPNIMALPEG          0.1489 -> 0.6033
143452,2 fw Controll.static NAKNALFCOIF        117.6855 -> 116.9074
143452,3 fw Controll.static IGLCENGMMMJ          1.9483 -> 2.1065
143472,4 fw player          LNIDBHIAJJI             255 -> 1
143472,4 fw player          ACAIGMNLLEC              85 -> 84
143472,4 fw player          HEADELMLILF               0 -> 1
143477,1 fw Controll.static GIPNIMALPEG          0.6033 -> 0.3405
143477,2 fw Controll.static NAKNALFCOIF        116.9074 -> 117.1036
143477,2 fw Controll.static IGLCENGMMMJ          2.1065 -> 2.1265
143477,2 fw Controll.static EPEEFBDJAHO               0 -> 1
143489,0 fw player          LNIDBHIAJJI               1 -> 0
143489,1 fw player          HEADELMLILF               1 -> 0
143489,1 fw Controll.static MKFDGFOCKNO        143.1125 -> 143.1625
143489,1 fw Controll.static LEKCBKLAILO        143.1625 -> 143.2125
143495,7 fw Controll.static OFJKHAFJIMA          0.0072 -> 0.0121
143505,9 fw Controll.static GIPNIMALPEG          0.3405 -> 0.9167
143505,9 fw Controll.static NAKNALFCOIF        117.1036 -> 116.832
143505,9 fw Controll.static IGLCENGMMMJ          2.1265 -> 2.0012
143521,2 fw Controll.static MKFDGFOCKNO        143.1625 -> 143.2126
143521,2 fw Controll.static LEKCBKLAILO        143.2125 -> 143.2626
143521,2 fw Controll.static OFJKHAFJIMA          0.0121 -> 0.0015
143527,4 fw Controll.static MNHBPCOOMLE          976735 -> 976976
143527,4 fw Controll.static GIPNIMALPEG          0.9167 -> 0.3457
143527,4 fw Controll.static ANDBANJHOLD        138.1251 -> 138.3681
143527,4 fw Controll.static NAKNALFCOIF         116.832 -> 116.925
143527,4 fw Controll.static IGLCENGMMMJ          2.0012 -> 2.0273
143527,4 fw Controll        MJPKOOHJOPA        138.3751 -> 138.6181
143536,7 fw player          ACAIGMNLLEC              84 -> 83
143536,7 fw Controll.static GLGCAOADGMN               0 -> 1
143542,1 fw player          HEADELMLILF               0 -> 1
143553,1 fw Controll.static GIPNIMALPEG          0.3457 -> 0.8599
143553,1 fw Controll.static NAKNALFCOIF         116.925 -> 116.9505
143553,1 fw Controll.static IGLCENGMMMJ          2.0273 -> 2.0504
143569,8 fw Controll.static MKFDGFOCKNO        143.2126 -> 143.2626
143569,8 fw Controll.static LEKCBKLAILO        143.2626 -> 143.3126
143569,8 fw Controll.static OFJKHAFJIMA          0.0015 -> 0.0095
143574,9 fw Controll.static GIPNIMALPEG          0.8599 -> 0.2972
143575,0 fw Controll.static NAKNALFCOIF        116.9505 -> 116.5941
143575,0 fw Controll.static IGLCENGMMMJ          2.0504 -> 2.0762
143591,6 fw player          LNIDBHIAJJI               0 -> 1
143591,6 fw player          ACAIGMNLLEC              83 -> 82
143602,1 fw Controll.static GIPNIMALPEG          0.2972 -> 0.841
143602,1 fw Controll.static NAKNALFCOIF        116.5941 -> 116.3154
143606,6 fw Controll.static IGLCENGMMMJ          2.0762 -> 2.0995
143618,6 fw Controll.static MKFDGFOCKNO        143.2626 -> 143.3126
143618,6 fw Controll.static LEKCBKLAILO        143.3126 -> 143.3626
143618,6 fw Controll.static OFJKHAFJIMA          0.0095 -> 0.0082
143624,0 fw Controll.static GIPNIMALPEG           0.841 -> 0.277
143636,9 fw Controll.static NAKNALFCOIF        116.3154 -> 116.2006
143637,0 fw Controll.static IGLCENGMMMJ          2.0995 -> 2.1077
143646,1 fw player          GEDMGLAMGMD              14 -> 15
143646,1 fw player          CNHNFDDJMJO             112 -> 123
143657,3 fw player          ACAIGMNLLEC              82 -> 83
143657,3 fw Controll.static GIPNIMALPEG           0.277 -> 0.9448
143665,7 fw player          FGFKPMPLNKO        138.4565 -> 138.922
143665,8 fw Controll.static NAKNALFCOIF        116.2006 -> 93.255
143665,8 fw Controll.static IGLCENGMMMJ          2.1077 -> -1.7215
143665,8 fw Controll.static EPEEFBDJAHO               1 -> 0
143674,3 fw Controll.static GLGCAOADGMN               1 -> 0
143674,3 fw Controll.static MKFDGFOCKNO        143.3126 -> 143.3626
143674,3 fw Controll.static LEKCBKLAILO        143.3626 -> 143.4126
143674,3 fw Controll.static OFJKHAFJIMA          0.0082 -> 0.0054
143680,6 fw Controll.static GIPNIMALPEG          0.9448 -> 0.408
143690,2 fw Controll.static NAKNALFCOIF          93.255 -> 91.7366
143690,2 fw Controll.static IGLCENGMMMJ         -1.7215 -> -2.1202
143705,3 fw Controll.static GIPNIMALPEG           0.408 -> 0.9033
143715,0 fw Controll.static NAKNALFCOIF         91.7366 -> 92.1005
143715,0 fw Controll.static IGLCENGMMMJ         -2.1202 -> -2.7228
143719,4 fw player          LNIDBHIAJJI               1 -> 0
143719,4 fw player          ACAIGMNLLEC              83 -> 82
143719,4 fw Controll.static MKFDGFOCKNO        143.3626 -> 143.4126
143719,4 fw Controll.static LEKCBKLAILO        143.4126 -> 143.4626
143719,4 fw Controll.static OFJKHAFJIMA          0.0054 -> 0.0047
143731,7 fw Controll.static GIPNIMALPEG          0.9033 -> 0.4308
143736,0 fw Controll.static NAKNALFCOIF         92.1005 -> 91.7081
143736,0 fw Controll.static IGLCENGMMMJ         -2.7228 -> -3.7479
143753,9 fw Controll.static GIPNIMALPEG          0.4308 -> 0.8752
143766,0 fw player          HEADELMLILF               1 -> 0
143766,0 fw Controll.static NAKNALFCOIF         91.7081 -> 90.8417
143766,0 fw Controll.static IGLCENGMMMJ         -3.7479 -> -4.2292
143772,7 fw Controll.static GCHFDAPNBNB               0 -> 1
143772,7 fw Controll.static IPCNAHJLMAP               0 -> 1
143772,7 fw Controll.static MKFDGFOCKNO        143.4126 -> 143.4626
143772,7 fw Controll.static LEKCBKLAILO        143.4626 -> 143.5126
143772,7 fw Controll.static OFJKHAFJIMA          0.0047 -> 0.0056
143785,2 fw player          IGBIBDAMMLE               3 -> 4
143785,2 fw player          BCHEAICMFGH        137.9837 -> 138.6633
143785,2 fw Controll.static MNHBPCOOMLE          976976 -> 977233
143785,2 fw Controll        MJPKOOHJOPA        138.6181 -> 138.8747
143790,6 fw Controll.static GIPNIMALPEG          0.8752 -> 0.6109
143790,6 fw Controll.static ANDBANJHOLD        138.3681 -> 138.6247
143790,7 fw Controll.static NAKNALFCOIF         90.8417 -> 89.8597
143790,7 fw Controll.static IGLCENGMMMJ         -4.2292 -> -5.3351
143790,7 fw Controll.static DGNDKAKOEPD          976048 -> 977015
143790,7 fw Controll.static BEJBLGGGOCC       338555209 -> 338556204
143790,7 fw Controll.static JELGPAKAJPE             130 -> 101
143790,7 fw Controll.static EENJPDHGGGC        142.5015 -> 143.4687
143802,6 fw player          LNIDBHIAJJI               0 -> 254
143802,6 fw player          ACAIGMNLLEC              82 -> 66
143802,6 fw player          HEADELMLILF               0 -> 1
143802,7 fw Controll.static GLGCAOADGMN               0 -> 1
143819,9 fw Controll.static GIPNIMALPEG          0.6109 -> 0.1956
143819,9 fw Controll.static LCMOBPPHLLM           0.485 -> 0.2425
143819,9 fw Controll.static NAKNALFCOIF         89.8597 -> 88.5524
143819,9 fw Controll.static IGLCENGMMMJ         -5.3351 -> -5.907
143824,7 fw Controll.static GCHFDAPNBNB               1 -> 0
143824,8 fw Controll.static IPCNAHJLMAP               1 -> 0
143837,1 fw player          HOJIIOCKKLO               1 -> -1
143837,1 fw Controll.static MKFDGFOCKNO        143.4626 -> 143.5126
143837,1 fw Controll.static LEKCBKLAILO        143.5126 -> 143.5626
143837,1 fw Controll.static OFJKHAFJIMA          0.0056 -> 0.0096
143842,1 fw player          LNIDBHIAJJI             254 -> 253
143842,1 fw player          ACAIGMNLLEC              66 -> 65
143842,1 fw Controll.static GIPNIMALPEG          0.1956 -> 0.639
143842,1 fw Controll.static NAKNALFCOIF         88.5524 -> 89.633
143842,1 fw Controll.static IGLCENGMMMJ          -5.907 -> -4.609
143873,3 fw Controll.static GIPNIMALPEG           0.639 -> 0.263
143873,4 fw Controll.static NAKNALFCOIF          89.633 -> 89.5512
143873,4 fw Controll.static IGLCENGMMMJ          -4.609 -> -3.4857
143891,0 fw Controll.static MKFDGFOCKNO        143.5126 -> 143.5626
143891,0 fw Controll.static LEKCBKLAILO        143.5626 -> 143.6126
143891,0 fw Controll.static OFJKHAFJIMA          0.0096 -> 0.0128
143898,2 fw player          HIDMDLLHEKO               1 -> 4
143898,2 fw player          IGBIBDAMMLE               4 -> 0
143898,2 fw player          BCHEAICMFGH        138.6633 -> 138.7712
143898,2 fw player          BDHNEDFEHBA              64 -> 0
143898,2 fw player          LNIDBHIAJJI             253 -> 252
143898,2 fw player          ACAIGMNLLEC              65 -> 64
143898,2 fw Controll.static GIPNIMALPEG           0.263 -> 0.7614
143898,2 fw Controll.static NAKNALFCOIF         89.5512 -> 88.6121
143898,2 fw Controll.static IGLCENGMMMJ         -3.4857 -> -2.3314
143908,5 fw Controll.static GLGCAOADGMN               1 -> 0
143915,1 fw Controll.static MKFDGFOCKNO        143.5626 -> 143.6127
143915,1 fw Controll.static LEKCBKLAILO        143.6126 -> 143.6627
143915,1 fw Controll.static OFJKHAFJIMA          0.0128 -> 0.0048
143924,3 fw Controll.static GIPNIMALPEG          0.7614 -> 0.2813
143924,3 fw Controll.static NAKNALFCOIF         88.6121 -> 84.8621
143940,4 fw player          LNIDBHIAJJI             252 -> 251
143940,4 fw player          ACAIGMNLLEC              64 -> 62
143949,7 fw player          HIDMDLLHEKO               4 -> 1
143949,7 fw Controll.static GIPNIMALPEG          0.2813 -> 0.7916
143955,8 fw Controll.static NAKNALFCOIF         84.8621 -> 82.0121
143966,4 fw Controll.static MKFDGFOCKNO        143.6127 -> 143.6627
143966,4 fw Controll.static LEKCBKLAILO        143.6627 -> 143.7127
143966,4 fw Controll.static OFJKHAFJIMA          0.0048 -> 0.006
143973,1 fw Controll.static GIPNIMALPEG          0.7916 -> 0.2575
143982,6 fw Controll.static NAKNALFCOIF         82.0121 -> 81.5621
143989,1 fw player          IGBIBDAMMLE               0 -> 1
143989,1 fw player          BCHEAICMFGH        138.7712 -> 138.8755
143989,1 fw player          LNIDBHIAJJI             251 -> 252
143989,1 fw player          ACAIGMNLLEC              62 -> 63
143998,6 fw Controll.static GIPNIMALPEG          0.2575 -> 0.7681
144015,7 fw Controll.static MKFDGFOCKNO        143.6627 -> 143.7127
144015,7 fw Controll.static LEKCBKLAILO        143.7127 -> 143.7627
144015,7 fw Controll.static OFJKHAFJIMA           0.006 -> 0.0053
144020,4 fw Controll.static GIPNIMALPEG          0.7681 -> 0.205
144032,4 fw Controll.static JEOINCHFPCC               1 -> 0
144049,8 fw player          LNIDBHIAJJI             252 -> 253
144049,8 fw player          ACAIGMNLLEC              63 -> 61
144049,9 fw Controll.static GIPNIMALPEG           0.205 -> 0.7931
144054,5 fw Controll.static NAKNALFCOIF         81.5621 -> 81.2621
144065,7 fw Controll.static MKFDGFOCKNO        143.7127 -> 143.7627
144065,7 fw Controll.static LEKCBKLAILO        143.7627 -> 143.8127
144072,1 fw Controll.static GIPNIMALPEG          0.7931 -> 0.2383
144097,8 fw player          IGBIBDAMMLE               1 -> 2
144097,8 fw player          BCHEAICMFGH        138.8755 -> 138.9806
144103,8 fw player          ACAIGMNLLEC              61 -> 58
144103,8 fw Controll.static GIPNIMALPEG          0.2383 -> 0.8718
144114,7 fw Controll.static MKFDGFOCKNO        143.7627 -> 143.8127
144114,7 fw Controll.static LEKCBKLAILO        143.8127 -> 143.8627
144118,7 fw Controll.static OFJKHAFJIMA          0.0053 -> 0.0043
144130,8 fw Controll.static GIPNIMALPEG          0.8718 -> 0.4125
144136,5 fw player          LNIDBHIAJJI             253 -> 254
144136,5 fw player          ACAIGMNLLEC              58 -> 57
144153,1 fw player          HIDMDLLHEKO               1 -> 0
144153,1 fw Controll.static GIPNIMALPEG          0.4125 -> 0.8572
144169,8 fw Controll.static MKFDGFOCKNO        143.8127 -> 143.8627
144169,8 fw Controll.static LEKCBKLAILO        143.8627 -> 143.9127
144169,8 fw Controll.static OFJKHAFJIMA          0.0043 -> 0.0032
144179,6 fw Controll.static GIPNIMALPEG          0.8572 -> 0.3869
144202,9 fw player          IGBIBDAMMLE               2 -> 3
144202,9 fw player          BCHEAICMFGH        138.9806 -> 139.1889
144202,9 fw Controll.static GIPNIMALPEG          0.3869 -> 0.8523
144216,1 fw player          HEADELMLILF               1 -> 0
144216,2 fw Controll.static JEOINCHFPCC               0 -> -1
144220,5 fw Controll.static MKFDGFOCKNO        143.8627 -> 143.9127
144220,5 fw Controll.static LEKCBKLAILO        143.9127 -> 143.9627
144220,5 fw Controll.static OFJKHAFJIMA          0.0032 -> 0.0058
144233,2 fw Controll.static GIPNIMALPEG          0.8523 -> 0.4595
144254,2 fw Controll.static GIPNIMALPEG          0.4595 -> 0.8792
144272,8 fw Controll.static MKFDGFOCKNO        143.9127 -> 143.9628
144272,8 fw Controll.static LEKCBKLAILO        143.9627 -> 144.0128
144272,8 fw Controll.static OFJKHAFJIMA          0.0058 -> 0.0056
144281,9 fw Controll.static GIPNIMALPEG          0.8792 -> 0.433
144304,8 fw Controll.static GIPNIMALPEG           0.433 -> 0.8907
144314,5 fw Controll.static NAKNALFCOIF         81.2621 -> 81.4121
144319,0 fw Controll.static MKFDGFOCKNO        143.9628 -> 144.0128
144319,0 fw Controll.static LEKCBKLAILO        144.0128 -> 144.0628
144319,0 fw Controll.static OFJKHAFJIMA          0.0056 -> 0.004
144331,8 fw Controll.static GIPNIMALPEG          0.8907 -> 0.4299
144335,9 fw Controll.static NAKNALFCOIF         81.4121 -> 81.8621
144335,9 fw Controll.static IGLCENGMMMJ         -2.3314 -> -2.4814
144354,0 fw Controll.static GIPNIMALPEG          0.4299 -> 0.8749
144364,9 fw Controll.static NAKNALFCOIF         81.8621 -> 82.4621
144371,2 fw player          FGFKPMPLNKO         138.922 -> 139.8701
144371,2 fw Controll.static MKFDGFOCKNO        144.0128 -> 144.0628
144371,2 fw Controll.static LEKCBKLAILO        144.0628 -> 144.1128
144371,2 fw Controll.static OFJKHAFJIMA           0.004 -> 0.0044
144381,7 fw Controll.static GIPNIMALPEG          0.8749 -> 0.4272
144387,3 fw player          HIDMDLLHEKO               0 -> 1
144387,3 fw Controll.static NAKNALFCOIF         82.4621 -> 82.9121
144416,8 fw player          IGBIBDAMMLE               3 -> 4
144416,8 fw player          BCHEAICMFGH        139.1889 -> 139.2906
144416,8 fw Controll.static GIPNIMALPEG          0.4272 -> 0.1296
144416,8 fw Controll.static NAKNALFCOIF         82.9121 -> 83.2121
144422,3 fw Controll.static MKFDGFOCKNO        144.0628 -> 144.1128
144422,3 fw Controll.static LEKCBKLAILO        144.1128 -> 144.1628
144433,8 fw Controll.static OFJKHAFJIMA          0.0044 -> 0.0063
144438,3 fw Controll.static GIPNIMALPEG          0.1296 -> 0.5609
144438,4 fw Controll.static NAKNALFCOIF         83.2121 -> 83.6621
144469,1 fw Controll.static GIPNIMALPEG          0.5609 -> 0.1748
144469,1 fw Controll.static NAKNALFCOIF         83.6621 -> 84.8621
144485,5 fw Controll.static MKFDGFOCKNO        144.1128 -> 144.1628
144485,6 fw Controll.static LEKCBKLAILO        144.1628 -> 144.2128
144485,6 fw Controll.static OFJKHAFJIMA          0.0063 -> 0.0085
144493,3 fw Controll.static GIPNIMALPEG          0.1748 -> 0.6585
144493,3 fw Controll.static NAKNALFCOIF         84.8621 -> 87.1121
144493,3 fw Controll.static IGLCENGMMMJ         -2.4814 -> -2.1814
144508,5 fw player          IGBIBDAMMLE               4 -> 0
144508,5 fw player          BCHEAICMFGH        139.2906 -> 139.3938
144520,1 fw Controll.static GIPNIMALPEG          0.6585 -> 0.1956
144520,1 fw Controll.static NAKNALFCOIF         87.1121 -> 89.5121
144520,1 fw Controll.static IGLCENGMMMJ         -2.1814 -> -1.8814
144520,1 fw Controll.static EPEEFBDJAHO               0 -> 1
144537,6 fw Controll.static MKFDGFOCKNO        144.1628 -> 144.2128
144537,6 fw Controll.static LEKCBKLAILO        144.2128 -> 144.2628
144537,6 fw Controll.static OFJKHAFJIMA          0.0085 -> 0.0096
144542,7 fw Controll.static GIPNIMALPEG          0.1956 -> 0.6463
144542,7 fw Controll.static NAKNALFCOIF         89.5121 -> 91.9121
144553,2 fw Controll.static IGLCENGMMMJ         -1.8814 -> -1.5814
144570,9 fw Controll.static GIPNIMALPEG          0.6463 -> 0.2102
144573,8 fw Controll.static NAKNALFCOIF         91.9121 -> 94.4621
144573,8 fw Controll.static IGLCENGMMMJ         -1.5814 -> -1.4314
144585,8 fw Controll.static MKFDGFOCKNO        144.2128 -> 144.2628
144585,8 fw Controll.static LEKCBKLAILO        144.2628 -> 144.3129
144585,8 fw Controll.static OFJKHAFJIMA          0.0096 -> 0.0103
144592,2 fw Controll.static GIPNIMALPEG          0.2102 -> 0.6353
144602,7 fw Controll.static NAKNALFCOIF         94.4621 -> 97.6121
144602,7 fw Controll.static IGLCENGMMMJ         -1.4314 -> -1.1314
144619,4 fw player          HOJIIOCKKLO              -1 -> 1
144619,4 fw player          IGBIBDAMMLE               0 -> 1
144619,4 fw player          BCHEAICMFGH        139.3938 -> 139.4995
144619,4 fw player          ACAIGMNLLEC              57 -> 58
144619,4 fw Controll.static GIPNIMALPEG          0.6353 -> 0.1809
144623,3 fw player          HEADELMLILF               0 -> 1
144623,4 fw Controll.static NAKNALFCOIF         97.6121 -> 99.4121
144635,0 fw Controll.static MKFDGFOCKNO        144.2628 -> 144.3129
144635,0 fw Controll.static LEKCBKLAILO        144.3129 -> 144.3629
144635,0 fw Controll.static OFJKHAFJIMA          0.0103 -> 0.0089
144639,4 fw player          ACAIGMNLLEC              58 -> 59
144639,5 fw Controll.static GIPNIMALPEG          0.1809 -> 0.5816
144650,3 fw Controll.static NAKNALFCOIF         99.4121 -> 102.4121
144665,1 fw Controll.static GIPNIMALPEG          0.5816 -> 0.0945
144670,9 fw Controll.static NAKNALFCOIF        102.4121 -> 103.4621
144670,9 fw Controll.static IGLCENGMMMJ         -1.1314 -> -0.8314
144681,0 fw Controll.static MKFDGFOCKNO        144.3129 -> 144.3629
144681,0 fw Controll.static LEKCBKLAILO        144.3629 -> 144.4129
144681,0 fw Controll.static OFJKHAFJIMA          0.0089 -> 0.0046
144685,9 fw player          ACAIGMNLLEC              59 -> 60
144686,0 fw Controll.static GIPNIMALPEG          0.0945 -> 0.5117
144698,6 fw Controll.static NAKNALFCOIF        103.4621 -> 105.5621
144698,6 fw Controll.static IGLCENGMMMJ         -0.8314 -> -0.2314
144714,8 fw player          ACAIGMNLLEC              60 -> 63
144719,6 fw Controll.static GIPNIMALPEG          0.5117 -> 0.184
144719,6 fw Controll.static LCMOBPPHLLM          0.2425 -> 0.485
144719,6 fw Controll.static NAKNALFCOIF        105.5621 -> 106.6121
144719,6 fw Controll.static IGLCENGMMMJ         -0.2314 -> 0.0686
144731,1 fw Controll.static MKFDGFOCKNO        144.3629 -> 144.4129
144731,1 fw Controll.static LEKCBKLAILO        144.4129 -> 144.4629
144734,5 fw Controll.static OFJKHAFJIMA          0.0046 -> 0.0043
144746,7 fw player          ACAIGMNLLEC              63 -> 67
144746,7 fw Controll.static GIPNIMALPEG           0.184 -> 0.7269
144746,7 fw Controll.static NAKNALFCOIF        106.6121 -> 107.8121
144746,7 fw Controll.static IGLCENGMMMJ          0.0686 -> 0.3686
144763,2 fw Controll.static MKFDGFOCKNO        144.4129 -> 144.4629
144763,2 fw Controll.static LEKCBKLAILO        144.4629 -> 144.5129
144763,2 fw Controll.static OFJKHAFJIMA          0.0043 -> 0.0026
144769,5 fw Controll.static GIPNIMALPEG          0.7269 -> 0.1824
144769,5 fw Controll.static NAKNALFCOIF        107.8121 -> 107.9621
144779,1 fw player          LNIDBHIAJJI             254 -> 255
144779,1 fw player          ACAIGMNLLEC              67 -> 70
144795,7 fw Controll.static GIPNIMALPEG          0.1824 -> 0.7058
144795,7 fw Controll.static NAKNALFCOIF        107.9621 -> 108.2621
144800,3 fw Controll.static DGNDKAKOEPD          977015 -> 978044
144800,3 fw Controll.static BEJBLGGGOCC       338556204 -> 338557218
144800,3 fw Controll.static JELGPAKAJPE             101 -> 131
144800,3 fw Controll.static EENJPDHGGGC        143.4687 -> 144.4983
144811,4 fw Controll.static MKFDGFOCKNO        144.4629 -> 144.5129
144811,4 fw Controll.static LEKCBKLAILO        144.5129 -> 144.5629
144811,4 fw Controll.static OFJKHAFJIMA          0.0026 -> 0.0008
144815,9 fw player          BDHNEDFEHBA               0 -> 64
144815,9 fw player          ACAIGMNLLEC              70 -> 73
144815,9 fw Controll.static GIPNIMALPEG          0.7058 -> 0.1095
144832,1 fw player          LNIDBHIAJJI             255 -> 0
144832,1 fw player          ACAIGMNLLEC              73 -> 75
144843,4 fw Controll.static GIPNIMALPEG          0.1095 -> 0.6585
144863,1 fw Controll.static GIPNIMALPEG          0.6585 -> 0.0527
144878,4 fw Controll.static MKFDGFOCKNO        144.5129 -> 144.5629
144878,4 fw Controll.static LEKCBKLAILO        144.5629 -> 144.6129
144878,4 fw Controll.static OFJKHAFJIMA          0.0008 -> 0.0025
144885,1 fw Controll.static GIPNIMALPEG          0.0527 -> 0.4928
144898,4 fw player          ACAIGMNLLEC              75 -> 76
144911,4 fw Controll.static GIPNIMALPEG          0.4928 -> 0.0182
144927,5 fw Controll.static MKFDGFOCKNO        144.5629 -> 144.6129
144927,5 fw Controll.static LEKCBKLAILO        144.6129 -> 144.6629
144927,5 fw Controll.static OFJKHAFJIMA          0.0025 -> 0.0007
144932,0 fw player          HEADELMLILF               1 -> 0
144932,1 fw Controll.static GIPNIMALPEG          0.0182 -> 0.4318
144943,5 fw Controll.static NAKNALFCOIF        108.2621 -> 108.4121
144956,2 fw player          JHGGICCFNFJ               0 -> 1
144956,2 fw player          CNHNFDDJMJO             123 -> 125
144965,7 fw Controll.static GIPNIMALPEG          0.4318 -> 0.1043
144979,0 fw Controll.static MKFDGFOCKNO        144.6129 -> 144.6629
144979,0 fw Controll.static LEKCBKLAILO        144.6629 -> 144.713
144979,1 fw Controll.static OFJKHAFJIMA          0.0007 -> 0.005
144988,1 fw Controll.static GIPNIMALPEG          0.1043 -> 0.5529
145016,7 fw Controll.static GIPNIMALPEG          0.5529 -> 0.1248
145016,7 fw Controll.static NAKNALFCOIF        108.4121 -> 108.7121
145028,6 fw Controll.static MKFDGFOCKNO        144.6629 -> 144.713
145028,6 fw Controll.static LEKCBKLAILO         144.713 -> 144.763
145032,4 fw Controll.static OFJKHAFJIMA           0.005 -> 0.0024
145045,5 fw Controll.static GIPNIMALPEG          0.1248 -> 0.7006
145045,5 fw Controll.static NAKNALFCOIF        108.7121 -> 109.0121
145060,8 fw Controll.static MKFDGFOCKNO         144.713 -> 144.763
145060,8 fw Controll.static LEKCBKLAILO         144.763 -> 144.813
145060,8 fw Controll.static OFJKHAFJIMA          0.0024 -> 0.0002
145064,7 fw Controll.static GIPNIMALPEG          0.7006 -> 0.0845
145064,7 fw Controll.static NAKNALFCOIF        109.0121 -> 109.3121
145064,7 fw Controll.static JEOINCHFPCC              -1 -> 0
145079,3 fw player          HOJIIOCKKLO               1 -> -1
145093,8 fw player          FGFKPMPLNKO        139.8701 -> 140.3401
145093,9 fw Controll.static GIPNIMALPEG          0.0845 -> 0.668
145093,9 fw Controll.static NAKNALFCOIF        109.3121 -> 109.7621
145097,5 fw player          ACAIGMNLLEC              76 -> 77
145097,5 fw player          HEADELMLILF               0 -> 1
145113,8 fw Controll.static GIPNIMALPEG           0.668 -> 0.0662
145126,2 fw Controll.static JEOINCHFPCC               0 -> 1
145131,6 fw Controll.static MKFDGFOCKNO         144.763 -> 144.813
145131,6 fw Controll.static LEKCBKLAILO         144.813 -> 144.863
145131,6 fw Controll.static OFJKHAFJIMA          0.0002 -> 0.0031
145142,5 fw player          HEADELMLILF               1 -> 0
145142,5 fw Controll.static GIPNIMALPEG          0.0662 -> 0.6414
145163,6 fw Controll.static GIPNIMALPEG          0.6414 -> 0.0613
145176,8 fw Controll.static GCHFDAPNBNB               0 -> 1
145180,3 fw Controll.static IPCNAHJLMAP               0 -> 1
145180,3 fw Controll.static MKFDGFOCKNO         144.813 -> 144.863
145180,3 fw Controll.static LEKCBKLAILO         144.863 -> 144.913
145180,3 fw Controll.static OFJKHAFJIMA          0.0031 -> 0.0029
145193,2 fw player          IGBIBDAMMLE               1 -> 2
145193,2 fw player          BCHEAICMFGH        139.4995 -> 140.0686
145193,3 fw Controll.static GIPNIMALPEG          0.0613 -> 0.6558
145213,7 fw Controll.static GIPNIMALPEG          0.6558 -> 0.064
145213,7 fw Controll.static LCMOBPPHLLM           0.485 -> 0.2425
145226,8 fw Controll.static NAKNALFCOIF        109.7621 -> 109.9121
145226,8 fw Controll.static IGLCENGMMMJ          0.3686 -> 0.5186
145226,8 fw Controll.static GCHFDAPNBNB               1 -> 0
145231,3 fw Controll.static IPCNAHJLMAP               1 -> 0
145231,3 fw Controll.static MKFDGFOCKNO         144.863 -> 144.913
145231,3 fw Controll.static LEKCBKLAILO         144.913 -> 144.963
145242,7 fw Controll.static GIPNIMALPEG           0.064 -> 0.6445
145248,6 fw player          ACAIGMNLLEC              77 -> 78
145248,6 fw player          HEADELMLILF               0 -> 1
145248,6 fw Controll.static NAKNALFCOIF        109.9121 -> 109.7621
145248,6 fw Controll.static IGLCENGMMMJ          0.5186 -> 0.8186
145263,9 fw Controll.static GIPNIMALPEG          0.6445 -> 0.0683
145276,4 fw player          HIDMDLLHEKO               1 -> 4
145276,4 fw Controll.static NAKNALFCOIF        109.7621 -> 109.1621
145276,4 fw Controll.static IGLCENGMMMJ          0.8186 -> 1.1186
145281,8 fw player          BDHNEDFEHBA              64 -> 0
145281,8 fw player          HEADELMLILF               1 -> 0
145281,8 fw Controll.static MKFDGFOCKNO         144.913 -> 144.963
145281,8 fw Controll.static LEKCBKLAILO         144.963 -> 145.013
145281,8 fw Controll.static OFJKHAFJIMA          0.0029 -> 0.0033
145294,3 fw Controll.static GIPNIMALPEG          0.0683 -> 0.6762
145297,8 fw player          IGBIBDAMMLE               2 -> 3
145297,8 fw player          BCHEAICMFGH        140.0686 -> 140.1737
145297,9 fw Controll.static NAKNALFCOIF        109.1621 -> 107.6621
145297,9 fw Controll.static IGLCENGMMMJ          1.1186 -> 1.4186
145311,3 fw Controll.static MKFDGFOCKNO         144.963 -> 145.013
145311,3 fw Controll.static LEKCBKLAILO         145.013 -> 145.063
145311,3 fw Controll.static OFJKHAFJIMA          0.0033 -> 0.0005
145327,1 fw Controll.static GIPNIMALPEG          0.6762 -> 0.332
145327,1 fw Controll.static NAKNALFCOIF        107.6621 -> 104.0621
145327,1 fw Controll.static IGLCENGMMMJ          1.4186 -> 2.0186
145350,0 fw Controll.static GIPNIMALPEG           0.332 -> 0.7897
145350,0 fw Controll.static NAKNALFCOIF        104.0621 -> 98.3621
145350,0 fw Controll.static IGLCENGMMMJ          2.0186 -> 2.4686
145365,5 fw Controll.static MKFDGFOCKNO         145.013 -> 145.063
145365,5 fw Controll.static LEKCBKLAILO         145.063 -> 145.113
145365,5 fw Controll.static OFJKHAFJIMA          0.0005 -> 0.0048
145374,0 fw player          HIDMDLLHEKO               4 -> 1
145374,0 fw Controll.static GIPNIMALPEG          0.7897 -> 0.27
145374,0 fw Controll.static NAKNALFCOIF         98.3621 -> 91.7621
145390,1 fw player          IGBIBDAMMLE               3 -> 4
145390,1 fw player          BCHEAICMFGH        140.1737 -> 140.2737
145396,5 fw Controll.static GIPNIMALPEG            0.27 -> 0.7192
145396,5 fw Controll.static NAKNALFCOIF         91.7621 -> 84.8621
145413,7 fw Controll.static MKFDGFOCKNO         145.063 -> 145.113
145413,7 fw Controll.static LEKCBKLAILO         145.113 -> 145.163
145413,7 fw Controll.static OFJKHAFJIMA          0.0048 -> 0.003
145420,4 fw Controll.static GIPNIMALPEG          0.7192 -> 0.1977
145420,5 fw Controll.static NAKNALFCOIF         84.8621 -> 77.9621
145420,5 fw Controll.static IGLCENGMMMJ          2.4686 -> 2.1686
145446,8 fw Controll.static GIPNIMALPEG          0.1977 -> 0.7256
145446,8 fw Controll.static NAKNALFCOIF         77.9621 -> 71.6621
145453,2 fw Controll.static IGLCENGMMMJ          2.1686 -> 0.6686
145462,8 fw Controll.static MKFDGFOCKNO         145.113 -> 145.163
145462,8 fw Controll.static LEKCBKLAILO         145.163 -> 145.213
145462,8 fw Controll.static OFJKHAFJIMA           0.003 -> 0.0021
145470,0 fw Controll.static GIPNIMALPEG          0.7256 -> 0.1882
145477,2 fw player          LNIDBHIAJJI               0 -> 1
145477,2 fw player          ACAIGMNLLEC              78 -> 75
145477,2 fw Controll.static NAKNALFCOIF         71.6621 -> 65.2122
145477,2 fw Controll.static IGLCENGMMMJ          0.6686 -> -0.2314
145485,5 fw player          HEADELMLILF               0 -> 1
145494,4 fw player          IGBIBDAMMLE               4 -> 0
145494,4 fw player          BCHEAICMFGH        140.2737 -> 140.3783
145494,5 fw Controll.static GIPNIMALPEG          0.1882 -> 0.678
145501,2 fw Controll.static NAKNALFCOIF         65.2122 -> 62.3621
145501,2 fw Controll.static IGLCENGMMMJ         -0.2314 -> -0.6814
145512,9 fw Controll.static MKFDGFOCKNO         145.163 -> 145.213
145512,9 fw Controll.static LEKCBKLAILO         145.213 -> 145.263
145517,3 fw Controll.static GIPNIMALPEG           0.678 -> 0.1357
145531,1 fw Controll.static NAKNALFCOIF         62.3621 -> 61.0121
145534,4 fw player          ACAIGMNLLEC              75 -> 66
145547,7 fw Controll.static GIPNIMALPEG          0.1357 -> 0.7437
145554,1 fw player          ACAIGMNLLEC              66 -> 57
145554,1 fw Controll.static NAKNALFCOIF         61.0121 -> 60.4121
145554,1 fw Controll.static IGLCENGMMMJ         -0.6814 -> -0.9814
145562,9 fw player          FGFKPMPLNKO        140.3401 -> 141.0534
145562,9 fw Controll.static MKFDGFOCKNO         145.213 -> 145.263
145563,0 fw Controll.static LEKCBKLAILO         145.263 -> 145.313
145563,0 fw Controll.static OFJKHAFJIMA          0.0021 -> 0.0022
145569,8 fw Controll.static GIPNIMALPEG          0.7437 -> 0.184
145578,3 fw player          ACAIGMNLLEC              57 -> 48
145594,3 fw player          LNIDBHIAJJI               1 -> 0
145594,3 fw Controll.static GIPNIMALPEG           0.184 -> 0.675
145601,1 fw player          IGBIBDAMMLE               0 -> 1
145601,1 fw player          BCHEAICMFGH        140.3783 -> 140.4792
145626,2 fw Controll.static GIPNIMALPEG           0.675 -> 0.3134
145634,2 fw Controll.static MKFDGFOCKNO         145.263 -> 145.313
145634,2 fw Controll.static LEKCBKLAILO         145.313 -> 145.3631
145642,2 fw player          LNIDBHIAJJI               0 -> 255
145642,2 fw player          ACAIGMNLLEC              48 -> 44
145642,2 fw Controll.static OFJKHAFJIMA          0.0022 -> 0.0068
145651,7 fw Controll.static GIPNIMALPEG          0.3134 -> 0.8236
145668,5 fw Controll.static MKFDGFOCKNO         145.313 -> 145.3631
145668,5 fw Controll.static LEKCBKLAILO        145.3631 -> 145.4131
145668,5 fw Controll.static OFJKHAFJIMA          0.0068 -> 0.0077
145676,3 fw Controll.static GIPNIMALPEG          0.8236 -> 0.3146
145699,3 fw player          ACAIGMNLLEC              44 -> 42
145699,3 fw Controll.static GIPNIMALPEG          0.3146 -> 0.7757
145715,6 fw player          HOJIIOCKKLO              -1 -> 1
145715,6 fw player          IGBIBDAMMLE               1 -> 2
145715,6 fw player          BCHEAICMFGH        140.4792 -> 140.5859
145715,6 fw Controll.static MKFDGFOCKNO        145.3631 -> 145.4131
145715,6 fw Controll.static LEKCBKLAILO        145.4131 -> 145.4631
145715,6 fw Controll.static OFJKHAFJIMA          0.0077 -> 0.0003
145726,7 fw Controll.static GIPNIMALPEG          0.7757 -> 0.3231
145742,4 fw player          HEADELMLILF               1 -> 0
145751,8 fw Controll.static GIPNIMALPEG          0.3231 -> 0.8245
145766,7 fw Controll.static MKFDGFOCKNO        145.4131 -> 145.4631
145766,7 fw Controll.static LEKCBKLAILO        145.4631 -> 145.5131
145766,7 fw Controll.static OFJKHAFJIMA          0.0003 -> 0.006
145778,7 fw Controll.static GIPNIMALPEG          0.8245 -> 0.3619
145784,6 fw Controll.static DGNDKAKOEPD          978044 -> 979016
145784,6 fw Controll.static BEJBLGGGOCC       338557218 -> 338558215
145784,6 fw Controll.static JELGPAKAJPE             131 -> 99
145784,6 fw Controll.static EENJPDHGGGC        144.4983 -> 145.4694
145802,2 fw Controll.static GIPNIMALPEG          0.3619 -> 0.8325
145814,0 fw player          IGBIBDAMMLE               2 -> 3
145814,0 fw player          BCHEAICMFGH        140.5859 -> 140.6876
145814,0 fw Controll.static GCHFDAPNBNB               0 -> 1
145819,1 fw Controll.static IPCNAHJLMAP               0 -> 1
145819,1 fw Controll.static MKFDGFOCKNO        145.4631 -> 145.5131
145819,1 fw Controll.static LEKCBKLAILO        145.5131 -> 145.5631
145819,1 fw Controll.static OFJKHAFJIMA           0.006 -> 0.0032
145833,1 fw Controll.static GIPNIMALPEG          0.8325 -> 0.4492
145833,1 fw Controll.static LCMOBPPHLLM          0.2425 -> 0.485
145857,8 fw Controll.static GIPNIMALPEG          0.4492 -> 0.9438
145866,1 fw Controll.static JEOINCHFPCC               1 -> 0
145866,2 fw Controll.static GCHFDAPNBNB               1 -> 0
145876,1 fw Controll.static IPCNAHJLMAP               1 -> 0
145876,1 fw Controll.static MKFDGFOCKNO        145.5131 -> 145.5631
145876,1 fw Controll.static LEKCBKLAILO        145.5631 -> 145.6131
145876,1 fw Controll.static OFJKHAFJIMA          0.0032 -> 0.0053
145884,1 fw Controll.static GIPNIMALPEG          0.9438 -> 0.4696
145893,3 fw player          BDHNEDFEHBA               0 -> 64
145893,3 fw Controll.static LCMOBPPHLLM           0.485 -> 0.2425
145893,3 fw Controll.static NAKNALFCOIF         60.4121 -> 60.1121
145910,9 fw player          IGBIBDAMMLE               3 -> 4
145910,9 fw player          BCHEAICMFGH        140.6876 -> 140.7926
145910,9 fw Controll.static GIPNIMALPEG          0.4696 -> 0.006
145916,0 fw Controll.static NAKNALFCOIF         60.1121 -> 59.9621
145927,7 fw Controll.static MKFDGFOCKNO        145.5631 -> 145.6131
145927,7 fw Controll.static LEKCBKLAILO        145.6131 -> 145.6631
145927,7 fw Controll.static OFJKHAFJIMA          0.0053 -> 0.0001
145944,4 fw player          HIDMDLLHEKO               1 -> 4
145944,4 fw Controll.static GIPNIMALPEG           0.006 -> 0.6762
145944,4 fw Controll.static NAKNALFCOIF         59.9621 -> 59.5121
145951,8 fw player          BDHNEDFEHBA              64 -> 0
145962,8 fw Controll.static OFJKHAFJIMA          0.0001 -> 0.002
145969,1 fw Controll.static GIPNIMALPEG          0.6762 -> 0.1693
145969,1 fw Controll.static LCMOBPPHLLM          0.2425 -> 0.485
145969,1 fw Controll.static NAKNALFCOIF         59.5121 -> 59.2121
145992,0 fw Controll.static MKFDGFOCKNO        145.6131 -> 145.6631
145992,0 fw Controll.static LEKCBKLAILO        145.6631 -> 145.7131
145996,9 fw Controll.static GIPNIMALPEG          0.1693 -> 0.726
145996,9 fw Controll.static NAKNALFCOIF         59.2121 -> 58.7621
145996,9 fw Controll.static IGLCENGMMMJ         -0.9814 -> -0.5314
146008,5 fw player          HIDMDLLHEKO               4 -> 1
146015,1 fw Controll.static MKFDGFOCKNO        145.6631 -> 145.7132
146015,1 fw Controll.static LEKCBKLAILO        145.7131 -> 145.7632
146015,1 fw Controll.static OFJKHAFJIMA           0.002 -> 0.0042
146026,2 fw Controll.static GIPNIMALPEG           0.726 -> 0.3118
146026,3 fw Controll.static NAKNALFCOIF         58.7621 -> 58.1621
146026,3 fw Controll.static IGLCENGMMMJ         -0.5314 -> -0.0814
146049,5 fw player          BDHNEDFEHBA               0 -> 64
146049,5 fw Controll.static GIPNIMALPEG          0.3118 -> 0.7763
146049,5 fw Controll.static NAKNALFCOIF         58.1621 -> 58.0121
146065,5 fw Controll.static MKFDGFOCKNO        145.7132 -> 145.7632
146065,5 fw Controll.static LEKCBKLAILO        145.7632 -> 145.8132
146065,5 fw Controll.static OFJKHAFJIMA          0.0042 -> 0.0046
146076,5 fw Controll.static GIPNIMALPEG          0.7763 -> 0.3161
146076,5 fw Controll.static NAKNALFCOIF         58.0121 -> 57.7121
146082,6 fw Controll.static IGLCENGMMMJ         -0.0814 -> 0.0686
146100,1 fw Controll.static GIPNIMALPEG          0.3161 -> 0.7885
146116,4 fw Controll.static MKFDGFOCKNO        145.7632 -> 145.8132
146116,4 fw Controll.static LEKCBKLAILO        145.8132 -> 145.8632
146116,4 fw Controll.static OFJKHAFJIMA          0.0046 -> 0.0055
146126,1 fw Controll.static GIPNIMALPEG          0.7885 -> 0.3094
146143,3 fw player          ACAIGMNLLEC              42 -> 41
146143,3 fw player          HEADELMLILF               0 -> 1
146152,9 fw player          HOJIIOCKKLO               1 -> -1
146153,0 fw Controll.static GIPNIMALPEG          0.3094 -> 0.8453
146169,7 fw Controll.static MKFDGFOCKNO        145.8132 -> 145.8632
146169,7 fw Controll.static LEKCBKLAILO        145.8632 -> 145.9132
146169,7 fw Controll.static OFJKHAFJIMA          0.0055 -> 0.0087
146177,9 fw Controll.static GIPNIMALPEG          0.8453 -> 0.3439
146203,3 fw player          HEADELMLILF               1 -> 0
146203,4 fw Controll.static GIPNIMALPEG          0.3439 -> 0.8538
146219,0 fw player          LNIDBHIAJJI             255 -> 0
146219,0 fw Controll.static MKFDGFOCKNO        145.8632 -> 145.9132
146219,0 fw Controll.static LEKCBKLAILO        145.9132 -> 145.9632
146219,0 fw Controll.static OFJKHAFJIMA          0.0087 -> 0.0027
146232,0 fw Controll.static GIPNIMALPEG          0.8538 -> 0.425
146264,8 fw player          FGFKPMPLNKO        141.0534 -> 141.5225
146264,8 fw Controll.static GIPNIMALPEG           0.425 -> 0.0823
146274,7 fw Controll.static MKFDGFOCKNO        145.9132 -> 145.9632
146274,7 fw Controll.static LEKCBKLAILO        145.9632 -> 146.0132
146281,9 fw Controll.static OFJKHAFJIMA          0.0027 -> 0.004
146292,3 fw Controll.static GIPNIMALPEG          0.0823 -> 0.6313
146317,2 fw Controll.static GIPNIMALPEG          0.6313 -> 0.1296
146335,2 fw Controll.static MKFDGFOCKNO        145.9632 -> 146.0132
146335,2 fw Controll.static LEKCBKLAILO        146.0132 -> 146.0632
146335,2 fw Controll.static OFJKHAFJIMA           0.004 -> 0.0063
146343,8 fw Controll.static GIPNIMALPEG          0.1296 -> 0.6619
146361,8 fw Controll.static MKFDGFOCKNO        146.0132 -> 146.0632
146361,8 fw Controll.static LEKCBKLAILO        146.0632 -> 146.1132
146361,8 fw Controll.static OFJKHAFJIMA          0.0063 -> 0.0009
146370,3 fw Controll.static GIPNIMALPEG          0.6619 -> 0.1919
146370,3 fw Controll.static EPEEFBDJAHO               1 -> 0
146395,1 fw Controll.static GIPNIMALPEG          0.1919 -> 0.6875
146414,5 fw Controll.static MKFDGFOCKNO        146.0632 -> 146.1132
146414,5 fw Controll.static LEKCBKLAILO        146.1132 -> 146.1632
146414,5 fw Controll.static OFJKHAFJIMA          0.0009 -> 0.0036
146423,7 fw Controll.static GIPNIMALPEG          0.6875 -> 0.2603
146451,2 fw Controll.static GIPNIMALPEG          0.2603 -> 0.8083
146469,1 fw Controll.static MKFDGFOCKNO        146.1132 -> 146.1632
146469,1 fw Controll.static LEKCBKLAILO        146.1632 -> 146.2132
146469,2 fw Controll.static OFJKHAFJIMA          0.0036 -> 0.0081
146477,2 fw Controll.static GIPNIMALPEG          0.8083 -> 0.3298
146505,8 fw player          HIDMDLLHEKO               1 -> 0
146505,8 fw Controll.static GIPNIMALPEG          0.3298 -> 0.9014
146522,6 fw Controll.static MKFDGFOCKNO        146.1632 -> 146.2132
146522,6 fw Controll.static LEKCBKLAILO        146.2132 -> 146.2632
146522,6 fw Controll.static OFJKHAFJIMA          0.0081 -> 0.0009
146530,5 fw Controll.static GIPNIMALPEG          0.9014 -> 0.3948
146540,2 fw Controll.static NAKNALFCOIF         57.7121 -> 57.5621
146540,2 fw Controll.static IGLCENGMMMJ          0.0686 -> 0.2186
146558,0 fw Controll.static GIPNIMALPEG          0.3948 -> 0.9454
146565,5 fw Controll.static NAKNALFCOIF         57.5621 -> 57.4121
146565,5 fw Controll.static IGLCENGMMMJ          0.2186 -> 0.3686
146576,4 fw Controll.static MKFDGFOCKNO        146.2132 -> 146.2633
146576,4 fw Controll.static LEKCBKLAILO        146.2632 -> 146.3133
146576,4 fw Controll.static OFJKHAFJIMA          0.0009 -> 0.0046
146594,1 fw Controll.static GIPNIMALPEG          0.9454 -> 0.6658
146612,3 fw Controll.static OFJKHAFJIMA          0.0046 -> 0.0014
146619,4 fw Controll.static GIPNIMALPEG          0.6658 -> 0.1736
146638,4 fw Controll.static MKFDGFOCKNO        146.2633 -> 146.3133
146638,4 fw Controll.static LEKCBKLAILO        146.3133 -> 146.3633
146647,1 fw Controll.static GIPNIMALPEG          0.1736 -> 0.7269
146664,9 fw Controll.static MKFDGFOCKNO        146.3133 -> 146.3633
146664,9 fw Controll.static LEKCBKLAILO        146.3633 -> 146.4133
146664,9 fw Controll.static OFJKHAFJIMA          0.0014 -> 0.0039
146675,3 fw Controll.static GIPNIMALPEG          0.7269 -> 0.2899
146675,3 fw Controll.static NAKNALFCOIF         57.4121 -> 57.2621
146693,6 fw player          ACAIGMNLLEC              41 -> 40
146693,6 fw player          HEADELMLILF               0 -> 1
146701,6 fw Controll.static GIPNIMALPEG          0.2899 -> 0.8166
146721,6 fw Controll.static MKFDGFOCKNO        146.3633 -> 146.4133
146721,6 fw Controll.static LEKCBKLAILO        146.4133 -> 146.4633
146721,6 fw Controll.static OFJKHAFJIMA          0.0039 -> 0.0012
146729,8 fw player          HEADELMLILF               1 -> 0
146729,8 fw Controll.static GIPNIMALPEG          0.8166 -> 0.3796
146729,8 fw Controll.static LCMOBPPHLLM           0.485 -> 0
146758,0 fw Controll.static GIPNIMALPEG          0.3796 -> 0.9435
146777,9 fw Controll.static MKFDGFOCKNO        146.4133 -> 146.4633
146777,9 fw Controll.static LEKCBKLAILO        146.4633 -> 146.5133
146777,9 fw Controll.static OFJKHAFJIMA          0.0012 -> 0.0063
146785,3 fw Controll.static GIPNIMALPEG          0.9435 -> 0.4907
146796,5 fw Controll.static DGNDKAKOEPD          979016 -> 980016
146796,5 fw Controll.static BEJBLGGGOCC       338558215 -> 338559209
146796,5 fw Controll.static JELGPAKAJPE              99 -> 103
146796,5 fw Controll.static EENJPDHGGGC        145.4694 -> 146.47
146814,9 fw Controll.static GIPNIMALPEG          0.4907 -> 0.0823
146833,4 fw player          CLOEJLAOIGI               1 -> 0
146833,4 fw Controll.static MKFDGFOCKNO        146.4633 -> 146.5133
146833,4 fw Controll.static LEKCBKLAILO        146.5133 -> 146.5633
146833,4 fw Controll.static OFJKHAFJIMA          0.0063 -> 0.004
146842,0 fw Controll.static GIPNIMALPEG          0.0823 -> 0.6243
146872,5 fw Controll.static GIPNIMALPEG          0.6243 -> 0.2337
146888,8 fw Controll.static MKFDGFOCKNO        146.5133 -> 146.5633
146888,8 fw Controll.static LEKCBKLAILO        146.5633 -> 146.6133
146888,8 fw Controll.static OFJKHAFJIMA           0.004 -> 0.0115
146895,8 fw Controll.static GIPNIMALPEG          0.2337 -> 0.7003
146914,3 fw Controll.static MKFDGFOCKNO        146.5633 -> 146.6133
146914,3 fw Controll.static LEKCBKLAILO        146.6133 -> 146.6633
146914,3 fw Controll.static OFJKHAFJIMA          0.0115 -> 0.0033
146932,2 fw Controll.static GIPNIMALPEG          0.7003 -> 0.4278
146958,5 # net: TcpClient.Connected = True
146958,5 fw Controll.static GIPNIMALPEG          0.4278 -> 0.9527
146977,4 fw Controll.static MKFDGFOCKNO        146.6133 -> 146.6633
146977,4 fw Controll.static LEKCBKLAILO        146.6633 -> 146.7133
146977,4 fw Controll.static OFJKHAFJIMA          0.0033 -> 0.007
146983,7 fw Controll.static GIPNIMALPEG          0.9527 -> 0.4571
146983,7 fw Controll.static NAKNALFCOIF         57.2621 -> 57.5621
146983,7 fw Controll.static IGLCENGMMMJ          0.3686 -> 0.6686
147010,3 fw Controll.static GIPNIMALPEG          0.4571 -> 0.9881
147010,3 fw Controll.static NAKNALFCOIF         57.5621 -> 57.8621
147010,3 fw Controll.static IGLCENGMMMJ          0.6686 -> 0.8186
147029,0 fw Controll.static MKFDGFOCKNO        146.6633 -> 146.7134
147029,0 fw Controll.static LEKCBKLAILO        146.7133 -> 146.7634
147029,0 fw Controll.static OFJKHAFJIMA           0.007 -> 0.0101
147037,9 fw Controll.static GIPNIMALPEG          0.9881 -> 0.5401
147037,9 fw Controll.static NAKNALFCOIF         57.8621 -> 58.1621
147037,9 fw Controll.static IGLCENGMMMJ          0.8186 -> 0.9686
147063,4 fw Controll.static GIPNIMALPEG          0.5401 -> 0.05
147063,4 fw Controll.static NAKNALFCOIF         58.1621 -> 58.3121
147072,9 fw Controll.static IGLCENGMMMJ          0.9686 -> 1.2686
147080,2 fw Controll.static MKFDGFOCKNO        146.7134 -> 146.7634
147080,2 fw Controll.static LEKCBKLAILO        146.7634 -> 146.8134
147080,2 fw Controll.static OFJKHAFJIMA          0.0101 -> 0.0023
147091,7 fw Controll.static GIPNIMALPEG            0.05 -> 0.6127
147097,1 fw Controll.static NAKNALFCOIF         58.3121 -> 58.4621
147116,3 fw Controll.static GIPNIMALPEG          0.6127 -> 0.1077
147127,7 fw Controll.static NAKNALFCOIF         58.4621 -> 58.9121
147139,3 fw Controll.static MKFDGFOCKNO        146.7634 -> 146.8134
147139,3 fw Controll.static LEKCBKLAILO        146.8134 -> 146.8634
147139,3 fw Controll.static OFJKHAFJIMA          0.0023 -> 0.0051
147141,8 fw Controll.static GIPNIMALPEG          0.1077 -> 0.6185
147156,0 fw Controll.static NAKNALFCOIF         58.9121 -> 59.5121
147163,9 fw Controll.static MKFDGFOCKNO        146.8134 -> 146.8634
147163,9 fw Controll.static LEKCBKLAILO        146.8634 -> 146.9134
147163,9 fw Controll.static OFJKHAFJIMA          0.0051 -> 0.0029
147174,7 fw Controll.static GIPNIMALPEG          0.6185 -> 0.2752
147181,0 fw Controll.static NAKNALFCOIF         59.5121 -> 60.8621
147191,6 fw player          ACAIGMNLLEC              40 -> 41
147191,6 fw player          HEADELMLILF               0 -> 1
147199,2 fw Controll.static GIPNIMALPEG          0.2752 -> 0.7668
147210,7 fw Controll.static NAKNALFCOIF         60.8621 -> 62.8121
147216,1 fw player          FDOJDJLIGLF              10 -> 100
147216,2 fw Controll.static MKFDGFOCKNO        146.8634 -> 146.9134
147216,2 fw Controll.static LEKCBKLAILO        146.9134 -> 146.9634
147216,2 fw Controll.static OFJKHAFJIMA          0.0029 -> 0.0051
147227,7 fw Controll.static GIPNIMALPEG          0.7668 -> 0.3353
147238,6 fw Controll.static NAKNALFCOIF         62.8121 -> 64.4621
147258,4 fw player          HEADELMLILF               1 -> 0
147264,5 fw Controll.static GIPNIMALPEG          0.3353 -> 0.071
147264,5 fw Controll.static NAKNALFCOIF         64.4621 -> 67.0121
147264,5 fw Controll.static IGLCENGMMMJ          1.2686 -> 1.4186
147276,6 fw Controll.static MKFDGFOCKNO        146.9134 -> 146.9634
147276,6 fw Controll.static LEKCBKLAILO        146.9634 -> 147.0134
147282,9 fw Controll.static OFJKHAFJIMA          0.0051 -> 0.0033
147295,1 fw Controll.static GIPNIMALPEG           0.071 -> 0.6841
147295,1 fw Controll.static NAKNALFCOIF         67.0121 -> 73.1621
147295,1 fw Controll.static IGLCENGMMMJ          1.4186 -> 2.4686
147312,7 fw Controll.static MKFDGFOCKNO        146.9634 -> 147.0134
147312,7 fw Controll.static LEKCBKLAILO        147.0134 -> 147.0634
147312,7 fw Controll.static OFJKHAFJIMA          0.0033 -> 0.0017
147322,1 fw Controll.static GIPNIMALPEG          0.6841 -> 0.223
147322,1 fw Controll.static NAKNALFCOIF         73.1621 -> 79.7621
147330,9 fw player          ACAIGMNLLEC              41 -> 42
147330,9 fw player          HEADELMLILF               0 -> 1
147349,9 fw player          ACAIGMNLLEC              42 -> 44
147349,9 fw Controll.static GIPNIMALPEG           0.223 -> 0.7787
147349,9 fw Controll.static NAKNALFCOIF         79.7621 -> 83.8121
147367,3 fw Controll.static MKFDGFOCKNO        147.0134 -> 147.0634
147367,3 fw Controll.static LEKCBKLAILO        147.0634 -> 147.1134
147367,3 fw Controll.static OFJKHAFJIMA          0.0017 -> 0.0061
147378,2 fw Controll.static GIPNIMALPEG          0.7787 -> 0.3451
147378,2 fw Controll.static NAKNALFCOIF         83.8121 -> 87.2621
147403,1 fw Controll.static GIPNIMALPEG          0.3451 -> 0.8447
147403,1 fw Controll.static NAKNALFCOIF         87.2621 -> 91.0121
147413,0 fw player          LNIDBHIAJJI               0 -> 1
147413,0 fw player          ACAIGMNLLEC              44 -> 47
147413,0 fw Controll.static IGLCENGMMMJ          2.4686 -> 2.0186
147422,0 fw Controll.static MKFDGFOCKNO        147.0634 -> 147.1134
147422,0 fw Controll.static LEKCBKLAILO        147.1134 -> 147.1634
147422,0 fw Controll.static OFJKHAFJIMA          0.0061 -> 0.0019
147431,4 fw Controll.static GIPNIMALPEG          0.8447 -> 0.4104
147439,2 fw Controll.static NAKNALFCOIF         91.0121 -> 93.1121
147456,5 fw player          ACAIGMNLLEC              47 -> 54
147456,6 fw Controll.static GIPNIMALPEG          0.4104 -> 0.913
147466,9 fw Controll.static NAKNALFCOIF         93.1121 -> 94.0121
147474,4 fw Controll.static MKFDGFOCKNO        147.1134 -> 147.1634
147474,4 fw Controll.static LEKCBKLAILO        147.1634 -> 147.2134
147474,4 fw Controll.static OFJKHAFJIMA          0.0019 -> 0.0057
147481,3 fw Controll.static GIPNIMALPEG           0.913 -> 0.408
147507,8 fw player          ACAIGMNLLEC              54 -> 61
147507,8 fw Controll.static GIPNIMALPEG           0.408 -> 0.9374
147523,5 fw Controll.static MKFDGFOCKNO        147.1634 -> 147.2134
147523,5 fw Controll.static LEKCBKLAILO        147.2134 -> 147.2634
147523,6 fw Controll.static OFJKHAFJIMA          0.0057 -> 0.0036
147531,7 fw player          FDOJDJLIGLF             100 -> 30
147531,7 fw Controll.static GIPNIMALPEG          0.9374 -> 0.4156
147549,4 fw player          ACAIGMNLLEC              61 -> 65
147558,0 fw Controll.static GIPNIMALPEG          0.4156 -> 0.9423
147575,5 fw Controll.static MKFDGFOCKNO        147.2134 -> 147.2634
147575,5 fw Controll.static LEKCBKLAILO        147.2634 -> 147.3134
147575,5 fw Controll.static OFJKHAFJIMA          0.0036 -> 0.0053
147592,6 fw Controll.static GIPNIMALPEG          0.9423 -> 0.6329
147605,5 fw player          ACAIGMNLLEC              65 -> 66
147613,9 fw Controll.static OFJKHAFJIMA          0.0053 -> 0.0028
147623,3 fw Controll.static GIPNIMALPEG          0.6329 -> 0.2484
147623,3 fw Controll.static NAKNALFCOIF         94.0121 -> 94.3121
147632,0 fw player          HEADELMLILF               1 -> 0
147641,7 fw Controll.static MKFDGFOCKNO        147.2634 -> 147.3134
147641,7 fw Controll.static LEKCBKLAILO        147.3134 -> 147.3634
147649,1 fw Controll.static GIPNIMALPEG          0.2484 -> 0.7641
147649,2 fw Controll.static NAKNALFCOIF         94.3121 -> 94.4621
147667,9 fw Controll.static MKFDGFOCKNO        147.3134 -> 147.3634
147667,9 fw Controll.static LEKCBKLAILO        147.3634 -> 147.4134
147667,9 fw Controll.static OFJKHAFJIMA          0.0028 -> 0.0067
147676,8 fw Controll.static GIPNIMALPEG          0.7641 -> 0.3185
147676,8 fw Controll.static NAKNALFCOIF         94.4621 -> 94.9121
147676,9 fw Controll.static IGLCENGMMMJ          2.0186 -> 1.5686
147703,1 fw Controll.static GIPNIMALPEG          0.3185 -> 0.8441
147703,1 fw Controll.static NAKNALFCOIF         94.9121 -> 95.0621
147703,1 fw Controll.static IGLCENGMMMJ          1.5686 -> 1.1186
147721,4 fw Controll.static MKFDGFOCKNO        147.3634 -> 147.4134
147721,4 fw Controll.static LEKCBKLAILO        147.4134 -> 147.4634
147721,4 fw Controll.static OFJKHAFJIMA          0.0067 -> 0.0102
147729,6 fw player          FDOJDJLIGLF              30 -> 10
147729,6 fw Controll.static GIPNIMALPEG          0.8441 -> 0.2087
147729,7 fw Controll.static NAKNALFCOIF         95.0621 -> 95.2121
147741,4 fw player          HIDMDLLHEKO               0 -> 5
147741,4 fw player          MHCOJFIAGLP              11 -> 12
147741,4 fw Controll.static IGLCENGMMMJ          1.1186 -> 0.5186
147741,5 fw Controll.static JGNLBAMNEBA               0 -> 1
147741,5 fw Controll.static HCOLPFEEENG               0 -> 1
147741,5 fw Controll.static EGDKJEFGFIC               0 -> 1
147776,5 fw Controll.static OFJKHAFJIMA          0.0102 -> 0.0156
147803,7 fw Controll.static OFJKHAFJIMA          0.0156 -> 0.0428
147823,3 fw Controll.static OFJKHAFJIMA          0.0428 -> 0
149739,9 fw player          HIDMDLLHEKO               5 -> 0
149739,9 fw player          CIPOBFGAMOP        134.1358 -> 144.5159
149739,9 fw player          OLOOMMIKDPJ        134.1358 -> 144.5159
149739,9 fw player          LBKINNIDKEC               0 -> 1
149739,9 fw Controll.static MNHBPCOOMLE          977233 -> 983223
149739,9 fw Controll.static GIPNIMALPEG          0.2087 -> 0.0036
149739,9 fw Controll.static NAKNALFCOIF         95.2121 -> 90
149743,6 fw player          HEADELMLILF               0 -> 1
149743,6 fw Controll.static GCHFDAPNBNB               0 -> 1
149743,6 fw Controll.static JGNLBAMNEBA               1 -> 0
149743,6 fw Controll.static HCOLPFEEENG               1 -> 0
149743,6 fw Controll.static EGDKJEFGFIC               1 -> 0
149743,6 fw Controll.static IPCNAHJLMAP               0 -> 1
149756,2 fw Controll.static MKFDGFOCKNO        147.4134 -> 149.4422
149756,2 fw Controll.static LEKCBKLAILO        147.4634 -> 149.4922
149763,8 fw player          ACAIGMNLLEC              66 -> 64
149763,8 fw player          CLOEJLAOIGI               0 -> 1
149763,8 fw Controll.static GIPNIMALPEG          0.0036 -> 0.4812
149771,9 fw player          IGBIBDAMMLE               4 -> 0
149771,9 fw player          BCHEAICMFGH        140.7926 -> 144.7483
149785,9 fw Controll.static GIPNIMALPEG          0.4812 -> 0.9234
149797,7 fw Controll.static GCHFDAPNBNB               1 -> 0
149802,3 fw Controll.static IPCNAHJLMAP               1 -> 0
149802,3 fw Controll.static MKFDGFOCKNO        149.4422 -> 149.4922
149802,3 fw Controll.static LEKCBKLAILO        149.4922 -> 149.5422
149802,3 fw Controll.static OFJKHAFJIMA               0 -> 0.0077
149814,5 fw Controll.static GIPNIMALPEG          0.9234 -> 0.4949
149835,9 fw Controll.static GIPNIMALPEG          0.4949 -> 0.9228
149853,1 fw Controll.static MKFDGFOCKNO        149.4922 -> 149.5422
149853,2 fw Controll.static LEKCBKLAILO        149.5422 -> 149.5922
149853,2 fw Controll.static OFJKHAFJIMA          0.0077 -> 0.007
149863,2 fw player          HIDMDLLHEKO               0 -> 4
149863,3 fw Controll.static GIPNIMALPEG          0.9228 -> 0.4705
149869,0 fw player          LNIDBHIAJJI               1 -> 0
149869,0 fw player          CLOEJLAOIGI               1 -> 0
149869,0 fw player          HEADELMLILF               1 -> 0
149885,2 fw Controll.static GIPNIMALPEG          0.4705 -> 0.9088
149897,3 fw Controll.static GCHFDAPNBNB               0 -> 1
149901,6 fw Controll.static IPCNAHJLMAP               0 -> 1
149901,7 fw Controll.static MKFDGFOCKNO        149.5422 -> 149.5922
149901,7 fw Controll.static LEKCBKLAILO        149.5922 -> 149.6422
149901,7 fw Controll.static OFJKHAFJIMA           0.007 -> 0.0074
149915,0 fw Controll.static GIPNIMALPEG          0.9088 -> 0.5053
149919,5 fw player          HIDMDLLHEKO               4 -> 0
149919,5 fw Controll.static DGNDKAKOEPD          980016 -> 983150
149919,5 fw Controll.static BEJBLGGGOCC       338559209 -> 338562344
149919,5 fw Controll.static JELGPAKAJPE             103 -> 105
149919,5 fw Controll.static EENJPDHGGGC          146.47 -> 149.6043
149936,7 fw Controll.static GIPNIMALPEG          0.5053 -> 0.9393
149953,0 fw Controll.static IPCNAHJLMAP               1 -> 2
149953,0 fw Controll.static MKFDGFOCKNO        149.5922 -> 149.6422
149953,0 fw Controll.static LEKCBKLAILO        149.6422 -> 149.6922
149953,0 fw Controll.static OFJKHAFJIMA          0.0074 -> 0.0064
149970,1 fw Controll.static GIPNIMALPEG          0.9393 -> 0.6066
149996,6 fw Controll.static GIPNIMALPEG          0.6066 -> 0.1357
150003,5 fw Controll.static IPCNAHJLMAP               2 -> 3
150013,7 fw player          HIDMDLLHEKO               0 -> 4
150013,7 fw player          IGBIBDAMMLE               0 -> 1
150013,7 fw player          BCHEAICMFGH        144.7483 -> 144.8964
150013,7 fw player          BDHNEDFEHBA              64 -> 0
150013,7 fw Controll.static MKFDGFOCKNO        149.6422 -> 149.6923
150013,7 fw Controll.static LEKCBKLAILO        149.6922 -> 149.7423
150013,7 fw Controll.static OFJKHAFJIMA          0.0064 -> 0.0066
150017,9 fw player          CLOEJLAOIGI               0 -> 1
150017,9 fw Controll.static GIPNIMALPEG          0.1357 -> 0.5624
150046,3 fw Controll.static GIPNIMALPEG          0.5624 -> 0.1309
150052,7 fw Controll.static GCHFDAPNBNB               1 -> 0
150052,7 fw Controll.static IPCNAHJLMAP               3 -> 0
150062,6 fw Controll.static MKFDGFOCKNO        149.6923 -> 149.7423
150062,6 fw Controll.static LEKCBKLAILO        149.7423 -> 149.7923
150062,6 fw Controll.static OFJKHAFJIMA          0.0066 -> 0.0064
150069,1 fw player          BDHNEDFEHBA               0 -> 64
150069,1 fw Controll.static GIPNIMALPEG          0.1309 -> 0.5871
150096,8 fw Controll.static GIPNIMALPEG          0.5871 -> 0.1403
150100,5 fw player          BDHNEDFEHBA              64 -> 0
150100,5 fw Controll.static GCHFDAPNBNB               0 -> 1
150113,4 fw Controll.static IPCNAHJLMAP               0 -> 1
150113,4 fw Controll.static MKFDGFOCKNO        149.7423 -> 149.7923
150113,4 fw Controll.static LEKCBKLAILO        149.7923 -> 149.8423
150113,4 fw Controll.static OFJKHAFJIMA          0.0064 -> 0.0069
150117,8 fw player          IGBIBDAMMLE               1 -> 2
150117,9 fw player          BCHEAICMFGH        144.8964 -> 145.0055
150117,9 fw Controll.static GIPNIMALPEG          0.1403 -> 0.5615
150150,1 fw Controll.static GIPNIMALPEG          0.5615 -> 0.205
150155,4 fw Controll.static GCHFDAPNBNB               1 -> 0
150166,2 fw Controll.static IPCNAHJLMAP               1 -> 0
150166,2 fw Controll.static MKFDGFOCKNO        149.7923 -> 149.8423
150166,2 fw Controll.static LEKCBKLAILO        149.8423 -> 149.8923
150166,2 fw Controll.static OFJKHAFJIMA          0.0069 -> 0.0101
150174,5 fw Controll.static GIPNIMALPEG           0.205 -> 0.693
150182,8 fw player          HIDMDLLHEKO               4 -> 0
150182,8 fw player          CLOEJLAOIGI               1 -> 0
150191,2 fw Controll.static MKFDGFOCKNO        149.8423 -> 149.8923
150191,2 fw Controll.static LEKCBKLAILO        149.8923 -> 149.9423
150191,2 fw Controll.static OFJKHAFJIMA          0.0101 -> 0.0012
150199,0 fw Controll.static GIPNIMALPEG           0.693 -> 0.1833
150216,2 fw player          HIDMDLLHEKO               0 -> 4
150223,7 fw Controll.static GIPNIMALPEG          0.1833 -> 0.6768
150250,0 fw Controll.static GIPNIMALPEG          0.6768 -> 0.2032
150265,7 fw Controll.static MKFDGFOCKNO        149.8923 -> 149.9423
150265,7 fw Controll.static LEKCBKLAILO        149.9423 -> 149.9923
150265,7 fw Controll.static OFJKHAFJIMA          0.0012 -> 0.01
150272,3 fw player          HIDMDLLHEKO               4 -> 0
150280,9 fw Controll.static GIPNIMALPEG          0.2032 -> 0.8221
150297,6 fw Controll.static OFJKHAFJIMA            0.01 -> 0.0076
150303,9 fw Controll.static GIPNIMALPEG          0.8221 -> 0.281
150319,3 fw Controll.static MKFDGFOCKNO        149.9423 -> 149.9923
150319,3 fw Controll.static LEKCBKLAILO        149.9923 -> 150.0423
150330,2 fw Controll.static GIPNIMALPEG           0.281 -> 0.8074
150345,8 fw Controll.static MKFDGFOCKNO        149.9923 -> 150.0423
150345,8 fw Controll.static LEKCBKLAILO        150.0423 -> 150.0923
150345,8 fw Controll.static OFJKHAFJIMA          0.0076 -> 0.0057
150353,5 fw Controll.static GIPNIMALPEG          0.8074 -> 0.274
150378,5 fw Controll.static GIPNIMALPEG           0.274 -> 0.7736
150396,0 fw Controll.static MKFDGFOCKNO        150.0423 -> 150.0923
150396,0 fw Controll.static LEKCBKLAILO        150.0923 -> 150.1423
150396,0 fw Controll.static OFJKHAFJIMA          0.0057 -> 0.006
150400,2 fw Controll.static GIPNIMALPEG          0.7736 -> 0.2065
150429,1 fw Controll.static GIPNIMALPEG          0.2065 -> 0.7845
150445,1 fw Controll.static MKFDGFOCKNO        150.0923 -> 150.1423
150445,1 fw Controll.static LEKCBKLAILO        150.1423 -> 150.1924
150445,1 fw Controll.static OFJKHAFJIMA           0.006 -> 0.0051
150451,8 fw Controll.static GIPNIMALPEG          0.7845 -> 0.2386
150477,9 fw Controll.static GIPNIMALPEG          0.2386 -> 0.7607
150495,6 fw Controll.static MKFDGFOCKNO        150.1423 -> 150.1924
150495,6 fw Controll.static LEKCBKLAILO        150.1924 -> 150.2424
150495,6 fw Controll.static OFJKHAFJIMA          0.0051 -> 0.0056
150500,3 fw Controll.static GIPNIMALPEG          0.7607 -> 0.2081
150528,6 fw Controll.static GIPNIMALPEG          0.2081 -> 0.7754
150546,1 fw Controll.static MKFDGFOCKNO        150.1924 -> 150.2424
150546,1 fw Controll.static LEKCBKLAILO        150.2424 -> 150.2924
150546,1 fw Controll.static OFJKHAFJIMA          0.0056 -> 0.0061
150552,8 fw Controll.static GIPNIMALPEG          0.7754 -> 0.259
150585,8 fw Controll.static GIPNIMALPEG           0.259 -> 0.9185
150595,8 fw Controll.static MKFDGFOCKNO        150.2424 -> 150.2924
150595,8 fw Controll.static LEKCBKLAILO        150.2924 -> 150.3424
150600,9 fw Controll.static OFJKHAFJIMA          0.0061 -> 0.0058
150612,4 fw Controll.static GIPNIMALPEG          0.9185 -> 0.4501
150635,6 fw Controll.static GIPNIMALPEG          0.4501 -> 0.9142
150652,2 fw Controll.static MKFDGFOCKNO        150.2924 -> 150.3424
150652,2 fw Controll.static LEKCBKLAILO        150.3424 -> 150.3924
150652,2 fw Controll.static OFJKHAFJIMA          0.0058 -> 0.0051
150660,9 fw Controll.static GIPNIMALPEG          0.9142 -> 0.4202
150684,1 fw Controll.static GIPNIMALPEG          0.4202 -> 0.8837
150700,3 fw Controll.static MKFDGFOCKNO        150.3424 -> 150.3924
150700,3 fw Controll.static LEKCBKLAILO        150.3924 -> 150.4424
150700,3 fw Controll.static OFJKHAFJIMA          0.0051 -> 0.0052
150711,9 fw Controll.static GIPNIMALPEG          0.8837 -> 0.4397
150734,5 fw Controll.static GIPNIMALPEG          0.4397 -> 0.8926
151563,3 fw player          APFNBGHAJMD               1 -> 0
151563,3 fw Controll.static MKFDGFOCKNO        150.3924 -> 151.2531
151563,3 fw Controll.static LEKCBKLAILO        150.4424 -> 151.3031
151563,3 fw Controll.static OFJKHAFJIMA          0.0052 -> 0
151583,9 fw Controll.static GIPNIMALPEG          0.8926 -> 0.6655
151605,9 fw Controll.static MKFDGFOCKNO        151.2531 -> 151.3031
151605,9 fw Controll.static LEKCBKLAILO        151.3031 -> 151.3531
151605,9 fw Controll.static OFJKHAFJIMA               0 -> 0.0049
151612,2 fw Controll.static GIPNIMALPEG          0.6655 -> 0.2319
151635,6 fw Controll.static GIPNIMALPEG          0.2319 -> 0.7
151660,8 fw Controll.static GIPNIMALPEG             0.7 -> 0.2026
151676,1 fw Controll.static MKFDGFOCKNO        151.3031 -> 151.3531
151676,1 fw Controll.static LEKCBKLAILO        151.3531 -> 151.4031
151676,1 fw Controll.static OFJKHAFJIMA          0.0049 -> 0.0099
151682,6 fw player          APFNBGHAJMD               0 -> 1
151682,6 fw Controll.static GIPNIMALPEG          0.2026 -> 0.6402
151714,7 fw Controll.static GIPNIMALPEG          0.6402 -> 0.2819
151714,7 fw Controll.static DGNDKAKOEPD          983150 -> 984959
151714,7 fw Controll.static BEJBLGGGOCC       338562344 -> 338564149
151714,7 fw Controll.static EENJPDHGGGC        149.6043 -> 151.4125
151726,3 fw Controll.static MKFDGFOCKNO        151.3531 -> 151.4031
151726,3 fw Controll.static LEKCBKLAILO        151.4031 -> 151.4531
151732,0 fw Controll.static OFJKHAFJIMA          0.0099 -> 0.0088
151741,8 fw Controll.static GIPNIMALPEG          0.2819 -> 0.8239
151758,3 fw Controll.static MKFDGFOCKNO        151.4031 -> 151.4531
151758,3 fw Controll.static LEKCBKLAILO        151.4531 -> 151.5031
151758,3 fw Controll.static OFJKHAFJIMA          0.0088 -> 0.0074
151762,9 fw Controll.static GIPNIMALPEG          0.8239 -> 0.2456
151792,2 fw Controll.static GIPNIMALPEG          0.2456 -> 0.8309
151808,9 fw Controll.static MKFDGFOCKNO        151.4531 -> 151.5031
151808,9 fw Controll.static LEKCBKLAILO        151.5031 -> 151.5531
151808,9 fw Controll.static OFJKHAFJIMA          0.0074 -> 0.0081
151813,4 fw Controll.static GIPNIMALPEG          0.8309 -> 0.256
151841,3 fw Controll.static GIPNIMALPEG           0.256 -> 0.8123
151858,0 fw Controll.static MKFDGFOCKNO        151.5031 -> 151.5531
151858,0 fw Controll.static LEKCBKLAILO        151.5531 -> 151.6031
151858,0 fw Controll.static OFJKHAFJIMA          0.0081 -> 0.0072
151862,6 fw Controll.static GIPNIMALPEG          0.8123 -> 0.2395
151891,9 fw Controll.static GIPNIMALPEG          0.2395 -> 0.8242
151908,9 fw Controll.static MKFDGFOCKNO        151.5531 -> 151.6031
151908,9 fw Controll.static LEKCBKLAILO        151.6031 -> 151.6531
151908,9 fw Controll.static OFJKHAFJIMA          0.0072 -> 0.008
151913,3 fw Controll.static GIPNIMALPEG          0.8242 -> 0.2532
151941,1 fw Controll.static GIPNIMALPEG          0.2532 -> 0.8087
151957,7 fw Controll.static MKFDGFOCKNO        151.6031 -> 151.6531
151957,7 fw Controll.static LEKCBKLAILO        151.6531 -> 151.7031
151957,8 fw Controll.static OFJKHAFJIMA           0.008 -> 0.0069
151962,3 # net: TcpClient.Connected = True
151962,4 fw Controll.static GIPNIMALPEG          0.8087 -> 0.2331
151991,7 fw Controll.static GIPNIMALPEG          0.2331 -> 0.8215
152008,4 fw Controll.static MKFDGFOCKNO        151.6531 -> 151.7032
152008,4 fw Controll.static LEKCBKLAILO        151.7031 -> 151.7532
152008,4 fw Controll.static OFJKHAFJIMA          0.0069 -> 0.0076
152025,7 fw Controll.static GIPNIMALPEG          0.8215 -> 0.5007
152047,6 fw Controll.static GIPNIMALPEG          0.5007 -> 0.9393
152062,5 fw Controll.static MKFDGFOCKNO        151.7032 -> 151.7532
152062,5 fw Controll.static LEKCBKLAILO        151.7532 -> 151.8032
152062,5 fw Controll.static OFJKHAFJIMA          0.0076 -> 0.0069
152074,6 fw Controll.static GIPNIMALPEG          0.9393 -> 0.4781
152097,0 fw Controll.static GIPNIMALPEG          0.4781 -> 0.9274
152113,9 fw Controll.static MKFDGFOCKNO        151.7532 -> 151.8032
152113,9 fw Controll.static LEKCBKLAILO        151.8032 -> 151.8532
152113,9 fw Controll.static OFJKHAFJIMA          0.0069 -> 0.0081
152124,8 fw Controll.static GIPNIMALPEG          0.9274 -> 0.4824
152149,0 fw Controll.static GIPNIMALPEG          0.4824 -> 0.967
152163,9 fw Controll.static MKFDGFOCKNO        151.8032 -> 151.8532
152163,9 fw Controll.static LEKCBKLAILO        151.8532 -> 151.9032
152163,9 fw Controll.static OFJKHAFJIMA          0.0081 -> 0.0063
152173,4 fw Controll.static GIPNIMALPEG           0.967 -> 0.4547
152194,8 fw Controll.static GIPNIMALPEG          0.4547 -> 0.8816
152212,2 fw Controll.static MKFDGFOCKNO        151.8532 -> 151.9032
152212,3 fw Controll.static LEKCBKLAILO        151.9032 -> 151.9532
152212,3 fw Controll.static OFJKHAFJIMA          0.0063 -> 0.0074
152224,0 fw Controll.static GIPNIMALPEG          0.8816 -> 0.4662
152245,9 fw Controll.static GIPNIMALPEG          0.4662 -> 0.9033
152260,9 fw Controll.static MKFDGFOCKNO        151.9032 -> 151.9532
152260,9 fw Controll.static LEKCBKLAILO        151.9532 -> 152.0032
152260,9 fw Controll.static OFJKHAFJIMA          0.0074 -> 0.0056
152274,1 fw Controll.static GIPNIMALPEG          0.9033 -> 0.4687
152291,2 ==== FIELDWATCH OFF ====
