# Blockpost room-protocol capture, started 2026-08-23 14:29:40
# tx: <ms> tx hdr=0xNN op=0xNN <name> : <fields>    rx: <ms> rx len=N <hex>
11050,5 ==== FIELDWATCH ON ====
11059,1 # net: TcpClient.Connected = True
11087,9 #   player.GPBAJMJILMA len=2 [4,21875, 75,9375]
11088,0 #   player.JNBMIDFBOHD len=2 [5,625, 0]
11088,2 #   player.JPDHFNADBKI len=2 [5,625, 73,125]
11088,2 #   player.GDEMINMDJAC len=4 [0, 0, 0, 0]
11088,8 #   player.DDKPBGMMNIA len=10 [0, 0, 0, 1, 0, 1, 0, 0, 0, 0]
11088,9 #   player.PPOOANLEBNI len=40 [0, 0, 0, 0, 0, 0, 0, 0, 0, 0, 0, 0]
11089,4 # fieldwatch player: 51 numeric fields, 6 arrays (GPBAJMJILMA,JNBMIDFBOHD,JPDHFNADBKI,GDEMINMDJAC,DDKPBGMMNIA,PPOOANLEBNI) on KBBBHJDINCB
11097,1 #   Controll.static.DDOHELGGICN len=6 [(normal:(0.73, -0.35, -0.59), distance:-6.85), (normal:(0.62, -0.35, 0.70), distance:-19.42), (normal:(0.86, 0.50, 0.07), distance:-25.68), (normal:(0.09, -1.00, 0.01), distance:7.15), (normal:(0.89, -0.46, 0.07), distance:-17.26), (normal:(-0.89, 0.46, -0.07), distance:272.98)]
11097,1 # fieldwatch Controll.static: 74 numeric fields, 1 arrays (DDOHELGGICN) on Controll
11097,3 # fieldwatch Controll: 28 numeric fields, 0 arrays () on Controll
11102,7 # fieldwatch weapon: 3 numeric fields, 0 arrays () on CGJPBNDDPIN
11110,5 #   activeEntry.COAAKMDBKJM len=3 [0, 0, 0]
11110,5 # fieldwatch activeEntry: 8 numeric fields, 1 arrays (COAAKMDBKJM) on FPNENMKEFBB
11111,1 # fieldwatch PLH.static: 11 numeric fields, 0 arrays () on PLH
11111,1 # fieldwatch: PLH.LPCJFAOOIKA is null
11122,7 #   HUD.static.DPOPNDPLFMN len=8 [(x:773.49, y:43.38, width:40.48, height:40.48), (x:727.22, y:43.38, width:40.48, height:40.48), (x:680.95, y:43.38, width:40.48, height:40.48), (x:634.69, y:43.38, width:40.48, height:40.48), (x:588.42, y:43.38, width:40.48, height:40.48), (x:542.15, y:43.38, width:40.48, height:40.48), (x:495.89, y:43.38, width:40.48, height:40.48), (x:449.62, y:43.38, width:40.48, height:40.48)]
11122,9 #   HUD.static.MGJBGOOFALD len=8 [(x:1106.03, y:43.38, width:40.48, height:40.48), (x:1152.30, y:43.38, width:40.48, height:40.48), (x:1198.56, y:43.38, width:40.48, height:40.48), (x:1244.83, y:43.38, width:40.48, height:40.48), (x:1291.10, y:43.38, width:40.48, height:40.48), (x:1337.36, y:43.38, width:40.48, height:40.48), (x:1383.63, y:43.38, width:40.48, height:40.48), (x:1429.90, y:43.38, width:40.48, height:40.48)]
11123,0 #   HUD.static.FBJDJBJOIJD len=16 [(x:773.49, y:20.24, width:40.48, height:40.48), (x:727.22, y:20.24, width:40.48, height:40.48), (x:680.95, y:20.24, width:40.48, height:40.48), (x:634.69, y:20.24, width:40.48, height:40.48), (x:588.42, y:20.24, width:40.48, height:40.48), (x:542.15, y:20.24, width:40.48, height:40.48), (x:495.89, y:20.24, width:40.48, height:40.48), (x:449.62, y:20.24, width:40.48, height:40.48), (x:773.49, y:66.51, width:40.48, height:40.48), (x:727.22, y:66.51, width:40.48, height:40.48), (x:680.95, y:66.51, width:40.48, height:40.48), (x:634.69, y:66.51, width:40.48, height:40.48)]
11123,2 #   HUD.static.HPCDGLNGIJJ len=16 [(x:1106.03, y:20.24, width:40.48, height:40.48), (x:1152.30, y:20.24, width:40.48, height:40.48), (x:1198.56, y:20.24, width:40.48, height:40.48), (x:1244.83, y:20.24, width:40.48, height:40.48), (x:1291.10, y:20.24, width:40.48, height:40.48), (x:1337.36, y:20.24, width:40.48, height:40.48), (x:1383.63, y:20.24, width:40.48, height:40.48), (x:1429.90, y:20.24, width:40.48, height:40.48), (x:1106.03, y:66.51, width:40.48, height:40.48), (x:1152.30, y:66.51, width:40.48, height:40.48), (x:1198.56, y:66.51, width:40.48, height:40.48), (x:1244.83, y:66.51, width:40.48, height:40.48)]
11123,3 #   HUD.static.JNAIOMMAIJG len=128 [0, 0, 0, 0, 0, 0, 0, 0, 0, 0, 0, 0]
11123,3 # fieldwatch HUD.static: 32 numeric fields, 5 arrays (DPOPNDPLFMN,MGJBGOOFALD,FBJDJBJOIJD,HPCDGLNGIJJ,JNAIOMMAIJG) on HUD
11123,7 # fieldwatch HUD: 11 numeric fields, 0 arrays () on HUD
11124,6 #   GUIInv.static.MHCPNENABCD len=9 [0, 0, 0, 1, 1, 0, 0, 0, 0]
11124,7 #   GUIInv.static.CLKDEHIHPAJ len=31 [0, 0, 1, 1, 1, 1, 1, 1, 1, 1, 1, 1]
11124,8 #   GUIInv.static.EKNEPPFAEME len=30 [0, 0, 0, 1, 1, 1, 1, 1, 1, 1, 1, 1]
11124,9 #   GUIInv.static.ODBDHJLHOGP len=29 [0, 0, 1, 1, 1, 1, 1, 1, 1, 1, 1, 1]
11125,0 #   GUIInv.static.JGFMOAHNPDN len=3 [0, 1, 1]
11125,0 # fieldwatch GUIInv.static: 25 numeric fields, 5 arrays (MHCPNENABCD,CLKDEHIHPAJ,EKNEPPFAEME,ODBDHJLHOGP,JGFMOAHNPDN) on GUIInv
11125,1 # fieldwatch GUIInv: 2 numeric fields, 0 arrays () on BIMFEOACIDM
11144,3 fw PLH.static      ADJMBEDDHLB         10.7505 -> 10.8434
11168,8 fw PLH.static      ADJMBEDDHLB         10.8434 -> 10.8557
11175,2 fw PLH.static      ADJMBEDDHLB         10.8557 -> 10.8797
11187,1 fw PLH.static      ADJMBEDDHLB         10.8797 -> 10.8852
11192,7 fw PLH.static      ADJMBEDDHLB         10.8852 -> 10.8971
11202,6 fw Controll.static NAKNALFCOIF            85.5 -> 86.55
11202,6 fw PLH.static      ADJMBEDDHLB         10.8971 -> 10.9026
11206,8 fw player          LNIDBHIAJJI               4 -> 13
11206,8 fw player          ACAIGMNLLEC              52 -> 49
11206,8 fw Controll.static IGLCENGMMMJ           27.45 -> 27.75
11206,8 fw Controll.static DGNDKAKOEPD         2019204 -> 2021133
11206,8 fw Controll.static BEJBLGGGOCC       339598376 -> 339600116
11206,8 fw Controll.static JELGPAKAJPE               0 -> 428
11206,8 fw Controll.static EENJPDHGGGC          8.9831 -> 10.9126
11206,8 fw PLH.static      ADJMBEDDHLB         10.9026 -> 10.913
11206,8 fw PLH.static      CFIMEAFDJFM          6.5839 -> 6.8663
11219,5 fw PLH.static      ADJMBEDDHLB          10.913 -> 10.9167
11219,5 fw PLH.static      CFIMEAFDJFM          6.8663 -> 6.8711
11222,5 fw Controll.static MKFDGFOCKNO          10.849 -> 10.899
11222,5 fw Controll.static LEKCBKLAILO          10.899 -> 10.949
11222,5 fw Controll.static OFJKHAFJIMA               0 -> 0.0024
11222,6 fw PLH.static      ADJMBEDDHLB         10.9167 -> 10.9295
11222,6 fw PLH.static      CFIMEAFDJFM          6.8711 -> 6.8832
11235,5 fw PLH.static      ADJMBEDDHLB         10.9295 -> 10.9325
11239,8 fw PLH.static      ADJMBEDDHLB         10.9325 -> 10.9454
11252,0 fw Controll.static GIPNIMALPEG          0.0521 -> 0.2549
11252,1 fw PLH.static      ADJMBEDDHLB         10.9454 -> 10.9497
11255,1 fw PLH.static      ADJMBEDDHLB         10.9497 -> 10.962
11266,5 fw PLH.static      ADJMBEDDHLB          10.962 -> 10.965
11272,7 fw Controll.static MKFDGFOCKNO          10.899 -> 10.9491
11272,7 fw Controll.static LEKCBKLAILO          10.949 -> 10.9991
11272,8 fw PLH.static      ADJMBEDDHLB          10.965 -> 10.9765
11280,5 fw Controll.static OFJKHAFJIMA          0.0024 -> 0.0002
11280,6 fw PLH.static      ADJMBEDDHLB         10.9765 -> 10.9827
11287,5 fw PLH.static      ADJMBEDDHLB         10.9827 -> 10.9905
11296,7 fw Controll.static GIPNIMALPEG          0.2549 -> 0.1471
11296,7 fw PLH.static      ADJMBEDDHLB         10.9905 -> 10.9974
11304,5 fw Controll.static NAKNALFCOIF           86.55 -> 86.4
11304,5 fw Controll.static IGLCENGMMMJ           27.75 -> 27.6
11304,5 fw PLH.static      ADJMBEDDHLB         10.9974 -> 11.0066
11310,8 fw PLH.static      ADJMBEDDHLB         11.0066 -> 11.0144
11320,2 fw PLH.static      ADJMBEDDHLB         11.0144 -> 11.0207
11323,9 fw Controll.static MKFDGFOCKNO         10.9491 -> 10.9991
11323,9 fw Controll.static LEKCBKLAILO         10.9991 -> 11.0491
11323,9 fw Controll.static OFJKHAFJIMA          0.0002 -> 0.0072
11323,9 fw PLH.static      ADJMBEDDHLB         11.0207 -> 11.0301
11335,2 fw PLH.static      ADJMBEDDHLB         11.0301 -> 11.0338
11340,0 fw Controll.static GIPNIMALPEG          0.1471 -> 0.0134
11340,0 fw PLH.static      ADJMBEDDHLB         11.0338 -> 11.0451
11353,5 fw Controll.static NAKNALFCOIF            86.4 -> 85.5
11353,5 fw Controll.static IGLCENGMMMJ            27.6 -> 25.95
11353,5 fw PLH.static      ADJMBEDDHLB         11.0451 -> 11.0499
11356,3 fw PLH.static      ADJMBEDDHLB         11.0499 -> 11.0634
11369,8 fw PLH.static      ADJMBEDDHLB         11.0634 -> 11.0662
11373,6 fw Controll.static MKFDGFOCKNO         10.9991 -> 11.0491
11373,6 fw Controll.static LEKCBKLAILO         11.0491 -> 11.0991
11373,6 fw Controll.static OFJKHAFJIMA          0.0072 -> 0.0005
11373,6 fw PLH.static      ADJMBEDDHLB         11.0662 -> 11.0798
11386,2 fw PLH.static      ADJMBEDDHLB         11.0798 -> 11.0835
11391,2 fw Controll.static GIPNIMALPEG          0.0134 -> 0.0373
11391,2 fw PLH.static      ADJMBEDDHLB         11.0835 -> 11.0962
11402,6 fw Controll.static NAKNALFCOIF            85.5 -> 85.0499
11402,6 fw Controll.static IGLCENGMMMJ           25.95 -> 25.2
11402,7 fw PLH.static      ADJMBEDDHLB         11.0962 -> 11.1011
11405,8 fw PLH.static      ADJMBEDDHLB         11.1011 -> 11.1126
11419,0 fw PLH.static      ADJMBEDDHLB         11.1126 -> 11.1158
11422,9 fw Controll.static MKFDGFOCKNO         11.0491 -> 11.0991
11422,9 fw Controll.static LEKCBKLAILO         11.0991 -> 11.1491
11422,9 fw Controll.static OFJKHAFJIMA          0.0005 -> 0.0016
11423,0 fw PLH.static      ADJMBEDDHLB         11.1158 -> 11.1289
11435,2 fw PLH.static      ADJMBEDDHLB         11.1289 -> 11.1329
11440,5 fw Controll.static GIPNIMALPEG          0.0373 -> 0.0248
11440,6 fw PLH.static      ADJMBEDDHLB         11.1329 -> 11.1451
11448,5 fw PLH.static      ADJMBEDDHLB         11.1451 -> 11.1505
11455,5 fw PLH.static      ADJMBEDDHLB         11.1505 -> 11.1584
11463,0 fw PLH.static      ADJMBEDDHLB         11.1584 -> 11.1654
11470,4 fw Controll.static MKFDGFOCKNO         11.0991 -> 11.1491
11470,4 fw Controll.static LEKCBKLAILO         11.1491 -> 11.1991
11470,4 fw Controll.static OFJKHAFJIMA          0.0016 -> 0.001
11470,4 fw PLH.static      ADJMBEDDHLB         11.1654 -> 11.1729
11477,9 fw PLH.static      ADJMBEDDHLB         11.1729 -> 11.1804
11484,9 fw Controll.static GIPNIMALPEG          0.0248 -> 0.9127
11485,0 fw PLH.static      ADJMBEDDHLB         11.1804 -> 11.1879
11491,6 fw PLH.static      ADJMBEDDHLB         11.1879 -> 11.1949
11498,7 fw PLH.static      ADJMBEDDHLB         11.1949 -> 11.2015
11506,0 fw PLH.static      ADJMBEDDHLB         11.2015 -> 11.2086
11514,0 fw Controll.static MKFDGFOCKNO         11.1491 -> 11.1991
11514,0 fw Controll.static LEKCBKLAILO         11.1991 -> 11.2491
11514,0 fw Controll.static OFJKHAFJIMA           0.001 -> 0.002
11514,1 fw PLH.static      ADJMBEDDHLB         11.2086 -> 11.2164
11514,1 fw PLH.static      CFIMEAFDJFM          6.8832 -> 7.1702
11525,0 fw PLH.static      ADJMBEDDHLB         11.2164 -> 11.224
11525,0 fw PLH.static      CFIMEAFDJFM          7.1702 -> 7.1784
11532,3 fw Controll.static MNHBPCOOMLE         2020046 -> 2021652
11532,4 fw Controll        MJPKOOHJOPA               0 -> 7.4842
11532,4 fw PLH.static      ADJMBEDDHLB          11.224 -> 11.2349
11532,4 fw PLH.static      CFIMEAFDJFM          7.1784 -> 7.1842
11550,5 fw Controll.static GIPNIMALPEG          0.9127 -> 0.224
11550,6 fw PLH.static      ADJMBEDDHLB         11.2349 -> 11.2424
11553,7 fw PLH.static      ADJMBEDDHLB         11.2424 -> 11.2605
11553,7 fw PLH.static      CFIMEAFDJFM          7.1842 -> 7.2096
11565,9 fw PLH.static      ADJMBEDDHLB         11.2605 -> 11.2637
11572,0 fw Controll.static GLGCAOADGMN               0 -> 1
11572,0 fw Controll.static MKFDGFOCKNO         11.1991 -> 11.2491
11572,0 fw Controll.static LEKCBKLAILO         11.2491 -> 11.2991
11572,0 fw PLH.static      ADJMBEDDHLB         11.2637 -> 11.2759
11585,2 fw Controll.static OFJKHAFJIMA           0.002 -> 0.011
11585,3 fw PLH.static      ADJMBEDDHLB         11.2759 -> 11.2819
11589,0 fw PLH.static      ADJMBEDDHLB         11.2819 -> 11.2952
11602,4 fw Controll.static GIPNIMALPEG           0.224 -> 0.2613
11602,4 fw PLH.static      ADJMBEDDHLB         11.2952 -> 11.299
11605,3 fw PLH.static      ADJMBEDDHLB          11.299 -> 11.3123
11618,4 fw PLH.static      ADJMBEDDHLB         11.3123 -> 11.3152
11624,2 fw Controll.static GLGCAOADGMN               1 -> 0
11624,3 fw PLH.static      ADJMBEDDHLB         11.3152 -> 11.3284
11635,0 fw Controll.static MKFDGFOCKNO         11.2491 -> 11.2991
11635,0 fw Controll.static LEKCBKLAILO         11.2991 -> 11.3491
11635,0 fw Controll.static OFJKHAFJIMA           0.011 -> 0.0129
11635,1 fw PLH.static      ADJMBEDDHLB         11.3284 -> 11.3342
11640,6 fw PLH.static      ADJMBEDDHLB         11.3342 -> 11.345
11651,7 fw Controll.static GIPNIMALPEG          0.2613 -> 0.2481
11651,8 fw PLH.static      ADJMBEDDHLB          11.345 -> 11.3505
11655,3 fw PLH.static      ADJMBEDDHLB         11.3505 -> 11.3618
11668,4 fw PLH.static      ADJMBEDDHLB         11.3618 -> 11.3652
11711,8 fw PLH.static      ADJMBEDDHLB         11.3652 -> 11.4171
11723,4 fw Controll.static MKFDGFOCKNO         11.2991 -> 11.3991
11723,4 fw Controll.static LEKCBKLAILO         11.3491 -> 11.4491
11723,4 fw Controll.static OFJKHAFJIMA          0.0129 -> 0.0223
11723,5 fw PLH.static      ADJMBEDDHLB         11.4171 -> 11.4217
11728,5 fw PLH.static      ADJMBEDDHLB         11.4217 -> 11.4335
11740,4 fw Controll.static MNHBPCOOMLE         2021652 -> 2021853
11740,4 fw Controll.static GIPNIMALPEG          0.2481 -> 0.022
11740,4 fw Controll        MJPKOOHJOPA          7.4842 -> 7.6858
11740,5 fw PLH.static      ADJMBEDDHLB         11.4335 -> 11.4384
11745,4 fw PLH.static      ADJMBEDDHLB         11.4384 -> 11.4504
11757,4 fw PLH.static      ADJMBEDDHLB         11.4504 -> 11.4553
11762,0 fw Controll.static GLGCAOADGMN               0 -> 1
11762,0 fw PLH.static      ADJMBEDDHLB         11.4553 -> 11.4674
11773,5 fw Controll.static MKFDGFOCKNO         11.3991 -> 11.4491
11773,5 fw Controll.static LEKCBKLAILO         11.4491 -> 11.4991
11773,5 fw Controll.static OFJKHAFJIMA          0.0223 -> 0.0009
11773,5 fw PLH.static      ADJMBEDDHLB         11.4674 -> 11.4719
11777,8 fw PLH.static      ADJMBEDDHLB         11.4719 -> 11.4835
11789,1 fw Controll.static GIPNIMALPEG           0.022 -> 0.9962
11789,2 fw PLH.static      ADJMBEDDHLB         11.4835 -> 11.4878
11793,7 fw PLH.static      ADJMBEDDHLB         11.4878 -> 11.4991
11803,9 fw PLH.static      ADJMBEDDHLB         11.4991 -> 11.5036
11808,9 fw Controll.static GLGCAOADGMN               1 -> 0
11808,9 fw PLH.static      ADJMBEDDHLB         11.5036 -> 11.5139
11820,2 fw Controll.static MKFDGFOCKNO         11.4491 -> 11.4991
11820,2 fw Controll.static LEKCBKLAILO         11.4991 -> 11.5491
11820,2 fw Controll.static OFJKHAFJIMA          0.0009 -> 0.004
11820,2 fw PLH.static      ADJMBEDDHLB         11.5139 -> 11.5188
11820,2 fw PLH.static      CFIMEAFDJFM          7.2096 -> 7.4731
11824,7 fw PLH.static      ADJMBEDDHLB         11.5188 -> 11.5302
11824,7 fw PLH.static      CFIMEAFDJFM          7.4731 -> 7.4836
11835,1 fw player          LNIDBHIAJJI              13 -> 17
11835,1 fw Controll.static GIPNIMALPEG          0.9962 -> 0.9152
11835,1 fw PLH.static      ADJMBEDDHLB         11.5302 -> 11.5347
11841,3 fw player          ACAIGMNLLEC              49 -> 60
11841,3 fw PLH.static      ADJMBEDDHLB         11.5347 -> 11.545
11841,4 fw PLH.static      CFIMEAFDJFM          7.4836 -> 7.4994
11851,1 fw PLH.static      ADJMBEDDHLB          11.545 -> 11.5513
11854,8 fw PLH.static      ADJMBEDDHLB         11.5513 -> 11.561
11867,6 fw Controll.static MKFDGFOCKNO         11.4991 -> 11.5491
11867,6 fw Controll.static LEKCBKLAILO         11.5491 -> 11.5991
11867,6 fw Controll.static OFJKHAFJIMA           0.004 -> 0.0018
11867,6 fw PLH.static      ADJMBEDDHLB          11.561 -> 11.5647
11870,9 fw PLH.static      ADJMBEDDHLB         11.5647 -> 11.5775
11884,2 fw PLH.static      ADJMBEDDHLB         11.5775 -> 11.5808
11887,4 fw Controll.static GIPNIMALPEG          0.9152 -> 0.9606
11887,5 fw PLH.static      ADJMBEDDHLB         11.5808 -> 11.5942
11902,3 fw PLH.static      ADJMBEDDHLB         11.5942 -> 11.5974
11905,4 fw PLH.static      ADJMBEDDHLB         11.5974 -> 11.6122
11917,9 fw Controll.static MKFDGFOCKNO         11.5491 -> 11.5991
11917,9 fw Controll.static LEKCBKLAILO         11.5991 -> 11.6491
11917,9 fw PLH.static      ADJMBEDDHLB         11.6122 -> 11.6153
11923,8 fw Controll.static OFJKHAFJIMA          0.0018 -> 0.0127
11923,8 fw PLH.static      ADJMBEDDHLB         11.6153 -> 11.6279
11933,8 fw PLH.static      ADJMBEDDHLB         11.6279 -> 11.6337
11938,7 fw Controll.static GIPNIMALPEG          0.9606 -> 0.9876
11938,8 fw PLH.static      ADJMBEDDHLB         11.6337 -> 11.6437
11950,9 fw PLH.static      ADJMBEDDHLB         11.6437 -> 11.6487
11953,8 fw PLH.static      ADJMBEDDHLB         11.6487 -> 11.6608
11968,0 fw PLH.static      ADJMBEDDHLB         11.6608 -> 11.6637
11971,1 fw Controll.static MKFDGFOCKNO         11.5991 -> 11.6491
11971,1 fw Controll.static LEKCBKLAILO         11.6491 -> 11.6991
11971,1 fw Controll.static OFJKHAFJIMA          0.0127 -> 0.0113
11971,1 fw PLH.static      ADJMBEDDHLB         11.6637 -> 11.6779
11986,7 fw Controll        MJPKOOHJOPA          7.6858 -> 7.9486
11986,8 fw PLH.static      ADJMBEDDHLB         11.6779 -> 11.6811
11991,3 fw Controll.static MNHBPCOOMLE         2021853 -> 2022116
11991,3 fw Controll.static GIPNIMALPEG          0.9876 -> 0.0385
11991,3 fw PLH.static      ADJMBEDDHLB         11.6811 -> 11.6969
12003,1 fw PLH.static      ADJMBEDDHLB         11.6969 -> 11.7013
12008,5 fw PLH.static      ADJMBEDDHLB         11.7013 -> 11.713
12017,8 fw Controll.static GLGCAOADGMN               0 -> 1
12017,9 fw PLH.static      ADJMBEDDHLB          11.713 -> 11.7184
12022,8 fw Controll.static MKFDGFOCKNO         11.6491 -> 11.6991
12022,8 fw Controll.static LEKCBKLAILO         11.6991 -> 11.7491
12022,8 fw Controll.static OFJKHAFJIMA          0.0113 -> 0.0017
12022,9 fw PLH.static      ADJMBEDDHLB         11.7184 -> 11.7278
12033,2 fw PLH.static      ADJMBEDDHLB         11.7278 -> 11.7328
12038,3 fw Controll.static GIPNIMALPEG          0.0385 -> 0.9784
12038,4 fw PLH.static      ADJMBEDDHLB         11.7328 -> 11.7431
12051,8 fw PLH.static      ADJMBEDDHLB         11.7431 -> 11.7484
12054,6 fw PLH.static      ADJMBEDDHLB         11.7484 -> 11.7617
12068,0 fw Controll.static GLGCAOADGMN               1 -> 0
12068,0 fw PLH.static      ADJMBEDDHLB         11.7617 -> 11.7645
12071,6 fw Controll.static MKFDGFOCKNO         11.6991 -> 11.7491
12071,6 fw Controll.static LEKCBKLAILO         11.7491 -> 11.7991
12071,6 fw Controll.static OFJKHAFJIMA          0.0017 -> 0.0122
12071,7 fw PLH.static      ADJMBEDDHLB         11.7645 -> 11.778
12084,2 fw PLH.static      ADJMBEDDHLB          11.778 -> 11.7816
12088,2 fw Controll.static GIPNIMALPEG          0.9784 -> 0.9779
12088,3 fw PLH.static      ADJMBEDDHLB         11.7816 -> 11.7941
12100,9 fw PLH.static      ADJMBEDDHLB         11.7941 -> 11.7982
12104,3 fw PLH.static      ADJMBEDDHLB         11.7982 -> 11.8109
12117,1 fw PLH.static      ADJMBEDDHLB         11.8109 -> 11.8142
12121,6 fw player          APFNBGHAJMD               1 -> 0
12121,6 fw player          HEADELMLILF               1 -> 0
12121,6 fw Controll.static MKFDGFOCKNO         11.7491 -> 11.7991
12121,6 fw Controll.static LEKCBKLAILO         11.7991 -> 11.8491
12121,6 fw Controll.static OFJKHAFJIMA          0.0122 -> 0.0112
12121,6 fw PLH.static      ADJMBEDDHLB         11.8142 -> 11.8271
12121,6 fw PLH.static      CFIMEAFDJFM          7.4994 -> 7.7809
12135,5 fw PLH.static      ADJMBEDDHLB         11.8271 -> 11.8315
12135,5 fw HUD.static      GONEFAMEMOJ               0 -> 410
12135,5 fw HUD.static      DJBNLINNLOJ               0 -> -1
12135,5 fw HUD.static      DIIAFKMNANI               0 -> 7.7809
12139,6 fw Controll.static GIPNIMALPEG          0.9779 -> 0.0045
12139,6 fw PLH.static      ADJMBEDDHLB         11.8315 -> 11.8454
12139,6 fw PLH.static      CFIMEAFDJFM          7.7809 -> 7.7984
12150,4 fw PLH.static      ADJMBEDDHLB         11.8454 -> 11.8495
12150,4 fw PLH.static      CFIMEAFDJFM          7.7984 -> 7.803
12157,0 fw PLH.static      ADJMBEDDHLB         11.8495 -> 11.8604
12157,0 fw PLH.static      CFIMEAFDJFM           7.803 -> 7.8147
12166,6 fw PLH.static      ADJMBEDDHLB         11.8604 -> 11.8669
12169,9 fw Controll.static MKFDGFOCKNO         11.7991 -> 11.8491
12169,9 fw Controll.static LEKCBKLAILO         11.8491 -> 11.8991
12169,9 fw Controll.static OFJKHAFJIMA          0.0112 -> 0
12169,9 fw PLH.static      ADJMBEDDHLB         11.8669 -> 11.8765
12184,2 fw PLH.static      ADJMBEDDHLB         11.8765 -> 11.8798
12188,0 fw Controll.static MNHBPCOOMLE         2022116 -> 2022318
12188,0 fw PLH.static      ADJMBEDDHLB         11.8798 -> 11.8942
12202,3 fw Controll.static GIPNIMALPEG          0.0045 -> 0.2588
12202,3 fw Controll        MJPKOOHJOPA          7.9486 -> 8.1517
12202,3 fw PLH.static      ADJMBEDDHLB         11.8942 -> 11.8979
12205,3 fw PLH.static      ADJMBEDDHLB         11.8979 -> 11.9123
12218,0 fw PLH.static      ADJMBEDDHLB         11.9123 -> 11.9153
12222,8 fw Controll.static MKFDGFOCKNO         11.8491 -> 11.8991
12222,8 fw Controll.static LEKCBKLAILO         11.8991 -> 11.9491
12222,9 fw PLH.static      ADJMBEDDHLB         11.9153 -> 11.9279
12232,9 fw Controll.static OFJKHAFJIMA               0 -> 0.0127
12233,0 fw PLH.static      ADJMBEDDHLB         11.9279 -> 11.9328
12238,9 fw PLH.static      ADJMBEDDHLB         11.9328 -> 11.9429
12249,7 fw Controll.static GIPNIMALPEG          0.2588 -> 0.2072
12249,8 fw PLH.static      ADJMBEDDHLB         11.9429 -> 11.9488
12253,5 fw PLH.static      ADJMBEDDHLB         11.9488 -> 11.9597
12267,4 fw PLH.static      ADJMBEDDHLB         11.9597 -> 11.9635
12272,0 fw PLH.static      ADJMBEDDHLB         11.9635 -> 11.9773
12283,3 fw Controll.static MKFDGFOCKNO         11.8991 -> 11.9491
12283,3 fw Controll.static LEKCBKLAILO         11.9491 -> 11.9991
12283,3 fw Controll.static OFJKHAFJIMA          0.0127 -> 0.0102
12283,4 fw PLH.static      ADJMBEDDHLB         11.9773 -> 11.9819
12288,2 fw PLH.static      ADJMBEDDHLB         11.9819 -> 11.9933
12300,4 fw Controll.static GIPNIMALPEG          0.2072 -> 0.2212
12300,5 fw PLH.static      ADJMBEDDHLB         11.9933 -> 11.9981
12303,4 fw PLH.static      ADJMBEDDHLB         11.9981 -> 12.0104
12316,5 fw PLH.static      ADJMBEDDHLB         12.0104 -> 12.0133
12320,7 fw PLH.static      ADJMBEDDHLB         12.0133 -> 12.0264
12333,0 fw Controll.static MKFDGFOCKNO         11.9491 -> 11.9991
12333,0 fw Controll.static LEKCBKLAILO         11.9991 -> 12.0491
12333,0 fw Controll.static OFJKHAFJIMA          0.0102 -> 0.0108
12333,1 fw PLH.static      ADJMBEDDHLB         12.0264 -> 12.0306
12339,3 fw PLH.static      ADJMBEDDHLB         12.0306 -> 12.0431
12350,5 fw Controll.static GIPNIMALPEG          0.2212 -> 0.222
12350,5 fw PLH.static      ADJMBEDDHLB         12.0431 -> 12.0492
12354,1 fw PLH.static      ADJMBEDDHLB         12.0492 -> 12.0604
12366,8 fw PLH.static      ADJMBEDDHLB         12.0604 -> 12.064
12370,9 fw PLH.static      ADJMBEDDHLB          12.064 -> 12.0768
12383,3 fw Controll.static MKFDGFOCKNO         11.9991 -> 12.0491
12383,3 fw Controll.static LEKCBKLAILO         12.0491 -> 12.0991
12383,3 fw PLH.static      ADJMBEDDHLB         12.0768 -> 12.0808
12387,5 fw PLH.static      ADJMBEDDHLB         12.0808 -> 12.0932
12400,1 fw Controll.static GIPNIMALPEG           0.222 -> 0.2148
12400,2 fw PLH.static      ADJMBEDDHLB         12.0932 -> 12.0974
12404,5 fw PLH.static      ADJMBEDDHLB         12.0974 -> 12.1101
12416,5 fw PLH.static      ADJMBEDDHLB         12.1101 -> 12.1144
12419,9 fw PLH.static      ADJMBEDDHLB         12.1144 -> 12.1264
12432,1 fw Controll.static MKFDGFOCKNO         12.0491 -> 12.0991
12432,1 fw Controll.static LEKCBKLAILO         12.0991 -> 12.1491
12432,1 fw Controll.static OFJKHAFJIMA          0.0108 -> 0.0105
12432,2 fw PLH.static      ADJMBEDDHLB         12.1264 -> 12.1298
12436,9 fw PLH.static      ADJMBEDDHLB         12.1298 -> 12.1421
12436,9 fw PLH.static      CFIMEAFDJFM          7.8147 -> 8.0964
12449,9 fw Controll.static GIPNIMALPEG          0.2148 -> 0.2095
12450,0 fw PLH.static      ADJMBEDDHLB         12.1421 -> 12.1468
12453,9 fw PLH.static      ADJMBEDDHLB         12.1468 -> 12.16
12453,9 fw PLH.static      CFIMEAFDJFM          8.0964 -> 8.1139
12466,8 fw Controll.static DGNDKAKOEPD         2021133 -> 2022363
12466,8 fw Controll.static BEJBLGGGOCC       339600116 -> 339601415
12466,8 fw Controll.static JELGPAKAJPE             428 -> 591
12466,8 fw Controll.static EENJPDHGGGC         10.9126 -> 12.1421
12466,8 fw PLH.static      ADJMBEDDHLB           12.16 -> 12.1638
12471,0 fw PLH.static      ADJMBEDDHLB         12.1638 -> 12.1768
12471,0 fw PLH.static      CFIMEAFDJFM          8.1139 -> 8.1304
12482,9 fw Controll.static MKFDGFOCKNO         12.0991 -> 12.1491
12482,9 fw Controll.static LEKCBKLAILO         12.1491 -> 12.1992
12482,9 fw Controll.static OFJKHAFJIMA          0.0105 -> 0.0102
12482,9 fw PLH.static      ADJMBEDDHLB         12.1768 -> 12.1809
12487,2 fw PLH.static      ADJMBEDDHLB         12.1809 -> 12.1929
12500,2 fw PLH.static      ADJMBEDDHLB         12.1929 -> 12.1971
12503,7 fw Controll.static GIPNIMALPEG          0.2095 -> 0.2865
12503,8 fw PLH.static      ADJMBEDDHLB         12.1971 -> 12.2101
12516,5 fw PLH.static      ADJMBEDDHLB         12.2101 -> 12.2137
12520,9 fw PLH.static      ADJMBEDDHLB         12.2137 -> 12.2265
12531,8 fw Controll.static MKFDGFOCKNO         12.1491 -> 12.1992
12531,8 fw Controll.static LEKCBKLAILO         12.1992 -> 12.2492
12531,8 fw PLH.static      ADJMBEDDHLB         12.2265 -> 12.2308
12536,8 fw Controll.static OFJKHAFJIMA          0.0102 -> 0.0105
12536,9 fw PLH.static      ADJMBEDDHLB         12.2308 -> 12.2418
12548,9 fw PLH.static      ADJMBEDDHLB         12.2418 -> 12.2468
12552,0 fw Controll.static GIPNIMALPEG          0.2865 -> 0.2516
12552,0 fw PLH.static      ADJMBEDDHLB         12.2468 -> 12.2588
12567,1 fw PLH.static      ADJMBEDDHLB         12.2588 -> 12.262
12570,3 fw PLH.static      ADJMBEDDHLB          12.262 -> 12.2771
12584,2 fw PLH.static      ADJMBEDDHLB         12.2771 -> 12.2802
12588,1 fw Controll.static MKFDGFOCKNO         12.1992 -> 12.2492
12588,1 fw Controll.static LEKCBKLAILO         12.2492 -> 12.2992
12588,1 fw Controll.static OFJKHAFJIMA          0.0105 -> 0.0093
12588,2 fw PLH.static      ADJMBEDDHLB         12.2802 -> 12.2941
12599,9 fw PLH.static      ADJMBEDDHLB         12.2941 -> 12.2981
12604,0 fw Controll.static GIPNIMALPEG          0.2516 -> 0.2925
12604,1 fw PLH.static      ADJMBEDDHLB         12.2981 -> 12.3098
12616,5 fw PLH.static      ADJMBEDDHLB         12.3098 -> 12.314
12620,2 fw PLH.static      ADJMBEDDHLB          12.314 -> 12.3265
12632,2 fw PLH.static      ADJMBEDDHLB         12.3265 -> 12.3301
12638,4 fw Controll.static MKFDGFOCKNO         12.2492 -> 12.2992
12638,4 fw Controll.static LEKCBKLAILO         12.2992 -> 12.3492
12638,4 fw Controll.static OFJKHAFJIMA          0.0093 -> 0.0102
12638,5 fw PLH.static      ADJMBEDDHLB         12.3301 -> 12.3421
12648,7 fw PLH.static      ADJMBEDDHLB         12.3421 -> 12.3484
12652,6 fw Controll.static GIPNIMALPEG          0.2925 -> 0.2648
12652,7 fw PLH.static      ADJMBEDDHLB         12.3484 -> 12.3586
12663,1 fw PLH.static      ADJMBEDDHLB         12.3586 -> 12.3626
12669,4 fw PLH.static      ADJMBEDDHLB         12.3626 -> 12.3731
12677,8 fw PLH.static      ADJMBEDDHLB         12.3731 -> 12.3794
12684,1 fw Controll.static MKFDGFOCKNO         12.2992 -> 12.3492
12684,2 fw Controll.static LEKCBKLAILO         12.3492 -> 12.3992
12684,2 fw Controll.static OFJKHAFJIMA          0.0102 -> 0.009
12684,2 fw PLH.static      ADJMBEDDHLB         12.3794 -> 12.3877
12692,9 fw PLH.static      ADJMBEDDHLB         12.3877 -> 12.3941
12700,3 fw Controll.static GIPNIMALPEG          0.2648 -> 0.2175
12700,3 fw PLH.static      ADJMBEDDHLB         12.3941 -> 12.4028
12706,1 fw PLH.static      ADJMBEDDHLB         12.4028 -> 12.4102
12715,3 fw PLH.static      ADJMBEDDHLB         12.4102 -> 12.416
12720,4 fw PLH.static      ADJMBEDDHLB          12.416 -> 12.4252
12731,8 fw Controll.static MKFDGFOCKNO         12.3492 -> 12.3992
12731,8 fw Controll.static LEKCBKLAILO         12.3992 -> 12.4492
12731,8 fw Controll.static OFJKHAFJIMA           0.009 -> 0.0032
12731,8 fw PLH.static      ADJMBEDDHLB         12.4252 -> 12.4303
12742,6 fw PLH.static      ADJMBEDDHLB         12.4303 -> 12.4437
12742,6 fw PLH.static      CFIMEAFDJFM          8.1304 -> 8.3961
12748,8 fw Controll.static GIPNIMALPEG          0.2175 -> 0.1888
12748,9 fw PLH.static      ADJMBEDDHLB         12.4437 -> 12.4525
12757,0 fw PLH.static      ADJMBEDDHLB         12.4525 -> 12.4588
12757,0 fw PLH.static      CFIMEAFDJFM          8.3961 -> 8.4132
12764,8 fw PLH.static      ADJMBEDDHLB         12.4588 -> 12.4669
12764,8 fw PLH.static      CFIMEAFDJFM          8.4132 -> 8.4207
12770,2 fw PLH.static      ADJMBEDDHLB         12.4669 -> 12.4747
12782,4 fw Controll.static MKFDGFOCKNO         12.3992 -> 12.4492
12782,4 fw Controll.static LEKCBKLAILO         12.4492 -> 12.4992
12782,4 fw Controll.static OFJKHAFJIMA          0.0032 -> 0.003
12782,4 fw PLH.static      ADJMBEDDHLB         12.4747 -> 12.4801
12785,4 fw PLH.static      ADJMBEDDHLB         12.4801 -> 12.4923
12799,3 fw PLH.static      ADJMBEDDHLB         12.4923 -> 12.4953
12802,1 fw Controll.static GIPNIMALPEG          0.1888 -> 0.2533
12802,1 fw PLH.static      ADJMBEDDHLB         12.4953 -> 12.5092
12814,8 fw PLH.static      ADJMBEDDHLB         12.5092 -> 12.5121
12819,7 fw PLH.static      ADJMBEDDHLB         12.5121 -> 12.5247
12831,5 fw Controll.static MKFDGFOCKNO         12.4492 -> 12.4992
12831,5 fw Controll.static LEKCBKLAILO         12.4992 -> 12.5492
12831,6 fw PLH.static      ADJMBEDDHLB         12.5247 -> 12.5297
12835,2 fw Controll.static OFJKHAFJIMA           0.003 -> 0.0096
12835,2 fw PLH.static      ADJMBEDDHLB         12.5297 -> 12.5415
12849,0 fw PLH.static      ADJMBEDDHLB         12.5415 -> 12.5451
12851,6 fw Controll.static GIPNIMALPEG          0.2533 -> 0.2443
12851,7 fw PLH.static      ADJMBEDDHLB         12.5451 -> 12.559
12866,3 fw PLH.static      ADJMBEDDHLB          12.559 -> 12.5616
12869,6 fw PLH.static      ADJMBEDDHLB         12.5616 -> 12.5763
12882,2 fw PLH.static      ADJMBEDDHLB         12.5763 -> 12.5795
12886,4 fw Controll.static MKFDGFOCKNO         12.4992 -> 12.5492
12886,4 fw Controll.static LEKCBKLAILO         12.5492 -> 12.5992
12886,4 fw Controll.static OFJKHAFJIMA          0.0096 -> 0.0094
12886,5 fw PLH.static      ADJMBEDDHLB         12.5795 -> 12.5921
12898,8 fw PLH.static      ADJMBEDDHLB         12.5921 -> 12.5964
12901,8 fw Controll.static GIPNIMALPEG          0.2443 -> 0.2482
12901,9 fw PLH.static      ADJMBEDDHLB         12.5964 -> 12.6087
12914,8 fw PLH.static      ADJMBEDDHLB         12.6087 -> 12.6118
12919,4 fw PLH.static      ADJMBEDDHLB         12.6118 -> 12.6248
12931,1 fw PLH.static      ADJMBEDDHLB         12.6248 -> 12.6293
12935,1 fw Controll.static MKFDGFOCKNO         12.5492 -> 12.5992
12935,1 fw Controll.static LEKCBKLAILO         12.5992 -> 12.6492
12935,1 fw Controll.static OFJKHAFJIMA          0.0094 -> 0.0091
12935,2 fw PLH.static      ADJMBEDDHLB         12.6293 -> 12.641
12945,1 fw PLH.static      ADJMBEDDHLB          12.641 -> 12.6451
12950,9 fw Controll.static GIPNIMALPEG          0.2482 -> 0.2284
12950,9 fw PLH.static      ADJMBEDDHLB         12.6451 -> 12.6551
12958,8 fw PLH.static      ADJMBEDDHLB         12.6551 -> 12.6608
12965,9 fw PLH.static      ADJMBEDDHLB         12.6608 -> 12.6687
12973,9 fw PLH.static      ADJMBEDDHLB         12.6687 -> 12.6758
12982,2 fw Controll.static MKFDGFOCKNO         12.5992 -> 12.6492
12982,2 fw Controll.static LEKCBKLAILO         12.6492 -> 12.6992
12982,2 fw Controll.static OFJKHAFJIMA          0.0091 -> 0.0053
12982,2 fw PLH.static      ADJMBEDDHLB         12.6758 -> 12.6839
12987,0 fw PLH.static      ADJMBEDDHLB         12.6839 -> 12.6922
12998,8 fw Controll.static GIPNIMALPEG          0.2284 -> 0.1872
12998,8 fw PLH.static      ADJMBEDDHLB         12.6922 -> 12.6969
13002,6 fw PLH.static      ADJMBEDDHLB         12.6969 -> 12.7088
13014,8 fw PLH.static      ADJMBEDDHLB         12.7088 -> 12.7125
13020,3 fw PLH.static      ADJMBEDDHLB         12.7125 -> 12.7247
13030,5 fw Controll.static MKFDGFOCKNO         12.6492 -> 12.6992
13030,6 fw Controll.static LEKCBKLAILO         12.6992 -> 12.7492
13030,6 fw Controll.static OFJKHAFJIMA          0.0053 -> 0.0091
13030,6 fw PLH.static      ADJMBEDDHLB         12.7247 -> 12.7302
13034,8 fw PLH.static      ADJMBEDDHLB         12.7302 -> 12.7405
13045,2 fw Controll.static GIPNIMALPEG          0.1872 -> 0.114
13045,2 fw PLH.static      ADJMBEDDHLB         12.7405 -> 12.7447
13050,8 fw PLH.static      ADJMBEDDHLB         12.7447 -> 12.7553
13050,8 fw PLH.static      CFIMEAFDJFM          8.4207 -> 8.7083
13059,5 fw PLH.static      ADJMBEDDHLB         12.7553 -> 12.7607
13065,7 fw PLH.static      ADJMBEDDHLB         12.7607 -> 12.7695
13065,7 fw PLH.static      CFIMEAFDJFM          8.7083 -> 8.7231
13073,9 fw Controll.static MKFDGFOCKNO         12.6992 -> 12.7492
13073,9 fw Controll.static LEKCBKLAILO         12.7492 -> 12.7992
13073,9 fw Controll.static OFJKHAFJIMA          0.0091 -> 0.0054
13074,0 fw PLH.static      ADJMBEDDHLB         12.7695 -> 12.7756
13081,8 fw PLH.static      ADJMBEDDHLB         12.7756 -> 12.7839
13087,2 fw PLH.static      ADJMBEDDHLB         12.7839 -> 12.7917
13099,0 fw Controll.static GIPNIMALPEG           0.114 -> 0.1915
13099,1 fw PLH.static      ADJMBEDDHLB         12.7917 -> 12.7971
13102,2 fw PLH.static      ADJMBEDDHLB         12.7971 -> 12.809
13114,1 fw PLH.static      ADJMBEDDHLB          12.809 -> 12.8121
13119,6 fw Controll.static MKFDGFOCKNO         12.7492 -> 12.7992
13119,6 fw Controll.static LEKCBKLAILO         12.7992 -> 12.8492
13119,6 fw PLH.static      ADJMBEDDHLB         12.8121 -> 12.824
13127,8 fw Controll.static OFJKHAFJIMA          0.0054 -> 0.0094
13127,8 fw PLH.static      ADJMBEDDHLB          12.824 -> 12.8295
13134,7 fw PLH.static      ADJMBEDDHLB         12.8295 -> 12.8377
13143,4 fw Controll.static GIPNIMALPEG          0.1915 -> 0.077
13143,4 fw PLH.static      ADJMBEDDHLB         12.8377 -> 12.8447
13149,5 fw PLH.static      ADJMBEDDHLB         12.8447 -> 12.8533
13158,1 fw PLH.static      ADJMBEDDHLB         12.8533 -> 12.8594
13165,3 fw PLH.static      ADJMBEDDHLB         12.8594 -> 12.868
13172,2 fw Controll.static MKFDGFOCKNO         12.7992 -> 12.8492
13172,2 fw Controll.static LEKCBKLAILO         12.8492 -> 12.8992
13172,2 fw Controll.static OFJKHAFJIMA          0.0094 -> 0.0036
13172,3 fw PLH.static      ADJMBEDDHLB          12.868 -> 12.8753
13172,3 fw PLH.static      CFIMEAFDJFM          8.7231 -> 8.8296
13181,9 fw PLH.static      ADJMBEDDHLB         12.8753 -> 12.8822
13186,1 fw Controll.static GIPNIMALPEG           0.077 -> 0.933
13186,2 fw PLH.static      ADJMBEDDHLB         12.8822 -> 12.8919
13198,2 fw Controll.static DGNDKAKOEPD         2022363 -> 2023096
13198,2 fw Controll.static BEJBLGGGOCC       339601415 -> 339602335
13198,2 fw PLH.static      ADJMBEDDHLB         12.8919 -> 12.8961
13198,2 fw PLH.static      CFIMEAFDJFM          8.8296 -> 8.8503
13202,2 fw Controll.static JELGPAKAJPE             591 -> 317
13202,2 fw Controll.static EENJPDHGGGC         12.1421 -> 12.8752
13202,2 fw PLH.static      ADJMBEDDHLB         12.8961 -> 12.9081
13202,2 fw PLH.static      CFIMEAFDJFM          8.8503 -> 8.8617
13214,8 fw PLH.static      ADJMBEDDHLB         12.9081 -> 12.9121
13219,0 fw Controll.static MKFDGFOCKNO         12.8492 -> 12.8992
13219,0 fw Controll.static LEKCBKLAILO         12.8992 -> 12.9492
13219,0 fw Controll.static OFJKHAFJIMA          0.0036 -> 0.0085
13219,0 fw PLH.static      ADJMBEDDHLB         12.9121 -> 12.9248
13219,0 fw PLH.static      CFIMEAFDJFM          8.8617 -> 8.8789
13230,7 fw PLH.static      ADJMBEDDHLB         12.9248 -> 12.9289
13235,4 fw Controll.static GIPNIMALPEG           0.933 -> 0.9185
13235,4 fw PLH.static      ADJMBEDDHLB         12.9289 -> 12.9406
13235,4 fw PLH.static      CFIMEAFDJFM          8.8789 -> 8.8949
13248,9 fw PLH.static      ADJMBEDDHLB         12.9406 -> 12.9453
13251,9 fw PLH.static      ADJMBEDDHLB         12.9453 -> 12.9589
13251,9 fw PLH.static      CFIMEAFDJFM          8.8949 -> 8.9121
13264,5 fw PLH.static      ADJMBEDDHLB         12.9589 -> 12.9618
13268,7 fw Controll.static MKFDGFOCKNO         12.8992 -> 12.9492
13268,7 fw Controll.static LEKCBKLAILO         12.9492 -> 12.9992
13268,7 fw Controll.static OFJKHAFJIMA          0.0085 -> 0.0092
13268,8 fw PLH.static      ADJMBEDDHLB         12.9618 -> 12.9745
13280,6 fw PLH.static      ADJMBEDDHLB         12.9745 -> 12.9787
13280,6 fw PLH.static      CFIMEAFDJFM          8.9121 -> 8.9331
13284,6 fw player          APFNBGHAJMD               0 -> 1
13284,7 fw Controll.static GIPNIMALPEG          0.9185 -> 0.9041
13284,7 fw PLH.static      ADJMBEDDHLB         12.9787 -> 12.9906
13297,8 fw PLH.static      ADJMBEDDHLB         12.9906 -> 12.9946
13301,3 fw PLH.static      ADJMBEDDHLB         12.9946 -> 13.0077
13301,3 fw PLH.static      CFIMEAFDJFM          8.9331 -> 8.9611
13313,6 fw PLH.static      ADJMBEDDHLB         13.0077 -> 13.0112
13313,6 fw PLH.static      CFIMEAFDJFM          8.9611 -> 8.9655
13318,6 fw Controll.static MKFDGFOCKNO         12.9492 -> 12.9992
13318,6 fw Controll.static LEKCBKLAILO         12.9992 -> 13.0492
13318,7 fw Controll.static OFJKHAFJIMA          0.0092 -> 0.0081
13318,7 fw PLH.static      ADJMBEDDHLB         13.0112 -> 13.0236
13318,7 fw PLH.static      CFIMEAFDJFM          8.9655 -> 8.9779
13331,0 fw Controll.static FBINCNDDPAO               0 -> 8.9941
13331,0 fw Controll.static ILGHFLMKMCO               0 -> 10.9941
13331,0 fw Controll.static JADIDAJFOGK               0 -> 0.39
13331,1 fw PLH.static      ADJMBEDDHLB         13.0236 -> 13.0286
13334,9 fw Controll.static GIPNIMALPEG          0.9041 -> 0.9084
13335,0 fw PLH.static      ADJMBEDDHLB         13.0286 -> 13.0411
13348,7 fw PLH.static      ADJMBEDDHLB         13.0411 -> 13.045
13348,7 fw PLH.static      CFIMEAFDJFM          8.9779 -> 8.9993
13352,3 fw PLH.static      ADJMBEDDHLB          13.045 -> 13.0586
13352,3 fw PLH.static      CFIMEAFDJFM          8.9993 -> 9.0118
13364,5 fw Controll.static DJACNOGOCKD               0 -> 1
13364,6 fw PLH.static      ADJMBEDDHLB         13.0586 -> 13.0622
13368,8 fw Controll.static MKFDGFOCKNO         12.9992 -> 13.0492
13368,8 fw Controll.static LEKCBKLAILO         13.0492 -> 13.0992
13368,8 fw Controll.static OFJKHAFJIMA          0.0081 -> 0.0089
13368,8 fw PLH.static      ADJMBEDDHLB         13.0622 -> 13.0747
13368,9 fw PLH.static      CFIMEAFDJFM          9.0118 -> 9.0282
13380,6 fw PLH.static      ADJMBEDDHLB         13.0747 -> 13.0788
13385,4 fw PLH.static      ADJMBEDDHLB         13.0788 -> 13.0906
13385,4 fw PLH.static      CFIMEAFDJFM          9.0282 -> 9.0442
13397,7 fw Controll.static GIPNIMALPEG          0.9084 -> 0.1647
13397,8 fw PLH.static      ADJMBEDDHLB         13.0906 -> 13.0953
13401,7 fw PLH.static      ADJMBEDDHLB         13.0953 -> 13.1077
13401,7 fw PLH.static      CFIMEAFDJFM          9.0442 -> 9.0611
13413,1 fw PLH.static      ADJMBEDDHLB         13.1077 -> 13.1118
13413,1 fw PLH.static      CFIMEAFDJFM          9.0611 -> 9.0656
13418,2 fw Controll.static MKFDGFOCKNO         13.0492 -> 13.0992
13418,2 fw Controll.static LEKCBKLAILO         13.0992 -> 13.1492
13418,3 fw PLH.static      ADJMBEDDHLB         13.1118 -> 13.123
13426,5 fw Controll.static OFJKHAFJIMA          0.0089 -> 0.008
13426,6 fw PLH.static      ADJMBEDDHLB          13.123 -> 13.1282
13426,6 fw PLH.static      CFIMEAFDJFM          9.0656 -> 9.0819
13433,3 fw PLH.static      ADJMBEDDHLB         13.1282 -> 13.1365
13441,9 fw Controll.static GIPNIMALPEG          0.1647 -> 0.0494
13442,0 fw PLH.static      ADJMBEDDHLB         13.1365 -> 13.1433
13448,3 fw PLH.static      ADJMBEDDHLB         13.1433 -> 13.1519
13448,3 fw PLH.static      CFIMEAFDJFM          9.0819 -> 9.1053
13457,4 fw PLH.static      ADJMBEDDHLB         13.1519 -> 13.1582
13464,5 fw PLH.static      ADJMBEDDHLB         13.1582 -> 13.1673
13464,5 fw PLH.static      CFIMEAFDJFM          9.1053 -> 9.121
13471,8 fw Controll.static MKFDGFOCKNO         13.0992 -> 13.1492
13471,8 fw Controll.static LEKCBKLAILO         13.1492 -> 13.1992
13471,8 fw Controll.static OFJKHAFJIMA           0.008 -> 0.0023
13471,8 fw PLH.static      ADJMBEDDHLB         13.1673 -> 13.1744
13480,3 fw PLH.static      ADJMBEDDHLB         13.1744 -> 13.1818
13480,3 fw PLH.static      CFIMEAFDJFM           9.121 -> 9.1361
13484,7 fw Controll.static GIPNIMALPEG          0.0494 -> 0.9048
13484,7 fw PLH.static      ADJMBEDDHLB         13.1818 -> 13.1902
13484,7 fw PLH.static      CFIMEAFDJFM          9.1361 -> 9.1439
13500,3 fw PLH.static      ADJMBEDDHLB         13.1902 -> 13.1947
13502,9 fw PLH.static      ADJMBEDDHLB         13.1947 -> 13.2102
13514,4 fw PLH.static      ADJMBEDDHLB         13.2102 -> 13.2128
13514,4 fw PLH.static      CFIMEAFDJFM          9.1439 -> 9.1673
13520,2 fw Controll.static MKFDGFOCKNO         13.1492 -> 13.1992
13520,2 fw Controll.static LEKCBKLAILO         13.1992 -> 13.2492
13520,2 fw Controll.static OFJKHAFJIMA          0.0023 -> 0.0106
13520,3 fw PLH.static      ADJMBEDDHLB         13.2128 -> 13.2243
13520,3 fw PLH.static      CFIMEAFDJFM          9.1673 -> 9.1786
13529,8 fw PLH.static      ADJMBEDDHLB         13.2243 -> 13.2302
13534,0 fw Controll.static GIPNIMALPEG          0.9048 -> 0.8906
13534,0 fw PLH.static      ADJMBEDDHLB         13.2302 -> 13.2397
13547,3 fw PLH.static      ADJMBEDDHLB         13.2397 -> 13.2439
13550,9 fw PLH.static      ADJMBEDDHLB         13.2439 -> 13.2572
13550,9 fw PLH.static      CFIMEAFDJFM          9.1786 -> 9.2108
13563,6 fw PLH.static      ADJMBEDDHLB         13.2572 -> 13.2609
13563,6 fw PLH.static      CFIMEAFDJFM          9.2108 -> 9.2151
13566,9 fw Controll.static MKFDGFOCKNO         13.1992 -> 13.2493
13566,9 fw Controll.static LEKCBKLAILO         13.2492 -> 13.2993
13566,9 fw Controll.static OFJKHAFJIMA          0.0106 -> 0.0076
13566,9 fw PLH.static      ADJMBEDDHLB         13.2609 -> 13.2736
13566,9 fw PLH.static      CFIMEAFDJFM          9.2151 -> 9.2273
13580,1 fw PLH.static      ADJMBEDDHLB         13.2736 -> 13.2768
13590,3 fw Controll.static GIPNIMALPEG          0.8906 -> 0.0157
13590,4 fw PLH.static      ADJMBEDDHLB         13.2768 -> 13.2955
13603,0 fw PLH.static      ADJMBEDDHLB         13.2955 -> 13.3003
13603,0 fw PLH.static      CFIMEAFDJFM          9.2273 -> 9.2543
13606,6 fw PLH.static      ADJMBEDDHLB         13.3003 -> 13.3129
13606,6 fw PLH.static      CFIMEAFDJFM          9.2543 -> 9.2658
13618,0 fw PLH.static      ADJMBEDDHLB         13.3129 -> 13.3165
13622,4 fw Controll.static MKFDGFOCKNO         13.2493 -> 13.2993
13622,4 fw Controll.static LEKCBKLAILO         13.2993 -> 13.3493
13622,4 fw Controll.static OFJKHAFJIMA          0.0076 -> 0.0005
13622,4 fw PLH.static      ADJMBEDDHLB         13.3165 -> 13.3279
13632,1 fw PLH.static      ADJMBEDDHLB         13.3279 -> 13.3324
13632,1 fw PLH.static      CFIMEAFDJFM          9.2658 -> 9.2866
13638,3 fw Controll.static GIPNIMALPEG          0.0157 -> 0.9755
13638,3 fw PLH.static      ADJMBEDDHLB         13.3324 -> 13.342
13647,9 fw PLH.static      ADJMBEDDHLB          13.342 -> 13.3482
13653,6 fw PLH.static      ADJMBEDDHLB         13.3482 -> 13.3578
13664,9 fw PLH.static      ADJMBEDDHLB         13.3578 -> 13.3636
13664,9 fw PLH.static      CFIMEAFDJFM          9.2866 -> 9.3178
13668,5 fw Controll.static MKFDGFOCKNO         13.2993 -> 13.3493
13668,5 fw Controll.static LEKCBKLAILO         13.3493 -> 13.3993
13668,5 fw Controll.static OFJKHAFJIMA          0.0005 -> 0.0081
13668,5 fw PLH.static      ADJMBEDDHLB         13.3636 -> 13.3748
13668,5 fw PLH.static      CFIMEAFDJFM          9.3178 -> 9.3284
13680,6 fw PLH.static      ADJMBEDDHLB         13.3748 -> 13.3784
13685,1 fw PLH.static      ADJMBEDDHLB         13.3784 -> 13.3906
13697,5 fw Controll.static GIPNIMALPEG          0.9755 -> 0.1595
13697,5 fw PLH.static      ADJMBEDDHLB         13.3906 -> 13.395
13701,4 fw PLH.static      ADJMBEDDHLB          13.395 -> 13.4074
13701,4 fw PLH.static      CFIMEAFDJFM          9.3284 -> 9.3609
13712,7 fw PLH.static      ADJMBEDDHLB         13.4074 -> 13.4114
13718,0 fw Controll.static MKFDGFOCKNO         13.3493 -> 13.3993
13718,0 fw Controll.static LEKCBKLAILO         13.3993 -> 13.4493
13718,0 fw PLH.static      ADJMBEDDHLB         13.4114 -> 13.4227
13729,3 fw Controll.static OFJKHAFJIMA          0.0081 -> 0.0078
13729,4 fw PLH.static      ADJMBEDDHLB         13.4227 -> 13.4279
13729,4 fw PLH.static      CFIMEAFDJFM          9.3609 -> 9.3817
13733,4 fw PLH.static      ADJMBEDDHLB         13.4279 -> 13.4394
13747,4 fw Controll.static GIPNIMALPEG          0.1595 -> 0.1581
13747,5 fw PLH.static      ADJMBEDDHLB         13.4394 -> 13.4434
13751,7 fw PLH.static      ADJMBEDDHLB         13.4434 -> 13.4574
13751,7 fw PLH.static      CFIMEAFDJFM          9.3817 -> 9.4107
13764,1 fw PLH.static      ADJMBEDDHLB         13.4574 -> 13.4617
13764,1 fw PLH.static      CFIMEAFDJFM          9.4107 -> 9.4159
13768,3 fw PLH.static      ADJMBEDDHLB         13.4617 -> 13.474
13768,3 fw PLH.static      CFIMEAFDJFM          9.4159 -> 9.4275
13779,5 fw Controll.static MKFDGFOCKNO         13.3993 -> 13.4493
13779,5 fw Controll.static LEKCBKLAILO         13.4493 -> 13.4993
13779,5 fw Controll.static OFJKHAFJIMA          0.0078 -> 0.0077
13779,5 fw PLH.static      ADJMBEDDHLB          13.474 -> 13.4782
13779,5 fw PLH.static      CFIMEAFDJFM          9.4275 -> 9.4326
13783,8 fw PLH.static      ADJMBEDDHLB         13.4782 -> 13.4894
13796,9 fw Controll.static GIPNIMALPEG          0.1581 -> 0.148
13796,9 fw PLH.static      ADJMBEDDHLB         13.4894 -> 13.4938
13800,6 fw PLH.static      ADJMBEDDHLB         13.4938 -> 13.5069
13812,1 fw PLH.static      ADJMBEDDHLB         13.5069 -> 13.5106
13817,8 fw PLH.static      ADJMBEDDHLB         13.5106 -> 13.5221
13817,8 fw PLH.static      CFIMEAFDJFM          9.4326 -> 9.4764
13828,5 fw Controll.static MKFDGFOCKNO         13.4493 -> 13.4993
13828,6 fw Controll.static LEKCBKLAILO         13.4993 -> 13.5493
13828,6 fw Controll.static OFJKHAFJIMA          0.0077 -> 0.0072
13828,6 fw PLH.static      ADJMBEDDHLB         13.5221 -> 13.5278
13832,3 fw PLH.static      ADJMBEDDHLB         13.5278 -> 13.5385
13832,3 fw PLH.static      CFIMEAFDJFM          9.4764 -> 9.4929
13846,6 fw Controll.static GIPNIMALPEG           0.148 -> 0.1415
13846,7 fw PLH.static      ADJMBEDDHLB         13.5385 -> 13.5422
13849,9 fw PLH.static      ADJMBEDDHLB         13.5422 -> 13.5566
13862,6 fw PLH.static      ADJMBEDDHLB         13.5566 -> 13.5598
13866,6 fw PLH.static      ADJMBEDDHLB         13.5598 -> 13.5725
13879,4 fw Controll.static MKFDGFOCKNO         13.4993 -> 13.5493
13879,4 fw Controll.static LEKCBKLAILO         13.5493 -> 13.5993
13879,4 fw Controll.static OFJKHAFJIMA          0.0072 -> 0.0068
13879,4 fw PLH.static      ADJMBEDDHLB         13.5725 -> 13.5765
13882,6 fw PLH.static      ADJMBEDDHLB         13.5765 -> 13.5894
13895,8 fw Controll.static GIPNIMALPEG          0.1415 -> 0.125
13895,8 fw PLH.static      ADJMBEDDHLB         13.5894 -> 13.5925
13900,3 fw PLH.static      ADJMBEDDHLB         13.5925 -> 13.6058
13912,3 fw PLH.static      ADJMBEDDHLB         13.6058 -> 13.6102
13912,3 fw PLH.static      CFIMEAFDJFM          9.4929 -> 9.5639
13916,9 fw PLH.static      ADJMBEDDHLB         13.6102 -> 13.6224
13916,9 fw PLH.static      CFIMEAFDJFM          9.5639 -> 9.5766
13928,5 fw Controll.static MKFDGFOCKNO         13.5493 -> 13.5993
13928,5 fw Controll.static LEKCBKLAILO         13.5993 -> 13.6493
13928,5 fw Controll.static OFJKHAFJIMA          0.0068 -> 0.006
13928,5 fw PLH.static      ADJMBEDDHLB         13.6224 -> 13.6268
13932,5 fw PLH.static      ADJMBEDDHLB         13.6268 -> 13.6385
13932,5 fw PLH.static      CFIMEAFDJFM          9.5766 -> 9.5928
13946,6 fw Controll.static GIPNIMALPEG           0.125 -> 0.1405
13946,6 fw PLH.static      ADJMBEDDHLB         13.6385 -> 13.6424
13950,2 fw player          LBKINNIDKEC               1 -> 0
13950,2 fw PLH.static      ADJMBEDDHLB         13.6424 -> 13.6565
13950,3 fw PLH.static      CFIMEAFDJFM          9.5928 -> 9.6096
13962,6 fw PLH.static      ADJMBEDDHLB         13.6565 -> 13.6602
13967,0 fw PLH.static      ADJMBEDDHLB         13.6602 -> 13.6725
13979,3 fw Controll.static MKFDGFOCKNO         13.5993 -> 13.6493
13979,3 fw Controll.static LEKCBKLAILO         13.6493 -> 13.6993
13979,3 fw Controll.static OFJKHAFJIMA           0.006 -> 0.0067
13979,4 fw PLH.static      ADJMBEDDHLB         13.6725 -> 13.6769
13982,4 fw PLH.static      ADJMBEDDHLB         13.6769 -> 13.6893
13995,6 fw PLH.static      ADJMBEDDHLB         13.6893 -> 13.6923
13999,8 fw Controll.static GIPNIMALPEG          0.1405 -> 0.2045
13999,8 fw PLH.static      ADJMBEDDHLB         13.6923 -> 13.7055
14012,0 fw PLH.static      ADJMBEDDHLB         13.7055 -> 13.7097
14012,0 fw PLH.static      CFIMEAFDJFM          9.6096 -> 9.6635
14016,3 fw PLH.static      ADJMBEDDHLB         13.7097 -> 13.7219
14016,3 fw PLH.static      CFIMEAFDJFM          9.6635 -> 9.6763
14028,5 fw Controll.static MKFDGFOCKNO         13.6493 -> 13.6993
14028,5 fw Controll.static LEKCBKLAILO         13.6993 -> 13.7493
14028,5 fw PLH.static      ADJMBEDDHLB         13.7219 -> 13.7263
14032,5 fw Controll.static OFJKHAFJIMA          0.0067 -> 0.0057
14032,5 fw PLH.static      ADJMBEDDHLB         13.7263 -> 13.7384
14046,6 fw PLH.static      ADJMBEDDHLB         13.7384 -> 13.7424
14050,5 fw Controll.static GIPNIMALPEG          0.2045 -> 0.2097
14050,6 fw PLH.static      ADJMBEDDHLB         13.7424 -> 13.7565
14050,6 fw PLH.static      CFIMEAFDJFM          9.6763 -> 9.71
14062,2 fw PLH.static      ADJMBEDDHLB         13.7565 -> 13.7605
14066,6 fw PLH.static      ADJMBEDDHLB         13.7605 -> 13.7723
14066,6 fw PLH.static      CFIMEAFDJFM            9.71 -> 9.7259
14078,9 fw PLH.static      ADJMBEDDHLB         13.7723 -> 13.7765
14082,1 fw Controll.static MKFDGFOCKNO         13.6993 -> 13.7493
14082,1 fw Controll.static LEKCBKLAILO         13.7493 -> 13.7993
14082,1 fw Controll.static OFJKHAFJIMA          0.0057 -> 0.0068
14082,2 fw PLH.static      ADJMBEDDHLB         13.7765 -> 13.7889
14082,2 fw PLH.static      CFIMEAFDJFM          9.7259 -> 9.7424
14095,4 fw PLH.static      ADJMBEDDHLB         13.7889 -> 13.7921
14100,4 fw Controll.static GIPNIMALPEG          0.2097 -> 0.2164
14100,4 fw PLH.static      ADJMBEDDHLB         13.7921 -> 13.8053
14111,6 fw Controll.static DGNDKAKOEPD         2023096 -> 2023993
14111,6 fw Controll.static BEJBLGGGOCC       339602335 -> 339603145
14111,6 fw PLH.static      ADJMBEDDHLB         13.8053 -> 13.8103
14115,5 fw Controll.static JELGPAKAJPE             317 -> 217
14115,5 fw Controll.static EENJPDHGGGC         12.8752 -> 13.7723
14115,5 fw PLH.static      ADJMBEDDHLB         13.8103 -> 13.8216
14115,5 fw PLH.static      CFIMEAFDJFM          9.7424 -> 9.7757
14128,3 fw PLH.static      ADJMBEDDHLB         13.8216 -> 13.8254
14128,3 fw PLH.static      CFIMEAFDJFM          9.7757 -> 9.7798
14131,8 fw Controll.static MKFDGFOCKNO         13.7493 -> 13.7993
14131,8 fw Controll.static LEKCBKLAILO         13.7993 -> 13.8493
14131,8 fw Controll.static OFJKHAFJIMA          0.0068 -> 0.0056
14131,8 fw PLH.static      ADJMBEDDHLB         13.8254 -> 13.8383
14131,8 fw PLH.static      CFIMEAFDJFM          9.7798 -> 9.7919
14146,6 fw PLH.static      ADJMBEDDHLB         13.8383 -> 13.8418
14150,0 fw Controll.static GIPNIMALPEG          0.2164 -> 0.2082
14150,1 fw PLH.static      ADJMBEDDHLB         13.8418 -> 13.8565
14150,1 fw PLH.static      CFIMEAFDJFM          9.7919 -> 9.8098
14162,7 fw PLH.static      ADJMBEDDHLB         13.8565 -> 13.86
14166,9 fw PLH.static      ADJMBEDDHLB           13.86 -> 13.8726
14166,9 fw PLH.static      CFIMEAFDJFM          9.8098 -> 9.8263
14180,1 fw PLH.static      ADJMBEDDHLB         13.8726 -> 13.8768
14180,1 fw PLH.static      CFIMEAFDJFM          9.8263 -> 9.8311
14183,4 fw Controll.static MKFDGFOCKNO         13.7993 -> 13.8493
14183,4 fw Controll.static LEKCBKLAILO         13.8493 -> 13.8993
14183,4 fw Controll.static OFJKHAFJIMA          0.0056 -> 0.0067
14183,5 fw PLH.static      ADJMBEDDHLB         13.8768 -> 13.89
14195,1 fw PLH.static      ADJMBEDDHLB           13.89 -> 13.8934
14200,5 fw Controll.static GIPNIMALPEG          0.2082 -> 0.218
14200,5 fw PLH.static      ADJMBEDDHLB         13.8934 -> 13.905
14211,3 fw PLH.static      ADJMBEDDHLB          13.905 -> 13.9104
14215,3 fw PLH.static      ADJMBEDDHLB         13.9104 -> 13.9214
14228,4 fw PLH.static      ADJMBEDDHLB         13.9214 -> 13.9252
14231,9 fw Controll.static MKFDGFOCKNO         13.8493 -> 13.8993
14231,9 fw Controll.static LEKCBKLAILO         13.8993 -> 13.9493
14231,9 fw Controll.static OFJKHAFJIMA          0.0067 -> 0.0053
14231,9 fw PLH.static      ADJMBEDDHLB         13.9252 -> 13.9384
14231,9 fw PLH.static      CFIMEAFDJFM          9.8311 -> 9.892
14244,8 fw PLH.static      ADJMBEDDHLB         13.9384 -> 13.9419
14248,1 fw Controll.static GIPNIMALPEG           0.218 -> 0.1716
14248,2 fw PLH.static      ADJMBEDDHLB         13.9419 -> 13.9547
14248,2 fw PLH.static      CFIMEAFDJFM           9.892 -> 9.9082
14262,0 fw PLH.static      ADJMBEDDHLB         13.9547 -> 13.9581
14265,5 fw PLH.static      ADJMBEDDHLB         13.9581 -> 13.9722
14265,5 fw PLH.static      CFIMEAFDJFM          9.9082 -> 9.9254
14278,6 fw PLH.static      ADJMBEDDHLB         13.9722 -> 13.9755
14278,6 fw PLH.static      CFIMEAFDJFM          9.9254 -> 9.9298
14282,0 fw Controll.static MKFDGFOCKNO         13.8993 -> 13.9493
14282,0 fw Controll.static LEKCBKLAILO         13.9493 -> 13.9993
14282,0 fw Controll.static OFJKHAFJIMA          0.0053 -> 0.005
14282,0 fw PLH.static      ADJMBEDDHLB         13.9755 -> 13.9885
14282,0 fw PLH.static      CFIMEAFDJFM          9.9298 -> 9.9422
14294,1 fw PLH.static      ADJMBEDDHLB         13.9885 -> 13.9919
14298,7 fw PLH.static      ADJMBEDDHLB         13.9919 -> 14.004
14310,4 fw Controll.static GIPNIMALPEG          0.1716 -> 0.4169
14310,4 fw PLH.static      ADJMBEDDHLB          14.004 -> 14.0086
14314,5 fw PLH.static      ADJMBEDDHLB         14.0086 -> 14.0204
14314,5 fw PLH.static      CFIMEAFDJFM          9.9422 -> 9.9747
14329,3 fw PLH.static      ADJMBEDDHLB         14.0204 -> 14.0244
14332,1 fw Controll.static MKFDGFOCKNO         13.9493 -> 13.9993
14332,1 fw Controll.static LEKCBKLAILO         13.9993 -> 14.0493
14332,1 fw PLH.static      ADJMBEDDHLB         14.0244 -> 14.0393
14332,2 fw PLH.static      CFIMEAFDJFM          9.9747 -> 9.9929
14345,1 fw Controll.static OFJKHAFJIMA           0.005 -> 0.0053
14345,2 fw PLH.static      ADJMBEDDHLB         14.0393 -> 14.0421
14348,7 fw PLH.static      ADJMBEDDHLB         14.0421 -> 14.0552
14361,1 fw Controll.static GIPNIMALPEG          0.4169 -> 0.4297
14361,2 fw PLH.static      ADJMBEDDHLB         14.0552 -> 14.0586
14364,7 fw PLH.static      ADJMBEDDHLB         14.0586 -> 14.0711
14378,8 fw PLH.static      ADJMBEDDHLB         14.0711 -> 14.0748
14378,8 fw PLH.static      CFIMEAFDJFM          9.9929 -> 10.029
14382,6 fw PLH.static      ADJMBEDDHLB         14.0748 -> 14.0889
14382,6 fw PLH.static      CFIMEAFDJFM          10.029 -> 10.0422
14395,2 fw Controll.static MKFDGFOCKNO         13.9993 -> 14.0993
14395,2 fw Controll.static LEKCBKLAILO         14.0493 -> 14.1493
14395,2 fw Controll.static OFJKHAFJIMA          0.0053 -> 0.0054
14395,2 fw PLH.static      ADJMBEDDHLB         14.0889 -> 14.0926
14395,2 fw PLH.static      CFIMEAFDJFM         10.0422 -> 10.0469
14400,8 fw PLH.static      ADJMBEDDHLB         14.0926 -> 14.1052
14410,2 fw Controll.static GIPNIMALPEG          0.4297 -> 0.4137
14410,3 fw PLH.static      ADJMBEDDHLB         14.1052 -> 14.1108
14414,3 fw PLH.static      ADJMBEDDHLB         14.1108 -> 14.1202
14414,3 fw PLH.static      CFIMEAFDJFM         10.0469 -> 10.0746
14424,7 fw PLH.static      ADJMBEDDHLB         14.1202 -> 14.1242
14430,1 fw PLH.static      ADJMBEDDHLB         14.1242 -> 14.1347
14439,5 fw PLH.static      ADJMBEDDHLB         14.1347 -> 14.1401
14446,2 fw PLH.static      ADJMBEDDHLB         14.1401 -> 14.1494
14452,9 fw Controll.static GIPNIMALPEG          0.4137 -> 0.2666
14452,9 fw PLH.static      ADJMBEDDHLB         14.1494 -> 14.1561
14461,7 fw PLH.static      ADJMBEDDHLB         14.1561 -> 14.1629
14465,8 fw PLH.static      ADJMBEDDHLB         14.1629 -> 14.1716
14465,8 fw PLH.static      CFIMEAFDJFM         10.0746 -> 10.1253
14477,7 fw PLH.static      ADJMBEDDHLB         14.1716 -> 14.1757
14477,7 fw PLH.static      CFIMEAFDJFM         10.1253 -> 10.1301
14481,1 fw Controll.static MKFDGFOCKNO         14.0993 -> 14.1493
14481,1 fw Controll.static LEKCBKLAILO         14.1493 -> 14.1993
14481,1 fw Controll.static OFJKHAFJIMA          0.0054 -> 0.0064
14481,1 fw PLH.static      ADJMBEDDHLB         14.1757 -> 14.1876
14481,1 fw PLH.static      CFIMEAFDJFM         10.1301 -> 10.1414
14493,6 fw PLH.static      ADJMBEDDHLB         14.1876 -> 14.1911
14493,6 fw PLH.static      CFIMEAFDJFM         10.1414 -> 10.1454
14498,3 fw Controll.static GIPNIMALPEG          0.2666 -> 0.1739
14498,3 fw PLH.static      ADJMBEDDHLB         14.1911 -> 14.2036
14498,3 fw PLH.static      CFIMEAFDJFM         10.1454 -> 10.1576
14510,8 fw PLH.static      ADJMBEDDHLB         14.2036 -> 14.2082
14514,2 fw PLH.static      ADJMBEDDHLB         14.2082 -> 14.2207
14514,2 fw PLH.static      CFIMEAFDJFM         10.1576 -> 10.175
14527,6 fw PLH.static      ADJMBEDDHLB         14.2207 -> 14.2241
14530,3 fw Controll.static MKFDGFOCKNO         14.1493 -> 14.1993
14530,3 fw Controll.static LEKCBKLAILO         14.1993 -> 14.2493
14530,3 fw Controll.static OFJKHAFJIMA          0.0064 -> 0.0038
14530,3 fw PLH.static      ADJMBEDDHLB         14.2241 -> 14.2375
14530,3 fw PLH.static      CFIMEAFDJFM          10.175 -> 10.1913
14544,3 fw PLH.static      ADJMBEDDHLB         14.2375 -> 14.2402
14547,3 fw Controll.static GIPNIMALPEG          0.1739 -> 0.1534
14547,3 fw PLH.static      ADJMBEDDHLB         14.2402 -> 14.2542
14561,4 fw PLH.static      ADJMBEDDHLB         14.2542 -> 14.2573
14564,6 fw PLH.static      ADJMBEDDHLB         14.2573 -> 14.2713
14564,6 fw PLH.static      CFIMEAFDJFM         10.1913 -> 10.2248
14577,9 fw PLH.static      ADJMBEDDHLB         14.2713 -> 14.2745
14581,1 fw Controll.static MKFDGFOCKNO         14.1993 -> 14.2494
14581,1 fw Controll.static LEKCBKLAILO         14.2493 -> 14.2994
14581,1 fw Controll.static OFJKHAFJIMA          0.0038 -> 0.0045
14581,2 fw PLH.static      ADJMBEDDHLB         14.2745 -> 14.2878
14593,7 fw PLH.static      ADJMBEDDHLB         14.2878 -> 14.2911
14597,7 fw PLH.static      ADJMBEDDHLB         14.2911 -> 14.3037
14610,5 fw Controll.static GIPNIMALPEG          0.1534 -> 0.4171
14610,6 fw PLH.static      ADJMBEDDHLB         14.3037 -> 14.3076
14610,6 fw PLH.static      CFIMEAFDJFM         10.2248 -> 10.2614
14614,5 fw PLH.static      ADJMBEDDHLB         14.3076 -> 14.3205
14627,2 fw PLH.static      ADJMBEDDHLB         14.3205 -> 14.3244
14630,2 fw Controll.static MKFDGFOCKNO         14.2494 -> 14.2994
14630,2 fw Controll.static LEKCBKLAILO         14.2994 -> 14.3494
14630,3 fw PLH.static      ADJMBEDDHLB         14.3244 -> 14.3372
14630,3 fw PLH.static      CFIMEAFDJFM         10.2614 -> 10.2909
14644,7 fw Controll.static OFJKHAFJIMA          0.0045 -> 0.0047
14644,7 fw PLH.static      ADJMBEDDHLB         14.3372 -> 14.3402
14647,2 fw PLH.static      ADJMBEDDHLB         14.3402 -> 14.3547
14660,9 fw Controll.static GIPNIMALPEG          0.4171 -> 0.4255
14660,9 fw PLH.static      ADJMBEDDHLB         14.3547 -> 14.3571
14664,8 fw PLH.static      ADJMBEDDHLB         14.3571 -> 14.3709
14664,8 fw PLH.static      CFIMEAFDJFM         10.2909 -> 10.3244
14677,5 fw PLH.static      ADJMBEDDHLB         14.3709 -> 14.3747
14681,4 fw PLH.static      ADJMBEDDHLB         14.3747 -> 14.3874
14693,3 fw Controll.static MKFDGFOCKNO         14.2994 -> 14.3994
14693,3 fw Controll.static LEKCBKLAILO         14.3494 -> 14.4494
14693,3 fw Controll.static OFJKHAFJIMA          0.0047 -> 0.0035
14693,4 fw PLH.static      ADJMBEDDHLB         14.3874 -> 14.3913
14698,2 fw PLH.static      ADJMBEDDHLB         14.3913 -> 14.4033
14698,2 fw PLH.static      CFIMEAFDJFM         10.3244 -> 10.3575
14711,9 fw Controll.static GIPNIMALPEG          0.4255 -> 0.4455
14711,9 fw PLH.static      ADJMBEDDHLB         14.4033 -> 14.4081
14715,1 fw PLH.static      ADJMBEDDHLB         14.4081 -> 14.4219
14715,2 fw PLH.static      CFIMEAFDJFM         10.3575 -> 10.3759
14728,0 fw PLH.static      ADJMBEDDHLB         14.4219 -> 14.4251
14732,4 fw PLH.static      ADJMBEDDHLB         14.4251 -> 14.438
14744,2 fw Controll.static MKFDGFOCKNO         14.3994 -> 14.4494
14744,2 fw Controll.static LEKCBKLAILO         14.4494 -> 14.4994
14744,2 fw Controll.static OFJKHAFJIMA          0.0035 -> 0.0044
14744,2 fw PLH.static      ADJMBEDDHLB          14.438 -> 14.4423
14747,2 fw PLH.static      ADJMBEDDHLB         14.4423 -> 14.4541
14747,2 fw PLH.static      CFIMEAFDJFM         10.3759 -> 10.4078
14759,7 fw Controll.static GIPNIMALPEG          0.4455 -> 0.4023
14759,7 fw PLH.static      ADJMBEDDHLB         14.4541 -> 14.4571
14763,6 fw PLH.static      ADJMBEDDHLB         14.4571 -> 14.4697
14763,6 fw PLH.static      CFIMEAFDJFM         10.4078 -> 10.4235
14777,1 fw PLH.static      ADJMBEDDHLB         14.4697 -> 14.4735
14780,6 fw PLH.static      ADJMBEDDHLB         14.4735 -> 14.4871
14780,6 fw PLH.static      CFIMEAFDJFM         10.4235 -> 10.4406
14793,2 fw Controll.static MKFDGFOCKNO         14.4494 -> 14.4994
14793,2 fw Controll.static LEKCBKLAILO         14.4994 -> 14.5494
14793,2 fw Controll.static OFJKHAFJIMA          0.0044 -> 0.0034
14793,2 fw PLH.static      ADJMBEDDHLB         14.4871 -> 14.4906
14797,2 fw PLH.static      ADJMBEDDHLB         14.4906 -> 14.5032
14797,2 fw PLH.static      CFIMEAFDJFM         10.4406 -> 10.4573
14806,2 fw Controll.static GIPNIMALPEG          0.4023 -> 0.3317
14806,2 fw PLH.static      ADJMBEDDHLB         14.5032 -> 14.5071
14813,2 fw PLH.static      ADJMBEDDHLB         14.5071 -> 14.5161
14821,1 fw PLH.static      ADJMBEDDHLB         14.5161 -> 14.5231
14821,1 fw PLH.static      CFIMEAFDJFM         10.4573 -> 10.4775
14828,8 fw PLH.static      ADJMBEDDHLB         14.5231 -> 14.531
14835,3 fw PLH.static      ADJMBEDDHLB          14.531 -> 14.5387
14843,8 fw PLH.static      ADJMBEDDHLB         14.5387 -> 14.5452
14847,8 fw Controll.static GIPNIMALPEG          0.3317 -> 0.1634
14847,8 fw PLH.static      ADJMBEDDHLB         14.5452 -> 14.5538
14860,1 fw PLH.static      ADJMBEDDHLB         14.5538 -> 14.5577
14863,6 fw PLH.static      ADJMBEDDHLB         14.5577 -> 14.57
14877,0 fw PLH.static      ADJMBEDDHLB           14.57 -> 14.5735
14879,9 fw Controll.static MKFDGFOCKNO         14.4994 -> 14.5494
14879,9 fw Controll.static LEKCBKLAILO         14.5494 -> 14.5994
14879,9 fw Controll.static OFJKHAFJIMA          0.0034 -> 0.0039
14880,0 fw PLH.static      ADJMBEDDHLB         14.5735 -> 14.5869
14892,8 fw PLH.static      ADJMBEDDHLB         14.5869 -> 14.59
14897,0 fw PLH.static      ADJMBEDDHLB           14.59 -> 14.6027
14909,3 fw Controll.static GIPNIMALPEG          0.1634 -> 0.3944
14909,4 fw PLH.static      ADJMBEDDHLB         14.6027 -> 14.6069
14912,7 fw PLH.static      ADJMBEDDHLB         14.6069 -> 14.6193
14926,7 fw PLH.static      ADJMBEDDHLB         14.6193 -> 14.6226
14929,9 fw Controll.static MKFDGFOCKNO         14.5494 -> 14.5994
14929,9 fw Controll.static LEKCBKLAILO         14.5994 -> 14.6494
14930,0 fw PLH.static      ADJMBEDDHLB         14.6226 -> 14.6366
14943,3 fw Controll.static OFJKHAFJIMA          0.0039 -> 0.0034
14943,4 fw PLH.static      ADJMBEDDHLB         14.6366 -> 14.64
14946,5 fw PLH.static      ADJMBEDDHLB           14.64 -> 14.6533
14959,6 fw Controll.static GIPNIMALPEG          0.3944 -> 0.3995
14959,6 fw PLH.static      ADJMBEDDHLB         14.6533 -> 14.6564
14962,7 fw Controll.static DGNDKAKOEPD         2023993 -> 2024890
14962,7 fw Controll.static BEJBLGGGOCC       339603145 -> 339604150
14962,7 fw Controll.static JELGPAKAJPE             217 -> 116
14962,7 fw Controll.static EENJPDHGGGC         13.7723 -> 14.6696
14962,7 fw PLH.static      ADJMBEDDHLB         14.6564 -> 14.6696
14962,7 fw PLH.static      CFIMEAFDJFM         10.4775 -> 10.6233
14976,8 fw PLH.static      ADJMBEDDHLB         14.6696 -> 14.6727
14976,8 fw PLH.static      CFIMEAFDJFM         10.6233 -> 10.6271
14980,6 fw PLH.static      ADJMBEDDHLB         14.6727 -> 14.6868
14993,2 fw Controll.static MKFDGFOCKNO         14.5994 -> 14.6994
14993,2 fw Controll.static LEKCBKLAILO         14.6494 -> 14.7494
14993,3 fw PLH.static      ADJMBEDDHLB         14.6868 -> 14.6906
15007,6 fw PLH.static      ADJMBEDDHLB         14.6906 -> 14.7142
15007,6 fw PLH.static      CFIMEAFDJFM         10.6271 -> 10.6573
15018,8 fw Controll.static GIPNIMALPEG          0.3995 -> 0.5834
15018,8 fw PLH.static      ADJMBEDDHLB         14.7142 -> 14.7175
15018,8 fw PLH.static      CFIMEAFDJFM         10.6573 -> 10.6713
15025,6 fw PLH.static      ADJMBEDDHLB         14.7175 -> 14.7287
15031,6 fw PLH.static      ADJMBEDDHLB         14.7287 -> 14.7355
15039,2 fw PLH.static      ADJMBEDDHLB         14.7355 -> 14.7416
15045,4 fw Controll.static MKFDGFOCKNO         14.6994 -> 14.7494
15045,4 fw Controll.static LEKCBKLAILO         14.7494 -> 14.7994
15045,4 fw Controll.static OFJKHAFJIMA          0.0034 -> 0.0056
15045,5 fw PLH.static      ADJMBEDDHLB         14.7416 -> 14.7493
15045,5 fw PLH.static      CFIMEAFDJFM         10.6713 -> 10.7027
15053,0 fw PLH.static      ADJMBEDDHLB         14.7493 -> 14.7554
15053,0 fw PLH.static      CFIMEAFDJFM         10.7027 -> 10.7095
15061,0 fw Controll.static GIPNIMALPEG          0.5834 -> 0.4281
15061,1 fw PLH.static      ADJMBEDDHLB         14.7554 -> 14.7629
15065,7 fw PLH.static      ADJMBEDDHLB         14.7629 -> 14.771
15065,7 fw PLH.static      CFIMEAFDJFM         10.7095 -> 10.7247
15075,0 fw PLH.static      ADJMBEDDHLB          14.771 -> 14.7756
15080,3 fw PLH.static      ADJMBEDDHLB         14.7756 -> 14.7849
15088,6 fw PLH.static      ADJMBEDDHLB         14.7849 -> 14.7902
15096,6 fw PLH.static      ADJMBEDDHLB         14.7902 -> 14.7985
15101,6 fw Controll.static GIPNIMALPEG          0.4281 -> 0.2385
15101,6 fw PLH.static      ADJMBEDDHLB         14.7985 -> 14.8065
15101,6 fw PLH.static      CFIMEAFDJFM         10.7247 -> 10.7601
15110,6 fw PLH.static      ADJMBEDDHLB         14.8065 -> 14.8115
15116,7 fw PLH.static      ADJMBEDDHLB         14.8115 -> 14.8206
15125,4 fw PLH.static      ADJMBEDDHLB         14.8206 -> 14.8266
15129,7 fw Controll.static MKFDGFOCKNO         14.7494 -> 14.7994
15129,7 fw Controll.static LEKCBKLAILO         14.7994 -> 14.8494
15129,7 fw Controll.static OFJKHAFJIMA          0.0056 -> 0.0068
15129,7 fw PLH.static      ADJMBEDDHLB         14.8266 -> 14.8353
15139,4 fw PLH.static      ADJMBEDDHLB         14.8353 -> 14.8396
15145,8 fw Controll.static GIPNIMALPEG          0.2385 -> 0.1227
15145,8 fw PLH.static      ADJMBEDDHLB         14.8396 -> 14.8494
15153,3 fw PLH.static      ADJMBEDDHLB         14.8494 -> 14.8559
15153,3 fw PLH.static      CFIMEAFDJFM         10.7601 -> 10.8099
15161,9 fw PLH.static      ADJMBEDDHLB         14.8559 -> 14.8634
15161,9 fw PLH.static      CFIMEAFDJFM         10.8099 -> 10.8175
15165,7 fw PLH.static      ADJMBEDDHLB         14.8634 -> 14.8718
15175,4 fw Controll.static MKFDGFOCKNO         14.7994 -> 14.8494
15175,4 fw Controll.static LEKCBKLAILO         14.8494 -> 14.8994
15175,4 fw Controll.static OFJKHAFJIMA          0.0068 -> 0.006
15175,4 fw PLH.static      ADJMBEDDHLB         14.8718 -> 14.8756
15181,8 fw PLH.static      ADJMBEDDHLB         14.8756 -> 14.8853
15188,6 fw PLH.static      ADJMBEDDHLB         14.8853 -> 14.8917
15188,6 fw PLH.static      CFIMEAFDJFM         10.8175 -> 10.8455
15195,6 fw Controll.static GIPNIMALPEG          0.1227 -> 0.1194
15195,7 fw PLH.static      ADJMBEDDHLB         14.8917 -> 14.8985
15202,8 fw PLH.static      ADJMBEDDHLB         14.8985 -> 14.9056
15210,4 fw PLH.static      ADJMBEDDHLB         14.9056 -> 14.9127
15210,4 fw PLH.static      CFIMEAFDJFM         10.8455 -> 10.8665
15217,1 fw Controll.static MKFDGFOCKNO         14.8494 -> 14.8994
15217,2 fw Controll.static LEKCBKLAILO         14.8994 -> 14.9494
15217,2 fw PLH.static      ADJMBEDDHLB         14.9127 -> 14.9203
15225,2 fw Controll.static OFJKHAFJIMA           0.006 -> 0.0058
15225,2 fw PLH.static      ADJMBEDDHLB         14.9203 -> 14.9271
15229,8 fw PLH.static      ADJMBEDDHLB         14.9271 -> 14.9351
15239,4 fw Controll.static GIPNIMALPEG          0.1194 -> 0.9947
15239,5 fw PLH.static      ADJMBEDDHLB         14.9351 -> 14.9397
15245,8 fw PLH.static      ADJMBEDDHLB         14.9397 -> 14.9495
15245,8 fw PLH.static      CFIMEAFDJFM         10.8665 -> 10.9028
15254,2 fw PLH.static      ADJMBEDDHLB         14.9495 -> 14.9557
15254,2 fw PLH.static      CFIMEAFDJFM         10.9028 -> 10.9099
15261,7 fw PLH.static      ADJMBEDDHLB         14.9557 -> 14.9642
15267,3 fw Controll.static MKFDGFOCKNO         14.8994 -> 14.9494
15267,3 fw Controll.static LEKCBKLAILO         14.9494 -> 14.9994
15267,3 fw Controll.static OFJKHAFJIMA          0.0058 -> 0.006
15267,4 fw PLH.static      ADJMBEDDHLB         14.9642 -> 14.9717
15267,4 fw PLH.static      CFIMEAFDJFM         10.9099 -> 10.9253
15275,5 fw PLH.static      ADJMBEDDHLB         14.9717 -> 14.9773
15281,9 fw Controll.static GIPNIMALPEG          0.9947 -> 0.8462
15282,0 fw PLH.static      ADJMBEDDHLB         14.9773 -> 14.9855
15291,9 fw PLH.static      ADJMBEDDHLB         14.9855 -> 14.9919
15292,0 fw PLH.static      CFIMEAFDJFM         10.9253 -> 10.9457
15294,9 fw PLH.static      ADJMBEDDHLB         14.9919 -> 15.0019
15309,2 fw PLH.static      ADJMBEDDHLB         15.0019 -> 15.0049
15309,2 fw PLH.static      CFIMEAFDJFM         10.9457 -> 10.9593
15312,3 fw Controll.static MKFDGFOCKNO         14.9494 -> 14.9994
15312,3 fw Controll.static LEKCBKLAILO         14.9994 -> 15.0494
15312,3 fw Controll.static OFJKHAFJIMA           0.006 -> 0.0021
15312,3 fw PLH.static      ADJMBEDDHLB         15.0049 -> 15.0191
15312,4 fw PLH.static      CFIMEAFDJFM         10.9593 -> 10.9724
15325,6 fw PLH.static      ADJMBEDDHLB         15.0191 -> 15.0223
15325,6 fw PLH.static      CFIMEAFDJFM         10.9724 -> 10.9766
15329,7 fw Controll.static GIPNIMALPEG          0.8462 -> 0.7994
15329,7 fw PLH.static      ADJMBEDDHLB         15.0223 -> 15.0356
15343,1 fw PLH.static      ADJMBEDDHLB         15.0356 -> 15.0396
15347,0 fw PLH.static      ADJMBEDDHLB         15.0396 -> 15.0531
15347,0 fw PLH.static      CFIMEAFDJFM         10.9766 -> 11.0062
15359,5 fw Controll.static DJACNOGOCKD               1 -> 0
15359,6 fw PLH.static      ADJMBEDDHLB         15.0531 -> 15.057
15363,3 fw Controll.static MKFDGFOCKNO         14.9994 -> 15.0494
15363,3 fw Controll.static LEKCBKLAILO         15.0494 -> 15.0994
15363,3 fw Controll.static OFJKHAFJIMA          0.0021 -> 0.0031
15363,4 fw PLH.static      ADJMBEDDHLB          15.057 -> 15.0695
15363,4 fw PLH.static      CFIMEAFDJFM         11.0062 -> 11.0232
15374,8 fw PLH.static      ADJMBEDDHLB         15.0695 -> 15.0733
15379,8 fw Controll.static GIPNIMALPEG          0.7994 -> 0.8022
15379,8 fw PLH.static      ADJMBEDDHLB         15.0733 -> 15.0847
15391,5 fw PLH.static      ADJMBEDDHLB         15.0847 -> 15.0897
15394,7 fw PLH.static      ADJMBEDDHLB         15.0897 -> 15.1014
15394,7 fw PLH.static      CFIMEAFDJFM         11.0232 -> 11.0555
15408,8 fw PLH.static      ADJMBEDDHLB         15.1014 -> 15.1047
15408,8 fw PLH.static      CFIMEAFDJFM         11.0555 -> 11.059
15411,7 fw Controll.static MKFDGFOCKNO         15.0494 -> 15.0994
15411,7 fw Controll.static LEKCBKLAILO         15.0994 -> 15.1494
15411,7 fw Controll.static OFJKHAFJIMA          0.0031 -> 0.0015
15411,7 fw PLH.static      ADJMBEDDHLB         15.1047 -> 15.1187
15411,7 fw PLH.static      CFIMEAFDJFM          11.059 -> 11.0724
15425,6 fw PLH.static      ADJMBEDDHLB         15.1187 -> 15.1216
15428,6 fw Controll.static GIPNIMALPEG          0.8022 -> 0.7791
15428,7 fw PLH.static      ADJMBEDDHLB         15.1216 -> 15.1355
15442,4 fw PLH.static      ADJMBEDDHLB         15.1355 -> 15.1386
15442,4 fw PLH.static      CFIMEAFDJFM         11.0724 -> 11.0929
15445,8 fw PLH.static      ADJMBEDDHLB         15.1386 -> 15.1524
15458,6 fw PLH.static      ADJMBEDDHLB         15.1524 -> 15.1558
15458,6 fw PLH.static      CFIMEAFDJFM         11.0929 -> 11.1102
15463,6 fw Controll.static MKFDGFOCKNO         15.0994 -> 15.1494
15463,6 fw Controll.static LEKCBKLAILO         15.1494 -> 15.1994
15463,6 fw Controll.static OFJKHAFJIMA          0.0015 -> 0.0025
15463,7 fw PLH.static      ADJMBEDDHLB         15.1558 -> 15.1685
15463,7 fw PLH.static      CFIMEAFDJFM         11.1102 -> 11.1222
15474,4 fw PLH.static      ADJMBEDDHLB         15.1685 -> 15.1736
15478,7 fw PLH.static      ADJMBEDDHLB         15.1736 -> 15.1843
15488,2 fw Controll.static GIPNIMALPEG          0.7791 -> 0.9703
15488,2 fw PLH.static      ADJMBEDDHLB         15.1843 -> 15.1886
15495,6 fw PLH.static      ADJMBEDDHLB         15.1886 -> 15.1982
15495,7 fw PLH.static      CFIMEAFDJFM         11.1222 -> 11.1525
15504,0 fw PLH.static      ADJMBEDDHLB         15.1982 -> 15.2056
15504,0 fw PLH.static      CFIMEAFDJFM         11.1525 -> 11.1598
15509,9 fw Controll.static MKFDGFOCKNO         15.1494 -> 15.1994
15509,9 fw Controll.static LEKCBKLAILO         15.1994 -> 15.2494
15509,9 fw PLH.static      ADJMBEDDHLB         15.2056 -> 15.214
15509,9 fw PLH.static      CFIMEAFDJFM         11.1598 -> 11.1674
15518,0 fw Controll.static OFJKHAFJIMA          0.0025 -> 0.0058
15518,1 fw PLH.static      ADJMBEDDHLB          15.214 -> 15.2198
15528,1 fw PLH.static      ADJMBEDDHLB         15.2198 -> 15.2361
15551,5 fw Controll.static GIPNIMALPEG          0.9703 -> 0.2359
15551,5 fw PLH.static      ADJMBEDDHLB         15.2361 -> 15.2582
15551,5 fw PLH.static      CFIMEAFDJFM         11.1674 -> 11.1925
15563,3 fw PLH.static      ADJMBEDDHLB         15.2582 -> 15.2615
15563,3 fw PLH.static      CFIMEAFDJFM         11.1925 -> 11.215
15567,7 fw PLH.static      ADJMBEDDHLB         15.2615 -> 15.2732
15577,6 fw PLH.static      ADJMBEDDHLB         15.2732 -> 15.2777
15582,4 fw Controll.static MKFDGFOCKNO         15.1994 -> 15.2494
15582,4 fw Controll.static LEKCBKLAILO         15.2494 -> 15.2994
15582,4 fw Controll.static OFJKHAFJIMA          0.0058 -> 0.0116
15582,5 fw PLH.static      ADJMBEDDHLB         15.2777 -> 15.2875
15592,0 fw PLH.static      ADJMBEDDHLB         15.2875 -> 15.2924
15597,2 fw Controll.static GIPNIMALPEG          0.2359 -> 0.1503
15597,2 fw PLH.static      ADJMBEDDHLB         15.2924 -> 15.3022
15597,2 fw PLH.static      CFIMEAFDJFM          11.215 -> 11.2561
15607,9 fw PLH.static      ADJMBEDDHLB         15.3022 -> 15.3071
15612,5 fw PLH.static      ADJMBEDDHLB         15.3071 -> 15.3178
15612,5 fw PLH.static      CFIMEAFDJFM         11.2561 -> 11.2722
15624,5 fw PLH.static      ADJMBEDDHLB         15.3178 -> 15.3225
15627,8 fw Controll.static MKFDGFOCKNO         15.2494 -> 15.2994
15627,8 fw Controll.static LEKCBKLAILO         15.2994 -> 15.3494
15627,8 fw Controll.static OFJKHAFJIMA          0.0116 -> 0.0021
15627,9 fw PLH.static      ADJMBEDDHLB         15.3225 -> 15.3345
15627,9 fw PLH.static      CFIMEAFDJFM         11.2722 -> 11.2883
15638,8 fw PLH.static      ADJMBEDDHLB         15.3345 -> 15.3378
15645,1 fw Controll.static GIPNIMALPEG          0.1503 -> 0.1086
15645,2 fw PLH.static      ADJMBEDDHLB         15.3378 -> 15.3488
15645,2 fw PLH.static      CFIMEAFDJFM         11.2883 -> 11.3025
15652,6 fw PLH.static      ADJMBEDDHLB         15.3488 -> 15.3551
15652,7 fw PLH.static      CFIMEAFDJFM         11.3025 -> 11.3092
15660,7 fw PLH.static      ADJMBEDDHLB         15.3551 -> 15.3626
15660,7 fw PLH.static      CFIMEAFDJFM         11.3092 -> 11.3169
15666,5 fw PLH.static      ADJMBEDDHLB         15.3626 -> 15.3706
15675,3 fw Controll.static MKFDGFOCKNO         15.2994 -> 15.3495
15675,3 fw Controll.static LEKCBKLAILO         15.3494 -> 15.3995
15675,3 fw Controll.static OFJKHAFJIMA          0.0021 -> 0.0053
15675,3 fw PLH.static      ADJMBEDDHLB         15.3706 -> 15.3765
15681,1 fw PLH.static      ADJMBEDDHLB         15.3765 -> 15.3853
15691,1 fw Controll.static GIPNIMALPEG          0.1086 -> 0.0279
15691,1 fw PLH.static      ADJMBEDDHLB         15.3853 -> 15.391
15695,0 fw PLH.static      ADJMBEDDHLB          15.391 -> 15.401
15695,0 fw PLH.static      CFIMEAFDJFM         11.3169 -> 11.3552
15707,8 fw PLH.static      ADJMBEDDHLB          15.401 -> 15.405
15711,6 fw PLH.static      ADJMBEDDHLB          15.405 -> 15.4177
15711,6 fw PLH.static      CFIMEAFDJFM         11.3552 -> 11.3717
15723,7 fw Controll.static MKFDGFOCKNO         15.3495 -> 15.3995
15723,7 fw Controll.static LEKCBKLAILO         15.3995 -> 15.4495
15723,7 fw Controll.static OFJKHAFJIMA          0.0053 -> 0.0012
15723,7 fw PLH.static      ADJMBEDDHLB         15.4177 -> 15.4215
15723,7 fw PLH.static      CFIMEAFDJFM         11.3717 -> 11.3759
15727,1 fw PLH.static      ADJMBEDDHLB         15.4215 -> 15.4336
15737,7 fw Controll.static GIPNIMALPEG          0.0279 -> 0.9598
15737,7 fw PLH.static      ADJMBEDDHLB         15.4336 -> 15.437
15737,7 fw PLH.static      CFIMEAFDJFM         11.3759 -> 11.3914
15744,7 fw PLH.static      ADJMBEDDHLB          15.437 -> 15.4477
15752,5 fw PLH.static      ADJMBEDDHLB         15.4477 -> 15.4546
15752,5 fw PLH.static      CFIMEAFDJFM         11.3914 -> 11.4085
15760,0 fw PLH.static      ADJMBEDDHLB         15.4546 -> 15.4624
15760,0 fw PLH.static      CFIMEAFDJFM         11.4085 -> 11.4166
15766,5 fw Controll.static MKFDGFOCKNO         15.3995 -> 15.4495
15766,5 fw Controll.static LEKCBKLAILO         15.4495 -> 15.4995
15766,5 fw Controll.static OFJKHAFJIMA          0.0012 -> 0.0047
15766,5 fw PLH.static      ADJMBEDDHLB         15.4624 -> 15.4699
15773,7 fw PLH.static      ADJMBEDDHLB         15.4699 -> 15.4764
15780,8 fw PLH.static      ADJMBEDDHLB         15.4764 -> 15.4836
15780,8 fw PLH.static      CFIMEAFDJFM         11.4166 -> 11.438
15790,8 fw Controll.static GIPNIMALPEG          0.9598 -> 0.0221
15790,9 fw PLH.static      ADJMBEDDHLB         15.4836 -> 15.4907
15795,9 fw PLH.static      ADJMBEDDHLB         15.4907 -> 15.5009
15795,9 fw PLH.static      CFIMEAFDJFM          11.438 -> 11.4546
15811,4 fw Controll.static BFEOOOMMGLK               0 -> 1
15811,4 fw PLH.static      ADJMBEDDHLB         15.5009 -> 15.5059
15811,4 fw PLH.static      CFIMEAFDJFM         11.4546 -> 11.46
15814,1 fw Controll.static GLGCAOADGMN               0 -> 1
15814,1 fw Controll.static MKFDGFOCKNO         15.4495 -> 15.4995
15814,1 fw Controll.static LEKCBKLAILO         15.4995 -> 15.5495
15814,2 fw PLH.static      ADJMBEDDHLB         15.5059 -> 15.5213
15826,9 fw Controll.static OFJKHAFJIMA          0.0047 -> 0.0008
15826,9 fw Controll        MJPKOOHJOPA          8.1517 -> 11.7732
15827,0 fw PLH.static      ADJMBEDDHLB         15.5213 -> 15.5241
15831,6 fw Controll.static MNHBPCOOMLE         2022318 -> 2025941
15831,6 fw PLH.static      ADJMBEDDHLB         15.5241 -> 15.5369
15831,6 fw PLH.static      CFIMEAFDJFM           11.46 -> 11.4905
15843,1 fw Controll.static GIPNIMALPEG          0.0221 -> 0.0673
15843,2 fw PLH.static      ADJMBEDDHLB         15.5369 -> 15.5415
15847,2 fw PLH.static      ADJMBEDDHLB         15.5415 -> 15.5531
15847,2 fw PLH.static      CFIMEAFDJFM         11.4905 -> 11.5061
15858,9 fw Controll.static BFEOOOMMGLK               1 -> 0
15858,9 fw PLH.static      ADJMBEDDHLB         15.5531 -> 15.5572
15858,9 fw PLH.static      CFIMEAFDJFM         11.5061 -> 11.5114
15863,7 fw PLH.static      ADJMBEDDHLB         15.5572 -> 15.5688
15873,5 fw Controll.static MKFDGFOCKNO         15.4995 -> 15.5495
15873,5 fw Controll.static LEKCBKLAILO         15.5495 -> 15.5995
15873,5 fw Controll.static OFJKHAFJIMA          0.0008 -> 0.0031
15873,6 fw PLH.static      ADJMBEDDHLB         15.5688 -> 15.5736
15880,5 fw PLH.static      ADJMBEDDHLB         15.5736 -> 15.5835
15880,5 fw PLH.static      CFIMEAFDJFM         11.5114 -> 11.5378
15890,6 fw Controll.static GIPNIMALPEG          0.0673 -> 0.0174
15890,6 fw PLH.static      ADJMBEDDHLB         15.5835 -> 15.5904
15894,4 fw PLH.static      ADJMBEDDHLB         15.5904 -> 15.6006
15894,4 fw PLH.static      CFIMEAFDJFM         11.5378 -> 11.5544
15907,5 fw PLH.static      ADJMBEDDHLB         15.6006 -> 15.6043
15911,0 fw Controll.static GLGCAOADGMN               1 -> 0
15911,1 fw PLH.static      ADJMBEDDHLB         15.6043 -> 15.6175
15923,3 fw Controll.static MKFDGFOCKNO         15.5495 -> 15.5995
15923,3 fw Controll.static LEKCBKLAILO         15.5995 -> 15.6495
15923,3 fw Controll.static OFJKHAFJIMA          0.0031 -> 0.0007
15923,4 fw PLH.static      ADJMBEDDHLB         15.6175 -> 15.621
15927,2 fw PLH.static      ADJMBEDDHLB          15.621 -> 15.6333
15927,2 fw PLH.static      CFIMEAFDJFM         11.5544 -> 11.5871
15937,0 fw Controll.static GIPNIMALPEG          0.0174 -> 0.9446
15937,0 fw PLH.static      ADJMBEDDHLB         15.6333 -> 15.6371
15944,0 fw PLH.static      ADJMBEDDHLB         15.6371 -> 15.6471
15944,0 fw PLH.static      CFIMEAFDJFM         11.5871 -> 11.6007
15950,7 fw Controll.static DGNDKAKOEPD         2024890 -> 2025875
15950,7 fw Controll.static BEJBLGGGOCC       339604150 -> 339605140
15950,7 fw Controll.static JELGPAKAJPE             116 -> 101
15950,7 fw Controll.static EENJPDHGGGC         14.6696 -> 15.6539
15950,8 fw PLH.static      ADJMBEDDHLB         15.6471 -> 15.654
15950,8 fw PLH.static      CFIMEAFDJFM         11.6007 -> 11.6079
15959,2 fw PLH.static      ADJMBEDDHLB          15.654 -> 15.6608
15959,3 fw PLH.static      CFIMEAFDJFM         11.6079 -> 11.6149
15963,9 fw Controll.static MKFDGFOCKNO         15.5995 -> 15.6495
15963,9 fw Controll.static LEKCBKLAILO         15.6495 -> 15.6995
15963,9 fw Controll.static OFJKHAFJIMA          0.0007 -> 0.0039
15963,9 fw PLH.static      ADJMBEDDHLB         15.6608 -> 15.6692
15973,3 fw PLH.static      ADJMBEDDHLB         15.6692 -> 15.6738
15980,0 fw Controll.static GIPNIMALPEG          0.9446 -> 0.8053
15980,0 fw PLH.static      ADJMBEDDHLB         15.6738 -> 15.6832
15980,0 fw PLH.static      CFIMEAFDJFM         11.6149 -> 11.6375
15989,3 fw PLH.static      ADJMBEDDHLB         15.6832 -> 15.69
15989,3 fw PLH.static      CFIMEAFDJFM         11.6375 -> 11.6436
15993,3 fw PLH.static      ADJMBEDDHLB           15.69 -> 15.6992
16006,6 fw PLH.static      ADJMBEDDHLB         15.6992 -> 15.7032
16006,6 fw PLH.static      CFIMEAFDJFM         11.6436 -> 11.6575
16009,6 fw Controll.static MKFDGFOCKNO         15.6495 -> 15.6995
16009,6 fw Controll.static LEKCBKLAILO         15.6995 -> 15.7495
16009,6 fw Controll.static OFJKHAFJIMA          0.0039 -> 0.0035
16009,7 fw PLH.static      ADJMBEDDHLB         15.7032 -> 15.7165
16009,7 fw PLH.static      CFIMEAFDJFM         11.6575 -> 11.6702
16024,0 fw PLH.static      ADJMBEDDHLB         15.7165 -> 15.7196
16027,5 fw Controll.static GIPNIMALPEG          0.8053 -> 0.7561
16027,6 fw PLH.static      ADJMBEDDHLB         15.7196 -> 15.734
16027,6 fw PLH.static      CFIMEAFDJFM         11.6702 -> 11.6877
16040,1 fw PLH.static      ADJMBEDDHLB          15.734 -> 15.7375
16043,3 fw PLH.static      ADJMBEDDHLB         15.7375 -> 15.75
16043,3 fw PLH.static      CFIMEAFDJFM         11.6877 -> 11.7035
16056,6 # net: TcpClient.Connected = True
16056,7 fw PLH.static      ADJMBEDDHLB           15.75 -> 15.7532
16059,5 fw Controll.static MKFDGFOCKNO         15.6995 -> 15.7495
16059,5 fw Controll.static LEKCBKLAILO         15.7495 -> 15.7995
16059,5 fw Controll.static OFJKHAFJIMA          0.0035 -> 0.0002
16059,5 fw PLH.static      ADJMBEDDHLB         15.7532 -> 15.7666
16059,5 fw PLH.static      CFIMEAFDJFM         11.7035 -> 11.7203
16072,4 fw PLH.static      ADJMBEDDHLB         15.7666 -> 15.7694
16076,7 fw PLH.static      ADJMBEDDHLB         15.7694 -> 15.7824
16076,7 fw PLH.static      CFIMEAFDJFM         11.7203 -> 11.7367
16086,9 fw Controll.static GIPNIMALPEG          0.7561 -> 0.9432
16087,0 fw PLH.static      ADJMBEDDHLB         15.7824 -> 15.7866
16094,6 fw PLH.static      ADJMBEDDHLB         15.7866 -> 15.7969
16094,6 fw PLH.static      CFIMEAFDJFM         11.7367 -> 11.7511
16101,0 fw PLH.static      ADJMBEDDHLB         15.7969 -> 15.8045
16101,0 fw PLH.static      CFIMEAFDJFM         11.7511 -> 11.7585
16108,9 fw Controll.static MKFDGFOCKNO         15.7495 -> 15.7995
16108,9 fw Controll.static LEKCBKLAILO         15.7995 -> 15.8495
16109,0 fw PLH.static      ADJMBEDDHLB         15.8045 -> 15.811
16109,0 fw PLH.static      CFIMEAFDJFM         11.7585 -> 11.7647
16115,0 fw Controll.static OFJKHAFJIMA          0.0002 -> 0.0046
16115,1 fw PLH.static      ADJMBEDDHLB          15.811 -> 15.8189
16123,5 fw PLH.static      ADJMBEDDHLB         15.8189 -> 15.825
16128,4 fw Controll.static GIPNIMALPEG          0.9432 -> 0.7746
16128,5 fw PLH.static      ADJMBEDDHLB          15.825 -> 15.8334
16128,5 fw PLH.static      CFIMEAFDJFM         11.7647 -> 11.7872
16139,4 fw PLH.static      ADJMBEDDHLB         15.8334 -> 15.8385
16143,2 fw PLH.static      ADJMBEDDHLB         15.8385 -> 15.8493
16143,2 fw PLH.static      CFIMEAFDJFM         11.7872 -> 11.8031
16156,8 fw PLH.static      ADJMBEDDHLB         15.8493 -> 15.8531
16156,8 fw PLH.static      CFIMEAFDJFM         11.8031 -> 11.8074
16160,7 fw Controll.static MKFDGFOCKNO         15.7995 -> 15.8495
16160,7 fw Controll.static LEKCBKLAILO         15.8495 -> 15.8995
16160,7 fw Controll.static OFJKHAFJIMA          0.0046 -> 0.0033
16160,7 fw PLH.static      ADJMBEDDHLB         15.8531 -> 15.8667
16172,7 fw PLH.static      ADJMBEDDHLB         15.8667 -> 15.8707
16178,2 fw Controll.static GIPNIMALPEG          0.7746 -> 0.7692
16178,2 fw PLH.static      ADJMBEDDHLB         15.8707 -> 15.8826
16178,2 fw PLH.static      CFIMEAFDJFM         11.8074 -> 11.837
16188,7 fw PLH.static      ADJMBEDDHLB         15.8826 -> 15.8881
16188,7 fw PLH.static      CFIMEAFDJFM          11.837 -> 11.842
16193,0 fw PLH.static      ADJMBEDDHLB         15.8881 -> 15.8987
16193,0 fw PLH.static      CFIMEAFDJFM          11.842 -> 11.853
16206,0 fw PLH.static      ADJMBEDDHLB         15.8987 -> 15.9029
16206,0 fw PLH.static      CFIMEAFDJFM          11.853 -> 11.8571
16209,0 fw Controll.static MKFDGFOCKNO         15.8495 -> 15.8995
16209,0 fw Controll.static LEKCBKLAILO         15.8995 -> 15.9495
16209,0 fw Controll.static OFJKHAFJIMA          0.0033 -> 0.003
16209,0 fw PLH.static      ADJMBEDDHLB         15.9029 -> 15.9159
16209,0 fw PLH.static      CFIMEAFDJFM         11.8571 -> 11.8697
16223,5 fw PLH.static      ADJMBEDDHLB         15.9159 -> 15.9189
16226,6 fw Controll.static GIPNIMALPEG          0.7692 -> 0.7371
16226,7 fw PLH.static      ADJMBEDDHLB         15.9189 -> 15.9335
16226,7 fw PLH.static      CFIMEAFDJFM         11.8697 -> 11.8871
16239,5 fw PLH.static      ADJMBEDDHLB         15.9335 -> 15.9367
16243,8 fw PLH.static      ADJMBEDDHLB         15.9367 -> 15.9494
16256,4 fw PLH.static      ADJMBEDDHLB         15.9494 -> 15.9537
16256,4 fw PLH.static      CFIMEAFDJFM         11.8871 -> 11.9079
16259,4 fw Controll.static MKFDGFOCKNO         15.8995 -> 15.9495
16259,4 fw Controll.static LEKCBKLAILO         15.9495 -> 15.9995
16259,4 fw Controll.static OFJKHAFJIMA           0.003 -> 0.0039
16259,5 fw PLH.static      ADJMBEDDHLB         15.9537 -> 15.9663
16259,5 fw PLH.static      CFIMEAFDJFM         11.9079 -> 11.9201
16272,6 fw PLH.static      ADJMBEDDHLB         15.9663 -> 15.9694
16278,0 fw Controll.static GIPNIMALPEG          0.7371 -> 0.7659
16278,1 fw PLH.static      ADJMBEDDHLB         15.9694 -> 15.9826
16278,1 fw PLH.static      CFIMEAFDJFM         11.9201 -> 11.9369
16291,2 fw Controll        MJPKOOHJOPA         11.7732 -> 12.2536
16291,2 fw PLH.static      ADJMBEDDHLB         15.9826 -> 15.988
16294,3 fw PLH.static      ADJMBEDDHLB          15.988 -> 16.0012
16294,3 fw PLH.static      CFIMEAFDJFM         11.9369 -> 11.9536
16306,6 fw Controll.static GLGCAOADGMN               0 -> 1
16306,7 fw PLH.static      ADJMBEDDHLB         16.0012 -> 16.0042
16311,4 fw Controll.static MKFDGFOCKNO         15.9495 -> 15.9995
16311,4 fw Controll.static LEKCBKLAILO         15.9995 -> 16.0495
16311,4 fw Controll.static OFJKHAFJIMA          0.0039 -> 0.0013
16311,4 fw PLH.static      ADJMBEDDHLB         16.0042 -> 16.0166
16323,4 fw PLH.static      ADJMBEDDHLB         16.0166 -> 16.0213
16327,1 fw Controll.static MNHBPCOOMLE         2025941 -> 2026421
16327,1 fw Controll.static GIPNIMALPEG          0.7659 -> 0.7469
16327,1 fw PLH.static      ADJMBEDDHLB         16.0213 -> 16.0333
16327,1 fw PLH.static      CFIMEAFDJFM         11.9536 -> 11.9867
16341,7 fw PLH.static      ADJMBEDDHLB         16.0333 -> 16.0371
16345,0 fw PLH.static      ADJMBEDDHLB         16.0371 -> 16.0516
16345,0 fw PLH.static      CFIMEAFDJFM         11.9867 -> 12.0037
16357,4 fw Controll.static GLGCAOADGMN               1 -> 0
16357,4 fw PLH.static      ADJMBEDDHLB         16.0516 -> 16.055
16362,0 fw Controll.static MKFDGFOCKNO         15.9995 -> 16.0495
16362,0 fw Controll.static LEKCBKLAILO         16.0495 -> 16.0995
16362,1 fw Controll.static OFJKHAFJIMA          0.0013 -> 0.0017
16362,1 fw PLH.static      ADJMBEDDHLB          16.055 -> 16.0673
16362,1 fw PLH.static      CFIMEAFDJFM         12.0037 -> 12.021
16371,9 fw PLH.static      ADJMBEDDHLB         16.0673 -> 16.072
16371,9 fw PLH.static      CFIMEAFDJFM          12.021 -> 12.0263
16377,5 fw PLH.static      ADJMBEDDHLB          16.072 -> 16.0818
16385,5 fw Controll.static GIPNIMALPEG          0.7469 -> 0.9155
16385,6 fw PLH.static      ADJMBEDDHLB         16.0818 -> 16.0874
16393,1 fw PLH.static      ADJMBEDDHLB         16.0874 -> 16.0955
16399,7 fw PLH.static      ADJMBEDDHLB         16.0955 -> 16.103
16408,0 fw Controll.static MKFDGFOCKNO         16.0495 -> 16.0995
16408,0 fw Controll.static LEKCBKLAILO         16.0995 -> 16.1495
16408,0 fw PLH.static      ADJMBEDDHLB          16.103 -> 16.1096
16408,0 fw PLH.static      CFIMEAFDJFM         12.0263 -> 12.0632
16414,1 fw Controll.static OFJKHAFJIMA          0.0017 -> 0.0032
16414,2 fw PLH.static      ADJMBEDDHLB         16.1096 -> 16.1179
16423,0 fw PLH.static      ADJMBEDDHLB         16.1179 -> 16.1241
16428,1 fw Controll.static GIPNIMALPEG          0.9155 -> 0.7665
16428,1 fw PLH.static      ADJMBEDDHLB         16.1241 -> 16.133
16428,1 fw PLH.static      CFIMEAFDJFM         12.0632 -> 12.0866
16441,4 fw PLH.static      ADJMBEDDHLB          16.133 -> 16.1381
16441,4 fw PLH.static      CFIMEAFDJFM         12.0866 -> 12.0924
16445,0 fw PLH.static      ADJMBEDDHLB         16.1381 -> 16.1513
16457,5 fw PLH.static      ADJMBEDDHLB         16.1513 -> 16.1549
16462,5 fw Controll.static MKFDGFOCKNO         16.0995 -> 16.1495
16462,5 fw Controll.static LEKCBKLAILO         16.1495 -> 16.1995
16462,5 fw Controll.static OFJKHAFJIMA          0.0032 -> 0.0014
16462,5 fw PLH.static      ADJMBEDDHLB         16.1549 -> 16.1674
16462,5 fw PLH.static      CFIMEAFDJFM         12.0924 -> 12.121
16471,8 fw PLH.static      ADJMBEDDHLB         16.1674 -> 16.1725
16471,8 fw PLH.static      CFIMEAFDJFM          12.121 -> 12.1268
16477,7 fw Controll.static GIPNIMALPEG          0.7665 -> 0.7593
16477,8 fw PLH.static      ADJMBEDDHLB         16.1725 -> 16.1817
16477,8 fw PLH.static      CFIMEAFDJFM         12.1268 -> 12.136
16484,9 fw PLH.static      ADJMBEDDHLB         16.1817 -> 16.1877
16493,9 fw PLH.static      ADJMBEDDHLB         16.1877 -> 16.1948
16499,4 fw PLH.static      ADJMBEDDHLB         16.1948 -> 16.2038
16510,1 fw Controll.static MKFDGFOCKNO         16.1495 -> 16.1995
16510,1 fw Controll.static LEKCBKLAILO         16.1995 -> 16.2495
16510,1 fw Controll.static OFJKHAFJIMA          0.0014 -> 0.0039
16510,2 fw PLH.static      ADJMBEDDHLB         16.2038 -> 16.2093
16510,2 fw PLH.static      CFIMEAFDJFM          12.136 -> 12.163
16515,8 fw PLH.static      ADJMBEDDHLB         16.2093 -> 16.2201
16515,8 fw PLH.static      CFIMEAFDJFM          12.163 -> 12.1742
16525,3 fw Controll.static GIPNIMALPEG          0.7593 -> 0.7113
16525,4 fw PLH.static      ADJMBEDDHLB         16.2201 -> 16.2258
16525,4 fw PLH.static      CFIMEAFDJFM         12.1742 -> 12.1792
16530,2 fw PLH.static      ADJMBEDDHLB         16.2258 -> 16.2353
16530,2 fw PLH.static      CFIMEAFDJFM         12.1792 -> 12.189
16540,5 fw PLH.static      ADJMBEDDHLB         16.2353 -> 16.2401
16540,5 fw PLH.static      CFIMEAFDJFM          12.189 -> 12.1945
16545,4 fw PLH.static      ADJMBEDDHLB         16.2401 -> 16.2505
16545,4 fw PLH.static      CFIMEAFDJFM         12.1945 -> 12.204
16555,5 fw Controll.static MKFDGFOCKNO         16.1995 -> 16.2495
16555,5 fw Controll.static LEKCBKLAILO         16.2495 -> 16.2995
16555,5 fw Controll.static OFJKHAFJIMA          0.0039 -> 0.0006
16555,5 fw PLH.static      ADJMBEDDHLB         16.2505 -> 16.2553
16561,6 fw PLH.static      ADJMBEDDHLB         16.2553 -> 16.2654
16561,6 fw PLH.static      CFIMEAFDJFM          12.204 -> 12.2197
16572,8 fw Controll.static MNHBPCOOMLE         2026421 -> 2026703
16572,8 fw Controll.static GIPNIMALPEG          0.7113 -> 0.6618
16572,9 fw PLH.static      ADJMBEDDHLB         16.2654 -> 16.2715
16572,9 fw PLH.static      CFIMEAFDJFM         12.2197 -> 12.2252
16576,6 fw Controll        MJPKOOHJOPA         12.2536 -> 12.5356
16576,6 fw PLH.static      ADJMBEDDHLB         16.2715 -> 16.2828
16576,6 fw PLH.static      CFIMEAFDJFM         12.2252 -> 12.2356
16587,9 fw PLH.static      ADJMBEDDHLB         16.2828 -> 16.2865
16593,9 fw Controll.static GLGCAOADGMN               0 -> 1
16594,0 fw PLH.static      ADJMBEDDHLB         16.2865 -> 16.2979
16594,0 fw PLH.static      CFIMEAFDJFM         12.2356 -> 12.2521
16605,0 fw Controll.static MKFDGFOCKNO         16.2495 -> 16.2995
16605,0 fw Controll.static LEKCBKLAILO         16.2995 -> 16.3495
16605,0 fw Controll.static OFJKHAFJIMA          0.0006 -> 0.0039
16605,1 fw PLH.static      ADJMBEDDHLB         16.2979 -> 16.3039
16605,1 fw PLH.static      CFIMEAFDJFM         12.2521 -> 12.2579
16609,6 fw PLH.static      ADJMBEDDHLB         16.3039 -> 16.315
16609,6 fw PLH.static      CFIMEAFDJFM         12.2579 -> 12.2686
16622,1 fw Controll.static GIPNIMALPEG          0.6618 -> 0.6472
16622,2 fw PLH.static      ADJMBEDDHLB          16.315 -> 16.3196
16626,5 fw PLH.static      ADJMBEDDHLB         16.3196 -> 16.3322
16626,5 fw PLH.static      CFIMEAFDJFM         12.2686 -> 12.2856
16640,0 fw PLH.static      ADJMBEDDHLB         16.3322 -> 16.3365
16642,8 fw Controll.static GLGCAOADGMN               1 -> 0
16642,8 fw PLH.static      ADJMBEDDHLB         16.3365 -> 16.35
16642,8 fw PLH.static      CFIMEAFDJFM         12.2856 -> 12.3018
16654,8 fw Controll.static MKFDGFOCKNO         16.2995 -> 16.3495
16654,8 fw Controll.static LEKCBKLAILO         16.3495 -> 16.3995
16654,8 fw Controll.static OFJKHAFJIMA          0.0039 -> 0
16654,9 fw PLH.static      ADJMBEDDHLB           16.35 -> 16.3527
16661,0 fw PLH.static      ADJMBEDDHLB         16.3527 -> 16.3649
16661,0 fw PLH.static      CFIMEAFDJFM         12.3018 -> 12.3188
16671,5 fw PLH.static      ADJMBEDDHLB         16.3649 -> 16.3709
16671,5 fw PLH.static      CFIMEAFDJFM         12.3188 -> 12.3245
16683,7 fw Controll.static GIPNIMALPEG          0.6472 -> 0.8792
16683,8 fw PLH.static      ADJMBEDDHLB         16.3709 -> 16.3902
16683,8 fw PLH.static      CFIMEAFDJFM         12.3245 -> 12.3357
16695,1 fw PLH.static      ADJMBEDDHLB         16.3902 -> 16.3938
16700,8 fw PLH.static      ADJMBEDDHLB         16.3938 -> 16.405
16700,8 fw PLH.static      CFIMEAFDJFM         12.3357 -> 12.3592
16709,4 fw Controll.static MKFDGFOCKNO         16.3495 -> 16.3995
16709,4 fw Controll.static LEKCBKLAILO         16.3995 -> 16.4495
16709,5 fw PLH.static      ADJMBEDDHLB          16.405 -> 16.4109
16714,4 fw Controll.static OFJKHAFJIMA               0 -> 0.0051
16714,5 fw PLH.static      ADJMBEDDHLB         16.4109 -> 16.4194
16724,5 fw PLH.static      ADJMBEDDHLB         16.4194 -> 16.4244
16729,4 fw Controll.static GIPNIMALPEG          0.8792 -> 0.7923
16729,5 fw PLH.static      ADJMBEDDHLB         16.4244 -> 16.4344
16729,5 fw PLH.static      CFIMEAFDJFM         12.3592 -> 12.3879
16740,8 fw PLH.static      ADJMBEDDHLB         16.4344 -> 16.4394
16746,3 fw PLH.static      ADJMBEDDHLB         16.4394 -> 16.4507
16746,3 fw PLH.static      CFIMEAFDJFM         12.3879 -> 12.4039
16755,5 fw PLH.static      ADJMBEDDHLB         16.4507 -> 16.4562
16761,0 fw Controll.static MKFDGFOCKNO         16.3995 -> 16.4495
16761,0 fw Controll.static LEKCBKLAILO         16.4495 -> 16.4995
16761,1 fw Controll.static OFJKHAFJIMA          0.0051 -> 0.0006
16761,2 fw PLH.static      ADJMBEDDHLB         16.4562 -> 16.4654
16761,2 fw PLH.static      CFIMEAFDJFM         12.4039 -> 12.4197
16771,0 fw PLH.static      ADJMBEDDHLB         16.4654 -> 16.4711
16776,0 fw Controll.static MNHBPCOOMLE         2026703 -> 2026906
16776,0 fw Controll.static GIPNIMALPEG          0.7923 -> 0.7239
16776,0 fw Controll        MJPKOOHJOPA         12.5356 -> 12.7398
16776,0 fw PLH.static      ADJMBEDDHLB         16.4711 -> 16.481
16776,0 fw PLH.static      CFIMEAFDJFM         12.4197 -> 12.4352
16790,7 fw PLH.static      ADJMBEDDHLB          16.481 -> 16.4859
16794,1 fw PLH.static      ADJMBEDDHLB         16.4859 -> 16.5007
16794,1 fw PLH.static      CFIMEAFDJFM         12.4352 -> 12.4521
16806,5 fw PLH.static      ADJMBEDDHLB         16.5007 -> 16.504
16810,8 fw Controll.static MKFDGFOCKNO         16.4495 -> 16.4995
16810,8 fw Controll.static LEKCBKLAILO         16.4995 -> 16.5495
16810,8 fw PLH.static      ADJMBEDDHLB          16.504 -> 16.5165
16822,1 fw PLH.static      ADJMBEDDHLB         16.5165 -> 16.5207
16827,1 fw Controll.static GIPNIMALPEG          0.7239 -> 0.7457
16827,1 fw PLH.static      ADJMBEDDHLB         16.5207 -> 16.5321
16827,1 fw PLH.static      CFIMEAFDJFM         12.4521 -> 12.4856
16838,6 fw PLH.static      ADJMBEDDHLB         16.5321 -> 16.537
16843,5 fw PLH.static      ADJMBEDDHLB          16.537 -> 16.5486
16843,5 fw PLH.static      CFIMEAFDJFM         12.4856 -> 12.5021
16854,9 fw PLH.static      ADJMBEDDHLB         16.5486 -> 16.5534
16854,9 fw PLH.static      CFIMEAFDJFM         12.5021 -> 12.5075
16861,4 fw Controll.static MKFDGFOCKNO         16.4995 -> 16.5496
16861,4 fw Controll.static LEKCBKLAILO         16.5495 -> 16.5996
16861,4 fw Controll.static OFJKHAFJIMA          0.0006 -> 0.0035
16861,5 fw PLH.static      ADJMBEDDHLB         16.5534 -> 16.5648
16861,5 fw PLH.static      CFIMEAFDJFM         12.5075 -> 12.5191
16870,8 fw PLH.static      ADJMBEDDHLB         16.5648 -> 16.5714
16875,3 fw Controll.static GIPNIMALPEG          0.7457 -> 0.7104
16875,3 fw PLH.static      ADJMBEDDHLB         16.5714 -> 16.5818
16875,4 fw PLH.static      CFIMEAFDJFM         12.5191 -> 12.535
16888,4 fw PLH.static      ADJMBEDDHLB         16.5818 -> 16.5853
16892,3 fw PLH.static      ADJMBEDDHLB         16.5853 -> 16.5983
16892,3 fw PLH.static      CFIMEAFDJFM          12.535 -> 12.5519
16904,6 fw PLH.static      ADJMBEDDHLB         16.5983 -> 16.6023
16908,3 fw Controll.static MKFDGFOCKNO         16.5496 -> 16.5996
16908,3 fw Controll.static LEKCBKLAILO         16.5996 -> 16.6496
16908,3 fw Controll.static OFJKHAFJIMA          0.0035 -> 0.0023
16908,4 fw PLH.static      ADJMBEDDHLB         16.6023 -> 16.6146
16908,4 fw PLH.static      CFIMEAFDJFM         12.5519 -> 12.5682
16921,3 fw PLH.static      ADJMBEDDHLB         16.6146 -> 16.6183
16925,2 fw Controll.static GIPNIMALPEG          0.7104 -> 0.708
16925,2 fw PLH.static      ADJMBEDDHLB         16.6183 -> 16.6312
16925,2 fw PLH.static      CFIMEAFDJFM         12.5682 -> 12.5849
16939,0 fw PLH.static      ADJMBEDDHLB         16.6312 -> 16.6351
16943,1 fw Controll.static DGNDKAKOEPD         2025875 -> 2026870
16943,1 fw Controll.static BEJBLGGGOCC       339605140 -> 339606140
16943,1 fw Controll.static JELGPAKAJPE             101 -> 96
16943,1 fw Controll.static EENJPDHGGGC         15.6539 -> 16.649
16943,1 fw PLH.static      ADJMBEDDHLB         16.6351 -> 16.649
16943,2 fw PLH.static      CFIMEAFDJFM         12.5849 -> 12.6023
16954,6 fw PLH.static      ADJMBEDDHLB          16.649 -> 16.6531
16960,5 fw Controll.static MKFDGFOCKNO         16.5996 -> 16.6496
16960,5 fw Controll.static LEKCBKLAILO         16.6496 -> 16.6996
16960,5 fw Controll.static OFJKHAFJIMA          0.0023 -> 0.003
16960,6 fw PLH.static      ADJMBEDDHLB         16.6531 -> 16.6646
16960,6 fw PLH.static      CFIMEAFDJFM         12.6023 -> 12.6187
16970,9 fw PLH.static      ADJMBEDDHLB         16.6646 -> 16.6705
16975,5 fw PLH.static      ADJMBEDDHLB         16.6705 -> 16.6808
16975,5 fw PLH.static      CFIMEAFDJFM         12.6187 -> 12.6351
16987,8 fw Controll.static GIPNIMALPEG           0.708 -> 0.9604
16987,9 fw PLH.static      ADJMBEDDHLB         16.6808 -> 16.6854
16991,7 fw PLH.static      ADJMBEDDHLB         16.6854 -> 16.6978
16991,7 fw PLH.static      CFIMEAFDJFM         12.6351 -> 12.6514
17004,8 fw PLH.static      ADJMBEDDHLB         16.6978 -> 16.7017
17008,4 fw Controll.static MKFDGFOCKNO         16.6496 -> 16.6996
17008,5 fw Controll.static LEKCBKLAILO         16.6996 -> 16.7496
17008,5 fw PLH.static      ADJMBEDDHLB         16.7017 -> 16.7147
17008,5 fw PLH.static      CFIMEAFDJFM         12.6514 -> 12.6682
17022,0 fw Controll.static OFJKHAFJIMA           0.003 -> 0.0016
17022,0 fw PLH.static      ADJMBEDDHLB         16.7147 -> 16.7185
17025,3 fw Controll.static MNHBPCOOMLE         2026906 -> 2027152
17025,3 fw Controll        MJPKOOHJOPA         12.7398 -> 12.9845
17025,3 fw PLH.static      ADJMBEDDHLB         16.7185 -> 16.7319
17025,4 fw PLH.static      CFIMEAFDJFM         12.6682 -> 12.6845
17037,7 fw Controll.static GIPNIMALPEG          0.9604 -> 0.9578
17037,7 fw PLH.static      ADJMBEDDHLB         16.7319 -> 16.7353
17042,4 fw PLH.static      ADJMBEDDHLB         16.7353 -> 16.7476
17042,4 fw PLH.static      CFIMEAFDJFM         12.6845 -> 12.7012
17053,5 fw PLH.static      ADJMBEDDHLB         16.7476 -> 16.7523
17053,5 fw PLH.static      CFIMEAFDJFM         12.7012 -> 12.7066
17059,1 fw Controll.static GLGCAOADGMN               0 -> 1
17059,1 fw PLH.static      ADJMBEDDHLB         16.7523 -> 16.7634
17071,7 fw Controll.static MKFDGFOCKNO         16.6996 -> 16.7496
17071,8 fw Controll.static LEKCBKLAILO         16.7496 -> 16.7996
17071,8 fw Controll.static OFJKHAFJIMA          0.0016 -> 0.0024
17071,8 fw PLH.static      ADJMBEDDHLB         16.7634 -> 16.769
17074,7 fw PLH.static      ADJMBEDDHLB          16.769 -> 16.7817
17074,7 fw PLH.static      CFIMEAFDJFM         12.7066 -> 12.7345
17074,7 fw HUD.static      DIIAFKMNANI          7.7809 -> 12.7345
17087,5 fw Controll.static GIPNIMALPEG          0.9578 -> 0.9534
17087,5 fw PLH.static      ADJMBEDDHLB         16.7817 -> 16.7846
17091,7 fw PLH.static      ADJMBEDDHLB         16.7846 -> 16.7974
17091,7 fw PLH.static      CFIMEAFDJFM         12.7345 -> 12.751
17091,8 fw HUD.static      EHBHDOAHOAO               0 -> 1
17091,8 fw HUD.static      GONEFAMEMOJ             410 -> 405
17104,5 fw PLH.static      ADJMBEDDHLB         16.7974 -> 16.8017
17104,5 fw PLH.static      CFIMEAFDJFM          12.751 -> 12.7559
17108,5 fw Controll.static GLGCAOADGMN               1 -> 0
17108,5 fw PLH.static      ADJMBEDDHLB         16.8017 -> 16.8144
17121,1 fw Controll.static MKFDGFOCKNO         16.7496 -> 16.7996
17121,1 fw Controll.static LEKCBKLAILO         16.7996 -> 16.8496
17121,1 fw Controll.static OFJKHAFJIMA          0.0024 -> 0.0018
17121,2 fw PLH.static      ADJMBEDDHLB         16.8144 -> 16.8185
17125,1 fw PLH.static      ADJMBEDDHLB         16.8185 -> 16.8311
17125,1 fw PLH.static      CFIMEAFDJFM         12.7559 -> 12.7848
17137,5 fw Controll.static GIPNIMALPEG          0.9534 -> 0.9537
17137,5 fw PLH.static      ADJMBEDDHLB         16.8311 -> 16.835
17137,5 fw PLH.static      CFIMEAFDJFM         12.7848 -> 12.7894
17141,2 fw PLH.static      ADJMBEDDHLB          16.835 -> 16.8474
17141,2 fw PLH.static      CFIMEAFDJFM         12.7894 -> 12.801
17153,6 fw PLH.static      ADJMBEDDHLB         16.8474 -> 16.8511
17159,3 fw PLH.static      ADJMBEDDHLB         16.8511 -> 16.8636
17159,3 fw PLH.static      CFIMEAFDJFM          12.801 -> 12.8178
17170,1 fw Controll.static MKFDGFOCKNO         16.7996 -> 16.8496
17170,1 fw Controll.static LEKCBKLAILO         16.8496 -> 16.8996
17170,1 fw Controll.static OFJKHAFJIMA          0.0018 -> 0.0011
17170,1 fw PLH.static      ADJMBEDDHLB         16.8636 -> 16.8692
17173,6 fw PLH.static      ADJMBEDDHLB         16.8692 -> 16.88
17173,6 fw PLH.static      CFIMEAFDJFM         12.8178 -> 12.8343
17187,2 fw Controll.static GIPNIMALPEG          0.9537 -> 0.9488
17187,3 fw PLH.static      ADJMBEDDHLB           16.88 -> 16.8835
17190,7 fw PLH.static      ADJMBEDDHLB         16.8835 -> 16.8973
17190,7 fw PLH.static      CFIMEAFDJFM         12.8343 -> 12.8508
17204,1 fw PLH.static      ADJMBEDDHLB         16.8973 -> 16.9006
17207,6 fw PLH.static      ADJMBEDDHLB         16.9006 -> 16.914
17207,6 fw PLH.static      CFIMEAFDJFM         12.8508 -> 12.8675
17220,5 fw Controll.static MKFDGFOCKNO         16.8496 -> 16.8996
17220,5 fw Controll.static LEKCBKLAILO         16.8996 -> 16.9496
17220,5 fw Controll.static OFJKHAFJIMA          0.0011 -> 0.0007
17220,5 fw PLH.static      ADJMBEDDHLB          16.914 -> 16.9175
17224,5 fw PLH.static      ADJMBEDDHLB         16.9175 -> 16.9304
17224,5 fw PLH.static      CFIMEAFDJFM         12.8675 -> 12.884
17237,4 fw Controll.static GIPNIMALPEG          0.9488 -> 0.9522
17237,4 fw PLH.static      ADJMBEDDHLB         16.9304 -> 16.9344
17241,0 fw PLH.static      ADJMBEDDHLB         16.9344 -> 16.9474
17241,0 fw PLH.static      CFIMEAFDJFM          12.884 -> 12.901
17253,4 fw PLH.static      ADJMBEDDHLB         16.9474 -> 16.9509
17259,2 fw PLH.static      ADJMBEDDHLB         16.9509 -> 16.9633
17269,9 fw Controll.static MKFDGFOCKNO         16.8996 -> 16.9496
17269,9 fw Controll.static LEKCBKLAILO         16.9496 -> 16.9996
17269,9 fw Controll.static OFJKHAFJIMA          0.0007 -> 0.0009
17270,0 fw PLH.static      ADJMBEDDHLB         16.9633 -> 16.9692
17270,0 fw PLH.static      CFIMEAFDJFM          12.901 -> 12.9227
17273,7 fw PLH.static      ADJMBEDDHLB         16.9692 -> 16.9799
17273,7 fw PLH.static      CFIMEAFDJFM         12.9227 -> 12.9339
17287,0 fw PLH.static      ADJMBEDDHLB         16.9799 -> 16.9837
17287,0 fw PLH.static      CFIMEAFDJFM         12.9339 -> 12.938
17290,8 fw Controll.static GIPNIMALPEG          0.9522 -> 0.0194
17290,8 fw PLH.static      ADJMBEDDHLB         16.9837 -> 16.997
17290,8 fw PLH.static      CFIMEAFDJFM          12.938 -> 12.9506
17304,2 fw PLH.static      ADJMBEDDHLB          16.997 -> 17.0007
17307,8 fw PLH.static      ADJMBEDDHLB         17.0007 -> 17.0142
17307,8 fw PLH.static      CFIMEAFDJFM         12.9506 -> 12.9677
17321,0 fw Controll.static MKFDGFOCKNO         16.9496 -> 16.9996
17321,0 fw Controll.static LEKCBKLAILO         16.9996 -> 17.0496
17321,0 fw PLH.static      ADJMBEDDHLB         17.0142 -> 17.0178
17325,5 fw PLH.static      ADJMBEDDHLB         17.0178 -> 17.031
17325,5 fw PLH.static      CFIMEAFDJFM         12.9677 -> 12.9845
17336,9 fw PLH.static      ADJMBEDDHLB          17.031 -> 17.0354
17341,7 fw Controll.static GIPNIMALPEG          0.0194 -> 0.0371
17341,7 fw PLH.static      ADJMBEDDHLB         17.0354 -> 17.0469
17341,7 fw PLH.static      CFIMEAFDJFM         12.9845 -> 13.0006
17352,4 fw PLH.static      ADJMBEDDHLB         17.0469 -> 17.0517
17358,1 fw PLH.static      ADJMBEDDHLB         17.0517 -> 17.0624
17358,1 fw PLH.static      CFIMEAFDJFM         13.0006 -> 13.0167
17370,1 fw PLH.static      ADJMBEDDHLB         17.0624 -> 17.068
17374,4 fw Controll.static MKFDGFOCKNO         16.9996 -> 17.0496
17374,4 fw Controll.static LEKCBKLAILO         17.0496 -> 17.0996
17374,4 fw Controll.static OFJKHAFJIMA          0.0009 -> 0.0016
17374,4 fw PLH.static      ADJMBEDDHLB          17.068 -> 17.0802
17374,4 fw PLH.static      CFIMEAFDJFM         13.0167 -> 13.0343
17387,4 fw PLH.static      ADJMBEDDHLB         17.0802 -> 17.0843
17391,0 fw Controll.static GIPNIMALPEG          0.0371 -> 0.0238
17391,0 fw PLH.static      ADJMBEDDHLB         17.0843 -> 17.0973
17391,0 fw PLH.static      CFIMEAFDJFM         13.0343 -> 13.051
17403,5 fw PLH.static      ADJMBEDDHLB         17.0973 -> 17.101
17403,5 fw PLH.static      CFIMEAFDJFM          13.051 -> 13.0551
17408,0 fw PLH.static      ADJMBEDDHLB          17.101 -> 17.1134
17420,4 fw PLH.static      ADJMBEDDHLB         17.1134 -> 17.1179
17420,4 fw PLH.static      CFIMEAFDJFM         13.0551 -> 13.0723
17424,2 fw Controll.static MKFDGFOCKNO         17.0496 -> 17.0996
17424,2 fw Controll.static LEKCBKLAILO         17.0996 -> 17.1496
17424,2 fw Controll.static OFJKHAFJIMA          0.0016 -> 0.001
17424,2 fw PLH.static      ADJMBEDDHLB         17.1179 -> 17.1303
17424,2 fw PLH.static      CFIMEAFDJFM         13.0723 -> 13.0839
17436,9 fw PLH.static      ADJMBEDDHLB         17.1303 -> 17.1342
17441,2 fw Controll.static GIPNIMALPEG          0.0238 -> 0.0276
17441,2 fw PLH.static      ADJMBEDDHLB         17.1342 -> 17.1469
17441,2 fw PLH.static      CFIMEAFDJFM         13.0839 -> 13.1005
17452,5 fw PLH.static      ADJMBEDDHLB         17.1469 -> 17.1512
17452,5 fw PLH.static      CFIMEAFDJFM         13.1005 -> 13.1054
17457,5 fw PLH.static      ADJMBEDDHLB         17.1512 -> 17.1624
17457,5 fw PLH.static      CFIMEAFDJFM         13.1054 -> 13.1167
17469,2 fw PLH.static      ADJMBEDDHLB         17.1624 -> 17.1674
17473,7 fw Controll.static MKFDGFOCKNO         17.0996 -> 17.1496
17473,7 fw Controll.static LEKCBKLAILO         17.1496 -> 17.1996
17473,7 fw Controll.static OFJKHAFJIMA           0.001 -> 0.0012
17473,7 fw PLH.static      ADJMBEDDHLB         17.1674 -> 17.1791
17487,0 fw PLH.static      ADJMBEDDHLB         17.1791 -> 17.1838
17487,0 fw PLH.static      CFIMEAFDJFM         13.1167 -> 13.1379
17491,5 fw Controll.static GIPNIMALPEG          0.0276 -> 0.0337
17491,5 fw PLH.static      ADJMBEDDHLB         17.1838 -> 17.1969
17491,5 fw PLH.static      CFIMEAFDJFM         13.1379 -> 13.1504
17502,8 fw PLH.static      ADJMBEDDHLB         17.1969 -> 17.2014
17502,8 fw PLH.static      CFIMEAFDJFM         13.1504 -> 13.1549
17507,0 fw PLH.static      ADJMBEDDHLB         17.2014 -> 17.2128
17507,0 fw PLH.static      CFIMEAFDJFM         13.1549 -> 13.1664
17519,6 fw Controll.static DJACNOGOCKD               0 -> 1
17519,7 fw PLH.static      ADJMBEDDHLB         17.2128 -> 17.2169
17523,4 fw Controll.static MKFDGFOCKNO         17.1496 -> 17.1996
17523,4 fw Controll.static LEKCBKLAILO         17.1996 -> 17.2496
17523,4 fw Controll.static OFJKHAFJIMA          0.0012 -> 0.0016
17523,5 fw PLH.static      ADJMBEDDHLB         17.2169 -> 17.2296
17536,4 fw Controll.static FBINCNDDPAO          8.9941 -> 13.1549
17536,4 fw Controll.static ILGHFLMKMCO         10.9941 -> 15.1549
17536,4 fw Controll.static JADIDAJFOGK            0.39 -> 0.47
17536,4 fw PLH.static      ADJMBEDDHLB         17.2296 -> 17.2334
17541,0 fw Controll.static GIPNIMALPEG          0.0337 -> 0.0227
17541,0 fw PLH.static      ADJMBEDDHLB         17.2334 -> 17.2463
17541,0 fw PLH.static      CFIMEAFDJFM         13.1664 -> 13.2003
17552,2 fw PLH.static      ADJMBEDDHLB         17.2463 -> 17.2509
17556,9 fw PLH.static      ADJMBEDDHLB         17.2509 -> 17.2621
17556,9 fw PLH.static      CFIMEAFDJFM         13.2003 -> 13.2165
17569,2 fw PLH.static      ADJMBEDDHLB         17.2621 -> 17.2669
17572,9 fw Controll.static MKFDGFOCKNO         17.1996 -> 17.2496
17572,9 fw Controll.static LEKCBKLAILO         17.2496 -> 17.2996
17572,9 fw Controll.static OFJKHAFJIMA          0.0016 -> 0.0009
17572,9 fw PLH.static      ADJMBEDDHLB         17.2669 -> 17.2792
17572,9 fw PLH.static      CFIMEAFDJFM         13.2165 -> 13.2332
17586,9 fw PLH.static      ADJMBEDDHLB         17.2792 -> 17.2829
17590,5 fw PLH.static      ADJMBEDDHLB         17.2829 -> 17.2968
17602,2 fw Controll.static GIPNIMALPEG          0.0227 -> 0.2483
17602,3 fw PLH.static      ADJMBEDDHLB         17.2968 -> 17.3004
17602,3 fw PLH.static      CFIMEAFDJFM         13.2332 -> 13.2546
17607,3 fw PLH.static      ADJMBEDDHLB         17.3004 -> 17.3124
17607,3 fw PLH.static      CFIMEAFDJFM         13.2546 -> 13.266
17618,9 fw PLH.static      ADJMBEDDHLB         17.3124 -> 17.3172
17622,7 fw Controll.static MKFDGFOCKNO         17.2496 -> 17.2996
17622,7 fw Controll.static LEKCBKLAILO         17.2996 -> 17.3496
17622,7 fw PLH.static      ADJMBEDDHLB         17.3172 -> 17.3289
17622,7 fw PLH.static      CFIMEAFDJFM          13.266 -> 13.2826
17635,2 fw Controll.static OFJKHAFJIMA          0.0009 -> 0.0004
17635,3 fw PLH.static      ADJMBEDDHLB         17.3289 -> 17.3326
17635,3 fw PLH.static      CFIMEAFDJFM         13.2826 -> 13.2871
17640,3 fw PLH.static      ADJMBEDDHLB         17.3326 -> 17.3452
17652,3 fw Controll.static GIPNIMALPEG          0.2483 -> 0.2488
17652,3 fw PLH.static      ADJMBEDDHLB         17.3452 -> 17.3502
17655,1 fw PLH.static      ADJMBEDDHLB         17.3502 -> 17.3622
17655,1 fw PLH.static      CFIMEAFDJFM         13.2871 -> 13.3166
17669,1 fw PLH.static      ADJMBEDDHLB         17.3622 -> 17.365
17672,7 fw PLH.static      ADJMBEDDHLB          17.365 -> 17.3791
17672,7 fw PLH.static      CFIMEAFDJFM         13.3166 -> 13.3328
17685,6 fw Controll.static MKFDGFOCKNO         17.2996 -> 17.3496
17685,6 fw Controll.static LEKCBKLAILO         17.3496 -> 17.3996
17685,6 fw Controll.static OFJKHAFJIMA          0.0004 -> 0.0003
17685,7 fw PLH.static      ADJMBEDDHLB         17.3791 -> 17.3827
17689,4 fw PLH.static      ADJMBEDDHLB         17.3827 -> 17.3957
17689,5 fw PLH.static      CFIMEAFDJFM         13.3328 -> 13.3493
17702,5 fw Controll.static GIPNIMALPEG          0.2488 -> 0.2527
17702,5 fw PLH.static      ADJMBEDDHLB         17.3957 -> 17.3993
17706,1 fw PLH.static      ADJMBEDDHLB         17.3993 -> 17.4124
17706,1 fw PLH.static      CFIMEAFDJFM         13.3493 -> 13.3661
17719,1 fw PLH.static      ADJMBEDDHLB         17.4124 -> 17.416
17723,7 fw PLH.static      ADJMBEDDHLB          17.416 -> 17.429
17723,7 fw PLH.static      CFIMEAFDJFM         13.3661 -> 13.3827
17735,7 fw Controll.static MKFDGFOCKNO         17.3496 -> 17.3996
17735,7 fw Controll.static LEKCBKLAILO         17.3996 -> 17.4496
17735,7 fw Controll.static OFJKHAFJIMA          0.0003 -> 0.0124
17735,8 fw PLH.static      ADJMBEDDHLB          17.429 -> 17.4336
17740,7 fw PLH.static      ADJMBEDDHLB         17.4336 -> 17.4457
17740,7 fw PLH.static      CFIMEAFDJFM         13.3827 -> 13.4
17751,7 fw Controll.static GIPNIMALPEG          0.2527 -> 0.2374
17751,7 fw PLH.static      ADJMBEDDHLB         17.4457 -> 17.4506
17756,4 fw PLH.static      ADJMBEDDHLB         17.4506 -> 17.4616
17770,3 fw PLH.static      ADJMBEDDHLB         17.4616 -> 17.4663
17770,3 fw PLH.static      CFIMEAFDJFM            13.4 -> 13.4203
17773,7 fw PLH.static      ADJMBEDDHLB         17.4663 -> 17.4803
17773,7 fw PLH.static      CFIMEAFDJFM         13.4203 -> 13.4344
17786,2 fw Controll.static MKFDGFOCKNO         17.3996 -> 17.4496
17786,2 fw Controll.static LEKCBKLAILO         17.4496 -> 17.4996
17786,2 fw Controll.static OFJKHAFJIMA          0.0124 -> 0.0005
17786,3 fw PLH.static      ADJMBEDDHLB         17.4803 -> 17.4837
17791,6 fw PLH.static      ADJMBEDDHLB         17.4837 -> 17.4962
17791,6 fw PLH.static      CFIMEAFDJFM         13.4344 -> 13.4498
17801,9 fw Controll.static GIPNIMALPEG          0.2374 -> 0.2413
17801,9 fw PLH.static      ADJMBEDDHLB         17.4962 -> 17.5015
17806,3 fw PLH.static      ADJMBEDDHLB         17.5015 -> 17.5119
17806,3 fw PLH.static      CFIMEAFDJFM         13.4498 -> 13.4657
17818,4 fw PLH.static      ADJMBEDDHLB         17.5119 -> 17.5162
17822,0 fw PLH.static      ADJMBEDDHLB         17.5162 -> 17.5283
17822,0 fw PLH.static      CFIMEAFDJFM         13.4657 -> 13.482
17835,1 fw Controll.static MKFDGFOCKNO         17.4496 -> 17.4996
17835,1 fw Controll.static LEKCBKLAILO         17.4996 -> 17.5496
17835,1 fw Controll.static OFJKHAFJIMA          0.0005 -> 0.0014
17835,2 fw PLH.static      ADJMBEDDHLB         17.5283 -> 17.5319
17840,3 fw PLH.static      ADJMBEDDHLB         17.5319 -> 17.5451
17840,3 fw PLH.static      CFIMEAFDJFM          13.482 -> 13.4994
17851,7 fw Controll.static GIPNIMALPEG          0.2413 -> 0.2374
17851,8 fw PLH.static      ADJMBEDDHLB         17.5451 -> 17.5502
17851,8 fw PLH.static      CFIMEAFDJFM         13.4994 -> 13.5039
17856,7 fw PLH.static      ADJMBEDDHLB         17.5502 -> 17.5617
17856,7 fw PLH.static      CFIMEAFDJFM         13.5039 -> 13.516
17868,3 fw PLH.static      ADJMBEDDHLB         17.5617 -> 17.5666
17872,6 fw PLH.static      ADJMBEDDHLB         17.5666 -> 17.5784
17872,6 fw PLH.static      CFIMEAFDJFM          13.516 -> 13.5324
17885,4 fw Controll.static MKFDGFOCKNO         17.4996 -> 17.5496
17885,4 fw Controll.static LEKCBKLAILO         17.5496 -> 17.5996
17885,4 fw Controll.static OFJKHAFJIMA          0.0014 -> 0.0003
17885,5 fw PLH.static      ADJMBEDDHLB         17.5784 -> 17.5825
17889,7 fw PLH.static      ADJMBEDDHLB         17.5825 -> 17.5954
17889,7 fw PLH.static      CFIMEAFDJFM         13.5324 -> 13.5491
17902,0 fw PLH.static      ADJMBEDDHLB         17.5954 -> 17.5996
17905,9 fw Controll.static GIPNIMALPEG          0.2374 -> 0.3208
17905,9 fw PLH.static      ADJMBEDDHLB         17.5996 -> 17.6119
17905,9 fw PLH.static      CFIMEAFDJFM         13.5491 -> 13.5655
17919,5 fw PLH.static      ADJMBEDDHLB         17.6119 -> 17.6158
17923,4 fw PLH.static      ADJMBEDDHLB         17.6158 -> 17.6294
17923,4 fw PLH.static      CFIMEAFDJFM         13.5655 -> 13.5829
17935,5 fw Controll.static MKFDGFOCKNO         17.5496 -> 17.5996
17935,5 fw Controll.static LEKCBKLAILO         17.5996 -> 17.6496
17935,6 fw PLH.static      ADJMBEDDHLB         17.6294 -> 17.6334
17935,6 fw PLH.static      CFIMEAFDJFM         13.5829 -> 13.5877
17941,8 fw Controll.static OFJKHAFJIMA          0.0003 -> 0.0018
17941,8 fw PLH.static      ADJMBEDDHLB         17.6334 -> 17.6455
17951,4 fw PLH.static      ADJMBEDDHLB         17.6455 -> 17.6518
17951,4 fw PLH.static      CFIMEAFDJFM         13.5877 -> 13.6052
17955,1 fw Controll.static GIPNIMALPEG          0.3208 -> 0.3053
17955,1 fw PLH.static      ADJMBEDDHLB         17.6518 -> 17.6613
17955,1 fw PLH.static      CFIMEAFDJFM         13.6052 -> 13.6157
17968,8 fw Controll.static DGNDKAKOEPD         2026870 -> 2027882
17968,8 fw Controll.static BEJBLGGGOCC       339606140 -> 339607136
17968,8 fw Controll.static JELGPAKAJPE              96 -> 112
17968,8 fw Controll.static EENJPDHGGGC          16.649 -> 17.6613
17968,9 fw PLH.static      ADJMBEDDHLB         17.6613 -> 17.665
17968,9 fw PLH.static      CFIMEAFDJFM         13.6157 -> 13.6195
17971,8 fw PLH.static      ADJMBEDDHLB          17.665 -> 17.6788
17986,0 fw PLH.static      ADJMBEDDHLB         17.6788 -> 17.6818
17989,6 fw Controll.static MKFDGFOCKNO         17.5996 -> 17.6496
17989,6 fw Controll.static LEKCBKLAILO         17.6496 -> 17.6996
17989,6 fw PLH.static      ADJMBEDDHLB         17.6818 -> 17.696
17989,6 fw PLH.static      CFIMEAFDJFM         13.6195 -> 13.6496
18002,0 fw PLH.static      ADJMBEDDHLB          17.696 -> 17.6996
18005,9 fw Controll.static GIPNIMALPEG          0.3053 -> 0.3219
18006,0 fw PLH.static      ADJMBEDDHLB         17.6996 -> 17.7119
18006,0 fw PLH.static      CFIMEAFDJFM         13.6496 -> 13.6655
18018,1 fw PLH.static      ADJMBEDDHLB         17.7119 -> 17.7159
18022,0 fw PLH.static      ADJMBEDDHLB         17.7159 -> 17.728
18034,8 fw PLH.static      ADJMBEDDHLB          17.728 -> 17.732
18034,8 fw PLH.static      CFIMEAFDJFM         13.6655 -> 13.6862
18040,2 fw Controll.static MKFDGFOCKNO         17.6496 -> 17.7496
18040,2 fw Controll.static LEKCBKLAILO         17.6996 -> 17.7996
18040,3 fw Controll.static OFJKHAFJIMA          0.0018 -> 0.0003
18040,3 fw PLH.static      ADJMBEDDHLB          17.732 -> 17.7447
18040,3 fw PLH.static      CFIMEAFDJFM         13.6862 -> 13.699
18052,1 fw PLH.static      ADJMBEDDHLB         17.7447 -> 17.7502
18052,1 fw PLH.static      CFIMEAFDJFM          13.699 -> 13.7039
18056,6 fw Controll.static GIPNIMALPEG          0.3219 -> 0.336
18056,7 fw PLH.static      ADJMBEDDHLB         17.7502 -> 17.762
18067,4 fw PLH.static      ADJMBEDDHLB          17.762 -> 17.7666
18067,4 fw PLH.static      CFIMEAFDJFM         13.7039 -> 13.7203
18073,0 fw PLH.static      ADJMBEDDHLB         17.7666 -> 17.7773
18073,0 fw PLH.static      CFIMEAFDJFM         13.7203 -> 13.7316
18081,9 fw PLH.static      ADJMBEDDHLB         17.7773 -> 17.7829
18081,9 fw PLH.static      CFIMEAFDJFM         13.7316 -> 13.7372
18087,7 fw PLH.static      ADJMBEDDHLB         17.7829 -> 17.792
18097,0 fw PLH.static      ADJMBEDDHLB          17.792 -> 17.7976
18097,0 fw PLH.static      CFIMEAFDJFM         13.7372 -> 13.752
18103,0 fw Controll.static GIPNIMALPEG           0.336 -> 0.2633
18103,1 fw PLH.static      ADJMBEDDHLB         17.7976 -> 17.8069
18103,1 fw PLH.static      CFIMEAFDJFM          13.752 -> 13.7605
18111,4 fw PLH.static      ADJMBEDDHLB         17.8069 -> 17.813
18119,3 fw PLH.static      ADJMBEDDHLB          17.813 -> 17.8213
18124,4 fw PLH.static      ADJMBEDDHLB         17.8213 -> 17.8292
18124,4 fw PLH.static      CFIMEAFDJFM         13.7605 -> 13.783
18134,5 fw Controll.static MKFDGFOCKNO         17.7496 -> 17.7996
18134,5 fw Controll.static LEKCBKLAILO         17.7996 -> 17.8496
18134,5 fw Controll.static OFJKHAFJIMA          0.0003 -> 0.0069
18134,6 fw PLH.static      ADJMBEDDHLB         17.8292 -> 17.8343
18139,7 fw PLH.static      ADJMBEDDHLB         17.8343 -> 17.8445
18139,7 fw PLH.static      CFIMEAFDJFM          13.783 -> 13.7988
18150,7 fw Controll.static GIPNIMALPEG          0.2633 -> 0.2171
18150,8 fw PLH.static      ADJMBEDDHLB         17.8445 -> 17.8497
18154,7 fw PLH.static      ADJMBEDDHLB         17.8497 -> 17.8607
18154,7 fw PLH.static      CFIMEAFDJFM         13.7988 -> 13.8148
18167,9 fw PLH.static      ADJMBEDDHLB         17.8607 -> 17.8646
18171,0 fw PLH.static      ADJMBEDDHLB         17.8646 -> 17.8778
18171,0 fw PLH.static      CFIMEAFDJFM         13.8148 -> 13.8316
18184,9 fw Controll.static MKFDGFOCKNO         17.7996 -> 17.8496
18184,9 fw Controll.static LEKCBKLAILO         17.8496 -> 17.8996
18184,9 fw Controll.static OFJKHAFJIMA          0.0069 -> 0.0107
18185,0 fw PLH.static      ADJMBEDDHLB         17.8778 -> 17.8809
18188,3 fw PLH.static      ADJMBEDDHLB         17.8809 -> 17.8949
18188,3 fw PLH.static      CFIMEAFDJFM         13.8316 -> 13.8485
18201,4 fw PLH.static      ADJMBEDDHLB         17.8949 -> 17.8982
18201,4 fw PLH.static      CFIMEAFDJFM         13.8485 -> 13.8526
18205,2 fw Controll.static GIPNIMALPEG          0.2171 -> 0.3071
18205,3 fw PLH.static      ADJMBEDDHLB         17.8982 -> 17.9113
18205,3 fw PLH.static      CFIMEAFDJFM         13.8526 -> 13.8648
18217,9 fw PLH.static      ADJMBEDDHLB         17.9113 -> 17.9152
18222,0 fw PLH.static      ADJMBEDDHLB         17.9152 -> 17.9279
18222,0 fw PLH.static      CFIMEAFDJFM         13.8648 -> 13.8817
18233,9 fw Controll.static MKFDGFOCKNO         17.8496 -> 17.8996
18233,9 fw Controll.static LEKCBKLAILO         17.8996 -> 17.9496
18234,0 fw PLH.static      ADJMBEDDHLB         17.9279 -> 17.9319
18239,4 fw Controll.static OFJKHAFJIMA          0.0107 -> 0.0112
18239,4 fw PLH.static      ADJMBEDDHLB         17.9319 -> 17.9441
18239,4 fw PLH.static      CFIMEAFDJFM         13.8817 -> 13.8981
18251,2 fw PLH.static      ADJMBEDDHLB         17.9441 -> 17.9493
18254,5 fw Controll.static GIPNIMALPEG          0.3071 -> 0.2929
18254,5 fw PLH.static      ADJMBEDDHLB         17.9493 -> 17.9611
18254,5 fw PLH.static      CFIMEAFDJFM         13.8981 -> 13.9152
18267,9 fw PLH.static      ADJMBEDDHLB         17.9611 -> 17.9644
18271,6 fw PLH.static      ADJMBEDDHLB         17.9644 -> 17.9778
18271,6 fw PLH.static      CFIMEAFDJFM         13.9152 -> 13.9313
18284,5 fw PLH.static      ADJMBEDDHLB         17.9778 -> 17.9815
18289,1 fw Controll.static MKFDGFOCKNO         17.8996 -> 17.9496
18289,1 fw Controll.static LEKCBKLAILO         17.9496 -> 17.9996
18289,1 fw Controll.static OFJKHAFJIMA          0.0112 -> 0.0111
18289,1 fw PLH.static      ADJMBEDDHLB         17.9815 -> 17.9945
18289,1 fw PLH.static      CFIMEAFDJFM         13.9313 -> 13.9482
18301,4 fw PLH.static      ADJMBEDDHLB         17.9945 -> 17.999
18306,4 fw Controll.static GIPNIMALPEG          0.2929 -> 0.3311
18306,5 fw PLH.static      ADJMBEDDHLB          17.999 -> 18.0114
18306,5 fw PLH.static      CFIMEAFDJFM         13.9482 -> 13.9648
18318,0 fw PLH.static      ADJMBEDDHLB         18.0114 -> 18.0164
18322,5 fw PLH.static      ADJMBEDDHLB         18.0164 -> 18.0279
18322,5 fw PLH.static      CFIMEAFDJFM         13.9648 -> 13.9814
18333,9 fw PLH.static      ADJMBEDDHLB         18.0279 -> 18.0325
18333,9 fw PLH.static      CFIMEAFDJFM         13.9814 -> 13.9868
18339,0 fw Controll.static MKFDGFOCKNO         17.9496 -> 17.9996
18339,0 fw Controll.static LEKCBKLAILO         17.9996 -> 18.0496
18339,0 fw Controll.static OFJKHAFJIMA          0.0111 -> 0.0112
18339,1 fw PLH.static      ADJMBEDDHLB         18.0325 -> 18.0438
18339,1 fw PLH.static      CFIMEAFDJFM         13.9868 -> 13.9982
18350,6 fw PLH.static      ADJMBEDDHLB         18.0438 -> 18.049
18350,6 fw PLH.static      CFIMEAFDJFM         13.9982 -> 14.0028
18353,8 fw Controll.static GIPNIMALPEG          0.3311 -> 0.278
18353,8 fw PLH.static      ADJMBEDDHLB          18.049 -> 18.0605
18367,2 fw PLH.static      ADJMBEDDHLB         18.0605 -> 18.0637
18371,2 fw PLH.static      ADJMBEDDHLB         18.0637 -> 18.0773
18371,2 fw PLH.static      CFIMEAFDJFM         14.0028 -> 14.0309
18384,1 fw PLH.static      ADJMBEDDHLB         18.0773 -> 18.0811
18387,9 fw Controll.static MKFDGFOCKNO         17.9996 -> 18.0496
18387,9 fw Controll.static LEKCBKLAILO         18.0496 -> 18.0996
18387,9 fw Controll.static OFJKHAFJIMA          0.0112 -> 0.0105
18388,0 fw PLH.static      ADJMBEDDHLB         18.0811 -> 18.094
18388,0 fw PLH.static      CFIMEAFDJFM         14.0309 -> 14.0478
18400,9 fw PLH.static      ADJMBEDDHLB          18.094 -> 18.0979
18404,6 fw Controll.static GIPNIMALPEG           0.278 -> 0.2956
18404,7 fw PLH.static      ADJMBEDDHLB         18.0979 -> 18.1109
18404,7 fw PLH.static      CFIMEAFDJFM         14.0478 -> 14.0646
18417,2 fw PLH.static      ADJMBEDDHLB         18.1109 -> 18.1146
18417,2 fw PLH.static      CFIMEAFDJFM         14.0646 -> 14.069
18420,7 fw PLH.static      ADJMBEDDHLB         18.1146 -> 18.1271
18420,7 fw PLH.static      CFIMEAFDJFM          14.069 -> 14.0809
18434,1 fw PLH.static      ADJMBEDDHLB         18.1271 -> 18.1306
18438,7 fw Controll.static MKFDGFOCKNO         18.0496 -> 18.0996
18438,7 fw Controll.static LEKCBKLAILO         18.0996 -> 18.1496
18438,7 fw Controll.static OFJKHAFJIMA          0.0105 -> 0.0108
18438,7 fw PLH.static      ADJMBEDDHLB         18.1306 -> 18.1441
18438,7 fw PLH.static      CFIMEAFDJFM         14.0809 -> 14.0982
18450,9 fw PLH.static      ADJMBEDDHLB         18.1441 -> 18.1487
18450,9 fw PLH.static      CFIMEAFDJFM         14.0982 -> 14.1025
18455,5 fw Controll.static GIPNIMALPEG          0.2956 -> 0.3134
18455,6 fw PLH.static      ADJMBEDDHLB         18.1487 -> 18.1609
18467,5 fw PLH.static      ADJMBEDDHLB         18.1609 -> 18.1655
18467,5 fw PLH.static      CFIMEAFDJFM         14.1025 -> 14.1199
18470,7 fw PLH.static      ADJMBEDDHLB         18.1655 -> 18.1774
18470,8 fw PLH.static      CFIMEAFDJFM         14.1199 -> 14.1313
18483,7 fw PLH.static      ADJMBEDDHLB         18.1774 -> 18.1807
18487,8 fw Controll.static MKFDGFOCKNO         18.0996 -> 18.1496
18487,8 fw Controll.static LEKCBKLAILO         18.1496 -> 18.1996
18487,8 fw PLH.static      ADJMBEDDHLB         18.1807 -> 18.1937
18500,6 fw PLH.static      ADJMBEDDHLB         18.1937 -> 18.1977
18504,2 fw PLH.static      ADJMBEDDHLB         18.1977 -> 18.2106
18504,2 fw PLH.static      CFIMEAFDJFM         14.1313 -> 14.1641
18517,1 fw Controll.static GIPNIMALPEG          0.3134 -> 0.5452
18517,2 fw PLH.static      ADJMBEDDHLB         18.2106 -> 18.2141
18520,5 fw PLH.static      ADJMBEDDHLB         18.2141 -> 18.2271
18520,5 fw PLH.static      CFIMEAFDJFM         14.1641 -> 14.181
18532,9 fw PLH.static      ADJMBEDDHLB         18.2271 -> 18.2304
18537,2 fw Controll.static MKFDGFOCKNO         18.1496 -> 18.1997
18537,2 fw Controll.static LEKCBKLAILO         18.1996 -> 18.2497
18537,3 fw PLH.static      ADJMBEDDHLB         18.2304 -> 18.2429
18537,3 fw PLH.static      CFIMEAFDJFM          14.181 -> 14.1972
18549,7 fw Controll.static OFJKHAFJIMA          0.0108 -> 0.0096
18549,7 fw PLH.static      ADJMBEDDHLB         18.2429 -> 18.2472
18554,0 fw PLH.static      ADJMBEDDHLB         18.2472 -> 18.2596
18567,0 fw Controll.static GIPNIMALPEG          0.5452 -> 0.5423
18567,0 fw PLH.static      ADJMBEDDHLB         18.2596 -> 18.2639
18567,0 fw PLH.static      CFIMEAFDJFM         14.1972 -> 14.2183
18570,0 fw PLH.static      ADJMBEDDHLB         18.2639 -> 18.277
18570,0 fw PLH.static      CFIMEAFDJFM         14.2183 -> 14.2308
18583,4 fw PLH.static      ADJMBEDDHLB          18.277 -> 18.2799
18588,1 fw PLH.static      ADJMBEDDHLB         18.2799 -> 18.2933
18588,1 fw PLH.static      CFIMEAFDJFM         14.2308 -> 14.2471
18600,5 fw Controll.static MKFDGFOCKNO         18.1997 -> 18.2997
18600,5 fw Controll.static LEKCBKLAILO         18.2497 -> 18.3497
18600,5 fw Controll.static OFJKHAFJIMA          0.0096 -> 0.0103
18600,5 fw PLH.static      ADJMBEDDHLB         18.2933 -> 18.298
18604,6 fw PLH.static      ADJMBEDDHLB          18.298 -> 18.3105
18604,6 fw PLH.static      CFIMEAFDJFM         14.2471 -> 14.2638
18616,7 fw Controll.static GIPNIMALPEG          0.5423 -> 0.5355
18616,7 fw PLH.static      ADJMBEDDHLB         18.3105 -> 18.3145
18620,3 fw PLH.static      ADJMBEDDHLB         18.3145 -> 18.3266
18632,6 fw PLH.static      ADJMBEDDHLB         18.3266 -> 18.3302
18636,9 fw PLH.static      ADJMBEDDHLB         18.3302 -> 18.3425
18636,9 fw PLH.static      CFIMEAFDJFM         14.2638 -> 14.2969
18649,3 fw Controll.static MKFDGFOCKNO         18.2997 -> 18.3497
18649,3 fw Controll.static LEKCBKLAILO         18.3497 -> 18.3997
18649,3 fw Controll.static OFJKHAFJIMA          0.0103 -> 0.0092
18649,4 fw PLH.static      ADJMBEDDHLB         18.3425 -> 18.3469
18649,4 fw PLH.static      CFIMEAFDJFM         14.2969 -> 14.3008
18653,2 fw PLH.static      ADJMBEDDHLB         18.3469 -> 18.3593
18666,6 fw Controll.static GIPNIMALPEG          0.5355 -> 0.5337
18666,6 fw PLH.static      ADJMBEDDHLB         18.3593 -> 18.3631
18666,6 fw PLH.static      CFIMEAFDJFM         14.3008 -> 14.3175
18669,5 fw PLH.static      ADJMBEDDHLB         18.3631 -> 18.3766
18669,5 fw PLH.static      CFIMEAFDJFM         14.3175 -> 14.3304
18683,1 fw PLH.static      ADJMBEDDHLB         18.3766 -> 18.3795
18686,5 fw PLH.static      ADJMBEDDHLB         18.3795 -> 18.393
18686,5 fw PLH.static      CFIMEAFDJFM         14.3304 -> 14.3468
18700,2 fw Controll.static MKFDGFOCKNO         18.3497 -> 18.3997
18700,2 fw Controll.static LEKCBKLAILO         18.3997 -> 18.4497
18700,2 fw Controll.static OFJKHAFJIMA          0.0092 -> 0.01
18700,2 fw PLH.static      ADJMBEDDHLB          18.393 -> 18.3964
18704,1 fw PLH.static      ADJMBEDDHLB         18.3964 -> 18.4102
18704,1 fw PLH.static      CFIMEAFDJFM         14.3468 -> 14.3635
18716,7 fw Controll.static GIPNIMALPEG          0.5337 -> 0.5358
18716,7 fw PLH.static      ADJMBEDDHLB         18.4102 -> 18.414
18720,9 fw PLH.static      ADJMBEDDHLB          18.414 -> 18.4266
18720,9 fw PLH.static      CFIMEAFDJFM         14.3635 -> 14.3804
18732,6 fw PLH.static      ADJMBEDDHLB         18.4266 -> 18.4309
18732,6 fw PLH.static      CFIMEAFDJFM         14.3804 -> 14.3852
18737,7 fw PLH.static      ADJMBEDDHLB         18.4309 -> 18.4426
18737,7 fw PLH.static      CFIMEAFDJFM         14.3852 -> 14.3969
18749,5 fw Controll.static MKFDGFOCKNO         18.3997 -> 18.4497
18749,5 fw Controll.static LEKCBKLAILO         18.4497 -> 18.4997
18749,5 fw Controll.static OFJKHAFJIMA            0.01 -> 0.0093
18749,6 fw PLH.static      ADJMBEDDHLB         18.4426 -> 18.4476
18749,6 fw PLH.static      CFIMEAFDJFM         14.3969 -> 14.4015
18753,2 fw PLH.static      ADJMBEDDHLB         18.4476 -> 18.4595
18753,2 fw PLH.static      CFIMEAFDJFM         14.4015 -> 14.4134
18766,2 fw Controll.static GIPNIMALPEG          0.5358 -> 0.5254
18766,2 fw PLH.static      ADJMBEDDHLB         18.4595 -> 18.4633
18770,2 fw PLH.static      ADJMBEDDHLB         18.4633 -> 18.4761
18770,2 fw PLH.static      CFIMEAFDJFM         14.4134 -> 14.43
18782,6 fw PLH.static      ADJMBEDDHLB         18.4761 -> 18.4801
18782,6 fw PLH.static      CFIMEAFDJFM           14.43 -> 14.4346
18785,7 fw PLH.static      ADJMBEDDHLB         18.4801 -> 18.4926
18800,0 fw Controll.static MKFDGFOCKNO         18.4497 -> 18.4997
18800,0 fw Controll.static LEKCBKLAILO         18.4997 -> 18.5497
18800,0 fw Controll.static OFJKHAFJIMA          0.0093 -> 0.0099
18800,1 fw PLH.static      ADJMBEDDHLB         18.4926 -> 18.4957
18800,1 fw PLH.static      CFIMEAFDJFM         14.4346 -> 14.4501
18803,7 fw PLH.static      ADJMBEDDHLB         18.4957 -> 18.5101
18803,7 fw PLH.static      CFIMEAFDJFM         14.4501 -> 14.4636
18816,4 fw PLH.static      ADJMBEDDHLB         18.5101 -> 18.5137
18820,2 fw Controll.static GIPNIMALPEG          0.5254 -> 0.6054
18820,2 fw PLH.static      ADJMBEDDHLB         18.5137 -> 18.5263
18820,2 fw PLH.static      CFIMEAFDJFM         14.4636 -> 14.4801
18831,8 fw PLH.static      ADJMBEDDHLB         18.5263 -> 18.5301
18836,4 fw PLH.static      ADJMBEDDHLB         18.5301 -> 18.5417
18836,4 fw PLH.static      CFIMEAFDJFM         14.4801 -> 14.4961
18849,2 fw Controll.static MKFDGFOCKNO         18.4997 -> 18.5497
18849,2 fw Controll.static LEKCBKLAILO         18.5497 -> 18.5997
18849,2 fw PLH.static      ADJMBEDDHLB         18.5417 -> 18.5464
18860,5 fw Controll.static OFJKHAFJIMA          0.0099 -> 0.009
18860,5 fw PLH.static      ADJMBEDDHLB         18.5464 -> 18.5654
18860,5 fw PLH.static      CFIMEAFDJFM         14.4961 -> 14.5132
18871,4 fw PLH.static      ADJMBEDDHLB         18.5654 -> 18.5706
18871,4 fw PLH.static      CFIMEAFDJFM         14.5132 -> 14.5241
18877,2 fw Controll.static GIPNIMALPEG          0.6054 -> 0.7453
18877,2 fw PLH.static      ADJMBEDDHLB         18.5706 -> 18.5813
18885,4 fw PLH.static      ADJMBEDDHLB         18.5813 -> 18.5872
18891,1 fw PLH.static      ADJMBEDDHLB         18.5872 -> 18.5953
18900,8 fw PLH.static      ADJMBEDDHLB         18.5953 -> 18.601
18905,1 fw Controll.static MKFDGFOCKNO         18.5497 -> 18.5997
18905,1 fw Controll.static LEKCBKLAILO         18.5997 -> 18.6497
18905,1 fw Controll.static OFJKHAFJIMA           0.009 -> 0.0008
18905,2 fw PLH.static      ADJMBEDDHLB          18.601 -> 18.6108
18905,2 fw PLH.static      CFIMEAFDJFM         14.5241 -> 14.5639
18915,3 fw PLH.static      ADJMBEDDHLB         18.6108 -> 18.6151
18921,3 fw Controll.static GIPNIMALPEG          0.7453 -> 0.6272
18921,3 fw PLH.static      ADJMBEDDHLB         18.6151 -> 18.6252
18921,3 fw PLH.static      CFIMEAFDJFM         14.5639 -> 14.5794
18928,5 fw PLH.static      ADJMBEDDHLB         18.6252 -> 18.6312
18935,7 fw PLH.static      ADJMBEDDHLB         18.6312 -> 18.6385
18935,7 fw PLH.static      CFIMEAFDJFM         14.5794 -> 14.5926
18944,1 fw PLH.static      ADJMBEDDHLB         18.6385 -> 18.6456
18944,1 fw PLH.static      CFIMEAFDJFM         14.5926 -> 14.5999
18950,0 fw Controll.static MKFDGFOCKNO         18.5997 -> 18.6497
18950,0 fw Controll.static LEKCBKLAILO         18.6497 -> 18.6997
18950,0 fw Controll.static OFJKHAFJIMA          0.0008 -> 0.0039
18950,0 fw PLH.static      ADJMBEDDHLB         18.6456 -> 18.654
18958,5 fw PLH.static      ADJMBEDDHLB          18.654 -> 18.66
18965,5 fw Controll.static GIPNIMALPEG          0.6272 -> 0.5112
18965,6 fw PLH.static      ADJMBEDDHLB           18.66 -> 18.6685
18965,6 fw PLH.static      CFIMEAFDJFM         14.5999 -> 14.6223
18972,0 fw PLH.static      ADJMBEDDHLB         18.6685 -> 18.6755
18972,0 fw PLH.static      CFIMEAFDJFM         14.6223 -> 14.6297
18985,1 fw Controll.static DGNDKAKOEPD         2027882 -> 2028889
18985,1 fw Controll.static BEJBLGGGOCC       339607136 -> 339608146
18985,2 fw Controll.static JELGPAKAJPE             112 -> 110
18985,2 fw Controll.static EENJPDHGGGC         17.6613 -> 18.6685
18985,2 fw PLH.static      ADJMBEDDHLB         18.6755 -> 18.6819
18985,2 fw PLH.static      CFIMEAFDJFM         14.6297 -> 14.6362
18988,6 fw PLH.static      ADJMBEDDHLB         18.6819 -> 18.6953
19000,7 fw Controll.static MKFDGFOCKNO         18.6497 -> 18.6997
19000,8 fw Controll.static LEKCBKLAILO         18.6997 -> 18.7497
19000,8 fw Controll.static OFJKHAFJIMA          0.0039 -> 0.0107
19000,8 fw PLH.static      ADJMBEDDHLB         18.6953 -> 18.6985
19000,8 fw PLH.static      CFIMEAFDJFM         14.6362 -> 14.6529
19005,0 fw Controll.static OINJNFHMDFE               0 -> 0.5564
19005,0 fw Controll.static _JFKCDODJALP_k__BackingField            0 -> 2
19005,1 fw PLH.static      ADJMBEDDHLB         18.6985 -> 18.7107
19005,1 fw PLH.static      CFIMEAFDJFM         14.6529 -> 14.6643
19015,1 fw Controll.static GIPNIMALPEG          0.5112 -> 0.5028
19015,1 fw Controll.static JBKBOPCCIBM               0 -> 2
19015,2 fw PLH.static      ADJMBEDDHLB         18.7107 -> 18.715
19020,6 fw PLH.static      ADJMBEDDHLB          18.715 -> 18.7251
19020,6 fw PLH.static      CFIMEAFDJFM         14.6643 -> 14.6794
19029,0 fw PLH.static      ADJMBEDDHLB         18.7251 -> 18.7305
19035,5 fw PLH.static      ADJMBEDDHLB         18.7305 -> 18.739
19043,9 fw Controll.static MKFDGFOCKNO         18.6997 -> 18.7497
19043,9 fw Controll.static LEKCBKLAILO         18.7497 -> 18.7997
19043,9 fw Controll.static OFJKHAFJIMA          0.0107 -> 0.0037
19044,0 fw PLH.static      ADJMBEDDHLB          18.739 -> 18.7454
19050,2 fw PLH.static      ADJMBEDDHLB         18.7454 -> 18.7539
19050,2 fw PLH.static      CFIMEAFDJFM         14.6794 -> 14.7072
19059,5 fw Controll.static GIPNIMALPEG          0.5028 -> 0.3912
19059,6 fw PLH.static      ADJMBEDDHLB         18.7539 -> 18.7603
19065,4 fw PLH.static      ADJMBEDDHLB         18.7603 -> 18.7695
19065,5 fw PLH.static      CFIMEAFDJFM         14.7072 -> 14.7225
19073,1 fw PLH.static      ADJMBEDDHLB         18.7695 -> 18.7754
19082,5 fw PLH.static      ADJMBEDDHLB         18.7754 -> 18.783
19082,5 fw PLH.static      CFIMEAFDJFM         14.7225 -> 14.7374
19086,5 fw PLH.static      ADJMBEDDHLB          18.783 -> 18.7924
19099,1 fw PLH.static      ADJMBEDDHLB         18.7924 -> 18.7964
19102,7 fw PLH.static      ADJMBEDDHLB         18.7964 -> 18.809
19114,2 fw Controll.static GIPNIMALPEG          0.3912 -> 0.4862
19114,3 fw PLH.static      ADJMBEDDHLB          18.809 -> 18.8126
19114,3 fw PLH.static      CFIMEAFDJFM         14.7374 -> 14.767
19118,9 fw PLH.static      ADJMBEDDHLB         18.8126 -> 18.8243
19118,9 fw PLH.static      CFIMEAFDJFM          14.767 -> 14.7785
19128,5 fw PLH.static      ADJMBEDDHLB         18.8243 -> 18.8288
19128,5 fw PLH.static      CFIMEAFDJFM         14.7785 -> 14.7825
19135,2 fw Controll.static MKFDGFOCKNO         18.7497 -> 18.7997
19135,2 fw Controll.static LEKCBKLAILO         18.7997 -> 18.8497
19135,2 fw PLH.static      ADJMBEDDHLB         18.8288 -> 18.8385
19135,2 fw PLH.static      CFIMEAFDJFM         14.7825 -> 14.7927
19143,1 fw Controll.static OFJKHAFJIMA          0.0037 -> 0.0029
19143,2 fw PLH.static      ADJMBEDDHLB         18.8385 -> 18.8452
19149,3 fw PLH.static      ADJMBEDDHLB         18.8452 -> 18.8531
19157,9 fw Controll.static GIPNIMALPEG          0.4862 -> 0.3593
19158,0 fw PLH.static      ADJMBEDDHLB         18.8531 -> 18.8593
19158,0 fw PLH.static      CFIMEAFDJFM         14.7927 -> 14.8136
19165,3 fw PLH.static      ADJMBEDDHLB         18.8593 -> 18.8679
19165,3 fw PLH.static      CFIMEAFDJFM         14.8136 -> 14.8216
19170,4 fw PLH.static      ADJMBEDDHLB         18.8679 -> 18.8752
19170,4 fw PLH.static      CFIMEAFDJFM         14.8216 -> 14.8295
19181,9 fw PLH.static      ADJMBEDDHLB         18.8752 -> 18.8803
19185,2 fw Controll.static MKFDGFOCKNO         18.7997 -> 18.8497
19185,2 fw Controll.static LEKCBKLAILO         18.8497 -> 18.8997
19185,3 fw PLH.static      ADJMBEDDHLB         18.8803 -> 18.8918
19198,6 fw PLH.static      ADJMBEDDHLB         18.8918 -> 18.8952
19202,4 fw Controll.static GIPNIMALPEG          0.3593 -> 0.2484
19202,4 fw PLH.static      ADJMBEDDHLB         18.8952 -> 18.9085
19202,4 fw PLH.static      CFIMEAFDJFM         14.8295 -> 14.8618
19214,8 fw PLH.static      ADJMBEDDHLB         18.9085 -> 18.9123
19218,5 fw PLH.static      ADJMBEDDHLB         18.9123 -> 18.9247
19218,5 fw PLH.static      CFIMEAFDJFM         14.8618 -> 14.8791
19231,7 fw PLH.static      ADJMBEDDHLB         18.9247 -> 18.9284
19235,1 fw Controll.static MKFDGFOCKNO         18.8497 -> 18.8997
19235,1 fw Controll.static LEKCBKLAILO         18.8997 -> 18.9497
19235,2 fw Controll.static OFJKHAFJIMA          0.0029 -> 0.0084
19235,2 fw PLH.static      ADJMBEDDHLB         18.9284 -> 18.9416
19249,3 fw PLH.static      ADJMBEDDHLB         18.9416 -> 18.9452
19252,5 fw Controll.static GIPNIMALPEG          0.2484 -> 0.2514
19252,6 fw PLH.static      ADJMBEDDHLB         18.9452 -> 18.9593
19252,6 fw PLH.static      CFIMEAFDJFM         14.8791 -> 14.9126
19265,4 fw PLH.static      ADJMBEDDHLB         18.9593 -> 18.9625
19268,9 fw PLH.static      ADJMBEDDHLB         18.9625 -> 18.9753
19268,9 fw PLH.static      CFIMEAFDJFM         14.9126 -> 14.9291
19282,0 fw PLH.static      ADJMBEDDHLB         18.9753 -> 18.9788
19285,2 fw Controll.static MKFDGFOCKNO         18.8997 -> 18.9497
19285,2 fw Controll.static LEKCBKLAILO         18.9497 -> 18.9997
19285,2 fw Controll.static OFJKHAFJIMA          0.0084 -> 0.009
19285,2 fw PLH.static      ADJMBEDDHLB         18.9788 -> 18.9919
19298,6 fw PLH.static      ADJMBEDDHLB         18.9919 -> 18.9951
19302,3 fw Controll.static GIPNIMALPEG          0.2514 -> 0.2468
19302,4 fw PLH.static      ADJMBEDDHLB         18.9951 -> 19.0086
19302,4 fw PLH.static      CFIMEAFDJFM         14.9291 -> 14.9619
19314,5 fw PLH.static      ADJMBEDDHLB         19.0086 -> 19.0123
19319,1 fw PLH.static      ADJMBEDDHLB         19.0123 -> 19.0245
19319,1 fw PLH.static      CFIMEAFDJFM         14.9619 -> 14.9788
19330,7 fw PLH.static      ADJMBEDDHLB         19.0245 -> 19.0291
19330,7 fw PLH.static      CFIMEAFDJFM         14.9788 -> 14.9829
19334,2 fw Controll.static MKFDGFOCKNO         18.9497 -> 18.9997
19334,2 fw Controll.static LEKCBKLAILO         18.9997 -> 19.0497
19334,2 fw Controll.static OFJKHAFJIMA           0.009 -> 0.0084
19334,2 fw PLH.static      ADJMBEDDHLB         19.0291 -> 19.0406
19346,0 fw PLH.static      ADJMBEDDHLB         19.0406 -> 19.0441
19351,6 fw Controll.static GIPNIMALPEG          0.2468 -> 0.232
19351,6 fw PLH.static      ADJMBEDDHLB         19.0441 -> 19.0578
19351,6 fw PLH.static      CFIMEAFDJFM         14.9829 -> 15.0089
19364,6 fw PLH.static      ADJMBEDDHLB         19.0578 -> 19.0616
19368,0 fw PLH.static      ADJMBEDDHLB         19.0616 -> 19.0745
19368,0 fw PLH.static      CFIMEAFDJFM         15.0089 -> 15.0281
19381,5 fw PLH.static      ADJMBEDDHLB         19.0745 -> 19.0779
19381,5 fw PLH.static      CFIMEAFDJFM         15.0281 -> 15.0324
19384,9 fw Controll.static MKFDGFOCKNO         18.9997 -> 19.0497
19384,9 fw Controll.static LEKCBKLAILO         19.0497 -> 19.0997
19384,9 fw Controll.static OFJKHAFJIMA          0.0084 -> 0.0056
19384,9 fw PLH.static      ADJMBEDDHLB         19.0779 -> 19.0915
19399,1 fw PLH.static      ADJMBEDDHLB         19.0915 -> 19.0948
19402,5 fw PLH.static      ADJMBEDDHLB         19.0948 -> 19.1091
19402,5 fw PLH.static      CFIMEAFDJFM         15.0324 -> 15.0623
19413,8 fw Controll.static GIPNIMALPEG           0.232 -> 0.477
19413,9 fw PLH.static      ADJMBEDDHLB         19.1091 -> 19.1125
19413,9 fw PLH.static      CFIMEAFDJFM         15.0623 -> 15.0667
19419,2 fw PLH.static      ADJMBEDDHLB         19.1125 -> 19.1238
19419,2 fw PLH.static      CFIMEAFDJFM         15.0667 -> 15.0781
19427,1 fw PLH.static      ADJMBEDDHLB         19.1238 -> 19.1291
19427,1 fw PLH.static      CFIMEAFDJFM         15.0781 -> 15.0829
19432,9 fw Controll.static MKFDGFOCKNO         19.0497 -> 19.0997
19432,9 fw Controll.static LEKCBKLAILO         19.0997 -> 19.1497
19432,9 fw PLH.static      ADJMBEDDHLB         19.1291 -> 19.137
19440,9 fw Controll.static OFJKHAFJIMA          0.0056 -> 0.0007
19440,9 fw PLH.static      ADJMBEDDHLB          19.137 -> 19.1429
19448,5 fw PLH.static      ADJMBEDDHLB         19.1429 -> 19.1508
19455,2 fw Controll.static GIPNIMALPEG           0.477 -> 0.3047
19455,3 fw PLH.static      ADJMBEDDHLB         19.1508 -> 19.1584
19464,6 fw PLH.static      ADJMBEDDHLB         19.1584 -> 19.1652
19464,6 fw PLH.static      CFIMEAFDJFM         15.0829 -> 15.1194
19467,9 fw PLH.static      ADJMBEDDHLB         19.1652 -> 19.1745
19467,9 fw PLH.static      CFIMEAFDJFM         15.1194 -> 15.1283
19480,8 fw PLH.static      ADJMBEDDHLB         19.1745 -> 19.1778
19484,1 fw Controll.static MKFDGFOCKNO         19.0997 -> 19.1497
19484,1 fw Controll.static LEKCBKLAILO         19.1497 -> 19.1997
19484,1 fw PLH.static      ADJMBEDDHLB         19.1778 -> 19.1907
19484,1 fw PLH.static      CFIMEAFDJFM         15.1283 -> 15.1443
19499,0 fw Controll.static _JFKCDODJALP_k__BackingField            2 -> 0
19499,1 fw PLH.static      ADJMBEDDHLB         19.1907 -> 19.194
19502,4 fw Controll.static GIPNIMALPEG          0.3047 -> 0.2472
19502,4 fw Controll.static JBKBOPCCIBM               2 -> 0
19502,4 fw PLH.static      ADJMBEDDHLB          19.194 -> 19.2091
19502,4 fw PLH.static      CFIMEAFDJFM         15.1443 -> 15.162
19514,7 fw PLH.static      ADJMBEDDHLB         19.2091 -> 19.2123
19519,3 fw Controll.static DJACNOGOCKD               1 -> 0
19519,3 fw PLH.static      ADJMBEDDHLB         19.2123 -> 19.2247
19519,4 fw PLH.static      CFIMEAFDJFM          15.162 -> 15.1788
19530,9 fw PLH.static      ADJMBEDDHLB         19.2247 -> 19.2292
19534,1 fw Controll.static MKFDGFOCKNO         19.1497 -> 19.1997
19534,1 fw Controll.static LEKCBKLAILO         19.1997 -> 19.2497
19534,1 fw Controll.static OFJKHAFJIMA          0.0007 -> 0.0087
19534,2 fw PLH.static      ADJMBEDDHLB         19.2292 -> 19.2408
19545,3 fw PLH.static      ADJMBEDDHLB         19.2408 -> 19.2441
19550,6 fw Controll.static GIPNIMALPEG          0.2472 -> 0.2132
19550,7 fw PLH.static      ADJMBEDDHLB         19.2441 -> 19.2555
19550,7 fw PLH.static      CFIMEAFDJFM         15.1788 -> 15.208
19560,1 fw PLH.static      ADJMBEDDHLB         19.2555 -> 19.2606
19566,3 fw PLH.static      ADJMBEDDHLB         19.2606 -> 19.2701
19573,7 fw PLH.static      ADJMBEDDHLB         19.2701 -> 19.2762
19573,7 fw PLH.static      CFIMEAFDJFM          15.208 -> 15.2306
19581,2 fw Controll.static MKFDGFOCKNO         19.1997 -> 19.2498
19581,2 fw Controll.static LEKCBKLAILO         19.2497 -> 19.2998
19581,2 fw Controll.static OFJKHAFJIMA          0.0087 -> 0.0047
19581,2 fw PLH.static      ADJMBEDDHLB         19.2762 -> 19.2836
19581,2 fw PLH.static      CFIMEAFDJFM         15.2306 -> 15.238
19587,4 fw PLH.static      ADJMBEDDHLB         19.2836 -> 19.2911
19597,8 fw Controll.static GIPNIMALPEG          0.2132 -> 0.157
19597,9 fw PLH.static      ADJMBEDDHLB         19.2911 -> 19.2973
19601,5 fw PLH.static      ADJMBEDDHLB         19.2973 -> 19.3078
19601,5 fw PLH.static      CFIMEAFDJFM          15.238 -> 15.2612
19613,4 fw PLH.static      ADJMBEDDHLB         19.3078 -> 19.3115
19613,4 fw PLH.static      CFIMEAFDJFM         15.2612 -> 15.2658
19618,3 fw PLH.static      ADJMBEDDHLB         19.3115 -> 19.3233
19618,3 fw PLH.static      CFIMEAFDJFM         15.2658 -> 15.2777
19630,0 fw Controll.static MKFDGFOCKNO         19.2498 -> 19.2998
19630,0 fw Controll.static LEKCBKLAILO         19.2998 -> 19.3498
19630,0 fw Controll.static OFJKHAFJIMA          0.0047 -> 0.0077
19630,1 fw PLH.static      ADJMBEDDHLB         19.3233 -> 19.3282
19630,1 fw PLH.static      CFIMEAFDJFM         15.2777 -> 15.282
19633,7 fw PLH.static      ADJMBEDDHLB         19.3282 -> 19.34
19647,5 fw Controll.static GIPNIMALPEG           0.157 -> 0.1504
19647,6 fw PLH.static      ADJMBEDDHLB           19.34 -> 19.3436
19651,0 fw PLH.static      ADJMBEDDHLB         19.3436 -> 19.3575
19651,0 fw PLH.static      CFIMEAFDJFM          15.282 -> 15.3107
19664,0 fw PLH.static      ADJMBEDDHLB         19.3575 -> 19.3609
19667,0 fw PLH.static      ADJMBEDDHLB         19.3609 -> 19.3739
19667,0 fw PLH.static      CFIMEAFDJFM         15.3107 -> 15.3277
19680,9 fw Controll.static MKFDGFOCKNO         19.2998 -> 19.3498
19680,9 fw Controll.static LEKCBKLAILO         19.3498 -> 19.3998
19680,9 fw Controll.static OFJKHAFJIMA          0.0077 -> 0.0073
19681,0 fw PLH.static      ADJMBEDDHLB         19.3739 -> 19.3769
19685,1 fw PLH.static      ADJMBEDDHLB         19.3769 -> 19.391
19685,1 fw PLH.static      CFIMEAFDJFM         15.3277 -> 15.3442
19698,4 fw PLH.static      ADJMBEDDHLB          19.391 -> 19.3951
19701,4 fw Controll.static GIPNIMALPEG          0.1504 -> 0.2267
19701,4 fw PLH.static      ADJMBEDDHLB         19.3951 -> 19.4083
19701,4 fw PLH.static      CFIMEAFDJFM         15.3442 -> 15.3616
19713,3 fw PLH.static      ADJMBEDDHLB         19.4083 -> 19.4114
19718,1 fw PLH.static      ADJMBEDDHLB         19.4114 -> 19.4232
19718,1 fw PLH.static      CFIMEAFDJFM         15.3616 -> 15.3775
19726,2 fw Controll.static MKFDGFOCKNO         19.3498 -> 19.3998
19726,2 fw Controll.static LEKCBKLAILO         19.3998 -> 19.4498
19726,3 fw PLH.static      ADJMBEDDHLB         19.4232 -> 19.428
19732,9 fw Controll.static OFJKHAFJIMA          0.0073 -> 0.0081
19733,0 fw PLH.static      ADJMBEDDHLB          19.428 -> 19.4362
19741,5 fw PLH.static      ADJMBEDDHLB         19.4362 -> 19.443
19747,2 fw Controll.static GIPNIMALPEG          0.2267 -> 0.1445
19747,3 fw PLH.static      ADJMBEDDHLB          19.443 -> 19.4515
19754,9 fw PLH.static      ADJMBEDDHLB         19.4515 -> 19.4572
19754,9 fw PLH.static      CFIMEAFDJFM         15.3775 -> 15.4116
19764,1 fw PLH.static      ADJMBEDDHLB         19.4572 -> 19.4648
19764,1 fw PLH.static      CFIMEAFDJFM         15.4116 -> 15.4192
19768,1 fw PLH.static      ADJMBEDDHLB         19.4648 -> 19.4741
19768,1 fw PLH.static      CFIMEAFDJFM         15.4192 -> 15.4275
19781,2 fw Controll.static MKFDGFOCKNO         19.3998 -> 19.4498
19781,2 fw Controll.static LEKCBKLAILO         19.4498 -> 19.4998
19781,2 fw Controll.static OFJKHAFJIMA          0.0081 -> 0.0012
19781,2 fw PLH.static      ADJMBEDDHLB         19.4741 -> 19.4781
19781,3 fw PLH.static      CFIMEAFDJFM         15.4275 -> 15.4324
19785,2 fw PLH.static      ADJMBEDDHLB         19.4781 -> 19.4912
19798,5 fw Controll.static MNHBPCOOMLE         2027152 -> 2029928
19798,5 fw Controll.static GIPNIMALPEG          0.1445 -> 0.1697
19798,6 fw PLH.static      ADJMBEDDHLB         19.4912 -> 19.4951
19803,1 fw Controll        MJPKOOHJOPA         12.9845 -> 15.7603
19803,1 fw PLH.static      ADJMBEDDHLB         19.4951 -> 19.5086
19803,1 fw PLH.static      CFIMEAFDJFM         15.4324 -> 15.4603
19814,7 fw PLH.static      ADJMBEDDHLB         19.5086 -> 19.5131
19814,7 fw PLH.static      CFIMEAFDJFM         15.4603 -> 15.4673
19820,6 fw Controll.static GLGCAOADGMN               0 -> 1
19820,7 fw PLH.static      ADJMBEDDHLB         19.5131 -> 19.5246
19820,7 fw PLH.static      CFIMEAFDJFM         15.4673 -> 15.4789
19829,3 fw Controll.static MKFDGFOCKNO         19.4498 -> 19.4998
19829,3 fw Controll.static LEKCBKLAILO         19.4998 -> 19.5498
19829,3 fw Controll.static OFJKHAFJIMA          0.0012 -> 0.0084
19829,3 fw PLH.static      ADJMBEDDHLB         19.5246 -> 19.5306
19829,3 fw PLH.static      CFIMEAFDJFM         15.4789 -> 15.4842
19833,9 fw PLH.static      ADJMBEDDHLB         19.5306 -> 19.5392
19844,3 fw Controll.static GIPNIMALPEG          0.1697 -> 0.0837
19844,4 fw PLH.static      ADJMBEDDHLB         19.5392 -> 19.5439
19844,4 fw PLH.static      CFIMEAFDJFM         15.4842 -> 15.4981
19849,8 fw PLH.static      ADJMBEDDHLB         19.5439 -> 19.5544
19849,8 fw PLH.static      CFIMEAFDJFM         15.4981 -> 15.507
19859,8 fw PLH.static      ADJMBEDDHLB         19.5544 -> 19.5597
19859,8 fw PLH.static      CFIMEAFDJFM          15.507 -> 15.514
19867,1 fw Controll.static GLGCAOADGMN               1 -> 0
19867,1 fw PLH.static      ADJMBEDDHLB         19.5597 -> 19.5699
19867,1 fw PLH.static      CFIMEAFDJFM          15.514 -> 15.5231
19873,9 fw Controll.static MKFDGFOCKNO         19.4998 -> 19.5498
19873,9 fw Controll.static LEKCBKLAILO         19.5498 -> 19.5998
19873,9 fw Controll.static OFJKHAFJIMA          0.0084 -> 0.0038
19874,0 fw PLH.static      ADJMBEDDHLB         19.5699 -> 19.577
19882,2 fw PLH.static      ADJMBEDDHLB          19.577 -> 19.5839
19882,2 fw PLH.static      CFIMEAFDJFM         15.5231 -> 15.5382
19887,2 fw Controll.static GIPNIMALPEG          0.0837 -> 0.9431
19887,2 fw PLH.static      ADJMBEDDHLB         19.5839 -> 19.5921
19898,4 fw PLH.static      ADJMBEDDHLB         19.5921 -> 19.5971
19902,6 fw PLH.static      ADJMBEDDHLB         19.5971 -> 19.6084
19902,6 fw PLH.static      CFIMEAFDJFM         15.5382 -> 15.5615
19914,0 fw PLH.static      ADJMBEDDHLB         19.6084 -> 19.6125
19914,0 fw PLH.static      CFIMEAFDJFM         15.5615 -> 15.5668
19919,8 fw Controll.static MKFDGFOCKNO         19.5498 -> 19.5998
19919,8 fw Controll.static LEKCBKLAILO         19.5998 -> 19.6498
19919,8 fw Controll.static OFJKHAFJIMA          0.0038 -> 0.0081
19919,9 fw PLH.static      ADJMBEDDHLB         19.6125 -> 19.624
19919,9 fw PLH.static      CFIMEAFDJFM         15.5668 -> 15.5782
19930,0 fw PLH.static      ADJMBEDDHLB          19.624 -> 19.6299
19933,8 fw Controll.static GIPNIMALPEG          0.9431 -> 0.8748
19933,8 fw PLH.static      ADJMBEDDHLB         19.6299 -> 19.64
19933,8 fw PLH.static      CFIMEAFDJFM         15.5782 -> 15.594
19947,4 fw PLH.static      ADJMBEDDHLB           19.64 -> 19.6437
19951,2 fw PLH.static      ADJMBEDDHLB         19.6437 -> 19.6573
19951,2 fw PLH.static      CFIMEAFDJFM          15.594 -> 15.6106
19964,7 fw PLH.static      ADJMBEDDHLB         19.6573 -> 19.6612
19964,7 fw PLH.static      CFIMEAFDJFM         15.6106 -> 15.6153
19967,7 fw Controll.static MKFDGFOCKNO         19.5998 -> 19.6498
19967,7 fw Controll.static LEKCBKLAILO         19.6498 -> 19.6998
19967,7 fw Controll.static OFJKHAFJIMA          0.0081 -> 0.0072
19967,7 fw PLH.static      ADJMBEDDHLB         19.6612 -> 19.6747
19967,7 fw PLH.static      CFIMEAFDJFM         15.6153 -> 15.6272
19980,1 fw PLH.static      ADJMBEDDHLB         19.6747 -> 19.6777
19980,1 fw PLH.static      CFIMEAFDJFM         15.6272 -> 15.632
19985,0 fw PLH.static      ADJMBEDDHLB         19.6777 -> 19.6901
19997,7 fw Controll.static GIPNIMALPEG          0.8748 -> 0.153
19997,7 fw PLH.static      ADJMBEDDHLB         19.6901 -> 19.6949
20001,2 fw Controll.static DGNDKAKOEPD         2028889 -> 2029882
20001,2 fw Controll.static BEJBLGGGOCC       339608146 -> 339609150
20001,2 fw Controll.static JELGPAKAJPE             110 -> 107
20001,2 fw Controll.static EENJPDHGGGC         18.6685 -> 19.6612
20001,2 fw Controll        MJPKOOHJOPA         15.7603 -> 15.9607
20001,2 fw PLH.static      ADJMBEDDHLB         19.6949 -> 19.7076
20001,2 fw PLH.static      CFIMEAFDJFM          15.632 -> 15.6607
20012,9 fw PLH.static      ADJMBEDDHLB         19.7076 -> 19.7111
20018,4 fw Controll.static GLGCAOADGMN               0 -> 1
20018,4 fw Controll.static MKFDGFOCKNO         19.6498 -> 19.6998
20018,4 fw Controll.static LEKCBKLAILO         19.6998 -> 19.7498
20018,5 fw PLH.static      ADJMBEDDHLB         19.7111 -> 19.7229
20018,5 fw PLH.static      CFIMEAFDJFM         15.6607 -> 15.6769
20029,0 fw Controll.static OFJKHAFJIMA          0.0072 -> 0.0075
20029,0 fw PLH.static      ADJMBEDDHLB         19.7229 -> 19.7284
20033,1 fw Controll.static MNHBPCOOMLE         2029928 -> 2030128
20033,1 fw PLH.static      ADJMBEDDHLB         19.7284 -> 19.7389
20033,1 fw PLH.static      CFIMEAFDJFM         15.6769 -> 15.6932
20046,3 fw Controll.static GIPNIMALPEG           0.153 -> 0.1249
20046,4 fw PLH.static      ADJMBEDDHLB         19.7389 -> 19.743
20049,4 fw PLH.static      ADJMBEDDHLB          19.743 -> 19.7563
20049,4 fw PLH.static      CFIMEAFDJFM         15.6932 -> 15.7068
20063,8 fw PLH.static      ADJMBEDDHLB         19.7563 -> 19.7594
20067,5 fw Controll.static GLGCAOADGMN               1 -> 0
20067,6 fw PLH.static      ADJMBEDDHLB         19.7594 -> 19.7738
20067,6 fw PLH.static      CFIMEAFDJFM         15.7068 -> 15.7271
20079,7 fw Controll.static MKFDGFOCKNO         19.6998 -> 19.7498
20079,7 fw Controll.static LEKCBKLAILO         19.7498 -> 19.7998
20079,7 fw Controll.static OFJKHAFJIMA          0.0075 -> 0.0059
20079,7 fw PLH.static      ADJMBEDDHLB         19.7738 -> 19.7775
20084,1 fw PLH.static      ADJMBEDDHLB         19.7775 -> 19.7896
20084,1 fw PLH.static      CFIMEAFDJFM         15.7271 -> 15.7433
20095,7 fw Controll.static GIPNIMALPEG          0.1249 -> 0.1134
20095,8 fw PLH.static      ADJMBEDDHLB         19.7896 -> 19.794
20100,2 fw PLH.static      ADJMBEDDHLB          19.794 -> 19.8057
20109,2 fw PLH.static      ADJMBEDDHLB         19.8057 -> 19.8102
20109,2 fw PLH.static      CFIMEAFDJFM         15.7433 -> 15.7637
20116,6 fw PLH.static      ADJMBEDDHLB         19.8102 -> 19.8191
20123,0 fw Controll.static MKFDGFOCKNO         19.7498 -> 19.7998
20123,0 fw Controll.static LEKCBKLAILO         19.7998 -> 19.8498
20123,0 fw Controll.static OFJKHAFJIMA          0.0059 -> 0.0055
20123,0 fw PLH.static      ADJMBEDDHLB         19.8191 -> 19.8265
20123,0 fw PLH.static      CFIMEAFDJFM         15.7637 -> 15.7801
20130,9 fw PLH.static      ADJMBEDDHLB         19.8265 -> 19.833
20137,9 fw Controll.static GIPNIMALPEG          0.1134 -> 0.9563
20137,9 fw PLH.static      ADJMBEDDHLB          19.833 -> 19.8408
20137,9 fw PLH.static      CFIMEAFDJFM         15.7801 -> 15.7951
20147,9 fw PLH.static      ADJMBEDDHLB         19.8408 -> 19.8479
20152,2 fw PLH.static      ADJMBEDDHLB         19.8479 -> 19.8578
20162,7 fw PLH.static      ADJMBEDDHLB         19.8578 -> 19.8621
20162,7 fw PLH.static      CFIMEAFDJFM         15.7951 -> 15.8165
20168,0 fw Controll.static MKFDGFOCKNO         19.7998 -> 19.8498
20168,0 fw Controll.static LEKCBKLAILO         19.8498 -> 19.8998
20168,0 fw Controll.static OFJKHAFJIMA          0.0055 -> 0.0077
20168,0 fw PLH.static      ADJMBEDDHLB         19.8621 -> 19.8727
20168,0 fw PLH.static      CFIMEAFDJFM         15.8165 -> 15.8263
20179,5 fw PLH.static      ADJMBEDDHLB         19.8727 -> 19.8779
20179,5 fw PLH.static      CFIMEAFDJFM         15.8263 -> 15.8322
20182,6 fw Controll.static GIPNIMALPEG          0.9563 -> 0.8512
20182,6 fw PLH.static      ADJMBEDDHLB         19.8779 -> 19.8894
20182,6 fw PLH.static      CFIMEAFDJFM         15.8322 -> 15.843
20196,1 fw PLH.static      ADJMBEDDHLB         19.8894 -> 19.8925
20201,7 fw PLH.static      ADJMBEDDHLB         19.8925 -> 19.906
20201,7 fw PLH.static      CFIMEAFDJFM          15.843 -> 15.8599
20212,3 fw PLH.static      ADJMBEDDHLB          19.906 -> 19.9116
20218,2 fw Controll.static MKFDGFOCKNO         19.8498 -> 19.8998
20218,2 fw Controll.static LEKCBKLAILO         19.8998 -> 19.9498
20218,2 fw Controll.static OFJKHAFJIMA          0.0077 -> 0.0057
20218,3 fw PLH.static      ADJMBEDDHLB         19.9116 -> 19.9223
20218,3 fw PLH.static      CFIMEAFDJFM         15.8599 -> 15.8764
20229,2 fw PLH.static      ADJMBEDDHLB         19.9223 -> 19.9282
20232,6 fw Controll.static GIPNIMALPEG          0.8512 -> 0.8508
20232,6 fw PLH.static      ADJMBEDDHLB         19.9282 -> 19.9392
20232,6 fw PLH.static      CFIMEAFDJFM         15.8764 -> 15.8935
20246,0 fw PLH.static      ADJMBEDDHLB         19.9392 -> 19.9425
20249,7 fw PLH.static      ADJMBEDDHLB         19.9425 -> 19.9561
20249,7 fw PLH.static      CFIMEAFDJFM         15.8935 -> 15.9091
20262,9 fw PLH.static      ADJMBEDDHLB         19.9561 -> 19.9597
20266,2 fw Controll.static MKFDGFOCKNO         19.8998 -> 19.9498
20266,2 fw Controll.static LEKCBKLAILO         19.9498 -> 19.9998
20266,2 fw Controll.static OFJKHAFJIMA          0.0057 -> 0.0056
20266,2 fw PLH.static      ADJMBEDDHLB         19.9597 -> 19.9728
20266,2 fw PLH.static      CFIMEAFDJFM         15.9091 -> 15.9263
20280,1 fw PLH.static      ADJMBEDDHLB         19.9728 -> 19.9761
20283,2 fw PLH.static      ADJMBEDDHLB         19.9761 -> 19.9901
20283,2 fw PLH.static      CFIMEAFDJFM         15.9263 -> 15.9433
20296,2 fw Controll.static GIPNIMALPEG          0.8508 -> 0.1229
20296,3 fw PLH.static      ADJMBEDDHLB         19.9901 -> 19.9931
20296,3 fw PLH.static      CFIMEAFDJFM         15.9433 -> 15.9475
20301,4 fw PLH.static      ADJMBEDDHLB         19.9931 -> 20.0062
20301,4 fw PLH.static      CFIMEAFDJFM         15.9475 -> 15.9588
20312,0 fw Controll        MJPKOOHJOPA         15.9607 -> 16.2588
20312,1 fw PLH.static      ADJMBEDDHLB         20.0062 -> 20.0113
20317,5 fw Controll.static GLGCAOADGMN               0 -> 1
20317,5 fw Controll.static MKFDGFOCKNO         19.9498 -> 19.9998
20317,5 fw Controll.static LEKCBKLAILO         19.9998 -> 20.0498
20317,5 fw PLH.static      ADJMBEDDHLB         20.0113 -> 20.022
20317,5 fw PLH.static      CFIMEAFDJFM         15.9588 -> 15.9763
20328,7 fw Controll.static OFJKHAFJIMA          0.0056 -> 0.006
20328,7 fw PLH.static      ADJMBEDDHLB          20.022 -> 20.0274
20332,0 fw Controll.static MNHBPCOOMLE         2030128 -> 2030426
20332,1 fw PLH.static      ADJMBEDDHLB         20.0274 -> 20.0387
20332,1 fw PLH.static      CFIMEAFDJFM         15.9763 -> 15.9928
20345,5 fw Controll.static GIPNIMALPEG          0.1229 -> 0.1077
20345,5 fw PLH.static      ADJMBEDDHLB         20.0387 -> 20.042
20349,7 fw PLH.static      ADJMBEDDHLB          20.042 -> 20.0555
20349,7 fw PLH.static      CFIMEAFDJFM         15.9928 -> 16.0086
20364,5 fw PLH.static      ADJMBEDDHLB         20.0555 -> 20.0596
20364,5 fw PLH.static      CFIMEAFDJFM         16.0086 -> 16.0139
20367,2 fw Controll.static GLGCAOADGMN               1 -> 0
20367,3 fw PLH.static      ADJMBEDDHLB         20.0596 -> 20.0745
20367,3 fw PLH.static      CFIMEAFDJFM         16.0139 -> 16.026
20380,9 fw Controll.static MKFDGFOCKNO         19.9998 -> 20.0498
20380,9 fw Controll.static LEKCBKLAILO         20.0498 -> 20.0998
20380,9 fw Controll.static OFJKHAFJIMA           0.006 -> 0.0051
20381,0 fw PLH.static      ADJMBEDDHLB         20.0745 -> 20.0772
20384,3 fw PLH.static      ADJMBEDDHLB         20.0772 -> 20.091
20384,3 fw PLH.static      CFIMEAFDJFM          16.026 -> 16.0441
20395,5 fw Controll.static GIPNIMALPEG          0.1077 -> 0.1088
20395,5 fw PLH.static      ADJMBEDDHLB          20.091 -> 20.0942
20395,5 fw PLH.static      CFIMEAFDJFM         16.0441 -> 16.0486
20402,0 fw PLH.static      ADJMBEDDHLB         20.0942 -> 20.1054
20408,7 fw PLH.static      ADJMBEDDHLB         20.1054 -> 20.1119
20415,7 fw PLH.static      ADJMBEDDHLB         20.1119 -> 20.1187
20415,7 fw PLH.static      CFIMEAFDJFM         16.0486 -> 16.0727
20423,5 fw Controll.static MKFDGFOCKNO         20.0498 -> 20.0998
20423,5 fw Controll.static LEKCBKLAILO         20.0998 -> 20.1498
20423,5 fw Controll.static OFJKHAFJIMA          0.0051 -> 0.0052
20423,6 fw PLH.static      ADJMBEDDHLB         20.1187 -> 20.1256
20423,6 fw PLH.static      CFIMEAFDJFM         16.0727 -> 16.08
20429,8 fw PLH.static      ADJMBEDDHLB         20.1256 -> 20.1335
20438,8 fw Controll.static GIPNIMALPEG          0.1088 -> 0.9738
20438,8 fw PLH.static      ADJMBEDDHLB         20.1335 -> 20.1397
20445,6 fw PLH.static      ADJMBEDDHLB         20.1397 -> 20.1488
20445,6 fw PLH.static      CFIMEAFDJFM           16.08 -> 16.1023
20453,0 fw PLH.static      ADJMBEDDHLB         20.1488 -> 20.1555
20463,1 fw PLH.static      ADJMBEDDHLB         20.1555 -> 20.1629
20463,1 fw PLH.static      CFIMEAFDJFM         16.1023 -> 16.1172
20466,3 fw Controll.static MKFDGFOCKNO         20.0998 -> 20.1498
20466,3 fw Controll.static LEKCBKLAILO         20.1498 -> 20.1998
20466,3 fw PLH.static      ADJMBEDDHLB         20.1629 -> 20.1731
20466,3 fw PLH.static      CFIMEAFDJFM         16.1172 -> 16.1258
20479,2 fw PLH.static      ADJMBEDDHLB         20.1731 -> 20.1763
20483,1 fw Controll.static GIPNIMALPEG          0.9738 -> 0.8592
20483,1 fw PLH.static      ADJMBEDDHLB         20.1763 -> 20.1892
20483,1 fw PLH.static      CFIMEAFDJFM         16.1258 -> 16.1424
20494,9 fw PLH.static      ADJMBEDDHLB         20.1892 -> 20.1931
20494,9 fw PLH.static      CFIMEAFDJFM         16.1424 -> 16.1473
20501,0 fw PLH.static      ADJMBEDDHLB         20.1931 -> 20.2048
20513,4 fw Controll        MJPKOOHJOPA         16.2588 -> 16.4638
20513,4 fw PLH.static      ADJMBEDDHLB         20.2048 -> 20.211
20513,4 fw PLH.static      CFIMEAFDJFM         16.1473 -> 16.1638
20517,3 fw Controll.static MKFDGFOCKNO         20.1498 -> 20.1998
20517,3 fw Controll.static LEKCBKLAILO         20.1998 -> 20.2498
20517,3 fw Controll.static OFJKHAFJIMA          0.0052 -> 0.0045
20517,3 fw PLH.static      ADJMBEDDHLB          20.211 -> 20.2234
20517,3 fw PLH.static      CFIMEAFDJFM         16.1638 -> 16.1757
20529,2 fw PLH.static      ADJMBEDDHLB         20.2234 -> 20.2272
20534,1 fw Controll.static MNHBPCOOMLE         2030426 -> 2030631
20534,1 fw Controll.static GIPNIMALPEG          0.8592 -> 0.8806
20534,1 fw PLH.static      ADJMBEDDHLB         20.2272 -> 20.2391
20545,7 fw PLH.static      ADJMBEDDHLB         20.2391 -> 20.2441
20550,2 fw PLH.static      ADJMBEDDHLB         20.2441 -> 20.2557
20550,2 fw PLH.static      CFIMEAFDJFM         16.1757 -> 16.209
20562,2 fw PLH.static      ADJMBEDDHLB         20.2557 -> 20.2602
20565,4 fw Controll.static MKFDGFOCKNO         20.1998 -> 20.2498
20565,4 fw Controll.static LEKCBKLAILO         20.2498 -> 20.2998
20565,4 fw Controll.static OFJKHAFJIMA          0.0045 -> 0.0054
20565,4 fw PLH.static      ADJMBEDDHLB         20.2602 -> 20.2721
20578,9 fw PLH.static      ADJMBEDDHLB         20.2721 -> 20.2754
20583,2 fw PLH.static      ADJMBEDDHLB         20.2754 -> 20.2889
20583,2 fw PLH.static      CFIMEAFDJFM          16.209 -> 16.2422
20595,0 fw Controll.static GIPNIMALPEG          0.8806 -> 0.0986
20595,0 fw PLH.static      ADJMBEDDHLB         20.2889 -> 20.2932
20600,5 fw PLH.static      ADJMBEDDHLB         20.2932 -> 20.305
20600,5 fw PLH.static      CFIMEAFDJFM         16.2422 -> 16.2591
20611,1 fw PLH.static      ADJMBEDDHLB          20.305 -> 20.3104
20614,7 fw Controll.static MKFDGFOCKNO         20.2498 -> 20.2998
20614,7 fw Controll.static LEKCBKLAILO         20.2998 -> 20.3498
20614,7 fw PLH.static      ADJMBEDDHLB         20.3104 -> 20.3211
20614,7 fw PLH.static      CFIMEAFDJFM         16.2591 -> 16.2752
20628,8 fw Controll.static OFJKHAFJIMA          0.0054 -> 0.0047
20628,9 fw PLH.static      ADJMBEDDHLB         20.3211 -> 20.3247
20633,4 fw PLH.static      ADJMBEDDHLB         20.3247 -> 20.3403
20633,4 fw PLH.static      CFIMEAFDJFM         16.2752 -> 16.2919
20645,6 fw Controll.static GIPNIMALPEG          0.0986 -> 0.1113
20645,7 fw PLH.static      ADJMBEDDHLB         20.3403 -> 20.3434
20645,7 fw PLH.static      CFIMEAFDJFM         16.2919 -> 16.2976
20650,0 fw PLH.static      ADJMBEDDHLB         20.3434 -> 20.3556
20650,0 fw PLH.static      CFIMEAFDJFM         16.2976 -> 16.309
20661,7 fw PLH.static      ADJMBEDDHLB         20.3556 -> 20.3599
20665,5 fw PLH.static      ADJMBEDDHLB         20.3599 -> 20.3717
20665,5 fw PLH.static      CFIMEAFDJFM          16.309 -> 16.325
20678,5 fw Controll.static MKFDGFOCKNO         20.2998 -> 20.3498
20678,6 fw Controll.static LEKCBKLAILO         20.3498 -> 20.3998
20678,6 fw Controll.static OFJKHAFJIMA          0.0047 -> 0.0054
20678,6 fw PLH.static      ADJMBEDDHLB         20.3717 -> 20.3754
20681,9 fw PLH.static      ADJMBEDDHLB         20.3754 -> 20.3886
20681,9 fw PLH.static      CFIMEAFDJFM          16.325 -> 16.3419
20694,1 fw Controll.static GIPNIMALPEG          0.1113 -> 0.0797
20694,1 fw PLH.static      ADJMBEDDHLB         20.3886 -> 20.3919
20694,1 fw PLH.static      CFIMEAFDJFM         16.3419 -> 16.3463
20699,6 fw PLH.static      ADJMBEDDHLB         20.3919 -> 20.404
20713,2 fw Controll.static BFEOOOMMGLK               0 -> 1
20713,2 fw Controll        MJPKOOHJOPA         16.4638 -> 16.675
20713,3 fw PLH.static      ADJMBEDDHLB          20.404 -> 20.4096
20713,3 fw PLH.static      CFIMEAFDJFM         16.3463 -> 16.3628
20717,4 fw Controll.static GLGCAOADGMN               0 -> 1
20717,4 fw PLH.static      ADJMBEDDHLB         20.4096 -> 20.4233
20717,4 fw PLH.static      CFIMEAFDJFM         16.3628 -> 16.375
20728,3 fw Controll.static MKFDGFOCKNO         20.3498 -> 20.3999
20728,3 fw Controll.static LEKCBKLAILO         20.3998 -> 20.4499
20728,3 fw Controll.static OFJKHAFJIMA          0.0054 -> 0.0038
20728,3 fw PLH.static      ADJMBEDDHLB         20.4233 -> 20.4273
20734,1 fw PLH.static      ADJMBEDDHLB         20.4273 -> 20.4382
20734,1 fw PLH.static      CFIMEAFDJFM          16.375 -> 16.3925
20745,5 fw Controll.static MNHBPCOOMLE         2030631 -> 2030842
20745,5 fw Controll.static GIPNIMALPEG          0.0797 -> 0.1089
20745,6 fw PLH.static      ADJMBEDDHLB         20.4382 -> 20.444
20745,6 fw PLH.static      CFIMEAFDJFM         16.3925 -> 16.3982
20749,2 fw PLH.static      ADJMBEDDHLB          20.444 -> 20.4555
20761,1 fw Controll.static BFEOOOMMGLK               1 -> 0
20761,1 fw PLH.static      ADJMBEDDHLB         20.4555 -> 20.4592
20761,1 fw PLH.static      CFIMEAFDJFM         16.3982 -> 16.4134
20765,6 fw PLH.static      ADJMBEDDHLB         20.4592 -> 20.471
20765,6 fw PLH.static      CFIMEAFDJFM         16.4134 -> 16.4245
20778,6 fw Controll.static MKFDGFOCKNO         20.3999 -> 20.4499
20778,6 fw Controll.static LEKCBKLAILO         20.4499 -> 20.4999
20778,6 fw Controll.static OFJKHAFJIMA          0.0038 -> 0.0052
20778,6 fw PLH.static      ADJMBEDDHLB          20.471 -> 20.4755
20782,3 fw PLH.static      ADJMBEDDHLB         20.4755 -> 20.4887
20782,4 fw PLH.static      CFIMEAFDJFM         16.4245 -> 16.442
20796,4 fw Controll.static GIPNIMALPEG          0.1089 -> 0.1251
20796,4 fw PLH.static      ADJMBEDDHLB         20.4887 -> 20.4923
20796,4 fw PLH.static      CFIMEAFDJFM          16.442 -> 16.4466
20801,0 fw PLH.static      ADJMBEDDHLB         20.4923 -> 20.5064
20811,5 fw PLH.static      ADJMBEDDHLB         20.5064 -> 20.5109
20811,5 fw PLH.static      CFIMEAFDJFM         16.4466 -> 16.4646
20817,7 fw Controll.static GLGCAOADGMN               1 -> 0
20817,7 fw PLH.static      ADJMBEDDHLB         20.5109 -> 20.5215
20817,7 fw PLH.static      CFIMEAFDJFM         16.4646 -> 16.4756
20828,4 fw Controll.static MKFDGFOCKNO         20.4499 -> 20.4999
20828,4 fw Controll.static LEKCBKLAILO         20.4999 -> 20.5499
20828,4 fw Controll.static OFJKHAFJIMA          0.0052 -> 0.006
20828,5 fw PLH.static      ADJMBEDDHLB         20.5215 -> 20.5277
20832,4 fw PLH.static      ADJMBEDDHLB         20.5277 -> 20.5384
20832,4 fw PLH.static      CFIMEAFDJFM         16.4756 -> 16.4923
20845,3 fw Controll.static GIPNIMALPEG          0.1251 -> 0.1034
20845,3 fw PLH.static      ADJMBEDDHLB         20.5384 -> 20.5423
20848,9 fw PLH.static      ADJMBEDDHLB         20.5423 -> 20.5553
20848,9 fw PLH.static      CFIMEAFDJFM         16.4923 -> 16.5085
20861,3 fw PLH.static      ADJMBEDDHLB         20.5553 -> 20.5589
20866,0 fw PLH.static      ADJMBEDDHLB         20.5589 -> 20.5713
20866,0 fw PLH.static      CFIMEAFDJFM         16.5085 -> 16.5248
20878,2 fw Controll.static MKFDGFOCKNO         20.4999 -> 20.5499
20878,2 fw Controll.static LEKCBKLAILO         20.5499 -> 20.5999
20878,2 fw Controll.static OFJKHAFJIMA           0.006 -> 0.005
20878,2 fw PLH.static      ADJMBEDDHLB         20.5713 -> 20.5763
20881,9 fw PLH.static      ADJMBEDDHLB         20.5763 -> 20.5882
20881,9 fw PLH.static      CFIMEAFDJFM         16.5248 -> 16.5417
20893,9 fw PLH.static      ADJMBEDDHLB         20.5882 -> 20.5918
20893,9 fw PLH.static      CFIMEAFDJFM         16.5417 -> 16.5462
20898,7 fw Controll.static GIPNIMALPEG          0.1034 -> 0.1721
20898,7 fw PLH.static      ADJMBEDDHLB         20.5918 -> 20.6039
20898,7 fw PLH.static      CFIMEAFDJFM         16.5462 -> 16.558
20909,9 fw PLH.static      ADJMBEDDHLB         20.6039 -> 20.6087
20913,1 fw PLH.static      ADJMBEDDHLB         20.6087 -> 20.6198
20913,1 fw PLH.static      CFIMEAFDJFM          16.558 -> 16.5741
20927,0 fw Controll.static MKFDGFOCKNO         20.5499 -> 20.5999
20927,0 fw Controll.static LEKCBKLAILO         20.5999 -> 20.6499
20927,1 fw PLH.static      ADJMBEDDHLB         20.6198 -> 20.623
20930,0 fw Controll.static OFJKHAFJIMA           0.005 -> 0.0036
20930,0 fw PLH.static      ADJMBEDDHLB          20.623 -> 20.637
20930,0 fw PLH.static      CFIMEAFDJFM         16.5741 -> 16.5907
20944,4 fw PLH.static      ADJMBEDDHLB          20.637 -> 20.64
20944,4 fw PLH.static      CFIMEAFDJFM         16.5907 -> 16.5944
20948,1 fw Controll.static GIPNIMALPEG          0.1721 -> 0.1606
20948,2 fw PLH.static      ADJMBEDDHLB           20.64 -> 20.6544
20948,2 fw PLH.static      CFIMEAFDJFM         16.5944 -> 16.6078
20960,6 fw PLH.static      ADJMBEDDHLB         20.6544 -> 20.6581
20964,6 fw PLH.static      ADJMBEDDHLB         20.6581 -> 20.6705
20964,6 fw PLH.static      CFIMEAFDJFM         16.6078 -> 16.6242
20977,0 fw PLH.static      ADJMBEDDHLB         20.6705 -> 20.6745
20977,0 fw PLH.static      CFIMEAFDJFM         16.6242 -> 16.6289
20980,6 fw Controll.static MKFDGFOCKNO         20.5999 -> 20.6499
20980,6 fw Controll.static LEKCBKLAILO         20.6499 -> 20.6999
20980,6 fw Controll.static OFJKHAFJIMA          0.0036 -> 0.004
20980,7 fw PLH.static      ADJMBEDDHLB         20.6745 -> 20.6869
20980,7 fw PLH.static      CFIMEAFDJFM         16.6289 -> 16.6403
20996,5 fw Controll.static ILGHFLMKMCO         15.1549 -> 18.6584
20996,6 fw Controll.static JADIDAJFOGK            0.47 -> 0.45
20996,6 fw PLH.static      ADJMBEDDHLB         20.6869 -> 20.6906
21000,6 fw Controll.static GIPNIMALPEG          0.1606 -> 0.2105
21000,7 fw PLH.static      ADJMBEDDHLB         20.6906 -> 20.7067
21000,7 fw PLH.static      CFIMEAFDJFM         16.6403 -> 16.6584
21011,6 fw Controll.static DGNDKAKOEPD         2029882 -> 2030891
21011,6 fw Controll.static BEJBLGGGOCC       339609150 -> 339610144
21011,6 fw PLH.static      ADJMBEDDHLB         20.7067 -> 20.7106
21017,0 fw Controll.static JELGPAKAJPE             107 -> 116
21017,0 fw Controll.static EENJPDHGGGC         19.6612 -> 20.6705
21017,0 fw Controll.static DJACNOGOCKD               0 -> 1
21017,0 fw PLH.static      ADJMBEDDHLB         20.7106 -> 20.7215
21017,1 fw PLH.static      CFIMEAFDJFM         16.6584 -> 16.6759
21026,3 fw PLH.static      ADJMBEDDHLB         20.7215 -> 20.727
21030,6 fw Controll.static MKFDGFOCKNO         20.6499 -> 20.6999
21030,6 fw Controll.static LEKCBKLAILO         20.6999 -> 20.7499
21030,6 fw Controll.static OFJKHAFJIMA           0.004 -> 0.0062
21030,6 fw PLH.static      ADJMBEDDHLB          20.727 -> 20.7362
21030,6 fw PLH.static      CFIMEAFDJFM         16.6759 -> 16.6906
21043,3 fw Controll.static FBINCNDDPAO         13.1549 -> 16.6584
21043,4 fw PLH.static      ADJMBEDDHLB         20.7362 -> 20.7405
21046,1 fw Controll.static GIPNIMALPEG          0.2105 -> 0.1197
21046,1 fw PLH.static      ADJMBEDDHLB         20.7405 -> 20.7533
21046,1 fw PLH.static      CFIMEAFDJFM         16.6906 -> 16.7068
21060,0 # net: TcpClient.Connected = True
21060,0 fw PLH.static      ADJMBEDDHLB         20.7533 -> 20.7561
21060,0 fw PLH.static      CFIMEAFDJFM         16.7068 -> 16.7105
21063,0 fw PLH.static      ADJMBEDDHLB         20.7561 -> 20.7699
21063,0 fw PLH.static      CFIMEAFDJFM         16.7105 -> 16.7235
21076,6 fw PLH.static      ADJMBEDDHLB         20.7699 -> 20.7729
21080,6 fw Controll.static MKFDGFOCKNO         20.6999 -> 20.7499
21080,6 fw Controll.static LEKCBKLAILO         20.7499 -> 20.7999
21080,6 fw Controll.static OFJKHAFJIMA          0.0062 -> 0.003
21080,6 fw PLH.static      ADJMBEDDHLB         20.7729 -> 20.7865
21080,6 fw PLH.static      CFIMEAFDJFM         16.7235 -> 16.7402
21093,0 fw PLH.static      ADJMBEDDHLB         20.7865 -> 20.7905
21093,0 fw PLH.static      CFIMEAFDJFM         16.7402 -> 16.7445
21096,6 fw Controll.static GIPNIMALPEG          0.1197 -> 0.1298
21096,6 fw PLH.static      ADJMBEDDHLB         20.7905 -> 20.8029
21096,6 fw PLH.static      CFIMEAFDJFM         16.7445 -> 16.7571
21110,1 fw PLH.static      ADJMBEDDHLB         20.8029 -> 20.8065
21113,1 fw PLH.static      ADJMBEDDHLB         20.8065 -> 20.8201
21113,1 fw PLH.static      CFIMEAFDJFM         16.7571 -> 16.7744
21126,7 fw PLH.static      ADJMBEDDHLB         20.8201 -> 20.823
21126,7 fw PLH.static      CFIMEAFDJFM         16.7744 -> 16.7775
21130,4 fw Controll.static MKFDGFOCKNO         20.7499 -> 20.7999
21130,4 fw Controll.static LEKCBKLAILO         20.7999 -> 20.8499
21130,4 fw Controll.static OFJKHAFJIMA           0.003 -> 0.0027
21130,5 fw PLH.static      ADJMBEDDHLB          20.823 -> 20.8366
21130,5 fw PLH.static      CFIMEAFDJFM         16.7775 -> 16.7902
21143,7 fw PLH.static      ADJMBEDDHLB         20.8366 -> 20.8404
21146,6 fw Controll.static GIPNIMALPEG          0.1298 -> 0.1307
21146,7 fw PLH.static      ADJMBEDDHLB         20.8404 -> 20.8536
21159,9 fw PLH.static      ADJMBEDDHLB         20.8536 -> 20.8566
21163,8 fw PLH.static      ADJMBEDDHLB         20.8566 -> 20.8699
21163,8 fw PLH.static      CFIMEAFDJFM         16.7902 -> 16.8234
21176,7 fw PLH.static      ADJMBEDDHLB         20.8699 -> 20.8738
21180,9 fw Controll.static MKFDGFOCKNO         20.7999 -> 20.8499
21180,9 fw Controll.static LEKCBKLAILO         20.8499 -> 20.8999
21180,9 fw Controll.static OFJKHAFJIMA          0.0027 -> 0.0033
21181,0 fw PLH.static      ADJMBEDDHLB         20.8738 -> 20.8866
21181,0 fw PLH.static      CFIMEAFDJFM         16.8234 -> 16.8402
21192,9 fw PLH.static      ADJMBEDDHLB         20.8866 -> 20.891
21192,9 fw PLH.static      CFIMEAFDJFM         16.8402 -> 16.8453
21197,3 fw PLH.static      ADJMBEDDHLB          20.891 -> 20.9029
21209,1 fw Controll.static GIPNIMALPEG          0.1307 -> 0.3797
21209,1 fw PLH.static      ADJMBEDDHLB         20.9029 -> 20.9072
21209,1 fw PLH.static      CFIMEAFDJFM         16.8453 -> 16.8611
21212,5 fw PLH.static      ADJMBEDDHLB         20.9072 -> 20.9191
21212,5 fw PLH.static      CFIMEAFDJFM         16.8611 -> 16.8734
21226,6 fw PLH.static      ADJMBEDDHLB         20.9191 -> 20.9224
21229,7 fw Controll.static MKFDGFOCKNO         20.8499 -> 20.8999
21229,7 fw Controll.static LEKCBKLAILO         20.8999 -> 20.9499
21229,7 fw PLH.static      ADJMBEDDHLB         20.9224 -> 20.9366
21229,7 fw PLH.static      CFIMEAFDJFM         16.8734 -> 16.8904
21243,3 fw Controll.static OFJKHAFJIMA          0.0033 -> 0.0029
21243,3 fw PLH.static      ADJMBEDDHLB         20.9366 -> 20.9396
21247,3 fw PLH.static      ADJMBEDDHLB         20.9396 -> 20.9532
21247,3 fw PLH.static      CFIMEAFDJFM         16.8904 -> 16.9069
21259,2 fw Controll.static GIPNIMALPEG          0.3797 -> 0.3822
21259,3 fw PLH.static      ADJMBEDDHLB         20.9532 -> 20.9573
21263,8 fw PLH.static      ADJMBEDDHLB         20.9573 -> 20.9692
21263,8 fw PLH.static      CFIMEAFDJFM         16.9069 -> 16.923
21275,6 fw PLH.static      ADJMBEDDHLB         20.9692 -> 20.9737
21279,2 fw PLH.static      ADJMBEDDHLB         20.9737 -> 20.9856
21279,2 fw PLH.static      CFIMEAFDJFM          16.923 -> 16.9399
21289,1 fw Controll.static MKFDGFOCKNO         20.8999 -> 20.9499
21289,1 fw Controll.static LEKCBKLAILO         20.9499 -> 20.9999
21289,2 fw PLH.static      ADJMBEDDHLB         20.9856 -> 20.9891
21295,5 fw PLH.static      ADJMBEDDHLB         20.9891 -> 20.9991
21295,5 fw PLH.static      CFIMEAFDJFM         16.9399 -> 16.9533
21303,9 fw Controll.static GIPNIMALPEG          0.3822 -> 0.2751
21304,0 fw PLH.static      ADJMBEDDHLB         20.9991 -> 21.0054
21309,9 fw PLH.static      ADJMBEDDHLB         21.0054 -> 21.0139
21310,0 fw PLH.static      CFIMEAFDJFM         16.9533 -> 16.9676
21318,1 fw PLH.static      ADJMBEDDHLB         21.0139 -> 21.0199
21325,7 fw PLH.static      ADJMBEDDHLB         21.0199 -> 21.028
21330,6 fw Controll.static MKFDGFOCKNO         20.9499 -> 20.9999
21330,6 fw Controll.static LEKCBKLAILO         20.9999 -> 21.0499
21330,6 fw Controll.static OFJKHAFJIMA          0.0029 -> 0.0051
21330,6 fw PLH.static      ADJMBEDDHLB          21.028 -> 21.0356
21330,7 fw PLH.static      CFIMEAFDJFM         16.9676 -> 16.9899
21339,8 fw PLH.static      ADJMBEDDHLB         21.0356 -> 21.0406
21346,1 fw Controll.static GIPNIMALPEG          0.2751 -> 0.1194
21346,2 fw PLH.static      ADJMBEDDHLB         21.0406 -> 21.0498
21346,2 fw PLH.static      CFIMEAFDJFM         16.9899 -> 17.0032
21355,2 fw PLH.static      ADJMBEDDHLB         21.0498 -> 21.0561
21362,3 fw PLH.static      ADJMBEDDHLB         21.0561 -> 21.0651
21362,3 fw PLH.static      CFIMEAFDJFM         17.0032 -> 17.0194
21369,7 fw PLH.static      ADJMBEDDHLB         21.0651 -> 21.0723
21369,7 fw PLH.static      CFIMEAFDJFM         17.0194 -> 17.0262
21377,1 fw Controll.static MKFDGFOCKNO         20.9999 -> 21.0499
21377,1 fw Controll.static LEKCBKLAILO         21.0499 -> 21.0999
21377,1 fw Controll.static OFJKHAFJIMA          0.0051 -> 0.0057
21377,1 fw PLH.static      ADJMBEDDHLB         21.0723 -> 21.0797
21377,1 fw PLH.static      CFIMEAFDJFM         17.0262 -> 17.034
21383,5 fw PLH.static      ADJMBEDDHLB         21.0797 -> 21.087
21383,5 fw PLH.static      CFIMEAFDJFM          17.034 -> 17.0408
21392,1 fw Controll.static GIPNIMALPEG          0.1194 -> 0.0388
21392,1 fw PLH.static      ADJMBEDDHLB          21.087 -> 21.0935
21392,1 fw PLH.static      CFIMEAFDJFM         17.0408 -> 17.0478
21396,9 fw PLH.static      ADJMBEDDHLB         21.0935 -> 21.102
21396,9 fw PLH.static      CFIMEAFDJFM         17.0478 -> 17.0562
21408,4 fw PLH.static      ADJMBEDDHLB          21.102 -> 21.1068
21411,6 fw PLH.static      ADJMBEDDHLB         21.1068 -> 21.1183
21411,7 fw PLH.static      CFIMEAFDJFM         17.0562 -> 17.0727
21426,1 fw Controll.static MKFDGFOCKNO         21.0499 -> 21.0999
21426,1 fw Controll.static LEKCBKLAILO         21.0999 -> 21.1499
21426,1 fw Controll.static OFJKHAFJIMA          0.0057 -> 0.0018
21426,2 fw PLH.static      ADJMBEDDHLB         21.1183 -> 21.1216
21426,2 fw PLH.static      CFIMEAFDJFM         17.0727 -> 17.0759
21428,8 fw PLH.static      ADJMBEDDHLB         21.1216 -> 21.1361
21428,8 fw PLH.static      CFIMEAFDJFM         17.0759 -> 17.0899
21442,8 fw Controll.static GIPNIMALPEG          0.0388 -> 0.0523
21442,8 fw PLH.static      ADJMBEDDHLB         21.1361 -> 21.1387
21446,1 fw PLH.static      ADJMBEDDHLB         21.1387 -> 21.1528
21446,1 fw PLH.static      CFIMEAFDJFM         17.0899 -> 17.1063
21459,3 fw PLH.static      ADJMBEDDHLB         21.1528 -> 21.156
21462,2 fw PLH.static      ADJMBEDDHLB          21.156 -> 21.1692
21462,2 fw PLH.static      CFIMEAFDJFM         17.1063 -> 17.123
21475,1 fw Controll.static MKFDGFOCKNO         21.0999 -> 21.1499
21475,1 fw Controll.static LEKCBKLAILO         21.1499 -> 21.1999
21475,1 fw Controll.static OFJKHAFJIMA          0.0018 -> 0.0024
21475,1 fw PLH.static      ADJMBEDDHLB         21.1692 -> 21.1721
21478,9 fw PLH.static      ADJMBEDDHLB         21.1721 -> 21.185
21492,3 fw PLH.static      ADJMBEDDHLB          21.185 -> 21.1888
21492,3 fw PLH.static      CFIMEAFDJFM          17.123 -> 17.1428
21495,2 fw Controll.static GIPNIMALPEG          0.0523 -> 0.1013
21495,2 fw PLH.static      ADJMBEDDHLB         21.1888 -> 21.2023
21508,7 fw PLH.static      ADJMBEDDHLB         21.2023 -> 21.2052
21508,7 fw PLH.static      CFIMEAFDJFM         17.1428 -> 17.1596
21512,6 fw PLH.static      ADJMBEDDHLB         21.2052 -> 21.2186
21512,6 fw PLH.static      CFIMEAFDJFM         17.1596 -> 17.1723
21525,4 fw Controll.static MKFDGFOCKNO         21.1499 -> 21.1999
21525,4 fw Controll.static LEKCBKLAILO         21.1999 -> 21.2499
21525,5 fw PLH.static      ADJMBEDDHLB         21.2186 -> 21.2226
21525,5 fw PLH.static      CFIMEAFDJFM         17.1723 -> 17.1769
21529,0 fw Controll.static OFJKHAFJIMA          0.0024 -> 0.0019
21529,1 fw PLH.static      ADJMBEDDHLB         21.2226 -> 21.2355
21529,1 fw PLH.static      CFIMEAFDJFM         17.1769 -> 17.1891
21542,2 fw PLH.static      ADJMBEDDHLB         21.2355 -> 21.2391
21545,6 fw Controll.static GIPNIMALPEG          0.1013 -> 0.1088
21545,7 fw PLH.static      ADJMBEDDHLB         21.2391 -> 21.2522
21545,7 fw PLH.static      CFIMEAFDJFM         17.1891 -> 17.2057
21558,9 fw PLH.static      ADJMBEDDHLB         21.2522 -> 21.2557
21558,9 fw PLH.static      CFIMEAFDJFM         17.2057 -> 17.2099
21561,6 fw PLH.static      ADJMBEDDHLB         21.2557 -> 21.2688
21561,6 fw PLH.static      CFIMEAFDJFM         17.2099 -> 17.2227
21574,3 fw PLH.static      ADJMBEDDHLB         21.2688 -> 21.2714
21578,4 fw Controll.static MKFDGFOCKNO         21.1999 -> 21.2499
21578,4 fw Controll.static LEKCBKLAILO         21.2499 -> 21.2999
21578,4 fw PLH.static      ADJMBEDDHLB         21.2714 -> 21.2842
21578,4 fw PLH.static      CFIMEAFDJFM         17.2227 -> 17.2386
21588,2 fw PLH.static      ADJMBEDDHLB         21.2842 -> 21.2883
21594,6 fw Controll.static GIPNIMALPEG          0.1088 -> 0.0886
21594,6 fw PLH.static      ADJMBEDDHLB         21.2883 -> 21.2981
21594,6 fw PLH.static      CFIMEAFDJFM         17.2386 -> 17.2524
21601,5 fw PLH.static      ADJMBEDDHLB         21.2981 -> 21.3045
21609,1 fw PLH.static      ADJMBEDDHLB         21.3045 -> 21.3114
21614,3 fw PLH.static      ADJMBEDDHLB         21.3114 -> 21.319
21614,3 fw PLH.static      CFIMEAFDJFM         17.2524 -> 17.2734
21625,3 fw Controll.static MKFDGFOCKNO         21.2499 -> 21.2999
21625,3 fw Controll.static LEKCBKLAILO         21.2999 -> 21.3499
21625,3 fw Controll.static OFJKHAFJIMA          0.0019 -> 0.0042
21625,3 fw PLH.static      ADJMBEDDHLB          21.319 -> 21.3242
21628,6 fw PLH.static      ADJMBEDDHLB         21.3242 -> 21.3353
21628,6 fw PLH.static      CFIMEAFDJFM         17.2734 -> 17.289
21642,1 fw Controll.static GIPNIMALPEG          0.0886 -> 0.0396
21642,2 fw PLH.static      ADJMBEDDHLB         21.3353 -> 21.3386
21642,2 fw PLH.static      CFIMEAFDJFM          17.289 -> 17.293
21645,5 fw PLH.static      ADJMBEDDHLB         21.3386 -> 21.3521
21658,5 fw PLH.static      ADJMBEDDHLB         21.3521 -> 21.3555
21662,8 fw PLH.static      ADJMBEDDHLB         21.3555 -> 21.3684
21662,8 fw PLH.static      CFIMEAFDJFM          17.293 -> 17.3222
21675,2 fw Controll.static MKFDGFOCKNO         21.2999 -> 21.3499
21675,2 fw Controll.static LEKCBKLAILO         21.3499 -> 21.3999
21675,2 fw Controll.static OFJKHAFJIMA          0.0042 -> 0.0017
21675,3 fw PLH.static      ADJMBEDDHLB         21.3684 -> 21.3727
21683,5 fw PLH.static      ADJMBEDDHLB         21.3727 -> 21.3894
21683,5 fw PLH.static      CFIMEAFDJFM         17.3222 -> 17.3395
21694,5 fw Controll.static GIPNIMALPEG          0.0396 -> 0.086
21694,5 fw PLH.static      ADJMBEDDHLB         21.3894 -> 21.3934
21699,6 fw PLH.static      ADJMBEDDHLB         21.3934 -> 21.4044
21699,6 fw PLH.static      CFIMEAFDJFM         17.3395 -> 17.3586
21708,5 fw PLH.static      ADJMBEDDHLB         21.4044 -> 21.4095
21708,5 fw PLH.static      CFIMEAFDJFM         17.3586 -> 17.3634
21713,5 fw PLH.static      ADJMBEDDHLB         21.4095 -> 21.4184
21713,5 fw PLH.static      CFIMEAFDJFM         17.3634 -> 17.3728
21725,1 fw Controll.static MKFDGFOCKNO         21.3499 -> 21.3999
21725,1 fw Controll.static LEKCBKLAILO         21.3999 -> 21.4499
21725,1 fw Controll.static OFJKHAFJIMA          0.0017 -> 0.0041
21725,1 fw PLH.static      ADJMBEDDHLB         21.4184 -> 21.4235
21725,1 fw PLH.static      CFIMEAFDJFM         17.3728 -> 17.3778
21728,1 fw PLH.static      ADJMBEDDHLB         21.4235 -> 21.435
21728,1 fw PLH.static      CFIMEAFDJFM         17.3778 -> 17.3888
21742,3 fw Controll.static GIPNIMALPEG           0.086 -> 0.0427
21742,4 fw PLH.static      ADJMBEDDHLB          21.435 -> 21.438
21745,4 fw PLH.static      ADJMBEDDHLB          21.438 -> 21.4524
21745,4 fw PLH.static      CFIMEAFDJFM         17.3888 -> 17.4059
21758,3 fw PLH.static      ADJMBEDDHLB         21.4524 -> 21.4554
21762,6 fw PLH.static      ADJMBEDDHLB         21.4554 -> 21.4682
21762,6 fw PLH.static      CFIMEAFDJFM         17.4059 -> 17.4219
21774,5 fw Controll.static MKFDGFOCKNO         21.3999 -> 21.4499
21774,5 fw Controll.static LEKCBKLAILO         21.4499 -> 21.4999
21774,5 fw Controll.static OFJKHAFJIMA          0.0041 -> 0.002
21774,5 fw PLH.static      ADJMBEDDHLB         21.4682 -> 21.4725
21778,1 fw PLH.static      ADJMBEDDHLB         21.4725 -> 21.4844
21778,1 fw PLH.static      CFIMEAFDJFM         17.4219 -> 17.4387
21791,3 fw PLH.static      ADJMBEDDHLB         21.4844 -> 21.488
21791,3 fw PLH.static      CFIMEAFDJFM         17.4387 -> 17.4419
21794,5 fw Controll.static GIPNIMALPEG          0.0427 -> 0.0867
21794,5 fw PLH.static      ADJMBEDDHLB          21.488 -> 21.5012
21808,0 fw PLH.static      ADJMBEDDHLB         21.5012 -> 21.5044
21812,0 fw PLH.static      ADJMBEDDHLB         21.5044 -> 21.518
21812,0 fw PLH.static      CFIMEAFDJFM         17.4419 -> 17.4718
21825,2 fw Controll.static MKFDGFOCKNO         21.4499 -> 21.4999
21825,2 fw Controll.static LEKCBKLAILO         21.4999 -> 21.5499
21825,2 fw PLH.static      ADJMBEDDHLB          21.518 -> 21.522
21825,2 fw PLH.static      CFIMEAFDJFM         17.4718 -> 17.4763
21829,6 fw Controll.static OFJKHAFJIMA           0.002 -> 0.0008
21829,7 fw PLH.static      ADJMBEDDHLB          21.522 -> 21.5352
21841,8 fw PLH.static      ADJMBEDDHLB         21.5352 -> 21.5397
21845,7 fw Controll.static GIPNIMALPEG          0.0867 -> 0.1099
21845,7 fw PLH.static      ADJMBEDDHLB         21.5397 -> 21.5517
21858,1 fw PLH.static      ADJMBEDDHLB         21.5517 -> 21.5556
21861,5 fw PLH.static      ADJMBEDDHLB         21.5556 -> 21.568
21861,5 fw PLH.static      CFIMEAFDJFM         17.4763 -> 17.5217
21873,8 fw PLH.static      ADJMBEDDHLB          21.568 -> 21.5714
21873,8 fw PLH.static      CFIMEAFDJFM         17.5217 -> 17.5258
21878,0 fw Controll.static MKFDGFOCKNO         21.4999 -> 21.5499
21878,0 fw Controll.static LEKCBKLAILO         21.5499 -> 21.5999
21878,0 fw Controll.static OFJKHAFJIMA          0.0008 -> 0.0015
21878,1 fw PLH.static      ADJMBEDDHLB         21.5714 -> 21.5837
21878,1 fw PLH.static      CFIMEAFDJFM         17.5258 -> 17.5381
21887,5 fw PLH.static      ADJMBEDDHLB         21.5837 -> 21.588
21893,8 fw Controll.static GIPNIMALPEG          0.1099 -> 0.072
21893,8 fw PLH.static      ADJMBEDDHLB          21.588 -> 21.5974
21893,8 fw PLH.static      CFIMEAFDJFM         17.5381 -> 17.5517
21902,1 fw PLH.static      ADJMBEDDHLB         21.5974 -> 21.6037
21902,1 fw PLH.static      CFIMEAFDJFM         17.5517 -> 17.5579
21908,5 fw PLH.static      ADJMBEDDHLB         21.6037 -> 21.6121
21908,5 fw PLH.static      CFIMEAFDJFM         17.5579 -> 17.5657
21916,5 fw PLH.static      ADJMBEDDHLB         21.6121 -> 21.6184
21916,5 fw PLH.static      CFIMEAFDJFM         17.5657 -> 17.5728
21923,9 fw Controll.static MKFDGFOCKNO         21.5499 -> 21.5999
21923,9 fw Controll.static LEKCBKLAILO         21.5999 -> 21.6499
21923,9 fw Controll.static OFJKHAFJIMA          0.0015 -> 0.0034
21923,9 fw PLH.static      ADJMBEDDHLB         21.6184 -> 21.6264
21929,8 fw PLH.static      ADJMBEDDHLB         21.6264 -> 21.6339
21937,8 fw Controll.static GIPNIMALPEG           0.072 -> 0.9534
21937,9 fw PLH.static      ADJMBEDDHLB         21.6339 -> 21.6397
21937,9 fw PLH.static      CFIMEAFDJFM         17.5728 -> 17.5941
21943,7 fw PLH.static      ADJMBEDDHLB         21.6397 -> 21.6478
21951,4 fw PLH.static      ADJMBEDDHLB         21.6478 -> 21.6536
21959,7 fw PLH.static      ADJMBEDDHLB         21.6536 -> 21.6613
21959,7 fw PLH.static      CFIMEAFDJFM         17.5941 -> 17.6156
21965,8 fw Controll.static MKFDGFOCKNO         21.5999 -> 21.6499
21965,8 fw Controll.static LEKCBKLAILO         21.6499 -> 21.6999
21965,8 fw Controll.static OFJKHAFJIMA          0.0034 -> 0.0032
21965,9 fw PLH.static      ADJMBEDDHLB         21.6613 -> 21.6697
21965,9 fw PLH.static      CFIMEAFDJFM         17.6156 -> 17.6232
21974,9 fw PLH.static      ADJMBEDDHLB         21.6697 -> 21.6758
21974,9 fw PLH.static      CFIMEAFDJFM         17.6232 -> 17.6301
21980,0 fw Controll.static GIPNIMALPEG          0.9534 -> 0.7966
21980,0 fw PLH.static      ADJMBEDDHLB         21.6758 -> 21.6848
21980,0 fw PLH.static      CFIMEAFDJFM         17.6301 -> 17.6391
21991,3 fw PLH.static      ADJMBEDDHLB         21.6848 -> 21.6899
21995,0 fw Controll.static DGNDKAKOEPD         2030891 -> 2031890
21995,0 fw Controll.static BEJBLGGGOCC       339610144 -> 339611148
21995,0 fw Controll.static JELGPAKAJPE             116 -> 119
21995,0 fw Controll.static EENJPDHGGGC         20.6705 -> 21.6697
21995,0 fw PLH.static      ADJMBEDDHLB         21.6899 -> 21.7013
21995,0 fw PLH.static      CFIMEAFDJFM         17.6391 -> 17.6554
22007,5 fw PLH.static      ADJMBEDDHLB         21.7013 -> 21.705
22007,5 fw PLH.static      CFIMEAFDJFM         17.6554 -> 17.6594
22011,1 fw Controll.static MKFDGFOCKNO         21.6499 -> 21.6999
22011,1 fw Controll.static LEKCBKLAILO         21.6999 -> 21.7499
22011,1 fw Controll.static OFJKHAFJIMA          0.0032 -> 0.001
22011,2 fw PLH.static      ADJMBEDDHLB          21.705 -> 21.7175
22011,2 fw PLH.static      CFIMEAFDJFM         17.6594 -> 17.6712
22024,4 fw PLH.static      ADJMBEDDHLB         21.7175 -> 21.7211
22027,3 fw Controll.static GIPNIMALPEG          0.7966 -> 0.7426
22027,3 fw PLH.static      ADJMBEDDHLB         21.7211 -> 21.7343
22027,3 fw PLH.static      CFIMEAFDJFM         17.6712 -> 17.688
22040,6 fw PLH.static      ADJMBEDDHLB         21.7343 -> 21.7372
22043,5 fw PLH.static      ADJMBEDDHLB         21.7372 -> 21.7506
22043,5 fw PLH.static      CFIMEAFDJFM          17.688 -> 17.7043
22056,9 fw PLH.static      ADJMBEDDHLB         21.7506 -> 21.7534
22059,7 fw Controll.static MKFDGFOCKNO         21.6999 -> 21.75
22059,7 fw Controll.static LEKCBKLAILO         21.7499 -> 21.7999
22059,7 fw Controll.static OFJKHAFJIMA           0.001 -> 0.0003
22059,7 fw PLH.static      ADJMBEDDHLB         21.7534 -> 21.7668
22059,7 fw PLH.static      CFIMEAFDJFM         17.7043 -> 17.7207
22073,3 fw PLH.static      ADJMBEDDHLB         21.7668 -> 21.7696
22073,3 fw PLH.static      CFIMEAFDJFM         17.7207 -> 17.7241
22077,0 fw PLH.static      ADJMBEDDHLB         21.7696 -> 21.7832
22077,0 fw PLH.static      CFIMEAFDJFM         17.7241 -> 17.7375
22087,0 fw Controll.static GIPNIMALPEG          0.7426 -> 0.9366
22087,0 fw PLH.static      ADJMBEDDHLB         21.7832 -> 21.7869
22093,4 fw PLH.static      ADJMBEDDHLB         21.7869 -> 21.797
22101,7 fw PLH.static      ADJMBEDDHLB          21.797 -> 21.8033
22107,9 fw Controll.static MKFDGFOCKNO           21.75 -> 21.8
22107,9 fw Controll.static LEKCBKLAILO         21.7999 -> 21.85
22108,0 fw PLH.static      ADJMBEDDHLB         21.8033 -> 21.8116
22108,0 fw PLH.static      CFIMEAFDJFM         17.7375 -> 17.7654
22108,0 fw HUD.static      CGDKPLKDION               0 -> 1
22108,0 fw HUD.static      GONEFAMEMOJ             405 -> 400
22108,0 fw HUD.static      DIIAFKMNANI         12.7345 -> 17.7513
22116,8 fw Controll.static OFJKHAFJIMA          0.0003 -> 0.003
22116,8 fw PLH.static      ADJMBEDDHLB         21.8116 -> 21.8179
22116,8 fw PLH.static      CFIMEAFDJFM         17.7654 -> 17.7722
22124,1 fw PLH.static      ADJMBEDDHLB         21.8179 -> 21.8268
22130,1 fw Controll.static GIPNIMALPEG          0.9366 -> 0.7981
22130,1 fw PLH.static      ADJMBEDDHLB         21.8268 -> 21.834
22140,7 fw PLH.static      ADJMBEDDHLB          21.834 -> 21.84
22143,6 fw PLH.static      ADJMBEDDHLB           21.84 -> 21.8507
22143,6 fw PLH.static      CFIMEAFDJFM         17.7722 -> 17.8043
22156,7 fw PLH.static      ADJMBEDDHLB         21.8507 -> 21.8535
22160,2 fw Controll.static MKFDGFOCKNO            21.8 -> 21.85
22160,2 fw Controll.static LEKCBKLAILO           21.85 -> 21.9
22160,2 fw Controll.static OFJKHAFJIMA           0.003 -> 0.0003
22160,2 fw PLH.static      ADJMBEDDHLB         21.8535 -> 21.8666
22160,2 fw PLH.static      CFIMEAFDJFM         17.8043 -> 17.8205
22170,0 fw PLH.static      ADJMBEDDHLB         21.8666 -> 21.8701
22170,0 fw PLH.static      CFIMEAFDJFM         17.8205 -> 17.8246
22176,6 fw Controll.static GIPNIMALPEG          0.7981 -> 0.728
22176,6 fw PLH.static      ADJMBEDDHLB         21.8701 -> 21.8799
22183,5 fw PLH.static      ADJMBEDDHLB         21.8799 -> 21.8865
22190,7 fw PLH.static      ADJMBEDDHLB         21.8865 -> 21.8934
22199,2 fw PLH.static      ADJMBEDDHLB         21.8934 -> 21.9006
22199,2 fw PLH.static      CFIMEAFDJFM         17.8246 -> 17.8547
22204,0 fw Controll.static MKFDGFOCKNO           21.85 -> 21.9
22204,0 fw Controll.static LEKCBKLAILO            21.9 -> 21.95
22204,0 fw PLH.static      ADJMBEDDHLB         21.9006 -> 21.9091
22213,3 fw PLH.static      ADJMBEDDHLB         21.9091 -> 21.914
22218,4 fw Controll.static GIPNIMALPEG           0.728 -> 0.565
22218,5 fw PLH.static      ADJMBEDDHLB          21.914 -> 21.9232
22218,5 fw PLH.static      CFIMEAFDJFM         17.8547 -> 17.8776
22227,4 fw PLH.static      ADJMBEDDHLB         21.9232 -> 21.9284
22227,4 fw PLH.static      CFIMEAFDJFM         17.8776 -> 17.8823
22232,3 fw PLH.static      ADJMBEDDHLB         21.9284 -> 21.9373
22232,3 fw PLH.static      CFIMEAFDJFM         17.8823 -> 17.8916
22242,6 fw PLH.static      ADJMBEDDHLB         21.9373 -> 21.9422
22242,6 fw PLH.static      CFIMEAFDJFM         17.8916 -> 17.8967
22246,7 fw Controll.static MKFDGFOCKNO            21.9 -> 21.95
22246,7 fw Controll.static LEKCBKLAILO           21.95 -> 22
22246,7 fw Controll.static OFJKHAFJIMA          0.0003 -> 0.0022
22246,8 fw PLH.static      ADJMBEDDHLB         21.9422 -> 21.9525
22256,6 fw PLH.static      ADJMBEDDHLB         21.9525 -> 21.9567
22261,5 fw Controll.static GIPNIMALPEG           0.565 -> 0.4256
22261,5 fw PLH.static      ADJMBEDDHLB         21.9567 -> 21.9665
22261,5 fw PLH.static      CFIMEAFDJFM         17.8967 -> 17.9204
22273,2 fw PLH.static      ADJMBEDDHLB         21.9665 -> 21.9714
22273,2 fw PLH.static      CFIMEAFDJFM         17.9204 -> 17.9258
22277,7 fw PLH.static      ADJMBEDDHLB         21.9714 -> 21.9831
22277,7 fw PLH.static      CFIMEAFDJFM         17.9258 -> 17.9374
22289,3 fw PLH.static      ADJMBEDDHLB         21.9831 -> 21.9877
22292,7 fw Controll.static MKFDGFOCKNO           21.95 -> 22
22292,7 fw Controll.static LEKCBKLAILO              22 -> 22.05
22292,7 fw Controll.static OFJKHAFJIMA          0.0022 -> 0.0024
22292,8 fw PLH.static      ADJMBEDDHLB         21.9877 -> 21.9992
22292,8 fw PLH.static      CFIMEAFDJFM         17.9374 -> 17.9535
22303,3 fw PLH.static      ADJMBEDDHLB         21.9992 -> 22.0027
22308,9 fw Controll.static GIPNIMALPEG          0.4256 -> 0.3733
22308,9 fw PLH.static      ADJMBEDDHLB         22.0027 -> 22.0133
22308,9 fw PLH.static      CFIMEAFDJFM         17.9535 -> 17.967
22317,3 fw PLH.static      ADJMBEDDHLB         22.0133 -> 22.0188
22324,0 fw PLH.static      ADJMBEDDHLB         22.0188 -> 22.0274
22324,0 fw PLH.static      CFIMEAFDJFM          17.967 -> 17.981
22332,2 fw PLH.static      ADJMBEDDHLB         22.0274 -> 22.0339
22332,2 fw PLH.static      CFIMEAFDJFM          17.981 -> 17.9883
22340,5 fw Controll.static MKFDGFOCKNO              22 -> 22.05
22340,5 fw Controll.static LEKCBKLAILO           22.05 -> 22.1
22340,5 fw Controll.static OFJKHAFJIMA          0.0024 -> 0.0001
22340,5 fw PLH.static      ADJMBEDDHLB         22.0339 -> 22.0422
22340,5 fw PLH.static      CFIMEAFDJFM         17.9883 -> 17.9965
22344,6 fw PLH.static      ADJMBEDDHLB         22.0422 -> 22.0504
22356,7 fw PLH.static      ADJMBEDDHLB         22.0504 -> 22.0545
22360,4 fw Controll.static GIPNIMALPEG          0.3733 -> 0.4043
22360,4 fw PLH.static      ADJMBEDDHLB         22.0545 -> 22.0667
22372,8 fw PLH.static      ADJMBEDDHLB         22.0667 -> 22.0705
22372,8 fw PLH.static      CFIMEAFDJFM         17.9965 -> 18.0248
22377,1 fw PLH.static      ADJMBEDDHLB         22.0705 -> 22.0827
22389,4 fw PLH.static      ADJMBEDDHLB         22.0827 -> 22.087
22389,4 fw PLH.static      CFIMEAFDJFM         18.0248 -> 18.0409
22393,8 fw Controll.static OFJKHAFJIMA          0.0001 -> 0.0035
22393,8 fw Controll.static ILGHFLMKMCO         18.6584 -> 18.1571
22393,8 fw Controll.static CKLMDECPAGK               0 -> 18.4571
22393,8 fw PLH.static      ADJMBEDDHLB          22.087 -> 22.0994
22393,8 fw PLH.static      CFIMEAFDJFM         18.0409 -> 18.0536
22407,4 fw Controll.static DBMGNKNGFLL               0 -> 1
22407,4 fw Controll.static OINJNFHMDFE          0.5564 -> 0.4891
22407,4 fw Controll.static _JFKCDODJALP_k__BackingField            0 -> 1
22407,5 fw PLH.static      ADJMBEDDHLB         22.0994 -> 22.1037
22410,6 fw Controll.static GIPNIMALPEG          0.4043 -> 0.4076
22410,6 fw Controll.static JBKBOPCCIBM               0 -> 1
22410,7 fw PLH.static      ADJMBEDDHLB         22.1037 -> 22.1175
22423,6 fw PLH.static      ADJMBEDDHLB         22.1175 -> 22.1207
22427,0 fw PLH.static      ADJMBEDDHLB         22.1207 -> 22.1335
22427,0 fw PLH.static      CFIMEAFDJFM         18.0536 -> 18.0872
22439,5 fw PLH.static      ADJMBEDDHLB         22.1335 -> 22.1369
22443,0 fw Controll.static MKFDGFOCKNO           22.05 -> 22.15
22443,1 fw Controll.static LEKCBKLAILO            22.1 -> 22.2
22443,1 fw Controll.static OFJKHAFJIMA          0.0035 -> 0.0027
22443,1 fw PLH.static      ADJMBEDDHLB         22.1369 -> 22.1495
22443,1 fw PLH.static      CFIMEAFDJFM         18.0872 -> 18.1032
22455,6 fw PLH.static      ADJMBEDDHLB         22.1495 -> 22.153
22458,6 fw Controll.static GIPNIMALPEG          0.4076 -> 0.3685
22458,6 fw PLH.static      ADJMBEDDHLB          22.153 -> 22.1655
22458,6 fw PLH.static      CFIMEAFDJFM         18.1032 -> 18.1199
22468,6 fw PLH.static      ADJMBEDDHLB         22.1655 -> 22.1685
22475,1 fw PLH.static      ADJMBEDDHLB         22.1685 -> 22.1787
22475,1 fw PLH.static      CFIMEAFDJFM         18.1199 -> 18.1329
22483,3 fw PLH.static      ADJMBEDDHLB         22.1787 -> 22.185
22490,0 fw PLH.static      ADJMBEDDHLB          22.185 -> 22.1932
22490,0 fw PLH.static      CFIMEAFDJFM         18.1329 -> 18.147
22497,6 fw Controll.static _JFKCDODJALP_k__BackingField            1 -> 0
22497,6 fw PLH.static      ADJMBEDDHLB         22.1932 -> 22.1999
22502,4 fw Controll.static GIPNIMALPEG          0.3685 -> 0.245
22502,5 fw Controll.static JBKBOPCCIBM               1 -> 0
22502,5 fw PLH.static      ADJMBEDDHLB         22.1999 -> 22.2075
22511,9 fw PLH.static      ADJMBEDDHLB         22.2075 -> 22.2124
22511,9 fw PLH.static      CFIMEAFDJFM          18.147 -> 18.1668
22517,4 fw PLH.static      ADJMBEDDHLB         22.2124 -> 22.2218
22517,4 fw PLH.static      CFIMEAFDJFM         18.1668 -> 18.1762
22525,5 fw Controll.static DJACNOGOCKD               1 -> 0
22525,5 fw PLH.static      ADJMBEDDHLB         22.2218 -> 22.2273
22530,5 fw Controll.static MKFDGFOCKNO           22.15 -> 22.2
22530,5 fw Controll.static LEKCBKLAILO            22.2 -> 22.25
22530,5 fw Controll.static OFJKHAFJIMA          0.0027 -> 0.0072
22530,5 fw PLH.static      ADJMBEDDHLB         22.2273 -> 22.2355
22540,2 fw PLH.static      ADJMBEDDHLB         22.2355 -> 22.2405
22540,2 fw PLH.static      CFIMEAFDJFM         18.1762 -> 18.1948
22545,3 fw Controll.static GIPNIMALPEG           0.245 -> 0.1024
22545,4 fw PLH.static      ADJMBEDDHLB         22.2405 -> 22.2501
22545,4 fw PLH.static      CFIMEAFDJFM         18.1948 -> 18.2039
22556,4 fw PLH.static      ADJMBEDDHLB         22.2501 -> 22.2553
22559,9 fw PLH.static      ADJMBEDDHLB         22.2553 -> 22.2664
22560,0 fw PLH.static      CFIMEAFDJFM         18.2039 -> 18.2201
22572,1 fw PLH.static      ADJMBEDDHLB         22.2664 -> 22.2699
22572,1 fw PLH.static      CFIMEAFDJFM         18.2201 -> 18.2243
22577,4 fw Controll.static MKFDGFOCKNO            22.2 -> 22.25
22577,5 fw Controll.static LEKCBKLAILO           22.25 -> 22.3
22577,5 fw Controll.static OFJKHAFJIMA          0.0072 -> 0.0049
22577,5 fw PLH.static      ADJMBEDDHLB         22.2699 -> 22.2821
22585,2 fw PLH.static      ADJMBEDDHLB         22.2821 -> 22.2874
22585,2 fw PLH.static      CFIMEAFDJFM         18.2243 -> 18.2414
22591,5 fw Controll.static GIPNIMALPEG          0.1024 -> 0.0255
22591,5 fw PLH.static      ADJMBEDDHLB         22.2874 -> 22.2951
22591,5 fw PLH.static      CFIMEAFDJFM         18.2414 -> 18.2494
22599,5 fw PLH.static      ADJMBEDDHLB         22.2951 -> 22.3014
22606,3 fw PLH.static      ADJMBEDDHLB         22.3014 -> 22.3094
22614,4 fw PLH.static      ADJMBEDDHLB         22.3094 -> 22.3162
22614,4 fw PLH.static      CFIMEAFDJFM         18.2494 -> 18.2706
22622,7 fw Controll.static MKFDGFOCKNO           22.25 -> 22.3
22622,7 fw Controll.static LEKCBKLAILO            22.3 -> 22.35
22622,7 fw Controll.static OFJKHAFJIMA          0.0049 -> 0.0011
22622,7 fw PLH.static      ADJMBEDDHLB         22.3162 -> 22.3243
22626,9 fw PLH.static      ADJMBEDDHLB         22.3243 -> 22.3326
22626,9 fw PLH.static      CFIMEAFDJFM         18.2706 -> 18.2865
22639,6 fw PLH.static      ADJMBEDDHLB         22.3326 -> 22.3369
22639,6 fw PLH.static      CFIMEAFDJFM         18.2865 -> 18.2912
22642,4 fw Controll.static GIPNIMALPEG          0.0255 -> 0.0443
22642,5 fw PLH.static      ADJMBEDDHLB         22.3369 -> 22.3496
22655,2 fw PLH.static      ADJMBEDDHLB         22.3496 -> 22.3524
22655,2 fw PLH.static      CFIMEAFDJFM         18.2912 -> 18.3067
22659,1 fw PLH.static      ADJMBEDDHLB         22.3524 -> 22.3651
22659,1 fw PLH.static      CFIMEAFDJFM         18.3067 -> 18.3194
22668,7 fw Controll.static MKFDGFOCKNO            22.3 -> 22.35
22668,7 fw Controll.static LEKCBKLAILO           22.35 -> 22.4
22668,7 fw PLH.static      ADJMBEDDHLB         22.3651 -> 22.369
22668,7 fw PLH.static      CFIMEAFDJFM         18.3194 -> 18.323
22675,1 fw Controll.static OFJKHAFJIMA          0.0011 -> 0.002
22675,2 fw PLH.static      ADJMBEDDHLB          22.369 -> 22.3786
22683,3 fw PLH.static      ADJMBEDDHLB         22.3786 -> 22.3851
22683,3 fw PLH.static      CFIMEAFDJFM          18.323 -> 18.3394
22690,2 fw Controll.static GIPNIMALPEG          0.0443 -> 0.9992
22690,2 fw PLH.static      ADJMBEDDHLB         22.3851 -> 22.3933
22698,3 fw PLH.static      ADJMBEDDHLB         22.3933 -> 22.4003
22706,1 fw PLH.static      ADJMBEDDHLB         22.4003 -> 22.4082
22706,1 fw PLH.static      CFIMEAFDJFM         18.3394 -> 18.3618
22712,4 fw PLH.static      ADJMBEDDHLB         22.4082 -> 22.416
22712,4 fw PLH.static      CFIMEAFDJFM         18.3618 -> 18.3704
22721,9 fw Controll.static MKFDGFOCKNO           22.35 -> 22.4
22721,9 fw Controll.static LEKCBKLAILO            22.4 -> 22.45
22721,9 fw Controll.static OFJKHAFJIMA           0.002 -> 0.0078
22721,9 fw PLH.static      ADJMBEDDHLB          22.416 -> 22.4223
22726,7 fw PLH.static      ADJMBEDDHLB         22.4223 -> 22.432
22726,7 fw PLH.static      CFIMEAFDJFM         18.3704 -> 18.3857
22739,1 fw Controll.static GIPNIMALPEG          0.9992 -> 0.9775
22739,2 fw PLH.static      ADJMBEDDHLB          22.432 -> 22.4366
22742,7 fw PLH.static      ADJMBEDDHLB         22.4366 -> 22.4492
22755,3 fw PLH.static      ADJMBEDDHLB         22.4492 -> 22.4527
22755,3 fw PLH.static      CFIMEAFDJFM         18.3857 -> 18.407
22759,4 fw PLH.static      ADJMBEDDHLB         22.4527 -> 22.4653
22759,4 fw PLH.static      CFIMEAFDJFM          18.407 -> 18.4194
22771,6 fw Controll.static MKFDGFOCKNO            22.4 -> 22.45
22771,6 fw Controll.static LEKCBKLAILO           22.45 -> 22.5
22771,6 fw Controll.static OFJKHAFJIMA          0.0078 -> 0.0023
22771,7 fw PLH.static      ADJMBEDDHLB         22.4653 -> 22.4693
22775,5 fw PLH.static      ADJMBEDDHLB         22.4693 -> 22.4818
22775,5 fw PLH.static      CFIMEAFDJFM         18.4194 -> 18.4359
22788,6 fw Controll.static GIPNIMALPEG          0.9775 -> 0.9685
22788,7 fw PLH.static      ADJMBEDDHLB         22.4818 -> 22.4855
22788,7 fw PLH.static      CFIMEAFDJFM         18.4359 -> 18.4398
22792,3 fw PLH.static      ADJMBEDDHLB         22.4855 -> 22.4986
22792,3 fw PLH.static      CFIMEAFDJFM         18.4398 -> 18.4524
22805,9 fw PLH.static      ADJMBEDDHLB         22.4986 -> 22.5022
22809,1 fw PLH.static      ADJMBEDDHLB         22.5022 -> 22.5161
22809,1 fw PLH.static      CFIMEAFDJFM         18.4524 -> 18.4696
22822,4 fw Controll.static MKFDGFOCKNO           22.45 -> 22.5
22822,4 fw Controll.static LEKCBKLAILO            22.5 -> 22.55
22822,4 fw Controll.static OFJKHAFJIMA          0.0023 -> 0.0018
22822,4 fw PLH.static      ADJMBEDDHLB         22.5161 -> 22.5191
22825,8 fw PLH.static      ADJMBEDDHLB         22.5191 -> 22.5323
22825,8 fw PLH.static      CFIMEAFDJFM         18.4696 -> 18.4862
22839,0 fw Controll.static GIPNIMALPEG          0.9685 -> 0.9747
22839,0 fw PLH.static      ADJMBEDDHLB         22.5323 -> 22.5358
22839,0 fw PLH.static      CFIMEAFDJFM         18.4862 -> 18.4901
22842,9 fw PLH.static      ADJMBEDDHLB         22.5358 -> 22.549
22842,9 fw PLH.static      CFIMEAFDJFM         18.4901 -> 18.5026
22854,6 fw PLH.static      ADJMBEDDHLB          22.549 -> 22.5529
22854,6 fw PLH.static      CFIMEAFDJFM         18.5026 -> 18.507
22859,5 fw PLH.static      ADJMBEDDHLB         22.5529 -> 22.5645
22859,5 fw PLH.static      CFIMEAFDJFM          18.507 -> 18.5188
22871,3 fw Controll.static MKFDGFOCKNO            22.5 -> 22.55
22871,3 fw Controll.static LEKCBKLAILO           22.55 -> 22.6
22871,3 fw Controll.static OFJKHAFJIMA          0.0018 -> 0.0024
22871,3 fw PLH.static      ADJMBEDDHLB         22.5645 -> 22.5694
22878,7 fw PLH.static      ADJMBEDDHLB         22.5694 -> 22.5821
22878,7 fw PLH.static      CFIMEAFDJFM         18.5188 -> 18.5356
22889,6 fw Controll.static GIPNIMALPEG          0.9747 -> 0.9874
22889,6 fw PLH.static      ADJMBEDDHLB         22.5821 -> 22.5886
22895,2 fw PLH.static      ADJMBEDDHLB         22.5886 -> 22.5995
22895,2 fw PLH.static      CFIMEAFDJFM         18.5356 -> 18.5539
22905,5 fw PLH.static      ADJMBEDDHLB         22.5995 -> 22.6051
22909,4 fw PLH.static      ADJMBEDDHLB         22.6051 -> 22.6154
22909,4 fw PLH.static      CFIMEAFDJFM         18.5539 -> 18.5691
22922,2 fw Controll.static MKFDGFOCKNO           22.55 -> 22.6
22922,2 fw Controll.static LEKCBKLAILO            22.6 -> 22.65
22922,2 fw Controll.static OFJKHAFJIMA          0.0024 -> 0.0047
22922,2 fw PLH.static      ADJMBEDDHLB         22.6154 -> 22.6194
22925,7 fw PLH.static      ADJMBEDDHLB         22.6194 -> 22.6322
22925,7 fw PLH.static      CFIMEAFDJFM         18.5691 -> 18.5858
22938,3 fw PLH.static      ADJMBEDDHLB         22.6322 -> 22.6356
22941,4 fw Controll.static GIPNIMALPEG          0.9874 -> 0.0239
22941,5 fw PLH.static      ADJMBEDDHLB         22.6356 -> 22.6482
22941,5 fw PLH.static      CFIMEAFDJFM         18.5858 -> 18.6017
22954,3 fw Controll.static DGNDKAKOEPD         2031890 -> 2032872
22954,4 fw Controll.static BEJBLGGGOCC       339611148 -> 339612140
22954,4 fw Controll.static JELGPAKAJPE             119 -> 99
22954,4 fw Controll.static EENJPDHGGGC         21.6697 -> 22.6514
22954,4 fw PLH.static      ADJMBEDDHLB         22.6482 -> 22.6514
22954,4 fw PLH.static      CFIMEAFDJFM         18.6017 -> 18.6057
22958,3 fw PLH.static      ADJMBEDDHLB         22.6514 -> 22.6643
22958,3 fw PLH.static      CFIMEAFDJFM         18.6057 -> 18.6186
22968,0 fw Controll.static MKFDGFOCKNO            22.6 -> 22.65
22968,0 fw Controll.static LEKCBKLAILO           22.65 -> 22.7
22968,1 fw PLH.static      ADJMBEDDHLB         22.6643 -> 22.6682
22974,3 fw Controll.static OFJKHAFJIMA          0.0047 -> 0.0011
22974,3 fw PLH.static      ADJMBEDDHLB         22.6682 -> 22.6781
22974,3 fw PLH.static      CFIMEAFDJFM         18.6186 -> 18.6323
22983,2 fw PLH.static      ADJMBEDDHLB         22.6781 -> 22.6842
22990,2 fw Controll.static GIPNIMALPEG          0.0239 -> 0.9997
22990,2 fw PLH.static      ADJMBEDDHLB         22.6842 -> 22.6932
22999,1 fw PLH.static      ADJMBEDDHLB         22.6932 -> 22.7002
23005,8 fw PLH.static      ADJMBEDDHLB         22.7002 -> 22.7093
23005,8 fw PLH.static      CFIMEAFDJFM         18.6323 -> 18.6625
23013,5 fw PLH.static      ADJMBEDDHLB         22.7093 -> 22.7157
23013,5 fw PLH.static      CFIMEAFDJFM         18.6625 -> 18.67
23021,7 fw Controll.static MKFDGFOCKNO           22.65 -> 22.7
23021,8 fw Controll.static LEKCBKLAILO            22.7 -> 22.75
23021,8 fw Controll.static OFJKHAFJIMA          0.0011 -> 0.0086
23021,8 fw PLH.static      ADJMBEDDHLB         22.7157 -> 22.7234
23026,4 fw PLH.static      ADJMBEDDHLB         22.7234 -> 22.7317
23037,7 fw Controll.static GIPNIMALPEG          0.9997 -> 0.9503
23037,8 fw PLH.static      ADJMBEDDHLB         22.7317 -> 22.7363
23041,5 fw PLH.static      ADJMBEDDHLB         22.7363 -> 22.7477
23041,5 fw PLH.static      CFIMEAFDJFM           18.67 -> 18.7014
23054,3 fw PLH.static      ADJMBEDDHLB         22.7477 -> 22.7514
23058,0 fw PLH.static      ADJMBEDDHLB         22.7514 -> 22.7642
23058,0 fw PLH.static      CFIMEAFDJFM         18.7014 -> 18.7185
23070,6 fw Controll.static MKFDGFOCKNO            22.7 -> 22.75
23070,6 fw Controll.static LEKCBKLAILO           22.75 -> 22.8
23070,6 fw Controll.static OFJKHAFJIMA          0.0086 -> 0.001
23070,7 fw PLH.static      ADJMBEDDHLB         22.7642 -> 22.7678
23074,0 fw PLH.static      ADJMBEDDHLB         22.7678 -> 22.7809
23087,8 fw Controll.static GIPNIMALPEG          0.9503 -> 0.9506
23087,8 fw PLH.static      ADJMBEDDHLB         22.7809 -> 22.7839
23087,8 fw PLH.static      CFIMEAFDJFM         18.7185 -> 18.7384
23091,5 fw PLH.static      ADJMBEDDHLB         22.7839 -> 22.7977
23104,5 fw PLH.static      ADJMBEDDHLB         22.7977 -> 22.8014
23108,0 fw PLH.static      ADJMBEDDHLB         22.8014 -> 22.8145
23108,0 fw PLH.static      CFIMEAFDJFM         18.7384 -> 18.7681
23121,0 fw Controll.static MKFDGFOCKNO           22.75 -> 22.8
23121,1 fw Controll.static LEKCBKLAILO            22.8 -> 22.85
23121,1 fw PLH.static      ADJMBEDDHLB         22.8145 -> 22.8179
23121,1 fw PLH.static      CFIMEAFDJFM         18.7681 -> 18.7724
23125,0 fw PLH.static      ADJMBEDDHLB         22.8179 -> 22.8311
23125,0 fw PLH.static      CFIMEAFDJFM         18.7724 -> 18.7845
23137,9 fw Controll.static GIPNIMALPEG          0.9506 -> 0.9522
23137,9 fw PLH.static      ADJMBEDDHLB         22.8311 -> 22.835
23143,2 fw PLH.static      ADJMBEDDHLB          22.835 -> 22.8479
23154,5 fw PLH.static      ADJMBEDDHLB         22.8479 -> 22.8531
23159,6 fw PLH.static      ADJMBEDDHLB         22.8531 -> 22.8644
23159,6 fw PLH.static      CFIMEAFDJFM         18.7845 -> 18.8188
23170,2 fw Controll.static MKFDGFOCKNO            22.8 -> 22.85
23170,2 fw Controll.static LEKCBKLAILO           22.85 -> 22.9
23170,2 fw Controll.static OFJKHAFJIMA           0.001 -> 0.0026
23170,2 fw PLH.static      ADJMBEDDHLB         22.8644 -> 22.8696
23170,2 fw PLH.static      CFIMEAFDJFM         18.8188 -> 18.8233
23173,6 fw PLH.static      ADJMBEDDHLB         22.8696 -> 22.8801
23185,0 fw Controll.static GIPNIMALPEG          0.9522 -> 0.8942
23185,0 fw PLH.static      ADJMBEDDHLB         22.8801 -> 22.8835
23191,1 fw PLH.static      ADJMBEDDHLB         22.8835 -> 22.895
23199,3 fw PLH.static      ADJMBEDDHLB          22.895 -> 22.901
23199,3 fw PLH.static      CFIMEAFDJFM         18.8233 -> 18.8551
23205,1 fw PLH.static      ADJMBEDDHLB          22.901 -> 22.9093
23205,1 fw PLH.static      CFIMEAFDJFM         18.8551 -> 18.8629
23213,2 fw Controll.static MKFDGFOCKNO           22.85 -> 22.9
23213,2 fw Controll.static LEKCBKLAILO            22.9 -> 22.95
23213,2 fw Controll.static OFJKHAFJIMA          0.0026 -> 0.0006
23213,2 fw PLH.static      ADJMBEDDHLB         22.9093 -> 22.915
23213,2 fw PLH.static      CFIMEAFDJFM         18.8629 -> 18.8694
23221,3 fw PLH.static      ADJMBEDDHLB          22.915 -> 22.9232
23226,3 fw PLH.static      ADJMBEDDHLB         22.9232 -> 22.9313
23226,3 fw PLH.static      CFIMEAFDJFM         18.8694 -> 18.8849
23237,5 fw Controll.static GIPNIMALPEG          0.8942 -> 0.9442
23237,5 fw PLH.static      ADJMBEDDHLB         22.9313 -> 22.9362
23241,1 fw PLH.static      ADJMBEDDHLB         22.9362 -> 22.9474
23253,6 fw PLH.static      ADJMBEDDHLB         22.9474 -> 22.951
23253,6 fw PLH.static      CFIMEAFDJFM         18.8849 -> 18.9052
23258,0 fw Controll.static MKFDGFOCKNO            22.9 -> 22.95
23258,0 fw Controll.static LEKCBKLAILO           22.95 -> 23
23258,0 fw PLH.static      ADJMBEDDHLB          22.951 -> 22.9635
23258,0 fw PLH.static      CFIMEAFDJFM         18.9052 -> 18.9178
23270,7 fw PLH.static      ADJMBEDDHLB         22.9635 -> 22.968
23274,8 fw PLH.static      ADJMBEDDHLB          22.968 -> 22.9806
23274,8 fw PLH.static      CFIMEAFDJFM         18.9178 -> 18.9349
23288,0 fw Controll.static GIPNIMALPEG          0.9442 -> 0.9543
23288,0 fw PLH.static      ADJMBEDDHLB         22.9806 -> 22.9848
23291,6 fw PLH.static      ADJMBEDDHLB         22.9848 -> 22.9979
23291,6 fw PLH.static      CFIMEAFDJFM         18.9349 -> 18.9516
23304,3 fw PLH.static      ADJMBEDDHLB         22.9979 -> 23.0015
23304,3 fw PLH.static      CFIMEAFDJFM         18.9516 -> 18.9557
23307,8 fw PLH.static      ADJMBEDDHLB         23.0015 -> 23.0142
23307,9 fw PLH.static      CFIMEAFDJFM         18.9557 -> 18.9676
23320,9 fw Controll.static MKFDGFOCKNO           22.95 -> 23
23320,9 fw Controll.static LEKCBKLAILO              23 -> 23.05
23320,9 fw Controll.static OFJKHAFJIMA          0.0006 -> 0.001
23321,0 fw PLH.static      ADJMBEDDHLB         23.0142 -> 23.0178
23324,6 fw PLH.static      ADJMBEDDHLB         23.0178 -> 23.0309
23324,6 fw PLH.static      CFIMEAFDJFM         18.9676 -> 18.9846
23337,4 fw Controll.static GIPNIMALPEG          0.9543 -> 0.9432
23337,4 fw PLH.static      ADJMBEDDHLB         23.0309 -> 23.0345
23341,0 fw PLH.static      ADJMBEDDHLB         23.0345 -> 23.0474
23353,5 fw PLH.static      ADJMBEDDHLB         23.0474 -> 23.0509
23357,9 fw PLH.static      ADJMBEDDHLB         23.0509 -> 23.0635
23357,9 fw PLH.static      CFIMEAFDJFM         18.9846 -> 19.0177
23369,9 fw Controll.static MKFDGFOCKNO              23 -> 23.05
23369,9 fw Controll.static LEKCBKLAILO           23.05 -> 23.1
23369,9 fw Controll.static OFJKHAFJIMA           0.001 -> 0.0004
23369,9 fw PLH.static      ADJMBEDDHLB         23.0635 -> 23.0678
23373,0 fw PLH.static      ADJMBEDDHLB         23.0678 -> 23.0799
23373,0 fw PLH.static      CFIMEAFDJFM         19.0177 -> 19.0342
23387,3 fw Controll.static GIPNIMALPEG          0.9432 -> 0.9407
23387,3 fw PLH.static      ADJMBEDDHLB         23.0799 -> 23.0829
23387,3 fw PLH.static      CFIMEAFDJFM         19.0342 -> 19.0374
23391,5 fw PLH.static      ADJMBEDDHLB         23.0829 -> 23.0973
23391,5 fw PLH.static      CFIMEAFDJFM         19.0374 -> 19.0508
23404,5 fw PLH.static      ADJMBEDDHLB         23.0973 -> 23.1014
23404,5 fw PLH.static      CFIMEAFDJFM         19.0508 -> 19.0555
23408,1 fw PLH.static      ADJMBEDDHLB         23.1014 -> 23.1145
23408,1 fw PLH.static      CFIMEAFDJFM         19.0555 -> 19.0679
23420,9 fw Controll.static MKFDGFOCKNO           23.05 -> 23.1
23420,9 fw Controll.static LEKCBKLAILO            23.1 -> 23.15
23420,9 fw Controll.static OFJKHAFJIMA          0.0004 -> 0.0009
23421,0 fw PLH.static      ADJMBEDDHLB         23.1145 -> 23.1181
23424,6 fw PLH.static      ADJMBEDDHLB         23.1181 -> 23.1309
23424,6 fw PLH.static      CFIMEAFDJFM         19.0679 -> 19.0846
23437,6 fw Controll.static GIPNIMALPEG          0.9407 -> 0.9463
23437,6 fw PLH.static      ADJMBEDDHLB         23.1309 -> 23.1345
23441,4 fw PLH.static      ADJMBEDDHLB         23.1345 -> 23.1476
23441,5 fw PLH.static      CFIMEAFDJFM         19.0846 -> 19.1011
23453,1 fw PLH.static      ADJMBEDDHLB         23.1476 -> 23.1514
23458,9 fw PLH.static      ADJMBEDDHLB         23.1514 -> 23.1631
23458,9 fw PLH.static      CFIMEAFDJFM         19.1011 -> 19.1174
23466,6 fw Controll.static MKFDGFOCKNO            23.1 -> 23.15
23466,6 fw Controll.static LEKCBKLAILO           23.15 -> 23.2
23466,6 fw PLH.static      ADJMBEDDHLB         23.1631 -> 23.1688
23473,2 fw PLH.static      ADJMBEDDHLB         23.1688 -> 23.1766
23473,2 fw PLH.static      CFIMEAFDJFM         19.1174 -> 19.1308
23482,0 fw Controll.static GIPNIMALPEG          0.9463 -> 0.8345
23482,0 fw PLH.static      ADJMBEDDHLB         23.1766 -> 23.1831
23488,0 fw PLH.static      ADJMBEDDHLB         23.1831 -> 23.1919
23488,0 fw PLH.static      CFIMEAFDJFM         19.1308 -> 19.1455
23495,6 fw PLH.static      ADJMBEDDHLB         23.1919 -> 23.1979
23495,6 fw PLH.static      CFIMEAFDJFM         19.1455 -> 19.1523
23503,9 fw PLH.static      ADJMBEDDHLB         23.1979 -> 23.2055
23508,6 fw Controll.static MKFDGFOCKNO           23.15 -> 23.2
23508,6 fw Controll.static LEKCBKLAILO            23.2 -> 23.25
23508,6 fw Controll.static OFJKHAFJIMA          0.0009 -> 0.005
23508,6 fw PLH.static      ADJMBEDDHLB         23.2055 -> 23.2138
23508,6 fw PLH.static      CFIMEAFDJFM         19.1523 -> 19.1675
23520,7 fw PLH.static      ADJMBEDDHLB         23.2138 -> 23.2185
23524,9 fw PLH.static      ADJMBEDDHLB         23.2185 -> 23.2306
23537,4 fw Controll.static GIPNIMALPEG          0.8345 -> 0.9416
23537,4 fw PLH.static      ADJMBEDDHLB         23.2306 -> 23.2349
23537,4 fw PLH.static      CFIMEAFDJFM         19.1675 -> 19.1892
23541,3 fw PLH.static      ADJMBEDDHLB         23.2349 -> 23.2474
23553,1 fw PLH.static      ADJMBEDDHLB         23.2474 -> 23.2513
23553,1 fw PLH.static      CFIMEAFDJFM         19.1892 -> 19.2056
23558,1 fw Controll.static MKFDGFOCKNO            23.2 -> 23.25
23558,1 fw Controll.static LEKCBKLAILO           23.25 -> 23.3
23558,1 fw PLH.static      ADJMBEDDHLB         23.2513 -> 23.263
23558,1 fw PLH.static      CFIMEAFDJFM         19.2056 -> 19.2173
23569,7 fw Controll.static OFJKHAFJIMA           0.005 -> 0.0009
23569,8 fw PLH.static      ADJMBEDDHLB          23.263 -> 23.268
23572,6 fw PLH.static      ADJMBEDDHLB          23.268 -> 23.2797
23572,6 fw PLH.static      CFIMEAFDJFM         19.2173 -> 19.234
23586,9 fw Controll.static GIPNIMALPEG          0.9416 -> 0.9327
23586,9 fw PLH.static      ADJMBEDDHLB         23.2797 -> 23.2825
23591,1 fw PLH.static      ADJMBEDDHLB         23.2825 -> 23.2969
23603,4 fw PLH.static      ADJMBEDDHLB         23.2969 -> 23.301
23603,4 fw PLH.static      CFIMEAFDJFM          19.234 -> 19.2552
23607,3 fw PLH.static      ADJMBEDDHLB          23.301 -> 23.3133
23607,4 fw PLH.static      CFIMEAFDJFM         19.2552 -> 19.267
23620,0 fw Controll.static MKFDGFOCKNO           23.25 -> 23.3
23620,0 fw Controll.static LEKCBKLAILO            23.3 -> 23.35
23620,0 fw Controll.static OFJKHAFJIMA          0.0009 -> 0.0006
23620,1 fw PLH.static      ADJMBEDDHLB         23.3133 -> 23.3173
23623,1 fw PLH.static      ADJMBEDDHLB         23.3173 -> 23.33
23623,1 fw PLH.static      CFIMEAFDJFM          19.267 -> 19.2837
23636,9 fw Controll.static GIPNIMALPEG          0.9327 -> 0.9324
23636,9 fw PLH.static      ADJMBEDDHLB           23.33 -> 23.333
23641,3 fw PLH.static      ADJMBEDDHLB          23.333 -> 23.3469
23641,3 fw PLH.static      CFIMEAFDJFM         19.2837 -> 19.3003
23653,1 fw PLH.static      ADJMBEDDHLB         23.3469 -> 23.3512
23653,1 fw PLH.static      CFIMEAFDJFM         19.3003 -> 19.3054
23658,4 fw PLH.static      ADJMBEDDHLB         23.3512 -> 23.3631
23658,4 fw PLH.static      CFIMEAFDJFM         19.3054 -> 19.3174
23668,9 fw Controll.static MKFDGFOCKNO            23.3 -> 23.35
23668,9 fw Controll.static LEKCBKLAILO           23.35 -> 23.4
23668,9 fw Controll.static OFJKHAFJIMA          0.0006 -> 0.0008
23669,0 fw PLH.static      ADJMBEDDHLB         23.3631 -> 23.3683
23672,4 fw PLH.static      ADJMBEDDHLB         23.3683 -> 23.3789
23672,4 fw PLH.static      CFIMEAFDJFM         19.3174 -> 19.3332
23683,3 fw Controll.static GIPNIMALPEG          0.9324 -> 0.8608
23683,4 fw PLH.static      ADJMBEDDHLB         23.3789 -> 23.3823
23689,0 fw PLH.static      ADJMBEDDHLB         23.3823 -> 23.3934
23698,2 fw PLH.static      ADJMBEDDHLB         23.3934 -> 23.399
23698,2 fw PLH.static      CFIMEAFDJFM         19.3332 -> 19.3533
23703,9 fw PLH.static      ADJMBEDDHLB          23.399 -> 23.4081
23712,0 fw Controll.static MKFDGFOCKNO           23.35 -> 23.4
23712,0 fw Controll.static LEKCBKLAILO            23.4 -> 23.45
23712,1 fw Controll.static OFJKHAFJIMA          0.0008 -> 0.0077
23712,1 fw PLH.static      ADJMBEDDHLB         23.4081 -> 23.4138
23712,1 fw PLH.static      CFIMEAFDJFM         19.3533 -> 19.3682
23720,0 fw PLH.static      ADJMBEDDHLB         23.4138 -> 23.422
23724,9 fw Controll.static GIPNIMALPEG          0.8608 -> 0.6931
23725,0 fw PLH.static      ADJMBEDDHLB          23.422 -> 23.4299
23725,0 fw PLH.static      CFIMEAFDJFM         19.3682 -> 19.3835
23735,3 fw PLH.static      ADJMBEDDHLB         23.4299 -> 23.4349
23740,1 fw PLH.static      ADJMBEDDHLB         23.4349 -> 23.4453
23740,1 fw PLH.static      CFIMEAFDJFM         19.3835 -> 19.3997
23749,6 fw PLH.static      ADJMBEDDHLB         23.4453 -> 23.4501
23756,7 fw Controll.static MKFDGFOCKNO            23.4 -> 23.45
23756,7 fw Controll.static LEKCBKLAILO           23.45 -> 23.5
23756,7 fw Controll.static OFJKHAFJIMA          0.0077 -> 0.009
23756,7 fw PLH.static      ADJMBEDDHLB         23.4501 -> 23.4595
23756,7 fw PLH.static      CFIMEAFDJFM         19.3997 -> 19.4135
23764,2 fw PLH.static      ADJMBEDDHLB         23.4595 -> 23.4667
23770,8 fw Controll.static GIPNIMALPEG          0.6931 -> 0.6112
23770,9 fw PLH.static      ADJMBEDDHLB         23.4667 -> 23.4741
23770,9 fw PLH.static      CFIMEAFDJFM         19.4135 -> 19.4284
23778,9 fw PLH.static      ADJMBEDDHLB         23.4741 -> 23.4808
23778,9 fw PLH.static      CFIMEAFDJFM         19.4284 -> 19.4351
23786,2 fw PLH.static      ADJMBEDDHLB         23.4808 -> 23.4888
23792,8 fw PLH.static      ADJMBEDDHLB         23.4888 -> 23.4961
23792,8 fw PLH.static      CFIMEAFDJFM         19.4351 -> 19.4504
23803,1 fw Controll.static MKFDGFOCKNO           23.45 -> 23.5
23803,1 fw Controll.static LEKCBKLAILO            23.5 -> 23.55
23803,1 fw Controll.static OFJKHAFJIMA           0.009 -> 0.0023
23803,2 fw PLH.static      ADJMBEDDHLB         23.4961 -> 23.5027
23803,2 fw PLH.static      CFIMEAFDJFM         19.4504 -> 19.4569
23806,5 fw PLH.static      ADJMBEDDHLB         23.5027 -> 23.5131
23806,5 fw PLH.static      CFIMEAFDJFM         19.4569 -> 19.4667
23819,7 fw PLH.static      ADJMBEDDHLB         23.5131 -> 23.5165
23819,7 fw PLH.static      CFIMEAFDJFM         19.4667 -> 19.4709
23823,5 fw Controll.static GIPNIMALPEG          0.6112 -> 0.6647
23823,6 fw PLH.static      ADJMBEDDHLB         23.5165 -> 23.5296
23823,6 fw PLH.static      CFIMEAFDJFM         19.4709 -> 19.4833
23835,5 fw PLH.static      ADJMBEDDHLB         23.5296 -> 23.5335
23840,2 fw PLH.static      ADJMBEDDHLB         23.5335 -> 23.5455
23840,3 fw PLH.static      CFIMEAFDJFM         19.4833 -> 19.4997
23852,8 fw Controll.static MKFDGFOCKNO            23.5 -> 23.5501
23852,8 fw Controll.static LEKCBKLAILO           23.55 -> 23.6001
23852,9 fw PLH.static      ADJMBEDDHLB         23.5455 -> 23.5502
23852,9 fw PLH.static      CFIMEAFDJFM         19.4997 -> 19.5039
23857,6 fw Controll.static OFJKHAFJIMA          0.0023 -> 0.0122
23857,6 fw PLH.static      ADJMBEDDHLB         23.5502 -> 23.5628
23857,6 fw PLH.static      CFIMEAFDJFM         19.5039 -> 19.5167
23869,1 fw PLH.static      ADJMBEDDHLB         23.5628 -> 23.5676
23873,3 fw Controll.static GIPNIMALPEG          0.6647 -> 0.6613
23873,4 fw PLH.static      ADJMBEDDHLB         23.5676 -> 23.579
23886,0 fw PLH.static      ADJMBEDDHLB          23.579 -> 23.5833
23886,0 fw PLH.static      CFIMEAFDJFM         19.5167 -> 19.5377
23888,8 fw PLH.static      ADJMBEDDHLB         23.5833 -> 23.5959
23903,5 fw PLH.static      ADJMBEDDHLB         23.5959 -> 23.5987
23906,4 fw Controll.static MKFDGFOCKNO         23.5501 -> 23.6001
23906,4 fw Controll.static LEKCBKLAILO         23.6001 -> 23.6501
23906,4 fw Controll.static OFJKHAFJIMA          0.0122 -> 0.0128
23906,4 fw PLH.static      ADJMBEDDHLB         23.5987 -> 23.6134
23906,4 fw PLH.static      CFIMEAFDJFM         19.5377 -> 19.5665
23919,5 fw PLH.static      ADJMBEDDHLB         23.6134 -> 23.6163
23922,6 fw Controll.static GIPNIMALPEG          0.6613 -> 0.6466
23922,7 fw PLH.static      ADJMBEDDHLB         23.6163 -> 23.6295
23922,7 fw PLH.static      CFIMEAFDJFM         19.5665 -> 19.5831
23935,5 fw PLH.static      ADJMBEDDHLB         23.6295 -> 23.6326
23935,5 fw PLH.static      CFIMEAFDJFM         19.5831 -> 19.587
23940,2 fw PLH.static      ADJMBEDDHLB         23.6326 -> 23.6455
23952,3 fw PLH.static      ADJMBEDDHLB         23.6455 -> 23.6502
23956,8 fw Controll.static MKFDGFOCKNO         23.6001 -> 23.6501
23956,8 fw Controll.static LEKCBKLAILO         23.6501 -> 23.7001
23956,8 fw Controll.static OFJKHAFJIMA          0.0128 -> 0.0118
23956,8 fw PLH.static      ADJMBEDDHLB         23.6502 -> 23.6623
23956,8 fw PLH.static      CFIMEAFDJFM          19.587 -> 19.6164
23968,5 fw PLH.static      ADJMBEDDHLB         23.6623 -> 23.6667
23972,7 fw Controll.static GIPNIMALPEG          0.6466 -> 0.6476
23972,7 fw PLH.static      ADJMBEDDHLB         23.6667 -> 23.6784
23972,7 fw PLH.static      CFIMEAFDJFM         19.6164 -> 19.6327
23985,4 fw PLH.static      ADJMBEDDHLB         23.6784 -> 23.6826
23985,4 fw PLH.static      CFIMEAFDJFM         19.6327 -> 19.637
23989,6 fw Controll.static DGNDKAKOEPD         2032872 -> 2033883
23989,6 fw Controll.static BEJBLGGGOCC       339612140 -> 339613145
23989,6 fw Controll.static JELGPAKAJPE              99 -> 100
23989,6 fw Controll.static EENJPDHGGGC         22.6514 -> 23.6622
23989,7 fw PLH.static      ADJMBEDDHLB         23.6826 -> 23.6953
24002,4 fw PLH.static      ADJMBEDDHLB         23.6953 -> 23.6997
24002,4 fw PLH.static      CFIMEAFDJFM          19.637 -> 19.6539
24005,8 fw Controll.static MKFDGFOCKNO         23.6501 -> 23.7001
24005,8 fw Controll.static LEKCBKLAILO         23.7001 -> 23.7501
24005,9 fw PLH.static      ADJMBEDDHLB         23.6997 -> 23.7123
24005,9 fw PLH.static      CFIMEAFDJFM         19.6539 -> 19.6657
24019,1 fw PLH.static      ADJMBEDDHLB         23.7123 -> 23.7158
24022,3 fw Controll.static GIPNIMALPEG          0.6476 -> 0.6411
24022,4 fw PLH.static      ADJMBEDDHLB         23.7158 -> 23.7291
24022,4 fw PLH.static      CFIMEAFDJFM         19.6657 -> 19.6827
24035,4 fw PLH.static      ADJMBEDDHLB         23.7291 -> 23.7323
24035,4 fw PLH.static      CFIMEAFDJFM         19.6827 -> 19.6868
24040,2 fw PLH.static      ADJMBEDDHLB         23.7323 -> 23.7454
24051,7 fw PLH.static      ADJMBEDDHLB         23.7454 -> 23.7502
24056,5 fw Controll.static MKFDGFOCKNO         23.7001 -> 23.7501
24056,5 fw Controll.static LEKCBKLAILO         23.7501 -> 23.8001
24056,5 fw Controll.static OFJKHAFJIMA          0.0118 -> 0.0112
24056,6 fw PLH.static      ADJMBEDDHLB         23.7502 -> 23.7617
24056,6 fw PLH.static      CFIMEAFDJFM         19.6868 -> 19.7157
24067,9 fw PLH.static      ADJMBEDDHLB         23.7617 -> 23.7665
24067,9 fw PLH.static      CFIMEAFDJFM         19.7157 -> 19.7202
24071,0 fw Controll.static GIPNIMALPEG          0.6411 -> 0.6145
24071,0 fw PLH.static      ADJMBEDDHLB         23.7665 -> 23.7778
24071,0 fw PLH.static      CFIMEAFDJFM         19.7202 -> 19.7321
24082,5 fw PLH.static      ADJMBEDDHLB         23.7778 -> 23.7809
24088,0 fw PLH.static      ADJMBEDDHLB         23.7809 -> 23.7924
24088,0 fw PLH.static      CFIMEAFDJFM         19.7321 -> 19.7459
24097,2 fw PLH.static      ADJMBEDDHLB         23.7924 -> 23.7979
24102,6 fw Controll.static MKFDGFOCKNO         23.7501 -> 23.8001
24102,6 fw Controll.static LEKCBKLAILO         23.8001 -> 23.8501
24102,6 fw Controll.static OFJKHAFJIMA          0.0112 -> 0.0066
24102,6 fw PLH.static      ADJMBEDDHLB         23.7979 -> 23.8071
24102,6 fw PLH.static      CFIMEAFDJFM         19.7459 -> 19.7601
24111,0 fw PLH.static      ADJMBEDDHLB         23.8071 -> 23.8125
24119,0 fw PLH.static      ADJMBEDDHLB         23.8125 -> 23.821
24119,0 fw PLH.static      CFIMEAFDJFM         19.7601 -> 19.7753
24124,1 fw Controll.static GIPNIMALPEG          0.6145 -> 0.6771
24124,2 fw PLH.static      ADJMBEDDHLB          23.821 -> 23.8289
24134,6 fw PLH.static      ADJMBEDDHLB         23.8289 -> 23.8341
24134,6 fw PLH.static      CFIMEAFDJFM         19.7753 -> 19.7885
24139,6 fw PLH.static      ADJMBEDDHLB         23.8341 -> 23.8446
24152,0 fw Controll.static MKFDGFOCKNO         23.8001 -> 23.8501
24152,0 fw Controll.static LEKCBKLAILO         23.8501 -> 23.9001
24152,0 fw PLH.static      ADJMBEDDHLB         23.8446 -> 23.8495
24156,7 fw Controll.static OFJKHAFJIMA          0.0066 -> 0.0114
24156,7 fw PLH.static      ADJMBEDDHLB         23.8495 -> 23.8619
24156,7 fw PLH.static      CFIMEAFDJFM         19.7885 -> 19.816
24167,9 fw PLH.static      ADJMBEDDHLB         23.8619 -> 23.8667
24172,3 fw Controll.static GIPNIMALPEG          0.6771 -> 0.6393
24172,3 fw PLH.static      ADJMBEDDHLB         23.8667 -> 23.8778
24172,3 fw PLH.static      CFIMEAFDJFM          19.816 -> 19.8321
24182,1 fw PLH.static      ADJMBEDDHLB         23.8778 -> 23.8823
24182,1 fw PLH.static      CFIMEAFDJFM         19.8321 -> 19.8366
24187,3 fw PLH.static      ADJMBEDDHLB         23.8823 -> 23.8921
24197,4 fw PLH.static      ADJMBEDDHLB         23.8921 -> 23.8973
24202,6 fw Controll.static MKFDGFOCKNO         23.8501 -> 23.9001
24202,6 fw Controll.static LEKCBKLAILO         23.9001 -> 23.9501
24202,6 fw Controll.static OFJKHAFJIMA          0.0114 -> 0.0067
24202,7 fw PLH.static      ADJMBEDDHLB         23.8973 -> 23.9074
24202,7 fw PLH.static      CFIMEAFDJFM         19.8366 -> 19.8604
24211,2 fw PLH.static      ADJMBEDDHLB         23.9074 -> 23.9126
24211,2 fw PLH.static      CFIMEAFDJFM         19.8604 -> 19.867
24219,0 fw Controll.static GIPNIMALPEG          0.6393 -> 0.5733
24219,0 fw PLH.static      ADJMBEDDHLB         23.9126 -> 23.9211
24224,5 fw PLH.static      ADJMBEDDHLB         23.9211 -> 23.9289
24234,3 fw PLH.static      ADJMBEDDHLB         23.9289 -> 23.9344
24234,3 fw PLH.static      CFIMEAFDJFM          19.867 -> 19.8888
24239,7 fw PLH.static      ADJMBEDDHLB         23.9344 -> 23.9442
24251,3 fw Controll.static MKFDGFOCKNO         23.9001 -> 23.9501
24251,3 fw Controll.static LEKCBKLAILO         23.9501 -> 24.0001
24251,3 fw Controll.static OFJKHAFJIMA          0.0067 -> 0.0107
24251,3 fw PLH.static      ADJMBEDDHLB         23.9442 -> 23.9497
24251,3 fw PLH.static      CFIMEAFDJFM         19.8888 -> 19.9032
24254,9 fw PLH.static      ADJMBEDDHLB         23.9497 -> 23.9613
24254,9 fw PLH.static      CFIMEAFDJFM         19.9032 -> 19.9153
24268,6 fw Controll.static GIPNIMALPEG          0.5733 -> 0.5649
24268,7 fw PLH.static      ADJMBEDDHLB         23.9613 -> 23.9649
24271,6 fw PLH.static      ADJMBEDDHLB         23.9649 -> 23.9786
24271,6 fw PLH.static      CFIMEAFDJFM         19.9153 -> 19.9322
24284,7 fw PLH.static      ADJMBEDDHLB         23.9786 -> 23.9815
24287,9 fw PLH.static      ADJMBEDDHLB         23.9815 -> 23.9946
24287,9 fw PLH.static      CFIMEAFDJFM         19.9322 -> 19.9483
24301,4 fw Controll.static MKFDGFOCKNO         23.9501 -> 24.0001
24301,4 fw Controll.static LEKCBKLAILO         24.0001 -> 24.0501
24301,4 fw Controll.static OFJKHAFJIMA          0.0107 -> 0.0109
24301,5 fw PLH.static      ADJMBEDDHLB         23.9946 -> 23.9978
24304,3 fw PLH.static      ADJMBEDDHLB         23.9978 -> 24.0114
24319,0 fw Controll.static GIPNIMALPEG          0.5649 -> 0.5727
24319,0 fw PLH.static      ADJMBEDDHLB         24.0114 -> 24.0142
24322,0 fw PLH.static      ADJMBEDDHLB         24.0142 -> 24.0289
24333,9 fw PLH.static      ADJMBEDDHLB         24.0289 -> 24.0319
24338,9 fw PLH.static      ADJMBEDDHLB         24.0319 -> 24.0438
24348,1 fw Controll.static MKFDGFOCKNO         24.0001 -> 24.0501
24348,1 fw Controll.static LEKCBKLAILO         24.0501 -> 24.1001
24348,1 fw Controll.static OFJKHAFJIMA          0.0109 -> 0.0075
24348,1 fw PLH.static      ADJMBEDDHLB         24.0438 -> 24.0491
24354,7 fw PLH.static      ADJMBEDDHLB         24.0491 -> 24.0581
24363,7 fw Controll.static GIPNIMALPEG          0.5727 -> 0.4642
24363,7 fw PLH.static      ADJMBEDDHLB         24.0581 -> 24.0647
24369,4 fw PLH.static      ADJMBEDDHLB         24.0647 -> 24.0737
24378,6 fw PLH.static      ADJMBEDDHLB         24.0737 -> 24.0793
24385,4 fw PLH.static      ADJMBEDDHLB         24.0793 -> 24.0885
24393,8 fw Controll.static MKFDGFOCKNO         24.0501 -> 24.1001
24393,8 fw Controll.static LEKCBKLAILO         24.1001 -> 24.1501
24393,8 fw Controll.static OFJKHAFJIMA          0.0075 -> 0.0033
24393,8 fw PLH.static      ADJMBEDDHLB         24.0885 -> 24.0953
24401,8 fw PLH.static      ADJMBEDDHLB         24.0953 -> 24.1038
24406,6 fw PLH.static      ADJMBEDDHLB         24.1038 -> 24.1117
24418,0 fw Controll.static GIPNIMALPEG          0.4642 -> 0.5536
24418,0 fw PLH.static      ADJMBEDDHLB         24.1117 -> 24.1165
24421,2 fw PLH.static      ADJMBEDDHLB         24.1165 -> 24.128
24433,9 fw PLH.static      ADJMBEDDHLB          24.128 -> 24.1312
24438,7 fw PLH.static      ADJMBEDDHLB         24.1312 -> 24.1438
24438,7 fw PLH.static      CFIMEAFDJFM         19.9483 -> 20.0981
24451,0 fw player          APFNBGHAJMD               1 -> 0
24451,0 fw Controll.static OFJKHAFJIMA          0.0033 -> 0.0104
24451,1 fw PLH.static      ADJMBEDDHLB         24.1438 -> 24.1486
24451,1 fw PLH.static      CFIMEAFDJFM         20.0981 -> 20.1024
24455,1 fw PLH.static      ADJMBEDDHLB         24.1486 -> 24.161
24455,1 fw PLH.static      CFIMEAFDJFM         20.1024 -> 20.1149
24467,9 fw Controll.static GIPNIMALPEG          0.5536 -> 0.551
24467,9 fw PLH.static      ADJMBEDDHLB          24.161 -> 24.165
24467,9 fw PLH.static      CFIMEAFDJFM         20.1149 -> 20.1194
24471,5 fw PLH.static      ADJMBEDDHLB          24.165 -> 24.1779
24471,5 fw PLH.static      CFIMEAFDJFM         20.1194 -> 20.1315
24484,3 fw player          APFNBGHAJMD               0 -> 1
24484,3 fw PLH.static      ADJMBEDDHLB         24.1779 -> 24.1814
24487,2 fw PLH.static      ADJMBEDDHLB         24.1814 -> 24.1942
24487,2 fw PLH.static      CFIMEAFDJFM         20.1315 -> 20.148
24501,0 fw Controll.static MKFDGFOCKNO         24.1001 -> 24.2001
24501,0 fw Controll.static LEKCBKLAILO         24.1501 -> 24.2501
24501,0 fw PLH.static      ADJMBEDDHLB         24.1942 -> 24.1971
24504,5 fw PLH.static      ADJMBEDDHLB         24.1971 -> 24.2109
24504,5 fw PLH.static      CFIMEAFDJFM          20.148 -> 20.1644
24518,1 fw Controll.static GIPNIMALPEG           0.551 -> 0.5562
24518,2 fw PLH.static      ADJMBEDDHLB         24.2109 -> 24.2145
24521,1 fw PLH.static      ADJMBEDDHLB         24.2145 -> 24.2281
24533,5 fw PLH.static      ADJMBEDDHLB         24.2281 -> 24.231
24538,1 fw PLH.static      ADJMBEDDHLB          24.231 -> 24.2434
24538,1 fw PLH.static      CFIMEAFDJFM         20.1644 -> 20.1978
24547,3 fw Controll.static MKFDGFOCKNO         24.2001 -> 24.2501
24547,3 fw Controll.static LEKCBKLAILO         24.2501 -> 24.3001
24547,3 fw Controll.static OFJKHAFJIMA          0.0104 -> 0.0066
24547,4 fw PLH.static      ADJMBEDDHLB         24.2434 -> 24.248
24554,0 fw PLH.static      ADJMBEDDHLB          24.248 -> 24.2573
24564,7 fw Controll.static GIPNIMALPEG          0.5562 -> 0.4849
24564,8 fw PLH.static      ADJMBEDDHLB         24.2573 -> 24.264
24564,8 fw PLH.static      CFIMEAFDJFM         20.1978 -> 20.2182
24570,0 fw PLH.static      ADJMBEDDHLB          24.264 -> 24.2748
24570,0 fw PLH.static      CFIMEAFDJFM         20.2182 -> 20.2279
24580,2 fw PLH.static      ADJMBEDDHLB         24.2748 -> 24.28
24585,9 fw PLH.static      ADJMBEDDHLB           24.28 -> 24.2901
24585,9 fw PLH.static      CFIMEAFDJFM         20.2279 -> 20.2438
24594,0 ==== FIELDWATCH OFF ====
