# Blockpost room-protocol capture, started 2026-08-23 14:22:05
# tx: <ms> tx hdr=0xNN op=0xNN <name> : <fields>    rx: <ms> rx len=N <hex>
17013,4 ==== FIELDWATCH ON ====
17026,1 # net: TcpClient.Connected = True
17041,3 # fieldwatch player: 51 numeric fields, 6 arrays (GPBAJMJILMA,JNBMIDFBOHD,JPDHFNADBKI,GDEMINMDJAC,DDKPBGMMNIA,PPOOANLEBNI) on KBBBHJDINCB
17041,4 # fieldwatch Controll.static: 74 numeric fields, 1 arrays (DDOHELGGICN) on Controll
17041,6 # fieldwatch Controll: 28 numeric fields, 0 arrays () on Controll
17043,6 # fieldwatch weapon: 3 numeric fields, 0 arrays () on CGJPBNDDPIN
17044,3 # fieldwatch activeEntry: 8 numeric fields, 1 arrays (COAAKMDBKJM) on FPNENMKEFBB
17075,3 fw player          BDHNEDFEHBA             448 -> 384
17081,1 fw Controll.static MKFDGFOCKNO         16.7839 -> 16.8339
17081,1 fw Controll.static LEKCBKLAILO         16.8339 -> 16.8839
17081,1 fw Controll.static OFJKHAFJIMA          0.0322 -> 0.0041
17092,6 fw Controll.static GIPNIMALPEG          0.8245 -> 0.3146
17132,1 fw player          HIDMDLLHEKO               4 -> 0
17132,1 fw Controll.static GIPNIMALPEG          0.3146 -> 0.1059
17143,2 fw Controll.static MKFDGFOCKNO         16.8339 -> 16.8839
17143,2 fw Controll.static LEKCBKLAILO         16.8839 -> 16.9339
17143,2 fw Controll.static OFJKHAFJIMA          0.0041 -> 0.0051
17157,8 fw Controll.static GIPNIMALPEG          0.1059 -> 0.6195
17157,8 fw Controll.static NAKNALFCOIF        219.5999 -> 219.7499
17176,1 fw Controll.static GIPNIMALPEG          0.6195 -> 0.9858
17176,1 fw Controll.static NAKNALFCOIF        219.7499 -> 220.4999
17176,1 fw Controll.static IGLCENGMMMJ            9.45 -> 9.6
17192,7 fw Controll.static MKFDGFOCKNO         16.8839 -> 16.9339
17192,7 fw Controll.static LEKCBKLAILO         16.9339 -> 16.9839
17192,7 fw Controll.static OFJKHAFJIMA          0.0051 -> 0.0142
17205,9 fw Controll.static GIPNIMALPEG          0.9858 -> 0.582
17205,9 fw Controll.static LCMOBPPHLLM           0.485 -> 0
17205,9 fw Controll.static NAKNALFCOIF        220.4999 -> 221.3999
17224,9 fw Controll.static GIPNIMALPEG           0.582 -> 0.9615
17224,9 fw Controll.static NAKNALFCOIF        221.3999 -> 222.1499
17240,4 fw Controll.static MKFDGFOCKNO         16.9339 -> 16.9839
17240,4 fw Controll.static LEKCBKLAILO         16.9839 -> 17.0339
17240,4 fw Controll.static OFJKHAFJIMA          0.0142 -> 0.0099
17255,6 fw Controll.static GIPNIMALPEG          0.9615 -> 0.5765
17258,3 fw Controll.static NAKNALFCOIF        222.1499 -> 225.4499
17273,3 fw Controll.static GIPNIMALPEG          0.5765 -> 0.9292
17281,3 fw Controll.static NAKNALFCOIF        225.4499 -> 228.8999
17285,8 fw Controll.static MKFDGFOCKNO         16.9839 -> 17.0339
17285,8 fw Controll.static LEKCBKLAILO         17.0339 -> 17.0839
17285,8 fw Controll.static OFJKHAFJIMA          0.0099 -> 0.0044
17295,8 fw Controll.static GIPNIMALPEG          0.9292 -> 0.38
17298,3 fw player          ACAIGMNLLEC             156 -> 157
17298,3 fw player          CLOEJLAOIGI               1 -> 0
17298,3 fw player          HEADELMLILF               0 -> 1
17298,3 fw Controll.static NAKNALFCOIF        228.8999 -> 230.5499
17312,7 fw Controll.static GIPNIMALPEG            0.38 -> 0.7167
17323,3 fw Controll.static NAKNALFCOIF        230.5499 -> 231.8999
17329,4 fw Controll.static MKFDGFOCKNO         17.0339 -> 17.0839
17329,4 fw Controll.static LEKCBKLAILO         17.0839 -> 17.1339
17329,4 fw Controll.static OFJKHAFJIMA          0.0044 -> 0.0024
17344,0 fw Controll.static MNHBPCOOMLE         1570723 -> 1572730
17344,0 fw Controll.static GIPNIMALPEG          0.7167 -> 0.343
17349,6 fw Controll.static NAKNALFCOIF        231.8999 -> 232.3499
17349,6 fw Controll        MJPKOOHJOPA               0 -> 12.5319
17360,6 fw Controll.static GLGCAOADGMN               0 -> 1
17364,8 fw Controll.static GIPNIMALPEG           0.343 -> 0.7596
17374,2 fw player          ACAIGMNLLEC             157 -> 158
17377,7 fw Controll.static MKFDGFOCKNO         17.0839 -> 17.1339
17377,7 fw Controll.static LEKCBKLAILO         17.1339 -> 17.1839
17377,7 fw Controll.static OFJKHAFJIMA          0.0024 -> 0.0007
17388,4 fw player          ACAIGMNLLEC             158 -> 162
17391,0 fw Controll.static GIPNIMALPEG          0.7596 -> 0.2842
17391,1 fw Controll.static DGNDKAKOEPD         1571560 -> 1572563
17391,1 fw Controll.static BEJBLGGGOCC       339150931 -> 339151926
17391,1 fw Controll.static JELGPAKAJPE              94 -> 93
17391,1 fw Controll.static EENJPDHGGGC         16.1288 -> 17.1315
17401,5 fw Controll.static GLGCAOADGMN               1 -> 0
17414,1 fw Controll.static GIPNIMALPEG          0.2842 -> 0.7454
17434,7 fw Controll.static GIPNIMALPEG          0.7454 -> 0.1565
17449,3 fw Controll.static MKFDGFOCKNO         17.1339 -> 17.184
17449,3 fw Controll.static LEKCBKLAILO         17.1839 -> 17.234
17449,3 fw Controll.static OFJKHAFJIMA          0.0007 -> 0.0075
17455,0 fw player          ACAIGMNLLEC             162 -> 165
17455,0 fw Controll.static GIPNIMALPEG          0.1565 -> 0.5638
17478,0 fw Controll.static GIPNIMALPEG          0.5638 -> 0.0226
17492,2 fw player          HEADELMLILF               1 -> 0
17492,2 fw Controll.static MKFDGFOCKNO          17.184 -> 17.234
17492,2 fw Controll.static LEKCBKLAILO          17.234 -> 17.284
17492,2 fw Controll.static OFJKHAFJIMA          0.0075 -> 0.001
17495,0 fw Controll.static GIPNIMALPEG          0.0226 -> 0.3633
17506,8 fw Controll.static IGLCENGMMMJ             9.6 -> 9.75
17520,9 fw Controll.static GIPNIMALPEG          0.3633 -> 0.8814
17523,5 fw Controll.static NAKNALFCOIF        232.3499 -> 232.4999
17523,5 fw Controll.static IGLCENGMMMJ            9.75 -> 9.9
17535,8 fw Controll.static MKFDGFOCKNO          17.234 -> 17.284
17535,8 fw Controll.static LEKCBKLAILO          17.284 -> 17.334
17535,8 fw Controll.static OFJKHAFJIMA           0.001 -> 0.0087
17539,4 fw Controll.static GIPNIMALPEG          0.8814 -> 0.2516
17551,6 fw Controll.static NAKNALFCOIF        232.4999 -> 232.9499
17551,6 fw Controll.static IGLCENGMMMJ             9.9 -> 10.95
17551,6 fw Controll.static BFEOOOMMGLK               0 -> 1
17551,6 fw Controll        MJPKOOHJOPA         12.5319 -> 12.7417
17555,6 fw Controll.static GLGCAOADGMN               0 -> 1
17567,0 fw Controll.static MNHBPCOOMLE         1572730 -> 1572939
17567,0 fw Controll.static GIPNIMALPEG          0.2516 -> 0.8019
17572,6 fw Controll.static BFEOOOMMGLK               1 -> 0
17580,8 fw Controll.static GLGCAOADGMN               1 -> 0
17580,9 fw Controll.static MKFDGFOCKNO          17.284 -> 17.334
17580,9 fw Controll.static LEKCBKLAILO          17.334 -> 17.384
17580,9 fw Controll.static OFJKHAFJIMA          0.0087 -> 0.0039
17588,5 fw Controll.static GIPNIMALPEG          0.8019 -> 0.2334
17594,7 fw Controll.static NAKNALFCOIF        232.9499 -> 233.2499
17607,6 fw Controll.static GIPNIMALPEG          0.2334 -> 0.6141
17625,9 fw Controll.static GIPNIMALPEG          0.6141 -> 0.982
17642,9 fw Controll.static MKFDGFOCKNO          17.334 -> 17.384
17642,9 fw Controll.static LEKCBKLAILO          17.384 -> 17.434
17642,9 fw Controll.static OFJKHAFJIMA          0.0039 -> 0.013
17658,8 fw player          LNIDBHIAJJI               6 -> 7
17658,8 fw Controll.static GIPNIMALPEG           0.982 -> 0.6388
17689,4 fw Controll.static GIPNIMALPEG          0.6388 -> 0.25
17689,4 fw Controll.static NAKNALFCOIF        233.2499 -> 233.6999
17689,4 fw Controll.static IGLCENGMMMJ           10.95 -> 11.1
17704,1 fw Controll.static MKFDGFOCKNO          17.384 -> 17.434
17704,1 fw Controll.static LEKCBKLAILO          17.434 -> 17.484
17704,1 fw Controll.static OFJKHAFJIMA           0.013 -> 0.0123
17707,7 fw Controll.static GIPNIMALPEG            0.25 -> 0.6177
17707,8 fw Controll.static NAKNALFCOIF        233.6999 -> 233.8499
17707,8 fw Controll.static IGLCENGMMMJ            11.1 -> 11.25
17731,3 fw Controll.static GIPNIMALPEG          0.6177 -> 0.0883
17731,3 fw Controll.static NAKNALFCOIF        233.8499 -> 233.9999
17731,3 fw Controll.static IGLCENGMMMJ           11.25 -> 11.4
17743,6 fw Controll.static MKFDGFOCKNO          17.434 -> 17.484
17743,6 fw Controll.static LEKCBKLAILO          17.484 -> 17.534
17743,6 fw Controll.static OFJKHAFJIMA          0.0123 -> 0.0042
17751,8 fw Controll.static GIPNIMALPEG          0.0883 -> 0.4984
17751,8 fw Controll.static NAKNALFCOIF        233.9999 -> 234.1499
17756,9 fw player          LNIDBHIAJJI               7 -> 6
17772,2 fw Controll.static GIPNIMALPEG          0.4984 -> 0.906
17782,9 fw Controll.static EPEEFBDJAHO               0 -> 1
17782,9 fw Controll.static JEOINCHFPCC               0 -> -1
17782,9 fw Controll.static BFEOOOMMGLK               0 -> 1
17782,9 fw Controll.static GLGCAOADGMN               0 -> 1
17782,9 fw Controll        MJPKOOHJOPA         12.7417 -> 12.9733
17788,3 fw Controll.static MKFDGFOCKNO          17.484 -> 17.534
17788,4 fw Controll.static LEKCBKLAILO          17.534 -> 17.584
17788,4 fw Controll.static OFJKHAFJIMA          0.0042 -> 0.0059
17798,2 fw Controll.static MNHBPCOOMLE         1572939 -> 1573171
17798,2 fw Controll.static GIPNIMALPEG           0.906 -> 0.4271
17798,3 fw Controll.static LCMOBPPHLLM               0 -> 0.485
17804,1 fw player          LNIDBHIAJJI               6 -> 7
17804,1 fw player          ACAIGMNLLEC             165 -> 166
17804,1 fw player          HEADELMLILF               0 -> 1
17804,1 fw Controll.static NAKNALFCOIF        234.1499 -> 234.4499
17804,1 fw Controll.static BFEOOOMMGLK               1 -> 0
17815,7 fw Controll.static GIPNIMALPEG          0.4271 -> 0.776
17826,2 fw Controll.static NAKNALFCOIF        234.4499 -> 234.5999
17826,2 fw Controll.static IGLCENGMMMJ            11.4 -> 11.55
17830,3 fw Controll.static MKFDGFOCKNO          17.534 -> 17.584
17830,3 fw Controll.static LEKCBKLAILO          17.584 -> 17.634
17830,3 fw Controll.static OFJKHAFJIMA          0.0059 -> 0.0032
17839,7 fw player          FGFKPMPLNKO          11.934 -> 13.1978
17839,8 fw Controll.static GIPNIMALPEG           0.776 -> 0.2572
17846,0 fw Controll.static NAKNALFCOIF        234.5999 -> 235.0499
17846,0 fw Controll.static IGLCENGMMMJ           11.55 -> 12.15
17857,0 fw player          HEADELMLILF               1 -> 0
17857,0 fw Controll.static GLGCAOADGMN               1 -> 0
17860,5 fw Controll.static GIPNIMALPEG          0.2572 -> 0.673
17871,8 fw Controll.static NAKNALFCOIF        235.0499 -> 235.7999
17871,8 fw Controll.static IGLCENGMMMJ           12.15 -> 12.75
17886,7 fw Controll.static GIPNIMALPEG           0.673 -> 0.1968
17890,5 fw player          HIDMDLLHEKO               0 -> 1
17890,5 fw Controll.static NAKNALFCOIF        235.7999 -> 235.9499
17899,4 fw player          CLOEJLAOIGI               0 -> 1
17899,4 fw Controll.static MKFDGFOCKNO          17.584 -> 17.634
17899,4 fw Controll.static LEKCBKLAILO          17.634 -> 17.684
17899,4 fw Controll.static OFJKHAFJIMA          0.0032 -> 0.0097
17905,3 fw Controll.static GIPNIMALPEG          0.1968 -> 0.5679
17913,5 fw Controll.static NAKNALFCOIF        235.9499 -> 236.0999
17913,5 fw Controll.static IGLCENGMMMJ           12.75 -> 12.9
17932,3 fw Controll.static GIPNIMALPEG          0.5679 -> 0.1077
17941,6 fw Controll.static MKFDGFOCKNO          17.634 -> 17.684
17941,6 fw Controll.static LEKCBKLAILO          17.684 -> 17.734
17945,6 fw Controll.static OFJKHAFJIMA          0.0097 -> 0.0051
17957,8 fw Controll.static GIPNIMALPEG          0.1077 -> 0.6178
17957,8 fw Controll.static NAKNALFCOIF        236.0999 -> 236.5499
17957,8 fw Controll.static IGLCENGMMMJ            12.9 -> 13.35
17975,4 fw Controll.static GIPNIMALPEG          0.6178 -> 0.9706
17975,4 fw Controll.static NAKNALFCOIF        236.5499 -> 236.8499
17975,4 fw Controll.static IGLCENGMMMJ           13.35 -> 13.8
17988,2 fw Controll.static BFEOOOMMGLK               0 -> 1
17988,2 fw Controll.static GLGCAOADGMN               0 -> 1
17988,2 fw Controll        MJPKOOHJOPA         12.9733 -> 13.1797
17991,8 fw Controll.static MKFDGFOCKNO          17.684 -> 17.734
17991,8 fw Controll.static LEKCBKLAILO          17.734 -> 17.784
17991,8 fw Controll.static OFJKHAFJIMA          0.0051 -> 0.0111
18002,6 fw Controll.static MNHBPCOOMLE         1573171 -> 1573375
18002,6 fw Controll.static GIPNIMALPEG          0.9706 -> 0.5145
18002,6 fw Controll.static NAKNALFCOIF        236.8499 -> 237.8999
18002,6 fw Controll.static IGLCENGMMMJ            13.8 -> 14.55
18007,2 fw player          LNIDBHIAJJI               7 -> 8
18007,2 fw player          ACAIGMNLLEC             166 -> 167
18007,2 fw player          HEADELMLILF               0 -> 1
18007,2 fw Controll.static BFEOOOMMGLK               1 -> 0
18007,2 fw Controll.static GLGCAOADGMN               1 -> 0
18023,3 fw Controll.static GIPNIMALPEG          0.5145 -> 0.927
18023,3 fw Controll.static NAKNALFCOIF        237.8999 -> 239.0999
18023,3 fw Controll.static IGLCENGMMMJ           14.55 -> 14.85
18038,4 fw Controll.static MKFDGFOCKNO          17.734 -> 17.784
18038,4 fw Controll.static LEKCBKLAILO          17.784 -> 17.834
18038,4 fw Controll.static OFJKHAFJIMA          0.0111 -> 0.0061
18047,7 fw Controll.static GIPNIMALPEG           0.927 -> 0.416
18047,7 fw Controll.static NAKNALFCOIF        239.0999 -> 240.8999
18054,5 fw player          HEADELMLILF               1 -> 0
18066,9 fw Controll.static GIPNIMALPEG           0.416 -> 0.7993
18074,1 fw Controll.static NAKNALFCOIF        240.8999 -> 242.5499
18080,9 fw Controll.static MKFDGFOCKNO          17.784 -> 17.834
18080,9 fw Controll.static LEKCBKLAILO          17.834 -> 17.884
18080,9 fw Controll.static OFJKHAFJIMA          0.0061 -> 0.0038
18089,4 fw Controll.static GIPNIMALPEG          0.7993 -> 0.2503
18093,5 fw Controll.static NAKNALFCOIF        242.5499 -> 243.8999
18093,5 fw Controll.static IGLCENGMMMJ           14.85 -> 14.4
18104,5 fw player          HEADELMLILF               0 -> 1
18110,2 fw player          HOJIIOCKKLO              -1 -> 1
18110,2 fw player          LNIDBHIAJJI               8 -> 9
18110,2 fw Controll.static GIPNIMALPEG          0.2503 -> 0.6658
18119,0 fw player          ACAIGMNLLEC             167 -> 168
18119,0 fw Controll.static NAKNALFCOIF        243.8999 -> 245.3999
18119,0 fw Controll.static IGLCENGMMMJ            14.4 -> 14.1
18132,8 fw Controll.static GIPNIMALPEG          0.6658 -> 0.1163
18137,4 fw Controll.static NAKNALFCOIF        245.3999 -> 246.7499
18137,4 fw Controll.static IGLCENGMMMJ            14.1 -> 13.8
18145,6 fw player          ACAIGMNLLEC             168 -> 170
18145,6 fw Controll.static MKFDGFOCKNO          17.834 -> 17.8841
18145,6 fw Controll.static LEKCBKLAILO          17.884 -> 17.9341
18145,6 fw Controll.static OFJKHAFJIMA          0.0038 -> 0.0055
18154,6 fw Controll.static GIPNIMALPEG          0.1163 -> 0.552
18157,9 fw Controll.static NAKNALFCOIF        246.7499 -> 250.1999
18157,9 fw Controll.static IGLCENGMMMJ            13.8 -> 13.2
18173,2 fw Controll.static GIPNIMALPEG           0.552 -> 0.9251
18187,1 fw Controll.static NAKNALFCOIF        250.1999 -> 253.6499
18187,1 fw Controll.static IGLCENGMMMJ            13.2 -> 12.45
18191,3 fw player          ACAIGMNLLEC             170 -> 172
18191,3 fw Controll.static MKFDGFOCKNO         17.8841 -> 17.9341
18191,3 fw Controll.static LEKCBKLAILO         17.9341 -> 17.9841
18191,3 fw Controll.static OFJKHAFJIMA          0.0055 -> 0.0098
18206,3 fw Controll.static GIPNIMALPEG          0.9251 -> 0.5876
18206,3 fw Controll.static NAKNALFCOIF        253.6499 -> 255.5999
18206,3 fw Controll.static IGLCENGMMMJ           12.45 -> 12.15
18239,3 fw Controll.static GIPNIMALPEG          0.5876 -> 0.2471
18239,3 fw Controll.static NAKNALFCOIF        255.5999 -> 256.7999
18239,3 fw Controll        MJPKOOHJOPA         13.1797 -> 13.4289
18242,2 fw Controll.static GLGCAOADGMN               0 -> 1
18255,1 fw player          ACAIGMNLLEC             172 -> 174
18255,1 fw Controll.static MKFDGFOCKNO         17.9341 -> 17.9841
18255,1 fw Controll.static LEKCBKLAILO         17.9841 -> 18.0341
18255,1 fw Controll.static OFJKHAFJIMA          0.0098 -> 0.0123
18258,9 fw Controll.static MNHBPCOOMLE         1573375 -> 1573627
18258,9 fw Controll.static GIPNIMALPEG          0.2471 -> 0.6381
18258,9 fw Controll.static NAKNALFCOIF        256.7999 -> 257.3999
18286,5 fw Controll.static GIPNIMALPEG          0.6381 -> 0.1897
18286,5 fw Controll.static NAKNALFCOIF        257.3999 -> 259.4999
18286,5 fw Controll.static IGLCENGMMMJ           12.15 -> 12
18303,3 fw player          LNIDBHIAJJI               9 -> 8
18303,3 fw player          ACAIGMNLLEC             174 -> 180
18303,3 fw Controll.static MKFDGFOCKNO         17.9841 -> 18.0341
18303,4 fw Controll.static LEKCBKLAILO         18.0341 -> 18.0841
18303,4 fw Controll.static OFJKHAFJIMA          0.0123 -> 0.0093
18306,3 fw player          FGFKPMPLNKO         13.1978 -> 13.6646
18306,3 fw Controll.static GIPNIMALPEG          0.1897 -> 0.586
18306,3 fw Controll.static NAKNALFCOIF        259.4999 -> 261.4499
18306,3 fw Controll.static IGLCENGMMMJ              12 -> 11.55
18319,4 fw Controll.static GLGCAOADGMN               1 -> 0
18336,4 fw Controll.static GIPNIMALPEG           0.586 -> 0.1887
18336,4 fw Controll.static NAKNALFCOIF        261.4499 -> 265.6499
18340,6 fw Controll.static IGLCENGMMMJ           11.55 -> 10.5
18352,6 fw player          ACAIGMNLLEC             180 -> 182
18352,7 fw Controll.static MKFDGFOCKNO         18.0341 -> 18.0841
18352,7 fw Controll.static LEKCBKLAILO         18.0841 -> 18.1341
18358,5 fw Controll.static GIPNIMALPEG          0.1887 -> 0.6306
18371,2 fw Controll.static NAKNALFCOIF        265.6499 -> 268.3499
18371,2 fw Controll.static IGLCENGMMMJ            10.5 -> 10.2
18389,2 fw Controll.static GIPNIMALPEG          0.6306 -> 0.2415
18394,0 fw Controll.static NAKNALFCOIF        268.3499 -> 269.2499
18394,0 fw Controll.static IGLCENGMMMJ            10.2 -> 10.05
18394,0 fw Controll.static DGNDKAKOEPD         1572563 -> 1573578
18394,0 fw Controll.static BEJBLGGGOCC       339151926 -> 339152941
18394,0 fw Controll.static JELGPAKAJPE              93 -> 104
18394,0 fw Controll.static EENJPDHGGGC         17.1315 -> 18.1465
18406,6 fw Controll.static MKFDGFOCKNO         18.0841 -> 18.1341
18406,6 fw Controll.static LEKCBKLAILO         18.1341 -> 18.1841
18406,6 fw Controll.static OFJKHAFJIMA          0.0093 -> 0.0117
18412,0 fw player          LNIDBHIAJJI               8 -> 7
18412,0 fw player          ACAIGMNLLEC             182 -> 184
18412,0 fw Controll.static GIPNIMALPEG          0.2415 -> 0.7005
18425,2 fw Controll.static NAKNALFCOIF        269.2499 -> 270.1499
18430,0 fw Controll.static MKFDGFOCKNO         18.1341 -> 18.1841
18430,0 fw Controll.static LEKCBKLAILO         18.1841 -> 18.2341
18430,0 fw Controll.static OFJKHAFJIMA          0.0117 -> 0.0028
18441,0 fw Controll.static GIPNIMALPEG          0.7005 -> 0.2797
18445,3 fw player          LNIDBHIAJJI               7 -> 6
18445,3 fw player          ACAIGMNLLEC             184 -> 188
18445,3 fw Controll.static NAKNALFCOIF        270.1499 -> 271.65
18445,3 fw Controll.static IGLCENGMMMJ           10.05 -> 10.35
18463,5 fw Controll.static GIPNIMALPEG          0.2797 -> 0.7309
18475,5 fw Controll.static NAKNALFCOIF          271.65 -> 272.8499
18475,5 fw Controll.static IGLCENGMMMJ           10.35 -> 10.5
18481,8 fw Controll.static DJACNOGOCKD               0 -> 1
18481,8 fw Controll.static MKFDGFOCKNO         18.1841 -> 18.2341
18481,8 fw Controll.static LEKCBKLAILO         18.2341 -> 18.2841
18481,8 fw Controll.static OFJKHAFJIMA          0.0028 -> 0.0047
18492,4 fw Controll.static FBINCNDDPAO               0 -> 13.3728
18492,4 fw Controll.static ILGHFLMKMCO               0 -> 15.3728
18492,4 fw Controll.static JADIDAJFOGK               0 -> 0.48
18492,4 fw Controll.static GIPNIMALPEG          0.7309 -> 0.3071
18497,2 fw player          ACAIGMNLLEC             188 -> 191
18497,3 fw Controll.static NAKNALFCOIF        272.8499 -> 274.8
18531,7 fw Controll.static GIPNIMALPEG          0.3071 -> 0.0923
18531,7 fw Controll.static NAKNALFCOIF           274.8 -> 277.5
18531,7 fw Controll.static IGLCENGMMMJ            10.5 -> 10.2
18536,8 fw Controll.static MKFDGFOCKNO         18.2341 -> 18.2842
18536,8 fw Controll.static LEKCBKLAILO         18.2841 -> 18.3342
18549,3 fw player          ACAIGMNLLEC             191 -> 192
18549,3 fw Controll.static OFJKHAFJIMA          0.0047 -> 0.0042
18555,2 fw Controll.static GIPNIMALPEG          0.0923 -> 0.5627
18555,2 fw Controll.static NAKNALFCOIF           277.5 -> 278.85
18555,2 fw Controll.static IGLCENGMMMJ            10.2 -> 9.9
18572,4 fw player          HOJIIOCKKLO               1 -> -1
18586,1 fw Controll.static GIPNIMALPEG          0.5627 -> 0.1803
18586,1 fw Controll.static NAKNALFCOIF          278.85 -> 279.9
18604,7 fw player          LNIDBHIAJJI               6 -> 7
18604,7 fw player          ACAIGMNLLEC             192 -> 194
18604,8 fw Controll.static MKFDGFOCKNO         18.2842 -> 18.3342
18604,8 fw Controll.static LEKCBKLAILO         18.3342 -> 18.3842
18604,8 fw Controll.static OFJKHAFJIMA          0.0042 -> 0.0087
18610,8 fw Controll.static GIPNIMALPEG          0.1803 -> 0.6755
18610,8 fw Controll.static NAKNALFCOIF           279.9 -> 280.6499
18642,1 fw player          ACAIGMNLLEC             194 -> 197
18642,2 fw Controll.static GIPNIMALPEG          0.6755 -> 0.3018
18642,2 fw Controll.static NAKNALFCOIF        280.6499 -> 282.1499
18642,2 fw Controll.static IGLCENGMMMJ             9.9 -> 10.05
18663,4 fw Controll.static MKFDGFOCKNO         18.3342 -> 18.3842
18663,4 fw Controll.static LEKCBKLAILO         18.3842 -> 18.4342
18663,4 fw Controll.static OFJKHAFJIMA          0.0087 -> 0.0149
18672,1 fw Controll.static GIPNIMALPEG          0.3018 -> 0.9018
18672,2 fw Controll.static NAKNALFCOIF        282.1499 -> 284.0999
18690,3 fw Controll.static MKFDGFOCKNO         18.3842 -> 18.4342
18690,3 fw Controll.static LEKCBKLAILO         18.4342 -> 18.4842
18690,3 fw Controll.static OFJKHAFJIMA          0.0149 -> 0.0056
18702,9 fw Controll.static GIPNIMALPEG          0.9018 -> 0.515
18709,2 fw player          ACAIGMNLLEC             197 -> 199
18709,2 fw Controll.static NAKNALFCOIF        284.0999 -> 287.0999
18709,2 fw Controll.static IGLCENGMMMJ           10.05 -> 9.6
18726,8 fw Controll.static GIPNIMALPEG           0.515 -> 0.994
18739,3 fw Controll.static NAKNALFCOIF        287.0999 -> 288.9
18739,3 fw Controll.static IGLCENGMMMJ             9.6 -> 8.85
18739,3 fw Controll.static JEOINCHFPCC              -1 -> 0
18762,6 fw player          ACAIGMNLLEC             199 -> 200
18762,6 fw Controll.static MKFDGFOCKNO         18.4342 -> 18.4842
18762,7 fw Controll.static LEKCBKLAILO         18.4842 -> 18.5342
18762,7 fw Controll.static OFJKHAFJIMA          0.0056 -> 0.012
18769,9 fw Controll.static GIPNIMALPEG           0.994 -> 0.8552
18780,2 fw Controll.static NAKNALFCOIF           288.9 -> 291.45
18780,2 fw Controll.static IGLCENGMMMJ            8.85 -> 8.1
18785,4 fw player          FGFKPMPLNKO         13.6646 -> 14.1373
18785,4 fw Controll.static MKFDGFOCKNO         18.4842 -> 18.5342
18785,4 fw Controll.static LEKCBKLAILO         18.5342 -> 18.5842
18785,4 fw Controll.static OFJKHAFJIMA           0.012 -> 0.003
18797,7 fw Controll.static GIPNIMALPEG          0.8552 -> 0.4107
18802,4 fw Controll.static NAKNALFCOIF          291.45 -> 292.8
18802,4 fw Controll.static IGLCENGMMMJ             8.1 -> 7.8
18814,8 fw player          ACAIGMNLLEC             200 -> 202
18820,1 fw Controll.static GIPNIMALPEG          0.4107 -> 0.8584
18832,2 fw Controll.static NAKNALFCOIF           292.8 -> 293.7
18832,2 fw Controll.static IGLCENGMMMJ             7.8 -> 7.65
18838,1 fw Controll.static MKFDGFOCKNO         18.5342 -> 18.5842
18838,1 fw Controll.static LEKCBKLAILO         18.5842 -> 18.6342
18838,1 fw Controll.static OFJKHAFJIMA           0.003 -> 0.0047
18853,1 fw Controll.static GIPNIMALPEG          0.8584 -> 0.5175
18857,8 fw Controll.static NAKNALFCOIF           293.7 -> 293.85
18869,9 fw player          LNIDBHIAJJI               7 -> 6
18874,4 fw player          ACAIGMNLLEC             202 -> 205
18887,1 fw Controll.static GIPNIMALPEG          0.5175 -> 0.1996
18887,1 fw Controll.static NAKNALFCOIF          293.85 -> 294.15
18892,3 fw Controll.static MKFDGFOCKNO         18.5842 -> 18.6343
18892,3 fw Controll.static LEKCBKLAILO         18.6342 -> 18.6843
18902,9 fw Controll.static OFJKHAFJIMA          0.0047 -> 0.0098
18909,9 fw player          LNIDBHIAJJI               6 -> 5
18909,9 fw player          ACAIGMNLLEC             205 -> 207
18909,9 fw Controll.static GIPNIMALPEG          0.1996 -> 0.6556
18909,9 fw Controll.static NAKNALFCOIF          294.15 -> 294.75
18927,5 fw Controll.static MKFDGFOCKNO         18.6343 -> 18.6843
18927,5 fw Controll.static LEKCBKLAILO         18.6843 -> 18.7343
18927,5 fw Controll.static OFJKHAFJIMA          0.0098 -> 0.0002
18937,8 fw Controll.static GIPNIMALPEG          0.6556 -> 0.2131
18937,8 fw Controll.static NAKNALFCOIF          294.75 -> 295.3499
18945,0 fw Controll.static GCHFDAPNBNB               0 -> 1
18945,0 fw Controll.static IPCNAHJLMAP               0 -> 1
18960,2 fw player          BDHNEDFEHBA             384 -> 448
18960,2 fw player          ACAIGMNLLEC             207 -> 208
18960,3 fw Controll.static GIPNIMALPEG          0.2131 -> 0.6625
18960,3 fw Controll.static NAKNALFCOIF        295.3499 -> 295.7999
18960,3 fw Controll.static IGLCENGMMMJ            7.65 -> 7.8
18988,6 fw Controll.static GIPNIMALPEG          0.6625 -> 0.2288
18993,0 fw Controll.static GCHFDAPNBNB               1 -> 0
19004,0 fw Controll.static IPCNAHJLMAP               1 -> 0
19004,0 fw Controll.static MKFDGFOCKNO         18.6843 -> 18.7343
19004,0 fw Controll.static LEKCBKLAILO         18.7343 -> 18.7843
19004,0 fw Controll.static OFJKHAFJIMA          0.0002 -> 0.0113
19010,6 fw Controll.static GIPNIMALPEG          0.2288 -> 0.6697
19021,1 fw player          ACAIGMNLLEC             208 -> 209
19025,8 fw player          HOJIIOCKKLO              -1 -> 1
19038,2 fw Controll.static GIPNIMALPEG          0.6697 -> 0.2207
19044,1 fw player          HIDMDLLHEKO               1 -> 4
19056,0 fw player          BDHNEDFEHBA             448 -> 384
19056,0 fw player          HEADELMLILF               1 -> 0
19056,1 fw Controll.static MKFDGFOCKNO         18.7343 -> 18.7843
19056,1 fw Controll.static LEKCBKLAILO         18.7843 -> 18.8343
19056,1 fw Controll.static OFJKHAFJIMA          0.0113 -> 0.0108
19060,8 fw Controll.static GIPNIMALPEG          0.2207 -> 0.6725
19078,6 fw Controll.static MKFDGFOCKNO         18.7843 -> 18.8343
19078,6 fw Controll.static LEKCBKLAILO         18.8343 -> 18.8843
19078,6 fw Controll.static OFJKHAFJIMA          0.0108 -> 0.0011
19090,3 fw Controll.static GIPNIMALPEG          0.6725 -> 0.2629
19111,9 fw Controll.static GIPNIMALPEG          0.2629 -> 0.6938
19122,4 fw player          HIDMDLLHEKO               4 -> 1
19122,4 fw player          ACAIGMNLLEC             209 -> 210
19122,4 fw player          HEADELMLILF               0 -> 1
19128,1 fw Controll.static IPCNAHJLMAP               0 -> 1
19128,1 fw Controll.static MKFDGFOCKNO         18.8343 -> 18.8843
19128,1 fw Controll.static LEKCBKLAILO         18.8843 -> 18.9343
19128,1 fw Controll.static OFJKHAFJIMA          0.0011 -> 0.0007
19137,3 fw Controll.static GIPNIMALPEG          0.6938 -> 0.2031
19154,4 fw Controll.static GCHFDAPNBNB               0 -> 1
19158,6 fw player          HEADELMLILF               1 -> 0
19158,6 fw Controll.static GIPNIMALPEG          0.2031 -> 0.6289
19192,9 fw Controll.static GIPNIMALPEG          0.6289 -> 0.3151
19203,1 fw Controll.static GCHFDAPNBNB               1 -> 0
19203,1 fw Controll.static IPCNAHJLMAP               1 -> 0
19203,2 fw Controll.static MKFDGFOCKNO         18.8843 -> 18.9343
19203,2 fw Controll.static LEKCBKLAILO         18.9343 -> 18.9843
19209,1 fw Controll.static OFJKHAFJIMA          0.0007 -> 0.009
19219,2 fw Controll.static GIPNIMALPEG          0.3151 -> 0.84
19236,7 fw Controll.static MKFDGFOCKNO         18.9343 -> 18.9843
19236,7 fw Controll.static LEKCBKLAILO         18.9843 -> 19.0343
19236,7 fw Controll.static OFJKHAFJIMA           0.009 -> 0.0093
19242,1 fw player          HIDMDLLHEKO               1 -> 4
19242,1 fw player          LBKINNIDKEC               1 -> 0
19242,1 fw player          BDHNEDFEHBA             384 -> 320
19242,2 fw Controll.static GIPNIMALPEG            0.84 -> 0.298
19254,2 fw player          FGFKPMPLNKO         14.1373 -> 14.6114
19270,1 fw Controll.static GIPNIMALPEG           0.298 -> 0.857
19285,8 fw Controll.static MKFDGFOCKNO         18.9843 -> 19.0343
19285,8 fw Controll.static LEKCBKLAILO         19.0343 -> 19.0843
19285,8 fw Controll.static OFJKHAFJIMA          0.0093 -> 0.0083
19291,1 fw Controll.static GIPNIMALPEG           0.857 -> 0.2778
19291,1 fw Controll.static NAKNALFCOIF        295.7999 -> 295.9499
19291,1 fw Controll.static IGLCENGMMMJ             7.8 -> 7.95
19306,4 fw player          HIDMDLLHEKO               4 -> 1
19320,8 fw Controll.static GIPNIMALPEG          0.2778 -> 0.8711
19326,8 fw Controll.static IGLCENGMMMJ            7.95 -> 8.25
19337,6 fw Controll.static MKFDGFOCKNO         19.0343 -> 19.0843
19337,7 fw Controll.static LEKCBKLAILO         19.0843 -> 19.1343
19337,7 fw Controll.static OFJKHAFJIMA          0.0083 -> 0.0102
19344,4 fw Controll.static GIPNIMALPEG          0.8711 -> 0.3424
19355,2 fw Controll.static NAKNALFCOIF        295.9499 -> 295.6499
19355,2 fw Controll.static IGLCENGMMMJ            8.25 -> 8.7
19371,8 fw Controll.static GIPNIMALPEG          0.3424 -> 0.8908
19378,9 fw Controll.static NAKNALFCOIF        295.6499 -> 295.2
19378,9 fw Controll.static IGLCENGMMMJ             8.7 -> 9
19388,6 fw Controll.static MKFDGFOCKNO         19.0843 -> 19.1344
19388,6 fw Controll.static LEKCBKLAILO         19.1343 -> 19.1844
19388,6 fw Controll.static OFJKHAFJIMA          0.0102 -> 0.0014
19393,9 fw Controll.static GIPNIMALPEG          0.8908 -> 0.3329
19404,7 fw Controll.static NAKNALFCOIF           295.2 -> 294.6
19404,7 fw Controll.static IGLCENGMMMJ               9 -> 9.3
19404,7 fw Controll.static DGNDKAKOEPD         1573578 -> 1574583
19404,7 fw Controll.static BEJBLGGGOCC       339152941 -> 339153934
19404,7 fw Controll.static JELGPAKAJPE             104 -> 108
19404,7 fw Controll.static EENJPDHGGGC         18.1465 -> 19.1512
19422,5 fw Controll.static GIPNIMALPEG          0.3329 -> 0.9059
19428,0 fw Controll.static NAKNALFCOIF           294.6 -> 293.85
19428,0 fw Controll.static IGLCENGMMMJ             9.3 -> 9.75
19439,4 fw Controll.static MKFDGFOCKNO         19.1344 -> 19.1844
19439,5 fw Controll.static LEKCBKLAILO         19.1844 -> 19.2344
19439,5 fw Controll.static OFJKHAFJIMA          0.0014 -> 0.0005
19446,4 fw Controll.static GIPNIMALPEG          0.9059 -> 0.3819
19456,6 fw Controll.static NAKNALFCOIF          293.85 -> 293.25
19456,6 fw Controll.static IGLCENGMMMJ            9.75 -> 10.05
19476,4 fw Controll.static GIPNIMALPEG          0.3819 -> 0.9815
19490,9 fw player          HOJIIOCKKLO               1 -> -1
19491,0 fw Controll.static MKFDGFOCKNO         19.1844 -> 19.2344
19491,0 fw Controll.static LEKCBKLAILO         19.2344 -> 19.2844
19491,0 fw Controll.static OFJKHAFJIMA          0.0005 -> 0.0059
19500,2 fw player          LNIDBHIAJJI               5 -> 6
19500,2 fw player          ACAIGMNLLEC             210 -> 209
19500,2 fw player          HEADELMLILF               0 -> 1
19505,4 fw Controll.static GIPNIMALPEG          0.9815 -> 0.5641
19505,5 fw Controll.static NAKNALFCOIF          293.25 -> 292.95
19505,5 fw Controll.static IGLCENGMMMJ           10.05 -> 10.35
19535,5 fw Controll.static GIPNIMALPEG          0.5641 -> 0.1647
19535,6 fw Controll.static NAKNALFCOIF          292.95 -> 292.8
19553,3 fw player          ACAIGMNLLEC             209 -> 208
19553,3 fw Controll.static MKFDGFOCKNO         19.2344 -> 19.2844
19553,3 fw Controll.static LEKCBKLAILO         19.2844 -> 19.3344
19553,4 fw Controll.static OFJKHAFJIMA          0.0059 -> 0.0079
19558,8 fw Controll.static GIPNIMALPEG          0.1647 -> 0.6313
19558,9 fw Controll.static NAKNALFCOIF           292.8 -> 292.5
19558,9 fw Controll.static IGLCENGMMMJ           10.35 -> 10.5
19588,1 fw Controll.static GIPNIMALPEG          0.6313 -> 0.2165
19588,1 fw Controll.static NAKNALFCOIF           292.5 -> 292.05
19588,1 fw Controll.static IGLCENGMMMJ            10.5 -> 10.8
19607,9 fw Controll.static MKFDGFOCKNO         19.2844 -> 19.3344
19607,9 fw Controll.static LEKCBKLAILO         19.3344 -> 19.3844
19607,9 fw Controll.static OFJKHAFJIMA          0.0079 -> 0.0106
19614,3 fw player          BDHNEDFEHBA             320 -> 384
19614,3 fw player          LNIDBHIAJJI               6 -> 7
19614,3 fw player          HEADELMLILF               1 -> 0
19614,4 fw Controll.static GIPNIMALPEG          0.2165 -> 0.7403
19614,4 fw Controll.static NAKNALFCOIF          292.05 -> 291.6001
19614,4 fw Controll.static IGLCENGMMMJ            10.8 -> 10.95
19631,8 fw Controll.static MKFDGFOCKNO         19.3344 -> 19.3844
19631,8 fw Controll.static LEKCBKLAILO         19.3844 -> 19.4344
19631,8 fw Controll.static OFJKHAFJIMA          0.0106 -> 0.0044
19641,8 fw Controll.static GIPNIMALPEG          0.7403 -> 0.2895
19641,8 fw Controll.static NAKNALFCOIF        291.6001 -> 291.3001
19649,6 fw Controll.static IGLCENGMMMJ           10.95 -> 11.1
19667,7 fw Controll.static GIPNIMALPEG          0.2895 -> 0.8067
19675,9 fw Controll.static NAKNALFCOIF        291.3001 -> 290.2501
19675,9 fw Controll.static IGLCENGMMMJ            11.1 -> 11.7
19684,2 fw Controll.static MKFDGFOCKNO         19.3844 -> 19.4344
19684,2 fw Controll.static LEKCBKLAILO         19.4344 -> 19.4844
19684,2 fw Controll.static OFJKHAFJIMA          0.0044 -> 0.0067
19690,7 fw Controll.static GIPNIMALPEG          0.8067 -> 0.2685
19700,0 fw Controll.static NAKNALFCOIF        290.2501 -> 289.0501
19700,0 fw Controll.static IGLCENGMMMJ            11.7 -> 12.45
19719,2 fw Controll.static GIPNIMALPEG          0.2685 -> 0.8375
19723,2 fw player          HEADELMLILF               0 -> 1
19723,2 fw player          FGFKPMPLNKO         14.6114 -> 15.0814
19723,2 fw Controll.static NAKNALFCOIF        289.0501 -> 288.1501
19723,2 fw Controll.static IGLCENGMMMJ           12.45 -> 13.05
19735,6 fw Controll.static MKFDGFOCKNO         19.4344 -> 19.4844
19735,6 fw Controll.static LEKCBKLAILO         19.4844 -> 19.5344
19735,6 fw Controll.static OFJKHAFJIMA          0.0067 -> 0.0081
19740,9 fw player          ACAIGMNLLEC             208 -> 207
19740,9 fw Controll.static GIPNIMALPEG          0.8375 -> 0.2724
19753,2 fw Controll.static NAKNALFCOIF        288.1501 -> 286.8001
19753,2 fw Controll.static IGLCENGMMMJ           13.05 -> 13.65
19772,1 fw Controll.static GIPNIMALPEG          0.2724 -> 0.8962
19778,0 fw player          HEADELMLILF               1 -> 0
19778,1 fw Controll.static NAKNALFCOIF        286.8001 -> 286.2001
19778,1 fw Controll.static IGLCENGMMMJ           13.65 -> 14.1
19790,7 fw Controll.static MKFDGFOCKNO         19.4844 -> 19.5345
19790,7 fw Controll.static LEKCBKLAILO         19.5344 -> 19.5845
19790,7 fw Controll.static OFJKHAFJIMA          0.0081 -> 0.0003
19795,3 fw Controll.static GIPNIMALPEG          0.8962 -> 0.3582
19806,1 fw Controll.static NAKNALFCOIF        286.2001 -> 286.0501
19813,2 fw player          LNIDBHIAJJI               7 -> 8
19813,2 fw player          ACAIGMNLLEC             207 -> 206
19813,2 fw player          HEADELMLILF               0 -> 1
19828,8 fw Controll.static GIPNIMALPEG          0.3582 -> 0.0289
19839,3 fw Controll.static MKFDGFOCKNO         19.5345 -> 19.5845
19839,3 fw Controll.static LEKCBKLAILO         19.5845 -> 19.6345
19846,9 fw Controll.static OFJKHAFJIMA          0.0003 -> 0.0011
19846,9 fw Controll.static OINJNFHMDFE               0 -> 0.4662
19846,9 fw Controll.static _JFKCDODJALP_k__BackingField            0 -> 2
19857,0 fw Controll.static GIPNIMALPEG          0.0289 -> 0.5926
19857,0 fw Controll.static JBKBOPCCIBM               0 -> 2
19878,9 fw Controll.static GIPNIMALPEG          0.5926 -> 0.0306
19890,2 fw player          ACAIGMNLLEC             206 -> 204
19894,9 fw Controll.static MKFDGFOCKNO         19.5845 -> 19.6345
19894,9 fw Controll.static LEKCBKLAILO         19.6345 -> 19.6845
19906,0 fw player          LNIDBHIAJJI               8 -> 9
19906,0 fw Controll.static GIPNIMALPEG          0.0306 -> 0.5724
19926,4 fw Controll.static GIPNIMALPEG          0.5724 -> 0.9796
19938,4 fw player          LNIDBHIAJJI               9 -> 10
19938,4 fw player          ACAIGMNLLEC             204 -> 203
19942,4 fw player          HOJIIOCKKLO              -1 -> 1
19942,4 fw Controll.static MKFDGFOCKNO         19.6345 -> 19.6845
19942,4 fw Controll.static LEKCBKLAILO         19.6845 -> 19.7345
19942,4 fw Controll.static OFJKHAFJIMA          0.0011 -> 0.0108
19954,0 fw Controll.static GIPNIMALPEG          0.9796 -> 0.5333
19970,3 fw player          HEADELMLILF               1 -> 0
19974,8 fw Controll.static GIPNIMALPEG          0.5333 -> 0.9485
19990,7 fw Controll.static MKFDGFOCKNO         19.6845 -> 19.7345
19990,7 fw Controll.static LEKCBKLAILO         19.7345 -> 19.7845
19990,7 fw Controll.static OFJKHAFJIMA          0.0108 -> 0.0079
20000,4 fw Controll.static GIPNIMALPEG          0.9485 -> 0.4605
20023,2 fw Controll.static GIPNIMALPEG          0.4605 -> 0.9169
20040,2 fw Controll.static MKFDGFOCKNO         19.7345 -> 19.7845
20040,2 fw Controll.static LEKCBKLAILO         19.7845 -> 19.8345
20040,2 fw Controll.static OFJKHAFJIMA          0.0079 -> 0.0075
20051,9 fw Controll.static GIPNIMALPEG          0.9169 -> 0.4901
20074,2 fw Controll.static GIPNIMALPEG          0.4901 -> 0.9355
20088,9 fw Controll.static MKFDGFOCKNO         19.7845 -> 19.8345
20088,9 fw Controll.static LEKCBKLAILO         19.8345 -> 19.8845
20089,0 fw Controll.static OFJKHAFJIMA          0.0075 -> 0.0056
20099,5 fw Controll.static GIPNIMALPEG          0.9355 -> 0.4412
20132,5 fw Controll.static GIPNIMALPEG          0.4412 -> 0.1013
20136,9 fw Controll.static MKFDGFOCKNO         19.8345 -> 19.8845
20136,9 fw Controll.static LEKCBKLAILO         19.8845 -> 19.9345
20149,0 fw Controll.static OFJKHAFJIMA          0.0056 -> 0.0049
20153,8 fw player          BDHNEDFEHBA             384 -> 448
20153,8 fw Controll.static GIPNIMALPEG          0.1013 -> 0.528
20181,0 fw Controll.static GIPNIMALPEG           0.528 -> 0.0721
20198,6 fw Controll.static MKFDGFOCKNO         19.8845 -> 19.9345
20198,6 fw Controll.static LEKCBKLAILO         19.9345 -> 19.9845
20198,6 fw Controll.static OFJKHAFJIMA          0.0049 -> 0.0034
20202,5 fw player          FGFKPMPLNKO         15.0814 -> 15.5563
20202,5 fw Controll.static GIPNIMALPEG          0.0721 -> 0.5012
20233,1 fw Controll.static GIPNIMALPEG          0.5012 -> 0.1119
20233,1 fw Controll.static NAKNALFCOIF        286.0501 -> 286.9501
20250,0 fw player          BDHNEDFEHBA             448 -> 512
20250,1 fw Controll.static MKFDGFOCKNO         19.9345 -> 19.9846
20250,1 fw Controll.static LEKCBKLAILO         19.9845 -> 20.0346
20250,1 fw Controll.static OFJKHAFJIMA          0.0034 -> 0.0051
20257,6 fw Controll.static GIPNIMALPEG          0.1119 -> 0.6033
20257,7 fw Controll.static NAKNALFCOIF        286.9501 -> 288.9001
20284,2 fw Controll.static GIPNIMALPEG          0.6033 -> 0.1342
20290,2 fw Controll.static NAKNALFCOIF        288.9001 -> 292.9501
20300,6 fw Controll.static MKFDGFOCKNO         19.9846 -> 20.0346
20300,6 fw Controll.static LEKCBKLAILO         20.0346 -> 20.0846
20300,6 fw Controll.static OFJKHAFJIMA          0.0051 -> 0.0065
20307,6 fw Controll.static GIPNIMALPEG          0.1342 -> 0.6024
20317,7 fw Controll.static NAKNALFCOIF        292.9501 -> 300.1501
20317,7 fw Controll.static IGLCENGMMMJ            14.1 -> 14.4
20334,6 fw Controll.static GIPNIMALPEG          0.6024 -> 0.1431
20339,8 fw Controll.static NAKNALFCOIF        300.1501 -> 304.0501
20339,8 fw Controll.static IGLCENGMMMJ            14.4 -> 14.55
20339,8 fw Controll.static GCHFDAPNBNB               0 -> 1
20352,4 fw Controll.static IPCNAHJLMAP               0 -> 1
20352,4 fw Controll.static MKFDGFOCKNO         20.0346 -> 20.0846
20352,4 fw Controll.static LEKCBKLAILO         20.0846 -> 20.1346
20352,4 fw Controll.static OFJKHAFJIMA          0.0065 -> 0.0069
20356,7 fw player          ACAIGMNLLEC             203 -> 204
20356,7 fw player          HEADELMLILF               0 -> 1
20356,8 fw Controll.static GIPNIMALPEG          0.1431 -> 0.5858
20368,1 fw Controll.static NAKNALFCOIF        304.0501 -> 310.9501
20368,1 fw Controll.static IGLCENGMMMJ           14.55 -> 15
20383,0 fw Controll.static IPCNAHJLMAP               1 -> 2
20383,0 fw Controll.static MKFDGFOCKNO         20.0846 -> 20.1346
20383,0 fw Controll.static LEKCBKLAILO         20.1346 -> 20.1846
20383,0 fw Controll.static OFJKHAFJIMA          0.0069 -> 0.0053
20396,1 fw Controll.static GIPNIMALPEG          0.5858 -> 0.3715
20401,2 fw player          HOJIIOCKKLO               1 -> -1
20401,3 fw player          ACAIGMNLLEC             204 -> 207
20401,3 fw Controll.static NAKNALFCOIF        310.9501 -> 316.2001
20401,3 fw Controll.static IGLCENGMMMJ              15 -> 16.05
20401,3 fw Controll.static DGNDKAKOEPD         1574583 -> 1575572
20401,3 fw Controll.static BEJBLGGGOCC       339153934 -> 339154926
20401,3 fw Controll.static JELGPAKAJPE             108 -> 100
20401,3 fw Controll.static EENJPDHGGGC         19.1512 -> 20.1403
20419,4 fw Controll.static GIPNIMALPEG          0.3715 -> 0.8373
20432,9 fw Controll.static NAKNALFCOIF        316.2001 -> 320.5501
20432,9 fw Controll.static IGLCENGMMMJ           16.05 -> 16.95
20437,0 fw Controll.static GCHFDAPNBNB               1 -> 0
20437,0 fw Controll.static IPCNAHJLMAP               2 -> 0
20437,0 fw Controll.static MKFDGFOCKNO         20.1346 -> 20.1846
20437,0 fw Controll.static LEKCBKLAILO         20.1846 -> 20.2346
20437,0 fw Controll.static OFJKHAFJIMA          0.0053 -> 0.0052
20455,4 fw Controll.static GIPNIMALPEG          0.8373 -> 0.5583
20455,4 fw Controll.static NAKNALFCOIF        320.5501 -> 323.7001
20455,4 fw Controll.static IGLCENGMMMJ           16.95 -> 17.4
20466,5 fw player          ACAIGMNLLEC             207 -> 216
20474,4 fw player          HIDMDLLHEKO               1 -> 4
20483,7 fw player          BDHNEDFEHBA             512 -> 448
20483,7 fw Controll.static GIPNIMALPEG          0.5583 -> 0.1245
20483,7 fw Controll.static JBKBOPCCIBM               2 -> 0
20483,8 fw Controll.static NAKNALFCOIF        323.7001 -> 326.5501
20483,8 fw Controll.static IGLCENGMMMJ            17.4 -> 17.55
20492,1 fw Controll.static DJACNOGOCKD               1 -> 0
20499,7 fw Controll.static MKFDGFOCKNO         20.1846 -> 20.2346
20499,7 fw Controll.static LEKCBKLAILO         20.2346 -> 20.2846
20499,7 fw Controll.static OFJKHAFJIMA          0.0052 -> 0.0059
20499,7 fw Controll.static _JFKCDODJALP_k__BackingField            2 -> 0
20509,6 fw Controll.static GIPNIMALPEG          0.1245 -> 0.6421
20509,6 fw Controll.static NAKNALFCOIF        326.5501 -> 330.0001
20516,2 fw player          BDHNEDFEHBA             448 -> 384
20516,2 fw player          LNIDBHIAJJI              10 -> 11
20516,2 fw player          ACAIGMNLLEC             216 -> 223
20534,0 fw Controll.static GIPNIMALPEG          0.6421 -> 0.1293
20534,0 fw Controll.static NAKNALFCOIF        330.0001 -> 336.4501
20534,0 fw Controll.static IGLCENGMMMJ           17.55 -> 17.7
20550,9 fw Controll.static MKFDGFOCKNO         20.2346 -> 20.2846
20551,0 fw Controll.static LEKCBKLAILO         20.2846 -> 20.3346
20551,0 fw Controll.static OFJKHAFJIMA          0.0059 -> 0.0063
20559,0 fw Controll.static GIPNIMALPEG          0.1293 -> 0.6305
20559,0 fw Controll.static NAKNALFCOIF        336.4501 -> 342.7501
20559,0 fw Controll.static IGLCENGMMMJ            17.7 -> 18.3
20565,5 fw player          HIDMDLLHEKO               4 -> 1
20565,6 fw player          LNIDBHIAJJI              11 -> 12
20565,6 fw player          ACAIGMNLLEC             223 -> 227
20583,5 fw Controll.static GIPNIMALPEG          0.6305 -> 0.1203
20583,5 fw Controll.static NAKNALFCOIF        342.7501 -> 349.0501
20598,5 fw Controll.static IGLCENGMMMJ            18.3 -> 18.45
20602,4 fw Controll.static MKFDGFOCKNO         20.2846 -> 20.3346
20602,4 fw Controll.static LEKCBKLAILO         20.3346 -> 20.3846
20602,4 fw Controll.static OFJKHAFJIMA          0.0063 -> 0.0059
20615,5 fw Controll.static GIPNIMALPEG          0.1203 -> 0.76
20620,8 fw Controll.static NAKNALFCOIF        349.0501 -> 358.9501
20620,8 fw Controll.static IGLCENGMMMJ           18.45 -> 18.75
20633,4 fw Controll.static MKFDGFOCKNO         20.3346 -> 20.3846
20633,4 fw Controll.static LEKCBKLAILO         20.3846 -> 20.4346
20633,4 fw Controll.static OFJKHAFJIMA          0.0059 -> 0.0057
20638,5 fw Controll.static GIPNIMALPEG            0.76 -> 0.2198
20651,9 fw player          ACAIGMNLLEC             227 -> 232
20652,0 fw Controll.static NAKNALFCOIF        358.9501 -> 3.7501
20652,0 fw Controll.static IGLCENGMMMJ           18.75 -> 19.65
20669,5 fw player          ACAIGMNLLEC             232 -> 239
20669,5 fw Controll.static GIPNIMALPEG          0.2198 -> 0.8391
20674,8 fw player          FGFKPMPLNKO         15.5563 -> 16.0267
20674,8 fw Controll.static NAKNALFCOIF          3.7501 -> 6.6001
20674,8 fw Controll.static IGLCENGMMMJ           19.65 -> 19.8
20687,9 fw Controll.static MKFDGFOCKNO         20.3846 -> 20.4346
20687,9 fw Controll.static LEKCBKLAILO         20.4346 -> 20.4846
20687,9 fw Controll.static OFJKHAFJIMA          0.0057 -> 0.0102
20694,5 fw Controll.static GIPNIMALPEG          0.8391 -> 0.3394
20705,7 fw Controll.static NAKNALFCOIF          6.6001 -> 8.7001
20705,7 fw Controll.static JEOINCHFPCC               0 -> 1
20722,2 fw player          LNIDBHIAJJI              12 -> 13
20722,2 fw player          ACAIGMNLLEC             239 -> 248
20722,2 fw Controll.static GIPNIMALPEG          0.3394 -> 0.8931
20731,1 fw Controll.static NAKNALFCOIF          8.7001 -> 9.1501
20737,5 fw Controll.static MKFDGFOCKNO         20.4346 -> 20.4846
20737,5 fw Controll.static LEKCBKLAILO         20.4846 -> 20.5346
20737,5 fw Controll.static OFJKHAFJIMA          0.0102 -> 0.0033
20748,1 fw Controll.static GIPNIMALPEG          0.8931 -> 0.4104
20752,3 fw player          BDHNEDFEHBA             384 -> 448
20764,0 fw player          ACAIGMNLLEC             248 -> 0
20780,1 fw Controll.static GIPNIMALPEG          0.4104 -> 0.0517
20784,6 fw Controll.static MKFDGFOCKNO         20.4846 -> 20.5347
20784,6 fw Controll.static LEKCBKLAILO         20.5346 -> 20.5847
20797,1 fw Controll.static OFJKHAFJIMA          0.0033 -> 0.0024
20811,5 fw Controll.static GIPNIMALPEG          0.0517 -> 0.6791
20822,5 fw player          BDHNEDFEHBA             448 -> 512
20822,5 fw player          LNIDBHIAJJI              13 -> 14
20822,5 fw player          ACAIGMNLLEC               0 -> 5
20833,1 fw Controll.static MKFDGFOCKNO         20.5347 -> 20.5847
20833,1 fw Controll.static LEKCBKLAILO         20.5847 -> 20.6347
20833,1 fw Controll.static OFJKHAFJIMA          0.0024 -> 0.0055
20833,1 fw Controll        MJPKOOHJOPA         13.4289 -> 16.0237
20838,0 fw Controll.static MNHBPCOOMLE         1573627 -> 1576221
20838,0 fw Controll.static GIPNIMALPEG          0.6791 -> 0.2089
20851,2 fw Controll.static GLGCAOADGMN               0 -> 1
20855,5 fw player          ACAIGMNLLEC               5 -> 6
20868,0 fw Controll.static GIPNIMALPEG          0.2089 -> 0.8101
20883,9 fw Controll.static MKFDGFOCKNO         20.5847 -> 20.6347
20883,9 fw Controll.static LEKCBKLAILO         20.6347 -> 20.6847
20883,9 fw Controll.static OFJKHAFJIMA          0.0055 -> 0.0061
20890,8 fw Controll.static GIPNIMALPEG          0.8101 -> 0.2632
20890,8 fw Controll.static NAKNALFCOIF          9.1501 -> 9.3001
20890,8 fw Controll.static IGLCENGMMMJ            19.8 -> 19.95
20898,3 fw Controll.static GCHFDAPNBNB               0 -> 1
20906,5 fw Controll.static IPCNAHJLMAP               0 -> 1
20915,5 fw player          HEADELMLILF               1 -> 0
20915,5 fw Controll.static GIPNIMALPEG          0.2632 -> 0.7589
20915,5 fw Controll.static NAKNALFCOIF          9.3001 -> 9.1501
20924,0 fw Controll.static IGLCENGMMMJ           19.95 -> 20.7
20936,4 fw Controll.static IPCNAHJLMAP               1 -> 0
20936,5 fw Controll.static MKFDGFOCKNO         20.6347 -> 20.6847
20936,5 fw Controll.static LEKCBKLAILO         20.6847 -> 20.7347
20936,5 fw Controll.static OFJKHAFJIMA          0.0061 -> 0.0086
20941,3 fw Controll.static GIPNIMALPEG          0.7589 -> 0.274
20953,7 fw Controll.static NAKNALFCOIF          9.1501 -> 8.1001
20953,7 fw Controll.static IGLCENGMMMJ            20.7 -> 21.6
20953,7 fw Controll.static GCHFDAPNBNB               1 -> 0
20959,6 fw Controll.static GLGCAOADGMN               1 -> 0
20972,4 fw Controll.static GIPNIMALPEG           0.274 -> 0.897
20977,9 fw Controll.static NAKNALFCOIF          8.1001 -> 7.5001
20977,9 fw Controll.static IGLCENGMMMJ            21.6 -> 22.05
20990,9 fw Controll.static MKFDGFOCKNO         20.6847 -> 20.7347
20990,9 fw Controll.static LEKCBKLAILO         20.7347 -> 20.7847
20990,9 fw Controll.static OFJKHAFJIMA          0.0086 -> 0.0001
20996,4 fw Controll.static GIPNIMALPEG           0.897 -> 0.3766
21010,5 fw Controll.static NAKNALFCOIF          7.5001 -> 6.4501
21010,5 fw Controll.static IGLCENGMMMJ           22.05 -> 22.65
21030,2 fw player          HIDMDLLHEKO               1 -> 4
21030,2 fw player          BDHNEDFEHBA             512 -> 448
21030,2 fw player          LNIDBHIAJJI              14 -> 13
21030,3 fw Controll.static GIPNIMALPEG          0.3766 -> 0.0525
21034,2 fw Controll.static NAKNALFCOIF          6.4501 -> 5.1001
21034,2 fw Controll.static IGLCENGMMMJ           22.65 -> 23.55
21034,2 fw Controll.static GCHFDAPNBNB               0 -> 1
21034,2 fw Controll.static BFEOOOMMGLK               0 -> 1
21034,2 fw Controll        MJPKOOHJOPA         16.0237 -> 16.227
21046,0 fw Controll.static GLGCAOADGMN               0 -> 1
21046,0 fw Controll.static IPCNAHJLMAP               0 -> 1
21046,0 fw Controll.static MKFDGFOCKNO         20.7347 -> 20.7847
21046,0 fw Controll.static LEKCBKLAILO         20.7847 -> 20.8347
21046,0 fw Controll.static OFJKHAFJIMA          0.0001 -> 0.0023
21052,2 fw Controll.static MNHBPCOOMLE         1576221 -> 1576422
21052,2 fw Controll.static GIPNIMALPEG          0.0525 -> 0.4914
21062,8 fw player          HIDMDLLHEKO               4 -> 1
21062,8 fw player          HOJIIOCKKLO              -1 -> 1
21062,8 fw player          LNIDBHIAJJI              13 -> 14
21062,8 fw Controll.static NAKNALFCOIF          5.1001 -> 2.1001
21062,8 fw Controll.static IGLCENGMMMJ           23.55 -> 25.2
21068,2 fw Controll.static BFEOOOMMGLK               1 -> 0
21080,6 fw Controll.static GIPNIMALPEG          0.4914 -> 0.0592
21085,1 fw player          LNIDBHIAJJI              14 -> 15
21085,1 fw player          ACAIGMNLLEC               6 -> 5
21085,1 fw player          HEADELMLILF               0 -> 1
21085,2 fw Controll.static NAKNALFCOIF          2.1001 -> -0.7499
21085,2 fw Controll.static IGLCENGMMMJ            25.2 -> 26.85
21097,5 fw Controll.static GCHFDAPNBNB               1 -> 0
21097,5 fw Controll.static GLGCAOADGMN               1 -> 0
21097,5 fw Controll.static IPCNAHJLMAP               1 -> 0
21097,5 fw Controll.static MKFDGFOCKNO         20.7847 -> 20.8347
21097,5 fw Controll.static LEKCBKLAILO         20.8347 -> 20.8847
21097,5 fw Controll.static OFJKHAFJIMA          0.0023 -> 0.0028
21114,5 fw Controll.static GIPNIMALPEG          0.0592 -> 0.7374
21114,5 fw Controll.static NAKNALFCOIF         -0.7499 -> -2.6999
21114,5 fw Controll.static IGLCENGMMMJ           26.85 -> 27.75
21132,3 fw Controll.static OFJKHAFJIMA          0.0028 -> 0.0045
21136,6 fw Controll.static GIPNIMALPEG          0.7374 -> 0.1785
21136,6 fw Controll.static NAKNALFCOIF         -2.6999 -> -3.7499
21136,6 fw Controll.static IGLCENGMMMJ           27.75 -> 28.35
21149,7 fw player          FGFKPMPLNKO         16.0267 -> 16.4946
21153,8 fw player          HIDMDLLHEKO               1 -> 4
21153,9 fw player          BDHNEDFEHBA             448 -> 384
21153,9 fw player          LNIDBHIAJJI              15 -> 16
21153,9 fw player          ACAIGMNLLEC               5 -> 3
21153,9 fw Controll.static MKFDGFOCKNO         20.8347 -> 20.8847
21153,9 fw Controll.static LEKCBKLAILO         20.8847 -> 20.9347
21168,0 fw Controll.static GIPNIMALPEG          0.1785 -> 0.8084
21168,0 fw Controll.static NAKNALFCOIF         -3.7499 -> -4.4999
21168,0 fw Controll.static IGLCENGMMMJ           28.35 -> 28.8
21186,4 fw Controll.static MKFDGFOCKNO         20.8847 -> 20.9347
21186,4 fw Controll.static LEKCBKLAILO         20.9347 -> 20.9847
21186,4 fw Controll.static OFJKHAFJIMA          0.0045 -> 0.0086
21193,0 fw Controll.static GIPNIMALPEG          0.8084 -> 0.3083
21193,0 fw Controll.static NAKNALFCOIF         -4.4999 -> -5.0999
21193,0 fw Controll.static IGLCENGMMMJ            28.8 -> 29.1
21209,1 fw player          HIDMDLLHEKO               4 -> 1
21209,1 fw player          LNIDBHIAJJI              16 -> 18
21220,8 fw player          ACAIGMNLLEC               3 -> 0
21220,8 fw Controll.static GIPNIMALPEG          0.3083 -> 0.8637
21220,8 fw Controll.static NAKNALFCOIF         -5.0999 -> -6.1499
21220,8 fw Controll.static IGLCENGMMMJ            29.1 -> 29.55
21239,3 fw Controll.static MKFDGFOCKNO         20.9347 -> 20.9847
21239,3 fw Controll.static LEKCBKLAILO         20.9847 -> 21.0347
21239,3 fw Controll.static OFJKHAFJIMA          0.0086 -> 0.0115
21245,5 fw Controll.static GIPNIMALPEG          0.8637 -> 0.3576
21245,5 fw Controll.static NAKNALFCOIF         -6.1499 -> -7.0499
21260,6 fw Controll.static IGLCENGMMMJ           29.55 -> 29.7
21280,5 fw player          LNIDBHIAJJI              18 -> 19
21280,5 fw player          ACAIGMNLLEC               0 -> 253
21280,5 fw Controll.static GIPNIMALPEG          0.3576 -> 0.0577
21283,9 fw Controll.static NAKNALFCOIF         -7.0499 -> -7.3499
21297,2 fw Controll.static MKFDGFOCKNO         20.9847 -> 21.0347
21297,2 fw Controll.static LEKCBKLAILO         21.0347 -> 21.0847
21297,2 fw Controll.static OFJKHAFJIMA          0.0115 -> 0.0026
21302,7 fw Controll.static GIPNIMALPEG          0.0577 -> 0.5012
21318,5 fw Controll.static NAKNALFCOIF         -7.3499 -> -7.6499
21318,6 fw Controll.static BFEOOOMMGLK               0 -> 1
21318,6 fw Controll        MJPKOOHJOPA          16.227 -> 16.5072
21323,4 fw Controll.static GLGCAOADGMN               0 -> 1
21336,8 fw player          ACAIGMNLLEC             253 -> 252
21336,8 fw Controll.static MNHBPCOOMLE         1576422 -> 1576706
21336,8 fw Controll.static GIPNIMALPEG          0.5012 -> 0.1827
21341,6 fw Controll.static NAKNALFCOIF         -7.6499 -> -8.9999
21341,6 fw Controll.static IGLCENGMMMJ            29.7 -> 29.85
21341,6 fw Controll.static BFEOOOMMGLK               1 -> 0
21356,2 fw Controll.static MKFDGFOCKNO         21.0347 -> 21.0848
21356,2 fw Controll.static LEKCBKLAILO         21.0847 -> 21.1348
21356,2 fw Controll.static OFJKHAFJIMA          0.0026 -> 0.0088
21362,2 fw Controll.static GIPNIMALPEG          0.1827 -> 0.6914
21378,2 fw Controll.static NAKNALFCOIF         -8.9999 -> -11.3999
21378,3 fw Controll.static JEOINCHFPCC               1 -> 0
21382,5 fw player          ACAIGMNLLEC             252 -> 251
21382,5 fw Controll.static GLGCAOADGMN               1 -> 0
21382,6 fw Controll.static MKFDGFOCKNO         21.0848 -> 21.1348
21382,6 fw Controll.static LEKCBKLAILO         21.1348 -> 21.1848
21382,6 fw Controll.static OFJKHAFJIMA          0.0088 -> 0.0004
21396,6 fw Controll.static GIPNIMALPEG          0.6914 -> 0.3789
21401,1 fw player          LNIDBHIAJJI              19 -> 20
21401,1 fw Controll.static NAKNALFCOIF        -11.3999 -> -12.7499
21418,2 fw player          ACAIGMNLLEC             251 -> 250
21418,2 fw Controll.static GIPNIMALPEG          0.3789 -> 0.8112
21432,4 fw Controll.static NAKNALFCOIF        -12.7499 -> -13.4999
21432,4 fw Controll.static IGLCENGMMMJ           29.85 -> 29.7
21432,4 fw Controll.static DGNDKAKOEPD         1575572 -> 1576603
21432,4 fw Controll.static BEJBLGGGOCC       339154926 -> 339155946
21432,4 fw Controll.static JELGPAKAJPE             100 -> 134
21432,4 fw Controll.static EENJPDHGGGC         20.1403 -> 21.1719
21438,1 fw Controll.static MKFDGFOCKNO         21.1348 -> 21.1848
21438,1 fw Controll.static LEKCBKLAILO         21.1848 -> 21.2348
21438,2 fw Controll.static OFJKHAFJIMA          0.0004 -> 0.0044
21457,1 fw player          BDHNEDFEHBA             384 -> 448
21457,1 fw player          ACAIGMNLLEC             250 -> 249
21457,2 fw Controll.static GIPNIMALPEG          0.8112 -> 0.5884
21457,2 fw Controll.static NAKNALFCOIF        -13.4999 -> -13.9499
21486,8 fw Controll.static GIPNIMALPEG          0.5884 -> 0.1814
21486,8 fw Controll.static NAKNALFCOIF        -13.9499 -> -15.4499
21502,4 fw Controll.static MKFDGFOCKNO         21.1848 -> 21.2348
21502,4 fw Controll.static LEKCBKLAILO         21.2348 -> 21.2848
21502,4 fw Controll.static OFJKHAFJIMA          0.0044 -> 0.0087
21514,4 fw player          HOJIIOCKKLO               1 -> -1
21514,4 fw Controll.static GIPNIMALPEG          0.1814 -> 0.7338
21514,4 fw Controll.static NAKNALFCOIF        -15.4499 -> -16.7999
21531,1 fw Controll.static MKFDGFOCKNO         21.2348 -> 21.2848
21531,1 fw Controll.static LEKCBKLAILO         21.2848 -> 21.3348
21531,1 fw Controll.static OFJKHAFJIMA          0.0087 -> 0.0033
21535,6 fw player          ACAIGMNLLEC             249 -> 247
21535,7 fw Controll.static GIPNIMALPEG          0.7338 -> 0.1588
21535,7 fw Controll.static NAKNALFCOIF        -16.7999 -> -17.6999
21535,7 fw Controll.static IGLCENGMMMJ            29.7 -> 29.4
21566,3 fw Controll.static GIPNIMALPEG          0.1588 -> 0.772
21566,3 fw Controll.static NAKNALFCOIF        -17.6999 -> -19.0499
21566,3 fw Controll.static IGLCENGMMMJ            29.4 -> 29.25
21582,6 fw Controll.static IPCNAHJLMAP               0 -> 1
21582,7 fw Controll.static MKFDGFOCKNO         21.2848 -> 21.3348
21582,7 fw Controll.static LEKCBKLAILO         21.3348 -> 21.3848
21582,7 fw Controll.static OFJKHAFJIMA          0.0033 -> 0.0048
21587,9 fw Controll.static GIPNIMALPEG           0.772 -> 0.2037
21587,9 fw Controll.static NAKNALFCOIF        -19.0499 -> -19.6499
21599,0 fw Controll.static GCHFDAPNBNB               0 -> 1
21599,1 fw Controll.static BFEOOOMMGLK               0 -> 1
21599,1 fw Controll.static GLGCAOADGMN               0 -> 1
21603,5 fw Controll        MJPKOOHJOPA         16.5072 -> 16.7911
21615,8 fw Controll.static MNHBPCOOMLE         1576706 -> 1576987
21615,8 fw Controll.static GIPNIMALPEG          0.2037 -> 0.7614
21621,1 fw Controll.static NAKNALFCOIF        -19.6499 -> -21.1499
21621,2 fw Controll.static BFEOOOMMGLK               1 -> 0
21634,1 fw Controll.static IPCNAHJLMAP               1 -> 2
21634,1 fw Controll.static MKFDGFOCKNO         21.3348 -> 21.3848
21634,1 fw Controll.static LEKCBKLAILO         21.3848 -> 21.4348
21634,1 fw Controll.static OFJKHAFJIMA          0.0048 -> 0.0062
21638,8 fw player          BDHNEDFEHBA             448 -> 512
21638,8 fw player          ACAIGMNLLEC             247 -> 246
21638,8 fw Controll.static GIPNIMALPEG          0.7614 -> 0.2219
21651,4 fw Controll.static NAKNALFCOIF        -21.1499 -> -21.7499
21657,7 fw Controll.static GLGCAOADGMN               1 -> 0
21669,1 fw Controll.static GIPNIMALPEG          0.2219 -> 0.8265
21675,7 fw Controll.static NAKNALFCOIF        -21.7499 -> -22.1999
21687,8 fw player          ACAIGMNLLEC             246 -> 245
21687,9 fw Controll.static IPCNAHJLMAP               2 -> 0
21687,9 fw Controll.static MKFDGFOCKNO         21.3848 -> 21.4349
21687,9 fw Controll.static LEKCBKLAILO         21.4348 -> 21.4848
21687,9 fw Controll.static OFJKHAFJIMA          0.0062 -> 0.0099
21696,6 fw Controll.static GIPNIMALPEG          0.8265 -> 0.3779
21704,3 fw player          ACAIGMNLLEC             245 -> 243
21704,4 fw Controll.static NAKNALFCOIF        -22.1999 -> -22.6499
21704,4 fw Controll.static GCHFDAPNBNB               1 -> 0
21715,7 fw player          FGFKPMPLNKO         16.4946 -> 17.0525
21730,9 fw Controll.static GIPNIMALPEG          0.3779 -> 0.0639
21734,9 fw Controll.static NAKNALFCOIF        -22.6499 -> -23.3999
21747,2 fw Controll.static MKFDGFOCKNO         21.4349 -> 21.4849
21747,2 fw Controll.static LEKCBKLAILO         21.4848 -> 21.5349
21747,2 fw Controll.static OFJKHAFJIMA          0.0099 -> 0.0029
21752,6 fw player          HIDMDLLHEKO               1 -> 4
21752,6 fw Controll.static GIPNIMALPEG          0.0639 -> 0.4977
21763,7 fw player          BDHNEDFEHBA             512 -> 448
21763,7 fw player          ACAIGMNLLEC             243 -> 242
21763,7 fw Controll.static NAKNALFCOIF        -23.3999 -> -24.1499
21784,6 fw player          BDHNEDFEHBA             448 -> 384
21784,6 fw player          ACAIGMNLLEC             242 -> 240
21796,2 fw Controll.static GIPNIMALPEG          0.4977 -> 0.3699
21796,3 fw Controll.static NAKNALFCOIF        -24.1499 -> -24.7499
21801,4 fw player          HIDMDLLHEKO               4 -> 1
21801,4 fw player          HEADELMLILF               1 -> 0
21801,4 fw Controll.static MKFDGFOCKNO         21.4849 -> 21.5349
21801,4 fw Controll.static LEKCBKLAILO         21.5349 -> 21.5849
21812,4 fw Controll.static OFJKHAFJIMA          0.0029 -> 0.0066
21817,0 fw Controll.static GIPNIMALPEG          0.3699 -> 0.7853
21817,0 fw Controll.static NAKNALFCOIF        -24.7499 -> -25.1999
21833,7 fw Controll.static MKFDGFOCKNO         21.5349 -> 21.5849
21833,7 fw Controll.static LEKCBKLAILO         21.5849 -> 21.6349
21833,7 fw Controll.static OFJKHAFJIMA          0.0066 -> 0.0013
21845,4 fw Controll.static GIPNIMALPEG          0.7853 -> 0.3534
21845,4 fw Controll.static NAKNALFCOIF        -25.1999 -> -25.6499
21845,4 fw Controll.static IGLCENGMMMJ           29.25 -> 29.1
21862,8 fw player          ACAIGMNLLEC             240 -> 239
21862,8 fw player          HEADELMLILF               0 -> 1
21862,8 fw Controll        MJPKOOHJOPA         16.7911 -> 17.0544
21868,3 fw Controll.static MNHBPCOOMLE         1576987 -> 1577251
21868,3 fw Controll.static GIPNIMALPEG          0.3534 -> 0.8117
21878,9 fw Controll.static GLGCAOADGMN               0 -> 1
21883,7 fw Controll.static MKFDGFOCKNO         21.5849 -> 21.6349
21883,7 fw Controll.static LEKCBKLAILO         21.6349 -> 21.6849
21883,7 fw Controll.static OFJKHAFJIMA          0.0013 -> 0.0009
21895,5 fw player          ACAIGMNLLEC             239 -> 238
21895,5 fw Controll.static GIPNIMALPEG          0.8117 -> 0.3546
21915,4 fw Controll.static GIPNIMALPEG          0.3546 -> 0.7521
21915,4 fw Controll.static NAKNALFCOIF        -25.6499 -> -25.7999
21934,1 fw Controll.static MKFDGFOCKNO         21.6349 -> 21.6849
21934,1 fw Controll.static LEKCBKLAILO         21.6849 -> 21.7349
21934,1 fw Controll.static OFJKHAFJIMA          0.0009 -> 0.0001
21945,6 fw player          ACAIGMNLLEC             238 -> 237
21945,6 fw Controll.static GIPNIMALPEG          0.7521 -> 0.3565
21952,9 fw Controll.static NAKNALFCOIF        -25.7999 -> -26.0999
21960,6 fw Controll.static GLGCAOADGMN               1 -> 0
21968,1 fw Controll.static GIPNIMALPEG          0.3565 -> 0.8061
21977,0 fw player          HOJIIOCKKLO              -1 -> 1
21977,0 fw Controll.static NAKNALFCOIF        -26.0999 -> -26.2499
21982,4 fw Controll.static MKFDGFOCKNO         21.6849 -> 21.7349
21982,4 fw Controll.static LEKCBKLAILO         21.7349 -> 21.7849
21982,4 fw Controll.static OFJKHAFJIMA          0.0001 -> 0.0045
21995,0 fw Controll.static GIPNIMALPEG          0.8061 -> 0.3432
22000,6 fw Controll.static NAKNALFCOIF        -26.2499 -> -26.8499
22017,3 # net: TcpClient.Connected = True
22017,3 fw player          HEADELMLILF               1 -> 0
22017,4 fw Controll.static GIPNIMALPEG          0.3432 -> 0.7904
22031,2 fw Controll.static NAKNALFCOIF        -26.8499 -> -29.2499
22031,2 fw Controll.static IGLCENGMMMJ            29.1 -> 29.4
22034,8 fw Controll.static MKFDGFOCKNO         21.7349 -> 21.7849
22034,8 fw Controll.static LEKCBKLAILO         21.7849 -> 21.8349
22034,8 fw Controll.static OFJKHAFJIMA          0.0045 -> 0.0032
22047,5 fw Controll.static GIPNIMALPEG          0.7904 -> 0.3935
22052,6 fw Controll.static NAKNALFCOIF        -29.2499 -> -30.8999
22052,6 fw Controll.static IGLCENGMMMJ            29.4 -> 29.55
22064,7 fw Controll.static BFEOOOMMGLK               0 -> 1
22064,7 fw Controll.static GLGCAOADGMN               0 -> 1
22064,7 fw Controll        MJPKOOHJOPA         17.0544 -> 17.2558
22071,3 fw Controll.static MNHBPCOOMLE         1577251 -> 1577453
22071,3 fw Controll.static GIPNIMALPEG          0.3935 -> 0.8693
22081,6 fw Controll.static NAKNALFCOIF        -30.8999 -> -34.6499
22081,6 fw Controll.static IGLCENGMMMJ           29.55 -> 29.7
22086,9 fw Controll.static BFEOOOMMGLK               1 -> 0
22086,9 fw Controll.static MKFDGFOCKNO         21.7849 -> 21.8349
22086,9 fw Controll.static LEKCBKLAILO         21.8349 -> 21.8849
22086,9 fw Controll.static OFJKHAFJIMA          0.0032 -> 0.0036
22106,5 fw player          LNIDBHIAJJI              20 -> 19
22106,5 fw Controll.static GIPNIMALPEG          0.8693 -> 0.5743
22106,5 fw Controll.static NAKNALFCOIF        -34.6499 -> -39.1499
22135,3 fw Controll.static GIPNIMALPEG          0.5743 -> 0.1496
22135,3 fw Controll.static NAKNALFCOIF        -39.1499 -> -46.0499
22135,3 fw Controll.static IGLCENGMMMJ            29.7 -> 30.45
22151,5 fw Controll.static MKFDGFOCKNO         21.8349 -> 21.8849
22151,5 fw Controll.static LEKCBKLAILO         21.8849 -> 21.9349
22151,5 fw Controll.static OFJKHAFJIMA          0.0036 -> 0.0072
22156,8 fw Controll.static GIPNIMALPEG          0.1496 -> 0.5789
22156,8 fw Controll.static NAKNALFCOIF        -46.0499 -> -51.7499
22156,8 fw Controll.static IGLCENGMMMJ           30.45 -> 31.65
22168,4 fw player          LNIDBHIAJJI              19 -> 20
22168,4 fw player          ACAIGMNLLEC             237 -> 235
22168,4 fw player          HEADELMLILF               0 -> 1
22176,3 fw player          FGFKPMPLNKO         17.0525 -> 17.5257
22182,4 fw Controll.static GIPNIMALPEG          0.5789 -> 0.0913
22182,4 fw Controll.static NAKNALFCOIF        -51.7499 -> -58.0499
22182,4 fw Controll.static IGLCENGMMMJ           31.65 -> 32.7
22197,4 fw player          ACAIGMNLLEC             235 -> 231
22197,4 fw Controll.static MKFDGFOCKNO         21.8849 -> 21.9349
22197,4 fw Controll.static LEKCBKLAILO         21.9349 -> 21.9849
22197,4 fw Controll.static OFJKHAFJIMA          0.0072 -> 0.0043
22209,5 fw Controll.static GIPNIMALPEG          0.0913 -> 0.6338
22209,5 fw Controll.static NAKNALFCOIF        -58.0499 -> -64.0499
22209,5 fw Controll.static IGLCENGMMMJ            32.7 -> 33.6
22228,4 fw Controll.static MKFDGFOCKNO         21.9349 -> 21.9849
22228,4 fw Controll.static LEKCBKLAILO         21.9849 -> 22.0349
22228,4 fw Controll.static OFJKHAFJIMA          0.0043 -> 0.0004
22233,5 fw Controll.static GIPNIMALPEG          0.6338 -> 0.1132
22233,5 fw Controll.static NAKNALFCOIF        -64.0499 -> -69.2999
22245,8 fw Controll.static IGLCENGMMMJ            33.6 -> 33.75
22245,8 fw Controll.static GLGCAOADGMN               1 -> 0
22250,8 fw player          ACAIGMNLLEC             231 -> 223
22262,0 fw Controll.static GIPNIMALPEG          0.1132 -> 0.6836
22276,2 fw Controll.static NAKNALFCOIF        -69.2999 -> -76.7999
22306,6 fw Controll.static MKFDGFOCKNO         21.9849 -> 22.035
22306,6 fw Controll.static LEKCBKLAILO         22.0349 -> 22.085
22306,6 fw Controll.static OFJKHAFJIMA          0.0004 -> 0.0287
22320,3 fw Controll.static GIPNIMALPEG          0.6836 -> 0.8494
22324,1 fw player          LNIDBHIAJJI              20 -> 22
22324,1 fw player          ACAIGMNLLEC             223 -> 214
22324,1 fw Controll.static NAKNALFCOIF        -76.7999 -> -84.2999
22335,9 fw Controll.static MKFDGFOCKNO          22.035 -> 22.085
22335,9 fw Controll.static LEKCBKLAILO          22.085 -> 22.135
22335,9 fw Controll.static OFJKHAFJIMA          0.0287 -> 0.0078
22342,8 fw Controll.static GIPNIMALPEG          0.8494 -> 0.2985
22353,1 fw Controll.static NAKNALFCOIF        -84.2999 -> -86.8499
22359,4 fw player          LNIDBHIAJJI              22 -> 23
22359,4 fw player          ACAIGMNLLEC             214 -> 207
22370,8 fw Controll.static GIPNIMALPEG          0.2985 -> 0.8581
22376,7 fw Controll.static NAKNALFCOIF        -86.8499 -> -88.9499
22386,9 fw Controll.static MKFDGFOCKNO          22.085 -> 22.135
22386,9 fw Controll.static LEKCBKLAILO          22.135 -> 22.185
22386,9 fw Controll.static OFJKHAFJIMA          0.0078 -> 0.0089
22394,6 fw Controll.static GIPNIMALPEG          0.8581 -> 0.3353
22406,2 fw Controll.static NAKNALFCOIF        -88.9499 -> -90.8999
22406,2 fw Controll        MJPKOOHJOPA         17.2558 -> 17.5959
22414,1 fw player          ACAIGMNLLEC             207 -> 197
22414,1 fw Controll.static GLGCAOADGMN               0 -> 1
22421,0 fw Controll.static MNHBPCOOMLE         1577453 -> 1577794
22421,0 fw Controll.static GIPNIMALPEG          0.3353 -> 0.8613
22429,6 fw player          HOJIIOCKKLO               1 -> -1
22429,6 fw Controll.static NAKNALFCOIF        -90.8999 -> -94.1999
22429,6 fw Controll.static JEOINCHFPCC               0 -> -1
22429,6 fw Controll.static DGNDKAKOEPD         1576603 -> 1577595
22429,6 fw Controll.static BEJBLGGGOCC       339155946 -> 339156959
22429,6 fw Controll.static JELGPAKAJPE             134 -> 100
22429,6 fw Controll.static EENJPDHGGGC         21.1719 -> 22.1637
22437,7 fw Controll.static MKFDGFOCKNO          22.135 -> 22.185
22437,7 fw Controll.static LEKCBKLAILO          22.185 -> 22.235
22437,7 fw Controll.static OFJKHAFJIMA          0.0089 -> 0.0016
22453,0 fw player          ACAIGMNLLEC             197 -> 195
22453,1 fw Controll.static GIPNIMALPEG          0.8613 -> 0.5043
22453,1 fw Controll.static NAKNALFCOIF        -94.1999 -> -97.6499
22453,1 fw Controll.static IGLCENGMMMJ           33.75 -> 33.45
22464,9 fw Controll.static GLGCAOADGMN               1 -> 0
22481,1 fw Controll.static GIPNIMALPEG          0.5043 -> 0.0641
22481,1 fw Controll.static NAKNALFCOIF        -97.6499 -> -101.8499
22481,1 fw Controll.static IGLCENGMMMJ           33.45 -> 32.7
22497,0 fw Controll.static MKFDGFOCKNO          22.185 -> 22.235
22497,0 fw Controll.static LEKCBKLAILO          22.235 -> 22.285
22497,0 fw Controll.static OFJKHAFJIMA          0.0016 -> 0.003
22500,7 fw player          ACAIGMNLLEC             195 -> 192
22500,7 fw Controll.static GIPNIMALPEG          0.0641 -> 0.4572
22500,7 fw Controll.static NAKNALFCOIF       -101.8499 -> -105.8999
22500,7 fw Controll.static IGLCENGMMMJ            32.7 -> 31.8
22528,5 fw Controll.static GIPNIMALPEG          0.4572 -> 0.0112
22528,5 fw Controll.static NAKNALFCOIF       -105.8999 -> -110.6999
22528,5 fw Controll.static IGLCENGMMMJ            31.8 -> 31.05
22543,9 fw Controll.static MKFDGFOCKNO          22.235 -> 22.285
22543,9 fw Controll.static LEKCBKLAILO          22.285 -> 22.335
22543,9 fw Controll.static OFJKHAFJIMA           0.003 -> 0.0003
22550,2 fw player          ACAIGMNLLEC             192 -> 189
22550,2 fw Controll.static GIPNIMALPEG          0.0112 -> 0.4458
22550,2 fw Controll.static NAKNALFCOIF       -110.6999 -> -115.3499
22550,2 fw Controll.static IGLCENGMMMJ           31.05 -> 30.3
22577,3 fw Controll.static GIPNIMALPEG          0.4458 -> 0.9873
22577,3 fw Controll.static NAKNALFCOIF       -115.3499 -> -119.8499
22581,7 fw Controll.static IGLCENGMMMJ            30.3 -> 29.7
22593,0 fw Controll.static MKFDGFOCKNO          22.285 -> 22.335
22593,0 fw Controll.static LEKCBKLAILO          22.335 -> 22.385
22593,0 fw Controll.static OFJKHAFJIMA          0.0003 -> 0.0036
22597,4 fw Controll.static GIPNIMALPEG          0.9873 -> 0.3906
22609,8 fw player          LNIDBHIAJJI              23 -> 22
22609,8 fw player          ACAIGMNLLEC             189 -> 183
22609,8 fw Controll.static NAKNALFCOIF       -119.8499 -> -125.9999
22609,8 fw Controll.static IGLCENGMMMJ            29.7 -> 28.65
22609,8 fw Controll.static BFEOOOMMGLK               0 -> 1
22609,8 fw Controll        MJPKOOHJOPA         17.5959 -> 17.8014
22615,2 fw Controll.static GLGCAOADGMN               0 -> 1
22626,0 fw Controll.static MNHBPCOOMLE         1577794 -> 1577998
22626,0 fw Controll.static GIPNIMALPEG          0.3906 -> 0.963
22632,4 fw Controll.static NAKNALFCOIF       -125.9999 -> -131.9999
22632,4 fw Controll.static IGLCENGMMMJ           28.65 -> 27.45
22632,4 fw Controll.static BFEOOOMMGLK               1 -> 0
22640,9 fw player          LNIDBHIAJJI              22 -> 21
22640,9 fw player          ACAIGMNLLEC             183 -> 177
22640,9 fw Controll.static GLGCAOADGMN               1 -> 0
22640,9 fw Controll.static MKFDGFOCKNO          22.335 -> 22.385
22640,9 fw Controll.static LEKCBKLAILO          22.385 -> 22.435
22640,9 fw Controll.static OFJKHAFJIMA          0.0036 -> 0.0042
22646,8 fw player          FGFKPMPLNKO         17.5257 -> 17.999
22646,8 fw Controll.static GIPNIMALPEG           0.963 -> 0.3778
22658,7 fw Controll.static NAKNALFCOIF       -131.9999 -> -137.3999
22658,7 fw Controll.static IGLCENGMMMJ           27.45 -> 26.4
22676,0 fw Controll.static GIPNIMALPEG          0.3778 -> 0.9596
22680,2 fw Controll.static NAKNALFCOIF       -137.3999 -> -142.1999
22680,3 fw Controll.static IGLCENGMMMJ            26.4 -> 25.5
22692,9 fw Controll.static MKFDGFOCKNO          22.385 -> 22.435
22692,9 fw Controll.static LEKCBKLAILO          22.435 -> 22.485
22692,9 fw Controll.static OFJKHAFJIMA          0.0042 -> 0.0022
22696,7 fw Controll.static GIPNIMALPEG          0.9596 -> 0.3756
22709,6 fw player          LNIDBHIAJJI              21 -> 20
22709,6 fw player          ACAIGMNLLEC             177 -> 169
22709,6 fw Controll.static NAKNALFCOIF       -142.1999 -> -148.9499
22709,6 fw Controll.static IGLCENGMMMJ            25.5 -> 24.15
22724,2 fw Controll.static GIPNIMALPEG          0.3756 -> 0.9247
22731,1 fw Controll.static NAKNALFCOIF       -148.9499 -> -152.2498
22731,1 fw Controll.static IGLCENGMMMJ           24.15 -> 23.55
22741,7 fw Controll.static MKFDGFOCKNO          22.435 -> 22.485
22741,7 fw Controll.static LEKCBKLAILO          22.485 -> 22.535
22741,7 fw Controll.static OFJKHAFJIMA          0.0022 -> 0.0031
22745,0 fw player          LNIDBHIAJJI              20 -> 18
22745,0 fw player          ACAIGMNLLEC             169 -> 162
22758,4 fw Controll.static GIPNIMALPEG          0.9247 -> 0.6099
22758,4 fw Controll.static NAKNALFCOIF       -152.2498 -> -157.7999
22758,4 fw Controll.static IGLCENGMMMJ           23.55 -> 22.35
22780,8 fw Controll.static GIPNIMALPEG          0.6099 -> 0.0575
22780,8 fw Controll.static NAKNALFCOIF       -157.7999 -> -161.8499
22780,8 fw Controll.static IGLCENGMMMJ           22.35 -> 21.45
22796,6 fw player          BDHNEDFEHBA             384 -> 448
22796,6 fw player          LNIDBHIAJJI              18 -> 17
22796,6 fw player          ACAIGMNLLEC             162 -> 154
22796,6 fw Controll.static MKFDGFOCKNO          22.485 -> 22.5351
22796,6 fw Controll.static LEKCBKLAILO          22.535 -> 22.5851
22796,6 fw Controll.static OFJKHAFJIMA          0.0031 -> 0.0026
22808,4 fw Controll.static GIPNIMALPEG          0.0575 -> 0.6087
22808,4 fw Controll.static NAKNALFCOIF       -161.8499 -> -165.2999
22808,4 fw Controll.static IGLCENGMMMJ           21.45 -> 20.85
22830,6 fw Controll.static MNHBPCOOMLE         1577998 -> 1578219
22830,6 fw Controll.static GIPNIMALPEG          0.6087 -> 0.0541
22830,7 fw Controll.static NAKNALFCOIF       -165.2999 -> -167.2499
22830,7 fw Controll.static IGLCENGMMMJ           20.85 -> 20.4
22830,7 fw Controll        MJPKOOHJOPA         17.8014 -> 18.0215
22841,4 fw Controll.static GLGCAOADGMN               0 -> 1
22846,4 fw player          LNIDBHIAJJI              17 -> 15
22846,4 fw player          ACAIGMNLLEC             154 -> 147
22846,4 fw Controll.static MKFDGFOCKNO         22.5351 -> 22.5851
22846,4 fw Controll.static LEKCBKLAILO         22.5851 -> 22.6351
22860,5 fw Controll.static GIPNIMALPEG          0.0541 -> 0.6505
22860,5 fw Controll.static NAKNALFCOIF       -167.2499 -> -168.1499
22881,6 fw player          HOJIIOCKKLO              -1 -> 1
22881,7 fw Controll.static GIPNIMALPEG          0.6505 -> 0.0744
22881,7 fw Controll.static NAKNALFCOIF       -168.1499 -> -169.0499
22892,7 fw Controll.static IGLCENGMMMJ            20.4 -> 20.1
22892,8 fw Controll.static GCHFDAPNBNB               0 -> 1
22896,4 fw Controll.static IPCNAHJLMAP               0 -> 1
22896,4 fw Controll.static MKFDGFOCKNO         22.5851 -> 22.6351
22896,4 fw Controll.static LEKCBKLAILO         22.6351 -> 22.6851
22896,4 fw Controll.static OFJKHAFJIMA          0.0026 -> 0.0035
22909,5 fw player          BDHNEDFEHBA             448 -> 512
22909,5 fw player          LNIDBHIAJJI              15 -> 14
22909,5 fw player          ACAIGMNLLEC             147 -> 140
22909,5 fw Controll.static GIPNIMALPEG          0.0744 -> 0.6305
22917,3 fw Controll.static NAKNALFCOIF       -169.0499 -> -170.6999
22917,3 fw Controll.static IGLCENGMMMJ            20.1 -> 19.8
22925,7 fw Controll.static GLGCAOADGMN               1 -> 0
22931,9 fw Controll.static GIPNIMALPEG          0.6305 -> 0.0779
22942,3 fw Controll.static NAKNALFCOIF       -170.6999 -> -172.0499
22942,4 fw Controll.static IGLCENGMMMJ            19.8 -> 19.5
22946,1 fw Controll.static IPCNAHJLMAP               1 -> 2
22946,1 fw Controll.static MKFDGFOCKNO         22.6351 -> 22.6851
22946,1 fw Controll.static LEKCBKLAILO         22.6851 -> 22.7351
22946,1 fw Controll.static OFJKHAFJIMA          0.0035 -> 0.0037
22960,6 fw player          ACAIGMNLLEC             140 -> 137
22960,7 fw Controll.static GIPNIMALPEG          0.0779 -> 0.6534
22963,9 fw Controll.static NAKNALFCOIF       -172.0499 -> -172.7999
22963,9 fw Controll.static IGLCENGMMMJ            19.5 -> 19.35
22981,1 fw Controll.static GIPNIMALPEG          0.6534 -> 0.0628
22994,1 fw Controll.static NAKNALFCOIF       -172.7999 -> -173.6999
22994,1 fw Controll.static GCHFDAPNBNB               1 -> 0
22999,4 fw Controll.static IPCNAHJLMAP               2 -> 0
22999,4 fw Controll.static MKFDGFOCKNO         22.6851 -> 22.7351
22999,4 fw Controll.static LEKCBKLAILO         22.7351 -> 22.7851
22999,4 fw Controll.static OFJKHAFJIMA          0.0037 -> 0.003
23009,8 fw player          HIDMDLLHEKO               1 -> 4
23009,8 fw player          BDHNEDFEHBA             512 -> 448
23009,8 fw player          LNIDBHIAJJI              14 -> 13
23009,9 fw Controll.static GIPNIMALPEG          0.0628 -> 0.6366
23014,5 fw player          ACAIGMNLLEC             137 -> 135
23014,6 fw Controll.static NAKNALFCOIF       -173.6999 -> -175.4999
23014,6 fw Controll.static IGLCENGMMMJ           19.35 -> 18.9
23030,9 fw Controll.static MNHBPCOOMLE         1578219 -> 1578419
23030,9 fw Controll.static GIPNIMALPEG          0.6366 -> 0.0586
23030,9 fw Controll        MJPKOOHJOPA         18.0215 -> 18.2225
23041,0 fw Controll.static NAKNALFCOIF       -175.4999 -> -178.3499
23041,0 fw Controll.static IGLCENGMMMJ            18.9 -> 18.15
23046,5 fw player          BDHNEDFEHBA             448 -> 384
23046,5 fw player          ACAIGMNLLEC             135 -> 134
23046,5 fw Controll.static MKFDGFOCKNO         22.7351 -> 22.7851
23046,5 fw Controll.static LEKCBKLAILO         22.7851 -> 22.8351
23046,5 fw Controll.static OFJKHAFJIMA           0.003 -> 0.0028
23046,5 fw Controll        KOPOBDGHLFL               0 -> 1
23046,5 fw Controll        CLEHDNFKJPB          9.2899 -> 18.1882
23062,3 fw Controll.static GIPNIMALPEG          0.0586 -> 0.6869
23062,4 fw Controll.static NAKNALFCOIF       -178.3499 -> -181.3499
23062,4 fw Controll.static IGLCENGMMMJ           18.15 -> 16.95
23080,8 fw Controll.static OFJKHAFJIMA          0.0028 -> 0.0025
23091,9 fw Controll.static GIPNIMALPEG          0.6869 -> 0.2791
23091,9 fw Controll.static NAKNALFCOIF       -181.3499 -> -183.4499
23091,9 fw Controll.static IGLCENGMMMJ           16.95 -> 16.35
23095,7 fw player          HIDMDLLHEKO               4 -> 1
23095,8 fw player          ACAIGMNLLEC             134 -> 132
23109,8 fw player          FGFKPMPLNKO          17.999 -> 18.4654
23109,8 fw Controll.static MKFDGFOCKNO         22.7851 -> 22.8351
23109,8 fw Controll.static LEKCBKLAILO         22.8351 -> 22.8851
23114,3 fw Controll.static GIPNIMALPEG          0.2791 -> 0.7272
23114,3 fw Controll.static NAKNALFCOIF       -183.4499 -> -184.1999
23114,4 fw Controll.static IGLCENGMMMJ           16.35 -> 16.2
23129,7 fw Controll.static MKFDGFOCKNO         22.8351 -> 22.8851
23129,7 fw Controll.static LEKCBKLAILO         22.8851 -> 22.9351
23129,7 fw Controll.static OFJKHAFJIMA          0.0025 -> 0.0016
23142,6 fw Controll.static GIPNIMALPEG          0.7272 -> 0.2902
23142,6 fw Controll.static NAKNALFCOIF       -184.1999 -> -184.7999
23145,7 fw player          LNIDBHIAJJI              13 -> 12
23157,6 fw player          ACAIGMNLLEC             132 -> 130
23161,2 fw Controll.static GIPNIMALPEG          0.2902 -> 0.6648
23161,2 fw Controll.static NAKNALFCOIF       -184.7999 -> -185.5499
23193,0 fw Controll.static GIPNIMALPEG          0.6648 -> 0.2995
23193,0 fw Controll.static NAKNALFCOIF       -185.5499 -> -187.6498
23207,7 fw player          LNIDBHIAJJI              12 -> 10
23207,7 fw player          ACAIGMNLLEC             130 -> 125
23207,7 fw Controll.static MKFDGFOCKNO         22.8851 -> 22.9351
23207,7 fw Controll.static LEKCBKLAILO         22.9351 -> 22.9851
23207,7 fw Controll.static OFJKHAFJIMA          0.0016 -> 0.0148
23214,5 fw Controll.static GIPNIMALPEG          0.2995 -> 0.7301
23224,9 fw Controll.static NAKNALFCOIF       -187.6498 -> -188.6998
23228,7 fw Controll.static IPCNAHJLMAP               0 -> 1
23228,8 fw Controll.static MKFDGFOCKNO         22.9351 -> 22.9851
23228,8 fw Controll.static LEKCBKLAILO         22.9851 -> 23.0351
23228,8 fw Controll.static OFJKHAFJIMA          0.0148 -> 0.0006
23239,3 fw Controll.static GIPNIMALPEG          0.7301 -> 0.225
23244,4 fw Controll.static GCHFDAPNBNB               0 -> 1
23257,4 fw player          ACAIGMNLLEC             125 -> 124
23261,4 fw Controll.static GIPNIMALPEG           0.225 -> 0.6685
23276,1 fw Controll.static NAKNALFCOIF       -188.6998 -> -188.9998
23280,3 fw Controll.static IPCNAHJLMAP               1 -> 0
23280,3 fw Controll.static MKFDGFOCKNO         22.9851 -> 23.0351
23280,3 fw Controll.static LEKCBKLAILO         23.0351 -> 23.0851
23280,3 fw Controll.static OFJKHAFJIMA          0.0006 -> 0.002
23292,0 fw Controll.static GIPNIMALPEG          0.6685 -> 0.278
23296,4 fw Controll.static NAKNALFCOIF       -188.9998 -> -189.4498
23296,4 fw Controll.static GCHFDAPNBNB               1 -> 0
23296,5 fw Controll        KOPOBDGHLFL               1 -> 0
23308,3 fw Controll.static DJACNOGOCKD               0 -> 1
23312,8 fw player          BDHNEDFEHBA             384 -> 448
23312,8 fw player          ACAIGMNLLEC             124 -> 122
23312,8 fw Controll.static FBINCNDDPAO         13.3728 -> 18.1884
23312,8 fw Controll.static ILGHFLMKMCO         15.3728 -> 20.1884
23312,8 fw Controll.static JADIDAJFOGK            0.48 -> 0.26
23312,8 fw Controll.static GIPNIMALPEG           0.278 -> 0.6952
23324,2 fw Controll.static NAKNALFCOIF       -189.4498 -> -189.7498
23330,0 fw Controll.static MKFDGFOCKNO         23.0351 -> 23.0851
23330,1 fw Controll.static LEKCBKLAILO         23.0851 -> 23.1351
23330,1 fw Controll.static OFJKHAFJIMA           0.002 -> 0.0018
23345,9 fw player          HOJIIOCKKLO               1 -> -1
23345,9 fw Controll.static GIPNIMALPEG          0.6952 -> 0.3567
23351,1 fw Controll.static NAKNALFCOIF       -189.7498 -> -190.7998
23351,1 fw Controll.static IGLCENGMMMJ            16.2 -> 16.35
23377,1 fw Controll.static GIPNIMALPEG          0.3567 -> 0.9811
23377,1 fw Controll.static NAKNALFCOIF       -190.7998 -> -191.6998
23377,1 fw Controll.static IGLCENGMMMJ           16.35 -> 16.65
23382,1 fw player          HIDMDLLHEKO               1 -> 4
23382,1 fw player          BDHNEDFEHBA             448 -> 384
23382,1 fw player          LNIDBHIAJJI              10 -> 11
23382,1 fw player          ACAIGMNLLEC             122 -> 121
23382,1 fw Controll.static GCHFDAPNBNB               0 -> 1
23382,2 fw Controll.static IPCNAHJLMAP               0 -> 1
23382,2 fw Controll.static MKFDGFOCKNO         23.0851 -> 23.1352
23382,2 fw Controll.static LEKCBKLAILO         23.1351 -> 23.1852
23391,7 fw Controll.static OFJKHAFJIMA          0.0018 -> 0.0037
23396,4 fw player          HIDMDLLHEKO               4 -> 1
23396,4 fw player          HEADELMLILF               1 -> 0
23396,4 fw Controll.static GIPNIMALPEG          0.9811 -> 0.367
23396,4 fw Controll.static NAKNALFCOIF       -191.6998 -> -193.4998
23396,4 fw Controll.static IGLCENGMMMJ           16.65 -> 17.55
23396,4 fw Controll.static JEOINCHFPCC              -1 -> 0
23396,4 fw Controll.static DGNDKAKOEPD         1577595 -> 1578581
23396,4 fw Controll.static BEJBLGGGOCC       339156959 -> 339157936
23396,4 fw Controll.static JELGPAKAJPE             100 -> 112
23396,4 fw Controll.static EENJPDHGGGC         22.1637 -> 23.1492
23423,0 fw Controll.static GIPNIMALPEG           0.367 -> 0.8983
23423,0 fw Controll.static NAKNALFCOIF       -193.4998 -> -195.1498
23423,0 fw Controll.static IGLCENGMMMJ           17.55 -> 18.3
23439,9 fw Controll.static MKFDGFOCKNO         23.1352 -> 23.1852
23439,9 fw Controll.static LEKCBKLAILO         23.1852 -> 23.2352
23439,9 fw Controll.static OFJKHAFJIMA          0.0037 -> 0.0113
23443,7 fw Controll.static GIPNIMALPEG          0.8983 -> 0.3125
23443,8 fw Controll.static NAKNALFCOIF       -195.1498 -> -196.0498
23443,8 fw Controll.static IGLCENGMMMJ            18.3 -> 18.6
23457,2 fw Controll.static GCHFDAPNBNB               1 -> 0
23457,2 fw Controll.static IPCNAHJLMAP               1 -> 0
23475,2 fw player          BDHNEDFEHBA             384 -> 448
23475,2 fw player          ACAIGMNLLEC             121 -> 120
23475,2 fw player          HEADELMLILF               0 -> 1
23475,2 fw Controll.static GIPNIMALPEG          0.3125 -> 0.942
23475,2 fw Controll.static NAKNALFCOIF       -196.0498 -> -197.2498
23475,2 fw Controll.static IGLCENGMMMJ            18.6 -> 19.05
23490,3 fw Controll.static MKFDGFOCKNO         23.1852 -> 23.2352
23490,3 fw Controll.static LEKCBKLAILO         23.2352 -> 23.2852
23490,3 fw Controll.static OFJKHAFJIMA          0.0113 -> 0.0002
23494,7 fw Controll.static GIPNIMALPEG           0.942 -> 0.3327
23494,8 fw Controll.static NAKNALFCOIF       -197.2498 -> -198.4498
23506,2 fw Controll.static IGLCENGMMMJ           19.05 -> 19.65
23522,9 fw player          HIDMDLLHEKO               1 -> 4
23522,9 fw player          BDHNEDFEHBA             448 -> 384
23523,0 fw player          LNIDBHIAJJI              11 -> 12
23523,0 fw player          ACAIGMNLLEC             120 -> 119
23523,0 fw Controll.static GIPNIMALPEG          0.3327 -> 0.8971
23527,7 fw Controll.static NAKNALFCOIF       -198.4498 -> -201.5998
23527,8 fw Controll.static IGLCENGMMMJ           19.65 -> 20.1
23539,0 fw Controll.static MKFDGFOCKNO         23.2352 -> 23.2852
23539,0 fw Controll.static LEKCBKLAILO         23.2852 -> 23.3352
23539,0 fw Controll.static OFJKHAFJIMA          0.0002 -> 0.0106
23542,3 fw Controll.static GIPNIMALPEG          0.8971 -> 0.2849
23552,5 fw Controll.static NAKNALFCOIF       -201.5998 -> -203.8498
23552,5 fw Controll.static IGLCENGMMMJ            20.1 -> 20.55
23566,5 fw Controll.static GIPNIMALPEG          0.2849 -> 0.7665
23575,4 fw player          FGFKPMPLNKO         18.4654 -> 18.9311
23575,4 fw Controll.static NAKNALFCOIF       -203.8498 -> -205.0498
23575,4 fw Controll.static IGLCENGMMMJ           20.55 -> 20.85
23580,3 fw Controll.static MKFDGFOCKNO         23.2852 -> 23.3352
23580,3 fw Controll.static LEKCBKLAILO         23.3352 -> 23.3852
23580,3 fw Controll.static OFJKHAFJIMA          0.0106 -> 0.002
23592,1 fw Controll.static GIPNIMALPEG          0.7665 -> 0.278
23594,8 fw Controll.static NAKNALFCOIF       -205.0498 -> -205.6498
23594,8 fw Controll.static IGLCENGMMMJ           20.85 -> 21
23609,4 fw Controll.static GIPNIMALPEG           0.278 -> 0.626
23618,5 fw player          LNIDBHIAJJI              12 -> 13
23618,5 fw player          ACAIGMNLLEC             119 -> 116
23618,5 fw Controll.static NAKNALFCOIF       -205.6498 -> -206.2498
23618,5 fw Controll.static IGLCENGMMMJ              21 -> 21.3
23624,8 fw player          HIDMDLLHEKO               4 -> 1
23634,7 fw player          ACAIGMNLLEC             116 -> 115
23634,7 fw Controll.static GIPNIMALPEG           0.626 -> 0.1302
23648,3 fw Controll.static MKFDGFOCKNO         23.3352 -> 23.3852
23648,3 fw Controll.static LEKCBKLAILO         23.3852 -> 23.4352
23648,3 fw Controll.static OFJKHAFJIMA           0.002 -> 0.0062
23661,5 fw Controll.static GIPNIMALPEG          0.1302 -> 0.6676
23674,5 fw player          LNIDBHIAJJI              13 -> 14
23674,5 fw player          ACAIGMNLLEC             115 -> 112
23679,2 fw Controll.static GIPNIMALPEG          0.6676 -> 0.0203
23692,2 fw Controll.static MKFDGFOCKNO         23.3852 -> 23.4353
23692,2 fw Controll.static LEKCBKLAILO         23.4352 -> 23.4853
23692,2 fw Controll.static OFJKHAFJIMA          0.0062 -> 0.0008
23701,8 fw Controll.static GIPNIMALPEG          0.0203 -> 0.4728
23707,7 fw player          ACAIGMNLLEC             112 -> 110
23722,1 fw Controll.static GIPNIMALPEG          0.4728 -> 0.8787
23739,7 fw Controll.static MKFDGFOCKNO         23.4353 -> 23.4853
23739,7 fw Controll.static LEKCBKLAILO         23.4853 -> 23.5353
23739,7 fw Controll.static OFJKHAFJIMA          0.0008 -> 0.0113
23742,9 fw Controll.static GIPNIMALPEG          0.8787 -> 0.2935
23755,2 fw player          LNIDBHIAJJI              14 -> 15
23755,2 fw player          ACAIGMNLLEC             110 -> 109
23772,3 fw Controll.static GIPNIMALPEG          0.2935 -> 0.8825
23784,8 fw Controll.static MKFDGFOCKNO         23.4853 -> 23.5353
23784,8 fw Controll.static LEKCBKLAILO         23.5353 -> 23.5853
23784,8 fw Controll.static OFJKHAFJIMA          0.0113 -> 0.0065
23791,5 fw Controll.static GIPNIMALPEG          0.8825 -> 0.2661
23804,7 fw player          HEADELMLILF               1 -> 0
23810,5 fw Controll.static GIPNIMALPEG          0.2661 -> 0.6462
23828,4 fw Controll.static GIPNIMALPEG          0.6462 -> 0.0046
23842,1 fw Controll.static MKFDGFOCKNO         23.5353 -> 23.5853
23842,1 fw Controll.static LEKCBKLAILO         23.5853 -> 23.6353
23842,1 fw Controll.static OFJKHAFJIMA          0.0065 -> 0
23855,8 fw Controll.static GIPNIMALPEG          0.0046 -> 0.5509
23876,1 fw Controll.static GIPNIMALPEG          0.5509 -> 0.9593
23892,5 fw Controll.static MKFDGFOCKNO         23.5853 -> 23.6353
23892,5 fw Controll.static LEKCBKLAILO         23.6353 -> 23.6853
23892,5 fw Controll.static OFJKHAFJIMA               0 -> 0.0115
23904,4 fw Controll.static GIPNIMALPEG          0.9593 -> 0.5238
23931,4 fw Controll.static GIPNIMALPEG          0.5238 -> 0.0641
23931,4 fw Controll.static NAKNALFCOIF       -206.2498 -> -206.6998
23937,7 fw Controll.static MKFDGFOCKNO         23.6353 -> 23.6853
23937,7 fw Controll.static LEKCBKLAILO         23.6853 -> 23.7353
23944,8 fw Controll.static OFJKHAFJIMA          0.0115 -> 0.003
23951,0 fw Controll.static GIPNIMALPEG          0.0641 -> 0.4554
23951,0 fw Controll.static NAKNALFCOIF       -206.6998 -> -206.9998
23971,4 fw Controll.static GIPNIMALPEG          0.4554 -> 0.8641
23971,4 fw Controll.static NAKNALFCOIF       -206.9998 -> -207.1498
23986,5 fw Controll.static MKFDGFOCKNO         23.6853 -> 23.7354
23986,5 fw Controll.static LEKCBKLAILO         23.7353 -> 23.7854
23986,5 fw Controll.static OFJKHAFJIMA           0.003 -> 0.0077
23991,6 fw Controll.static GIPNIMALPEG          0.8641 -> 0.2666
23991,6 fw Controll.static NAKNALFCOIF       -207.1498 -> -207.5998
24011,8 fw Controll.static GIPNIMALPEG          0.2666 -> 0.6708
24011,9 fw Controll.static NAKNALFCOIF       -207.5998 -> -207.7498
24040,2 fw Controll.static GIPNIMALPEG          0.6708 -> 0.2367
24040,2 fw Controll.static NAKNALFCOIF       -207.7498 -> -208.0497
24042,2 fw player          HOJIIOCKKLO              -1 -> 1
24053,8 fw player          FGFKPMPLNKO         18.9311 -> 19.4006
24053,8 fw Controll.static MKFDGFOCKNO         23.7354 -> 23.7854
24053,8 fw Controll.static LEKCBKLAILO         23.7854 -> 23.8354
24053,8 fw Controll.static OFJKHAFJIMA          0.0077 -> 0.0115
24057,5 fw Controll.static GIPNIMALPEG          0.2367 -> 0.5843
24079,4 fw Controll.static GIPNIMALPEG          0.5843 -> 0.0224
24087,6 fw Controll.static GCHFDAPNBNB               0 -> 1
24091,0 fw Controll.static IPCNAHJLMAP               0 -> 1
24091,1 fw Controll.static MKFDGFOCKNO         23.7854 -> 23.8354
24091,1 fw Controll.static LEKCBKLAILO         23.8354 -> 23.8854
24091,1 fw Controll.static OFJKHAFJIMA          0.0115 -> 0.0009
24100,3 fw Controll.static GIPNIMALPEG          0.0224 -> 0.4411
24105,8 fw player          ACAIGMNLLEC             109 -> 108
24105,8 fw player          HEADELMLILF               0 -> 1
24121,3 fw Controll.static GIPNIMALPEG          0.4411 -> 0.8602
24128,7 fw Controll.static NAKNALFCOIF       -208.0497 -> -208.1997
24128,7 fw Controll.static GCHFDAPNBNB               1 -> 0
24134,0 fw Controll.static IPCNAHJLMAP               1 -> 0
24134,0 fw Controll.static MKFDGFOCKNO         23.8354 -> 23.8854
24134,0 fw Controll.static LEKCBKLAILO         23.8854 -> 23.9354
24134,0 fw Controll.static OFJKHAFJIMA          0.0009 -> 0.0002
24140,0 fw Controll.static GIPNIMALPEG          0.8602 -> 0.2349
24145,8 fw Controll.static NAKNALFCOIF       -208.1997 -> -208.3497
24158,4 fw player          BDHNEDFEHBA             384 -> 448
24158,5 fw Controll.static GIPNIMALPEG          0.2349 -> 0.6024
24172,3 fw player          HEADELMLILF               1 -> 0
24190,9 fw player          HIDMDLLHEKO               1 -> 4
24190,9 fw Controll.static GIPNIMALPEG          0.6024 -> 0.2526
24200,0 fw player          BDHNEDFEHBA             448 -> 384
24200,0 fw Controll.static MKFDGFOCKNO         23.8854 -> 23.9354
24200,0 fw Controll.static LEKCBKLAILO         23.9354 -> 23.9854
24205,6 fw Controll.static OFJKHAFJIMA          0.0002 -> 0.0098
24212,3 fw Controll.static GIPNIMALPEG          0.2526 -> 0.6802
24230,6 fw Controll.static GIPNIMALPEG          0.6802 -> 0.0452
24230,6 fw Controll.static NAKNALFCOIF       -208.3497 -> -208.4997
24236,3 fw player          ACAIGMNLLEC             108 -> 107
24236,3 fw player          HEADELMLILF               0 -> 1
24243,5 fw Controll.static MKFDGFOCKNO         23.9354 -> 23.9854
24243,5 fw Controll.static LEKCBKLAILO         23.9854 -> 24.0354
24243,5 fw Controll.static OFJKHAFJIMA          0.0098 -> 0.0021
24248,5 fw player          HIDMDLLHEKO               4 -> 1
24248,6 fw Controll.static GIPNIMALPEG          0.0452 -> 0.4049
24271,2 fw Controll.static GIPNIMALPEG          0.4049 -> 0.8572
24287,0 fw Controll.static MKFDGFOCKNO         23.9854 -> 24.0355
24287,0 fw Controll.static LEKCBKLAILO         24.0354 -> 24.0855
24287,0 fw Controll.static OFJKHAFJIMA          0.0021 -> 0.0085
24291,1 fw Controll.static GIPNIMALPEG          0.8572 -> 0.2559
24301,0 fw player          HEADELMLILF               1 -> 0
24314,9 fw Controll.static OINJNFHMDFE          0.4662 -> 0.2521
24314,9 fw Controll.static _JFKCDODJALP_k__BackingField            0 -> 2
24314,9 fw Controll.static GIPNIMALPEG          0.2559 -> 0.7296
24314,9 fw Controll.static JBKBOPCCIBM               0 -> 2
24333,4 fw Controll.static GIPNIMALPEG          0.7296 -> 0.0998
24346,0 fw Controll.static MKFDGFOCKNO         24.0355 -> 24.0855
24346,0 fw Controll.static LEKCBKLAILO         24.0855 -> 24.1355
24346,0 fw Controll.static OFJKHAFJIMA          0.0085 -> 0.0046
24353,9 fw Controll.static GIPNIMALPEG          0.0998 -> 0.5102
24373,0 fw Controll.static GIPNIMALPEG          0.5102 -> 0.8935
24379,8 fw Controll.static GCHFDAPNBNB               0 -> 1
24387,3 fw Controll.static IPCNAHJLMAP               0 -> 1
24387,3 fw Controll.static MKFDGFOCKNO         24.0855 -> 24.1355
24387,3 fw Controll.static LEKCBKLAILO         24.1355 -> 24.1855
24387,3 fw Controll.static OFJKHAFJIMA          0.0046 -> 0.0012
24392,2 fw Controll.static GIPNIMALPEG          0.8935 -> 0.2771
24400,3 fw Controll.static DGNDKAKOEPD         1578581 -> 1579581
24400,3 fw Controll.static BEJBLGGGOCC       339157936 -> 339158941
24400,3 fw Controll.static JELGPAKAJPE             112 -> 106
24400,3 fw Controll.static EENJPDHGGGC         23.1492 -> 24.1495
24414,0 fw Controll.static GIPNIMALPEG          0.2771 -> 0.7114
24438,0 fw Controll.static GIPNIMALPEG          0.7114 -> 0.1934
24444,3 fw Controll.static GCHFDAPNBNB               1 -> 0
24444,3 fw Controll.static IPCNAHJLMAP               1 -> 0
24444,3 fw Controll.static MKFDGFOCKNO         24.1355 -> 24.1855
24444,3 fw Controll.static LEKCBKLAILO         24.1855 -> 24.2355
24449,3 fw Controll.static OFJKHAFJIMA          0.0012 -> 0.0034
24456,8 fw Controll.static GIPNIMALPEG          0.1934 -> 0.5684
24474,0 fw Controll.static GIPNIMALPEG          0.5684 -> 0.9134
24491,0 fw Controll.static MKFDGFOCKNO         24.1855 -> 24.2355
24491,0 fw Controll.static LEKCBKLAILO         24.2355 -> 24.2855
24491,1 fw Controll.static OFJKHAFJIMA          0.0034 -> 0.0096
24503,0 fw Controll.static GIPNIMALPEG          0.9134 -> 0.4897
24506,1 fw player          HIDMDLLHEKO               1 -> 4
24506,1 fw player          HOJIIOCKKLO               1 -> -1
24506,1 fw player          BDHNEDFEHBA             384 -> 320
24515,9 fw player          FGFKPMPLNKO         19.4006 -> 19.8733
24521,7 fw Controll.static GIPNIMALPEG          0.4897 -> 0.8666
24536,1 fw Controll.static MKFDGFOCKNO         24.2355 -> 24.2855
24536,1 fw Controll.static LEKCBKLAILO         24.2855 -> 24.3355
24536,1 fw Controll.static OFJKHAFJIMA          0.0096 -> 0.0014
24541,7 fw Controll.static GIPNIMALPEG          0.8666 -> 0.2646
24560,2 fw Controll.static GIPNIMALPEG          0.2646 -> 0.6357
24573,7 fw player          HIDMDLLHEKO               4 -> 1
24588,3 fw Controll.static GIPNIMALPEG          0.6357 -> 0.1956
24603,7 fw Controll.static MKFDGFOCKNO         24.2855 -> 24.3356
24603,7 fw Controll.static LEKCBKLAILO         24.3355 -> 24.3856
24603,7 fw Controll.static OFJKHAFJIMA          0.0014 -> 0.0096
24607,5 fw Controll.static GIPNIMALPEG          0.1956 -> 0.5806
24628,4 fw Controll.static GIPNIMALPEG          0.5806 -> 0.9984
24638,0 fw Controll.static NAKNALFCOIF       -208.4997 -> -208.3497
24641,0 fw Controll.static MKFDGFOCKNO         24.3356 -> 24.3856
24641,0 fw Controll.static LEKCBKLAILO         24.3856 -> 24.4356
24641,0 fw Controll.static OFJKHAFJIMA          0.0096 -> 0.0093
24655,3 fw Controll.static GIPNIMALPEG          0.9984 -> 0.5358
24658,4 fw Controll.static NAKNALFCOIF       -208.3497 -> -207.7497
24676,0 fw Controll.static GIPNIMALPEG          0.5358 -> 0.9513
24686,7 fw Controll.static NAKNALFCOIF       -207.7497 -> -205.3497
24686,7 fw Controll.static IGLCENGMMMJ            21.3 -> 20.7
24691,3 fw Controll.static MKFDGFOCKNO         24.3856 -> 24.4356
24691,3 fw Controll.static LEKCBKLAILO         24.4356 -> 24.4856
24691,3 fw Controll.static OFJKHAFJIMA          0.0093 -> 0.0079
24707,5 fw Controll.static GIPNIMALPEG          0.9513 -> 0.5806
24707,5 fw Controll.static NAKNALFCOIF       -205.3497 -> -204.1497
24707,5 fw Controll.static IGLCENGMMMJ            20.7 -> 20.55
24737,4 fw Controll.static GIPNIMALPEG          0.5806 -> 0.1771
24737,4 fw Controll.static NAKNALFCOIF       -204.1497 -> -199.3497
24737,4 fw Controll.static IGLCENGMMMJ           20.55 -> 19.65
24750,2 fw Controll.static MKFDGFOCKNO         24.4356 -> 24.4856
24750,2 fw Controll.static LEKCBKLAILO         24.4856 -> 24.5356
24750,3 fw Controll.static OFJKHAFJIMA          0.0079 -> 0.0084
24755,2 fw Controll.static GIPNIMALPEG          0.1771 -> 0.5338
24755,2 fw Controll.static NAKNALFCOIF       -199.3497 -> -195.2997
24755,2 fw Controll.static IGLCENGMMMJ           19.65 -> 18.9
24778,1 fw Controll.static GIPNIMALPEG          0.5338 -> 0.9924
24778,1 fw Controll.static NAKNALFCOIF       -195.2997 -> -187.7997
24778,1 fw Controll.static IGLCENGMMMJ            18.9 -> 17.55
24790,7 fw Controll.static MKFDGFOCKNO         24.4856 -> 24.5356
24790,7 fw Controll.static LEKCBKLAILO         24.5356 -> 24.5856
24790,7 fw Controll.static OFJKHAFJIMA          0.0084 -> 0.0065
24797,4 fw Controll.static GIPNIMALPEG          0.9924 -> 0.3771
24797,4 fw Controll.static NAKNALFCOIF       -187.7997 -> -179.6997
24797,4 fw Controll.static IGLCENGMMMJ           17.55 -> 16.35
24814,4 fw Controll.static GIPNIMALPEG          0.3771 -> 0.7177
24814,4 fw Controll.static NAKNALFCOIF       -179.6997 -> -174.4497
24823,5 fw Controll.static IGLCENGMMMJ           16.35 -> 16.2
24838,6 fw Controll.static GIPNIMALPEG          0.7177 -> 0.1999
24841,6 fw Controll.static NAKNALFCOIF       -174.4497 -> -166.1997
24853,5 fw player          LNIDBHIAJJI              15 -> 14
24853,5 fw player          ACAIGMNLLEC             107 -> 109
24853,6 fw player          HEADELMLILF               0 -> 1
24853,6 fw Controll.static MKFDGFOCKNO         24.5356 -> 24.5856
24853,6 fw Controll.static LEKCBKLAILO         24.5856 -> 24.6356
24853,6 fw Controll.static OFJKHAFJIMA          0.0065 -> 0.0096
24855,9 fw Controll.static GIPNIMALPEG          0.1999 -> 0.5486
24864,9 fw Controll.static NAKNALFCOIF       -166.1997 -> -156.2997
24881,4 fw Controll.static GIPNIMALPEG          0.5486 -> 0.0562
24886,4 fw Controll.static NAKNALFCOIF       -156.2997 -> -145.3497
24895,0 fw player          LNIDBHIAJJI              14 -> 13
24895,0 fw Controll.static MKFDGFOCKNO         24.5856 -> 24.6356
24895,0 fw Controll.static LEKCBKLAILO         24.6356 -> 24.6856
24895,0 fw Controll.static OFJKHAFJIMA          0.0096 -> 0.0025
24898,5 fw player          ACAIGMNLLEC             109 -> 114
24898,5 fw Controll.static GIPNIMALPEG          0.0562 -> 0.3988
24910,7 fw Controll.static NAKNALFCOIF       -145.3497 -> -135.1497
24924,2 fw Controll.static GIPNIMALPEG          0.3988 -> 0.9136
24930,0 fw player          BDHNEDFEHBA             320 -> 384
24930,0 fw player          LNIDBHIAJJI              13 -> 12
24930,0 fw player          ACAIGMNLLEC             114 -> 124
24930,1 fw Controll.static NAKNALFCOIF       -135.1497 -> -129.7497
24938,8 fw Controll.static GCHFDAPNBNB               0 -> 1
24938,8 fw Controll.static IPCNAHJLMAP               0 -> 1
24938,8 fw Controll.static MKFDGFOCKNO         24.6356 -> 24.6857
24938,8 fw Controll.static LEKCBKLAILO         24.6856 -> 24.7357
24938,8 fw Controll.static OFJKHAFJIMA          0.0025 -> 0.0012
24944,3 fw Controll.static GIPNIMALPEG          0.9136 -> 0.3147
24954,9 fw Controll.static NAKNALFCOIF       -129.7497 -> -125.3997
24976,3 fw Controll.static GIPNIMALPEG          0.3147 -> 0.9548
24976,3 fw Controll.static NAKNALFCOIF       -125.3997 -> -124.1997
24987,7 fw Controll.static GCHFDAPNBNB               1 -> 0
24987,7 fw Controll.static IPCNAHJLMAP               1 -> 0
24987,7 fw Controll.static MKFDGFOCKNO         24.6857 -> 24.7357
24987,8 fw Controll.static LEKCBKLAILO         24.7357 -> 24.7857
24992,5 fw Controll.static OFJKHAFJIMA          0.0012 -> 0.0088
25003,1 fw player          FGFKPMPLNKO         19.8733 -> 20.3491
25003,2 fw Controll.static GIPNIMALPEG          0.9548 -> 0.4913
25003,2 fw Controll.static NAKNALFCOIF       -124.1997 -> -123.7497
25007,3 fw player          LNIDBHIAJJI              12 -> 11
25007,3 fw player          ACAIGMNLLEC             124 -> 137
25021,8 fw player          HOJIIOCKKLO              -1 -> 1
25021,8 fw Controll.static GIPNIMALPEG          0.4913 -> 0.8639
25041,1 fw Controll.static MKFDGFOCKNO         24.7357 -> 24.7857
25041,1 fw Controll.static LEKCBKLAILO         24.7857 -> 24.8357
25041,1 fw Controll.static OFJKHAFJIMA          0.0088 -> 0.0096
25053,8 fw player          ACAIGMNLLEC             137 -> 150
25053,8 fw Controll.static GIPNIMALPEG          0.8639 -> 0.5036
25053,8 fw Controll.static NAKNALFCOIF       -123.7497 -> -123.4497
25058,2 fw Controll        KOPOBDGHLFL               0 -> 1
25058,2 fw Controll        CLEHDNFKJPB         18.1882 -> 20.2001
25073,9 fw Controll.static GIPNIMALPEG          0.5036 -> 0.9059
25073,9 fw Controll.static NAKNALFCOIF       -123.4497 -> -122.8497
25091,3 fw Controll.static MKFDGFOCKNO         24.7857 -> 24.8357
25091,3 fw Controll.static LEKCBKLAILO         24.8357 -> 24.8857
25091,3 fw Controll.static OFJKHAFJIMA          0.0096 -> 0.0079
25102,6 fw Controll.static GIPNIMALPEG          0.9059 -> 0.4789
25102,6 fw Controll.static NAKNALFCOIF       -122.8497 -> -121.4997
25106,1 fw Controll.static IGLCENGMMMJ            16.2 -> 16.5
25119,7 fw player          HIDMDLLHEKO               1 -> 4
25119,8 fw player          BDHNEDFEHBA             384 -> 320
25119,8 fw player          ACAIGMNLLEC             150 -> 163
25123,4 fw Controll.static GIPNIMALPEG          0.4789 -> 0.8956
25136,7 fw Controll.static NAKNALFCOIF       -121.4997 -> -120.8997
25136,7 fw Controll.static IGLCENGMMMJ            16.5 -> 16.65
25140,1 fw Controll.static MKFDGFOCKNO         24.8357 -> 24.8857
25140,1 fw Controll.static LEKCBKLAILO         24.8857 -> 24.9357
25155,1 fw Controll.static GIPNIMALPEG          0.8956 -> 0.5292
25158,2 fw Controll.static NAKNALFCOIF       -120.8997 -> -120.4497
25158,2 fw Controll.static IGLCENGMMMJ           16.65 -> 16.8
25169,4 fw player          HIDMDLLHEKO               4 -> 1
25173,3 fw player          ACAIGMNLLEC             163 -> 167
25173,4 fw Controll.static GIPNIMALPEG          0.5292 -> 0.8941
25184,6 fw Controll.static NAKNALFCOIF       -120.4497 -> -119.9997
25184,6 fw Controll.static IGLCENGMMMJ            16.8 -> 16.95
25188,9 fw Controll.static MKFDGFOCKNO         24.8857 -> 24.9357
25188,9 fw Controll.static LEKCBKLAILO         24.9357 -> 24.9857
25188,9 fw Controll.static OFJKHAFJIMA          0.0079 -> 0.0057
25201,2 fw Controll.static GIPNIMALPEG          0.8941 -> 0.45
25204,8 fw player          ACAIGMNLLEC             167 -> 168
25204,8 fw Controll.static NAKNALFCOIF       -119.9997 -> -118.6497
25204,8 fw Controll.static IGLCENGMMMJ           16.95 -> 17.55
25221,0 fw Controll.static GIPNIMALPEG            0.45 -> 0.8476
25233,4 fw Controll.static NAKNALFCOIF       -118.6497 -> -117.2997
25233,4 fw Controll.static IGLCENGMMMJ           17.55 -> 17.85
25236,9 fw player          ACAIGMNLLEC             168 -> 169
25236,9 fw Controll.static MKFDGFOCKNO         24.9357 -> 24.9858
25237,0 fw Controll.static LEKCBKLAILO         24.9857 -> 25.0357
25237,0 fw Controll.static OFJKHAFJIMA          0.0057 -> 0.0046
25247,8 fw Controll.static GIPNIMALPEG          0.8476 -> 0.3802
25254,3 fw Controll.static NAKNALFCOIF       -117.2997 -> -116.3997
25254,3 fw Controll.static IGLCENGMMMJ           17.85 -> 18
25268,5 fw player          ACAIGMNLLEC             169 -> 170
25276,8 fw Controll.static GIPNIMALPEG          0.3802 -> 0.964
25276,8 fw Controll.static NAKNALFCOIF       -116.3997 -> -115.6497
25284,4 fw Controll.static MKFDGFOCKNO         24.9858 -> 25.0358
25284,4 fw Controll.static LEKCBKLAILO         25.0357 -> 25.0858
25289,8 fw Controll.static OFJKHAFJIMA          0.0046 -> 0.0055
25299,4 fw Controll.static GIPNIMALPEG           0.964 -> 0.4144
25299,4 fw Controll.static JBKBOPCCIBM               2 -> 0
25299,4 fw Controll.static NAKNALFCOIF       -115.6497 -> -115.4997
25302,9 fw player          HEADELMLILF               1 -> 0
25302,9 fw Controll.static DJACNOGOCKD               1 -> 0
25313,7 fw Controll.static _JFKCDODJALP_k__BackingField            2 -> 0
25313,8 fw Controll        KOPOBDGHLFL               1 -> 0
25319,7 fw player          LNIDBHIAJJI              11 -> 12
25319,7 fw Controll.static GIPNIMALPEG          0.4144 -> 0.8209
25319,7 fw Controll.static NAKNALFCOIF       -115.4997 -> -115.1997
25330,8 fw Controll.static GLGCAOADGMN               0 -> 1
25335,2 fw player          ACAIGMNLLEC             170 -> 172
25335,2 fw player          HEADELMLILF               0 -> 1
25335,2 fw Controll.static MKFDGFOCKNO         25.0358 -> 25.0858
25335,2 fw Controll.static LEKCBKLAILO         25.0858 -> 25.1358
25335,2 fw Controll.static OFJKHAFJIMA          0.0055 -> 0.0017
25346,1 fw Controll.static MNHBPCOOMLE         1578419 -> 1580769
25346,1 fw Controll.static GIPNIMALPEG          0.8209 -> 0.3472
25346,1 fw Controll.static NAKNALFCOIF       -115.1997 -> -114.4497
25346,1 fw Controll.static JEOINCHFPCC               0 -> -1
25369,3 fw Controll.static GIPNIMALPEG          0.3472 -> 0.813
25369,3 fw Controll.static NAKNALFCOIF       -114.4497 -> -113.3997
25384,5 fw Controll.static MKFDGFOCKNO         25.0858 -> 25.1358
25384,5 fw Controll.static LEKCBKLAILO         25.1358 -> 25.1858
25384,5 fw Controll.static OFJKHAFJIMA          0.0017 -> 0.0056
25390,5 fw Controll.static GIPNIMALPEG           0.813 -> 0.2363
25390,5 fw Controll.static NAKNALFCOIF       -113.3997 -> -111.7497
25390,5 fw Controll        KOPOBDGHLFL               0 -> 1
25390,5 fw Controll        CLEHDNFKJPB         20.2001 -> 20.5319
25400,9 fw player          ACAIGMNLLEC             172 -> 173
25400,9 fw Controll.static IGLCENGMMMJ              18 -> 17.55
25400,9 fw Controll.static DGNDKAKOEPD         1579581 -> 1580573
25400,9 fw Controll.static BEJBLGGGOCC       339158941 -> 339159936
25400,9 fw Controll.static JELGPAKAJPE             106 -> 101
25400,9 fw Controll.static EENJPDHGGGC         24.1495 -> 25.1418
25400,9 fw Controll.static GLGCAOADGMN               1 -> 0
25417,8 fw Controll.static GIPNIMALPEG          0.2363 -> 0.7818
25421,4 fw Controll.static NAKNALFCOIF       -111.7497 -> -109.1997
25421,4 fw Controll.static IGLCENGMMMJ           17.55 -> 17.1
25434,6 fw Controll.static MKFDGFOCKNO         25.1358 -> 25.1858
25434,6 fw Controll.static LEKCBKLAILO         25.1858 -> 25.2358
25439,8 fw player          ACAIGMNLLEC             173 -> 174
25439,8 fw Controll.static GIPNIMALPEG          0.7818 -> 0.2226
25451,6 fw Controll.static NAKNALFCOIF       -109.1997 -> -107.2497
25451,6 fw Controll.static IGLCENGMMMJ            17.1 -> 16.65
25470,4 fw player          FGFKPMPLNKO         20.3491 -> 20.8261
25470,5 fw Controll.static GIPNIMALPEG          0.2226 -> 0.8347
25473,3 fw Controll.static NAKNALFCOIF       -107.2497 -> -105.8997
25473,3 fw Controll.static IGLCENGMMMJ           16.65 -> 16.35
25484,2 fw player          HOJIIOCKKLO               1 -> -1
25484,2 fw Controll.static MKFDGFOCKNO         25.1858 -> 25.2358
25484,2 fw Controll.static LEKCBKLAILO         25.2358 -> 25.2858
25484,2 fw Controll.static OFJKHAFJIMA          0.0056 -> 0.0053
25490,6 fw player          ACAIGMNLLEC             174 -> 176
25490,7 fw Controll.static GIPNIMALPEG          0.8347 -> 0.2392
25501,0 fw Controll.static NAKNALFCOIF       -105.8997 -> -103.4997
25501,0 fw Controll.static IGLCENGMMMJ           16.35 -> 15.9
25518,9 fw Controll.static GIPNIMALPEG          0.2392 -> 0.8033
25521,9 fw Controll.static NAKNALFCOIF       -103.4997 -> -102.4497
25521,9 fw Controll.static IGLCENGMMMJ            15.9 -> 15.75
25536,9 fw Controll.static MKFDGFOCKNO         25.2358 -> 25.2858
25536,9 fw Controll.static LEKCBKLAILO         25.2858 -> 25.3358
25536,9 fw Controll.static OFJKHAFJIMA          0.0053 -> 0.0079
25539,8 fw player          ACAIGMNLLEC             176 -> 178
25539,8 fw Controll.static GIPNIMALPEG          0.8033 -> 0.2225
25551,7 fw Controll.static NAKNALFCOIF       -102.4497 -> -99.1497
25551,7 fw Controll.static IGLCENGMMMJ           15.75 -> 15.15
25570,9 fw Controll.static GIPNIMALPEG          0.2225 -> 0.8439
25570,9 fw Controll.static NAKNALFCOIF        -99.1497 -> -97.3497
25570,9 fw Controll.static IGLCENGMMMJ           15.15 -> 14.7
25583,9 fw Controll.static MKFDGFOCKNO         25.2858 -> 25.3358
25583,9 fw Controll.static LEKCBKLAILO         25.3358 -> 25.3858
25588,0 fw Controll.static OFJKHAFJIMA          0.0079 -> 0.0049
25600,0 fw player          LNIDBHIAJJI              12 -> 11
25600,0 fw player          ACAIGMNLLEC             178 -> 181
25600,0 fw Controll.static GIPNIMALPEG          0.8439 -> 0.4246
25600,0 fw Controll.static NAKNALFCOIF        -97.3497 -> -93.7497
25600,0 fw Controll.static IGLCENGMMMJ            14.7 -> 13.35
25621,7 fw Controll.static GIPNIMALPEG          0.4246 -> 0.8599
25621,7 fw Controll.static NAKNALFCOIF        -93.7497 -> -91.0497
25621,7 fw Controll.static IGLCENGMMMJ           13.35 -> 12.3
25637,7 fw Controll.static BFEOOOMMGLK               0 -> 1
25637,7 fw Controll.static GLGCAOADGMN               0 -> 1
25637,8 fw Controll        MJPKOOHJOPA         18.2225 -> 20.8274
25642,8 fw Controll.static MKFDGFOCKNO         25.3358 -> 25.3859
25642,9 fw Controll.static LEKCBKLAILO         25.3858 -> 25.4359
25642,9 fw Controll.static OFJKHAFJIMA          0.0049 -> 0.0089
25642,9 fw Controll        KOPOBDGHLFL               1 -> 0
25654,6 fw player          BDHNEDFEHBA             320 -> 384
25654,6 fw player          LNIDBHIAJJI              11 -> 10
25654,6 fw player          ACAIGMNLLEC             181 -> 184
25654,6 fw Controll.static MNHBPCOOMLE         1580769 -> 1581026
25654,7 fw Controll.static GIPNIMALPEG          0.8599 -> 0.518
25654,7 fw Controll.static NAKNALFCOIF        -91.0497 -> -87.7497
25654,7 fw Controll.static IGLCENGMMMJ            12.3 -> 10.8
25659,2 fw Controll.static BFEOOOMMGLK               1 -> 0
25675,6 fw Controll.static GIPNIMALPEG           0.518 -> 0.9368
25675,6 fw Controll.static NAKNALFCOIF        -87.7497 -> -85.9497
25675,6 fw Controll.static IGLCENGMMMJ            10.8 -> 10.2
25687,0 fw Controll.static GLGCAOADGMN               1 -> 0
25692,8 fw Controll.static MKFDGFOCKNO         25.3859 -> 25.4359
25692,8 fw Controll.static LEKCBKLAILO         25.4359 -> 25.4859
25692,8 fw Controll.static OFJKHAFJIMA          0.0089 -> 0.0081
25703,0 fw player          LNIDBHIAJJI              10 -> 9
25703,0 fw player          ACAIGMNLLEC             184 -> 188
25703,0 fw Controll.static GIPNIMALPEG          0.9368 -> 0.4851
25703,0 fw Controll.static NAKNALFCOIF        -85.9497 -> -82.6497
25707,9 fw Controll.static IGLCENGMMMJ            10.2 -> 8.85
25722,9 fw Controll.static GIPNIMALPEG          0.4851 -> 0.883
25735,1 fw Controll.static NAKNALFCOIF        -82.6497 -> -80.8497
25735,1 fw Controll.static IGLCENGMMMJ            8.85 -> 8.1
25739,2 fw Controll.static MKFDGFOCKNO         25.4359 -> 25.4859
25739,2 fw Controll.static LEKCBKLAILO         25.4859 -> 25.5359
25739,2 fw Controll.static OFJKHAFJIMA          0.0081 -> 0.0062
25750,7 fw Controll.static GIPNIMALPEG           0.883 -> 0.438
25755,4 fw player          LNIDBHIAJJI               9 -> 8
25755,4 fw player          ACAIGMNLLEC             188 -> 191
25755,4 fw Controll.static NAKNALFCOIF        -80.8497 -> -80.3997
25755,4 fw Controll.static IGLCENGMMMJ             8.1 -> 7.95
25773,3 fw Controll.static GIPNIMALPEG           0.438 -> 0.8903
25784,4 fw Controll.static NAKNALFCOIF        -80.3997 -> -80.0997
25784,4 fw Controll.static IGLCENGMMMJ            7.95 -> 7.8
25784,4 fw Controll.static JEOINCHFPCC              -1 -> 0
25791,1 fw player          LNIDBHIAJJI               8 -> 6
25791,1 fw player          ACAIGMNLLEC             191 -> 196
25791,2 fw Controll.static MKFDGFOCKNO         25.4859 -> 25.5359
25791,2 fw Controll.static LEKCBKLAILO         25.5359 -> 25.5859
25791,2 fw Controll.static OFJKHAFJIMA          0.0062 -> 0.0055
25800,7 fw Controll.static GIPNIMALPEG          0.8903 -> 0.4392
25810,0 fw Controll.static NAKNALFCOIF        -80.0997 -> -79.9497
25825,3 fw Controll.static GIPNIMALPEG          0.4392 -> 0.9306
25837,7 fw Controll        MJPKOOHJOPA         20.8274 -> 21.0294
25842,8 fw player          LNIDBHIAJJI               6 -> 4
25842,8 fw player          ACAIGMNLLEC             196 -> 198
25842,8 fw Controll.static GLGCAOADGMN               0 -> 1
25842,8 fw Controll.static MKFDGFOCKNO         25.5359 -> 25.5859
25842,8 fw Controll.static LEKCBKLAILO         25.5859 -> 25.6359
25842,8 fw Controll.static OFJKHAFJIMA          0.0055 -> 0.0088
25854,6 fw Controll.static MNHBPCOOMLE         1581026 -> 1581226
25854,6 fw Controll.static GIPNIMALPEG          0.9306 -> 0.5144
25888,6 fw Controll.static GIPNIMALPEG          0.5144 -> 0.1958
25892,7 fw Controll.static MKFDGFOCKNO         25.5859 -> 25.6359
25892,7 fw Controll.static LEKCBKLAILO         25.6359 -> 25.6859
25903,9 fw player          ACAIGMNLLEC             198 -> 199
25904,0 fw Controll.static OFJKHAFJIMA          0.0088 -> 0.0096
25909,6 fw Controll.static GIPNIMALPEG          0.1958 -> 0.6164
25925,1 fw player          HOJIIOCKKLO              -1 -> 1
25937,5 fw Controll.static GIPNIMALPEG          0.6164 -> 0.1744
25941,5 fw player          FGFKPMPLNKO         20.8261 -> 21.2944
25953,2 fw player          LNIDBHIAJJI               4 -> 5
25953,2 fw player          HEADELMLILF               1 -> 0
25953,2 fw Controll.static MKFDGFOCKNO         25.6359 -> 25.6859
25953,2 fw Controll.static LEKCBKLAILO         25.6859 -> 25.7359
25953,2 fw Controll.static OFJKHAFJIMA          0.0096 -> 0.0085
25958,9 fw Controll.static GIPNIMALPEG          0.1744 -> 0.6012
25971,4 fw Controll.static GLGCAOADGMN               1 -> 0
25988,8 fw Controll.static GIPNIMALPEG          0.6012 -> 0.1988
26003,8 fw player          LNIDBHIAJJI               5 -> 4
26003,8 fw Controll.static MKFDGFOCKNO         25.6859 -> 25.7359
26003,8 fw Controll.static LEKCBKLAILO         25.7359 -> 25.7859
26003,9 fw Controll.static OFJKHAFJIMA          0.0085 -> 0.0097
26010,1 fw Controll.static GIPNIMALPEG          0.1988 -> 0.6244
26035,5 fw Controll.static GIPNIMALPEG          0.6244 -> 0.1319
26053,5 fw Controll.static GLGCAOADGMN               0 -> 1
26053,6 fw Controll.static MKFDGFOCKNO         25.7359 -> 25.7859
26053,6 fw Controll.static LEKCBKLAILO         25.7859 -> 25.8359
26053,6 fw Controll.static OFJKHAFJIMA          0.0097 -> 0.0064
26053,6 fw Controll        MJPKOOHJOPA         21.0294 -> 21.244
26057,3 fw Controll.static MNHBPCOOMLE         1581226 -> 1581441
26057,3 fw Controll.static GIPNIMALPEG          0.1319 -> 0.5697
26085,3 fw Controll.static GIPNIMALPEG          0.5697 -> 0.1296
26102,8 fw Controll.static MKFDGFOCKNO         25.7859 -> 25.8359
26102,8 fw Controll.static LEKCBKLAILO         25.8359 -> 25.8859
26102,8 fw Controll.static OFJKHAFJIMA          0.0064 -> 0.0063
26108,6 fw Controll.static GIPNIMALPEG          0.1296 -> 0.5964
26136,0 fw Controll.static GIPNIMALPEG          0.5964 -> 0.1425
26141,3 fw player          LNIDBHIAJJI               4 -> 5
26153,0 fw Controll.static GLGCAOADGMN               1 -> 0
26153,0 fw Controll.static MKFDGFOCKNO         25.8359 -> 25.8859
26153,0 fw Controll.static LEKCBKLAILO         25.8859 -> 25.9359
26153,0 fw Controll.static OFJKHAFJIMA          0.0063 -> 0.0069
26157,4 fw Controll.static GIPNIMALPEG          0.1425 -> 0.5706
26190,4 fw Controll.static GIPNIMALPEG          0.5706 -> 0.231
26199,9 fw player          LNIDBHIAJJI               5 -> 4
26199,9 fw Controll.static MKFDGFOCKNO         25.8859 -> 25.936
26199,9 fw Controll.static LEKCBKLAILO         25.9359 -> 25.986
26204,4 fw Controll.static OFJKHAFJIMA          0.0069 -> 0.0056
26216,5 fw Controll.static GIPNIMALPEG           0.231 -> 0.7536
26233,3 fw Controll.static MKFDGFOCKNO          25.936 -> 25.986
26233,3 fw Controll.static LEKCBKLAILO          25.986 -> 26.036
26233,3 fw Controll.static OFJKHAFJIMA          0.0056 -> 0.0043
26237,0 fw Controll.static GIPNIMALPEG          0.7536 -> 0.1626
26253,8 fw Controll        MJPKOOHJOPA          21.244 -> 21.4463
26265,0 fw Controll.static MNHBPCOOMLE         1581441 -> 1581642
26265,0 fw Controll.static GIPNIMALPEG          0.1626 -> 0.7232
26282,0 fw Controll.static MKFDGFOCKNO          25.986 -> 26.036
26282,0 fw Controll.static LEKCBKLAILO          26.036 -> 26.086
26282,0 fw Controll.static OFJKHAFJIMA          0.0043 -> 0.0029
26288,4 fw Controll.static GIPNIMALPEG          0.7232 -> 0.1907
26315,5 fw Controll.static GIPNIMALPEG          0.1907 -> 0.7323
26333,2 fw Controll.static MKFDGFOCKNO          26.036 -> 26.086
26333,2 fw Controll.static LEKCBKLAILO          26.086 -> 26.136
26333,3 fw Controll.static OFJKHAFJIMA          0.0029 -> 0.0042
26337,0 fw Controll.static GIPNIMALPEG          0.7323 -> 0.162
26365,0 fw Controll.static GIPNIMALPEG           0.162 -> 0.7219
26375,5 fw player          LNIDBHIAJJI               4 -> 5
26385,5 fw Controll.static MKFDGFOCKNO          26.086 -> 26.136
26385,5 fw Controll.static LEKCBKLAILO          26.136 -> 26.186
26385,5 fw Controll.static OFJKHAFJIMA          0.0042 -> 0.0064
26391,2 fw player          HOJIIOCKKLO               1 -> -1
26391,2 fw Controll.static GIPNIMALPEG          0.7219 -> 0.2463
26416,6 fw player          FGFKPMPLNKO         21.2944 -> 21.7632
26416,7 fw Controll.static GIPNIMALPEG          0.2463 -> 0.7557
26421,6 fw player          LNIDBHIAJJI               5 -> 4
26421,6 fw Controll.static NAKNALFCOIF        -79.9497 -> -79.6497
26421,6 fw Controll.static IGLCENGMMMJ             7.8 -> 8.1
26421,6 fw Controll.static DGNDKAKOEPD         1580573 -> 1581594
26421,6 fw Controll.static BEJBLGGGOCC       339159936 -> 339160933
26421,6 fw Controll.static JELGPAKAJPE             101 -> 123
26421,6 fw Controll.static EENJPDHGGGC         25.1418 -> 26.1627
26433,9 fw Controll.static MKFDGFOCKNO          26.136 -> 26.186
26433,9 fw Controll.static LEKCBKLAILO          26.186 -> 26.236
26433,9 fw Controll.static OFJKHAFJIMA          0.0064 -> 0.0047
26438,7 fw Controll.static GIPNIMALPEG          0.7557 -> 0.1966
26449,5 fw Controll.static NAKNALFCOIF        -79.6497 -> -79.4996
26449,5 fw Controll.static IGLCENGMMMJ             8.1 -> 8.25
26465,3 fw Controll.static GIPNIMALPEG          0.1966 -> 0.7282
26480,8 fw Controll.static MKFDGFOCKNO          26.186 -> 26.236
26480,8 fw Controll.static LEKCBKLAILO          26.236 -> 26.286
26480,8 fw Controll.static OFJKHAFJIMA          0.0047 -> 0.0017
26499,7 fw Controll.static GIPNIMALPEG          0.7282 -> 0.4163
26499,8 fw Controll.static NAKNALFCOIF        -79.4996 -> -79.3496
26499,8 fw Controll.static IGLCENGMMMJ            8.25 -> 8.55
26499,8 fw Controll.static EPEEFBDJAHO               1 -> 0
26504,8 fw Controll.static BFEOOOMMGLK               0 -> 1
26504,8 fw Controll.static GLGCAOADGMN               0 -> 1
26504,8 fw Controll        MJPKOOHJOPA         21.4463 -> 21.6964
26515,5 fw Controll.static MNHBPCOOMLE         1581642 -> 1581893
26520,3 fw Controll.static GIPNIMALPEG          0.4163 -> 0.8272
26520,3 fw Controll.static NAKNALFCOIF        -79.3496 -> -79.0496
26520,3 fw Controll.static IGLCENGMMMJ            8.55 -> 9
26533,7 fw Controll.static BFEOOOMMGLK               1 -> 0
26539,3 fw Controll.static MKFDGFOCKNO          26.236 -> 26.286
26539,3 fw Controll.static LEKCBKLAILO          26.286 -> 26.336
26539,3 fw Controll.static OFJKHAFJIMA          0.0017 -> 0.0046
26550,6 fw Controll.static GIPNIMALPEG          0.8272 -> 0.4346
26550,6 fw Controll.static NAKNALFCOIF        -79.0496 -> -78.2996
26550,6 fw Controll.static IGLCENGMMMJ               9 -> 10.35
26572,1 fw Controll.static GIPNIMALPEG          0.4346 -> 0.8645
26572,1 fw Controll.static NAKNALFCOIF        -78.2996 -> -77.8496
26572,1 fw Controll.static IGLCENGMMMJ           10.35 -> 10.65
26584,0 fw Controll.static GLGCAOADGMN               1 -> 0
26589,3 fw player          LNIDBHIAJJI               4 -> 5
26589,3 fw Controll.static MKFDGFOCKNO          26.286 -> 26.336
26589,3 fw Controll.static LEKCBKLAILO          26.336 -> 26.386
26589,3 fw Controll.static OFJKHAFJIMA          0.0046 -> 0.0048
26599,2 fw Controll.static GIPNIMALPEG          0.8645 -> 0.4054
26599,2 fw Controll.static NAKNALFCOIF        -77.8496 -> -77.6996
26599,2 fw Controll.static IGLCENGMMMJ           10.65 -> 10.8
26619,3 fw player          BDHNEDFEHBA             384 -> 448
26619,3 fw Controll.static GIPNIMALPEG          0.4054 -> 0.8081
26631,9 fw player          HIDMDLLHEKO               1 -> 0
26635,4 fw Controll.static MKFDGFOCKNO          26.336 -> 26.386
26635,4 fw Controll.static LEKCBKLAILO          26.386 -> 26.436
26635,4 fw Controll.static OFJKHAFJIMA          0.0048 -> 0.0028
26650,7 fw Controll.static GIPNIMALPEG          0.8081 -> 0.4359
26670,8 fw Controll.static GIPNIMALPEG          0.4359 -> 0.8367
26686,0 fw player          LNIDBHIAJJI               5 -> 6
26686,0 fw Controll.static MKFDGFOCKNO          26.386 -> 26.436
26686,0 fw Controll.static LEKCBKLAILO          26.436 -> 26.486
26686,0 fw Controll.static OFJKHAFJIMA          0.0028 -> 0.0021
26699,6 fw Controll.static GIPNIMALPEG          0.8367 -> 0.4143
26703,7 fw Controll.static NAKNALFCOIF        -77.6996 -> -77.3996
26716,0 fw Controll.static GLGCAOADGMN               0 -> 1
26716,0 fw Controll        MJPKOOHJOPA         21.6964 -> 21.9075
26720,6 fw Controll.static MNHBPCOOMLE         1581893 -> 1582104
26720,6 fw Controll.static GIPNIMALPEG          0.4143 -> 0.8343
26737,1 fw Controll.static GLGCAOADGMN               1 -> 0
26737,1 fw Controll.static MKFDGFOCKNO          26.436 -> 26.4861
26737,1 fw Controll.static LEKCBKLAILO          26.486 -> 26.5361
26737,2 fw Controll.static OFJKHAFJIMA          0.0021 -> 0.0033
26748,9 fw Controll.static GIPNIMALPEG          0.8343 -> 0.3999
26763,3 fw player          ACAIGMNLLEC             199 -> 200
26763,3 fw player          HEADELMLILF               0 -> 1
26769,4 fw Controll.static GIPNIMALPEG          0.3999 -> 0.809
26784,7 fw Controll.static MKFDGFOCKNO         26.4861 -> 26.5361
26784,8 fw Controll.static LEKCBKLAILO         26.5361 -> 26.5861
26784,8 fw Controll.static OFJKHAFJIMA          0.0033 -> 0.002
26801,4 fw Controll.static GIPNIMALPEG           0.809 -> 0.4489
26814,4 fw player          HEADELMLILF               1 -> 0
26831,9 fw Controll.static GIPNIMALPEG          0.4489 -> 0.059
26831,9 fw Controll.static LCMOBPPHLLM           0.485 -> 0
26848,6 fw Controll.static MKFDGFOCKNO         26.5361 -> 26.5861
26848,6 fw Controll.static LEKCBKLAILO         26.5861 -> 26.6361
26848,6 fw Controll.static OFJKHAFJIMA           0.002 -> 0.0027
26854,5 fw Controll.static GIPNIMALPEG           0.059 -> 0.4856
26854,5 fw Controll.static NAKNALFCOIF        -77.3996 -> -77.0996
26854,5 fw Controll.static IGLCENGMMMJ            10.8 -> 10.95
26871,3 fw player          LNIDBHIAJJI               6 -> 7
26880,1 fw Controll.static GIPNIMALPEG          0.4856 -> 0.0222
26897,5 fw Controll.static MKFDGFOCKNO         26.5861 -> 26.6361
26897,5 fw Controll.static LEKCBKLAILO         26.6361 -> 26.6861
26897,6 fw Controll.static OFJKHAFJIMA          0.0027 -> 0.0009
26901,5 fw Controll.static GIPNIMALPEG          0.0222 -> 0.449
26933,0 fw Controll.static MNHBPCOOMLE         1582104 -> 1582320
26933,0 fw Controll.static GIPNIMALPEG           0.449 -> 0.0808
26936,4 fw Controll.static GLGCAOADGMN               0 -> 1
26936,4 fw Controll        MJPKOOHJOPA         21.9075 -> 22.1227
26948,3 fw Controll.static MKFDGFOCKNO         26.6361 -> 26.6861
26948,3 fw Controll.static LEKCBKLAILO         26.6861 -> 26.7361
26948,3 fw Controll.static OFJKHAFJIMA          0.0009 -> 0.0039
26952,2 fw Controll.static GIPNIMALPEG          0.0808 -> 0.4654
26980,7 fw Controll.static GIPNIMALPEG          0.4654 -> 0.0352
26985,6 fw player          LNIDBHIAJJI               7 -> 6
26985,6 fw Controll.static NAKNALFCOIF        -77.0996 -> -76.9496
26985,6 fw Controll.static IGLCENGMMMJ           10.95 -> 11.4
26996,5 fw Controll.static MKFDGFOCKNO         26.6861 -> 26.7361
26996,5 fw Controll.static LEKCBKLAILO         26.7361 -> 26.7861
26996,5 fw Controll.static OFJKHAFJIMA          0.0039 -> 0.0016
27001,2 fw Controll.static GIPNIMALPEG          0.0352 -> 0.4456
27015,5 fw Controll.static NAKNALFCOIF        -76.9496 -> -76.7996
27015,5 fw Controll.static IGLCENGMMMJ            11.4 -> 11.55
27019,1 # net: TcpClient.Connected = True
27033,1 fw player          CLOEJLAOIGI               1 -> 0
27033,2 fw Controll.static GIPNIMALPEG          0.4456 -> 0.0827
27048,8 fw player          LNIDBHIAJJI               6 -> 7
27048,8 fw player          ACAIGMNLLEC             200 -> 201
27048,8 fw player          HEADELMLILF               0 -> 1
27048,8 fw Controll.static GLGCAOADGMN               1 -> 0
27048,8 fw Controll.static MKFDGFOCKNO         26.7361 -> 26.7861
27048,8 fw Controll.static LEKCBKLAILO         26.7861 -> 26.8361
27048,8 fw Controll.static OFJKHAFJIMA          0.0016 -> 0.0038
27053,5 fw Controll.static GIPNIMALPEG          0.0827 -> 0.4913
27080,6 fw player          HEADELMLILF               1 -> 0
27080,6 fw Controll.static GIPNIMALPEG          0.4913 -> 0.0333
27096,7 fw Controll.static MKFDGFOCKNO         26.7861 -> 26.8361
27096,7 fw Controll.static LEKCBKLAILO         26.8361 -> 26.8861
27096,7 fw Controll.static OFJKHAFJIMA          0.0038 -> 0.0015
27113,4 fw Controll.static GIPNIMALPEG          0.0333 -> 0.6881
27130,0 fw Controll.static OFJKHAFJIMA          0.0015 -> 0.0008
27135,0 fw Controll.static GIPNIMALPEG          0.6881 -> 0.1192
27135,0 fw Controll        MJPKOOHJOPA         22.1227 -> 22.3276
27145,1 fw Controll.static GLGCAOADGMN               0 -> 1
27151,1 fw Controll.static MKFDGFOCKNO         26.8361 -> 26.8861
27151,1 fw Controll.static LEKCBKLAILO         26.8861 -> 26.9361
27161,6 fw Controll.static MNHBPCOOMLE         1582320 -> 1582523
27161,6 fw Controll.static GIPNIMALPEG          0.1192 -> 0.6518
27165,8 fw Controll.static GLGCAOADGMN               1 -> 0
27179,4 fw Controll.static MKFDGFOCKNO         26.8861 -> 26.9361
27179,4 fw Controll.static LEKCBKLAILO         26.9361 -> 26.9861
27179,4 fw Controll.static OFJKHAFJIMA          0.0008 -> 0.0001
27182,8 fw Controll.static GIPNIMALPEG          0.6518 -> 0.0773
27213,4 fw Controll.static GIPNIMALPEG          0.0773 -> 0.6877
27229,2 fw Controll.static MKFDGFOCKNO         26.9361 -> 26.9861
27229,2 fw Controll.static LEKCBKLAILO         26.9861 -> 27.0361
27232,9 fw Controll.static GIPNIMALPEG          0.6877 -> 0.0785
27258,5 fw Controll.static GIPNIMALPEG          0.0785 -> 0.5906
27280,3 fw Controll.static GIPNIMALPEG          0.5906 -> 0.0261
27295,8 fw Controll.static MKFDGFOCKNO         26.9861 -> 27.0361
27295,8 fw Controll.static LEKCBKLAILO         27.0361 -> 27.0861
27295,8 fw Controll.static OFJKHAFJIMA          0.0001 -> 0.0012
27305,0 fw Controll.static GIPNIMALPEG          0.0261 -> 0.5201
27328,9 fw Controll.static GIPNIMALPEG          0.5201 -> 0.9976
27344,9 fw Controll.static MKFDGFOCKNO         27.0361 -> 27.0861
27344,9 fw Controll.static LEKCBKLAILO         27.0861 -> 27.1361
27344,9 fw Controll.static OFJKHAFJIMA          0.0012 -> 0.0031
27349,9 fw Controll.static MNHBPCOOMLE         1582523 -> 1582738
27349,9 fw Controll.static GIPNIMALPEG          0.9976 -> 0.4188
27349,9 fw Controll        MJPKOOHJOPA         22.3276 -> 22.5418
27364,5 fw Controll.static GLGCAOADGMN               0 -> 1
27376,1 fw Controll.static GIPNIMALPEG          0.4188 -> 0.9417
27381,6 fw Controll.static DGNDKAKOEPD         1581594 -> 1582565
27381,6 fw Controll.static BEJBLGGGOCC       339160933 -> 339161930
27381,6 fw Controll.static JELGPAKAJPE             123 -> 96
27381,6 fw Controll.static EENJPDHGGGC         26.1627 -> 27.1334
27392,7 fw Controll.static MKFDGFOCKNO         27.0861 -> 27.1361
27392,7 fw Controll.static LEKCBKLAILO         27.1361 -> 27.1861
27392,7 fw Controll.static OFJKHAFJIMA          0.0031 -> 0.0025
27408,9 fw Controll.static GIPNIMALPEG          0.9417 -> 0.597
27430,1 fw Controll.static GIPNIMALPEG           0.597 -> 0.0221
27437,1 fw Controll.static GLGCAOADGMN               1 -> 0
27444,4 fw Controll.static MKFDGFOCKNO         27.1361 -> 27.1861
27444,4 fw Controll.static LEKCBKLAILO         27.1861 -> 27.2361
27444,4 fw Controll.static OFJKHAFJIMA          0.0025 -> 0.001
27451,1 fw Controll.static GIPNIMALPEG          0.0221 -> 0.4425
27475,1 fw Controll.static GIPNIMALPEG          0.4425 -> 0.9227
27489,5 fw Controll.static MKFDGFOCKNO         27.1861 -> 27.2361
27489,5 fw Controll.static LEKCBKLAILO         27.2361 -> 27.2861
27489,5 fw Controll.static OFJKHAFJIMA           0.001 -> 0.0011
27495,1 fw Controll.static GIPNIMALPEG          0.9227 -> 0.3232
27517,8 fw Controll.static GIPNIMALPEG          0.3232 -> 0.7772
27533,9 fw Controll.static MKFDGFOCKNO         27.2361 -> 27.2861
27533,9 fw Controll.static LEKCBKLAILO         27.2861 -> 27.3361
27533,9 fw Controll.static OFJKHAFJIMA          0.0011 -> 0.0047
27537,4 fw Controll.static GIPNIMALPEG          0.7772 -> 0.1686
27563,4 fw Controll.static GIPNIMALPEG          0.1686 -> 0.6882
27582,4 fw Controll.static GIPNIMALPEG          0.6882 -> 0.069
27598,0 fw Controll.static MKFDGFOCKNO         27.2861 -> 27.3361
27598,0 fw Controll.static LEKCBKLAILO         27.3361 -> 27.3861
27598,0 fw Controll.static OFJKHAFJIMA          0.0047 -> 0.0033
27611,8 fw Controll.static GIPNIMALPEG           0.069 -> 0.6534
27632,9 fw Controll.static GIPNIMALPEG          0.6534 -> 0.0779
27648,4 fw Controll.static MKFDGFOCKNO         27.3361 -> 27.3861
27648,4 fw Controll.static LEKCBKLAILO         27.3861 -> 27.4361
27648,4 fw Controll.static OFJKHAFJIMA          0.0033 -> 0.0036
27657,0 fw Controll.static GIPNIMALPEG          0.0779 -> 0.5606
27685,1 fw Controll.static GIPNIMALPEG          0.5606 -> 0.1228
27691,0 fw Controll.static MKFDGFOCKNO         27.3861 -> 27.4361
27691,0 fw Controll.static LEKCBKLAILO         27.4361 -> 27.4861
27698,6 fw Controll.static OFJKHAFJIMA          0.0036 -> 0.006
27703,6 fw Controll.static GIPNIMALPEG          0.1228 -> 0.4912
27729,9 fw Controll.static GIPNIMALPEG          0.4912 -> 0.0163
27745,8 fw Controll.static MKFDGFOCKNO         27.4361 -> 27.4861
27745,8 fw Controll.static LEKCBKLAILO         27.4861 -> 27.5361
27745,8 fw Controll.static OFJKHAFJIMA           0.006 -> 0.0005
27751,2 fw Controll.static GIPNIMALPEG          0.0163 -> 0.4436
27765,5 fw player          LNIDBHIAJJI               7 -> 8
27774,7 fw Controll.static GIPNIMALPEG          0.4436 -> 0.9143
27789,2 fw Controll.static MKFDGFOCKNO         27.4861 -> 27.5361
27789,2 fw Controll.static LEKCBKLAILO         27.5361 -> 27.5861
27789,2 fw Controll.static OFJKHAFJIMA          0.0005 -> 0.001
27794,5 fw Controll.static GIPNIMALPEG          0.9143 -> 0.3106
27817,2 fw Controll.static MNHBPCOOMLE         1582738 -> 1583205
27817,3 fw Controll.static GIPNIMALPEG          0.3106 -> 0.7647
27817,3 fw Controll        MJPKOOHJOPA         22.5418 -> 23.0095
27834,1 fw Controll.static GLGCAOADGMN               0 -> 1
27834,1 fw Controll.static MKFDGFOCKNO         27.5361 -> 27.5861
27834,1 fw Controll.static LEKCBKLAILO         27.5861 -> 27.6361
27834,1 fw Controll.static OFJKHAFJIMA           0.001 -> 0.0048
27838,9 fw Controll.static GIPNIMALPEG          0.7647 -> 0.1971
27864,7 fw Controll.static GIPNIMALPEG          0.1971 -> 0.7132
27870,4 fw Controll.static NAKNALFCOIF        -76.7996 -> -76.6496
27870,4 fw Controll.static IGLCENGMMMJ           11.55 -> 11.7
27879,3 fw Controll.static MKFDGFOCKNO         27.5861 -> 27.6361
27879,3 fw Controll.static LEKCBKLAILO         27.6361 -> 27.6861
27879,3 fw Controll.static OFJKHAFJIMA          0.0048 -> 0.0001
27884,2 fw Controll.static GIPNIMALPEG          0.7132 -> 0.1025
27910,4 fw Controll.static GIPNIMALPEG          0.1025 -> 0.6271
27925,4 fw Controll.static GLGCAOADGMN               1 -> 0
27925,5 fw Controll        KOPOBDGHLFL               0 -> 1
27925,5 fw Controll        CLEHDNFKJPB         20.5319 -> 23.0669
27931,1 fw Controll.static GIPNIMALPEG          0.6271 -> 0.0406
27948,8 fw Controll.static MKFDGFOCKNO         27.6361 -> 27.6861
27948,8 fw Controll.static LEKCBKLAILO         27.6861 -> 27.7361
27948,8 fw Controll.static OFJKHAFJIMA          0.0001 -> 0.0018
27964,9 fw Controll.static GIPNIMALPEG          0.0406 -> 0.7178
27980,4 fw Controll.static OFJKHAFJIMA          0.0018 -> 0.0011
27993,5 fw Controll.static GIPNIMALPEG          0.7178 -> 0.289
28010,7 fw Controll.static MKFDGFOCKNO         27.6861 -> 27.7361
28010,7 fw Controll.static LEKCBKLAILO         27.7361 -> 27.7861
28014,4 fw Controll.static GIPNIMALPEG           0.289 -> 0.7086
28032,2 fw player          LNIDBHIAJJI               8 -> 7
28032,2 fw Controll.static MKFDGFOCKNO         27.7361 -> 27.7861
28032,2 fw Controll.static LEKCBKLAILO         27.7861 -> 27.8361
28032,2 fw Controll.static OFJKHAFJIMA          0.0011 -> 0.003
28042,7 fw player          APFNBGHAJMD               1 -> 0
28042,8 fw Controll.static GIPNIMALPEG          0.7086 -> 0.2746
28060,2 fw player          APFNBGHAJMD               0 -> 1
28063,7 fw Controll.static GIPNIMALPEG          0.2746 -> 0.6928
28080,9 fw Controll.static MKFDGFOCKNO         27.7861 -> 27.8362
28080,9 fw Controll.static LEKCBKLAILO         27.8361 -> 27.8862
28081,0 fw Controll.static OFJKHAFJIMA           0.003 -> 0.0018
28094,3 fw Controll.static GIPNIMALPEG          0.6928 -> 0.3044
28115,0 fw Controll.static GIPNIMALPEG          0.3044 -> 0.7204
28131,9 fw Controll.static MKFDGFOCKNO         27.8362 -> 27.8862
28131,9 fw Controll.static LEKCBKLAILO         27.8862 -> 27.9362
28131,9 fw Controll.static OFJKHAFJIMA          0.0018 -> 0.0027
28142,2 fw Controll.static GIPNIMALPEG          0.7204 -> 0.2628
28163,6 fw Controll.static GIPNIMALPEG          0.2628 -> 0.6918
28177,3 fw Controll.static DJACNOGOCKD               0 -> 1
28177,3 fw Controll        KOPOBDGHLFL               1 -> 0
28182,4 fw Controll.static MKFDGFOCKNO         27.8862 -> 27.9362
28182,4 fw Controll.static LEKCBKLAILO         27.9362 -> 27.9862
28182,4 fw Controll.static OFJKHAFJIMA          0.0027 -> 0.0031
28194,4 fw Controll.static FBINCNDDPAO         18.1884 -> 23.0694
28194,4 fw Controll.static ILGHFLMKMCO         20.1884 -> 25.0694
28194,4 fw Controll.static JADIDAJFOGK            0.26 -> 0.4
28194,4 fw Controll.static GIPNIMALPEG          0.6918 -> 0.3077
28214,2 fw player          LNIDBHIAJJI               7 -> 8
28214,2 fw Controll.static GIPNIMALPEG          0.3077 -> 0.7028
28231,2 fw Controll.static MKFDGFOCKNO         27.9362 -> 27.9862
28231,2 fw Controll.static LEKCBKLAILO         27.9862 -> 28.0362
28231,2 fw Controll.static OFJKHAFJIMA          0.0031 -> 0.0019
28242,9 fw Controll.static GIPNIMALPEG          0.7028 -> 0.2774
28276,4 fw Controll.static GIPNIMALPEG          0.2774 -> 0.9466
28281,1 fw Controll.static MKFDGFOCKNO         27.9862 -> 28.0362
28281,1 fw Controll.static LEKCBKLAILO         28.0362 -> 28.0862
28292,9 fw Controll.static OFJKHAFJIMA          0.0019 -> 0.0018
28296,2 fw Controll.static GIPNIMALPEG          0.9466 -> 0.344
28325,1 fw Controll.static GIPNIMALPEG           0.344 -> 0.9216
28342,4 fw Controll.static MKFDGFOCKNO         28.0362 -> 28.0862
28342,4 fw Controll.static LEKCBKLAILO         28.0862 -> 28.1362
28342,4 fw Controll.static OFJKHAFJIMA          0.0018 -> 0.0011
28346,6 fw Controll.static GIPNIMALPEG          0.9216 -> 0.3515
28375,4 fw Controll.static GIPNIMALPEG          0.3515 -> 0.9269
28378,8 fw Controll.static DGNDKAKOEPD         1582565 -> 1583564
28378,8 fw Controll.static BEJBLGGGOCC       339161930 -> 339162931
28378,8 fw Controll.static JELGPAKAJPE              96 -> 95
28378,8 fw Controll.static EENJPDHGGGC         27.1334 -> 28.1327
28392,5 fw Controll.static MKFDGFOCKNO         28.0862 -> 28.1362
28392,5 fw Controll.static LEKCBKLAILO         28.1362 -> 28.1862
28392,5 fw Controll.static OFJKHAFJIMA          0.0011 -> 0.0132
28396,1 fw Controll.static GIPNIMALPEG          0.9269 -> 0.3413
28425,1 fw Controll.static GIPNIMALPEG          0.3413 -> 0.9221
28439,0 fw Controll.static MKFDGFOCKNO         28.1362 -> 28.1862
28439,0 fw Controll.static LEKCBKLAILO         28.1862 -> 28.2362
28439,0 fw Controll.static OFJKHAFJIMA          0.0132 -> 0.0008
28445,0 fw Controll.static GIPNIMALPEG          0.9221 -> 0.32
28468,5 fw Controll.static GIPNIMALPEG            0.32 -> 0.7897
28482,7 fw Controll.static MKFDGFOCKNO         28.1862 -> 28.2362
28482,7 fw Controll.static LEKCBKLAILO         28.2362 -> 28.2862
28482,8 fw Controll.static OFJKHAFJIMA          0.0008 -> 0.0035
28490,3 fw Controll.static GIPNIMALPEG          0.7897 -> 0.2236
28511,8 fw Controll.static GIPNIMALPEG          0.2236 -> 0.656
28533,8 fw Controll.static GIPNIMALPEG           0.656 -> 0.0948
28547,2 fw Controll.static MKFDGFOCKNO         28.2362 -> 28.2862
28547,2 fw Controll.static LEKCBKLAILO         28.2862 -> 28.3362
28547,2 fw Controll.static OFJKHAFJIMA          0.0035 -> 0.0045
28561,9 fw Controll.static GIPNIMALPEG          0.0948 -> 0.6566
28579,3 fw Controll.static OFJKHAFJIMA          0.0045 -> 0.0001
28591,9 fw Controll.static GIPNIMALPEG          0.6566 -> 0.2562
28608,3 fw Controll.static MKFDGFOCKNO         28.2862 -> 28.3362
28608,4 fw Controll.static LEKCBKLAILO         28.3362 -> 28.3862
28612,2 fw Controll.static GIPNIMALPEG          0.2562 -> 0.6628
28641,9 fw Controll.static GIPNIMALPEG          0.6628 -> 0.2573
28659,2 fw Controll.static MKFDGFOCKNO         28.3362 -> 28.3862
28659,2 fw Controll.static LEKCBKLAILO         28.3862 -> 28.4362
28659,2 fw Controll.static OFJKHAFJIMA          0.0001 -> 0.0126
28663,1 fw Controll.static GIPNIMALPEG          0.2573 -> 0.6797
28680,0 fw Controll.static MKFDGFOCKNO         28.3862 -> 28.4362
28680,0 fw Controll.static LEKCBKLAILO         28.4362 -> 28.4862
28680,0 fw Controll.static OFJKHAFJIMA          0.0126 -> 0.0007
28691,6 fw Controll.static GIPNIMALPEG          0.6797 -> 0.2503
28712,4 fw Controll.static GIPNIMALPEG          0.2503 -> 0.666
28729,9 fw Controll.static MKFDGFOCKNO         28.4362 -> 28.4862
28729,9 fw Controll.static LEKCBKLAILO         28.4862 -> 28.5362
28741,1 fw Controll.static GIPNIMALPEG           0.666 -> 0.2407
28762,3 fw Controll.static GIPNIMALPEG          0.2407 -> 0.6643
28779,6 fw Controll.static MKFDGFOCKNO         28.4862 -> 28.5362
28779,6 fw Controll.static LEKCBKLAILO         28.5362 -> 28.5862
28779,6 fw Controll.static OFJKHAFJIMA          0.0007 -> 0.0002
28791,7 fw Controll.static GIPNIMALPEG          0.6643 -> 0.2532
28796,0 fw player          APFNBGHAJMD               1 -> 0
28812,5 fw Controll.static GIPNIMALPEG          0.2532 -> 0.669
28841,1 fw Controll.static GIPNIMALPEG           0.669 -> 0.2408
28858,3 fw Controll.static MKFDGFOCKNO         28.5362 -> 28.5862
28858,3 fw Controll.static LEKCBKLAILO         28.5862 -> 28.6362
28858,3 fw Controll.static OFJKHAFJIMA          0.0002 -> 0.0118
28874,7 fw Controll.static GIPNIMALPEG          0.2408 -> 0.9122
28891,8 fw Controll.static OFJKHAFJIMA          0.0118 -> 0.0124
28895,1 fw Controll.static GIPNIMALPEG          0.9122 -> 0.3198
28911,8 fw Controll.static MKFDGFOCKNO         28.5862 -> 28.6362
28911,8 fw Controll.static LEKCBKLAILO         28.6362 -> 28.6862
28924,0 fw Controll.static GIPNIMALPEG          0.3198 -> 0.8989
28940,4 fw Controll.static MKFDGFOCKNO         28.6362 -> 28.6862
28940,4 fw Controll.static LEKCBKLAILO         28.6862 -> 28.7362
28940,4 fw Controll.static OFJKHAFJIMA          0.0124 -> 0
28944,0 fw Controll.static GIPNIMALPEG          0.8989 -> 0.2995
28974,6 fw Controll.static GIPNIMALPEG          0.2995 -> 0.9104
28991,1 fw Controll.static MKFDGFOCKNO         28.6862 -> 28.7362
28991,1 fw Controll.static LEKCBKLAILO         28.7362 -> 28.7862
28991,1 fw Controll.static OFJKHAFJIMA               0 -> 0.0118
28995,5 fw Controll.static GIPNIMALPEG          0.9104 -> 0.3287
29023,5 fw Controll.static GIPNIMALPEG          0.3287 -> 0.8882
29040,4 fw Controll.static MKFDGFOCKNO         28.7362 -> 28.7862
29040,4 fw Controll.static LEKCBKLAILO         28.7862 -> 28.8362
29040,4 fw Controll.static OFJKHAFJIMA          0.0118 -> 0.0111
29043,9 fw Controll.static GIPNIMALPEG          0.8882 -> 0.2962
29074,1 fw Controll.static GIPNIMALPEG          0.2962 -> 0.9005
29091,2 fw Controll.static MKFDGFOCKNO         28.7862 -> 28.8362
29091,2 fw Controll.static LEKCBKLAILO         28.8362 -> 28.8862
29091,2 fw Controll.static OFJKHAFJIMA          0.0111 -> 0.0118
29094,7 fw Controll.static GIPNIMALPEG          0.9005 -> 0.3114
29123,7 fw Controll.static GIPNIMALPEG          0.3114 -> 0.8928
29140,4 fw Controll.static MKFDGFOCKNO         28.8362 -> 28.8862
29140,4 fw Controll.static LEKCBKLAILO         28.8862 -> 28.9362
29140,4 fw Controll.static OFJKHAFJIMA          0.0118 -> 0.0111
29143,5 fw Controll.static GIPNIMALPEG          0.8928 -> 0.2874
29177,5 fw Controll.static GIPNIMALPEG          0.2874 -> 0.9682
29191,4 fw Controll.static MKFDGFOCKNO         28.8862 -> 28.9362
29191,4 fw Controll.static LEKCBKLAILO         28.9362 -> 28.9862
29194,8 fw Controll.static OFJKHAFJIMA          0.0111 -> 0.0121
29207,5 fw Controll.static GIPNIMALPEG          0.9682 -> 0.5691
29228,6 fw Controll.static GIPNIMALPEG          0.5691 -> 0.9898
29243,8 fw Controll.static MKFDGFOCKNO         28.9362 -> 28.9862
29243,8 fw Controll.static LEKCBKLAILO         28.9862 -> 29.0362
29243,8 fw Controll.static OFJKHAFJIMA          0.0121 -> 0.0104
29257,3 fw Controll.static GIPNIMALPEG          0.9898 -> 0.5633
29278,2 fw Controll.static GIPNIMALPEG          0.5633 -> 0.9817
29294,2 fw Controll.static MKFDGFOCKNO         28.9862 -> 29.0362
29294,2 fw Controll.static LEKCBKLAILO         29.0362 -> 29.0862
29294,2 fw Controll.static OFJKHAFJIMA          0.0104 -> 0.0106
29306,0 fw Controll.static GIPNIMALPEG          0.9817 -> 0.5376
29327,5 fw Controll.static GIPNIMALPEG          0.5376 -> 0.9685
29343,9 fw player          APFNBGHAJMD               0 -> 1
29343,9 fw Controll.static MKFDGFOCKNO         29.0362 -> 29.0862
29343,9 fw Controll.static LEKCBKLAILO         29.0862 -> 29.1362
29343,9 fw Controll.static OFJKHAFJIMA          0.0106 -> 0.0108
29356,9 fw Controll.static GIPNIMALPEG          0.9685 -> 0.5557
29376,8 fw Controll.static GIPNIMALPEG          0.5557 -> 0.9543
29393,4 fw Controll.static MKFDGFOCKNO         29.0862 -> 29.1362
29393,4 fw Controll.static LEKCBKLAILO         29.1362 -> 29.1862
29393,4 fw Controll.static OFJKHAFJIMA          0.0108 -> 0.0106
29405,9 fw Controll.static GIPNIMALPEG          0.9543 -> 0.5358
29425,9 fw Controll.static GIPNIMALPEG          0.5358 -> 0.9352
29444,2 fw Controll.static MKFDGFOCKNO         29.1362 -> 29.1862
29444,2 fw Controll.static LEKCBKLAILO         29.1862 -> 29.2362
29444,2 fw Controll.static OFJKHAFJIMA          0.0106 -> 0.0117
29455,8 fw player          APFNBGHAJMD               1 -> 0
29455,9 fw Controll.static OINJNFHMDFE          0.2521 -> 0.3988
29455,9 fw Controll.static _JFKCDODJALP_k__BackingField            0 -> 2
29455,9 fw Controll.static GIPNIMALPEG          0.9352 -> 0.535
29460,3 fw Controll.static JBKBOPCCIBM               0 -> 2
29460,3 fw Controll.static DGNDKAKOEPD         1583564 -> 1584630
29460,3 fw Controll.static BEJBLGGGOCC       339162931 -> 339163991
29460,3 fw Controll.static JELGPAKAJPE              95 -> 151
29460,3 fw Controll.static EENJPDHGGGC         28.1327 -> 29.1982
29489,4 fw Controll.static GIPNIMALPEG           0.535 -> 0.2062
29493,0 fw Controll.static MKFDGFOCKNO         29.1862 -> 29.2362
29493,0 fw Controll.static LEKCBKLAILO         29.2362 -> 29.2862
29506,2 fw Controll.static OFJKHAFJIMA          0.0117 -> 0.0101
29509,6 fw Controll.static GIPNIMALPEG          0.2062 -> 0.611
29539,9 fw Controll.static GIPNIMALPEG           0.611 -> 0.2154
29556,5 fw Controll.static MKFDGFOCKNO         29.2362 -> 29.2862
29556,5 fw Controll.static LEKCBKLAILO         29.2862 -> 29.3362
29556,5 fw Controll.static OFJKHAFJIMA          0.0101 -> 0.0105
29560,5 fw Controll.static GIPNIMALPEG          0.2154 -> 0.6276
29589,1 fw Controll.static GIPNIMALPEG          0.6276 -> 0.1997
29605,9 fw Controll.static MKFDGFOCKNO         29.2862 -> 29.3362
29605,9 fw Controll.static LEKCBKLAILO         29.3362 -> 29.3862
29605,9 fw Controll.static OFJKHAFJIMA          0.0105 -> 0.0098
29609,8 fw Controll.static GIPNIMALPEG          0.1997 -> 0.614
29639,3 fw Controll.static GIPNIMALPEG           0.614 -> 0.2039
29655,6 fw Controll.static MKFDGFOCKNO         29.3362 -> 29.3862
29655,6 fw Controll.static LEKCBKLAILO         29.3862 -> 29.4362
29655,6 fw Controll.static OFJKHAFJIMA          0.0098 -> 0.01
29658,7 fw Controll.static GIPNIMALPEG          0.2039 -> 0.5921
29689,4 fw Controll.static GIPNIMALPEG          0.5921 -> 0.2057
29705,0 fw Controll.static MKFDGFOCKNO         29.3862 -> 29.4362
29705,0 fw Controll.static LEKCBKLAILO         29.4362 -> 29.4862
29709,7 fw Controll.static GIPNIMALPEG          0.2057 -> 0.6115
29734,0 fw player          APFNBGHAJMD               0 -> 1
29734,0 fw Controll.static GIPNIMALPEG          0.6115 -> 0.097
29749,6 fw Controll.static MKFDGFOCKNO         29.4362 -> 29.4862
29749,6 fw Controll.static LEKCBKLAILO         29.4862 -> 29.5362
29749,6 fw Controll.static OFJKHAFJIMA            0.01 -> 0.0046
29756,1 fw Controll.static GIPNIMALPEG           0.097 -> 0.5395
29789,0 fw Controll.static GIPNIMALPEG          0.5395 -> 0.1977
29792,8 fw Controll.static MKFDGFOCKNO         29.4862 -> 29.5362
29792,8 fw Controll.static LEKCBKLAILO         29.5362 -> 29.5862
29804,7 fw Controll.static OFJKHAFJIMA          0.0046 -> 0.0097
29809,8 fw Controll.static GIPNIMALPEG          0.1977 -> 0.6127
29839,1 fw Controll.static GIPNIMALPEG          0.6127 -> 0.1987
29855,1 fw Controll.static MKFDGFOCKNO         29.5362 -> 29.5863
29855,1 fw Controll.static LEKCBKLAILO         29.5862 -> 29.6362
29858,3 fw Controll.static GIPNIMALPEG          0.1987 -> 0.5839
29884,6 fw Controll.static GIPNIMALPEG          0.5839 -> 0.1089
29899,1 fw Controll.static MKFDGFOCKNO         29.5863 -> 29.6363
29899,1 fw Controll.static LEKCBKLAILO         29.6362 -> 29.6863
29899,1 fw Controll.static OFJKHAFJIMA          0.0097 -> 0.0053
29905,9 fw Controll.static GIPNIMALPEG          0.1089 -> 0.536
29926,0 fw Controll.static GIPNIMALPEG           0.536 -> 0.9362
29941,9 fw Controll.static MKFDGFOCKNO         29.6363 -> 29.6863
29941,9 fw Controll.static LEKCBKLAILO         29.6863 -> 29.7363
29941,9 fw Controll.static OFJKHAFJIMA          0.0053 -> 0.0088
29954,9 fw Controll.static GIPNIMALPEG          0.9362 -> 0.5145
29974,5 fw Controll.static GIPNIMALPEG          0.5145 -> 0.9065
29992,0 fw Controll.static MKFDGFOCKNO         29.6863 -> 29.7363
29992,0 fw Controll.static LEKCBKLAILO         29.7363 -> 29.7863
29992,0 fw Controll.static OFJKHAFJIMA          0.0088 -> 0.0058
30000,2 fw Controll.static GIPNIMALPEG          0.9065 -> 0.421
30021,3 fw Controll.static GIPNIMALPEG           0.421 -> 0.8431
30046,1 fw Controll.static MKFDGFOCKNO         29.7363 -> 29.7863
30046,1 fw Controll.static LEKCBKLAILO         29.7863 -> 29.8363
30046,1 fw Controll.static OFJKHAFJIMA          0.0058 -> 0.0168
30057,7 fw player          APFNBGHAJMD               1 -> 0
30057,7 fw Controll.static GIPNIMALPEG          0.8431 -> 0.5717
30089,1 fw Controll.static GIPNIMALPEG          0.5717 -> 0.1989
30093,0 fw Controll.static MKFDGFOCKNO         29.7863 -> 29.8363
30093,0 fw Controll.static LEKCBKLAILO         29.8363 -> 29.8863
30106,3 fw Controll.static OFJKHAFJIMA          0.0168 -> 0.0097
30110,1 fw Controll.static GIPNIMALPEG          0.1989 -> 0.6201
30134,8 fw Controll.static GIPNIMALPEG          0.6201 -> 0.1137
30149,0 fw Controll.static MKFDGFOCKNO         29.8363 -> 29.8863
30149,0 fw Controll.static LEKCBKLAILO         29.8863 -> 29.9363
30149,0 fw Controll.static OFJKHAFJIMA          0.0097 -> 0.0054
30156,1 fw Controll.static GIPNIMALPEG          0.1137 -> 0.5391
30177,8 fw Controll.static GIPNIMALPEG          0.5391 -> 0.9731
30177,8 fw Controll.static JBKBOPCCIBM               2 -> 0
30177,8 fw Controll        KOPOBDGHLFL               0 -> 1
30177,8 fw Controll        CLEHDNFKJPB         23.0669 -> 25.3206
30187,7 fw Controll.static DJACNOGOCKD               1 -> 0
30191,1 fw Controll.static MKFDGFOCKNO         29.8863 -> 29.9363
30191,1 fw Controll.static LEKCBKLAILO         29.9363 -> 29.9863
30191,1 fw Controll.static OFJKHAFJIMA          0.0054 -> 0.0084
30191,1 fw Controll.static _JFKCDODJALP_k__BackingField            2 -> 0
30204,2 fw Controll.static GIPNIMALPEG          0.9731 -> 0.5011
30224,8 fw Controll.static GIPNIMALPEG          0.5011 -> 0.9126
30240,9 fw Controll.static MKFDGFOCKNO         29.9363 -> 29.9863
30240,9 fw Controll.static LEKCBKLAILO         29.9863 -> 30.0363
30240,9 fw Controll.static OFJKHAFJIMA          0.0084 -> 0.0085
30254,9 fw Controll.static GIPNIMALPEG          0.9126 -> 0.5136
30271,7 fw Controll.static GLGCAOADGMN               0 -> 1
30275,6 fw Controll.static MNHBPCOOMLE         1583205 -> 1585710
30275,6 fw Controll.static GIPNIMALPEG          0.5136 -> 0.9287
30292,1 fw Controll.static MKFDGFOCKNO         29.9863 -> 30.0363
30292,1 fw Controll.static LEKCBKLAILO         30.0363 -> 30.0863
30292,1 fw Controll.static OFJKHAFJIMA          0.0085 -> 0.0083
30303,4 fw Controll.static GIPNIMALPEG          0.9287 -> 0.4846
30324,5 fw Controll.static GIPNIMALPEG          0.4846 -> 0.9071
30342,2 fw Controll.static GLGCAOADGMN               1 -> 0
30342,2 fw Controll.static MKFDGFOCKNO         30.0363 -> 30.0863
30342,2 fw Controll.static LEKCBKLAILO         30.0863 -> 30.1363
30354,2 fw Controll.static GIPNIMALPEG          0.9071 -> 0.4999
30386,8 fw Controll.static GIPNIMALPEG          0.4999 -> 0.1533
30390,9 fw Controll.static MKFDGFOCKNO         30.0863 -> 30.1363
30390,9 fw Controll.static LEKCBKLAILO         30.1363 -> 30.1863
30404,5 fw Controll.static OFJKHAFJIMA          0.0083 -> 0.0075
30408,1 fw Controll.static GIPNIMALPEG          0.1533 -> 0.5785
30439,6 fw Controll.static GIPNIMALPEG          0.5785 -> 0.2082
30439,6 fw Controll        KOPOBDGHLFL               1 -> 0
30454,1 fw Controll.static MKFDGFOCKNO         30.1363 -> 30.1863
30454,1 fw Controll.static LEKCBKLAILO         30.1863 -> 30.2363
30454,1 fw Controll.static OFJKHAFJIMA          0.0075 -> 0.0101
30458,9 fw Controll.static GIPNIMALPEG          0.2082 -> 0.5939
30487,2 fw Controll.static GIPNIMALPEG          0.5939 -> 0.1599
30487,2 fw Controll.static NAKNALFCOIF        -76.6496 -> -75.7496
30487,2 fw Controll.static IGLCENGMMMJ            11.7 -> 11.85
30503,2 fw Controll.static MKFDGFOCKNO         30.1863 -> 30.2363
30503,2 fw Controll.static LEKCBKLAILO         30.2363 -> 30.2863
30503,2 fw Controll.static OFJKHAFJIMA          0.0101 -> 0.0078
30508,1 fw Controll.static GIPNIMALPEG          0.1599 -> 0.5783
30508,1 fw Controll.static NAKNALFCOIF        -75.7496 -> -75.1496
30519,6 fw Controll.static IGLCENGMMMJ           11.85 -> 12.15
30524,0 fw Controll        MJPKOOHJOPA         23.0095 -> 25.7167
30536,1 fw Controll.static MNHBPCOOMLE         1585710 -> 1585912
30536,1 fw Controll.static GIPNIMALPEG          0.5783 -> 0.1385
30541,8 fw Controll.static NAKNALFCOIF        -75.1496 -> -70.6496
30554,5 fw Controll.static MKFDGFOCKNO         30.2363 -> 30.2863
30554,5 fw Controll.static LEKCBKLAILO         30.2863 -> 30.3363
30554,5 fw Controll.static OFJKHAFJIMA          0.0078 -> 0.0067
30559,2 fw Controll.static GIPNIMALPEG          0.1385 -> 0.6012
30571,7 fw Controll.static NAKNALFCOIF        -70.6496 -> -64.3496
30589,1 fw Controll.static GIPNIMALPEG          0.6012 -> 0.1985
30593,9 fw Controll.static NAKNALFCOIF        -64.3496 -> -58.6496
30605,7 fw Controll.static MKFDGFOCKNO         30.2863 -> 30.3363
30605,7 fw Controll.static LEKCBKLAILO         30.3363 -> 30.3863
30605,7 fw Controll.static OFJKHAFJIMA          0.0067 -> 0.0097
30611,1 fw Controll.static GIPNIMALPEG          0.1985 -> 0.6395
30622,8 fw Controll.static NAKNALFCOIF        -58.6496 -> -53.2496
30622,8 fw Controll.static IGLCENGMMMJ           12.15 -> 11.85
30629,4 fw Controll.static MKFDGFOCKNO         30.3363 -> 30.3863
30629,4 fw Controll.static LEKCBKLAILO         30.3863 -> 30.4363
30629,4 fw Controll.static OFJKHAFJIMA          0.0097 -> 0
30639,5 fw Controll.static GIPNIMALPEG          0.6395 -> 0.2066
30682,4 fw Controll.static NAKNALFCOIF        -53.2496 -> -50.3996
30682,4 fw Controll.static DGNDKAKOEPD         1584630 -> 1585828
30682,4 fw Controll.static BEJBLGGGOCC       339163991 -> 339165015
30682,4 fw Controll.static JELGPAKAJPE             151 -> 352
30682,4 fw Controll.static EENJPDHGGGC         29.1982 -> 30.3968
30694,0 fw Controll.static MKFDGFOCKNO         30.3863 -> 30.4363
30694,0 fw Controll.static LEKCBKLAILO         30.4363 -> 30.4863
30694,0 fw Controll.static OFJKHAFJIMA               0 -> 0.003
30699,9 fw Controll.static GIPNIMALPEG          0.2066 -> 0.4153
30736,9 fw Controll.static GIPNIMALPEG          0.4153 -> 0.1552
30741,7 fw Controll.static MKFDGFOCKNO         30.4363 -> 30.4863
30741,7 fw Controll.static LEKCBKLAILO         30.4863 -> 30.5363
30754,8 fw Controll.static OFJKHAFJIMA           0.003 -> 0.0076
30759,6 fw Controll.static GIPNIMALPEG          0.1552 -> 0.6087
30777,2 fw Controll        MJPKOOHJOPA         25.7167 -> 25.9694
30789,2 fw Controll.static MNHBPCOOMLE         1585912 -> 1586165
30789,2 fw Controll.static GIPNIMALPEG          0.6087 -> 0.2004
30794,1 fw Controll.static GLGCAOADGMN               0 -> 1
30805,1 fw Controll.static MKFDGFOCKNO         30.4863 -> 30.5363
30805,1 fw Controll.static LEKCBKLAILO         30.5363 -> 30.5863
30805,1 fw Controll.static OFJKHAFJIMA          0.0076 -> 0.0098
30815,0 fw Controll.static GIPNIMALPEG          0.2004 -> 0.7162
30833,7 fw Controll.static MKFDGFOCKNO         30.5363 -> 30.5863
30833,7 fw Controll.static LEKCBKLAILO         30.5863 -> 30.6363
30833,7 fw Controll.static OFJKHAFJIMA          0.0098 -> 0.0037
30840,6 fw Controll.static GIPNIMALPEG          0.7162 -> 0.227
30870,8 fw Controll.static GIPNIMALPEG           0.227 -> 0.8315
30875,8 fw Controll.static GLGCAOADGMN               1 -> 0
30888,5 fw Controll.static MKFDGFOCKNO         30.5863 -> 30.6363
30888,5 fw Controll.static LEKCBKLAILO         30.6363 -> 30.6863
30888,5 fw Controll.static OFJKHAFJIMA          0.0037 -> 0.0091
30893,3 fw Controll.static GIPNIMALPEG          0.8315 -> 0.2827
30905,4 fw Controll.static NAKNALFCOIF        -50.3996 -> -50.8496
30922,6 fw Controll.static GIPNIMALPEG          0.2827 -> 0.8675
30929,9 fw Controll.static NAKNALFCOIF        -50.8496 -> -53.9996
30929,9 fw Controll.static IGLCENGMMMJ           11.85 -> 12
30936,9 fw Controll.static MKFDGFOCKNO         30.6363 -> 30.6863
30936,9 fw Controll.static LEKCBKLAILO         30.6863 -> 30.7363
30937,0 fw Controll.static OFJKHAFJIMA          0.0091 -> 0.0005
30944,7 fw Controll.static GIPNIMALPEG          0.8675 -> 0.311
30953,7 fw Controll.static NAKNALFCOIF        -53.9996 -> -58.4996
30953,7 fw Controll.static IGLCENGMMMJ              12 -> 12.9
30974,7 fw player          LNIDBHIAJJI               8 -> 7
30974,7 fw player          ACAIGMNLLEC             201 -> 218
30974,7 fw player          APFNBGHAJMD               0 -> 1
30974,7 fw player          HEADELMLILF               0 -> 1
30986,3 fw Controll.static GIPNIMALPEG           0.311 -> 0.1416
30993,5 fw Controll.static NAKNALFCOIF        -58.4996 -> -67.6496
30993,5 fw Controll.static IGLCENGMMMJ            12.9 -> 14.7
31002,0 fw Controll.static MKFDGFOCKNO         30.6863 -> 30.7363
31002,0 fw Controll.static LEKCBKLAILO         30.7363 -> 30.7863
31002,0 fw Controll.static OFJKHAFJIMA          0.0005 -> 0.0069
31007,7 fw Controll.static GIPNIMALPEG          0.1416 -> 0.571
31018,9 fw Controll.static NAKNALFCOIF        -67.6496 -> -72.5996
31018,9 fw Controll.static IGLCENGMMMJ            14.7 -> 15.75
31036,0 fw Controll.static GIPNIMALPEG           0.571 -> 0.1353
31039,2 fw Controll.static NAKNALFCOIF        -72.5996 -> -74.9996
31039,2 fw Controll.static IGLCENGMMMJ           15.75 -> 16.35
31052,3 fw Controll.static MKFDGFOCKNO         30.7363 -> 30.7863
31052,3 fw Controll.static LEKCBKLAILO         30.7863 -> 30.8363
31052,3 fw Controll.static OFJKHAFJIMA          0.0069 -> 0.0065
31072,7 fw Controll.static GIPNIMALPEG          0.1353 -> 0.8711
31072,8 fw Controll.static NAKNALFCOIF        -74.9996 -> -75.7496
31072,8 fw Controll.static IGLCENGMMMJ           16.35 -> 16.8
31072,8 fw Controll        MJPKOOHJOPA         25.9694 -> 26.2616
31078,3 fw Controll.static GLGCAOADGMN               0 -> 1
31090,4 fw Controll.static OFJKHAFJIMA          0.0065 -> 0.0109
31090,4 fw Controll.static MNHBPCOOMLE         1586165 -> 1586461
31096,7 fw Controll.static GIPNIMALPEG          0.8711 -> 0.3506
31096,7 fw Controll.static LCMOBPPHLLM               0 -> 0.485
31096,7 fw Controll.static NAKNALFCOIF        -75.7496 -> -76.3496
31096,7 fw Controll.static IGLCENGMMMJ            16.8 -> 17.25
31096,7 fw Controll.static EPEEFBDJAHO               0 -> 1
31113,5 fw Controll.static MKFDGFOCKNO         30.7863 -> 30.8363
31113,5 fw Controll.static LEKCBKLAILO         30.8363 -> 30.8863
31123,8 fw Controll.static GIPNIMALPEG          0.3506 -> 0.8913
31123,8 fw Controll.static NAKNALFCOIF        -76.3496 -> -76.7997
31123,8 fw Controll.static IGLCENGMMMJ           17.25 -> 17.55
31140,9 fw Controll.static MKFDGFOCKNO         30.8363 -> 30.8863
31140,9 fw Controll.static LEKCBKLAILO         30.8863 -> 30.9363
31140,9 fw Controll.static OFJKHAFJIMA          0.0109 -> 0.0012
31145,4 fw player          FGFKPMPLNKO         21.7632 -> 26.4978
31145,5 fw Controll.static GIPNIMALPEG          0.8913 -> 0.3245
31145,5 fw Controll.static NAKNALFCOIF        -76.7997 -> -77.2497
31145,5 fw Controll.static IGLCENGMMMJ           17.55 -> 18
31171,9 fw Controll.static GIPNIMALPEG          0.3245 -> 0.8528
31177,2 fw Controll.static GLGCAOADGMN               1 -> 0
31189,0 fw Controll.static MKFDGFOCKNO         30.8863 -> 30.9363
31189,0 fw Controll.static LEKCBKLAILO         30.9363 -> 30.9863
31189,0 fw Controll.static OFJKHAFJIMA          0.0012 -> 0.0096
31193,5 fw Controll.static GIPNIMALPEG          0.8528 -> 0.2847
31193,5 fw Controll.static NAKNALFCOIF        -77.2497 -> -77.3997
31206,1 fw Controll.static IGLCENGMMMJ              18 -> 18.45
31222,4 fw Controll.static GIPNIMALPEG          0.2847 -> 0.8632
31226,6 fw Controll.static NAKNALFCOIF        -77.3997 -> -77.6997
31226,6 fw Controll.static IGLCENGMMMJ           18.45 -> 18.6
31240,0 fw Controll.static MKFDGFOCKNO         30.9363 -> 30.9864
31240,0 fw Controll.static LEKCBKLAILO         30.9863 -> 31.0364
31240,0 fw Controll.static OFJKHAFJIMA          0.0096 -> 0.0106
31243,5 fw Controll.static GIPNIMALPEG          0.8632 -> 0.2852
31256,2 fw Controll.static NAKNALFCOIF        -77.6997 -> -78.2997
31256,2 fw Controll.static IGLCENGMMMJ            18.6 -> 19.65
31305,5 fw player          ACAIGMNLLEC             218 -> 217
31305,5 fw player          APFNBGHAJMD               1 -> 0
31305,5 fw Controll.static MKFDGFOCKNO         30.9864 -> 31.0364
31305,5 fw Controll.static LEKCBKLAILO         31.0364 -> 31.0864
31305,5 fw Controll.static OFJKHAFJIMA          0.0106 -> 0.0261
31316,9 fw Controll.static GIPNIMALPEG          0.2852 -> 0.7512
31321,5 fw Controll.static NAKNALFCOIF        -78.2997 -> -79.0497
31321,5 fw Controll.static IGLCENGMMMJ           19.65 -> 21.3
31336,1 fw Controll.static MKFDGFOCKNO         31.0364 -> 31.0864
31336,1 fw Controll.static LEKCBKLAILO         31.0864 -> 31.1364
31336,1 fw Controll.static OFJKHAFJIMA          0.0261 -> 0.0066
31339,2 fw Controll.static GIPNIMALPEG          0.7512 -> 0.2
31352,0 fw Controll.static NAKNALFCOIF        -79.0497 -> -79.3497
31352,0 fw Controll.static IGLCENGMMMJ            21.3 -> 21.75
31370,6 fw Controll.static MNHBPCOOMLE         1586461 -> 1586758
31370,6 fw Controll.static GIPNIMALPEG             0.2 -> 0.826
31370,6 fw Controll        MJPKOOHJOPA         26.2616 -> 26.5608
31375,4 fw Controll.static NAKNALFCOIF        -79.3497 -> -79.6497
31375,4 fw Controll.static IGLCENGMMMJ           21.75 -> 22.35
31386,7 fw Controll.static GLGCAOADGMN               0 -> 1
31386,7 fw Controll.static MKFDGFOCKNO         31.0864 -> 31.1364
31386,7 fw Controll.static LEKCBKLAILO         31.1364 -> 31.1864
31386,7 fw Controll.static OFJKHAFJIMA          0.0066 -> 0.0072
31392,5 fw Controll.static GIPNIMALPEG           0.826 -> 0.2648
31401,6 fw Controll.static NAKNALFCOIF        -79.6497 -> -80.2497
31401,6 fw Controll.static IGLCENGMMMJ           22.35 -> 22.95
31401,6 fw Controll.static JEOINCHFPCC               0 -> 1
31422,4 fw Controll.static GIPNIMALPEG          0.2648 -> 0.8627
31422,4 fw Controll.static NAKNALFCOIF        -80.2497 -> -80.9997
31422,4 fw Controll.static IGLCENGMMMJ           22.95 -> 24
31434,8 fw Controll.static MKFDGFOCKNO         31.1364 -> 31.1864
31434,8 fw Controll.static LEKCBKLAILO         31.1864 -> 31.2364
31439,2 fw Controll.static OFJKHAFJIMA          0.0072 -> 0.0053
31453,3 fw Controll.static GIPNIMALPEG          0.8627 -> 0.4804
31453,3 fw Controll.static NAKNALFCOIF        -80.9997 -> -81.2997
31453,3 fw Controll.static IGLCENGMMMJ              24 -> 24.6
31456,6 fw Controll.static GLGCAOADGMN               1 -> 0
31474,1 fw Controll.static GIPNIMALPEG          0.4804 -> 0.8971
31474,1 fw Controll.static NAKNALFCOIF        -81.2997 -> -81.4497
31474,1 fw Controll.static IGLCENGMMMJ            24.6 -> 24.9
31491,2 fw Controll.static MKFDGFOCKNO         31.1864 -> 31.2364
31491,2 fw Controll.static LEKCBKLAILO         31.2364 -> 31.2864
31491,2 fw Controll.static OFJKHAFJIMA          0.0053 -> 0.0061
31500,4 fw Controll.static GIPNIMALPEG          0.8971 -> 0.4217
31500,4 fw Controll.static NAKNALFCOIF        -81.4497 -> -81.7497
31500,4 fw Controll.static IGLCENGMMMJ            24.9 -> 25.2
31500,4 fw Controll.static JEOINCHFPCC               1 -> 0
31523,2 fw Controll.static GIPNIMALPEG          0.4217 -> 0.8787
31523,2 fw Controll.static NAKNALFCOIF        -81.7497 -> -81.8997
31523,2 fw Controll.static IGLCENGMMMJ            25.2 -> 25.35
31541,2 fw Controll.static MKFDGFOCKNO         31.2364 -> 31.2864
31541,2 fw Controll.static LEKCBKLAILO         31.2864 -> 31.3364
31541,2 fw Controll.static OFJKHAFJIMA          0.0061 -> 0.0071
31551,8 fw Controll.static GIPNIMALPEG          0.8787 -> 0.4507
31551,8 fw Controll.static NAKNALFCOIF        -81.8997 -> -82.6497
31556,8 fw Controll.static IGLCENGMMMJ           25.35 -> 26.55
31573,0 fw player          LNIDBHIAJJI               7 -> 13
31573,0 fw player          ACAIGMNLLEC             217 -> 200
31573,0 fw player          CLOEJLAOIGI               0 -> 1
31573,0 fw player          APFNBGHAJMD               0 -> 1
31573,0 fw player          HEADELMLILF               1 -> 0
31573,0 fw Controll.static MNHBPCOOMLE         1586758 -> 1586961
31573,0 fw Controll.static GIPNIMALPEG          0.4507 -> 0.8738
31573,0 fw Controll        MJPKOOHJOPA         26.5608 -> 26.7656
31583,7 fw player          HIDMDLLHEKO               0 -> 1
31583,7 fw Controll.static NAKNALFCOIF        -82.6497 -> -84.1497
31583,7 fw Controll.static IGLCENGMMMJ           26.55 -> 27.45
31590,6 fw Controll.static GLGCAOADGMN               0 -> 1
31590,6 fw Controll.static MKFDGFOCKNO         31.2864 -> 31.3364
31590,6 fw Controll.static LEKCBKLAILO         31.3364 -> 31.3864
31590,6 fw Controll.static OFJKHAFJIMA          0.0071 -> 0.0043
31597,1 fw Controll.static GIPNIMALPEG          0.8738 -> 0.3559
31606,5 fw Controll.static NAKNALFCOIF        -84.1497 -> -84.7497
31606,5 fw Controll.static IGLCENGMMMJ           27.45 -> 28.05
31611,4 fw player          FGFKPMPLNKO         26.4978 -> 26.9634
31621,1 fw Controll.static GIPNIMALPEG          0.3559 -> 0.8359
31637,7 fw Controll.static MKFDGFOCKNO         31.3364 -> 31.3864
31637,7 fw Controll.static LEKCBKLAILO         31.3864 -> 31.4364
31637,7 fw Controll.static OFJKHAFJIMA          0.0043 -> 0.0083
31642,2 fw Controll.static GIPNIMALPEG          0.8359 -> 0.2577
31654,0 fw Controll.static NAKNALFCOIF        -84.7497 -> -85.1997
31654,0 fw Controll.static IGLCENGMMMJ           28.05 -> 28.35
31669,1 fw Controll.static GIPNIMALPEG          0.2577 -> 0.7963
31673,8 fw player          LNIDBHIAJJI              13 -> 17
31673,8 fw player          ACAIGMNLLEC             200 -> 197
31673,8 fw player          CLOEJLAOIGI               1 -> 0
31673,8 fw player          APFNBGHAJMD               1 -> 0
31673,8 fw Controll.static DGNDKAKOEPD         1585828 -> 1586858
31673,8 fw Controll.static BEJBLGGGOCC       339165015 -> 339166213
31673,8 fw Controll.static JELGPAKAJPE             352 -> 364
31673,8 fw Controll.static EENJPDHGGGC         30.3968 -> 31.4264
31686,7 fw Controll.static MKFDGFOCKNO         31.3864 -> 31.4364
31686,7 fw Controll.static LEKCBKLAILO         31.4364 -> 31.4864
31686,7 fw Controll.static OFJKHAFJIMA          0.0083 -> 0.0072
31691,8 fw player          LNIDBHIAJJI              17 -> 18
31691,8 fw player          ACAIGMNLLEC             197 -> 196
31691,8 fw player          APFNBGHAJMD               0 -> 1
31691,8 fw player          HEADELMLILF               0 -> 1
31691,8 fw Controll.static GIPNIMALPEG          0.7963 -> 0.2497
31701,2 fw Controll.static NAKNALFCOIF        -85.1997 -> -85.9497
31701,2 fw Controll.static IGLCENGMMMJ           28.35 -> 28.65
31721,9 fw Controll.static GIPNIMALPEG          0.2497 -> 0.8519
31721,9 fw Controll.static NAKNALFCOIF        -85.9497 -> -86.0997
31721,9 fw Controll.static IGLCENGMMMJ           28.65 -> 28.8
31737,4 fw Controll.static MKFDGFOCKNO         31.4364 -> 31.4865
31737,4 fw Controll.static LEKCBKLAILO         31.4864 -> 31.5365
31741,8 fw Controll.static OFJKHAFJIMA          0.0072 -> 0.0076
31753,2 fw Controll.static GIPNIMALPEG          0.8519 -> 0.4763
31753,2 fw Controll.static NAKNALFCOIF        -86.0997 -> -86.3997
31757,6 fw player          LNIDBHIAJJI              18 -> 19
31757,6 fw player          ACAIGMNLLEC             196 -> 195
31757,6 fw player          CLOEJLAOIGI               0 -> 1
31757,6 fw Controll.static GLGCAOADGMN               1 -> 0
31772,9 fw Controll.static GIPNIMALPEG          0.4763 -> 0.8711
31790,0 fw player          HOJIIOCKKLO              -1 -> 1
31790,0 fw Controll.static MKFDGFOCKNO         31.4865 -> 31.5365
31790,0 fw Controll.static LEKCBKLAILO         31.5365 -> 31.5865
31790,0 fw Controll.static OFJKHAFJIMA          0.0076 -> 0.0044
31800,7 fw player          CLOEJLAOIGI               1 -> 0
31800,7 fw player          HEADELMLILF               1 -> 0
31800,7 fw Controll.static MNHBPCOOMLE         1586961 -> 1587189
31800,7 fw Controll.static GIPNIMALPEG          0.8711 -> 0.4269
31800,7 fw Controll        MJPKOOHJOPA         26.7656 -> 26.9929
31804,9 fw Controll.static GLGCAOADGMN               0 -> 1
31821,9 fw Controll.static GIPNIMALPEG          0.4269 -> 0.8514
31838,3 fw Controll.static MKFDGFOCKNO         31.5365 -> 31.5865
31838,4 fw Controll.static LEKCBKLAILO         31.5865 -> 31.6365
31850,8 fw player          ACAIGMNLLEC             195 -> 194
31850,8 fw player          HEADELMLILF               0 -> 1
31850,8 fw Controll.static GIPNIMALPEG          0.8514 -> 0.429
31871,9 fw Controll.static GIPNIMALPEG           0.429 -> 0.8512
31891,8 fw Controll.static GLGCAOADGMN               1 -> 0
31891,8 fw Controll.static MKFDGFOCKNO         31.5865 -> 31.6365
31891,8 fw Controll.static LEKCBKLAILO         31.6365 -> 31.6865
31891,8 fw Controll.static OFJKHAFJIMA          0.0044 -> 0.0047
31902,7 fw Controll.static GIPNIMALPEG          0.8512 -> 0.4652
31917,9 fw player          LNIDBHIAJJI              19 -> 20
31923,4 fw player          HEADELMLILF               1 -> 0
31923,4 fw Controll.static GIPNIMALPEG          0.4652 -> 0.8809
31937,9 fw Controll.static MKFDGFOCKNO         31.6365 -> 31.6865
31937,9 fw Controll.static LEKCBKLAILO         31.6865 -> 31.7365
31937,9 fw Controll.static OFJKHAFJIMA          0.0047 -> 0.0046
31950,6 fw Controll.static GIPNIMALPEG          0.8809 -> 0.4238
31971,0 fw Controll.static GIPNIMALPEG          0.4238 -> 0.8326
31987,7 fw player          LNIDBHIAJJI              20 -> 19
31987,7 fw Controll.static MKFDGFOCKNO         31.6865 -> 31.7365
31987,7 fw Controll.static LEKCBKLAILO         31.7365 -> 31.7865
31987,7 fw Controll.static OFJKHAFJIMA          0.0046 -> 0.0032
31999,9 fw Controll.static GIPNIMALPEG          0.8326 -> 0.4107
32004,3 fw Controll.static NAKNALFCOIF        -86.3997 -> -86.5497
32004,3 fw Controll.static IGLCENGMMMJ            28.8 -> 28.65
32022,4 # net: TcpClient.Connected = True
32034,1 fw Controll.static GIPNIMALPEG          0.4107 -> 0.0947
32034,2 fw Controll.static NAKNALFCOIF        -86.5497 -> -86.6997
32034,2 fw Controll.static IGLCENGMMMJ           28.65 -> 27.9
32039,8 fw Controll.static MKFDGFOCKNO         31.7365 -> 31.7865
32039,8 fw Controll.static LEKCBKLAILO         31.7865 -> 31.8365
32051,2 fw Controll.static OFJKHAFJIMA          0.0032 -> 0.0046
32055,2 fw Controll.static GIPNIMALPEG          0.0947 -> 0.5166
32055,2 fw Controll.static NAKNALFCOIF        -86.6997 -> -86.9997
32055,2 fw Controll.static IGLCENGMMMJ            27.9 -> 26.85
32084,9 fw player          FGFKPMPLNKO         26.9634 -> 27.43
32084,9 fw Controll.static GIPNIMALPEG          0.5166 -> 0.1093
32084,9 fw Controll.static IGLCENGMMMJ           26.85 -> 26.7
32100,3 fw Controll.static MKFDGFOCKNO         31.7865 -> 31.8365
32100,3 fw Controll.static LEKCBKLAILO         31.8365 -> 31.8865
32100,3 fw Controll.static OFJKHAFJIMA          0.0046 -> 0.0053
32106,4 fw Controll.static GIPNIMALPEG          0.1093 -> 0.5392
32106,4 fw Controll.static IGLCENGMMMJ            26.7 -> 26.55
32119,3 fw Controll.static BFEOOOMMGLK               0 -> 1
32119,3 fw Controll.static GLGCAOADGMN               0 -> 1
32119,3 fw Controll        MJPKOOHJOPA         26.9929 -> 27.3093
32135,6 fw Controll.static MNHBPCOOMLE         1587189 -> 1587507
32135,6 fw Controll.static GIPNIMALPEG          0.5392 -> 0.1229
32135,6 fw Controll.static IGLCENGMMMJ           26.55 -> 26.4
32140,3 fw Controll.static BFEOOOMMGLK               1 -> 0
32151,3 fw Controll.static MKFDGFOCKNO         31.8365 -> 31.8865
32151,3 fw Controll.static LEKCBKLAILO         31.8865 -> 31.9365
32151,3 fw Controll.static OFJKHAFJIMA          0.0053 -> 0.006
32155,8 fw Controll.static GIPNIMALPEG          0.1229 -> 0.5266
32167,1 fw Controll.static IGLCENGMMMJ            26.4 -> 26.1
32184,7 fw Controll.static GIPNIMALPEG          0.5266 -> 0.1058
32190,5 fw Controll.static NAKNALFCOIF        -86.9997 -> -87.7497
32190,5 fw Controll.static IGLCENGMMMJ            26.1 -> 25.05
32200,1 fw Controll.static GLGCAOADGMN               1 -> 0
32200,1 fw Controll.static MKFDGFOCKNO         31.8865 -> 31.9366
32200,1 fw Controll.static LEKCBKLAILO         31.9365 -> 31.9866
32200,1 fw Controll.static OFJKHAFJIMA           0.006 -> 0.0051
32205,3 fw Controll.static GIPNIMALPEG          0.1058 -> 0.5169
32216,8 fw player          LNIDBHIAJJI              19 -> 18
32216,8 fw Controll.static NAKNALFCOIF        -87.7497 -> -88.1997
32216,8 fw Controll.static IGLCENGMMMJ           25.05 -> 24.15
32233,3 fw Controll.static GIPNIMALPEG          0.5169 -> 0.0777
32237,4 fw Controll.static NAKNALFCOIF        -88.1997 -> -88.4997
32237,4 fw Controll.static IGLCENGMMMJ           24.15 -> 23.7
32249,2 fw player          HOJIIOCKKLO               1 -> -1
32249,3 fw Controll.static MKFDGFOCKNO         31.9366 -> 31.9866
32249,3 fw Controll.static LEKCBKLAILO         31.9866 -> 32.0366
32249,3 fw Controll.static OFJKHAFJIMA          0.0051 -> 0.0037
32255,3 fw Controll.static GIPNIMALPEG          0.0777 -> 0.5167
32265,8 fw Controll.static NAKNALFCOIF        -88.4997 -> -88.6497
32265,8 fw Controll.static IGLCENGMMMJ            23.7 -> 23.4
32282,4 fw Controll.static GIPNIMALPEG          0.5167 -> 0.0582
32299,5 fw Controll.static MKFDGFOCKNO         31.9866 -> 32.0366
32299,5 fw Controll.static LEKCBKLAILO         32.0366 -> 32.0866
32299,5 fw Controll.static OFJKHAFJIMA          0.0037 -> 0.0027
32304,8 fw player          LNIDBHIAJJI              18 -> 17
32304,8 fw player          ACAIGMNLLEC             194 -> 193
32304,8 fw player          HEADELMLILF               0 -> 1
32304,9 fw Controll.static GIPNIMALPEG          0.0582 -> 0.5058
32338,2 fw Controll.static GIPNIMALPEG          0.5058 -> 0.1749
32338,2 fw Controll.static NAKNALFCOIF        -88.6497 -> -88.9497
32338,3 fw Controll.static IGLCENGMMMJ            23.4 -> 23.1
32351,2 fw Controll.static MKFDGFOCKNO         32.0366 -> 32.0866
32351,2 fw Controll.static LEKCBKLAILO         32.0866 -> 32.1366
32358,0 fw player          LNIDBHIAJJI              17 -> 16
32358,0 fw Controll.static OFJKHAFJIMA          0.0027 -> 0.0052
32371,2 fw player          HEADELMLILF               1 -> 0
32371,2 fw Controll.static GIPNIMALPEG          0.1749 -> 0.8343
32371,2 fw Controll.static NAKNALFCOIF        -88.9497 -> -89.3997
32371,2 fw Controll.static IGLCENGMMMJ            23.1 -> 22.2
32387,6 fw Controll.static MKFDGFOCKNO         32.0866 -> 32.1366
32387,6 fw Controll.static LEKCBKLAILO         32.1366 -> 32.1866
32387,6 fw Controll.static OFJKHAFJIMA          0.0052 -> 0.0079
32392,2 fw Controll.static GIPNIMALPEG          0.8343 -> 0.2548
32392,2 fw Controll.static NAKNALFCOIF        -89.3997 -> -89.6998
32392,2 fw Controll.static IGLCENGMMMJ            22.2 -> 21.45
32402,5 fw player          ACAIGMNLLEC             193 -> 192
32402,5 fw player          HEADELMLILF               0 -> 1
32402,5 fw Controll.static JELGPAKAJPE             364 -> 111
32402,5 fw Controll.static EENJPDHGGGC         31.4264 -> 32.1495
32418,6 fw Controll.static GIPNIMALPEG          0.2548 -> 0.7833
32418,6 fw Controll.static IGLCENGMMMJ           21.45 -> 21
32424,0 fw Controll.static DGNDKAKOEPD         1586858 -> 1587581
32424,0 fw Controll.static BEJBLGGGOCC       339166213 -> 339166945
32434,7 fw Controll.static MKFDGFOCKNO         32.1366 -> 32.1866
32434,7 fw Controll.static LEKCBKLAILO         32.1866 -> 32.2366
32434,7 fw Controll.static OFJKHAFJIMA          0.0079 -> 0.005
32438,9 fw Controll.static GIPNIMALPEG          0.7833 -> 0.1887
32438,9 fw Controll.static IGLCENGMMMJ              21 -> 20.4
32452,3 fw Controll.static BFEOOOMMGLK               0 -> 1
32452,3 fw Controll.static GLGCAOADGMN               0 -> 1
32452,3 fw Controll        MJPKOOHJOPA         27.3093 -> 27.6433
32470,8 fw player          HEADELMLILF               1 -> 0
32470,8 fw Controll.static MNHBPCOOMLE         1587507 -> 1587840
32470,8 fw Controll.static GIPNIMALPEG          0.1887 -> 0.827
32474,2 fw Controll.static IGLCENGMMMJ            20.4 -> 19.8
32474,2 fw Controll.static BFEOOOMMGLK               1 -> 0
32486,7 fw Controll.static MKFDGFOCKNO         32.1866 -> 32.2366
32486,7 fw Controll.static LEKCBKLAILO         32.2366 -> 32.2866
32486,7 fw Controll.static OFJKHAFJIMA           0.005 -> 0.007
32491,4 fw Controll.static GIPNIMALPEG           0.827 -> 0.2387
32502,9 fw Controll.static IGLCENGMMMJ            19.8 -> 19.2
32518,5 fw Controll.static GIPNIMALPEG          0.2387 -> 0.78
32523,0 fw player          LNIDBHIAJJI              16 -> 15
32523,0 fw Controll.static IGLCENGMMMJ            19.2 -> 18.6
32533,9 fw Controll.static GLGCAOADGMN               1 -> 0
32533,9 fw Controll.static MKFDGFOCKNO         32.2366 -> 32.2866
32533,9 fw Controll.static LEKCBKLAILO         32.2866 -> 32.3366
32533,9 fw Controll.static OFJKHAFJIMA           0.007 -> 0.0042
32537,7 fw Controll.static GIPNIMALPEG            0.78 -> 0.1639
32549,1 fw player          FGFKPMPLNKO           27.43 -> 27.8959
32549,1 fw Controll.static IGLCENGMMMJ            18.6 -> 17.55
32564,4 fw Controll.static GIPNIMALPEG          0.1639 -> 0.6973
32570,2 fw player          LNIDBHIAJJI              15 -> 14
32570,2 fw Controll.static IGLCENGMMMJ           17.55 -> 17.25
32580,5 fw Controll.static MKFDGFOCKNO         32.2866 -> 32.3366
32580,5 fw Controll.static LEKCBKLAILO         32.3366 -> 32.3866
32580,5 fw Controll.static OFJKHAFJIMA          0.0042 -> 0.0008
32584,7 fw Controll.static GIPNIMALPEG          0.6973 -> 0.1033
32614,4 fw Controll.static GIPNIMALPEG          0.1033 -> 0.6972
32618,1 fw player          LNIDBHIAJJI              14 -> 13
32618,1 fw Controll.static IGLCENGMMMJ           17.25 -> 16.95
32631,8 fw Controll.static MKFDGFOCKNO         32.3366 -> 32.3866
32631,8 fw Controll.static LEKCBKLAILO         32.3866 -> 32.4366
32631,8 fw Controll.static OFJKHAFJIMA          0.0008 -> 0.0021
32647,9 fw Controll.static GIPNIMALPEG          0.6972 -> 0.367
32647,9 fw Controll.static IGLCENGMMMJ           16.95 -> 16.8
32651,9 fw Controll.static BFEOOOMMGLK               0 -> 1
32651,9 fw Controll.static GLGCAOADGMN               0 -> 1
32651,9 fw Controll        MJPKOOHJOPA         27.6433 -> 27.8446
32664,9 fw player          LNIDBHIAJJI              13 -> 12
32665,0 fw Controll.static MNHBPCOOMLE         1587840 -> 1588040
32668,3 fw Controll.static GIPNIMALPEG           0.367 -> 0.7757
32668,3 fw Controll.static IGLCENGMMMJ            16.8 -> 16.5
32684,0 fw Controll.static BFEOOOMMGLK               1 -> 0
32684,0 fw Controll.static GLGCAOADGMN               1 -> 0
32686,6 fw Controll.static MKFDGFOCKNO         32.3866 -> 32.4367
32686,6 fw Controll.static LEKCBKLAILO         32.4366 -> 32.4867
32686,6 fw Controll.static OFJKHAFJIMA          0.0021 -> 0.0042
32699,7 fw player          LNIDBHIAJJI              12 -> 11
32699,7 fw Controll.static GIPNIMALPEG          0.7757 -> 0.4039
32699,7 fw Controll.static IGLCENGMMMJ            16.5 -> 16.2
32705,4 fw player          HOJIIOCKKLO              -1 -> 1
32719,2 fw Controll.static GIPNIMALPEG          0.4039 -> 0.7935
32719,2 fw Controll.static IGLCENGMMMJ            16.2 -> 16.05
32734,1 fw Controll.static MKFDGFOCKNO         32.4367 -> 32.4867
32734,1 fw Controll.static LEKCBKLAILO         32.4867 -> 32.5367
32734,1 fw Controll.static OFJKHAFJIMA          0.0042 -> 0.0013
32749,0 fw Controll.static GIPNIMALPEG          0.7935 -> 0.3891
32771,2 fw Controll.static GIPNIMALPEG          0.3891 -> 0.8328
32784,7 fw Controll.static MKFDGFOCKNO         32.4867 -> 32.5367
32784,7 fw Controll.static LEKCBKLAILO         32.5367 -> 32.5867
32784,7 fw Controll.static OFJKHAFJIMA          0.0013 -> 0.0005
32798,1 fw Controll.static GIPNIMALPEG          0.8328 -> 0.3715
32802,0 fw player          LNIDBHIAJJI              11 -> 10
32818,9 fw Controll.static GIPNIMALPEG          0.3715 -> 0.7871
32834,7 fw Controll.static MKFDGFOCKNO         32.5367 -> 32.5867
32834,7 fw Controll.static LEKCBKLAILO         32.5867 -> 32.6367
32834,7 fw Controll.static OFJKHAFJIMA          0.0005 -> 0.0012
32847,0 fw Controll.static GIPNIMALPEG          0.7871 -> 0.3488
32868,2 fw Controll.static GIPNIMALPEG          0.3488 -> 0.7718
32884,7 fw Controll.static MKFDGFOCKNO         32.5867 -> 32.6367
32884,7 fw Controll.static LEKCBKLAILO         32.6367 -> 32.6867
32884,7 fw Controll.static OFJKHAFJIMA          0.0012 -> 0.0049
32891,4 fw Controll.static GIPNIMALPEG          0.7718 -> 0.2359
32899,7 fw Controll        MJPKOOHJOPA         27.8446 -> 28.092
32904,7 fw Controll.static GLGCAOADGMN               0 -> 1
32915,1 fw Controll.static MNHBPCOOMLE         1588040 -> 1588288
32915,1 fw Controll.static GIPNIMALPEG          0.2359 -> 0.7111
32931,2 fw Controll.static MKFDGFOCKNO         32.6367 -> 32.6867
32931,2 fw Controll.static LEKCBKLAILO         32.6867 -> 32.7367
32931,2 fw Controll.static OFJKHAFJIMA          0.0049 -> 0.0014
32946,5 fw Controll.static GIPNIMALPEG          0.7111 -> 0.3388
32966,1 fw Controll.static GIPNIMALPEG          0.3388 -> 0.7295
32980,9 fw Controll.static GLGCAOADGMN               1 -> 0
32980,9 fw Controll        KOPOBDGHLFL               0 -> 1
32980,9 fw Controll        CLEHDNFKJPB         25.3206 -> 28.1229
32984,1 fw Controll.static MKFDGFOCKNO         32.6867 -> 32.7367
32984,1 fw Controll.static LEKCBKLAILO         32.7367 -> 32.7867
32984,1 fw Controll.static OFJKHAFJIMA          0.0014 -> 0.0012
32997,4 fw Controll.static GIPNIMALPEG          0.7295 -> 0.356
33001,4 fw player          LNIDBHIAJJI              10 -> 11
33013,9 fw player          FGFKPMPLNKO         27.8959 -> 28.3711
33018,3 fw Controll.static GIPNIMALPEG           0.356 -> 0.774
33034,4 fw Controll.static MKFDGFOCKNO         32.7367 -> 32.7867
33034,4 fw Controll.static LEKCBKLAILO         32.7867 -> 32.8367
33046,6 fw Controll.static GIPNIMALPEG           0.774 -> 0.341
33051,9 fw player          LNIDBHIAJJI              11 -> 10
33068,2 fw Controll.static GIPNIMALPEG           0.341 -> 0.7717
33083,9 fw Controll.static MKFDGFOCKNO         32.7867 -> 32.8367
33083,9 fw Controll.static LEKCBKLAILO         32.8367 -> 32.8867
33083,9 fw Controll.static OFJKHAFJIMA          0.0012 -> 0.0041
33096,9 fw Controll.static GIPNIMALPEG          0.7717 -> 0.3459
33113,3 fw Controll.static GLGCAOADGMN               0 -> 1
33116,6 fw Controll.static MNHBPCOOMLE         1588288 -> 1588538
33116,6 fw Controll.static GIPNIMALPEG          0.3459 -> 0.7395
33133,3 fw Controll.static GLGCAOADGMN               1 -> 0
33133,3 fw Controll.static MKFDGFOCKNO         32.8367 -> 32.8867
33133,3 fw Controll.static LEKCBKLAILO         32.8867 -> 32.9367
33133,3 fw Controll.static OFJKHAFJIMA          0.0041 -> 0.0007
33146,1 fw Controll.static GIPNIMALPEG          0.7395 -> 0.3295
33159,5 fw player          HOJIIOCKKLO               1 -> -1
33166,6 fw Controll.static GIPNIMALPEG          0.3295 -> 0.7397
33181,4 fw Controll.static MKFDGFOCKNO         32.8867 -> 32.9367
33181,4 fw Controll.static LEKCBKLAILO         32.9367 -> 32.9867
33181,4 fw Controll.static OFJKHAFJIMA          0.0007 -> 0.0016
33188,9 fw Controll.static GIPNIMALPEG          0.7397 -> 0.185
33197,5 fw Controll.static IGLCENGMMMJ           16.05 -> 15.3
33214,5 fw player          APFNBGHAJMD               1 -> 0
33214,6 fw Controll.static GIPNIMALPEG           0.185 -> 0.6986
33218,2 fw Controll.static IGLCENGMMMJ            15.3 -> 14.55
33234,1 fw Controll.static FBINCNDDPAO         23.0694 -> 28.127
33234,1 fw Controll.static ILGHFLMKMCO         25.0694 -> 30.127
33234,1 fw Controll.static JADIDAJFOGK             0.4 -> 0.43
33234,1 fw Controll        KOPOBDGHLFL               1 -> 0
33245,6 fw Controll.static GIPNIMALPEG          0.6986 -> 0.3194
33245,6 fw Controll.static IGLCENGMMMJ           14.55 -> 12.75
33249,9 fw Controll.static DJACNOGOCKD               0 -> 1
33249,9 fw Controll.static MKFDGFOCKNO         32.9367 -> 32.9867
33249,9 fw Controll.static LEKCBKLAILO         32.9867 -> 33.0367
33262,0 fw player          LNIDBHIAJJI              10 -> 11
33262,0 fw player          APFNBGHAJMD               0 -> 1
33262,0 fw Controll.static OFJKHAFJIMA          0.0016 -> 0.0044
33266,2 fw Controll.static GIPNIMALPEG          0.3194 -> 0.7311
33266,2 fw Controll.static IGLCENGMMMJ           12.75 -> 11.4
33283,0 fw Controll.static MKFDGFOCKNO         32.9867 -> 33.0368
33283,0 fw Controll.static LEKCBKLAILO         33.0367 -> 33.0868
33283,0 fw Controll.static OFJKHAFJIMA          0.0044 -> 0.0031
33296,5 fw Controll.static GIPNIMALPEG          0.7311 -> 0.3375
33296,5 fw Controll.static IGLCENGMMMJ            11.4 -> 9.15
33316,8 fw Controll.static GIPNIMALPEG          0.3375 -> 0.7436
33316,8 fw Controll.static IGLCENGMMMJ            9.15 -> 8.1
33333,5 fw Controll.static MKFDGFOCKNO         33.0368 -> 33.0868
33333,5 fw Controll.static LEKCBKLAILO         33.0868 -> 33.1368
33333,5 fw Controll.static OFJKHAFJIMA          0.0031 -> 0.0006
33346,7 fw Controll.static GIPNIMALPEG          0.7436 -> 0.342
33346,8 fw Controll.static IGLCENGMMMJ             8.1 -> 7.95
33352,7 fw player          LNIDBHIAJJI              11 -> 9
33369,4 fw Controll.static GIPNIMALPEG           0.342 -> 0.7942
33383,7 fw Controll.static MKFDGFOCKNO         33.0868 -> 33.1368
33383,7 fw Controll.static LEKCBKLAILO         33.1368 -> 33.1868
33383,7 fw Controll.static OFJKHAFJIMA          0.0006 -> 0.0039
33389,7 fw Controll.static GIPNIMALPEG          0.7942 -> 0.2007
33399,0 fw player          LNIDBHIAJJI               9 -> 7
33399,0 fw Controll.static DGNDKAKOEPD         1587581 -> 1588578
33399,0 fw Controll.static BEJBLGGGOCC       339166945 -> 339167942
33399,0 fw Controll.static JELGPAKAJPE             111 -> 107
33399,0 fw Controll.static EENJPDHGGGC         32.1495 -> 33.147
33414,7 fw Controll.static GIPNIMALPEG          0.2007 -> 0.7006
33429,9 fw Controll.static MKFDGFOCKNO         33.1368 -> 33.1868
33429,9 fw Controll.static LEKCBKLAILO         33.1868 -> 33.2368
33429,9 fw Controll.static OFJKHAFJIMA          0.0039 -> 0
33434,6 fw Controll.static GIPNIMALPEG          0.7006 -> 0.0987
33450,4 fw Controll        KOPOBDGHLFL               0 -> 1
33450,4 fw Controll        CLEHDNFKJPB         28.1229 -> 28.5883
33462,1 fw player          LNIDBHIAJJI               7 -> 5
33462,2 fw Controll.static GIPNIMALPEG          0.0987 -> 0.6497
33483,5 fw Controll.static GIPNIMALPEG          0.6497 -> 0.0759
33495,6 fw player          FGFKPMPLNKO         28.3711 -> 28.8369
33500,0 fw Controll.static MKFDGFOCKNO         33.1868 -> 33.2368
33500,0 fw Controll.static LEKCBKLAILO         33.2368 -> 33.2868
33500,0 fw Controll.static OFJKHAFJIMA               0 -> 0.0036
33512,3 fw Controll.static GIPNIMALPEG          0.0759 -> 0.6533
33544,8 fw Controll.static GIPNIMALPEG          0.6533 -> 0.3026
33549,8 fw Controll.static MKFDGFOCKNO         33.2368 -> 33.2868
33549,8 fw Controll.static LEKCBKLAILO         33.2868 -> 33.3368
33558,5 fw Controll.static OFJKHAFJIMA          0.0036 -> 0.0033
33565,1 fw Controll.static GIPNIMALPEG          0.3026 -> 0.7079
33580,9 fw Controll.static MKFDGFOCKNO         33.2868 -> 33.3368
33580,9 fw Controll.static LEKCBKLAILO         33.3368 -> 33.3868
33580,9 fw Controll.static OFJKHAFJIMA          0.0033 -> 0.001
33586,0 fw Controll.static GIPNIMALPEG          0.7079 -> 0.1271
33612,2 fw Controll.static GIPNIMALPEG          0.1271 -> 0.6501
33628,6 fw player          HOJIIOCKKLO              -1 -> 1
33632,0 fw Controll.static GIPNIMALPEG          0.6501 -> 0.0462
33648,7 fw Controll.static MKFDGFOCKNO         33.3368 -> 33.3868
33648,7 fw Controll.static LEKCBKLAILO         33.3868 -> 33.4368
33648,7 fw Controll.static OFJKHAFJIMA           0.001 -> 0.0021
33661,2 fw Controll.static GIPNIMALPEG          0.0462 -> 0.6301
33681,8 fw Controll.static GIPNIMALPEG          0.6301 -> 0.0417
33698,2 fw Controll.static MKFDGFOCKNO         33.3868 -> 33.4368
33698,2 fw Controll.static LEKCBKLAILO         33.4368 -> 33.4868
33698,2 fw Controll.static OFJKHAFJIMA          0.0021 -> 0.0019
33698,3 fw Controll        KOPOBDGHLFL               1 -> 0
33712,1 fw Controll.static GIPNIMALPEG          0.0417 -> 0.6468
33733,0 fw Controll.static GIPNIMALPEG          0.6468 -> 0.0648
33750,1 fw Controll.static MKFDGFOCKNO         33.4368 -> 33.4869
33750,1 fw Controll.static LEKCBKLAILO         33.4868 -> 33.5369
33750,1 fw Controll.static OFJKHAFJIMA          0.0019 -> 0.003
33757,1 fw Controll.static GIPNIMALPEG          0.0648 -> 0.5475
33778,7 fw Controll.static GIPNIMALPEG          0.5475 -> 0.9786
33794,6 fw Controll.static MKFDGFOCKNO         33.4869 -> 33.5369
33794,6 fw Controll.static LEKCBKLAILO         33.5369 -> 33.5869
33794,7 fw Controll.static OFJKHAFJIMA           0.003 -> 0.0044
33798,0 fw Controll.static GIPNIMALPEG          0.9786 -> 0.3652
33833,7 fw Controll.static GIPNIMALPEG          0.3652 -> 0.0789
33844,2 fw Controll.static MKFDGFOCKNO         33.5369 -> 33.5869
33844,2 fw Controll.static LEKCBKLAILO         33.5869 -> 33.6369
33850,1 fw Controll.static OFJKHAFJIMA          0.0044 -> 0.0038
33857,2 fw Controll.static GIPNIMALPEG          0.0789 -> 0.548
33879,1 fw Controll.static GIPNIMALPEG           0.548 -> 0.9871
33894,5 fw Controll.static MKFDGFOCKNO         33.5869 -> 33.6369
33894,5 fw Controll.static LEKCBKLAILO         33.6369 -> 33.6869
33894,5 fw Controll.static OFJKHAFJIMA          0.0038 -> 0.0079
33901,8 fw Controll.static GIPNIMALPEG          0.9871 -> 0.4403
33928,2 fw Controll.static GIPNIMALPEG          0.4403 -> 0.9678
33944,0 fw player          FGFKPMPLNKO         28.8369 -> 29.3022
33944,0 fw Controll.static MKFDGFOCKNO         33.6369 -> 33.6869
33944,0 fw Controll.static LEKCBKLAILO         33.6869 -> 33.7369
33944,0 fw Controll.static OFJKHAFJIMA          0.0079 -> 0.0027
33948,8 fw Controll.static GIPNIMALPEG          0.9678 -> 0.3804
33975,0 fw Controll.static GIPNIMALPEG          0.3804 -> 0.903
33990,1 fw Controll.static MKFDGFOCKNO         33.6869 -> 33.7369
33990,1 fw Controll.static LEKCBKLAILO         33.7369 -> 33.7869
33990,1 fw Controll.static OFJKHAFJIMA          0.0027 -> 0.0006
33996,4 fw Controll.static GIPNIMALPEG           0.903 -> 0.3324
34017,7 fw Controll.static GIPNIMALPEG          0.3324 -> 0.7572
34032,2 fw Controll.static MKFDGFOCKNO         33.7369 -> 33.7869
34032,2 fw Controll.static LEKCBKLAILO         33.7869 -> 33.8369
34032,2 fw Controll.static OFJKHAFJIMA          0.0006 -> 0.0022
34043,6 fw Controll.static GIPNIMALPEG          0.7572 -> 0.276
34063,3 fw Controll.static GIPNIMALPEG           0.276 -> 0.6696
34079,1 fw player          HOJIIOCKKLO               1 -> -1
34088,2 fw Controll.static GIPNIMALPEG          0.6696 -> 0.1679
34102,2 fw Controll.static MKFDGFOCKNO         33.7869 -> 33.8369
34102,2 fw Controll.static LEKCBKLAILO         33.8369 -> 33.8869
34102,2 fw Controll.static OFJKHAFJIMA          0.0022 -> 0.0082
34116,5 fw Controll.static GIPNIMALPEG          0.1679 -> 0.7339
34131,5 fw Controll.static OFJKHAFJIMA          0.0082 -> 0.0015
34143,5 fw Controll.static GIPNIMALPEG          0.7339 -> 0.2741
34161,0 fw Controll.static MKFDGFOCKNO         33.8369 -> 33.8869
34161,0 fw Controll.static LEKCBKLAILO         33.8869 -> 33.9369
34164,8 fw Controll.static GIPNIMALPEG          0.2741 -> 0.6989
34181,7 fw Controll.static MKFDGFOCKNO         33.8869 -> 33.9369
34181,7 fw Controll.static LEKCBKLAILO         33.9369 -> 33.9869
34181,7 fw Controll.static OFJKHAFJIMA          0.0015 -> 0.0016
34193,6 fw Controll.static GIPNIMALPEG          0.6989 -> 0.275
34215,3 fw Controll.static GIPNIMALPEG           0.275 -> 0.709
34232,3 fw Controll.static MKFDGFOCKNO         33.9369 -> 33.987
34232,3 fw Controll.static LEKCBKLAILO         33.9869 -> 34.037
34232,3 fw Controll.static OFJKHAFJIMA          0.0016 -> 0.0023
34243,0 fw Controll.static GIPNIMALPEG           0.709 -> 0.2628
34262,8 fw Controll.static GIPNIMALPEG          0.2628 -> 0.6593
34287,0 fw Controll.static GIPNIMALPEG          0.6593 -> 0.1416
34301,0 fw Controll.static MKFDGFOCKNO          33.987 -> 34.037
34301,0 fw Controll.static LEKCBKLAILO          34.037 -> 34.087
34301,0 fw Controll.static OFJKHAFJIMA          0.0023 -> 0.0068
34310,8 fw Controll.static GIPNIMALPEG          0.1416 -> 0.6195
34331,3 fw Controll.static GIPNIMALPEG          0.6195 -> 0.0285
34345,6 fw Controll.static MKFDGFOCKNO          34.037 -> 34.087
34345,6 fw Controll.static LEKCBKLAILO          34.087 -> 34.137
34345,6 fw Controll.static OFJKHAFJIMA          0.0068 -> 0.0013
34353,9 fw Controll.static GIPNIMALPEG          0.0285 -> 0.4811
34375,7 fw Controll.static GIPNIMALPEG          0.4811 -> 0.9169
34390,3 fw Controll.static MKFDGFOCKNO          34.087 -> 34.137
34390,3 fw Controll.static LEKCBKLAILO          34.137 -> 34.187
34390,3 fw Controll.static OFJKHAFJIMA          0.0013 -> 0.0017
34403,7 fw Controll.static GIPNIMALPEG          0.9169 -> 0.4756
34403,7 fw Controll.static DGNDKAKOEPD         1588578 -> 1589579
34403,7 fw Controll.static BEJBLGGGOCC       339167942 -> 339168942
34403,7 fw Controll.static JELGPAKAJPE             107 -> 104
34403,7 fw Controll.static EENJPDHGGGC          33.147 -> 34.1477
34417,5 fw player          FGFKPMPLNKO         29.3022 -> 29.7694
34428,5 fw Controll.static GIPNIMALPEG          0.4756 -> 0.973
34442,8 fw Controll.static MKFDGFOCKNO          34.137 -> 34.187
34442,8 fw Controll.static LEKCBKLAILO          34.187 -> 34.237
34442,8 fw Controll.static OFJKHAFJIMA          0.0017 -> 0.0024
34448,6 fw Controll.static GIPNIMALPEG           0.973 -> 0.3739
34471,5 fw Controll.static GIPNIMALPEG          0.3739 -> 0.8321
34485,4 fw Controll.static MKFDGFOCKNO          34.187 -> 34.237
34485,4 fw Controll.static LEKCBKLAILO          34.237 -> 34.287
34485,4 fw Controll.static OFJKHAFJIMA          0.0024 -> 0.0054
34493,2 fw Controll.static GIPNIMALPEG          0.8321 -> 0.2663
34513,4 fw Controll.static GIPNIMALPEG          0.2663 -> 0.6697
34531,1 fw player          HOJIIOCKKLO              -1 -> 1
34531,1 fw Controll.static MKFDGFOCKNO          34.237 -> 34.287
34531,1 fw Controll.static LEKCBKLAILO          34.287 -> 34.337
34531,1 fw Controll.static OFJKHAFJIMA          0.0054 -> 0.0011
34538,6 fw Controll.static GIPNIMALPEG          0.6697 -> 0.174
34560,6 fw Controll.static GIPNIMALPEG           0.174 -> 0.6128
34584,3 fw Controll.static ILGHFLMKMCO          30.127 -> 29.5605
34584,3 fw Controll.static CKLMDECPAGK               0 -> 29.8605
34584,3 fw Controll.static DBMGNKNGFLL               0 -> 1
34584,3 fw Controll.static OINJNFHMDFE          0.3988 -> 0.4445
34584,3 fw Controll.static _JFKCDODJALP_k__BackingField            0 -> 1
34584,3 fw Controll.static GIPNIMALPEG          0.6128 -> 0.0885
34584,3 fw Controll.static JBKBOPCCIBM               0 -> 1
34597,1 fw Controll.static MKFDGFOCKNO          34.287 -> 34.337
34597,1 fw Controll.static LEKCBKLAILO          34.337 -> 34.387
34597,1 fw Controll.static OFJKHAFJIMA          0.0011 -> 0.0043
34609,3 fw Controll.static GIPNIMALPEG          0.0885 -> 0.5873
34629,7 fw Controll.static GIPNIMALPEG          0.5873 -> 0.9954
34645,4 fw Controll.static MKFDGFOCKNO          34.337 -> 34.387
34645,4 fw Controll.static LEKCBKLAILO          34.387 -> 34.437
34645,4 fw Controll.static OFJKHAFJIMA          0.0043 -> 0.0086
34654,6 fw Controll.static GIPNIMALPEG          0.9954 -> 0.4939
34669,1 fw Controll.static DJACNOGOCKD               1 -> 0
34675,7 fw Controll.static _JFKCDODJALP_k__BackingField            1 -> 0
34684,7 fw Controll.static GIPNIMALPEG          0.4939 -> 0.0962
34684,7 fw Controll.static JBKBOPCCIBM               1 -> 0
34693,5 fw Controll.static MKFDGFOCKNO          34.387 -> 34.437
34693,5 fw Controll.static LEKCBKLAILO          34.437 -> 34.487
34698,1 fw Controll.static OFJKHAFJIMA          0.0086 -> 0.0046
34708,9 fw Controll.static GIPNIMALPEG          0.0962 -> 0.5794
34729,8 fw Controll.static GIPNIMALPEG          0.5794 -> 0.9966
34746,0 fw Controll.static MKFDGFOCKNO          34.437 -> 34.487
34746,0 fw Controll.static LEKCBKLAILO          34.487 -> 34.537
34746,1 fw Controll.static OFJKHAFJIMA          0.0046 -> 0.0089
34754,0 fw Controll.static GIPNIMALPEG          0.9966 -> 0.4817
34775,8 fw Controll.static GIPNIMALPEG          0.4817 -> 0.9186
34791,8 fw Controll.static MKFDGFOCKNO          34.487 -> 34.5371
34791,8 fw Controll.static LEKCBKLAILO          34.537 -> 34.5871
34791,8 fw Controll.static OFJKHAFJIMA          0.0089 -> 0.0012
34795,8 fw Controll.static GIPNIMALPEG          0.9186 -> 0.3163
34829,0 fw Controll.static GIPNIMALPEG          0.3163 -> 0.9812
34844,1 fw Controll.static MKFDGFOCKNO         34.5371 -> 34.5871
34844,1 fw Controll.static LEKCBKLAILO         34.5871 -> 34.6371
34844,1 fw Controll.static OFJKHAFJIMA          0.0012 -> 0.0034
34849,7 fw Controll.static GIPNIMALPEG          0.9812 -> 0.3958
34875,5 fw Controll.static GIPNIMALPEG          0.3958 -> 0.9099
34892,7 fw player          FGFKPMPLNKO         29.7694 -> 30.2377
34892,7 fw Controll.static MKFDGFOCKNO         34.5871 -> 34.6371
34892,7 fw Controll.static LEKCBKLAILO         34.6371 -> 34.6871
34892,7 fw Controll.static OFJKHAFJIMA          0.0034 -> 0.0124
34895,8 fw Controll.static GIPNIMALPEG          0.9099 -> 0.3171
34921,7 fw Controll.static GIPNIMALPEG          0.3171 -> 0.8355
34936,4 fw Controll.static MKFDGFOCKNO         34.6371 -> 34.6871
34936,4 fw Controll.static LEKCBKLAILO         34.6871 -> 34.7371
34936,4 fw Controll.static OFJKHAFJIMA          0.0124 -> 0.0063
34942,5 fw Controll.static GIPNIMALPEG          0.8355 -> 0.2507
34975,0 fw player          HOJIIOCKKLO               1 -> -1
34975,0 fw Controll.static GIPNIMALPEG          0.2507 -> 0.9014
34992,0 fw Controll.static OFJKHAFJIMA          0.0063 -> 0.0119
34996,5 fw Controll.static GIPNIMALPEG          0.9014 -> 0.3313
35014,0 fw Controll.static MKFDGFOCKNO         34.6871 -> 34.7371
35014,0 fw Controll.static LEKCBKLAILO         34.7371 -> 34.7871
35024,1 fw Controll.static GIPNIMALPEG          0.3313 -> 0.8822
35041,0 fw Controll.static MKFDGFOCKNO         34.7371 -> 34.7871
35041,0 fw Controll.static LEKCBKLAILO         34.7871 -> 34.8371
35041,0 fw Controll.static OFJKHAFJIMA          0.0119 -> 0
35044,9 fw Controll.static GIPNIMALPEG          0.8822 -> 0.2979
35076,0 fw Controll.static GIPNIMALPEG          0.2979 -> 0.9206
35091,8 fw Controll.static MKFDGFOCKNO         34.7871 -> 34.8371
35091,8 fw Controll.static LEKCBKLAILO         34.8371 -> 34.8871
35091,8 fw Controll.static OFJKHAFJIMA               0 -> 0.0005
35096,1 fw Controll.static GIPNIMALPEG          0.9206 -> 0.3227
35124,0 fw Controll.static GIPNIMALPEG          0.3227 -> 0.8794
35137,7 fw Controll.static MKFDGFOCKNO         34.8371 -> 34.8871
35137,7 fw Controll.static LEKCBKLAILO         34.8871 -> 34.9371
35137,7 fw Controll.static OFJKHAFJIMA          0.0005 -> 0.0075
35145,1 fw Controll.static GIPNIMALPEG          0.8794 -> 0.301
35166,1 fw Controll.static GIPNIMALPEG           0.301 -> 0.7221
35180,5 fw Controll.static MKFDGFOCKNO         34.8871 -> 34.9371
35180,5 fw Controll.static LEKCBKLAILO         34.9371 -> 34.9871
35180,5 fw Controll.static OFJKHAFJIMA          0.0075 -> 0.0003
35188,9 fw Controll.static GIPNIMALPEG          0.7221 -> 0.1768
35211,2 fw Controll.static GIPNIMALPEG          0.1768 -> 0.6226
35233,3 fw Controll.static GIPNIMALPEG          0.6226 -> 0.0649
35241,9 fw Controll        MJPKOOHJOPA          28.092 -> 30.4343
35246,3 fw Controll.static GLGCAOADGMN               0 -> 1
35246,3 fw Controll.static MKFDGFOCKNO         34.9371 -> 34.9872
35246,3 fw Controll.static LEKCBKLAILO         34.9871 -> 35.0372
35246,3 fw Controll.static OFJKHAFJIMA          0.0003 -> 0.0031
35257,8 fw Controll.static MNHBPCOOMLE         1588538 -> 1590630
35262,4 fw Controll.static GIPNIMALPEG          0.0649 -> 0.6481
35291,8 fw Controll.static GIPNIMALPEG          0.6481 -> 0.2344
35308,2 fw Controll.static MKFDGFOCKNO         34.9872 -> 35.0372
35308,2 fw Controll.static LEKCBKLAILO         35.0372 -> 35.0872
35308,2 fw Controll.static OFJKHAFJIMA          0.0031 -> 0.0114
35312,3 fw Controll.static GIPNIMALPEG          0.2344 -> 0.6447
35330,2 fw Controll.static MKFDGFOCKNO         35.0372 -> 35.0872
35330,2 fw Controll.static LEKCBKLAILO         35.0872 -> 35.1372
35330,2 fw Controll.static OFJKHAFJIMA          0.0114 -> 0
35339,8 fw Controll.static GIPNIMALPEG          0.6447 -> 0.195
35344,3 fw Controll.static GLGCAOADGMN               1 -> 0
35360,8 fw player          FGFKPMPLNKO         30.2377 -> 30.7147
35360,8 fw Controll.static GIPNIMALPEG           0.195 -> 0.615
35390,4 fw Controll.static GIPNIMALPEG           0.615 -> 0.2067
35393,5 fw Controll.static DGNDKAKOEPD         1589579 -> 1590579
35393,5 fw Controll.static BEJBLGGGOCC       339168942 -> 339169949
35393,5 fw Controll.static JELGPAKAJPE             104 -> 100
35393,5 fw Controll.static EENJPDHGGGC         34.1477 -> 35.1477
35406,5 fw Controll.static MKFDGFOCKNO         35.0872 -> 35.1372
35406,5 fw Controll.static LEKCBKLAILO         35.1372 -> 35.1872
35406,5 fw Controll.static OFJKHAFJIMA               0 -> 0.0101
35411,0 fw Controll.static GIPNIMALPEG          0.2067 -> 0.6188
35438,4 fw player          HOJIIOCKKLO              -1 -> 1
35438,5 fw Controll.static GIPNIMALPEG          0.6188 -> 0.1668
35444,4 fw Controll.static BFEOOOMMGLK               0 -> 1
35453,5 fw player          LNIDBHIAJJI               5 -> 4
35453,5 fw Controll.static GLGCAOADGMN               0 -> 1
35453,5 fw Controll.static MKFDGFOCKNO         35.1372 -> 35.1872
35453,5 fw Controll.static LEKCBKLAILO         35.1872 -> 35.2372
35453,5 fw Controll.static OFJKHAFJIMA          0.0101 -> 0.0081
35453,6 fw Controll        MJPKOOHJOPA         30.4343 -> 30.6372
35459,7 fw Controll.static MNHBPCOOMLE         1590630 -> 1590833
35459,7 fw Controll.static GIPNIMALPEG          0.1668 -> 0.5912
35468,4 fw Controll.static BFEOOOMMGLK               1 -> 0
35483,0 fw Controll.static GIPNIMALPEG          0.5912 -> 0.0577
35496,2 fw Controll.static GLGCAOADGMN               1 -> 0
35496,2 fw Controll.static MKFDGFOCKNO         35.1872 -> 35.2372
35496,2 fw Controll.static LEKCBKLAILO         35.2372 -> 35.2872
35496,2 fw Controll.static OFJKHAFJIMA          0.0081 -> 0.0027
35506,2 fw player          LNIDBHIAJJI               4 -> 5
35506,2 fw Controll.static GIPNIMALPEG          0.0577 -> 0.5229
35528,0 fw Controll.static GIPNIMALPEG          0.5229 -> 0.9577
35542,5 fw Controll.static MKFDGFOCKNO         35.2372 -> 35.2872
35542,5 fw Controll.static LEKCBKLAILO         35.2872 -> 35.3372
35542,5 fw Controll.static OFJKHAFJIMA          0.0027 -> 0.0033
35556,6 fw Controll.static GIPNIMALPEG          0.9577 -> 0.5309
35577,3 fw Controll.static GIPNIMALPEG          0.5309 -> 0.9431
35596,0 fw Controll.static MKFDGFOCKNO         35.2872 -> 35.3372
35596,0 fw Controll.static LEKCBKLAILO         35.3372 -> 35.3872
35596,0 fw Controll.static OFJKHAFJIMA          0.0033 -> 0.0116
35607,0 fw Controll.static GIPNIMALPEG          0.9431 -> 0.5376
35622,4 fw player          LNIDBHIAJJI               5 -> 4
35626,6 fw Controll.static GIPNIMALPEG          0.5376 -> 0.9306
35642,5 fw Controll.static MKFDGFOCKNO         35.3372 -> 35.3872
35642,5 fw Controll.static LEKCBKLAILO         35.3872 -> 35.4372
35642,5 fw Controll.static OFJKHAFJIMA          0.0116 -> 0.0067
35652,3 fw Controll.static GIPNIMALPEG          0.9306 -> 0.4429
35674,4 fw Controll.static GIPNIMALPEG          0.4429 -> 0.8867
35690,0 fw Controll.static MKFDGFOCKNO         35.3872 -> 35.4372
35690,0 fw Controll.static LEKCBKLAILO         35.4372 -> 35.4872
35690,0 fw Controll.static OFJKHAFJIMA          0.0067 -> 0.0097
35694,3 fw Controll.static GIPNIMALPEG          0.8867 -> 0.2839
35722,6 fw Controll.static GIPNIMALPEG          0.2839 -> 0.8504
35739,8 fw Controll.static MKFDGFOCKNO         35.4372 -> 35.4872
35739,8 fw Controll.static LEKCBKLAILO         35.4872 -> 35.5372
35739,8 fw Controll.static OFJKHAFJIMA          0.0097 -> 0.0096
35743,2 fw Controll.static GIPNIMALPEG          0.8504 -> 0.2622
35755,9 fw player          LNIDBHIAJJI               4 -> 5
35772,7 fw Controll.static GIPNIMALPEG          0.2622 -> 0.8512
35789,9 fw Controll.static MKFDGFOCKNO         35.4872 -> 35.5373
35789,9 fw Controll.static LEKCBKLAILO         35.5372 -> 35.5873
35792,5 fw Controll.static GIPNIMALPEG          0.8512 -> 0.2478
35824,6 fw Controll.static MNHBPCOOMLE         1590833 -> 1591213
35824,6 fw Controll.static GIPNIMALPEG          0.2478 -> 0.889
35824,6 fw Controll        MJPKOOHJOPA         30.6372 -> 31.0168
35830,1 fw player          FGFKPMPLNKO         30.7147 -> 31.1818
35839,6 fw Controll.static GLGCAOADGMN               0 -> 1
35839,6 fw Controll.static MKFDGFOCKNO         35.5373 -> 35.5873
35839,6 fw Controll.static LEKCBKLAILO         35.5873 -> 35.6373
35839,6 fw Controll.static OFJKHAFJIMA          0.0096 -> 0.0092
35855,9 fw Controll.static GIPNIMALPEG           0.889 -> 0.5151
35875,7 fw Controll.static GIPNIMALPEG          0.5151 -> 0.9116
35890,0 fw player          HOJIIOCKKLO               1 -> -1
35890,0 fw Controll.static GLGCAOADGMN               1 -> 0
35893,2 fw Controll.static MKFDGFOCKNO         35.5873 -> 35.6373
35893,2 fw Controll.static LEKCBKLAILO         35.6373 -> 35.6873
35893,2 fw Controll.static OFJKHAFJIMA          0.0092 -> 0.0096
35905,1 fw Controll.static GIPNIMALPEG          0.9116 -> 0.4995
35925,4 fw Controll.static GIPNIMALPEG          0.4995 -> 0.9053
35942,3 fw Controll.static MKFDGFOCKNO         35.6373 -> 35.6873
35942,3 fw Controll.static LEKCBKLAILO         35.6873 -> 35.7373
35942,3 fw Controll.static OFJKHAFJIMA          0.0096 -> 0.0092
35955,8 fw Controll.static GIPNIMALPEG          0.9053 -> 0.5119
35975,6 fw Controll.static GIPNIMALPEG          0.5119 -> 0.9079
35992,7 fw Controll.static MKFDGFOCKNO         35.6873 -> 35.7373
35992,7 fw Controll.static LEKCBKLAILO         35.7373 -> 35.7873
35992,7 fw Controll.static OFJKHAFJIMA          0.0092 -> 0.0089
36004,9 fw Controll.static GIPNIMALPEG          0.9079 -> 0.4936
36025,8 fw Controll.static GIPNIMALPEG          0.4936 -> 0.912
36041,0 fw Controll.static MKFDGFOCKNO         35.7373 -> 35.7873
36041,0 fw Controll.static LEKCBKLAILO         35.7873 -> 35.8373
36041,0 fw Controll.static OFJKHAFJIMA          0.0089 -> 0.0014
36047,5 fw player          LNIDBHIAJJI               5 -> 4
36047,5 fw Controll.static GIPNIMALPEG           0.912 -> 0.3473
36073,4 fw Controll.static MNHBPCOOMLE         1591213 -> 1591461
36073,4 fw Controll.static GIPNIMALPEG          0.3473 -> 0.8636
36073,4 fw Controll        MJPKOOHJOPA         31.0168 -> 31.2645
36089,5 fw Controll.static GLGCAOADGMN               0 -> 1
36089,6 fw Controll.static MKFDGFOCKNO         35.7873 -> 35.8373
36089,6 fw Controll.static LEKCBKLAILO         35.8373 -> 35.8873
36089,6 fw Controll.static OFJKHAFJIMA          0.0014 -> 0.0092
36093,6 fw Controll.static GIPNIMALPEG          0.8636 -> 0.2676
36117,9 fw Controll.static GIPNIMALPEG          0.2676 -> 0.7533
36133,0 fw Controll.static MKFDGFOCKNO         35.8373 -> 35.8873
36133,0 fw Controll.static LEKCBKLAILO         35.8873 -> 35.9373
36133,0 fw Controll.static OFJKHAFJIMA          0.0092 -> 0.0026
36147,9 fw Controll.static GIPNIMALPEG          0.7533 -> 0.3542
36161,9 fw player          LNIDBHIAJJI               4 -> 5
36171,8 fw Controll.static GIPNIMALPEG          0.3542 -> 0.8322
36188,7 fw Controll.static MKFDGFOCKNO         35.8873 -> 35.9373
36188,7 fw Controll.static LEKCBKLAILO         35.9373 -> 35.9873
36188,7 fw Controll.static OFJKHAFJIMA          0.0026 -> 0.0083
36191,7 fw Controll.static GIPNIMALPEG          0.8322 -> 0.2288
36218,0 fw Controll.static GIPNIMALPEG          0.2288 -> 0.7564
36231,7 fw Controll.static MKFDGFOCKNO         35.9373 -> 35.9873
36231,7 fw Controll.static LEKCBKLAILO         35.9873 -> 36.0373
36231,7 fw Controll.static OFJKHAFJIMA          0.0083 -> 0.0013
36239,2 fw Controll.static GIPNIMALPEG          0.7564 -> 0.1795
36260,4 fw Controll.static GIPNIMALPEG          0.1795 -> 0.603
36271,5 fw Controll.static GLGCAOADGMN               1 -> 0
36288,6 fw Controll.static GIPNIMALPEG           0.603 -> 0.1677
36304,1 fw player          FGFKPMPLNKO         31.1818 -> 31.65
36304,2 fw Controll.static MKFDGFOCKNO         35.9873 -> 36.0373
36304,2 fw Controll.static LEKCBKLAILO         36.0373 -> 36.0873
36304,2 fw Controll.static OFJKHAFJIMA          0.0013 -> 0.0082
36310,4 fw player          LNIDBHIAJJI               5 -> 4
36310,4 fw Controll.static MNHBPCOOMLE         1591461 -> 1591699
36310,4 fw Controll.static GIPNIMALPEG          0.1677 -> 0.6036
36310,4 fw Controll        MJPKOOHJOPA         31.2645 -> 31.5018
36326,6 fw Controll.static GLGCAOADGMN               0 -> 1
36332,7 fw Controll.static GIPNIMALPEG          0.6036 -> 0.0503
36340,9 fw player          HOJIIOCKKLO              -1 -> 1
36346,5 fw Controll.static MKFDGFOCKNO         36.0373 -> 36.0874
36346,5 fw Controll.static LEKCBKLAILO         36.0873 -> 36.1374
36346,5 fw Controll.static OFJKHAFJIMA          0.0082 -> 0.0024
36355,8 fw player          LNIDBHIAJJI               4 -> 5
36355,8 fw Controll.static GIPNIMALPEG          0.0503 -> 0.5115
36375,4 fw Controll.static GIPNIMALPEG          0.5115 -> 0.9038
36391,4 fw Controll.static GLGCAOADGMN               1 -> 0
36391,4 fw Controll.static MKFDGFOCKNO         36.0874 -> 36.1374
36391,4 fw Controll.static LEKCBKLAILO         36.1374 -> 36.1874
36391,4 fw Controll.static OFJKHAFJIMA          0.0024 -> 0.0085
36404,0 fw Controll.static GIPNIMALPEG          0.9038 -> 0.4751
36409,5 fw Controll.static DGNDKAKOEPD         1590579 -> 1591578
36409,5 fw Controll.static BEJBLGGGOCC       339169949 -> 339170940
36409,5 fw Controll.static JELGPAKAJPE             100 -> 101
36409,5 fw Controll.static EENJPDHGGGC         35.1477 -> 36.1463
36435,4 fw Controll.static GIPNIMALPEG          0.4751 -> 0.1027
36440,9 fw Controll.static MKFDGFOCKNO         36.1374 -> 36.1874
36440,9 fw Controll.static LEKCBKLAILO         36.1874 -> 36.2374
36450,3 fw Controll.static OFJKHAFJIMA          0.0085 -> 0.0049
36456,0 fw Controll.static GIPNIMALPEG          0.1027 -> 0.5156
36479,1 fw Controll.static GIPNIMALPEG          0.5156 -> 0.977
36492,8 fw Controll.static MKFDGFOCKNO         36.1874 -> 36.2374
36492,8 fw Controll.static LEKCBKLAILO         36.2374 -> 36.2874
36492,8 fw Controll.static OFJKHAFJIMA          0.0049 -> 0.0076
36503,5 fw Controll.static GIPNIMALPEG           0.977 -> 0.4641
36503,5 fw Controll.static EPEEFBDJAHO               1 -> 0
36517,3 fw player          LNIDBHIAJJI               5 -> 4
36517,3 fw Controll        MJPKOOHJOPA         31.5018 -> 31.71
36524,4 fw Controll.static MNHBPCOOMLE         1591699 -> 1591905
36524,4 fw Controll.static GIPNIMALPEG          0.4641 -> 0.8817
36532,3 fw Controll.static GLGCAOADGMN               0 -> 1
36540,0 fw Controll.static MKFDGFOCKNO         36.2374 -> 36.2874
36540,0 fw Controll.static LEKCBKLAILO         36.2874 -> 36.3374
36540,0 fw Controll.static OFJKHAFJIMA          0.0076 -> 0.0019
36546,9 fw Controll.static GIPNIMALPEG          0.8817 -> 0.332
36555,4 fw Controll.static GLGCAOADGMN               1 -> 0
36570,9 fw Controll.static GIPNIMALPEG           0.332 -> 0.8125
36587,0 fw Controll.static MKFDGFOCKNO         36.2874 -> 36.3374
36587,0 fw Controll.static LEKCBKLAILO         36.3374 -> 36.3874
36587,0 fw Controll.static OFJKHAFJIMA          0.0019 -> 0.0065
36592,6 fw Controll.static GIPNIMALPEG          0.8125 -> 0.2472
36603,2 fw player          HIDMDLLHEKO               1 -> 0
36603,2 fw player          LNIDBHIAJJI               4 -> 5
36617,5 fw Controll.static GIPNIMALPEG          0.2472 -> 0.743
36633,1 fw Controll.static MKFDGFOCKNO         36.3374 -> 36.3874
36633,1 fw Controll.static LEKCBKLAILO         36.3874 -> 36.4374
36633,1 fw Controll.static OFJKHAFJIMA          0.0065 -> 0.0026
36639,2 fw Controll.static GIPNIMALPEG           0.743 -> 0.1782
36663,2 fw Controll.static GIPNIMALPEG          0.1782 -> 0.6568
36689,6 fw Controll.static GIPNIMALPEG          0.6568 -> 0.1856
36704,6 fw player          LNIDBHIAJJI               5 -> 4
36704,6 fw Controll.static MKFDGFOCKNO         36.3874 -> 36.4374
36704,6 fw Controll.static LEKCBKLAILO         36.4374 -> 36.4874
36704,6 fw Controll.static OFJKHAFJIMA          0.0026 -> 0.0091
36720,1 fw Controll.static GIPNIMALPEG          0.1856 -> 0.795
36733,4 fw Controll.static OFJKHAFJIMA          0.0091 -> 0.0029
36742,7 fw Controll.static GIPNIMALPEG           0.795 -> 0.2479
36749,9 fw player          CLOEJLAOIGI               0 -> 1
36757,3 fw Controll.static MKFDGFOCKNO         36.4374 -> 36.4874
36757,3 fw Controll.static LEKCBKLAILO         36.4874 -> 36.5374
36764,2 fw Controll.static GIPNIMALPEG          0.2479 -> 0.6768
36789,2 fw Controll.static GIPNIMALPEG          0.6768 -> 0.1766
36802,9 fw player          LNIDBHIAJJI               4 -> 5
36802,9 fw player          CLOEJLAOIGI               1 -> 0
36802,9 fw Controll.static MKFDGFOCKNO         36.4874 -> 36.5375
36802,9 fw Controll.static LEKCBKLAILO         36.5374 -> 36.5875
36803,0 fw Controll.static OFJKHAFJIMA          0.0029 -> 0.0087
36810,3 fw Controll.static GIPNIMALPEG          0.1766 -> 0.6003
36837,2 fw Controll.static GIPNIMALPEG          0.6003 -> 0.1376
36837,2 fw Controll.static LCMOBPPHLLM           0.485 -> 0
36854,2 fw Controll.static MKFDGFOCKNO         36.5375 -> 36.5875
36854,2 fw Controll.static LEKCBKLAILO         36.5875 -> 36.6375
36854,2 fw Controll.static OFJKHAFJIMA          0.0087 -> 0.0067
36858,2 fw Controll.static GIPNIMALPEG          0.1376 -> 0.5583
36886,0 fw Controll.static GIPNIMALPEG          0.5583 -> 0.1121
36902,6 fw Controll.static MKFDGFOCKNO         36.5875 -> 36.6375
36902,6 fw Controll.static LEKCBKLAILO         36.6375 -> 36.6875
36902,6 fw Controll.static OFJKHAFJIMA          0.0067 -> 0.0054
36906,3 fw Controll.static GIPNIMALPEG          0.1121 -> 0.519
36937,5 fw Controll.static GIPNIMALPEG           0.519 -> 0.1438
36953,4 fw Controll.static MKFDGFOCKNO         36.6375 -> 36.6875
36953,4 fw Controll.static LEKCBKLAILO         36.6875 -> 36.7375
36953,4 fw Controll.static OFJKHAFJIMA          0.0054 -> 0.007
36957,6 fw Controll.static GIPNIMALPEG          0.1438 -> 0.5448
36985,6 fw Controll.static GIPNIMALPEG          0.5448 -> 0.1054
37002,6 fw Controll.static MKFDGFOCKNO         36.6875 -> 36.7375
37002,6 fw Controll.static LEKCBKLAILO         36.7375 -> 36.7875
37002,6 fw Controll.static OFJKHAFJIMA           0.007 -> 0.0051
37019,6 fw Controll.static GIPNIMALPEG          0.1054 -> 0.7862
37023,3 # net: TcpClient.Connected = True
37036,7 fw Controll.static OFJKHAFJIMA          0.0051 -> 0.0062
37040,9 fw Controll.static GIPNIMALPEG          0.7862 -> 0.211
37056,9 fw Controll.static MKFDGFOCKNO         36.7375 -> 36.7875
37056,9 fw Controll.static LEKCBKLAILO         36.7875 -> 36.8375
37069,5 fw Controll.static GIPNIMALPEG           0.211 -> 0.7832
37085,3 fw Controll.static MKFDGFOCKNO         36.7875 -> 36.8375
37085,3 fw Controll.static LEKCBKLAILO         36.8375 -> 36.8875
37085,3 fw Controll.static OFJKHAFJIMA          0.0062 -> 0.0048
37090,4 fw Controll.static GIPNIMALPEG          0.7832 -> 0.2002
37116,4 fw Controll.static GIPNIMALPEG          0.2002 -> 0.7207
37132,9 fw Controll.static MKFDGFOCKNO         36.8375 -> 36.8875
37132,9 fw Controll.static LEKCBKLAILO         36.8875 -> 36.9375
37132,9 fw Controll.static OFJKHAFJIMA          0.0048 -> 0.0023
37137,7 fw Controll.static GIPNIMALPEG          0.7207 -> 0.1476
37160,3 fw Controll.static GIPNIMALPEG          0.1476 -> 0.5996
37185,5 fw Controll.static GIPNIMALPEG          0.5996 -> 0.1026
37202,2 fw Controll.static MKFDGFOCKNO         36.8875 -> 36.9375
37202,2 fw Controll.static LEKCBKLAILO         36.9375 -> 36.9875
37202,2 fw Controll.static OFJKHAFJIMA          0.0023 -> 0.0049
37205,7 fw Controll.static GIPNIMALPEG          0.1026 -> 0.5064
37236,0 fw Controll.static GIPNIMALPEG          0.5064 -> 0.1123
37252,3 fw Controll.static MKFDGFOCKNO         36.9375 -> 36.9875
37252,3 fw Controll.static LEKCBKLAILO         36.9875 -> 37.0375
37252,3 fw Controll.static OFJKHAFJIMA          0.0049 -> 0.0055
37257,1 ==== FIELDWATCH OFF ====
